node1,node2,startLoc,endLoc,length,endNodeL,startNodeL,startYear,endYear,tipLabel,endLon,endLat
3115,3116,REU.3.5_1,REU.3.5_1,0.0741906508742922,0.0741906508742922,0,2024.54704711902,2024.6212377699,NA,NA,NA
3115,4908,REU.3.5_1,REU.3.5_1,0.065129910782242,0.065129910782242,0,2024.54704711902,2024.6121770298,NA,NA,NA
4908,1,REU.3.5_1,REU.3.5_1,0.00530930899452409,0.070439219776766,0.065129910782242,2024.6121770298,2024.6174863388,CHIKV_RUN_S06b01_2024,55.222994,-21.03531
3116,3195,REU.3.5_1,REU.3.5_1,0.0230965968750431,0.0972872477493353,0.0741906508742922,2024.6212377699,2024.64433436677,NA,NA,NA
3116,3117,REU.3.5_1,REU.3.5_1,0.0245297511079248,0.098720401982217,0.0741906508742922,2024.6212377699,2024.645767521,NA,NA,NA
3195,2,REU.3.5_1,REU.3.5_1,0.00867109771052565,0.105958345459861,0.0972872477493353,2024.64433436677,2024.65300546448,CHIKV_RUN_S2b92_2024,55.222994,-21.03531
3117,3118,REU.3.5_1,REU.3.5_1,0.0195016308110143,0.118222032793231,0.098720401982217,2024.645767521,2024.66526915181,NA,NA,NA
3195,3196,REU.3.5_1,REU.3.5_1,0.0249271989882415,0.122214446737577,0.0972872477493353,2024.64433436677,2024.66926156576,NA,NA,NA
3118,2588,REU.3.5_1,REU.3.5_1,0.00686199572674018,0.125084028519971,0.118222032793231,2024.66526915181,2024.67213114754,CHIKV_RUN_S2b93_2024,55.223179,-21.035738
4908,4909,REU.3.5_1,REU.3.5_1,0.0630290935493859,0.128159004331628,0.065129910782242,2024.6121770298,2024.67520612335,NA,NA,NA
4909,6136,REU.3.5_1,REU.3.5_1,0.0121796406057565,0.140338644937384,0.128159004331628,2024.67520612335,2024.68738576396,NA,NA,NA
6136,3114,REU.3.5_1,REU.3.5_1,0.00933554751694998,0.149674192454334,0.140338644937384,2024.68738576396,2024.69672131148,CHIKV_RUN_S3b83_2024,55.222489,-21.036097
3117,1769,REU.3.5_1,REU.3.4_1,0.0618827522208494,0.160603154203066,0.098720401982217,2024.645767521,2024.70765027322,CHIKV_RUN_S3b82_2024,55.288681,-21.171711
3196,2399,REU.3.5_1,REU.3.5_1,0.0657111118369786,0.187925558574555,0.122214446737577,2024.66926156576,2024.7349726776,CHIKV_RUN_S12b41_2024,55.224204,-21.078267
4909,4910,REU.3.5_1,REU.3.1_1,0.068334236803424,0.196493241135052,0.128159004331628,2024.67520612335,2024.74354036016,NA,NA,NA
4910,5155,REU.3.1_1,REU.3.1_1,0.0125221066854279,0.20901534782048,0.196493241135052,2024.74354036016,2024.75606246684,NA,NA,NA
3196,3197,REU.3.5_1,REU.4.3_1,0.0923238915500901,0.214538338287667,0.122214446737577,2024.66926156576,2024.76158545731,NA,NA,NA
3197,4592,REU.4.3_1,REU.4.3_1,0.00801245925547411,0.222550797543141,0.214538338287667,2024.76158545731,2024.76959791656,NA,NA,NA
5155,5156,REU.3.1_1,REU.3.1_1,0.02114018451793,0.23015553233841,0.20901534782048,2024.75606246684,2024.77720265136,NA,NA,NA
4592,4670,REU.4.3_1,REU.4.3_1,0.00770442724173859,0.23025522478488,0.222550797543141,2024.76959791656,2024.77730234381,NA,NA,NA
5156,5217,REU.3.1_1,REU.3.1_1,0.000438947890830543,0.23059448022924,0.23015553233841,2024.77720265136,2024.77764159925,NA,NA,NA
5155,5711,REU.3.1_1,REU.3.1_1,0.0269568882246086,0.235972236045088,0.20901534782048,2024.75606246684,2024.78301935507,NA,NA,NA
4670,4671,REU.4.3_1,REU.4.3_1,0.0116950587888975,0.241950283573777,0.23025522478488,2024.77730234381,2024.78899740259,NA,NA,NA
4671,4672,REU.4.3_1,REU.4.3_1,0.000169412780071987,0.242119696353849,0.241950283573777,2024.78899740259,2024.78916681537,NA,NA,NA
4910,4911,REU.3.1_1,REU.3.1_1,0.0652778577722003,0.261771098907252,0.196493241135052,2024.74354036016,2024.80881821793,NA,NA,NA
4672,4690,REU.4.3_1,REU.3.5_1,0.0222600000325923,0.264379696386441,0.242119696353849,2024.78916681537,2024.81142681541,NA,NA,NA
5217,5218,REU.3.1_1,REU.3.1_1,0.0357387929311458,0.266333273160386,0.23059448022924,2024.77764159925,2024.81338039218,NA,NA,NA
5711,2587,REU.3.1_1,REU.3.5_1,0.0311882952070354,0.267160531252124,0.235972236045088,2024.78301935507,2024.81420765027,CHIKV_RUN_S4b3_2024,55.231193,-21.051375
5218,5317,REU.3.1_1,REU.3.1_1,0.00127285407886102,0.267606127239247,0.266333273160386,2024.81338039218,2024.81465324626,NA,NA,NA
5711,5712,REU.3.1_1,REU.3.1_1,0.0331517174411575,0.269123953486246,0.235972236045088,2024.78301935507,2024.81617107251,NA,NA,NA
3118,3119,REU.3.5_1,REU.3.1_1,0.150976790710357,0.269198823503589,0.118222032793231,2024.66526915181,2024.81624594252,NA,NA,NA
3197,3198,REU.4.3_1,REU.4.3_1,0.0594843833229983,0.274022721610665,0.214538338287667,2024.76158545731,2024.82106984063,NA,NA,NA
6136,6137,REU.3.5_1,REU.3.1_1,0.136611225481249,0.276949870418633,0.140338644937384,2024.68738576396,2024.82399698944,NA,NA,NA
3198,3199,REU.4.3_1,REU.4.3_1,0.00471734118781131,0.278740062798477,0.274022721610665,2024.82106984063,2024.82578718182,NA,NA,NA
5317,5447,REU.3.1_1,REU.3.1_1,0.0178729339360302,0.285479061175277,0.267606127239247,2024.81465324626,2024.8325261802,NA,NA,NA
5712,5713,REU.3.1_1,REU.3.1_1,0.0172727917646828,0.286396745250929,0.269123953486246,2024.81617107251,2024.83344386427,NA,NA,NA
4671,4783,REU.4.3_1,REU.4.3_1,0.0503341372994343,0.292284420873211,0.241950283573777,2024.78899740259,2024.83933153989,NA,NA,NA
3199,3837,REU.4.3_1,REU.4.3_1,0.0138160407787481,0.292556103577225,0.278740062798477,2024.82578718182,2024.8396032226,NA,NA,NA
5317,5318,REU.3.1_1,REU.3.1_1,0.0256983219322804,0.293304449171527,0.267606127239247,2024.81465324626,2024.84035156819,NA,NA,NA
3837,3838,REU.4.3_1,REU.4.3_1,0.0020786447766683,0.294634748353893,0.292556103577225,2024.8396032226,2024.84168186737,NA,NA,NA
4690,637,REU.3.5_1,REU.3.5_1,0.0328354796745248,0.297215176060966,0.264379696386441,2024.81142681541,2024.84426229508,CHIKV_RUN_S5b01_2024,55.223821,-21.079274
3199,3200,REU.4.3_1,REU.4.3_1,0.0188090255064617,0.297549088304938,0.278740062798477,2024.82578718182,2024.84459620733,NA,NA,NA
5712,5880,REU.3.1_1,REU.3.1_1,0.0306538879939414,0.299777841480187,0.269123953486246,2024.81617107251,2024.8468249605,NA,NA,NA
5880,5881,REU.3.1_1,REU.3.1_1,0.000635926690319089,0.300413768170506,0.299777841480187,2024.8468249605,2024.84746088719,NA,NA,NA
5318,5319,REU.3.1_1,REU.3.1_1,0.00777750822276146,0.301081957394289,0.293304449171527,2024.84035156819,2024.84812907642,NA,NA,NA
4783,4817,REU.4.3_1,REU.4.3_1,0.0121207335767919,0.304405154450003,0.292284420873211,2024.83933153989,2024.85145227347,NA,NA,NA
5881,5898,REU.3.1_1,REU.3.1_1,0.00503934816106633,0.305453116331573,0.300413768170506,2024.84746088719,2024.85250023535,NA,NA,NA
3838,4004,REU.4.3_1,REU.4.3_1,0.0127237364782748,0.307358484832168,0.294634748353893,2024.84168186737,2024.85440560385,NA,NA,NA
3837,4032,REU.4.3_1,REU.4.3_1,0.0186838309591157,0.31123993453634,0.292556103577225,2024.8396032226,2024.85828705356,NA,NA,NA
4911,4912,REU.3.1_1,REU.3.1_1,0.05308097658183,0.314852075489082,0.261771098907252,2024.80881821793,2024.86189919451,NA,NA,NA
4912,4913,REU.3.1_1,REU.3.1_1,0.00185081385919816,0.31670288934828,0.314852075489082,2024.86189919451,2024.86375000837,NA,NA,NA
3119,3159,REU.3.1_1,REU.3.1_1,0.0490505926901799,0.318249416193768,0.269198823503589,2024.81624594252,2024.86529653521,NA,NA,NA
5898,5899,REU.3.1_1,REU.3.1_1,0.0137352806917101,0.319188397023283,0.305453116331573,2024.85250023535,2024.86623551604,NA,NA,NA
4670,4896,REU.4.3_1,REU.3.5_1,0.0892508697854276,0.319506094570307,0.23025522478488,2024.77730234381,2024.86655321359,NA,NA,NA
6137,6138,REU.3.1_1,REU.3.1_1,0.0429512534294787,0.319901123848112,0.276949870418633,2024.82399698944,2024.86694824287,NA,NA,NA
4896,1699,REU.3.5_1,REU.3.5_1,0.00229924542502191,0.321805339995329,0.319506094570307,2024.86655321359,2024.86885245902,CHIKV_RUN_S5b06_2024,55.225315,-21.079569
5881,5882,REU.3.1_1,REU.3.1_1,0.0230926832109865,0.323506451381493,0.300413768170506,2024.84746088719,2024.8705535704,NA,NA,NA
3198,4187,REU.4.3_1,REU.4.3_1,0.0520998504056672,0.326122572016332,0.274022721610665,2024.82106984063,2024.87316969104,NA,NA,NA
6137,6143,REU.3.1_1,REU.3.1_1,0.0495390451645774,0.32648891558321,0.276949870418633,2024.82399698944,2024.8735360346,NA,NA,NA
4032,1755,REU.4.3_1,REU.4.3_1,0.0160298863332411,0.327269820869581,0.31123993453634,2024.85828705356,2024.87431693989,CHIKV_RUN_S12b01_2024,55.507669,-21.286309
5447,5510,REU.3.1_1,REU.3.1_1,0.042272167305056,0.327751228480333,0.285479061175277,2024.8325261802,2024.8747983475,NA,NA,NA
5713,5714,REU.3.1_1,REU.3.1_1,0.0431621278807953,0.329558873131724,0.286396745250929,2024.83344386427,2024.87660599215,NA,NA,NA
4592,4593,REU.4.3_1,REU.4.3_1,0.107072999317247,0.329623796860388,0.222550797543141,2024.76959791656,2024.87667091588,NA,NA,NA
5898,6130,REU.3.1_1,REU.3.1_1,0.0249952556570834,0.330448371988656,0.305453116331573,2024.85250023535,2024.87749549101,NA,NA,NA
5899,1919,REU.3.1_1,REU.3.1_1,0.0135459047207783,0.332734301744061,0.319188397023283,2024.86623551604,2024.87978142077,CHIKV_RUN_S5b09_2024,55.365166,-21.257606
5318,5413,REU.3.1_1,REU.3.1_1,0.039837001540025,0.333141450711552,0.293304449171527,2024.84035156819,2024.88018856973,NA,NA,NA
6143,6204,REU.3.1_1,REU.3.1_1,0.00756908925992472,0.334058004843135,0.32648891558321,2024.8735360346,2024.88110512386,NA,NA,NA
3200,3403,REU.4.3_1,REU.4.3_1,0.0365512831554514,0.33410037146039,0.297549088304938,2024.84459620733,2024.88114749048,NA,NA,NA
5510,5511,REU.3.1_1,REU.3.1_1,0.0066315550092193,0.334382783489553,0.327751228480333,2024.8747983475,2024.88142990251,NA,NA,NA
3403,3609,REU.4.3_1,REU.4.3_1,0.000786199604773108,0.334886571065163,0.33410037146039,2024.88114749048,2024.88193369009,NA,NA,NA
5217,5674,REU.3.1_1,REU.3.1_1,0.109465355121837,0.340059835351078,0.23059448022924,2024.77764159925,2024.88710695437,NA,NA,NA
4817,4833,REU.4.3_1,REU.4.3_1,0.0357167438263729,0.340121898276376,0.304405154450003,2024.85145227347,2024.8871690173,NA,NA,NA
4913,4914,REU.3.1_1,REU.3.1_1,0.0237801500759321,0.340483039424212,0.31670288934828,2024.86375000837,2024.88753015845,NA,NA,NA
3403,3404,REU.4.3_1,REU.4.3_1,0.0078255954371923,0.341925966897582,0.33410037146039,2024.88114749048,2024.88897308592,NA,NA,NA
4187,4188,REU.4.3_1,REU.4.3_1,0.0160794637815919,0.342202035797924,0.326122572016332,2024.87316969104,2024.88924915482,NA,NA,NA
5714,5715,REU.3.1_1,REU.3.1_1,0.0134210704199407,0.342979943551665,0.329558873131724,2024.87660599215,2024.89002706257,NA,NA,NA
4004,4005,REU.4.3_1,REU.4.3_1,0.036096668252805,0.343455153084973,0.307358484832168,2024.85440560385,2024.89050227211,NA,NA,NA
3200,3201,REU.4.3_1,REU.4.3_1,0.0463771391615203,0.343926227466459,0.297549088304938,2024.84459620733,2024.89097334649,NA,NA,NA
4188,4418,REU.4.3_1,REU.4.3_1,0.00202474491316196,0.344226780711086,0.342202035797924,2024.88924915482,2024.89127389973,NA,NA,NA
5880,2701,REU.3.1_1,REU.3.1_1,0.0466176624495047,0.346395503929692,0.299777841480187,2024.8468249605,2024.89344262295,CHIKV_RUN_S8b03_2024,55.367555,-21.25695
3609,3610,REU.4.3_1,REU.4.3_1,0.0121403104882459,0.347026881553409,0.334886571065163,2024.88193369009,2024.89407400057,NA,NA,NA
4005,4030,REU.4.3_1,REU.4.3_1,0.00383827681022564,0.347293429895198,0.343455153084973,2024.89050227211,2024.89434054892,NA,NA,NA
6143,6144,REU.3.1_1,REU.3.1_1,0.021435502361367,0.347924417944577,0.32648891558321,2024.8735360346,2024.89497153697,NA,NA,NA
4913,5088,REU.3.1_1,REU.3.1_1,0.0314930064215876,0.348195895769868,0.31670288934828,2024.86375000837,2024.89524301479,NA,NA,NA
5511,5512,REU.3.1_1,REU.3.1_1,0.0147118863855041,0.349094669875057,0.334382783489553,2024.88142990251,2024.8961417889,NA,NA,NA
4187,4578,REU.4.3_1,REU.4.3_1,0.0237200914040979,0.34984266342043,0.326122572016332,2024.87316969104,2024.89688978244,NA,NA,NA
4418,4419,REU.4.3_1,REU.4.3_1,0.00686015638050774,0.351086937091594,0.344226780711086,2024.89127389973,2024.89813405611,NA,NA,NA
5511,5538,REU.3.1_1,REU.3.1_1,0.0168546885577034,0.351237472047256,0.334382783489553,2024.88142990251,2024.89828459107,NA,NA,NA
3201,3202,REU.4.3_1,REU.4.3_1,0.00780024722390105,0.35172647469036,0.343926227466459,2024.89097334649,2024.89877359371,NA,NA,NA
5538,2703,REU.3.1_1,REU.3.1_1,0.000622512756915716,0.351859984804172,0.351237472047256,2024.89828459107,2024.89890710383,CHIKV_RUN_S8b01_2024,55.365339,-21.256825
4914,4915,REU.3.1_1,REU.3.1_1,0.0116718766807696,0.352154916104982,0.340483039424212,2024.88753015845,2024.89920203513,NA,NA,NA
6138,6139,REU.3.1_1,REU.3.1_1,0.0326109431972662,0.352512067045378,0.319901123848112,2024.86694824287,2024.89955918607,NA,NA,NA
5899,5900,REU.3.1_1,REU.3.1_1,0.033811285499208,0.352999682522491,0.319188397023283,2024.86623551604,2024.90004680154,NA,NA,NA
5900,6100,REU.3.1_1,REU.3.1_1,4.39179632729658e-05,0.353043600485764,0.352999682522491,2024.90004680154,2024.90009071951,NA,NA,NA
5900,5901,REU.3.1_1,REU.3.1_1,0.000733586528489427,0.35373326905098,0.352999682522491,2024.90004680154,2024.90078038807,NA,NA,NA
5447,5448,REU.3.1_1,REU.3.1_1,0.0698367696613934,0.355315830836671,0.285479061175277,2024.8325261802,2024.90236294986,NA,NA,NA
4915,2400,REU.3.1_1,REU.3.1_1,0.00516954957344196,0.357324465678424,0.352154916104982,2024.89920203513,2024.9043715847,CHIKV_RUN_S8b06_2024,55.364925,-21.256758
5510,5673,REU.3.1_1,REU.3.1_1,0.0301948762157549,0.357946104696088,0.327751228480333,2024.8747983475,2024.90499322372,NA,NA,NA
5538,5539,REU.3.1_1,REU.3.1_1,0.00679806517211079,0.358035537219367,0.351237472047256,2024.89828459107,2024.90508265624,NA,NA,NA
5539,5540,REU.3.1_1,REU.3.1_1,0.00104432790080233,0.359079865120169,0.358035537219367,2024.90508265624,2024.90612698414,NA,NA,NA
3838,3839,REU.4.3_1,REU.4.3_1,0.0646932698844085,0.359328018238301,0.294634748353893,2024.84168186737,2024.90637513726,NA,NA,NA
5088,5089,REU.3.1_1,REU.3.1_1,0.0116294760007249,0.359825371770593,0.348195895769868,2024.89524301479,2024.90687249079,NA,NA,NA
3404,3405,REU.4.3_1,REU.4.3_1,0.0179700480475157,0.359896014945098,0.341925966897582,2024.88897308592,2024.90694313397,NA,NA,NA
5901,5927,REU.3.1_1,REU.3.1_1,0.00684573712697423,0.360579006177954,0.35373326905098,2024.90078038807,2024.9076261252,NA,NA,NA
4833,4868,REU.4.3_1,REU.4.3_1,0.0204897589611485,0.360611657237525,0.340121898276376,2024.8871690173,2024.90765877626,NA,NA,NA
4578,4581,REU.4.3_1,REU.4.3_1,0.0112986702429395,0.36114133366337,0.34984266342043,2024.89688978244,2024.90818845268,NA,NA,NA
3839,3840,REU.4.3_1,REU.4.3_1,0.00199212462706011,0.361320142865362,0.359328018238301,2024.90637513726,2024.90836726189,NA,NA,NA
6100,6101,REU.3.1_1,REU.3.1_1,0.0087248563527963,0.36176845683856,0.353043600485764,2024.90009071951,2024.90881557586,NA,NA,NA
5540,5541,REU.3.1_1,REU.3.1_1,0.00302843085827753,0.362108295978447,0.359079865120169,2024.90612698414,2024.909155415,NA,NA,NA
4868,1768,REU.4.3_1,REU.4.3_1,0.00217728931515171,0.362788946552676,0.360611657237525,2024.90765877626,2024.90983606557,CHIKV_RUN_S8b04_2024,55.55342,-21.215457
5156,5157,REU.3.1_1,REU.3.1_1,0.134664796582445,0.364820328920855,0.23015553233841,2024.77720265136,2024.91186744794,NA,NA,NA
6138,2003,REU.3.1_1,REU.3.1_1,0.0456200631416909,0.365521186989803,0.319901123848112,2024.86694824287,2024.91256830601,CHIKV_RUN_S8b07_2024,55.3668,-21.2598
3840,3940,REU.4.3_1,REU.4.3_1,0.0055715953580947,0.366891738223456,0.361320142865362,2024.90836726189,2024.91393885724,NA,NA,NA
5539,5585,REU.3.1_1,REU.3.1_1,0.00958542510147364,0.36762096232084,0.358035537219367,2024.90508265624,2024.91466808134,NA,NA,NA
5319,5320,REU.3.1_1,REU.3.4_1,0.0668523746648784,0.367934332059167,0.301081957394289,2024.84812907642,2024.91498145108,NA,NA,NA
5088,5107,REU.3.1_1,REU.3.1_1,0.020208060117739,0.368403955887607,0.348195895769868,2024.89524301479,2024.91545107491,NA,NA,NA
5674,5675,REU.3.1_1,REU.3.1_1,0.0292912159513481,0.369351051302426,0.340059835351078,2024.88710695437,2024.91639817032,NA,NA,NA
3202,3203,REU.4.3_1,REU.4.3_1,0.018265732178708,0.369992206869068,0.35172647469036,2024.89877359371,2024.91703932589,NA,NA,NA
3203,3340,REU.4.3_1,REU.4.3_1,1.68756023146699e-05,0.370009082471382,0.369992206869068,2024.91703932589,2024.91705620149,NA,NA,NA
4914,4942,REU.3.1_1,REU.3.1_1,0.0296777031046893,0.370160742528902,0.340483039424212,2024.88753015845,2024.91720786155,NA,NA,NA
5413,5414,REU.3.1_1,REU.3.1_1,0.0376578381266038,0.370799288838156,0.333141450711552,2024.88018856973,2024.91784640786,NA,NA,NA
4942,4943,REU.3.1_1,REU.3.1_1,0.000684515731338875,0.370845258260241,0.370160742528902,2024.91720786155,2024.91789237728,NA,NA,NA
4004,266,REU.4.3_1,REU.4.3_1,0.0636271830321145,0.370985667864282,0.307358484832168,2024.85440560385,2024.91803278689,CHIKV_RUN_S12b56_2024,55.50965,-21.285721
5157,5158,REU.3.1_1,REU.3.1_1,0.00687504949738393,0.371695378418239,0.364820328920855,2024.91186744794,2024.91874249744,NA,NA,NA
4915,4916,REU.3.1_1,REU.3.1_1,0.019643053935138,0.37179797004012,0.352154916104982,2024.89920203513,2024.91884508906,NA,NA,NA
5673,1818,REU.3.1_1,REU.3.1_1,0.0157718036053203,0.373717908301408,0.357946104696088,2024.90499322372,2024.92076502732,CHIKV_RUN_S8b10_2024,55.366226,-21.25806
3119,3120,REU.3.1_1,REU.3.1_1,0.104557581469759,0.373756404973347,0.269198823503589,2024.81624594252,2024.92080352399,NA,NA,NA
5089,5090,REU.3.1_1,REU.3.1_1,0.0149599037760784,0.374785275546671,0.359825371770593,2024.90687249079,2024.92183239457,NA,NA,NA
5319,5393,REU.3.1_1,REU.3.1_1,0.0738004212418993,0.374882378636188,0.301081957394289,2024.84812907642,2024.92192949766,NA,NA,NA
3405,3507,REU.4.3_1,REU.4.3_1,0.0160417117689602,0.375937726714058,0.359896014945098,2024.90694313397,2024.92298484574,NA,NA,NA
5882,1814,REU.3.1_1,REU.4.6_1,0.0529436973570417,0.376450148738535,0.323506451381493,2024.8705535704,2024.92349726776,CHIKV_RUN_S8b13_2024,55.450236,-21.274307
6204,2735,REU.3.1_1,REU.3.1_1,0.0423921438953995,0.376450148738535,0.334058004843135,2024.88110512386,2024.92349726776,CHIKV_RUN_S12b70_2024,55.36742,-21.260008
6101,6102,REU.3.1_1,REU.3.1_1,0.0149442255220382,0.376712682360598,0.36176845683856,2024.90881557586,2024.92375980138,NA,NA,NA
4593,4651,REU.4.3_1,REU.4.3_1,0.0472657793201875,0.376889576180576,0.329623796860388,2024.87667091588,2024.9239366952,NA,NA,NA
3405,3406,REU.4.3_1,REU.4.3_1,0.0173908536923296,0.377286868637427,0.359896014945098,2024.90694313397,2024.92433398766,NA,NA,NA
5927,5928,REU.3.1_1,REU.3.1_1,0.0172873868047061,0.377866392982661,0.360579006177954,2024.9076261252,2024.924913512,NA,NA,NA
6130,6135,REU.3.1_1,REU.3.1_1,0.0481495510566087,0.378597923045265,0.330448371988656,2024.87749549101,2024.92564504207,NA,NA,NA
5928,5969,REU.3.1_1,REU.3.1_1,0.00109216561215242,0.378958558594813,0.377866392982661,2024.924913512,2024.92600567762,NA,NA,NA
5107,2702,REU.3.1_1,REU.3.1_1,0.0107784332880538,0.379182389175661,0.368403955887607,2024.91545107491,2024.9262295082,CHIKV_RUN_S12b75_2024,55.366999,-21.260304
6102,2642,REU.3.1_1,REU.3.1_1,0.00246970681506242,0.379182389175661,0.376712682360598,2024.92375980138,2024.9262295082,CHIKV_RUN_S12b57_2024,55.375341,-21.265219
5585,5586,REU.3.1_1,REU.3.1_1,0.0121132178278708,0.379734180148711,0.36762096232084,2024.91466808134,2024.92678129917,NA,NA,NA
5586,5587,REU.3.1_1,REU.3.1_1,0.000500525663315265,0.380234705812026,0.379734180148711,2024.92678129917,2024.92728182483,NA,NA,NA
6139,6142,REU.3.1_1,REU.3.1_1,0.0279288826589391,0.380440949704317,0.352512067045378,2024.89955918607,2024.92748806873,NA,NA,NA
5585,5644,REU.3.1_1,REU.3.1_1,0.0129630781211361,0.380584040441976,0.36762096232084,2024.91466808134,2024.92763115946,NA,NA,NA
5448,5495,REU.3.1_1,REU.3.1_1,0.0262713160233427,0.381587146860013,0.355315830836671,2024.90236294986,2024.92863426588,NA,NA,NA
4188,4189,REU.4.3_1,REU.4.3_1,0.0393875974710985,0.381589633269023,0.342202035797924,2024.88924915482,2024.92863675229,NA,NA,NA
5393,5394,REU.3.1_1,REU.3.1_1,0.00702573367151538,0.381908112307704,0.374882378636188,2024.92192949766,2024.92895523133,NA,NA,NA
5393,1771,REU.3.1_1,REU.3.1_1,0.00703225097659865,0.381914629612787,0.374882378636188,2024.92192949766,2024.92896174863,CHIKV_RUN_S8b15_2024,55.366468,-21.260281
6135,2736,REU.3.1_1,REU.3.1_1,0.00331670656752214,0.381914629612787,0.378597923045265,2024.92564504207,2024.92896174863,CHIKV_RUN_S8b14_2024,55.3668,-21.2598
3507,3511,REU.4.3_1,REU.4.3_1,0.00633569503540798,0.382273421749466,0.375937726714058,2024.92298484574,2024.92932054077,NA,NA,NA
4943,4944,REU.3.1_1,REU.3.1_1,0.0115190303311548,0.382364288591395,0.370845258260241,2024.91789237728,2024.92941140761,NA,NA,NA
5969,5970,REU.3.1_1,REU.3.4_1,0.00444970289540825,0.383408261490221,0.378958558594813,2024.92600567762,2024.93045538051,NA,NA,NA
5970,5971,REU.3.4_1,REU.3.4_1,8.59602680414184e-06,0.383416857517025,0.383408261490221,2024.93045538051,2024.93046397654,NA,NA,NA
3840,3841,REU.4.3_1,REU.4.3_1,0.0221772239989273,0.383497366864289,0.361320142865362,2024.90836726189,2024.93054448589,NA,NA,NA
6144,6145,REU.3.1_1,REU.3.1_1,0.0356078821387668,0.383532300083344,0.347924417944577,2024.89497153697,2024.9305794191,NA,NA,NA
4911,5108,REU.3.1_1,REU.3.1_1,0.122514017026364,0.384285115933616,0.261771098907252,2024.80881821793,2024.93133223495,NA,NA,NA
3340,3341,REU.4.3_1,REU.4.3_1,0.0144783895583823,0.384487472029765,0.370009082471382,2024.91705620149,2024.93153459105,NA,NA,NA
6101,3088,REU.3.1_1,REU.3.1_1,0.022878413211353,0.384646870049913,0.36176845683856,2024.90881557586,2024.93169398907,CHIKV_RUN_S8b17_2024,55.367306,-21.258026
5158,63,REU.3.1_1,REU.3.1_1,0.0129514916316742,0.384646870049913,0.371695378418239,2024.91874249744,2024.93169398907,CHIKV_RUN_S12b81_2024,55.366316,-21.258659
3406,3407,REU.4.3_1,REU.4.3_1,0.00742819158258023,0.384715060220007,0.377286868637427,2024.92433398766,2024.93176217924,NA,NA,NA
4942,5037,REU.3.1_1,REU.3.1_1,0.0150782563137433,0.385238998842645,0.370160742528902,2024.91720786155,2024.93228611786,NA,NA,NA
6144,6151,REU.3.1_1,REU.3.1_1,0.0379549830237474,0.385879400968325,0.347924417944577,2024.89497153697,2024.93292651999,NA,NA,NA
3511,3543,REU.4.3_1,REU.4.3_1,0.0037663039680047,0.38603972571747,0.382273421749466,2024.92932054077,2024.93308684474,NA,NA,NA
3841,3842,REU.4.3_1,REU.4.3_1,0.00288357477502577,0.386380941639315,0.383497366864289,2024.93054448589,2024.93342806066,NA,NA,NA
5644,5657,REU.3.1_1,REU.3.1_1,0.00618437064027655,0.386768411082253,0.380584040441976,2024.92763115946,2024.9338155301,NA,NA,NA
3404,3547,REU.4.3_1,REU.4.3_1,0.0448669870553974,0.386792953952979,0.341925966897582,2024.88897308592,2024.93384007297,NA,NA,NA
6130,6131,REU.3.1_1,REU.3.1_1,0.0578876249158816,0.388335996904538,0.330448371988656,2024.87749549101,2024.93538311593,NA,NA,NA
3159,3160,REU.3.1_1,REU.3.1_1,0.0704309331206059,0.388680349314374,0.318249416193768,2024.86529653521,2024.93572746834,NA,NA,NA
3120,3121,REU.3.1_1,REU.3.1_1,0.0150584746287065,0.388814879602054,0.373756404973347,2024.92080352399,2024.93586199862,NA,NA,NA
5090,5095,REU.3.1_1,REU.3.1_1,0.0150415884380685,0.38982686398474,0.374785275546671,2024.92183239457,2024.93687398301,NA,NA,NA
3203,3204,REU.4.3_1,REU.4.3_1,0.0207469530632579,0.390739159932325,0.369992206869068,2024.91703932589,2024.93778627895,NA,NA,NA
3507,3508,REU.4.3_1,REU.4.3_1,0.0155984645822999,0.391536191296358,0.375937726714058,2024.92298484574,2024.93858331032,NA,NA,NA
5037,5038,REU.3.1_1,REU.3.1_1,0.00704085387413367,0.392279852716779,0.385238998842645,2024.93228611786,2024.93932697174,NA,NA,NA
4868,4869,REU.4.3_1,REU.4.3_1,0.0322779994875002,0.392889656725025,0.360611657237525,2024.90765877626,2024.93993677575,NA,NA,NA
5089,5106,REU.3.1_1,REU.3.1_1,0.0339503222775698,0.393775694048163,0.359825371770593,2024.90687249079,2024.94082281307,NA,NA,NA
5714,5762,REU.3.1_1,REU.3.1_1,0.06479901560732,0.394357888739044,0.329558873131724,2024.87660599215,2024.94140500776,NA,NA,NA
4943,4974,REU.3.1_1,REU.3.1_1,0.0237028870191945,0.394548145279435,0.370845258260241,2024.91789237728,2024.9415952643,NA,NA,NA
5038,5039,REU.3.1_1,REU.3.1_1,0.00228558209149476,0.394565434808273,0.392279852716779,2024.93932697174,2024.94161255383,NA,NA,NA
3160,3161,REU.3.1_1,REU.3.1_1,0.00594226880675164,0.394622618121126,0.388680349314374,2024.93572746834,2024.94166973714,NA,NA,NA
5762,5763,REU.3.1_1,REU.3.1_1,0.000374709252091154,0.394732597991135,0.394357888739044,2024.94140500776,2024.94177971701,NA,NA,NA
4030,4031,REU.4.3_1,REU.4.3_1,0.0479124031564354,0.395205833051634,0.347293429895198,2024.89434054892,2024.94225295207,NA,NA,NA
6151,2669,REU.3.1_1,REU.3.1_1,0.00969643083032024,0.395575831798645,0.385879400968325,2024.93292651999,2024.94262295082,CHIKV_RUN_S12b78_2024,55.366999,-21.260304
3161,3192,REU.3.1_1,REU.3.1_1,0.00104903135327405,0.3956716494744,0.394622618121126,2024.94166973714,2024.9427187685,NA,NA,NA
3511,3512,REU.4.3_1,REU.4.3_1,0.0135560726823073,0.395829494431773,0.382273421749466,2024.92932054077,2024.94287661345,NA,NA,NA
5882,5883,REU.3.1_1,REU.3.1_1,0.0725997552992165,0.396106206680709,0.323506451381493,2024.8705535704,2024.9431533257,NA,NA,NA
5540,5554,REU.3.1_1,REU.3.1_1,0.0371814955916848,0.396261360711854,0.359079865120169,2024.90612698414,2024.94330847973,NA,NA,NA
4974,5010,REU.3.1_1,REU.3.1_1,0.00188797343445624,0.396436118713891,0.394548145279435,2024.9415952643,2024.94348323773,NA,NA,NA
5037,5048,REU.3.1_1,REU.3.1_1,0.012350719804989,0.397589718647634,0.385238998842645,2024.93228611786,2024.94463683767,NA,NA,NA
4005,4006,REU.4.3_1,REU.4.3_1,0.0544104868683953,0.397865639953368,0.343455153084973,2024.89050227211,2024.94491275897,NA,NA,NA
3204,3205,REU.4.3_1,REU.4.3_1,0.00714250269551464,0.39788166262784,0.390739159932325,2024.93778627895,2024.94492878165,NA,NA,NA
5969,3007,REU.3.1_1,REU.3.1_1,0.0193495136409583,0.398308072235771,0.378958558594813,2024.92600567762,2024.94535519126,CHIKV_RUN_S8b26_2024,55.367536,-21.255162
5495,2172,REU.3.1_1,REU.3.1_1,0.016720925375758,0.398308072235771,0.381587146860013,2024.92863426588,2024.94535519126,CHIKV_RUN_S12b63_2024,55.335646,-21.271694
4916,4917,REU.3.1_1,REU.3.1_1,0.0265319620171951,0.398329932057315,0.37179797004012,2024.91884508906,2024.94537705108,NA,NA,NA
5713,5783,REU.3.1_1,REU.3.1_1,0.112703692219052,0.399100437469981,0.286396745250929,2024.83344386427,2024.94614755649,NA,NA,NA
5157,5177,REU.3.1_1,REU.3.1_1,0.0347697426680823,0.399590071588937,0.364820328920855,2024.91186744794,2024.94663719061,NA,NA,NA
5883,5884,REU.3.1_1,REU.3.1_1,0.00400562125586357,0.400111827936573,0.396106206680709,2024.9431533257,2024.94715894696,NA,NA,NA
5095,5096,REU.3.1_1,REU.3.1_1,0.0109213163798013,0.400748180364541,0.38982686398474,2024.93687398301,2024.94779529939,NA,NA,NA
3547,3548,REU.4.3_1,REU.4.3_1,0.0140832304804184,0.400876184433398,0.386792953952979,2024.93384007297,2024.94792330345,NA,NA,NA
3543,363,REU.4.3_1,REU.4.8_1,0.0150005869554269,0.401040312672897,0.38603972571747,2024.93308684474,2024.94808743169,CHIKV_RUN_S12b54_2024,55.496277,-21.271636
5657,2589,REU.3.1_1,REU.3.1_1,0.0142719015906444,0.401040312672897,0.386768411082253,2024.9338155301,2024.94808743169,CHIKV_RUN_S9b19_2025,55.366333,-21.258894
5038,2293,REU.3.1_1,REU.3.1_1,0.00876045995611874,0.401040312672897,0.392279852716779,2024.93932697174,2024.94808743169,CHIKV_RUN_S8b25_2024,55.365547,-21.258072
3192,2241,REU.3.1_1,REU.3.1_1,0.00536866319849738,0.401040312672897,0.3956716494744,2024.9427187685,2024.94808743169,CHIKV_RUN_S8b24_2024,55.365547,-21.258072
3201,3356,REU.4.3_1,REU.4.3_1,0.0576319429500699,0.401558170416528,0.343926227466459,2024.89097334649,2024.94860528944,NA,NA,NA
5394,5396,REU.3.1_1,REU.3.1_1,0.0197442184813413,0.401652330789045,0.381908112307704,2024.92895523133,2024.94869944981,NA,NA,NA
5048,5049,REU.3.1_1,REU.3.1_1,0.0044020935844622,0.401991812232096,0.397589718647634,2024.94463683767,2024.94903893125,NA,NA,NA
4418,4494,REU.4.3_1,REU.4.3_1,0.0577743192361555,0.402001099947242,0.344226780711086,2024.89127389973,2024.94904821897,NA,NA,NA
5783,5819,REU.3.1_1,REU.3.1_1,0.00342679862247064,0.402527236092452,0.399100437469981,2024.94614755649,2024.94957435511,NA,NA,NA
5587,5588,REU.3.1_1,REU.3.1_1,0.0223321106753945,0.402566816487421,0.380234705812026,2024.92728182483,2024.94961393551,NA,NA,NA
3341,3353,REU.4.3_1,REU.4.3_1,0.0181344484329166,0.402621920462681,0.384487472029765,2024.93153459105,2024.94966903948,NA,NA,NA
4032,4033,REU.4.3_1,REU.4.3_1,0.091461180589563,0.402701115125903,0.31123993453634,2024.85828705356,2024.94974823415,NA,NA,NA
5413,2675,REU.3.1_1,REU.3.1_1,0.0706311023984711,0.403772553110024,0.333141450711552,2024.88018856973,2024.95081967213,CHIKV_RUN_S9b27_2025,55.365944,-21.258234
5396,2738,REU.3.1_1,REU.3.1_1,0.00212022232097864,0.403772553110024,0.401652330789045,2024.94869944981,2024.95081967213,CHIKV_RUN_S8b29_2024,55.367755,-21.255332
5927,6085,REU.3.1_1,REU.3.1_1,0.0437838863498006,0.404362892527755,0.360579006177954,2024.9076261252,2024.95141001155,NA,NA,NA
4916,4920,REU.3.1_1,REU.3.1_1,0.032648886301872,0.404446856341992,0.37179797004012,2024.91884508906,2024.95149397536,NA,NA,NA
5586,5591,REU.3.1_1,REU.3.1_1,0.0247403724593086,0.40447455260802,0.379734180148711,2024.92678129917,2024.95152167163,NA,NA,NA
6204,6205,REU.3.1_1,REU.3.1_1,0.0711725245128606,0.405230529355996,0.334058004843135,2024.88110512386,2024.95227764838,NA,NA,NA
4974,4975,REU.3.1_1,REU.3.1_1,0.0109292291497465,0.405477374429182,0.394548145279435,2024.9415952643,2024.95252449345,NA,NA,NA
3548,3566,REU.4.3_1,REU.4.3_1,0.00476324704999409,0.405639431483392,0.400876184433398,2024.94792330345,2024.9526865505,NA,NA,NA
5715,5716,REU.3.1_1,REU.3.1_1,0.0627070917212459,0.40568703527291,0.342979943551665,2024.89002706257,2024.95273415429,NA,NA,NA
3940,3941,REU.4.3_1,REU.4.3_1,0.0388365376879893,0.405728275911446,0.366891738223456,2024.91393885724,2024.95277539493,NA,NA,NA
6145,6146,REU.3.1_1,REU.3.1_1,0.0223776505930878,0.405909950676432,0.383532300083344,2024.9305794191,2024.9529570697,NA,NA,NA
3610,3679,REU.4.3_1,REU.4.3_1,0.0588914673360285,0.405918348889437,0.347026881553409,2024.89407400057,2024.95296546791,NA,NA,NA
5588,5590,REU.3.1_1,REU.3.1_1,0.00336689316278693,0.405933709650208,0.402566816487421,2024.94961393551,2024.95298082867,NA,NA,NA
6151,6152,REU.3.1_1,REU.4.8_1,0.0204607461002581,0.406340147068583,0.385879400968325,2024.93292651999,2024.95338726609,NA,NA,NA
5396,5397,REU.3.1_1,REU.3.1_1,0.00483384644998008,0.406486177239025,0.401652330789045,2024.94869944981,2024.95353329626,NA,NA,NA
5049,5050,REU.3.1_1,REU.3.1_1,0.00466401686966333,0.40665582910176,0.401991812232096,2024.94903893125,2024.95370294812,NA,NA,NA
5096,5097,REU.3.1_1,REU.3.1_1,0.00597725642628488,0.406725436790826,0.400748180364541,2024.94779529939,2024.95377255581,NA,NA,NA
5591,5619,REU.3.1_1,REU.3.1_1,0.00239894975172883,0.406873502359749,0.40447455260802,2024.95152167163,2024.95392062138,NA,NA,NA
5675,5676,REU.3.1_1,REU.3.1_1,0.0384126580799327,0.407763709382358,0.369351051302426,2024.91639817032,2024.9548108284,NA,NA,NA
3839,3994,REU.4.3_1,REU.4.3_1,0.0486347975537464,0.407962815792048,0.359328018238301,2024.90637513726,2024.95500993481,NA,NA,NA
5928,5929,REU.3.1_1,REU.3.1_1,0.0308349436087441,0.408701336591405,0.377866392982661,2024.924913512,2024.95574845561,NA,NA,NA
4672,4673,REU.4.3_1,REU.4.3_1,0.16679772392381,0.408917420277659,0.242119696353849,2024.78916681537,2024.9559645393,NA,NA,NA
5591,5592,REU.3.1_1,REU.3.1_1,0.00456971447024646,0.409044267078266,0.40447455260802,2024.95152167163,2024.9560913861,NA,NA,NA
5095,2292,REU.3.1_1,REU.3.1_1,0.0194101699997636,0.409237033984503,0.38982686398474,2024.93687398301,2024.95628415301,CHIKV_RUN_S12b62_2024,55.368633,-21.256765
5106,2240,REU.3.1_1,REU.3.1_1,0.0154613399363407,0.409237033984503,0.393775694048163,2024.94082281307,2024.95628415301,CHIKV_RUN_S8b34_2024,55.360735,-21.261353
3994,1460,REU.4.3_1,REU.4.8_1,0.00127421819245543,0.409237033984503,0.407962815792048,2024.95500993481,2024.95628415301,CHIKV_RUN_S12b53_2024,55.494449,-21.268551
4593,4594,REU.4.3_1,REU.4.3_1,0.0809433353903659,0.410567132250754,0.329623796860388,2024.87667091588,2024.95761425127,NA,NA,NA
4189,4190,REU.4.3_1,REU.4.3_1,0.029947528339346,0.411537161608369,0.381589633269023,2024.92863675229,2024.95858428063,NA,NA,NA
5929,5930,REU.3.1_1,REU.3.4_1,0.00307353564179025,0.411774872233195,0.408701336591405,2024.95574845561,2024.95882199125,NA,NA,NA
5673,2549,REU.3.1_1,REU.3.1_1,0.0540231697255413,0.411969274421629,0.357946104696088,2024.90499322372,2024.95901639344,CHIKV_RUN_S12b14_2025,55.36634,-21.257965
3841,1480,REU.4.3_1,REU.4.3_1,0.0284719075573406,0.411969274421629,0.383497366864289,2024.93054448589,2024.95901639344,CHIKV_RUN_S8b54_2024,55.507856,-21.286776
5783,5784,REU.3.1_1,REU.3.1_1,0.0131738577734472,0.412274295243428,0.399100437469981,2024.94614755649,2024.95932141426,NA,NA,NA
3121,3135,REU.3.1_1,REU.3.1_1,0.0236219525616393,0.412436832163693,0.388814879602054,2024.93586199862,2024.95948395118,NA,NA,NA
5554,5555,REU.3.1_1,REU.3.1_1,0.0161789169299739,0.412440277641828,0.396261360711854,2024.94330847973,2024.95948739666,NA,NA,NA
6102,6103,REU.3.1_1,REU.3.1_1,0.0362204942705799,0.412933176631178,0.376712682360598,2024.92375980138,2024.95998029565,NA,NA,NA
5619,5620,REU.3.1_1,REU.3.1_1,0.00612630304081307,0.412999805400562,0.406873502359749,2024.95392062138,2024.96004692442,NA,NA,NA
3679,3688,REU.4.3_1,REU.4.3_1,0.00814395740654161,0.414062306295979,0.405918348889437,2024.95296546791,2024.96110942532,NA,NA,NA
5320,5347,REU.3.4_1,REU.3.4_1,0.0463485362019428,0.41428286826111,0.367934332059167,2024.91498145108,2024.96132998728,NA,NA,NA
5448,5449,REU.3.1_1,REU.3.1_1,0.0592234260177311,0.414539256854402,0.355315830836671,2024.90236294986,2024.96158637588,NA,NA,NA
5592,5593,REU.3.1_1,REU.3.1_1,0.00552364283347939,0.414567909911746,0.409044267078266,2024.9560913861,2024.96161502893,NA,NA,NA
4817,4818,REU.4.3_1,REU.4.3_1,0.110192311745835,0.414597466195838,0.304405154450003,2024.85145227347,2024.96164458522,NA,NA,NA
4912,3087,REU.3.1_1,REU.3.1_1,0.0998494393696735,0.414701514858756,0.314852075489082,2024.86189919451,2024.96174863388,CHIKV_RUN_S9b50_2025,55.367266,-21.257385
6145,2004,REU.3.1_1,REU.3.1_1,0.0311692147754115,0.414701514858756,0.383532300083344,2024.9305794191,2024.96174863388,CHIKV_RUN_S9b42_2025,55.368633,-21.256765
5108,2205,REU.3.1_1,REU.3.1_1,0.0304163989251391,0.414701514858756,0.384285115933616,2024.93133223495,2024.96174863388,CHIKV_RUN_S12b20_2025,55.365206,-21.258791
5106,2239,REU.3.1_1,REU.3.1_1,0.020925820810593,0.414701514858756,0.393775694048163,2024.94082281307,2024.96174863388,CHIKV_RUN_S9b49_2025,55.363511,-21.258699
4494,1361,REU.4.3_1,REU.1.3_1,0.0127004149115139,0.414701514858756,0.402001099947242,2024.94904821897,2024.96174863388,CHIKV_RUN_S12b21_2025,55.65664,-20.958424
5590,2150,REU.3.1_1,REU.3.1_1,0.0087678052085477,0.414701514858756,0.405933709650208,2024.95298082867,2024.96174863388,CHIKV_RUN_S12b15_2025,55.365944,-21.258234
5590,2737,REU.3.1_1,REU.3.1_1,0.0087678052085477,0.414701514858756,0.405933709650208,2024.95298082867,2024.96174863388,CHIKV_RUN_S9b28_2025,55.366973,-21.260719
5397,2790,REU.3.1_1,REU.3.1_1,0.00821533761973059,0.414701514858756,0.406486177239025,2024.95353329626,2024.96174863388,CHIKV_RUN_S9b46_2025,55.367704,-21.256858
3842,3843,REU.4.3_1,REU.4.3_1,0.0283336257675083,0.414714567406823,0.386380941639315,2024.93342806066,2024.96176168643,NA,NA,NA
4783,4784,REU.4.3_1,REU.3.1_1,0.123166922259341,0.415451343132552,0.292284420873211,2024.83933153989,2024.96249846215,NA,NA,NA
5158,5159,REU.3.1_1,REU.3.1_1,0.0440242479868037,0.415719626405043,0.371695378418239,2024.91874249744,2024.96276674543,NA,NA,NA
4944,4947,REU.3.1_1,REU.3.1_1,0.0333727596803149,0.41573704827171,0.382364288591395,2024.92941140761,2024.96278416729,NA,NA,NA
5716,5732,REU.3.1_1,REU.3.1_1,0.0107135266643023,0.416400561937213,0.40568703527291,2024.95273415429,2024.96344768096,NA,NA,NA
6152,6153,REU.4.8_1,REU.4.8_1,0.0101732586883213,0.416513405756904,0.406340147068583,2024.95338726609,2024.96356052478,NA,NA,NA
4690,4691,REU.3.5_1,REU.4.8_1,0.152150898640453,0.416530595026894,0.264379696386441,2024.81142681541,2024.96357771405,NA,NA,NA
3688,3765,REU.4.3_1,REU.4.3_1,0.00297476063122382,0.417037066927203,0.414062306295979,2024.96110942532,2024.96408418595,NA,NA,NA
3765,3766,REU.4.3_1,REU.4.3_1,0.000285887297037268,0.41732295422424,0.417037066927203,2024.96408418595,2024.96437007325,NA,NA,NA
4030,1459,REU.4.3_1,REU.4.3_1,0.0701403254006834,0.417433755295882,0.347293429895198,2024.89434054892,2024.96448087432,CHIKV_RUN_S8b91_2025,55.507853,-21.286538
3940,1034,REU.4.3_1,REU.4.3_1,0.0505420170724256,0.417433755295882,0.366891738223456,2024.91393885724,2024.96448087432,CHIKV_RUN_S8b43_2024,55.562342,-21.222214
4006,1754,REU.4.3_1,REU.4.3_1,0.0195681153425137,0.417433755295882,0.397865639953368,2024.94491275897,2024.96448087432,CHIKV_RUN_S8b68_2024,55.521081,-21.28097
5593,5595,REU.3.1_1,REU.3.1_1,0.00290970141990388,0.41747761133165,0.414567909911746,2024.96161502893,2024.96452473035,NA,NA,NA
3512,3520,REU.4.3_1,REU.4.3_1,0.0225379700188083,0.418367464450581,0.395829494431773,2024.94287661345,2024.96541458347,NA,NA,NA
3161,3162,REU.3.1_1,REU.3.1_1,0.0237603698438302,0.418382987964956,0.394622618121126,2024.94166973714,2024.96543010699,NA,NA,NA
3842,3844,REU.4.3_1,REU.4.4_1,0.0321641290930345,0.418545070732349,0.386380941639315,2024.93342806066,2024.96559218975,NA,NA,NA
5593,5594,REU.3.1_1,REU.3.1_1,0.0040363727782412,0.418604282689987,0.414567909911746,2024.96161502893,2024.96565140171,NA,NA,NA
4920,4936,REU.3.1_1,REU.3.1_1,0.0142240271096472,0.418670883451639,0.404446856341992,2024.95149397536,2024.96571800247,NA,NA,NA
4917,4918,REU.3.1_1,REU.3.1_1,0.0208489685402919,0.419178900597607,0.398329932057315,2024.94537705108,2024.96622601962,NA,NA,NA
3520,3521,REU.4.3_1,REU.4.3_1,0.000941023945764563,0.419308488396346,0.418367464450581,2024.96541458347,2024.96635560742,NA,NA,NA
5884,5885,REU.3.1_1,REU.3.1_1,0.0193969789355471,0.41950880687212,0.400111827936573,2024.94715894696,2024.96655592589,NA,NA,NA
6205,3020,REU.3.1_1,REU.3.1_1,0.0149354663770123,0.420165995733008,0.405230529355996,2024.95227764838,2024.96721311475,CHIKV_RUN_S12b11_2025,55.362512,-21.256727
3688,3689,REU.4.3_1,REU.4.3_1,0.0075294131152549,0.421591719411234,0.414062306295979,2024.96110942532,2024.96863883843,NA,NA,NA
4494,4495,REU.4.3_1,REU.4.3_1,0.019949899735958,0.4219509996832,0.402001099947242,2024.94904821897,2024.9689981187,NA,NA,NA
5159,5166,REU.3.1_1,REU.3.1_1,0.0062891304644892,0.422008756869532,0.415719626405043,2024.96276674543,2024.96905587589,NA,NA,NA
5970,6000,REU.3.4_1,REU.2.3_1,0.0387736121170813,0.422181873607303,0.383408261490221,2024.93045538051,2024.96922899263,NA,NA,NA
3610,3611,REU.4.3_1,REU.4.3_1,0.0752258815327684,0.422252763086177,0.347026881553409,2024.89407400057,2024.96929988211,NA,NA,NA
5732,5735,REU.3.1_1,REU.3.1_1,0.00602265730899598,0.422423219246209,0.416400561937213,2024.96344768096,2024.96947033827,NA,NA,NA
3204,3265,REU.4.3_1,REU.4.3_1,0.0317192166044675,0.422458376536793,0.390739159932325,2024.93778627895,2024.96950549556,NA,NA,NA
3548,3549,REU.4.3_1,REU.4.3_1,0.0217240812668091,0.422600265700207,0.400876184433398,2024.94792330345,2024.96964738472,NA,NA,NA
5097,5099,REU.3.1_1,REU.3.1_1,0.0158824974391921,0.422607934230018,0.406725436790826,2024.95377255581,2024.96965505325,NA,NA,NA
3120,2550,REU.3.1_1,REU.3.1_1,0.0491418311967867,0.422898236170134,0.373756404973347,2024.92080352399,2024.96994535519,CHIKV_RUN_S12b22_2025,55.366468,-21.260281
5595,5596,REU.3.1_1,REU.3.1_1,0.00543562802241737,0.422913239354067,0.41747761133165,2024.96452473035,2024.96996035838,NA,NA,NA
4190,4198,REU.4.3_1,REU.4.3_1,0.0117887887058118,0.423325950314181,0.411537161608369,2024.95858428063,2024.97037306934,NA,NA,NA
4189,4415,REU.4.3_1,REU.2.3_1,0.0418549076182606,0.423444540887283,0.381589633269023,2024.92863675229,2024.97049165991,NA,NA,NA
5218,5219,REU.3.1_1,REU.4.5_1,0.157243075659875,0.423576348820261,0.266333273160386,2024.81338039218,2024.97062346784,NA,NA,NA
4006,4007,REU.4.3_1,REU.4.3_1,0.0259188031181924,0.42378444307156,0.397865639953368,2024.94491275897,2024.97083156209,NA,NA,NA
5397,5398,REU.3.1_1,REU.3.1_1,0.0180730786969868,0.424559255936012,0.406486177239025,2024.95353329626,2024.97160637496,NA,NA,NA
3689,3722,REU.4.3_1,REU.4.3_1,0.00363179143318415,0.425223510844418,0.421591719411234,2024.96863883843,2024.97227062987,NA,NA,NA
3844,3895,REU.4.4_1,REU.4.4_1,0.00696389595528879,0.425508966687638,0.418545070732349,2024.96559218975,2024.97255608571,NA,NA,NA
5735,5736,REU.3.1_1,REU.3.1_1,0.00364941460303614,0.426072633849245,0.422423219246209,2024.96947033827,2024.97311975287,NA,NA,NA
4975,4981,REU.3.1_1,REU.3.1_1,0.0209730723973158,0.426450446826497,0.405477374429182,2024.95252449345,2024.97349756585,NA,NA,NA
5166,5167,REU.3.1_1,REU.3.1_1,0.00466654267054778,0.42667529954008,0.422008756869532,2024.96905587589,2024.97372241856,NA,NA,NA
5555,5565,REU.3.1_1,REU.3.1_1,0.0143010315741411,0.426741309215969,0.412440277641828,2024.95948739666,2024.97378842824,NA,NA,NA
3406,3475,REU.4.3_1,REU.3.5_1,0.0495449042794884,0.426831772916916,0.377286868637427,2024.92433398766,2024.97387889194,NA,NA,NA
4869,4876,REU.4.3_1,REU.4.3_1,0.0342213345698427,0.427110991294868,0.392889656725025,2024.93993677575,2024.97415811032,NA,NA,NA
5449,5450,REU.3.1_1,REU.3.1_1,0.0128403777248715,0.427379634579273,0.414539256854402,2024.96158637588,2024.9744267536,NA,NA,NA
3162,3163,REU.3.1_1,REU.3.1_1,0.00908604767220789,0.427469035637164,0.418382987964956,2024.96543010699,2024.97451615466,NA,NA,NA
3611,3638,REU.4.3_1,REU.4.3_1,0.00560730342810267,0.42786006651428,0.422252763086177,2024.96929988211,2024.97490718554,NA,NA,NA
4947,4948,REU.3.1_1,REU.3.1_1,0.0121891684016775,0.427926216673388,0.41573704827171,2024.96278416729,2024.97497333569,NA,NA,NA
3844,3845,REU.4.4_1,REU.4.4_1,0.00949726341341184,0.428042334145761,0.418545070732349,2024.96559218975,2024.97508945317,NA,NA,NA
6142,1999,REU.3.1_1,REU.3.1_1,0.0479217673402969,0.428362717044614,0.380440949704317,2024.92748806873,2024.97540983607,CHIKV_RUN_S12b28_2025,55.366778,-21.260717
5676,2397,REU.3.1_1,REU.3.1_1,0.0205990076622555,0.428362717044614,0.407763709382358,2024.9548108284,2024.97540983607,CHIKV_RUN_S8b75_2025,55.366258,-21.259718
6000,6002,REU.2.3_1,REU.2.3_1,0.00630058488863317,0.428482458495936,0.422181873607303,2024.96922899263,2024.97552957752,NA,NA,NA
5554,5573,REU.3.1_1,REU.3.1_1,0.0335635453578348,0.429824906069689,0.396261360711854,2024.94330847973,2024.97687202509,NA,NA,NA
4594,4595,REU.4.3_1,REU.4.3_1,0.0194332267288426,0.430000358979597,0.410567132250754,2024.95761425127,2024.977047478,NA,NA,NA
4198,4217,REU.4.3_1,REU.4.3_1,0.00669832600655451,0.430024276320735,0.423325950314181,2024.97037306934,2024.97707139534,NA,NA,NA
5097,5098,REU.3.1_1,REU.3.1_1,0.0234360513111823,0.430161488102008,0.406725436790826,2024.95377255581,2024.97720860712,NA,NA,NA
5930,5964,REU.3.4_1,REU.3.4_1,0.0191603361885571,0.430935208421752,0.411774872233195,2024.95882199125,2024.97798232744,NA,NA,NA
3609,1030,REU.4.3_1,REU.4.3_1,0.0962083864165772,0.43109495748174,0.334886571065163,2024.88193369009,2024.9781420765,CHIKV_RUN_S12b67_2024,55.495944,-21.267947
5885,1770,REU.3.1_1,REU.3.1_1,0.01158615060962,0.43109495748174,0.41950880687212,2024.96655592589,2024.9781420765,CHIKV_RUN_S12b13_2025,55.366971,-21.25879
5573,2197,REU.3.1_1,REU.3.1_1,0.00127005141205128,0.43109495748174,0.429824906069689,2024.97687202509,2024.9781420765,CHIKV_RUN_S9b56_2025,55.367755,-21.255332
5763,5770,REU.3.1_1,REU.2.3_1,0.0363851496004564,0.431117747591591,0.394732597991135,2024.94177971701,2024.97816486661,NA,NA,NA
4033,4081,REU.4.3_1,REU.4.3_1,0.0284302261105072,0.43113134123641,0.402701115125903,2024.94974823415,2024.97817846026,NA,NA,NA
5732,5733,REU.3.1_1,REU.3.1_1,0.0149638467038842,0.431364408641097,0.416400561937213,2024.96344768096,2024.97841152766,NA,NA,NA
3205,3235,REU.4.3_1,REU.4.3_1,0.0337076780173803,0.43158934064522,0.39788166262784,2024.94492878165,2024.97863645967,NA,NA,NA
6103,6104,REU.3.1_1,REU.3.1_1,0.0192866150324066,0.432219791663585,0.412933176631178,2024.95998029565,2024.97926691068,NA,NA,NA
4217,4297,REU.4.3_1,REU.4.3_1,0.00292555971260045,0.432949836033336,0.430024276320735,2024.97707139534,2024.97999695505,NA,NA,NA
6205,6206,REU.3.1_1,REU.3.1_1,0.0280086571740233,0.433239186530019,0.405230529355996,2024.95227764838,2024.98028630555,NA,NA,NA
4495,4496,REU.4.3_1,REU.4.3_1,0.0116874187754952,0.433638418458695,0.4219509996832,2024.9689981187,2024.98068553748,NA,NA,NA
4496,4497,REU.4.3_1,REU.4.3_1,9.79276383549221e-05,0.43373634609705,0.433638418458695,2024.98068553748,2024.98078346512,NA,NA,NA
4948,4949,REU.3.1_1,REU.3.1_1,0.00586155114359832,0.433787767816986,0.427926216673388,2024.97497333569,2024.98083488684,NA,NA,NA
6131,6132,REU.3.1_1,REU.3.1_1,0.045482418075854,0.433818414980392,0.388335996904538,2024.93538311593,2024.980865534,NA,NA,NA
3235,3236,REU.4.3_1,REU.4.3_1,0.00228280668478686,0.433872147330007,0.43158934064522,2024.97863645967,2024.98091926635,NA,NA,NA
3356,3357,REU.4.3_1,REU.4.3_1,0.0324750061407818,0.43403317655731,0.401558170416528,2024.94860528944,2024.98108029558,NA,NA,NA
3845,3846,REU.4.4_1,REU.4.4_1,0.0063029335111926,0.434345267656953,0.428042334145761,2024.97508945317,2024.98139238668,NA,NA,NA
4595,4596,REU.4.3_1,REU.4.3_1,0.00458524624589196,0.434585605225489,0.430000358979597,2024.977047478,2024.98163272425,NA,NA,NA
5930,5931,REU.3.4_1,REU.3.4_1,0.0228900870342426,0.434664959267437,0.411774872233195,2024.95882199125,2024.98171207829,NA,NA,NA
5885,5886,REU.3.1_1,REU.3.1_1,0.0152049222635348,0.434713729135655,0.41950880687212,2024.96655592589,2024.98176084816,NA,NA,NA
3163,3164,REU.3.1_1,REU.3.1_1,0.00781747891093665,0.435286514548101,0.427469035637164,2024.97451615466,2024.98233363357,NA,NA,NA
5010,5027,REU.3.1_1,REU.3.1_1,0.0389413101503154,0.435377428864207,0.396436118713891,2024.94348323773,2024.98242454789,NA,NA,NA
4784,4794,REU.3.1_1,REU.3.1_1,0.0207258273297417,0.436177170462294,0.415451343132552,2024.96249846215,2024.98322428948,NA,NA,NA
5414,5435,REU.3.1_1,REU.3.1_1,0.0655589042335895,0.436358193071746,0.370799288838156,2024.91784640786,2024.98340531209,NA,NA,NA
4497,4498,REU.4.3_1,REU.4.3_1,0.00274477563632014,0.43648112173337,0.43373634609705,2024.98078346512,2024.98352824075,NA,NA,NA
5675,5694,REU.3.1_1,REU.4.3_1,0.0671910355989668,0.436542086901392,0.369351051302426,2024.91639817032,2024.98358920592,NA,NA,NA
5541,2018,REU.3.1_1,REU.3.1_1,0.0744511423775457,0.436559438355992,0.362108295978447,2024.909155415,2024.98360655738,CHIKV_RUN_S12b18_2025,55.367335,-21.259965
6135,1855,REU.3.1_1,REU.3.1_1,0.0579615153107276,0.436559438355992,0.378597923045265,2024.92564504207,2024.98360655738,CHIKV_RUN_S8b77_2025,55.367906,-21.259218
6142,1998,REU.3.1_1,REU.3.1_1,0.0561184886516753,0.436559438355992,0.380440949704317,2024.92748806873,2024.98360655738,CHIKV_RUN_S9b23_2025,55.367444,-21.261771
6131,1813,REU.3.1_1,REU.3.1_1,0.0482234414514546,0.436559438355992,0.388335996904538,2024.93538311593,2024.98360655738,CHIKV_RUN_S9b20_2025,55.364644,-21.257538
5929,2964,REU.3.1_1,REU.3.1_1,0.0278581017645877,0.436559438355992,0.408701336591405,2024.95574845561,2024.98360655738,CHIKV_RUN_S9b24_2025,55.367755,-21.255332
5594,1872,REU.3.1_1,REU.3.1_1,0.0179551556660055,0.436559438355992,0.418604282689987,2024.96565140171,2024.98360655738,CHIKV_RUN_S9b47_2025,55.367704,-21.256858
5594,2705,REU.3.1_1,REU.3.1_1,0.0179551556660055,0.436559438355992,0.418604282689987,2024.96565140171,2024.98360655738,CHIKV_RUN_S9b22_2025,55.366258,-21.259718
3521,1351,REU.4.3_1,REU.4.8_1,0.0172509499596464,0.436559438355992,0.419308488396346,2024.96635560742,2024.98360655738,CHIKV_RUN_S9b34_2025,55.474916,-21.333905
3164,2700,REU.3.1_1,REU.3.1_1,0.00127292380789157,0.436559438355992,0.435286514548101,2024.98233363357,2024.98360655738,CHIKV_RUN_S9b21_2025,55.368293,-21.260142
5450,5451,REU.3.1_1,REU.3.1_1,0.00924649052699578,0.436626125106269,0.427379634579273,2024.9744267536,2024.98367324413,NA,NA,NA
5108,5109,REU.3.1_1,REU.4.3_1,0.0531104494711327,0.437395565404749,0.384285115933616,2024.93133223495,2024.98444268443,NA,NA,NA
3265,3309,REU.4.3_1,REU.4.3_1,0.0151660762971411,0.437624452833934,0.422458376536793,2024.96950549556,2024.98467157185,NA,NA,NA
4947,4956,REU.3.1_1,REU.3.1_1,0.0220641521709022,0.437801200442613,0.41573704827171,2024.96278416729,2024.98484831946,NA,NA,NA
5770,5771,REU.2.3_1,REU.2.3_1,0.00673511459380782,0.437852862185399,0.431117747591591,2024.97816486661,2024.98489998121,NA,NA,NA
4297,4336,REU.4.3_1,REU.4.3_1,0.00494798974334165,0.437897825776677,0.432949836033336,2024.97999695505,2024.9849449448,NA,NA,NA
4336,4360,REU.4.3_1,REU.4.3_1,0.000468202398660522,0.438366028175338,0.437897825776677,2024.9849449448,2024.9854131472,NA,NA,NA
5971,5972,REU.3.4_1,REU.3.4_1,0.0549983777245421,0.438415235241567,0.383416857517025,2024.93046397654,2024.98546235426,NA,NA,NA
3895,3904,REU.4.4_1,REU.4.4_1,0.0129212843125743,0.438430251000212,0.425508966687638,2024.97255608571,2024.98547737002,NA,NA,NA
4336,4337,REU.4.3_1,REU.4.3_1,0.000656004473405747,0.438553830250083,0.437897825776677,2024.9849449448,2024.98560094927,NA,NA,NA
4198,4199,REU.4.3_1,REU.4.3_1,0.0155897379899879,0.438915688304168,0.423325950314181,2024.97037306934,2024.98596280733,NA,NA,NA
5512,5513,REU.3.1_1,REU.4.1_1,0.0900712873191403,0.439165957194197,0.349094669875057,2024.8961417889,2024.98621307622,NA,NA,NA
5512,1819,REU.3.1_1,REU.3.1_1,0.0901970089180618,0.439291678793118,0.349094669875057,2024.8961417889,2024.98633879781,CHIKV_RUN_S12b31_2025,55.370469,-21.279948
4031,1169,REU.4.3_1,REU.4.3_1,0.0440858457414847,0.439291678793118,0.395205833051634,2024.94225295207,2024.98633879781,CHIKV_RUN_S8b88_2025,55.531014,-21.256219
3135,2398,REU.3.1_1,REU.3.1_1,0.0268548466294253,0.439291678793118,0.412436832163693,2024.95948395118,2024.98633879781,CHIKV_RUN_S8b41_2024,55.366671,-21.258766
4818,1443,REU.4.3_1,REU.4.8_1,0.0246942125972802,0.439291678793118,0.414597466195838,2024.96164458522,2024.98633879781,CHIKV_RUN_S8b45_2024,55.484767,-21.341844
3843,1360,REU.4.3_1,REU.4.8_1,0.0245771113862956,0.439291678793118,0.414714567406823,2024.96176168643,2024.98633879781,CHIKV_RUN_S8b46_2024,55.494515,-21.268085
4918,2619,REU.3.1_1,REU.3.1_1,0.0201127781955114,0.439291678793118,0.419178900597607,2024.96622601962,2024.98633879781,CHIKV_RUN_S12b25_2025,55.368106,-21.256429
5736,1854,REU.3.1_1,REU.3.1_1,0.0132190449438736,0.439291678793118,0.426072633849245,2024.97311975287,2024.98633879781,CHIKV_RUN_S12b26_2025,55.36449,-21.257887
5098,1884,REU.3.1_1,REU.3.1_1,0.00913019069111032,0.439291678793118,0.430161488102008,2024.97720860712,2024.98633879781,CHIKV_RUN_S12b29_2025,55.3668,-21.2598
5771,2548,REU.2.3_1,REU.1.3_1,0.00143881660771916,0.439291678793118,0.437852862185399,2024.98489998121,2024.98633879781,CHIKV_RUN_S8b79_2025,55.673705,-20.951418
4199,588,REU.4.3_1,REU.4.3_1,0.000375990488949984,0.439291678793118,0.438915688304168,2024.98596280733,2024.98633879781,CHIKV_RUN_S8b82_2025,55.521211,-21.284099
4217,4218,REU.4.3_1,REU.4.3_1,0.00955218673251967,0.439576463053255,0.430024276320735,2024.97707139534,2024.98662358207,NA,NA,NA
4869,4870,REU.4.3_1,REU.4.3_1,0.0473054267133954,0.44019508343842,0.392889656725025,2024.93993677575,2024.98724220246,NA,NA,NA
5931,5932,REU.3.4_1,REU.3.4_1,0.00589497344748535,0.440559932714923,0.434664959267437,2024.98171207829,2024.98760705174,NA,NA,NA
6002,6031,REU.2.3_1,REU.2.3_1,0.0125014031186073,0.440983861614543,0.428482458495936,2024.97552957752,2024.98803098064,NA,NA,NA
5971,5985,REU.3.4_1,REU.4.6_1,0.0577740886229867,0.441190946140012,0.383416857517025,2024.93046397654,2024.98823806516,NA,NA,NA
3941,3950,REU.4.3_1,REU.4.3_1,0.035988539802398,0.441716815713844,0.405728275911446,2024.95277539493,2024.98876393473,NA,NA,NA
3407,1070,REU.4.3_1,REU.4.3_1,0.0573088590102372,0.442023919230245,0.384715060220007,2024.93176217924,2024.98907103825,CHIKV_RUN_S8b86_2025,55.508302,-21.286593
4031,1544,REU.4.3_1,REU.1.3_1,0.0468180861786108,0.442023919230245,0.395205833051634,2024.94225295207,2024.98907103825,CHIKV_RUN_S8b87_2025,55.656723,-20.957975
5620,3093,REU.3.1_1,REU.4.8_1,0.029024113829683,0.442023919230245,0.412999805400562,2024.96004692442,2024.98907103825,CHIKV_RUN_S9b57_2025,55.479401,-21.33674
4936,2379,REU.3.1_1,REU.3.4_1,0.0233530357786054,0.442023919230245,0.418670883451639,2024.96571800247,2024.98907103825,CHIKV_RUN_S9b26_2025,55.297344,-21.157499
5167,62,REU.3.1_1,REU.3.5_1,0.0153486196901651,0.442023919230245,0.42667529954008,2024.97372241856,2024.98907103825,CHIKV_RUN_S8b89_2025,55.239684,-21.09315
5098,2754,REU.3.1_1,REU.3.1_1,0.0118624311282365,0.442023919230245,0.430161488102008,2024.97720860712,2024.98907103825,CHIKV_RUN_S8b90_2025,55.367343,-21.259531
3512,3513,REU.4.3_1,REU.4.3_1,0.0468865042853106,0.442715998717084,0.395829494431773,2024.94287661345,2024.98976311774,NA,NA,NA
5099,5100,REU.3.1_1,REU.4.8_1,0.0201231769277451,0.442731111157763,0.422607934230018,2024.96965505325,2024.98977823018,NA,NA,NA
3766,3795,REU.4.3_1,REU.4.3_1,0.026108053441287,0.443431007665527,0.41732295422424,2024.96437007325,2024.99047812669,NA,NA,NA
5620,5621,REU.3.1_1,REU.3.1_1,0.0304960900680175,0.443495895468579,0.412999805400562,2024.96004692442,2024.99054301449,NA,NA,NA
5784,5785,REU.3.1_1,REU.3.1_1,0.0315575570214278,0.443831852264856,0.412274295243428,2024.95932141426,2024.99087897129,NA,NA,NA
3236,3237,REU.4.3_1,REU.4.3_1,0.0101059894822114,0.443978136812219,0.433872147330007,2024.98091926635,2024.99102525583,NA,NA,NA
4896,4897,REU.3.5_1,REU.4.3_1,0.124648246642148,0.444154341212455,0.319506094570307,2024.86655321359,2024.99120146023,NA,NA,NA
5414,5415,REU.3.1_1,REU.3.1_1,0.0736842099681067,0.444483498806263,0.370799288838156,2024.91784640786,2024.99153061783,NA,NA,NA
4651,4656,REU.4.3_1,REU.4.3_1,0.0678312797517273,0.444720855932303,0.376889576180576,2024.9239366952,2024.99176797495,NA,NA,NA
5090,5091,REU.3.1_1,REU.3.1_1,0.0704418809849632,0.445227156531634,0.374785275546671,2024.92183239457,2024.99227427555,NA,NA,NA
3341,3342,REU.4.3_1,REU.4.3_1,0.0610474121888351,0.4455348842186,0.384487472029765,2024.93153459105,2024.99258200324,NA,NA,NA
3521,3522,REU.4.3_1,REU.4.3_1,0.0263564590326058,0.445664947428952,0.419308488396346,2024.96635560742,2024.99271206645,NA,NA,NA
3795,3796,REU.4.3_1,REU.4.3_1,0.00225913170183056,0.445690139367357,0.443431007665527,2024.99047812669,2024.99273725839,NA,NA,NA
5985,5993,REU.4.6_1,REU.4.6_1,0.00490182893377233,0.446092775073784,0.441190946140012,2024.98823806516,2024.99313989409,NA,NA,NA
4007,4008,REU.4.3_1,REU.4.3_1,0.0223870741526127,0.446171517224173,0.42378444307156,2024.97083156209,2024.99321863625,NA,NA,NA
4081,4082,REU.4.3_1,REU.4.3_1,0.0153299961866096,0.44646133742302,0.43113134123641,2024.97817846026,2024.99350845644,NA,NA,NA
5901,5902,REU.3.1_1,REU.3.1_1,0.0930856106986436,0.446818879749624,0.35373326905098,2024.90078038807,2024.99386599877,NA,NA,NA
5694,5695,REU.4.3_1,REU.4.3_1,0.010473000333263,0.447015087234655,0.436542086901392,2024.98358920592,2024.99406220626,NA,NA,NA
4581,608,REU.4.3_1,REU.4.3_1,0.0863470664413545,0.447488400104724,0.36114133366337,2024.90818845268,2024.99453551913,CHIKV_RUN_S8b84_2025,55.499751,-21.239745
3353,896,REU.4.3_1,REU.4.8_1,0.0448664796420433,0.447488400104724,0.402621920462681,2024.94966903948,2024.99453551913,CHIKV_RUN_S8b92_2025,55.494703,-21.268366
5715,5740,REU.3.1_1,REU.3.1_1,0.105013912459974,0.447993856011639,0.342979943551665,2024.89002706257,2024.99504097503,NA,NA,NA
4949,4953,REU.3.1_1,REU.3.1_1,0.0142172642994246,0.448005032116411,0.433787767816986,2024.98083488684,2024.99505215114,NA,NA,NA
5219,5220,REU.4.5_1,REU.4.5_1,0.024770437173033,0.448346785993294,0.423576348820261,2024.97062346784,2024.99539390501,NA,NA,NA
4008,4010,REU.4.3_1,REU.4.3_1,0.0021827361339849,0.448354253358158,0.446171517224173,2024.99321863625,2024.99540137238,NA,NA,NA
6153,6154,REU.4.8_1,REU.4.8_1,0.0321202585275785,0.448633664284483,0.416513405756904,2024.96356052478,2024.99568078331,NA,NA,NA
5495,5496,REU.3.1_1,REU.3.1_1,0.0680661346776282,0.449653281537642,0.381587146860013,2024.92863426588,2024.99670040056,NA,NA,NA
6100,6123,REU.3.1_1,REU.4.3_1,0.0973444054929553,0.450388005978719,0.353043600485764,2024.90009071951,2024.997435125,NA,NA,NA
3407,3408,REU.4.3_1,REU.4.3_1,0.0656904016524741,0.450405461872482,0.384715060220007,2024.93176217924,2024.99745258089,NA,NA,NA
4897,4898,REU.4.3_1,REU.4.3_1,0.0066613027681377,0.450815643980593,0.444154341212455,2024.99120146023,2024.997862763,NA,NA,NA
3522,3523,REU.4.3_1,REU.4.3_1,0.00542942837866256,0.451094375807614,0.445664947428952,2024.99271206645,2024.99814149483,NA,NA,NA
5220,5221,REU.4.5_1,REU.4.5_1,0.0028390883036663,0.451185874296961,0.448346785993294,2024.99539390501,2024.99823299332,NA,NA,NA
4218,4220,REU.4.3_1,REU.4.3_1,0.0116863490203856,0.45126281207364,0.439576463053255,2024.98662358207,2024.99830993109,NA,NA,NA
3679,3680,REU.4.3_1,REU.4.3_1,0.0453700268136604,0.451288375703098,0.405918348889437,2024.95296546791,2024.99833549472,NA,NA,NA
6152,6180,REU.4.8_1,REU.4.8_1,0.0450373739510502,0.451377521019633,0.406340147068583,2024.95338726609,2024.99842464004,NA,NA,NA
6206,6210,REU.3.1_1,REU.4.3_1,0.0182388819783899,0.451478068508409,0.433239186530019,2024.98028630555,2024.99852518753,NA,NA,NA
4920,4921,REU.3.1_1,REU.3.1_1,0.0478215289851168,0.452268385327109,0.404446856341992,2024.95149397536,2024.99931550435,NA,NA,NA
3950,3951,REU.4.3_1,REU.4.3_1,0.011135022449294,0.452851838163138,0.441716815713844,2024.98876393473,2024.99989895718,NA,NA,NA
4498,4499,REU.4.3_1,REU.4.3_1,0.0165400730816725,0.453021194815042,0.43648112173337,2024.98352824075,2025.00006831384,NA,NA,NA
4975,4976,REU.3.1_1,REU.3.1_1,0.0485340897517348,0.454011464180916,0.405477374429182,2024.95252449345,2025.0010585832,NA,NA,NA
5819,5836,REU.3.1_1,REU.3.1_1,0.0515725692055031,0.454099805297955,0.402527236092452,2024.94957435511,2025.00114692432,NA,NA,NA
3904,3911,REU.4.4_1,REU.4.4_1,0.0163642156888693,0.454794466689081,0.438430251000212,2024.98547737002,2025.00184158571,NA,NA,NA
5435,5443,REU.3.1_1,REU.3.1_1,0.0185885792722935,0.454946772344039,0.436358193071746,2024.98340531209,2025.00199389137,NA,NA,NA
5836,5837,REU.3.1_1,REU.3.1_1,0.00087834139402132,0.454978146691976,0.454099805297955,2025.00114692432,2025.00202526571,NA,NA,NA
5220,5263,REU.4.5_1,REU.4.5_1,0.00666425714453145,0.455011043137826,0.448346785993294,2024.99539390501,2025.00205816216,NA,NA,NA
4656,4659,REU.4.3_1,REU.4.3_1,0.0104958645755324,0.455216720507835,0.444720855932303,2024.99176797495,2025.00226383953,NA,NA,NA
4419,4420,REU.4.3_1,REU.3.5_1,0.104376453954296,0.45546339104589,0.351086937091594,2024.89813405611,2025.00251051007,NA,NA,NA
3508,168,REU.4.3_1,REU.4.8_1,0.0641564157099764,0.455692607006334,0.391536191296358,2024.93858331032,2025.00273972603,CHIKV_RUN_S9b06_2025,55.493406,-21.305081
5039,1772,REU.3.1_1,REU.3.1_1,0.0611271721980606,0.455692607006334,0.394565434808273,2024.94161255383,2025.00273972603,CHIKV_RUN_S9b04_2025,55.368499,-21.25689
3356,1753,REU.4.3_1,REU.4.3_1,0.0541344365898057,0.455692607006334,0.401558170416528,2024.94860528944,2025.00273972603,CHIKV_RUN_S12b72_2025,55.536778,-21.195583
4948,2378,REU.3.1_1,REU.3.2_1,0.0277663903329463,0.455692607006334,0.427926216673388,2024.97497333569,2025.00273972603,CHIKV_RUN_S8b49_2025,55.350482,-21.215183
6132,2213,REU.3.1_1,REU.3.1_1,0.0218741920259424,0.455692607006334,0.433818414980392,2024.980865534,2025.00273972603,CHIKV_RUN_S12b23_2025,55.36694,-21.261172
4220,4221,REU.4.3_1,REU.4.3_1,0.00462396136452736,0.455886773438168,0.45126281207364,2024.99830993109,2025.00293389246,NA,NA,NA
4691,4704,REU.4.8_1,REU.4.5_1,0.0394578219516695,0.455988416978564,0.416530595026894,2024.96357771405,2025.003035536,NA,NA,NA
6206,6207,REU.3.1_1,REU.3.1_1,0.0234594235489564,0.456698610078975,0.433239186530019,2024.98028630555,2025.0037457291,NA,NA,NA
4953,4954,REU.3.1_1,REU.3.1_1,0.00923837196369082,0.457243404080102,0.448005032116411,2024.99505215114,2025.0042905231,NA,NA,NA
3135,3136,REU.3.1_1,REU.3.1_1,0.0450448968965597,0.457481729060253,0.412436832163693,2024.95948395118,2025.00452884808,NA,NA,NA
5733,5734,REU.3.1_1,REU.3.1_1,0.026278965973951,0.457643374615048,0.431364408641097,2024.97841152766,2025.00469049364,NA,NA,NA
3796,3797,REU.4.3_1,REU.4.3_1,0.0120551381094989,0.457745277476856,0.445690139367357,2024.99273725839,2025.0047923965,NA,NA,NA
5676,5677,REU.3.1_1,REU.3.1_1,0.0502446321807424,0.458008341563101,0.407763709382358,2024.9548108284,2025.00505546058,NA,NA,NA
4876,4879,REU.4.3_1,REU.2.3_1,0.0311371598129196,0.458248151107787,0.427110991294868,2024.97415811032,2025.00529527013,NA,NA,NA
3475,3487,REU.3.5_1,REU.3.5_1,0.0314625940284115,0.458294366945327,0.426831772916916,2024.97387889194,2025.00534148597,NA,NA,NA
6085,2168,REU.3.1_1,REU.3.1_1,0.0540694405059364,0.458432333033691,0.404362892527755,2024.95141001155,2025.00547945205,CHIKV_RUN_S8b93_2025,55.368764,-21.255057
5740,2704,REU.3.1_1,REU.3.1_1,0.0104384770220526,0.458432333033691,0.447993856011639,2024.99504097503,2025.00547945205,CHIKV_RUN_S12b24_2025,55.368617,-21.255999
4659,635,REU.4.3_1,REU.4.3_1,0.003215612525856,0.458432333033691,0.455216720507835,2025.00226383953,2025.00547945205,CHIKV_RUN_S8b57_2025,55.50038,-21.26625
4081,4172,REU.4.3_1,REU.4.4_1,0.027317113238246,0.458448454474657,0.43113134123641,2024.97817846026,2025.0054955735,NA,NA,NA
3205,3206,REU.4.3_1,REU.4.3_1,0.0609962059961994,0.458877868624039,0.39788166262784,2024.94492878165,2025.00592498765,NA,NA,NA
6123,6127,REU.4.3_1,REU.4.3_1,0.00872080216343862,0.459108808142158,0.450388005978719,2024.997435125,2025.00615592716,NA,NA,NA
3845,3892,REU.4.4_1,REU.4.4_1,0.0314011750950446,0.459443509240805,0.428042334145761,2024.97508945317,2025.00649062826,NA,NA,NA
6127,6129,REU.4.3_1,REU.4.3_1,0.000397696317188778,0.459506504459346,0.459108808142158,2025.00615592716,2025.00655362348,NA,NA,NA
5109,5111,REU.4.3_1,REU.4.3_1,0.0221381436453605,0.45953370905011,0.437395565404749,2024.98444268443,2025.00658082807,NA,NA,NA
5595,5610,REU.3.1_1,REU.3.1_1,0.042170314039105,0.459647925370754,0.41747761133165,2024.96452473035,2025.00669504439,NA,NA,NA
5221,5222,REU.4.5_1,REU.4.5_1,0.00930806199934753,0.460493936296308,0.451185874296961,2024.99823299332,2025.00754105532,NA,NA,NA
3795,3805,REU.4.3_1,REU.4.3_1,0.0170718235147032,0.46050283118023,0.443431007665527,2024.99047812669,2025.0075499502,NA,NA,NA
4033,4034,REU.4.3_1,REU.4.3_1,0.0578358487853,0.460536963911203,0.402701115125903,2024.94974823415,2025.00758408293,NA,NA,NA
4082,4083,REU.4.3_1,REU.4.8_1,0.0141879790803019,0.460649316503322,0.44646133742302,2024.99350845644,2025.00769643552,NA,NA,NA
4190,4191,REU.4.3_1,REU.4.3_1,0.0491451175795864,0.460682279187955,0.411537161608369,2024.95858428063,2025.00772939821,NA,NA,NA
5443,5444,REU.3.1_1,REU.3.1_1,0.00618867013191704,0.461135442475956,0.454946772344039,2025.00199389137,2025.0081825615,NA,NA,NA
5398,1959,REU.3.1_1,REU.3.1_1,0.0366128031252644,0.461172059061276,0.424559255936012,2024.97160637496,2025.00821917808,CHIKV_RUN_S9b11_2025,55.366735,-21.258484
5177,5178,REU.3.1_1,REU.3.1_1,0.0617144499161242,0.461304521505061,0.399590071588937,2024.94663719061,2025.00835164053,NA,NA,NA
5111,5129,REU.4.3_1,REU.4.3_1,0.00203506674075193,0.461568775790862,0.45953370905011,2025.00658082807,2025.00861589481,NA,NA,NA
3689,3690,REU.4.3_1,REU.4.3_1,0.0402412497925464,0.46183296920378,0.421591719411234,2024.96863883843,2025.00888008822,NA,NA,NA
4673,4674,REU.4.3_1,REU.4.3_1,0.0530099764498906,0.46192739672755,0.408917420277659,2024.9559645393,2025.00897451575,NA,NA,NA
5049,5059,REU.3.1_1,REU.3.1_1,0.0600220274479146,0.462013839680011,0.401991812232096,2024.94903893125,2025.0090609587,NA,NA,NA
4297,4298,REU.4.3_1,REU.4.3_1,0.029439942989991,0.462389779023327,0.432949836033336,2024.97999695505,2025.00943689804,NA,NA,NA
6146,6147,REU.3.1_1,REU.3.1_1,0.0568225142596595,0.462732464936091,0.405909950676432,2024.9529570697,2025.00977958396,NA,NA,NA
5837,5838,REU.3.1_1,REU.4.6_1,0.0080759035758472,0.463054050267823,0.454978146691976,2025.00202526571,2025.01010116929,NA,NA,NA
4674,4680,REU.4.3_1,REU.4.3_1,0.00113513127617737,0.463062528003727,0.46192739672755,2025.00897451575,2025.01010964702,NA,NA,NA
5596,5597,REU.3.1_1,REU.4.6_1,0.0404438953831019,0.463357134737169,0.422913239354067,2024.96996035838,2025.01040425376,NA,NA,NA
5496,5501,REU.3.1_1,REU.3.1_1,0.0137626178055,0.463415899343142,0.449653281537642,2024.99670040056,2025.01046301836,NA,NA,NA
4917,4919,REU.3.1_1,REU.4.8_1,0.0651318351435817,0.463461767200897,0.398329932057315,2024.94537705108,2025.01050888622,NA,NA,NA
4691,4692,REU.4.8_1,REU.4.8_1,0.0470910383680091,0.463621633394904,0.416530595026894,2024.96357771405,2025.01066875242,NA,NA,NA
6154,6159,REU.4.8_1,REU.4.8_1,0.0152740107679613,0.463907675052444,0.448633664284483,2024.99568078331,2025.01095479407,NA,NA,NA
3549,3564,REU.4.3_1,REU.4.3_1,0.0416081777988329,0.46420844349904,0.422600265700207,2024.96964738472,2025.01125556252,NA,NA,NA
4833,4834,REU.4.3_1,REU.4.3_1,0.124257052437659,0.464378950714035,0.340121898276376,2024.8871690173,2025.01142606974,NA,NA,NA
4954,4955,REU.3.1_1,REU.3.1_1,0.00762248384962771,0.464865887929729,0.457243404080102,2025.0042905231,2025.01191300695,NA,NA,NA
5573,5574,REU.3.1_1,REU.3.1_1,0.0352315260173451,0.465056432087034,0.429824906069689,2024.97687202509,2025.01210355111,NA,NA,NA
4596,4597,REU.4.3_1,REU.4.3_1,0.0305751933135535,0.465160798539042,0.434585605225489,2024.98163272425,2025.01220791756,NA,NA,NA
3566,3570,REU.4.3_1,REU.4.3_1,0.0597855657198889,0.465424997203281,0.405639431483392,2024.9526865505,2025.01247211622,NA,NA,NA
5347,5348,REU.3.4_1,REU.3.4_1,0.0512853642977684,0.465568232558878,0.41428286826111,2024.96132998728,2025.01261535158,NA,NA,NA
4337,4338,REU.4.3_1,REU.4.3_1,0.0270563712879257,0.465610201538009,0.438553830250083,2024.98560094927,2025.01265732056,NA,NA,NA
3570,3586,REU.4.3_1,REU.4.3_1,0.000238779714582193,0.465663776917863,0.465424997203281,2025.01247211622,2025.01271089594,NA,NA,NA
3722,3735,REU.4.3_1,REU.4.3_1,0.0404660976258858,0.465689608470304,0.425223510844418,2024.97227062987,2025.01273672749,NA,NA,NA
5398,5399,REU.3.1_1,REU.4.5_1,0.0411450470210196,0.465704302957031,0.424559255936012,2024.97160637496,2025.01275142198,NA,NA,NA
3690,3712,REU.4.3_1,REU.4.3_1,0.00409751190700991,0.46593048111079,0.46183296920378,2025.00888008822,2025.01297760013,NA,NA,NA
4597,4598,REU.4.3_1,REU.4.3_1,0.00122877766075824,0.4663895761998,0.465160798539042,2025.01220791756,2025.01343669522,NA,NA,NA
4595,4642,REU.4.3_1,REU.4.3_1,0.0364093065256722,0.466409665505269,0.430000358979597,2024.977047478,2025.01345678453,NA,NA,NA
4082,4096,REU.4.3_1,REU.4.3_1,0.0201002365999519,0.466561574022972,0.44646133742302,2024.99350845644,2025.01360869304,NA,NA,NA
5541,5542,REU.3.1_1,REU.4.3_1,0.10450053651725,0.466608832495697,0.362108295978447,2024.909155415,2025.01365595152,NA,NA,NA
3192,2393,REU.3.1_1,REU.3.1_1,0.070979861641591,0.466651511115991,0.3956716494744,2024.9427187685,2025.01369863014,CHIKV_RUN_S9b03_2025,55.35882,-21.240599
4496,897,REU.4.3_1,REU.2.3_1,0.0330130926572961,0.466651511115991,0.433638418458695,2024.98068553748,2025.01369863014,CHIKV_RUN_S12b64_2025,55.459069,-20.8973
4298,594,REU.4.3_1,REU.4.3_1,0.00426173209266445,0.466651511115991,0.462389779023327,2025.00943689804,2025.01369863014,CHIKV_RUN_S8b51_2025,55.582002,-21.275874
4955,1783,REU.3.1_1,REU.3.1_1,0.00178562318626174,0.466651511115991,0.464865887929729,2025.01191300695,2025.01369863014,CHIKV_RUN_S10b67_2025,55.368489,-21.256659
5838,5846,REU.4.6_1,REU.4.6_1,0.00378394499475665,0.46683799526258,0.463054050267823,2025.01010116929,2025.01388511428,NA,NA,NA
4598,4609,REU.4.3_1,REU.4.3_1,0.00060813733128906,0.46699771353109,0.4663895761998,2025.01343669522,2025.01404483255,NA,NA,NA
4172,4173,REU.4.4_1,REU.4.4_1,0.00856888610668305,0.46701734058134,0.458448454474657,2025.0054955735,2025.0140644596,NA,NA,NA
4981,5005,REU.3.1_1,REU.3.1_1,0.0412562432625979,0.467706690089095,0.426450446826497,2024.97349756585,2025.01475380911,NA,NA,NA
4199,4200,REU.4.3_1,REU.4.3_1,0.0288159312803544,0.467731619584523,0.438915688304168,2024.98596280733,2025.01477873861,NA,NA,NA
5785,5816,REU.3.1_1,REU.3.1_1,0.0241744602893367,0.468006312554193,0.443831852264856,2024.99087897129,2025.01505343158,NA,NA,NA
4498,4535,REU.4.3_1,REU.4.3_1,0.0317448215695295,0.468225943302899,0.43648112173337,2024.98352824075,2025.01527306232,NA,NA,NA
4221,4238,REU.4.3_1,REU.4.3_1,0.0124884859217567,0.468375259359924,0.455886773438168,2025.00293389246,2025.01542237838,NA,NA,NA
4298,4299,REU.4.3_1,REU.4.3_1,0.00629627066508953,0.468686049688416,0.462389779023327,2025.00943689804,2025.01573316871,NA,NA,NA
3121,3122,REU.3.1_1,REU.3.1_1,0.0799717225946469,0.468786602196701,0.388814879602054,2024.93586199862,2025.01583372122,NA,NA,NA
5972,5974,REU.3.4_1,REU.3.4_1,0.0309017983245357,0.469317033566103,0.438415235241567,2024.98546235426,2025.01636415259,NA,NA,NA
3408,3409,REU.4.3_1,REU.4.3_1,0.0189367268765458,0.469342188749027,0.450405461872482,2024.99745258089,2025.01638930777,NA,NA,NA
5587,2801,REU.3.1_1,REU.3.1_1,0.089156531331322,0.469391237143348,0.380234705812026,2024.92728182483,2025.01643835616,CHIKV_RUN_S9b12_2025,55.367555,-21.25695
5099,2622,REU.3.1_1,REU.3.1_1,0.0467833029133304,0.469391237143348,0.422607934230018,2024.96965505325,2025.01643835616,CHIKV_RUN_S9b05_2025,55.365654,-21.258541
5695,2553,REU.4.3_1,REU.4.3_1,0.022376149908693,0.469391237143348,0.447015087234655,2024.99406220626,2025.01643835616,CHIKV_RUN_S8b59_2025,55.523946,-21.237275
5444,2586,REU.3.1_1,REU.3.1_1,0.00825579466739212,0.469391237143348,0.461135442475956,2025.0081825615,2025.01643835616,CHIKV_RUN_S9b14_2025,55.368418,-21.257105
4919,2384,REU.4.8_1,REU.2.1_1,0.00592946994245158,0.469391237143348,0.463461767200897,2025.01050888622,2025.01643835616,CHIKV_RUN_S54b32_2025,55.385431,-20.986796
5129,5131,REU.4.3_1,REU.4.3_1,0.00786354777016451,0.469432323561026,0.461568775790862,2025.00861589481,2025.01647944258,NA,NA,NA
6159,6171,REU.4.8_1,REU.4.3_1,0.00558988748430578,0.46949756253675,0.463907675052444,2025.01095479407,2025.01654468156,NA,NA,NA
5091,5093,REU.3.1_1,REU.3.1_1,0.0243490043281903,0.469576160859825,0.445227156531634,2024.99227427555,2025.01662327988,NA,NA,NA
4420,4422,REU.3.5_1,REU.3.5_1,0.014193317535321,0.469656708581211,0.45546339104589,2025.00251051007,2025.0167038276,NA,NA,NA
4704,4740,REU.4.5_1,REU.4.5_1,0.0138880639374307,0.469876480915995,0.455988416978564,2025.003035536,2025.01692359994,NA,NA,NA
5932,5933,REU.3.4_1,REU.3.4_1,0.0294257273580831,0.469985660073006,0.440559932714923,2024.98760705174,2025.01703277909,NA,NA,NA
5159,5160,REU.3.1_1,REU.4.3_1,0.0545607601105086,0.470280386515551,0.415719626405043,2024.96276674543,2025.01732750554,NA,NA,NA
3611,3612,REU.4.3_1,REU.4.8_1,0.0482816224896709,0.470534385575848,0.422252763086177,2024.96929988211,2025.0175815046,NA,NA,NA
3586,3587,REU.4.3_1,REU.4.3_1,0.00529148161003579,0.470955258527899,0.465663776917863,2025.01271089594,2025.01800237755,NA,NA,NA
5644,5645,REU.3.1_1,REU.3.1_1,0.0904983697029714,0.471082410144948,0.380584040441976,2024.92763115946,2025.01812952917,NA,NA,NA
3309,3310,REU.4.3_1,REU.4.3_1,0.0338539263721738,0.471478379206108,0.437624452833934,2024.98467157185,2025.01852549823,NA,NA,NA
4956,4957,REU.3.1_1,REU.3.4_1,0.0339753947065287,0.471776595149141,0.437801200442613,2024.98484831946,2025.01882371417,NA,NA,NA
3846,3847,REU.4.4_1,REU.4.8_1,0.037470302914452,0.471815570571405,0.434345267656953,2024.98139238668,2025.01886268959,NA,NA,NA
5166,16,REU.3.1_1,REU.3.1_1,0.050122206301174,0.472130963170706,0.422008756869532,2024.96905587589,2025.01917808219,CHIKV_RUN_S9b07_2025,55.373644,-21.266206
5645,2618,REU.3.1_1,REU.3.1_1,0.0010485530257579,0.472130963170706,0.471082410144948,2025.01812952917,2025.01917808219,CHIKV_RUN_S9b13_2025,55.365414,-21.258661
3846,3857,REU.4.4_1,REU.4.4_1,0.0378382444165005,0.472183512073454,0.434345267656953,2024.98139238668,2025.01923063109,NA,NA,NA
5167,5168,REU.3.1_1,REU.3.1_1,0.0456672453288431,0.472342544868923,0.42667529954008,2024.97372241856,2025.01938966389,NA,NA,NA
3487,3494,REU.3.5_1,REU.3.5_1,0.0145698568432887,0.472864223788616,0.458294366945327,2025.00534148597,2025.01991134281,NA,NA,NA
4191,4193,REU.4.3_1,REU.4.3_1,0.0123333085542601,0.473015587742215,0.460682279187955,2025.00772939821,2025.02006270676,NA,NA,NA
5933,5941,REU.3.4_1,REU.3.4_1,0.00326586190395695,0.473251521976963,0.469985660073006,2025.01703277909,2025.020298641,NA,NA,NA
5883,5897,REU.3.1_1,REU.4.8_1,0.0771987081317936,0.473304914812503,0.396106206680709,2024.9431533257,2025.02035203383,NA,NA,NA
4034,4035,REU.4.3_1,REU.4.3_1,0.0129330293779462,0.47346999328915,0.460536963911203,2025.00758408293,2025.02051711231,NA,NA,NA
3951,3952,REU.4.3_1,REU.4.3_1,0.0206682798314416,0.473520117994579,0.452851838163138,2024.99989895718,2025.02056723702,NA,NA,NA
3612,3613,REU.4.8_1,REU.4.8_1,0.00319848546815138,0.473732871043999,0.470534385575848,2025.0175815046,2025.02077999006,NA,NA,NA
4415,4416,REU.2.3_1,REU.2.3_1,0.0503177602655717,0.473762301152855,0.423444540887283,2024.97049165991,2025.02080942017,NA,NA,NA
3523,3525,REU.4.3_1,REU.4.3_1,0.0227177415514144,0.473812117359029,0.451094375807614,2024.99814149483,2025.02085923638,NA,NA,NA
5219,5291,REU.4.5_1,REU.4.5_1,0.0503306451036588,0.47390699392392,0.423576348820261,2024.97062346784,2025.02095411294,NA,NA,NA
3164,3165,REU.3.1_1,REU.3.1_1,0.0390197584976478,0.474306273045749,0.435286514548101,2024.98233363357,2025.02135339207,NA,NA,NA
4221,4222,REU.4.3_1,REU.4.3_1,0.0186556161489585,0.474542389587126,0.455886773438168,2025.00293389246,2025.02158950861,NA,NA,NA
5263,5270,REU.4.5_1,REU.4.5_1,0.0196549995587393,0.474666042696565,0.455011043137826,2025.00205816216,2025.02171316172,NA,NA,NA
5816,2552,REU.3.1_1,REU.3.1_1,0.00686437664387063,0.474870689198063,0.468006312554193,2025.01505343158,2025.02191780822,CHIKV_RUN_S9b44_2025,55.365035,-21.259783
5450,5463,REU.3.1_1,REU.3.1_1,0.0477111210053367,0.47509075558461,0.427379634579273,2024.9744267536,2025.02213787461,NA,NA,NA
5716,5717,REU.3.1_1,REU.4.8_1,0.0695814791912445,0.475268514464155,0.40568703527291,2024.95273415429,2025.02231563349,NA,NA,NA
4200,4206,REU.4.3_1,REU.4.3_1,0.00809264100946572,0.475824260593989,0.467731619584523,2025.01477873861,2025.02287137962,NA,NA,NA
4818,4819,REU.4.3_1,REU.4.3_1,0.0615656665451442,0.476163132740982,0.414597466195838,2024.96164458522,2025.02321025176,NA,NA,NA
5444,5445,REU.3.1_1,REU.3.1_1,0.0151220854509714,0.476257527926928,0.461135442475956,2025.0081825615,2025.02330464695,NA,NA,NA
5221,5260,REU.4.5_1,REU.4.5_1,0.0251281981100131,0.476314072406974,0.451185874296961,2024.99823299332,2025.02336119143,NA,NA,NA
3690,3691,REU.4.3_1,REU.4.3_1,0.0150536901647143,0.476886659368494,0.46183296920378,2025.00888008822,2025.02393377839,NA,NA,NA
4921,4922,REU.3.1_1,REU.3.1_1,0.0246605232428706,0.47692890856998,0.452268385327109,2024.99931550435,2025.02397602759,NA,NA,NA
5619,5636,REU.3.1_1,REU.3.1_1,0.0700579897055728,0.476931492065321,0.406873502359749,2024.95392062138,2025.02397861109,NA,NA,NA
4609,4611,REU.4.3_1,REU.4.3_1,0.0100093544365371,0.477007067967627,0.46699771353109,2025.01404483255,2025.02405418699,NA,NA,NA
3994,3995,REU.4.3_1,REU.4.3_1,0.0692710306809164,0.477233846472964,0.407962815792048,2024.95500993481,2025.02428096549,NA,NA,NA
3310,3311,REU.4.3_1,REU.4.3_1,0.00585616065083239,0.47733453985694,0.471478379206108,2025.01852549823,2025.02438165888,NA,NA,NA
5736,2795,REU.3.1_1,REU.4.6_1,0.0515377813764031,0.477610415225648,0.426072633849245,2024.97311975287,2025.02465753425,CHIKV_RUN_S12b06_2025,55.437936,-21.26189
5733,1815,REU.3.1_1,REU.4.6_1,0.046246006584551,0.477610415225648,0.431364408641097,2024.97841152766,2025.02465753425,CHIKV_RUN_S15b64_2025,55.440285,-21.263275
6207,3043,REU.3.1_1,REU.3.1_1,0.0209118051466726,0.477610415225648,0.456698610078975,2025.0037457291,2025.02465753425,CHIKV_RUN_S9b35_2025,55.357447,-21.258959
5734,3070,REU.3.1_1,REU.3.1_1,0.0199670406106001,0.477610415225648,0.457643374615048,2025.00469049364,2025.02465753425,CHIKV_RUN_S12b51_2025,55.363068,-21.255442
4956,4961,REU.3.1_1,REU.3.1_1,0.0398644488561486,0.477665649298761,0.437801200442613,2024.98484831946,2025.02471276832,NA,NA,NA
3586,3598,REU.4.3_1,REU.4.3_1,0.0120063217426508,0.477670098660514,0.465663776917863,2025.01271089594,2025.02471721768,NA,NA,NA
3735,3755,REU.4.3_1,REU.4.3_1,0.0122189153216026,0.477908523791906,0.465689608470304,2025.01273672749,2025.02495564281,NA,NA,NA
3638,3639,REU.4.3_1,REU.4.3_1,0.0501461982961208,0.478006264810401,0.42786006651428,2024.97490718554,2025.02505338383,NA,NA,NA
4010,4025,REU.4.3_1,REU.4.3_1,0.0297086406371522,0.47806289399531,0.448354253358158,2024.99540137238,2025.02511001302,NA,NA,NA
3357,3390,REU.4.3_1,REU.4.3_1,0.0440435290741713,0.478076705631482,0.43403317655731,2024.98108029558,2025.02512382465,NA,NA,NA
3549,3550,REU.4.3_1,REU.4.3_1,0.0555801475013342,0.478180413201541,0.422600265700207,2024.96964738472,2025.02522753222,NA,NA,NA
5513,5514,REU.4.1_1,REU.4.1_1,0.0391435791510927,0.47830953634529,0.439165957194197,2024.98621307622,2025.02535665537,NA,NA,NA
5621,5622,REU.3.1_1,REU.4.6_1,0.035128667372878,0.478624562841457,0.443495895468579,2024.99054301449,2025.02567168186,NA,NA,NA
5435,5436,REU.3.1_1,REU.3.4_1,0.042432829361745,0.478791022433491,0.436358193071746,2024.98340531209,2025.02583814145,NA,NA,NA
4740,4741,REU.4.5_1,REU.4.5_1,0.00920842480283113,0.479084905718826,0.469876480915995,2025.01692359994,2025.02613202474,NA,NA,NA
3265,3266,REU.4.3_1,REU.4.3_1,0.0566462103548809,0.479104586891674,0.422458376536793,2024.96950549556,2025.02615170591,NA,NA,NA
5348,5349,REU.3.4_1,REU.3.4_1,0.0136150398678105,0.479183272426689,0.465568232558878,2025.01261535158,2025.02623039145,NA,NA,NA
3712,3720,REU.4.3_1,REU.4.3_1,0.0133350363405929,0.479265517451383,0.46593048111079,2025.01297760013,2025.02631263647,NA,NA,NA
5059,5060,REU.3.1_1,REU.3.1_1,0.017381329853034,0.479395169533045,0.462013839680011,2025.0090609587,2025.02644228855,NA,NA,NA
3950,3969,REU.4.3_1,REU.4.3_1,0.0377088487454086,0.479425664459252,0.441716815713844,2024.98876393473,2025.02647278348,NA,NA,NA
3766,3767,REU.4.3_1,REU.4.3_1,0.0621657165314783,0.479488670755718,0.41732295422424,2024.96437007325,2025.02653578978,NA,NA,NA
4981,4982,REU.3.1_1,REU.2.3_1,0.0530489079702336,0.479499354796731,0.426450446826497,2024.97349756585,2025.02654647382,NA,NA,NA
3550,3558,REU.4.3_1,REU.4.3_1,0.00133423203459149,0.479514645236133,0.478180413201541,2025.02522753222,2025.02656176426,NA,NA,NA
3513,3514,REU.4.3_1,REU.4.3_1,0.0370792740847929,0.479795272801877,0.442715998717084,2024.98976311774,2025.02684239182,NA,NA,NA
5291,5307,REU.4.5_1,REU.4.5_1,0.0060117633046306,0.479918757228551,0.47390699392392,2025.02095411294,2025.02696587625,NA,NA,NA
3409,3417,REU.4.3_1,REU.2.3_1,0.0105917827078011,0.479933971456828,0.469342188749027,2025.01638930777,2025.02698109048,NA,NA,NA
5836,5870,REU.3.1_1,REU.4.8_1,0.0262952228156578,0.480395028113612,0.454099805297955,2025.00114692432,2025.02744214713,NA,NA,NA
3638,3658,REU.4.3_1,REU.4.3_1,0.0527905972668867,0.480650663781166,0.42786006651428,2024.97490718554,2025.0276977828,NA,NA,NA
5394,5395,REU.3.1_1,REU.3.1_1,0.099148546917806,0.48105665922551,0.381908112307704,2024.92895523133,2025.02810377825,NA,NA,NA
5657,5658,REU.3.1_1,REU.3.1_1,0.0947030135127612,0.481471424595014,0.386768411082253,2024.9338155301,2025.02851854362,NA,NA,NA
6154,6155,REU.4.8_1,REU.4.8_1,0.0329059896478986,0.481539653932381,0.448633664284483,2024.99568078331,2025.02858677295,NA,NA,NA
5060,5061,REU.3.1_1,REU.3.1_1,0.00234456270100569,0.481739732234051,0.479395169533045,2025.02644228855,2025.02878685126,NA,NA,NA
4674,4675,REU.4.3_1,REU.4.3_1,0.0199373567714236,0.481864753498973,0.46192739672755,2025.00897451575,2025.02891187252,NA,NA,NA
3755,3756,REU.4.3_1,REU.4.3_1,0.00400369155746338,0.48191221534937,0.477908523791906,2025.02495564281,2025.02895933437,NA,NA,NA
3969,3970,REU.4.3_1,REU.4.3_1,0.00266635770992774,0.48209202216918,0.479425664459252,2025.02647278348,2025.02913914119,NA,NA,NA
5415,5416,REU.3.1_1,REU.3.1_1,0.0378062811436842,0.482289779949947,0.444483498806263,2024.99153061783,2025.02933689897,NA,NA,NA
4596,4636,REU.4.3_1,REU.4.3_1,0.0478174658039159,0.482403071029405,0.434585605225489,2024.98163272425,2025.02945019005,NA,NA,NA
4360,4361,REU.4.3_1,REU.4.3_1,0.0441526673528859,0.482518695528224,0.438366028175338,2024.9854131472,2025.02956581455,NA,NA,NA
4422,4437,REU.3.5_1,REU.3.5_1,0.012863434704487,0.482520143285698,0.469656708581211,2025.0167038276,2025.02956726231,NA,NA,NA
3122,3131,REU.3.1_1,REU.3.1_1,0.013923724971924,0.482710327168625,0.468786602196701,2025.01583372122,2025.02975744619,NA,NA,NA
4922,4930,REU.3.1_1,REU.3.1_1,0.00583892490977445,0.482767833479754,0.47692890856998,2025.02397602759,2025.0298149525,NA,NA,NA
4360,4372,REU.4.3_1,REU.4.3_1,0.044709086930645,0.483075115105983,0.438366028175338,2024.9854131472,2025.03012223413,NA,NA,NA
4299,4300,REU.4.3_1,REU.2.3_1,0.0144956756748446,0.483181725363261,0.468686049688416,2025.01573316871,2025.03022884438,NA,NA,NA
3162,3190,REU.3.1_1,REU.4.8_1,0.064893528808434,0.48327651677339,0.418382987964956,2024.96543010699,2025.03032363579,NA,NA,NA
3767,3770,REU.4.3_1,REU.4.3_1,0.00384893438760958,0.483337605143328,0.479488670755718,2025.02653578978,2025.03038472416,NA,NA,NA
4704,4705,REU.4.5_1,REU.4.5_1,0.0274664767831986,0.483454893761763,0.455988416978564,2025.003035536,2025.03050201278,NA,NA,NA
4338,4339,REU.4.3_1,REU.4.3_1,0.0179402184413403,0.483550419979349,0.465610201538009,2025.01265732056,2025.030597539,NA,NA,NA
3163,3170,REU.3.1_1,REU.3.1_1,0.0562651761068028,0.483734211743967,0.427469035637164,2024.97451615466,2025.03078133076,NA,NA,NA
3712,3713,REU.4.3_1,REU.4.3_1,0.0179578689709564,0.483888350081746,0.46593048111079,2025.01297760013,2025.0309354691,NA,NA,NA
3309,3339,REU.4.3_1,REU.4.3_1,0.0463522227499681,0.483976675583902,0.437624452833934,2024.98467157185,2025.0310237946,NA,NA,NA
4010,4011,REU.4.3_1,REU.4.8_1,0.035865485638324,0.484219738996482,0.448354253358158,2024.99540137238,2025.03126685802,NA,NA,NA
6031,6049,REU.2.3_1,REU.2.3_1,0.0432547442523152,0.484238605866858,0.440983861614543,2024.98803098064,2025.03128572489,NA,NA,NA
5762,5782,REU.3.1_1,REU.3.1_1,0.0899774004187964,0.48433528915784,0.394357888739044,2024.94140500776,2025.03138240818,NA,NA,NA
4535,4542,REU.4.3_1,REU.4.3_1,0.0162195643676247,0.484445507670524,0.468225943302899,2025.01527306232,2025.03149262669,NA,NA,NA
4961,4962,REU.3.1_1,REU.3.1_1,0.0070156633574443,0.484681312656205,0.477665649298761,2025.02471276832,2025.03172843168,NA,NA,NA
4220,4284,REU.4.3_1,REU.4.3_1,0.0337824377937948,0.485045249867435,0.45126281207364,2024.99830993109,2025.03209236889,NA,NA,NA
3995,3996,REU.4.3_1,REU.4.3_1,0.0078615176359299,0.485095364108894,0.477233846472964,2025.02428096549,2025.03214248313,NA,NA,NA
5039,5040,REU.3.1_1,REU.3.1_1,0.0905357131406612,0.485101147948935,0.394565434808273,2024.94161255383,2025.03214826697,NA,NA,NA
3131,3132,REU.3.1_1,REU.3.1_1,0.00239367214336672,0.485103999311991,0.482710327168625,2025.02975744619,2025.03215111833,NA,NA,NA
3613,3614,REU.4.8_1,REU.4.8_1,0.01139504811143,0.485127919155429,0.473732871043999,2025.02077999006,2025.03217503818,NA,NA,NA
3735,3736,REU.4.3_1,REU.4.3_1,0.0195313383567217,0.485220946827025,0.465689608470304,2025.01273672749,2025.03226806585,NA,NA,NA
5131,5132,REU.4.3_1,REU.4.3_1,0.0159344967853131,0.485366820346339,0.469432323561026,2025.01647944258,2025.03241393937,NA,NA,NA
4096,4103,REU.4.3_1,REU.4.3_1,0.0189447501733486,0.485506324196321,0.466561574022972,2025.01360869304,2025.03255344322,NA,NA,NA
4437,4438,REU.3.5_1,REU.3.5_1,0.00312818975636897,0.485648333042067,0.482520143285698,2025.02956726231,2025.03269545206,NA,NA,NA
4955,1920,REU.3.1_1,REU.4.8_1,0.0209637053779909,0.48582959330772,0.464865887929729,2025.01191300695,2025.03287671233,CHIKV_RUN_S10b66_2025,55.463444,-21.340653
4819,1455,REU.4.3_1,REU.4.3_1,0.0096664605667377,0.48582959330772,0.476163132740982,2025.02321025176,2025.03287671233,CHIKV_RUN_S8b64_2025,55.511546,-21.290774
5060,2636,REU.3.1_1,REU.3.1_1,0.00643442377467529,0.48582959330772,0.479395169533045,2025.02644228855,2025.03287671233,CHIKV_RUN_S9b41_2025,55.36684,-21.253691
5782,2009,REU.3.1_1,REU.3.1_1,0.00149430414987972,0.48582959330772,0.48433528915784,2025.03138240818,2025.03287671233,CHIKV_RUN_S9b55_2025,55.369315,-21.25742
3857,3876,REU.4.4_1,REU.4.4_1,0.0137211659135311,0.485904677986985,0.472183512073454,2025.01923063109,2025.03295179701,NA,NA,NA
5694,5703,REU.4.3_1,REU.4.3_1,0.0494735392768594,0.486015626178252,0.436542086901392,2024.98358920592,2025.0330627452,NA,NA,NA
3847,3848,REU.4.8_1,REU.4.8_1,0.0145445707738024,0.486360141345208,0.471815570571405,2025.01886268959,2025.03340726037,NA,NA,NA
3266,3267,REU.4.3_1,REU.4.3_1,0.0075079307998901,0.486612517691564,0.479104586891674,2025.02615170591,2025.03365963671,NA,NA,NA
3508,3509,REU.4.3_1,REU.4.3_1,0.0950987402014788,0.486634931497836,0.391536191296358,2024.93858331032,2025.03368205052,NA,NA,NA
5109,5110,REU.4.3_1,REU.4.3_1,0.0493217408493459,0.486717306254095,0.437395565404749,2024.98444268443,2025.03376442528,NA,NA,NA
5270,5286,REU.4.5_1,REU.4.5_1,0.0122098323486961,0.486875875045261,0.474666042696565,2025.02171316172,2025.03392299407,NA,NA,NA
4741,4756,REU.4.5_1,REU.4.5_1,0.00791632649547636,0.487001232214302,0.479084905718826,2025.02613202474,2025.03404835124,NA,NA,NA
5902,5903,REU.3.1_1,REU.4.3_1,0.0401932656837648,0.487012145433389,0.446818879749624,2024.99386599877,2025.03405926445,NA,NA,NA
5785,5786,REU.3.1_1,REU.3.1_1,0.0432552660296996,0.487087118294556,0.443831852264856,2024.99087897129,2025.03413423732,NA,NA,NA
6049,6057,REU.2.3_1,REU.2.3_1,0.0028546801928625,0.487093286059721,0.484238605866858,2025.03128572489,2025.03414040508,NA,NA,NA
4495,4548,REU.4.3_1,REU.4.3_1,0.0652889411882688,0.487239940871468,0.4219509996832,2024.9689981187,2025.03428705989,NA,NA,NA
3206,3207,REU.4.3_1,REU.4.3_1,0.0285664502063023,0.487444318830342,0.458877868624039,2025.00592498765,2025.03449143785,NA,NA,NA
3170,3172,REU.3.1_1,REU.3.1_1,0.00378014339420873,0.487514355138176,0.483734211743967,2025.03078133076,2025.03456147416,NA,NA,NA
4957,4958,REU.3.4_1,REU.3.4_1,0.0159396530263322,0.487716248175473,0.471776595149141,2025.01882371417,2025.0347633672,NA,NA,NA
3996,3997,REU.4.3_1,REU.4.3_1,0.00280170144412684,0.487897065553021,0.485095364108894,2025.03214248313,2025.03494418457,NA,NA,NA
5786,5806,REU.3.1_1,REU.4.8_1,0.00103824938378605,0.488125367678342,0.487087118294556,2025.03413423732,2025.0351724867,NA,NA,NA
5222,5243,REU.4.5_1,REU.4.5_1,0.0276631918025712,0.488157128098879,0.460493936296308,2025.00754105532,2025.03520424712,NA,NA,NA
4238,4239,REU.4.3_1,REU.4.3_1,0.0198213437071418,0.488196603067066,0.468375259359924,2025.01542237838,2025.03524372209,NA,NA,NA
3340,898,REU.4.3_1,REU.4.3_1,0.118560236863695,0.488569319335078,0.370009082471382,2024.91705620149,2025.03561643836,CHIKV_RUN_S9b83_2025,55.530559,-21.194993
4953,2359,REU.3.1_1,REU.4.6_1,0.0405642872186668,0.488569319335078,0.448005032116411,2024.99505215114,2025.03561643836,CHIKV_RUN_S9b31_2025,55.439303,-21.261898
3408,1352,REU.4.3_1,REU.4.8_1,0.038163857462596,0.488569319335078,0.450405461872482,2024.99745258089,2025.03561643836,CHIKV_RUN_S9b52_2025,55.481378,-21.286908
3564,249,REU.4.3_1,REU.4.3_1,0.0243608758360379,0.488569319335078,0.46420844349904,2025.01125556252,2025.03561643836,CHIKV_RUN_S10b65_2025,55.530559,-21.194993
5816,2551,REU.3.1_1,REU.4.3_1,0.020563006780885,0.488569319335078,0.468006312554193,2025.01505343158,2025.03561643836,CHIKV_RUN_S12b07_2025,55.521114,-21.238608
3720,828,REU.4.3_1,REU.4.8_1,0.00930380188369473,0.488569319335078,0.479265517451383,2025.02631263647,2025.03561643836,CHIKV_RUN_S9b40_2025,55.478977,-21.283245
5110,2263,REU.4.3_1,REU.4.3_1,0.00185201308098237,0.488569319335078,0.486717306254095,2025.03376442528,2025.03561643836,CHIKV_RUN_S10b64_2025,55.535637,-21.312182
5763,5764,REU.3.1_1,REU.4.8_1,0.094730754803101,0.489463352794236,0.394732597991135,2024.94177971701,2025.03651047182,NA,NA,NA
4642,4643,REU.4.3_1,REU.4.3_1,0.0231464185999501,0.489556084105219,0.466409665505269,2025.01345678453,2025.03660320313,NA,NA,NA
5222,5223,REU.4.5_1,REU.4.5_1,0.0291467677992647,0.489640704095573,0.460493936296308,2025.00754105532,2025.03668782312,NA,NA,NA
4103,4104,REU.4.3_1,REU.4.3_1,0.00430345081967343,0.489809775015994,0.485506324196321,2025.03255344322,2025.03685689404,NA,NA,NA
3639,3641,REU.4.3_1,REU.4.3_1,0.0118649917018541,0.489871256512255,0.478006264810401,2025.02505338383,2025.03691837553,NA,NA,NA
4548,4549,REU.4.3_1,REU.4.3_1,0.00264273588041886,0.489882676751887,0.487239940871468,2025.03428705989,2025.03692979577,NA,NA,NA
3266,3291,REU.4.3_1,REU.4.3_1,0.0108054352902259,0.4899100221819,0.479104586891674,2025.02615170591,2025.0369571412,NA,NA,NA
4976,4977,REU.3.1_1,REU.3.1_1,0.036041532597772,0.490052996778688,0.454011464180916,2025.0010585832,2025.0371001158,NA,NA,NA
3417,3418,REU.2.3_1,REU.2.3_1,0.0105407253192846,0.490474696776113,0.479933971456828,2025.02698109048,2025.0375218158,NA,NA,NA
3523,3524,REU.4.3_1,REU.4.3_1,0.0394538096241982,0.490548185431812,0.451094375807614,2024.99814149483,2025.03759530445,NA,NA,NA
3969,3980,REU.4.3_1,REU.4.3_1,0.0113558770494376,0.49078154150869,0.479425664459252,2025.02647278348,2025.03782866053,NA,NA,NA
5501,5502,REU.3.1_1,REU.4.8_1,0.0273662748352654,0.490782174178407,0.463415899343142,2025.01046301836,2025.0378292932,NA,NA,NA
5050,5051,REU.3.1_1,REU.4.3_1,0.0843795813920873,0.491035410493847,0.40665582910176,2024.95370294812,2025.03808252951,NA,NA,NA
4834,4836,REU.4.3_1,REU.4.3_1,0.026740674137257,0.491119624851292,0.464378950714035,2025.01142606974,2025.03816674387,NA,NA,NA
5168,5169,REU.3.1_1,REU.3.1_1,0.0188643512414345,0.491206896110357,0.472342544868923,2025.01938966389,2025.03825401513,NA,NA,NA
3843,888,REU.4.3_1,REU.4.3_1,0.076594477955612,0.491309045362435,0.414714567406823,2024.96176168643,2025.03835616438,CHIKV_RUN_S9b84_2025,55.50038,-21.26625
5658,2613,REU.3.1_1,REU.3.1_1,0.00983762076742067,0.491309045362435,0.481471424595014,2025.02851854362,2025.03835616438,CHIKV_RUN_S9b81_2025,55.366189,-21.2601
5349,5350,REU.3.4_1,REU.3.4_1,0.0122382504312522,0.491421522857941,0.479183272426689,2025.02623039145,2025.03846864188,NA,NA,NA
4836,4844,REU.4.3_1,REU.4.3_1,0.000327735420647235,0.49144736027194,0.491119624851292,2025.03816674387,2025.03849447929,NA,NA,NA
3207,3208,REU.4.3_1,REU.4.3_1,0.00403606988009908,0.491480388710441,0.487444318830342,2025.03449143785,2025.03852750773,NA,NA,NA
3941,3942,REU.4.3_1,REU.4.3_1,0.0859165305653143,0.49164480647676,0.405728275911446,2024.95277539493,2025.0386919255,NA,NA,NA
4104,4105,REU.4.3_1,REU.4.3_1,0.00191991048344287,0.491729685499437,0.489809775015994,2025.03685689404,2025.03877680452,NA,NA,NA
3208,3211,REU.4.3_1,REU.4.3_1,0.000259350243724588,0.491739738954165,0.491480388710441,2025.03852750773,2025.03878685798,NA,NA,NA
5451,5452,REU.3.1_1,REU.3.1_1,0.0552586886708555,0.491884813777124,0.436626125106269,2024.98367324413,2025.0389319328,NA,NA,NA
4548,4574,REU.4.3_1,REU.4.3_1,0.00473023937008588,0.491970180241554,0.487239940871468,2025.03428705989,2025.03901729926,NA,NA,NA
3558,3559,REU.4.3_1,REU.4.3_1,0.0125340001681596,0.492048645404292,0.479514645236133,2025.02656176426,2025.03909576443,NA,NA,NA
3736,3737,REU.4.3_1,REU.4.3_1,0.00706687819778429,0.49228782502481,0.485220946827025,2025.03226806585,2025.03933494405,NA,NA,NA
5399,5400,REU.4.5_1,REU.4.5_1,0.0270344327483081,0.49273873570534,0.465704302957031,2025.01275142198,2025.03978585473,NA,NA,NA
5819,5820,REU.3.1_1,REU.4.8_1,0.0905634010894382,0.49309063718189,0.402527236092452,2024.94957435511,2025.0401377562,NA,NA,NA
4025,4027,REU.4.3_1,REU.4.3_1,0.0153374721104602,0.49340036610577,0.47806289399531,2025.02511001302,2025.04044748513,NA,NA,NA
5307,5310,REU.4.5_1,REU.4.5_1,0.013687411409156,0.493606168637707,0.479918757228551,2025.02696587625,2025.04065328766,NA,NA,NA
4651,4652,REU.4.3_1,REU.4.8_1,0.11678667703577,0.493676253216346,0.376889576180576,2024.9239366952,2025.04072337224,NA,NA,NA
5463,5465,REU.3.1_1,REU.3.1_1,0.0191887413159729,0.494279496900583,0.47509075558461,2025.02213787461,2025.04132661592,NA,NA,NA
4982,4984,REU.2.3_1,REU.2.3_1,0.0149214132299085,0.49442076802664,0.479499354796731,2025.02654647382,2025.04146788705,NA,NA,NA
4105,4106,REU.4.3_1,REU.4.3_1,0.0027702855286047,0.494499971028042,0.491729685499437,2025.03877680452,2025.04154709005,NA,NA,NA
4499,4503,REU.4.3_1,REU.4.3_1,0.041776966960271,0.494798161775313,0.453021194815042,2025.00006831384,2025.0418452808,NA,NA,NA
3267,3279,REU.4.3_1,REU.4.3_1,0.00826371809640991,0.494876235787974,0.486612517691564,2025.03365963671,2025.04192335481,NA,NA,NA
4643,4645,REU.4.3_1,REU.4.3_1,0.00542122516335608,0.494977309268575,0.489556084105219,2025.03660320313,2025.04202442829,NA,NA,NA
5320,5321,REU.3.4_1,REU.3.4_1,0.127172000757423,0.49510633281659,0.367934332059167,2024.91498145108,2025.04215345184,NA,NA,NA
5903,5904,REU.4.3_1,REU.4.3_1,0.0085480852014842,0.495560230634873,0.487012145433389,2025.03405926445,2025.04260734966,NA,NA,NA
5870,5871,REU.4.8_1,REU.4.8_1,0.0155004371850994,0.495895465298712,0.480395028113612,2025.02744214713,2025.04294258432,NA,NA,NA
5451,5462,REU.3.1_1,REU.3.1_1,0.0592928851653415,0.49591901027161,0.436626125106269,2024.98367324413,2025.04296612929,NA,NA,NA
6002,6003,REU.2.3_1,REU.2.3_1,0.0674851700475808,0.495967628543517,0.428482458495936,2024.97552957752,2025.04301474756,NA,NA,NA
4011,4012,REU.4.8_1,REU.4.8_1,0.0117889281638985,0.496008667160381,0.484219738996482,2025.03126685802,2025.04305578618,NA,NA,NA
4549,4561,REU.4.3_1,REU.4.3_1,0.00613525173623175,0.496017928488119,0.489882676751887,2025.03692979577,2025.04306504751,NA,NA,NA
5111,5112,REU.4.3_1,REU.4.3_1,0.0370427605593406,0.49657646960945,0.45953370905011,2025.00658082807,2025.04362358863,NA,NA,NA
6210,6211,REU.4.3_1,REU.4.3_1,0.0451329637854312,0.49661103229384,0.451478068508409,2024.99852518753,2025.04365815131,NA,NA,NA
4574,1639,REU.4.3_1,REU.4.4_1,0.00481831717582271,0.496788497417377,0.491970180241554,2025.03901729926,2025.04383561644,CHIKV_RUN_S8b67_2025,55.56018,-21.342402
3612,3619,REU.4.8_1,REU.4.8_1,0.0262752568731717,0.49680964244902,0.470534385575848,2025.0175815046,2025.04385676147,NA,NA,NA
4611,4612,REU.4.3_1,REU.4.3_1,0.0198059300275505,0.496812997995177,0.477007067967627,2025.02405418699,2025.04386011702,NA,NA,NA
4284,4296,REU.4.3_1,REU.4.3_1,0.0119786175449513,0.497023867412386,0.485045249867435,2025.03209236889,2025.04407098643,NA,NA,NA
3279,3280,REU.4.3_1,REU.4.3_1,0.00246018435695461,0.497336420144929,0.494876235787974,2025.04192335481,2025.04438353917,NA,NA,NA
4191,4192,REU.4.3_1,REU.4.3_1,0.0366572929157797,0.497339572103735,0.460682279187955,2025.00772939821,2025.04438669112,NA,NA,NA
5974,5975,REU.3.4_1,REU.3.4_1,0.0280250528884535,0.497342086454557,0.469317033566103,2025.01636415259,2025.04438920548,NA,NA,NA
4106,4107,REU.4.3_1,REU.4.3_1,0.00299701568121769,0.497496986709259,0.494499971028042,2025.04154709005,2025.04454410573,NA,NA,NA
5010,5011,REU.3.1_1,REU.3.1_1,0.101106732685998,0.497542851399889,0.396436118713891,2024.94348323773,2025.04458997042,NA,NA,NA
5223,5230,REU.4.5_1,REU.4.5_1,0.00826681416915598,0.497907518264729,0.489640704095573,2025.03668782312,2025.04495463729,NA,NA,NA
5321,5329,REU.3.4_1,REU.3.4_1,0.00285453222959042,0.497960865046181,0.49510633281659,2025.04215345184,2025.04500798407,NA,NA,NA
3136,3138,REU.3.1_1,REU.3.1_1,0.0405570272261452,0.498038756286398,0.457481729060253,2025.00452884808,2025.04508587531,NA,NA,NA
5350,5351,REU.3.4_1,REU.3.4_1,0.00666118505162616,0.498082707909567,0.491421522857941,2025.03846864188,2025.04512982693,NA,NA,NA
3598,3599,REU.4.3_1,REU.4.3_1,0.0204396379665874,0.498109736627101,0.477670098660514,2025.02471721768,2025.04515685565,NA,NA,NA
5740,5741,REU.3.1_1,REU.4.8_1,0.0502664112321087,0.498260267243748,0.447993856011639,2024.99504097503,2025.04530738626,NA,NA,NA
5131,5153,REU.4.3_1,REU.4.3_1,0.0288694353689671,0.498301758929993,0.469432323561026,2025.01647944258,2025.04534887795,NA,NA,NA
4239,4242,REU.4.3_1,REU.4.3_1,0.0101630826185058,0.498359685685572,0.488196603067066,2025.03524372209,2025.04540680471,NA,NA,NA
3599,3602,REU.4.3_1,REU.4.3_1,0.000898232530710752,0.499007969157812,0.498109736627101,2025.04515685565,2025.04605508818,NA,NA,NA
3765,3817,REU.4.3_1,REU.4.3_1,0.0822170654521539,0.499254132379356,0.417037066927203,2024.96408418595,2025.0463012514,NA,NA,NA
5415,5422,REU.3.1_1,REU.3.1_1,0.0547990673885151,0.499282566194778,0.444483498806263,2024.99153061783,2025.04632968522,NA,NA,NA
5597,5598,REU.4.6_1,REU.4.6_1,0.0360209247866956,0.499378059523864,0.463357134737169,2025.01040425376,2025.04642517854,NA,NA,NA
3494,3495,REU.3.5_1,REU.3.5_1,0.0265445414478844,0.4994087652365,0.472864223788616,2025.01991134281,2025.04645588426,NA,NA,NA
3770,3772,REU.4.3_1,REU.4.3_1,0.0163520017744345,0.499689606917762,0.483337605143328,2025.03038472416,2025.04673672594,NA,NA,NA
3487,3488,REU.3.5_1,REU.3.5_1,0.0414340022733999,0.499728369218727,0.458294366945327,2025.00534148597,2025.04677548824,NA,NA,NA
3564,3565,REU.4.3_1,REU.4.3_1,0.0358812784989205,0.50008972199796,0.46420844349904,2025.01125556252,2025.04713684102,NA,NA,NA
5786,5787,REU.3.1_1,REU.3.1_1,0.0130094318051077,0.500096550099663,0.487087118294556,2025.03413423732,2025.04714366912,NA,NA,NA
4242,4245,REU.4.3_1,REU.4.3_1,0.00175683412687433,0.500116519812446,0.498359685685572,2025.04540680471,2025.04716363883,NA,NA,NA
3817,3823,REU.4.3_1,REU.4.3_1,0.00120555514537102,0.500459687524727,0.499254132379356,2025.0463012514,2025.04750680655,NA,NA,NA
3857,3858,REU.4.4_1,REU.4.4_1,0.0282805326793611,0.500464044752815,0.472183512073454,2025.01923063109,2025.04751116377,NA,NA,NA
5399,5403,REU.4.5_1,REU.4.5_1,0.0349123915041719,0.500616694461203,0.465704302957031,2025.01275142198,2025.04766381348,NA,NA,NA
3797,3803,REU.4.3_1,REU.4.3_1,0.0428781328793107,0.500623410356167,0.457745277476856,2025.0047923965,2025.04767052938,NA,NA,NA
3235,3248,REU.4.3_1,REU.4.3_1,0.0690408985652777,0.500630239210498,0.43158934064522,2024.97863645967,2025.04767735823,NA,NA,NA
5347,5384,REU.3.4_1,REU.3.4_1,0.0864277611322042,0.500710629393314,0.41428286826111,2024.96132998728,2025.04775774841,NA,NA,NA
5764,5766,REU.4.8_1,REU.4.8_1,0.0112607401717462,0.500724092965982,0.489463352794236,2025.03651047182,2025.04777121199,NA,NA,NA
6123,6124,REU.4.3_1,REU.4.3_1,0.0503793482395563,0.500767354218275,0.450388005978719,2024.997435125,2025.04781447324,NA,NA,NA
4645,4646,REU.4.3_1,REU.4.3_1,0.00583770044469811,0.500815009713273,0.494977309268575,2025.04202442829,2025.04786212873,NA,NA,NA
4012,4013,REU.4.8_1,REU.4.8_1,0.00486349377486173,0.500872160935242,0.496008667160381,2025.04305578618,2025.04791927996,NA,NA,NA
4794,4799,REU.3.1_1,REU.3.1_1,0.0647420736251394,0.500919244087433,0.436177170462294,2024.98322428948,2025.04796636311,NA,NA,NA
4437,4459,REU.3.5_1,REU.3.5_1,0.0184431126091326,0.50096325589483,0.482520143285698,2025.02956726231,2025.04801037492,NA,NA,NA
4222,4223,REU.4.3_1,REU.4.3_1,0.0266990715062149,0.501241461093341,0.474542389587126,2025.02158950861,2025.04828858011,NA,NA,NA
3520,3541,REU.4.3_1,REU.4.3_1,0.0829032388475825,0.501270703298164,0.418367464450581,2024.96541458347,2025.04831782232,NA,NA,NA
4503,4529,REU.4.3_1,REU.4.3_1,0.00655100051416713,0.501349162289481,0.494798161775313,2025.0418452808,2025.04839628131,NA,NA,NA
4172,4180,REU.4.4_1,REU.4.5_1,0.0429372504372107,0.501385704911867,0.458448454474657,2025.0054955735,2025.04843282393,NA,NA,NA
3417,3421,REU.2.3_1,REU.2.3_1,0.0214739961163247,0.501407967573153,0.479933971456828,2025.02698109048,2025.04845508659,NA,NA,NA
3279,3284,REU.4.3_1,REU.4.3_1,0.00653604887290582,0.50141228466088,0.494876235787974,2025.04192335481,2025.04845940368,NA,NA,NA
3848,3849,REU.4.8_1,REU.4.8_1,0.0151749795191557,0.501535120864364,0.486360141345208,2025.03340726037,2025.04858223989,NA,NA,NA
6031,6032,REU.2.3_1,REU.2.3_1,0.0606372303049048,0.501621091919448,0.440983861614543,2024.98803098064,2025.04866821094,NA,NA,NA
3876,3877,REU.4.4_1,REU.4.4_1,0.0158114108814205,0.501716088868406,0.485904677986985,2025.03295179701,2025.04876320789,NA,NA,NA
4675,4676,REU.4.3_1,REU.4.3_1,0.0200639810262117,0.501928734525185,0.481864753498973,2025.02891187252,2025.04897585355,NA,NA,NA
4836,4837,REU.4.3_1,REU.4.3_1,0.0108626578366068,0.501982282687899,0.491119624851292,2025.03816674387,2025.04902940171,NA,NA,NA
4035,4036,REU.4.3_1,REU.4.3_1,0.0287107479578755,0.502180741247025,0.47346999328915,2025.02051711231,2025.04922786027,NA,NA,NA
3543,3544,REU.4.3_1,REU.4.3_1,0.116182888105406,0.502222613822877,0.38603972571747,2024.93308684474,2025.04926973284,NA,NA,NA
3736,755,REU.4.3_1,REU.4.3_1,0.0170470026450665,0.502267949472092,0.485220946827025,2025.03226806585,2025.04931506849,CHIKV_RUN_S8b66_2025,55.510821,-21.285867
4361,4362,REU.4.3_1,REU.4.3_1,0.0200824189381212,0.502601114466345,0.482518695528224,2025.02956581455,2025.04964823349,NA,NA,NA
5932,5949,REU.3.4_1,REU.3.4_1,0.0621128401261094,0.502672772841032,0.440559932714923,2024.98760705174,2025.04971989186,NA,NA,NA
5846,5847,REU.4.6_1,REU.4.6_1,0.0358823751030376,0.502720370365617,0.46683799526258,2025.01388511428,2025.04976748939,NA,NA,NA
4419,4473,REU.4.3_1,REU.4.8_1,0.151672479648082,0.502759416739676,0.351086937091594,2024.89813405611,2025.04980653576,NA,NA,NA
3980,3990,REU.4.3_1,REU.4.3_1,0.0120705944570889,0.502852135965779,0.49078154150869,2025.03782866053,2025.04989925499,NA,NA,NA
5695,5696,REU.4.3_1,REU.4.3_1,0.0558867835736734,0.502901870808329,0.447015087234655,2024.99406220626,2025.04994898983,NA,NA,NA
3248,3252,REU.4.3_1,REU.4.3_1,0.00229534866832148,0.50292558787882,0.500630239210498,2025.04767735823,2025.0499727069,NA,NA,NA
4420,4421,REU.3.5_1,REU.4.6_1,0.0474679708622483,0.502931361908138,0.45546339104589,2025.00251051007,2025.04997848093,NA,NA,NA
4107,4111,REU.4.3_1,REU.4.3_1,0.00545665768028547,0.502953644389545,0.497496986709259,2025.04454410573,2025.05000076341,NA,NA,NA
4284,4285,REU.4.3_1,REU.4.3_1,0.0179564902210496,0.503001740088485,0.485045249867435,2025.03209236889,2025.05004885911,NA,NA,NA
4692,4693,REU.4.8_1,REU.4.8_1,0.0394699035415317,0.503091536936435,0.463621633394904,2025.01066875242,2025.05013865596,NA,NA,NA
5291,5292,REU.4.5_1,REU.4.5_1,0.02927343723169,0.50318043115561,0.47390699392392,2025.02095411294,2025.05022755018,NA,NA,NA
4034,4041,REU.4.3_1,REU.4.3_1,0.0426595411598425,0.503196505071046,0.460536963911203,2025.00758408293,2025.05024362409,NA,NA,NA
4083,4090,REU.4.8_1,REU.2.1_1,0.0425605902271459,0.503209906730468,0.460649316503322,2025.00769643552,2025.05025702575,NA,NA,NA
5416,5417,REU.3.1_1,REU.3.1_1,0.0210026562107946,0.503292436160742,0.482289779949947,2025.02933689897,2025.05033955518,NA,NA,NA
5514,5531,REU.4.1_1,REU.4.1_1,0.025036437228828,0.503345973574118,0.47830953634529,2025.02535665537,2025.0503930926,NA,NA,NA
4673,4681,REU.4.3_1,REU.4.3_1,0.0948715928165376,0.503789013094197,0.408917420277659,2024.9559645393,2025.05083613212,NA,NA,NA
5011,5012,REU.3.1_1,REU.3.1_1,0.00629405749242817,0.503836908892317,0.497542851399889,2025.04458997042,2025.05088402791,NA,NA,NA
4422,4423,REU.3.5_1,REU.2.3_1,0.034245015149435,0.503901723730646,0.469656708581211,2025.0167038276,2025.05094884275,NA,NA,NA
5531,5532,REU.4.1_1,REU.4.1_1,0.000719237695404606,0.504065211269522,0.503345973574118,2025.0503930926,2025.05111233029,NA,NA,NA
3797,3798,REU.4.3_1,REU.4.3_1,0.0465154526117738,0.50426073008863,0.457745277476856,2025.0047923965,2025.05130784911,NA,NA,NA
5645,5646,REU.3.1_1,REU.4.8_1,0.033242909434322,0.50432531957927,0.471082410144948,2025.01812952917,2025.0513724386,NA,NA,NA
4218,4219,REU.4.3_1,REU.4.4_1,0.0648281879419109,0.504404650995166,0.439576463053255,2024.98662358207,2025.05145177002,NA,NA,NA
3138,3142,REU.3.1_1,REU.3.1_1,0.00638291472577379,0.504421671012172,0.498038756286398,2025.04508587531,2025.05146879003,NA,NA,NA
5452,5453,REU.3.1_1,REU.3.1_1,0.0125667811458999,0.504451594923024,0.491884813777124,2025.0389319328,2025.05149871394,NA,NA,NA
3858,3867,REU.4.4_1,REU.4.4_1,0.00402581687928683,0.504489861632102,0.500464044752815,2025.04751116377,2025.05153698065,NA,NA,NA
4041,4042,REU.4.3_1,REU.4.3_1,0.00129573270727934,0.504492237778325,0.503196505071046,2025.05024362409,2025.0515393568,NA,NA,NA
3877,3881,REU.4.4_1,REU.4.4_1,0.00281509508593736,0.504531183954343,0.501716088868406,2025.04876320789,2025.05157830298,NA,NA,NA
5574,5575,REU.3.1_1,REU.3.1_1,0.0396342003406476,0.504690632427681,0.465056432087034,2025.01210355111,2025.05173775145,NA,NA,NA
5931,5952,REU.3.4_1,REU.3.4_1,0.0701018702132105,0.504766829480648,0.434664959267437,2024.98171207829,2025.0518139485,NA,NA,NA
4819,4820,REU.4.3_1,REU.4.3_1,0.02862099159682,0.504784124337802,0.476163132740982,2025.02321025176,2025.05183124336,NA,NA,NA
5260,2086,REU.4.5_1,REU.4.5_1,0.0286936030924755,0.505007675499449,0.476314072406974,2025.02336119143,2025.05205479452,CHIKV_RUN_S10b74_2025,55.635655,-21.3416
3997,1568,REU.4.3_1,REU.4.3_1,0.0171106099464282,0.505007675499449,0.487897065553021,2025.03494418457,2025.05205479452,CHIKV_RUN_S10b75_2025,55.510689,-21.284803
4529,938,REU.4.3_1,REU.4.3_1,0.00365851320996868,0.505007675499449,0.501349162289481,2025.04839628131,2025.05205479452,CHIKV_RUN_S10b70_2025,55.495923,-21.267607
4219,378,REU.4.4_1,REU.4.4_1,0.000603024504283511,0.505007675499449,0.504404650995166,2025.05145177002,2025.05205479452,CHIKV_RUN_S9b73_2025,55.545941,-21.325712
4794,4795,REU.3.1_1,REU.3.1_1,0.0689251533890499,0.505102323851344,0.436177170462294,2024.98322428948,2025.05214944287,NA,NA,NA
4042,4069,REU.4.3_1,REU.4.3_1,0.000734226765754631,0.50522646454408,0.504492237778325,2025.0515393568,2025.05227358357,NA,NA,NA
4111,4112,REU.4.3_1,REU.4.3_1,0.00237740092558514,0.50533104531513,0.502953644389545,2025.05000076341,2025.05237816434,NA,NA,NA
5169,5170,REU.3.1_1,REU.3.1_1,0.0141729911500327,0.50537988726039,0.491206896110357,2025.03825401513,2025.05242700628,NA,NA,NA
4423,4424,REU.2.3_1,REU.2.3_1,0.00162710195255322,0.505528825683199,0.503901723730646,2025.05094884275,2025.0525759447,NA,NA,NA
3691,3692,REU.4.3_1,REU.4.3_1,0.0286492594522906,0.505535918820785,0.476886659368494,2025.02393377839,2025.05258303784,NA,NA,NA
5717,5718,REU.4.8_1,REU.4.8_1,0.030379985653873,0.505648500118028,0.475268514464155,2025.02231563349,2025.05269561914,NA,NA,NA
3847,3854,REU.4.8_1,REU.4.8_1,0.033914543238047,0.505730113809452,0.471815570571405,2025.01886268959,2025.05277723283,NA,NA,NA
5871,5872,REU.4.8_1,REU.4.8_1,0.00987856317183022,0.505774028470542,0.495895465298712,2025.04294258432,2025.05282114749,NA,NA,NA
4042,4043,REU.4.3_1,REU.4.3_1,0.00135691780849745,0.505849155586823,0.504492237778325,2025.0515393568,2025.05289627461,NA,NA,NA
4612,4613,REU.4.3_1,REU.4.3_1,0.00918042795475449,0.505993425949932,0.496812997995177,2025.04386011702,2025.05304054497,NA,NA,NA
4245,4246,REU.4.3_1,REU.4.3_1,0.00588113221920794,0.505997652031654,0.500116519812446,2025.04716363883,2025.05304477105,NA,NA,NA
5806,5807,REU.4.8_1,REU.4.8_1,0.0179152782982183,0.50604064597656,0.488125367678342,2025.0351724867,2025.053087765,NA,NA,NA
4112,4113,REU.4.3_1,REU.4.3_1,0.000743444728315446,0.506074490043445,0.50533104531513,2025.05237816434,2025.05312160906,NA,NA,NA
5417,5418,REU.3.1_1,REU.3.1_1,0.00288972259951725,0.506182158760259,0.503292436160742,2025.05033955518,2025.05322927778,NA,NA,NA
4879,4880,REU.2.3_1,REU.2.3_1,0.0480277467822399,0.506275897890027,0.458248151107787,2025.00529527013,2025.05332301691,NA,NA,NA
3544,3545,REU.4.3_1,REU.4.3_1,0.00418475512938499,0.506407368952262,0.502222613822877,2025.04926973284,2025.05345448797,NA,NA,NA
4880,4881,REU.2.3_1,REU.2.3_1,0.000217428267574982,0.506493326157602,0.506275897890027,2025.05332301691,2025.05354044518,NA,NA,NA
4096,4097,REU.4.3_1,REU.4.3_1,0.0402187462748559,0.506780320297828,0.466561574022972,2025.01360869304,2025.05382743932,NA,NA,NA
3911,3926,REU.4.4_1,REU.4.4_1,0.0520820374680235,0.506876504157105,0.454794466689081,2025.00184158571,2025.05392362318,NA,NA,NA
4977,4978,REU.3.1_1,REU.3.1_1,0.0168550973725606,0.506908094151249,0.490052996778688,2025.0371001158,2025.05395521317,NA,NA,NA
5061,5065,REU.3.1_1,REU.3.5_1,0.0252944481034825,0.507034180337533,0.481739732234051,2025.02878685126,2025.05408129936,NA,NA,NA
3172,3179,REU.3.1_1,REU.3.1_1,0.0195303109691126,0.507044666107288,0.487514355138176,2025.03456147416,2025.05409178513,NA,NA,NA
3267,3268,REU.4.3_1,REU.4.3_1,0.0204588887506771,0.507071406442241,0.486612517691564,2025.03365963671,2025.05411852546,NA,NA,NA
4681,4683,REU.4.3_1,REU.4.3_1,0.00333958294904801,0.507128596043245,0.503789013094197,2025.05083613212,2025.05417571506,NA,NA,NA
4636,4637,REU.4.3_1,REU.4.3_1,0.0248734192297007,0.507276490259105,0.482403071029405,2025.02945019005,2025.05432360928,NA,NA,NA
3495,3496,REU.3.5_1,REU.3.5_1,0.00797840530967597,0.507387170546176,0.4994087652365,2025.04645588426,2025.05443428957,NA,NA,NA
6180,6194,REU.4.8_1,REU.2.3_1,0.0561694617864098,0.507546982806043,0.451377521019633,2024.99842464004,2025.05459410183,NA,NA,NA
5838,5839,REU.4.6_1,REU.4.6_1,0.0446821309519698,0.507736181219793,0.463054050267823,2025.01010116929,2025.05478330024,NA,NA,NA
5329,2438,REU.3.4_1,REU.3.4_1,0.00978653648085348,0.507747401527034,0.497960865046181,2025.04500798407,2025.05479452055,CHIKV_RUN_S9b79_2025,55.314822,-21.220641
4041,623,REU.4.3_1,REU.2.3_1,0.00455089645598816,0.507747401527034,0.503196505071046,2025.05024362409,2025.05479452055,CHIKV_RUN_S10b73_2025,55.459243,-20.89727
4219,498,REU.4.4_1,REU.4.3_1,0.00334275053186828,0.507747401527034,0.504404650995166,2025.05145177002,2025.05479452055,CHIKV_RUN_S10b72_2025,55.514204,-21.283936
4173,4174,REU.4.4_1,REU.4.4_1,0.0407312449076733,0.507748585489013,0.46701734058134,2025.0140644596,2025.05479570451,NA,NA,NA
4949,4950,REU.3.1_1,REU.4.6_1,0.0740131590113859,0.507800926828372,0.433787767816986,2024.98083488684,2025.05484804585,NA,NA,NA
5658,5659,REU.3.1_1,REU.3.1_1,0.0265376712028931,0.508009095797907,0.481471424595014,2025.02851854362,2025.05505621482,NA,NA,NA
3570,3571,REU.4.3_1,REU.4.3_1,0.0432174899253998,0.50864248712868,0.465424997203281,2025.01247211622,2025.05568960615,NA,NA,NA
3772,3773,REU.4.3_1,REU.4.3_1,0.00898310992190032,0.508672716839663,0.499689606917762,2025.04673672594,2025.05571983586,NA,NA,NA
5659,5660,REU.3.1_1,REU.3.1_1,0.000736430478853634,0.508745526276761,0.508009095797907,2025.05505621482,2025.0557926453,NA,NA,NA
3179,3180,REU.3.1_1,REU.3.1_1,0.00194082096229364,0.508985487069582,0.507044666107288,2025.05409178513,2025.05603260609,NA,NA,NA
4299,4320,REU.4.3_1,REU.4.3_1,0.0403492503776602,0.509035300066076,0.468686049688416,2025.01573316871,2025.05608241909,NA,NA,NA
5040,5046,REU.3.1_1,REU.3.1_1,0.0243050279115598,0.509406175860494,0.485101147948935,2025.03214826697,2025.05645329488,NA,NA,NA
3310,3326,REU.4.3_1,REU.4.8_1,0.0379683107512415,0.509446689957349,0.471478379206108,2025.01852549823,2025.05649380898,NA,NA,NA
4693,4698,REU.4.8_1,REU.4.8_1,0.0063655249636817,0.509457061900117,0.503091536936435,2025.05013865596,2025.05650418092,NA,NA,NA
3550,3551,REU.4.3_1,REU.4.3_1,0.0313030854772778,0.509483498678819,0.478180413201541,2025.02522753222,2025.0565306177,NA,NA,NA
5646,5647,REU.4.8_1,REU.4.8_1,0.00547257461185657,0.509797894191126,0.50432531957927,2025.0513724386,2025.05684501321,NA,NA,NA
5575,5577,REU.3.1_1,REU.3.1_1,0.00512153768302503,0.509812170110706,0.504690632427681,2025.05173775145,2025.05685928913,NA,NA,NA
4206,4211,REU.4.3_1,REU.4.3_1,0.0341871301835867,0.510011390777575,0.475824260593989,2025.02287137962,2025.0570585098,NA,NA,NA
4211,4212,REU.4.3_1,REU.4.3_1,8.03288244057843e-05,0.510091719601981,0.510011390777575,2025.0570585098,2025.05713883862,NA,NA,NA
4246,4247,REU.4.3_1,REU.4.3_1,0.00440540471180251,0.510403056743457,0.505997652031654,2025.05304477105,2025.05745017576,NA,NA,NA
5703,2562,REU.4.3_1,REU.4.8_1,0.0244715013761396,0.510487127554391,0.486015626178252,2025.0330627452,2025.05753424658,CHIKV_RUN_S9b80_2025,55.469145,-21.276392
6104,6105,REU.3.1_1,REU.3.1_1,0.078344712672266,0.510564504335851,0.432219791663585,2024.97926691068,2025.05761162336,NA,NA,NA
6003,6021,REU.2.3_1,REU.2.3_1,0.0148534013461962,0.510821029889713,0.495967628543517,2025.04301474756,2025.05786814891,NA,NA,NA
4561,4566,REU.4.3_1,REU.4.3_1,0.0150303984593183,0.511048326947437,0.496017928488119,2025.04306504751,2025.05809544597,NA,NA,NA
6057,6058,REU.2.3_1,REU.2.3_1,0.0239656257627133,0.511058911822434,0.487093286059721,2025.03414040508,2025.05810603084,NA,NA,NA
4637,4638,REU.4.3_1,REU.4.3_1,0.00390182234725434,0.51117831260636,0.507276490259105,2025.05432360928,2025.05822543163,NA,NA,NA
5465,5467,REU.3.1_1,REU.3.1_1,0.0170015806770148,0.511281077577598,0.494279496900583,2025.04132661592,2025.0583281966,NA,NA,NA
4339,4340,REU.4.3_1,REU.4.3_1,0.0278961502580686,0.511446570237418,0.483550419979349,2025.030597539,2025.05849368926,NA,NA,NA
5100,5103,REU.4.8_1,REU.4.6_1,0.0687305376996623,0.511461648857425,0.442731111157763,2024.98977823018,2025.05850876788,NA,NA,NA
5307,5308,REU.4.5_1,REU.4.5_1,0.0319336967459984,0.511852453974549,0.479918757228551,2025.02696587625,2025.058899573,NA,NA,NA
3495,3505,REU.3.5_1,REU.3.5_1,0.0125693420261637,0.511978107262664,0.4994087652365,2025.04645588426,2025.05902522628,NA,NA,NA
4193,4197,REU.4.3_1,REU.4.3_1,0.0389732296864459,0.511988817428661,0.473015587742215,2025.02006270676,2025.05903593645,NA,NA,NA
4870,4875,REU.4.3_1,REU.4.3_1,0.0720944191533207,0.512289502591741,0.44019508343842,2024.98724220246,2025.05933662161,NA,NA,NA
5168,5176,REU.3.1_1,REU.3.1_1,0.0401167738644914,0.512459318733414,0.472342544868923,2025.01938966389,2025.05950643775,NA,NA,NA
6105,6107,REU.3.1_1,REU.3.1_1,0.00227464354663487,0.512839147882486,0.510564504335851,2025.05761162336,2025.0598862669,NA,NA,NA
4876,4877,REU.4.3_1,REU.4.3_1,0.0861040041358129,0.51321499543068,0.427110991294868,2024.97415811032,2025.06026211445,NA,NA,NA
3202,254,REU.4.3_1,REU.3.4_1,0.161500378891389,0.513226853581749,0.35172647469036,2024.89877359371,2025.0602739726,CHIKV_RUN_S9b66_2025,55.28587,-21.158538
6155,6156,REU.4.8_1,REU.4.8_1,0.0316948202985108,0.513234474230892,0.481539653932381,2025.02858677295,2025.06028159325,NA,NA,NA
4083,4084,REU.4.8_1,REU.4.8_1,0.0527277314180649,0.513377047921387,0.460649316503322,2025.00769643552,2025.06042416694,NA,NA,NA
3755,3763,REU.4.3_1,REU.4.8_1,0.0356601663994573,0.513568690191364,0.477908523791906,2025.02495564281,2025.06061580921,NA,NA,NA
5677,5691,REU.3.1_1,REU.3.1_1,0.0556317062903456,0.513640047853446,0.458008341563101,2025.00505546058,2025.06068716687,NA,NA,NA
3268,3269,REU.4.3_1,REU.4.3_1,0.0065947006168976,0.513666107059139,0.507071406442241,2025.05411852546,2025.06071322608,NA,NA,NA
5384,5385,REU.3.4_1,REU.3.4_1,0.0130433444775643,0.513753973870879,0.500710629393314,2025.04775774841,2025.06080109289,NA,NA,NA
3713,3718,REU.4.3_1,REU.4.3_1,0.0299645729129628,0.513852922994709,0.483888350081746,2025.0309354691,2025.06090004202,NA,NA,NA
4174,4175,REU.4.4_1,REU.4.4_1,0.00617778247266032,0.513926367961673,0.507748585489013,2025.05479570451,2025.06097348698,NA,NA,NA
3970,3971,REU.4.3_1,REU.4.3_1,0.0318525549747659,0.513944577143946,0.48209202216918,2025.02913914119,2025.06099169617,NA,NA,NA
3773,3774,REU.4.3_1,REU.4.3_1,0.00527582356587486,0.513948540405537,0.508672716839663,2025.05571983586,2025.06099565943,NA,NA,NA
5904,5905,REU.4.3_1,REU.4.3_1,0.0187594093293869,0.51431963996426,0.495560230634873,2025.04260734966,2025.06136675899,NA,NA,NA
5577,5578,REU.3.1_1,REU.3.1_1,0.0045841072283318,0.514396277339038,0.509812170110706,2025.05685928913,2025.06144339636,NA,NA,NA
3722,3723,REU.4.3_1,REU.4.3_1,0.0892528699440317,0.51447638078845,0.425223510844418,2024.97227062987,2025.06152349981,NA,NA,NA
3773,3790,REU.4.3_1,REU.4.3_1,0.00588201722758175,0.514554734067244,0.508672716839663,2025.05571983586,2025.06160185309,NA,NA,NA
4756,4757,REU.4.5_1,REU.4.5_1,0.0275906207011416,0.514591852915444,0.487001232214302,2025.03404835124,2025.06163897194,NA,NA,NA
4084,4085,REU.4.8_1,REU.4.8_1,0.00121914820729185,0.514596196128679,0.513377047921387,2025.06042416694,2025.06164331515,NA,NA,NA
6171,6172,REU.4.3_1,REU.4.3_1,0.0451755722121997,0.51467313474895,0.46949756253675,2025.01654468156,2025.06172025377,NA,NA,NA
5223,5224,REU.4.5_1,REU.4.5_1,0.0250964924859252,0.514737196581498,0.489640704095573,2025.03668782312,2025.0617843156,NA,NA,NA
3291,3292,REU.4.3_1,REU.4.3_1,0.0250950289097003,0.5150050510916,0.4899100221819,2025.0369571412,2025.06205217011,NA,NA,NA
4549,4550,REU.4.3_1,REU.4.3_1,0.0251959709990074,0.515078647750895,0.489882676751887,2025.03692979577,2025.06212576677,NA,NA,NA
4659,4660,REU.4.3_1,REU.4.3_1,0.0599017724724711,0.515118492980307,0.455216720507835,2025.00226383953,2025.062165612,NA,NA,NA
5243,5256,REU.4.5_1,REU.4.5_1,0.0271494509038578,0.515306579002737,0.488157128098879,2025.03520424712,2025.06235369802,NA,NA,NA
3997,3998,REU.4.3_1,REU.4.3_1,0.0274218987937248,0.515318964346746,0.487897065553021,2025.03494418457,2025.06236608337,NA,NA,NA
5329,5330,REU.3.4_1,REU.3.4_1,0.0177335221853121,0.515694387231493,0.497960865046181,2025.04500798407,2025.06274150625,NA,NA,NA
4550,4551,REU.4.3_1,REU.4.3_1,0.000703051659131315,0.515781699410026,0.515078647750895,2025.06212576677,2025.06282881843,NA,NA,NA
5903,5923,REU.4.3_1,REU.4.3_1,0.0287842170698137,0.515796362503202,0.487012145433389,2025.03405926445,2025.06284348152,NA,NA,NA
4340,4343,REU.4.3_1,REU.4.3_1,0.00448018519486404,0.515926755432282,0.511446570237418,2025.05849368926,2025.06297387445,NA,NA,NA
5941,2965,REU.3.4_1,REU.3.4_1,0.0427150576321433,0.515966579609106,0.473251521976963,2025.020298641,2025.06301369863,CHIKV_RUN_S9b61_2025,55.32904,-21.163219
3544,270,REU.4.3_1,REU.4.3_1,0.0137439657862293,0.515966579609106,0.502222613822877,2025.04926973284,2025.06301369863,CHIKV_RUN_S9b65_2025,55.525635,-21.281006
3798,850,REU.4.3_1,REU.4.3_1,0.0117058495204762,0.515966579609106,0.50426073008863,2025.05130784911,2025.06301369863,CHIKV_RUN_S9b62_2025,55.521447,-21.281511
4613,1522,REU.4.3_1,REU.4.3_1,0.00997315365917462,0.515966579609106,0.505993425949932,2025.05304054497,2025.06301369863,CHIKV_RUN_S9b64_2025,55.5149,-21.268858
4113,4114,REU.4.3_1,REU.4.3_1,0.0100889228790899,0.516163412922535,0.506074490043445,2025.05312160906,2025.06321053194,NA,NA,NA
5941,5942,REU.3.4_1,REU.3.4_1,0.0429193609199876,0.51617088289695,0.473251521976963,2025.020298641,2025.06321800192,NA,NA,NA
5422,5427,REU.3.1_1,REU.3.1_1,0.0168940974605823,0.51617666365536,0.499282566194778,2025.04632968522,2025.06322378268,NA,NA,NA
5027,5030,REU.3.1_1,REU.3.1_1,0.0808373004781717,0.516214729342379,0.435377428864207,2024.98242454789,2025.06326184836,NA,NA,NA
3798,3799,REU.4.3_1,REU.4.3_1,0.0119588406444054,0.516219570733035,0.50426073008863,2025.05130784911,2025.06326668975,NA,NA,NA
6132,6133,REU.3.1_1,REU.3.1_1,0.0827051866807075,0.516523601661099,0.433818414980392,2024.980865534,2025.06357072068,NA,NA,NA
5985,5986,REU.4.6_1,REU.4.6_1,0.0755111366808233,0.516702082820835,0.441190946140012,2024.98823806516,2025.06374920184,NA,NA,NA
3421,3460,REU.2.3_1,REU.2.3_1,0.0154250548486576,0.516833022421811,0.501407967573153,2025.04845508659,2025.06388014144,NA,NA,NA
4898,4899,REU.4.3_1,REU.4.3_1,0.0660194087741133,0.516835052754706,0.450815643980593,2024.997862763,2025.06388217178,NA,NA,NA
4372,4386,REU.4.3_1,REU.4.3_1,0.0339931924175071,0.51706830752349,0.483075115105983,2025.03012223413,2025.06411542654,NA,NA,NA
5820,5821,REU.4.8_1,REU.4.8_1,0.0240268184429052,0.517117455624795,0.49309063718189,2025.0401377562,2025.06416457465,NA,NA,NA
3895,3896,REU.4.4_1,REU.4.5_1,0.0918149312611529,0.517323897948791,0.425508966687638,2024.97255608571,2025.06437101697,NA,NA,NA
6153,6179,REU.4.8_1,REU.4.3_1,0.100875361806689,0.517388767563594,0.416513405756904,2024.96356052478,2025.06443588658,NA,NA,NA
3817,3818,REU.4.3_1,REU.4.3_1,0.0184079235329332,0.51766205591229,0.499254132379356,2025.0463012514,2025.06470917493,NA,NA,NA
5718,5726,REU.4.8_1,REU.4.8_1,0.012031139076071,0.517679639194099,0.505648500118028,2025.05269561914,2025.06472675822,NA,NA,NA
5112,5116,REU.4.3_1,REU.4.3_1,0.021216458238519,0.517792927847969,0.49657646960945,2025.04362358863,2025.06484004687,NA,NA,NA
6107,6108,REU.3.1_1,REU.3.1_1,0.00496990943774667,0.517809057320232,0.512839147882486,2025.0598862669,2025.06485617634,NA,NA,NA
6021,6027,REU.2.3_1,REU.2.3_1,0.00701695659677704,0.51783798648649,0.510821029889713,2025.05786814891,2025.06488510551,NA,NA,NA
5385,5386,REU.3.4_1,REU.3.4_1,0.00413509912712762,0.517889072998006,0.513753973870879,2025.06080109289,2025.06493619202,NA,NA,NA
3180,3181,REU.3.1_1,REU.3.1_1,0.00891536570238971,0.517900852771972,0.508985487069582,2025.05603260609,2025.06494797179,NA,NA,NA
5178,5179,REU.3.1_1,REU.2.3_1,0.0566632106429829,0.517967732148044,0.461304521505061,2025.00835164053,2025.06501485117,NA,NA,NA
5330,5334,REU.3.4_1,REU.3.4_1,0.00234237153467975,0.518036758766172,0.515694387231493,2025.06274150625,2025.06508387779,NA,NA,NA
5046,5047,REU.3.1_1,REU.3.1_1,0.00874777677196803,0.518153952632462,0.509406175860494,2025.05645329488,2025.06520107165,NA,NA,NA
4246,4267,REU.4.3_1,REU.4.3_1,0.0121998047595284,0.518197456791183,0.505997652031654,2025.05304477105,2025.06524457581,NA,NA,NA
3619,3621,REU.4.8_1,REU.4.8_1,0.021442282713762,0.518251925162782,0.49680964244902,2025.04385676147,2025.06529904418,NA,NA,NA
5386,5389,REU.3.4_1,REU.3.4_1,0.000424314640134926,0.518313387638141,0.517889072998006,2025.06493619202,2025.06536050666,NA,NA,NA
5659,5663,REU.3.1_1,REU.3.1_1,0.0103541178159869,0.518363213613894,0.508009095797907,2025.05505621482,2025.06541033263,NA,NA,NA
3475,3476,REU.3.5_1,REU.3.5_1,0.0916052741141009,0.518437047031017,0.426831772916916,2024.97387889194,2025.06548416605,NA,NA,NA
5964,5966,REU.3.4_1,REU.3.4_1,0.0876246295013756,0.518559837923128,0.430935208421752,2024.97798232744,2025.06560695694,NA,NA,NA
4637,4641,REU.4.3_1,REU.4.3_1,0.0113856633583037,0.518662153617409,0.507276490259105,2025.05432360928,2025.06570927264,NA,NA,NA
4757,226,REU.4.5_1,REU.4.7_1,0.00411445272101985,0.518706305636464,0.514591852915444,2025.06163897194,2025.06575342466,CHIKV_RUN_S9b63_2025,55.7704,-21.359617
4693,4694,REU.4.8_1,REU.4.8_1,0.0158326733465204,0.518924210282956,0.503091536936435,2025.05013865596,2025.0659713293,NA,NA,NA
5904,5914,REU.4.3_1,REU.4.3_1,0.0234296613206258,0.518989891955499,0.495560230634873,2025.04260734966,2025.06603701098,NA,NA,NA
5386,5387,REU.3.4_1,REU.3.4_1,0.00125784878563096,0.519146921783637,0.517889072998006,2025.06493619202,2025.0661940408,NA,NA,NA
4962,4963,REU.3.1_1,REU.3.1_1,0.0346076042410625,0.519288916897268,0.484681312656205,2025.03172843168,2025.06633603592,NA,NA,NA
4705,4706,REU.4.5_1,REU.4.5_1,0.0358658666927051,0.519320760454468,0.483454893761763,2025.03050201278,2025.06636787948,NA,NA,NA
5966,5967,REU.3.4_1,REU.3.4_1,0.000812670933613147,0.519372508856741,0.518559837923128,2025.06560695694,2025.06641962788,NA,NA,NA
3571,3572,REU.4.3_1,REU.4.3_1,0.0107536643307039,0.519396151459384,0.50864248712868,2025.05568960615,2025.06644327048,NA,NA,NA
5308,5309,REU.4.5_1,REU.4.5_1,0.00760826558093697,0.519460719555486,0.511852453974549,2025.058899573,2025.06650783858,NA,NA,NA
4597,4622,REU.4.3_1,REU.4.3_1,0.0543777746014763,0.519538573140519,0.465160798539042,2025.01220791756,2025.06658569216,NA,NA,NA
5621,5630,REU.3.1_1,REU.3.4_1,0.076187472960886,0.519683368429465,0.443495895468579,2024.99054301449,2025.06673048745,NA,NA,NA
5542,5543,REU.4.3_1,REU.4.3_1,0.0530795302334566,0.519688362729153,0.466608832495697,2025.01365595152,2025.06673548175,NA,NA,NA
4320,4328,REU.4.3_1,REU.4.3_1,0.0109885668245605,0.520023866890637,0.509035300066076,2025.05608241909,2025.06707098591,NA,NA,NA
3460,3461,REU.2.3_1,REU.2.3_1,0.00324960531764162,0.520082627739452,0.516833022421811,2025.06388014144,2025.06712974676,NA,NA,NA
4206,4207,REU.4.3_1,REU.4.8_1,0.0442621208463798,0.520086381440368,0.475824260593989,2025.02287137962,2025.06713350046,NA,NA,NA
6049,6050,REU.2.3_1,REU.2.3_1,0.035877939915329,0.520116545782187,0.484238605866858,2025.03128572489,2025.0671636648,NA,NA,NA
4105,4146,REU.4.3_1,REU.4.3_1,0.0284018496705692,0.520131535170006,0.491729685499437,2025.03877680452,2025.06717865419,NA,NA,NA
4340,4341,REU.4.3_1,REU.4.3_1,0.00907046582005922,0.520517036057477,0.511446570237418,2025.05849368926,2025.06756415508,NA,NA,NA
5872,5873,REU.4.8_1,REU.4.8_1,0.0152448155214321,0.521018843991974,0.505774028470542,2025.05282114749,2025.06806596301,NA,NA,NA
3818,3819,REU.4.3_1,REU.4.3_1,0.00345123121102597,0.521113287123316,0.51766205591229,2025.06470917493,2025.06816040614,NA,NA,NA
3545,1133,REU.4.3_1,REU.4.8_1,0.0150386627115591,0.521446031663821,0.506407368952262,2025.05345448797,2025.06849315068,CHIKV_RUN_S9b59_2025,55.506982,-21.290194
4698,4699,REU.4.8_1,REU.4.8_1,0.0119956637787314,0.521452725678848,0.509457061900117,2025.05650418092,2025.0684998447,NA,NA,NA
4459,4460,REU.3.5_1,REU.3.5_1,0.020547321830293,0.521510577725123,0.50096325589483,2025.04801037492,2025.06855769675,NA,NA,NA
4881,4882,REU.2.3_1,REU.2.3_1,0.0150343662336283,0.52152769239123,0.506493326157602,2025.05354044518,2025.06857481141,NA,NA,NA
3522,3527,REU.4.3_1,REU.4.3_1,0.0758814487267243,0.521546396155676,0.445664947428952,2024.99271206645,2025.06859351518,NA,NA,NA
5270,5271,REU.4.5_1,REU.4.5_1,0.0469119514538491,0.521577994150414,0.474666042696565,2025.02171316172,2025.06862511317,NA,NA,NA
3587,3588,REU.4.3_1,REU.4.8_1,0.0506585200212361,0.521613778549135,0.470955258527899,2025.01800237755,2025.06866089757,NA,NA,NA
4740,4776,REU.4.5_1,REU.4.5_1,0.0518438603980633,0.521720341314058,0.469876480915995,2025.01692359994,2025.06876746034,NA,NA,NA
4111,4136,REU.4.3_1,REU.2.3_1,0.0189426886136063,0.521896333003151,0.502953644389545,2025.05000076341,2025.06894345202,NA,NA,NA
4285,4286,REU.4.3_1,REU.4.3_1,0.0189300336863081,0.521931773774793,0.503001740088485,2025.05004885911,2025.0689788928,NA,NA,NA
6139,6140,REU.3.1_1,REU.3.1_1,0.169440099153963,0.521952166199341,0.352512067045378,2024.89955918607,2025.06899928522,NA,NA,NA
4372,4373,REU.4.3_1,REU.4.3_1,0.0389437209757175,0.5220188360817,0.483075115105983,2025.03012223413,2025.0690659551,NA,NA,NA
4944,4945,REU.3.1_1,REU.4.2_1,0.139928444458473,0.522292733049869,0.382364288591395,2024.92941140761,2025.06933985207,NA,NA,NA
5132,5133,REU.4.3_1,REU.4.8_1,0.0371143739321348,0.522481194278474,0.485366820346339,2025.03241393937,2025.0695283133,NA,NA,NA
4844,4845,REU.4.3_1,REU.4.3_1,0.0310857183920116,0.522533078663951,0.49144736027194,2025.03849447929,2025.06958019768,NA,NA,NA
4200,4201,REU.4.3_1,REU.4.5_1,0.0548131839101579,0.522544803494681,0.467731619584523,2025.01477873861,2025.06959192252,NA,NA,NA
5741,5742,REU.4.8_1,REU.4.8_1,0.0243096309962268,0.522569898239974,0.498260267243748,2025.04530738626,2025.06961701726,NA,NA,NA
5012,5026,REU.3.1_1,REU.4.6_1,0.0187478364230419,0.522584745315359,0.503836908892317,2025.05088402791,2025.06963186434,NA,NA,NA
4660,4661,REU.4.3_1,REU.4.3_1,0.0076210616919673,0.522739554672274,0.515118492980307,2025.062165612,2025.06978667369,NA,NA,NA
5905,5906,REU.4.3_1,REU.4.3_1,0.00860278140663251,0.522922421370892,0.51431963996426,2025.06136675899,2025.06996954039,NA,NA,NA
5837,5856,REU.3.1_1,REU.3.1_1,0.0679786575819081,0.522956804273884,0.454978146691976,2025.00202526571,2025.0700039233,NA,NA,NA
3409,3410,REU.4.3_1,REU.4.3_1,0.0536976659660688,0.523039854715096,0.469342188749027,2025.01638930777,2025.07008697374,NA,NA,NA
4958,4959,REU.3.4_1,REU.3.4_1,0.0353311052962332,0.523047353471706,0.487716248175473,2025.0347633672,2025.07009447249,NA,NA,NA
6027,6028,REU.2.3_1,REU.2.3_1,0.00525546248100817,0.523093448967498,0.51783798648649,2025.06488510551,2025.07014056799,NA,NA,NA
3122,3123,REU.3.1_1,REU.3.1_1,0.0543269666014556,0.523113568798156,0.468786602196701,2025.01583372122,2025.07016068782,NA,NA,NA
5400,5401,REU.4.5_1,REU.4.5_1,0.030382064319368,0.523120800024708,0.49273873570534,2025.03978585473,2025.07016791905,NA,NA,NA
4113,4128,REU.4.3_1,REU.4.3_1,0.0171075587894499,0.523182048832895,0.506074490043445,2025.05312160906,2025.07022916785,NA,NA,NA
3280,3283,REU.4.3_1,REU.4.3_1,0.0258574144233199,0.523193834568248,0.497336420144929,2025.04438353917,2025.07024095359,NA,NA,NA
4136,4137,REU.2.3_1,REU.2.3_1,0.00135487489716468,0.523251207900316,0.521896333003151,2025.06894345202,2025.07029832692,NA,NA,NA
5770,5773,REU.2.3_1,REU.2.3_1,0.0922602063587615,0.523377953950353,0.431117747591591,2024.97816486661,2025.07042507297,NA,NA,NA
6159,6160,REU.4.8_1,REU.4.8_1,0.0594996226830116,0.523407297735456,0.463907675052444,2025.01095479407,2025.07045441676,NA,NA,NA
5467,5479,REU.3.1_1,REU.3.1_1,0.0121386770354397,0.523419754613037,0.511281077577598,2025.0583281966,2025.07046687363,NA,NA,NA
3823,3829,REU.4.3_1,REU.4.3_1,0.0231025062780535,0.523562193802781,0.500459687524727,2025.04750680655,2025.07060931282,NA,NA,NA
3896,3897,REU.4.5_1,REU.4.5_1,0.0063026767889881,0.523626574737779,0.517323897948791,2025.06437101697,2025.07067369376,NA,NA,NA
3488,3489,REU.3.5_1,REU.3.5_1,0.0239155750116523,0.523643944230379,0.499728369218727,2025.04677548824,2025.07069106325,NA,NA,NA
4574,4575,REU.4.3_1,REU.4.3_1,0.0316995177650796,0.523669698006634,0.491970180241554,2025.03901729926,2025.07071681703,NA,NA,NA
6058,6067,REU.2.3_1,REU.2.3_1,0.0126604026779064,0.52371931450034,0.511058911822434,2025.05810603084,2025.07076643352,NA,NA,NA
5059,5067,REU.3.1_1,REU.3.1_1,0.0617714005308067,0.523785240210818,0.462013839680011,2025.0090609587,2025.07083235923,NA,NA,NA
3357,3358,REU.4.3_1,REU.4.3_1,0.0897566291601253,0.523789805717435,0.43403317655731,2024.98108029558,2025.07083692474,NA,NA,NA
5942,5944,REU.3.4_1,REU.3.4_1,0.00779087501566689,0.523961757912617,0.51617088289695,2025.06321800192,2025.07100887693,NA,NA,NA
3876,3888,REU.4.4_1,REU.4.8_1,0.038207019280421,0.524111697267406,0.485904677986985,2025.03295179701,2025.07115881629,NA,NA,NA
5256,5257,REU.4.5_1,REU.4.5_1,0.00880889908796068,0.524115478090698,0.515306579002737,2025.06235369802,2025.07116259711,NA,NA,NA
5734,1781,REU.3.1_1,REU.4.4_1,0.0665423830763578,0.524185757691406,0.457643374615048,2025.00469049364,2025.07123287671,CHIKV_RUN_S12b82_2025,55.563741,-21.359648
4035,1752,REU.4.3_1,REU.4.4_1,0.0507157644022562,0.524185757691406,0.47346999328915,2025.02051711231,2025.07123287671,CHIKV_RUN_S15b08_2025,55.561293,-21.342422
3848,317,REU.4.8_1,REU.4.8_1,0.0378256163461979,0.524185757691406,0.486360141345208,2025.03340726037,2025.07123287671,CHIKV_RUN_S15b36_2025,55.491803,-21.307722
4756,225,REU.4.5_1,REU.4.7_1,0.0371845254771036,0.524185757691406,0.487001232214302,2025.03404835124,2025.07123287671,CHIKV_RUN_S15b42_2025,55.787996,-21.351312
3418,974,REU.2.3_1,REU.4.8_1,0.0337110609152926,0.524185757691406,0.490474696776113,2025.0375218158,2025.07123287671,CHIKV_RUN_S15b27_2025,55.487095,-21.27371
3881,1185,REU.4.4_1,REU.4.3_1,0.0196545737370628,0.524185757691406,0.504531183954343,2025.05157830298,2025.07123287671,CHIKV_RUN_S15b16_2025,55.524533,-21.252621
6172,2843,REU.4.3_1,REU.4.3_1,0.00951262294245625,0.524185757691406,0.51467313474895,2025.06172025377,2025.07123287671,CHIKV_RUN_S15b43_2025,55.551621,-21.272343
6133,3071,REU.3.1_1,REU.3.1_1,0.00766215603030662,0.524185757691406,0.516523601661099,2025.06357072068,2025.07123287671,CHIKV_RUN_S15b56_2025,55.366553,-21.258276
5967,2959,REU.3.4_1,REU.3.4_1,0.00481324883466505,0.524185757691406,0.519372508856741,2025.06641962788,2025.07123287671,CHIKV_RUN_S12b45_2025,55.30615,-21.16494
4328,593,REU.4.3_1,REU.4.3_1,0.0041618908007689,0.524185757691406,0.520023866890637,2025.06707098591,2025.07123287671,CHIKV_RUN_S9b67_2025,55.522667,-21.287677
4959,2488,REU.3.4_1,REU.3.4_1,0.00113840421969924,0.524185757691406,0.523047353471706,2025.07009447249,2025.07123287671,CHIKV_RUN_S15b49_2025,55.309488,-21.16991
4128,287,REU.4.3_1,REU.4.3_1,0.00100370885851053,0.524185757691406,0.523182048832895,2025.07022916785,2025.07123287671,CHIKV_RUN_S9b70_2025,55.524018,-21.28018
3283,319,REU.4.3_1,REU.4.3_1,0.000991923123157323,0.524185757691406,0.523193834568248,2025.07024095359,2025.07123287671,CHIKV_RUN_S15b25_2025,55.504538,-21.23339
3713,3714,REU.4.3_1,REU.4.3_1,0.0403900473515931,0.52427839743334,0.483888350081746,2025.0309354691,2025.07132551645,NA,NA,NA
3858,3859,REU.4.4_1,REU.4.4_1,0.0240047730848219,0.524468817837637,0.500464044752815,2025.04751116377,2025.07151593686,NA,NA,NA
4581,4582,REU.4.3_1,REU.4.8_1,0.163592209913543,0.524733543576913,0.36114133366337,2024.90818845268,2025.0717806626,NA,NA,NA
4681,4682,REU.4.3_1,REU.4.3_1,0.0212790245469171,0.525068037641114,0.503789013094197,2025.05083613212,2025.07211515666,NA,NA,NA
3998,4001,REU.4.3_1,REU.4.3_1,0.00974960619381948,0.525068570540565,0.515318964346746,2025.06236608337,2025.07211568956,NA,NA,NA
4212,4214,REU.4.3_1,REU.4.3_1,0.0149782790582492,0.52506999866023,0.510091719601981,2025.05713883862,2025.07211711768,NA,NA,NA
4415,4417,REU.2.3_1,REU.2.3_1,0.10170305257239,0.525147593459673,0.423444540887283,2024.97049165991,2025.07219471248,NA,NA,NA
5773,5774,REU.2.3_1,REU.2.3_1,0.00179146090945059,0.525169414859804,0.523377953950353,2025.07042507297,2025.07221653388,NA,NA,NA
4247,4248,REU.4.3_1,REU.4.8_1,0.0148132255356286,0.525216282279085,0.510403056743457,2025.05745017576,2025.0722634013,NA,NA,NA
5952,5954,REU.3.4_1,REU.3.4_1,0.0204566748634989,0.525223504344147,0.504766829480648,2025.0518139485,2025.07227062337,NA,NA,NA
5774,5775,REU.2.3_1,REU.2.3_1,0.000140174839313723,0.525309589699117,0.525169414859804,2025.07221653388,2025.07235670872,NA,NA,NA
5718,5719,REU.4.8_1,REU.4.3_1,0.0197414138761849,0.525389913994213,0.505648500118028,2025.05269561914,2025.07243703302,NA,NA,NA
4561,4562,REU.4.3_1,REU.4.3_1,0.029377488750167,0.525395417238286,0.496017928488119,2025.04306504751,2025.07244253626,NA,NA,NA
4741,4742,REU.4.5_1,REU.4.5_1,0.0465364337945103,0.525621339513336,0.479084905718826,2025.02613202474,2025.07266845853,NA,NA,NA
5132,5143,REU.4.3_1,REU.4.3_1,0.040280006055777,0.525646826402116,0.485366820346339,2025.03241393937,2025.07269394542,NA,NA,NA
5065,5066,REU.3.5_1,REU.3.5_1,0.0186232095748861,0.525657389912419,0.507034180337533,2025.05408129936,2025.07270450893,NA,NA,NA
4613,4614,REU.4.3_1,REU.4.3_1,0.019673545202075,0.525666971152007,0.505993425949932,2025.05304054497,2025.07271409017,NA,NA,NA
3911,3912,REU.4.4_1,REU.4.4_1,0.0709908733503013,0.525785340039383,0.454794466689081,2025.00184158571,2025.07283245906,NA,NA,NA
5170,5171,REU.3.1_1,REU.3.1_1,0.0205374795742758,0.525917366834666,0.50537988726039,2025.05242700628,2025.07296448586,NA,NA,NA
5610,5611,REU.3.1_1,REU.3.1_1,0.066298885805249,0.525946811176004,0.459647925370754,2025.00669504439,2025.0729939302,NA,NA,NA
4799,4800,REU.3.1_1,REU.4.8_1,0.0250932668116961,0.52601251089913,0.500919244087433,2025.04796636311,2025.07305962992,NA,NA,NA
3421,3422,REU.2.3_1,REU.2.3_1,0.024865006617998,0.526272974191151,0.501407967573153,2025.04845508659,2025.07332009321,NA,NA,NA
3496,3497,REU.3.5_1,REU.4.8_1,0.0189217877760706,0.526308958322247,0.507387170546176,2025.05443428957,2025.07335607734,NA,NA,NA
4337,4354,REU.4.3_1,REU.4.3_1,0.0879075201950837,0.526461350445167,0.438553830250083,2024.98560094927,2025.07350846947,NA,NA,NA
5677,5678,REU.3.1_1,REU.3.1_1,0.0685051883923532,0.526513529955454,0.458008341563101,2025.00505546058,2025.07356064898,NA,NA,NA
4742,4747,REU.4.5_1,REU.4.5_1,0.000909422380287461,0.526530761893624,0.525621339513336,2025.07266845853,2025.07357788091,NA,NA,NA
5479,5480,REU.3.1_1,REU.3.1_1,0.00313482008586863,0.526554574698906,0.523419754613037,2025.07046687363,2025.07360169372,NA,NA,NA
4128,4129,REU.4.3_1,REU.4.3_1,0.00352350612567953,0.526705554958575,0.523182048832895,2025.07022916785,2025.07375267398,NA,NA,NA
6021,6022,REU.2.3_1,REU.2.3_1,0.0159426691945058,0.526763699084218,0.510821029889713,2025.05786814891,2025.0738108181,NA,NA,NA
3892,1218,REU.4.4_1,REU.4.4_1,0.0674819744779577,0.526925483718763,0.459443509240805,2025.00649062826,2025.07397260274,CHIKV_RUN_S9b75_2025,55.56083,-21.341381
3803,719,REU.4.3_1,REU.4.3_1,0.0263020733625962,0.526925483718763,0.500623410356167,2025.04767052938,2025.07397260274,CHIKV_RUN_S9b09_2025,55.563831,-21.236379
5847,3018,REU.4.6_1,REU.4.6_1,0.0242051133531457,0.526925483718763,0.502720370365617,2025.04976748939,2025.07397260274,CHIKV_RUN_S9b78_2025,55.428137,-21.243151
4877,1765,REU.4.3_1,REU.4.3_1,0.0137104882880827,0.526925483718763,0.51321499543068,2025.06026211445,2025.07397260274,CHIKV_RUN_S12b43_2025,55.526981,-21.282393
3588,1128,REU.4.8_1,REU.4.8_1,0.00531170516962842,0.526925483718763,0.521613778549135,2025.06866089757,2025.07397260274,CHIKV_RUN_S15b28_2025,55.495244,-21.269828
5742,2506,REU.4.8_1,REU.4.8_1,0.00435558547878867,0.526925483718763,0.522569898239974,2025.06961701726,2025.07397260274,CHIKV_RUN_S15b34_2025,55.471696,-21.279283
3142,3143,REU.3.1_1,REU.3.1_1,0.0225748317409606,0.526996502753132,0.504421671012172,2025.05146879003,2025.07404362177,NA,NA,NA
5806,5811,REU.4.8_1,REU.4.8_1,0.0389943143117412,0.527119681990083,0.488125367678342,2025.0351724867,2025.07416680101,NA,NA,NA
3692,3697,REU.4.3_1,REU.4.3_1,0.0218049400032113,0.527340858823996,0.505535918820785,2025.05258303784,2025.07438797784,NA,NA,NA
3525,3526,REU.4.3_1,REU.4.3_1,0.0535505759426073,0.527362693301636,0.473812117359029,2025.02085923638,2025.07440981232,NA,NA,NA
4473,4483,REU.4.8_1,REU.4.8_1,0.0246151431273971,0.527374559867073,0.502759416739676,2025.04980653576,2025.07442167889,NA,NA,NA
5636,5639,REU.3.1_1,REU.3.1_1,0.0505407368825834,0.527472228947905,0.476931492065321,2025.02397861109,2025.07451934797,NA,NA,NA
3697,3698,REU.4.3_1,REU.4.3_1,0.000133300431383154,0.527474159255379,0.527340858823996,2025.07438797784,2025.07452127828,NA,NA,NA
4146,4148,REU.4.3_1,REU.4.3_1,0.00737198534685657,0.527503520516863,0.520131535170006,2025.06717865419,2025.07455063954,NA,NA,NA
5856,5857,REU.3.1_1,REU.3.1_1,0.0047553046969282,0.527712108970812,0.522956804273884,2025.0700039233,2025.07475922799,NA,NA,NA
4223,4224,REU.4.3_1,REU.4.3_1,0.0267737211556919,0.528015182249033,0.501241461093341,2025.04828858011,2025.07506230127,NA,NA,NA
5263,5264,REU.4.5_1,REU.4.8_1,0.0734183938961042,0.52842943703393,0.455011043137826,2025.00205816216,2025.07547655606,NA,NA,NA
4129,4130,REU.4.3_1,REU.4.3_1,0.00175141766073006,0.528456972619305,0.526705554958575,2025.07375267398,2025.07550409164,NA,NA,NA
5787,5788,REU.3.1_1,REU.3.1_1,0.0284893019997468,0.52858585209941,0.500096550099663,2025.04714366912,2025.07563297112,NA,NA,NA
4207,4208,REU.4.8_1,REU.4.8_1,0.00860479048305818,0.528691171923427,0.520086381440368,2025.06713350046,2025.07573829094,NA,NA,NA
3770,3771,REU.4.3_1,REU.4.3_1,0.0454680375065148,0.528805642649843,0.483337605143328,2025.03038472416,2025.07585276167,NA,NA,NA
4473,4474,REU.4.8_1,REU.4.8_1,0.0260676708921482,0.528827087631824,0.502759416739676,2025.04980653576,2025.07587420665,NA,NA,NA
5678,5679,REU.3.1_1,REU.3.1_1,0.00270337622166172,0.529216906177116,0.526513529955454,2025.07356064898,2025.0762640252,NA,NA,NA
4638,4639,REU.4.3_1,REU.4.3_1,0.0180399907601646,0.529218303366524,0.51117831260636,2025.05822543163,2025.07626542239,NA,NA,NA
4551,4553,REU.4.3_1,REU.4.3_1,0.0134868907231704,0.529268590133196,0.515781699410026,2025.06282881843,2025.07631570915,NA,NA,NA
5271,5276,REU.4.5_1,REU.4.5_1,0.00776388708774567,0.52934188123816,0.521577994150414,2025.06862511317,2025.07638900026,NA,NA,NA
3641,3642,REU.4.3_1,REU.4.3_1,0.039608078166644,0.529479334678899,0.489871256512255,2025.03691837553,2025.0765264537,NA,NA,NA
3904,3905,REU.4.4_1,REU.4.4_1,0.0911276680389143,0.529557919039126,0.438430251000212,2024.98547737002,2025.07660503806,NA,NA,NA
5160,5162,REU.4.3_1,REU.4.8_1,0.0593000670014385,0.52958045351699,0.470280386515551,2025.01732750554,2025.07662757254,NA,NA,NA
4286,4294,REU.4.3_1,REU.4.3_1,0.00769514142172134,0.529626915196514,0.521931773774793,2025.0689788928,2025.07667403422,NA,NA,NA
5897,1947,REU.4.8_1,REU.4.8_1,0.0563602949336176,0.52966520974612,0.473304914812503,2025.02035203383,2025.07671232877,CHIKV_RUN_S15b35_2025,55.464589,-21.335637
6155,3019,REU.4.8_1,REU.3.3_1,0.0481255558137392,0.52966520974612,0.481539653932381,2025.02858677295,2025.07671232877,CHIKV_RUN_S15b67_2025,55.28611,-21.111972
3131,2739,REU.3.1_1,REU.3.4_1,0.0469548825774958,0.52966520974612,0.482710327168625,2025.02975744619,2025.07671232877,CHIKV_RUN_S15b44_2025,55.304322,-21.173555
4207,412,REU.4.8_1,REU.3.3_1,0.00957882830575207,0.52966520974612,0.520086381440368,2025.06713350046,2025.07671232877,CHIKV_RUN_S10b11_2025,55.28611,-21.111972
3859,1217,REU.4.4_1,REU.2.1_1,0.00519639190848353,0.52966520974612,0.524468817837637,2025.07151593686,2025.07671232877,CHIKV_RUN_S14b95_2025,55.342359,-20.955052
5422,5423,REU.3.1_1,REU.3.1_1,0.0304991931297068,0.529781759324485,0.499282566194778,2025.04632968522,2025.07682887835,NA,NA,NA
3697,3711,REU.4.3_1,REU.4.3_1,0.00244612420267654,0.529786983026673,0.527340858823996,2025.07438797784,2025.07683410205,NA,NA,NA
5993,5994,REU.4.6_1,REU.3.4_1,0.0837793195605223,0.529872094634307,0.446092775073784,2024.99313989409,2025.07691921366,NA,NA,NA
5839,5840,REU.4.6_1,REU.4.6_1,0.0222088952296895,0.529945076449483,0.507736181219793,2025.05478330024,2025.07699219547,NA,NA,NA
3527,3528,REU.4.3_1,REU.4.3_1,0.00846407320783982,0.530010469363516,0.521546396155676,2025.06859351518,2025.07705758838,NA,NA,NA
3980,3981,REU.4.3_1,REU.4.3_1,0.0392445716386846,0.530026113147374,0.49078154150869,2025.03782866053,2025.07707323217,NA,NA,NA
3342,3349,REU.4.3_1,REU.4.3_1,0.0845978819666915,0.530132766185291,0.4455348842186,2024.99258200324,2025.07717988521,NA,NA,NA
3621,3626,REU.4.8_1,REU.4.8_1,0.0119253626153033,0.530177287778085,0.518251925162782,2025.06529904418,2025.0772244068,NA,NA,NA
4784,4785,REU.3.1_1,REU.4.8_1,0.114809334597826,0.530260677730379,0.415451343132552,2024.96249846215,2025.07730779675,NA,NA,NA
5177,5189,REU.3.1_1,REU.2.3_1,0.130877491141326,0.530467562730263,0.399590071588937,2024.94663719061,2025.07751468175,NA,NA,NA
4362,4363,REU.4.3_1,REU.4.8_1,0.0278872343540651,0.53048834882041,0.502601114466345,2025.04964823349,2025.07753546784,NA,NA,NA
6147,6148,REU.3.1_1,REU.3.1_1,0.0677783326991644,0.530510797635256,0.462732464936091,2025.00977958396,2025.07755791666,NA,NA,NA
4566,4567,REU.4.3_1,REU.4.3_1,0.0195419052433438,0.530590232190781,0.511048326947437,2025.05809544597,2025.07763735121,NA,NA,NA
4343,4345,REU.4.3_1,REU.4.3_1,0.0146966620539742,0.530623417486256,0.515926755432282,2025.06297387445,2025.07767053651,NA,NA,NA
5597,5603,REU.4.6_1,REU.4.6_1,0.0675001474119741,0.530857282149143,0.463357134737169,2025.01040425376,2025.07790440117,NA,NA,NA
3236,3243,REU.4.3_1,REU.4.3_1,0.0970152806547513,0.530887427984759,0.433872147330007,2024.98091926635,2025.07793454701,NA,NA,NA
4503,4504,REU.4.3_1,REU.4.3_1,0.0361338129570575,0.530931974732371,0.494798161775313,2025.0418452808,2025.07797909375,NA,NA,NA
5417,5420,REU.3.1_1,REU.4.8_1,0.0277741482683611,0.531066584429103,0.503292436160742,2025.05033955518,2025.07811370345,NA,NA,NA
3613,3618,REU.4.8_1,REU.4.8_1,0.0573506789603115,0.531083550004311,0.473732871043999,2025.02077999006,2025.07813066903,NA,NA,NA
3723,3728,REU.4.3_1,REU.4.3_1,0.0166309359052796,0.531107316693729,0.51447638078845,2025.06152349981,2025.07815443571,NA,NA,NA
5418,5419,REU.3.1_1,REU.3.1_1,0.0249345897830919,0.531116748543351,0.506182158760259,2025.05322927778,2025.07816386756,NA,NA,NA
6160,6162,REU.4.8_1,REU.4.8_1,0.00789152412354954,0.531298821859005,0.523407297735456,2025.07045441676,2025.07834594088,NA,NA,NA
3179,3186,REU.3.1_1,REU.3.1_1,0.0243573765639946,0.531402042671283,0.507044666107288,2025.05409178513,2025.07844916169,NA,NA,NA
4013,4014,REU.4.8_1,REU.2.3_1,0.0305780913647193,0.531450252299962,0.500872160935242,2025.04791927996,2025.07849737132,NA,NA,NA
5603,5608,REU.4.6_1,REU.4.6_1,0.000705729969598723,0.531563012118742,0.530857282149143,2025.07790440117,2025.07861013114,NA,NA,NA
3237,3238,REU.4.3_1,REU.4.3_1,0.0877135986335134,0.531691735445732,0.443978136812219,2024.99102525583,2025.07873885447,NA,NA,NA
3614,3615,REU.4.8_1,REU.4.8_1,0.0466683820917189,0.531796301247148,0.485127919155429,2025.03217503818,2025.07884342027,NA,NA,NA
5994,5995,REU.3.4_1,REU.3.4_1,0.00234622205154023,0.532218316685847,0.529872094634307,2025.07691921366,2025.07926543571,NA,NA,NA
3639,3640,REU.4.3_1,REU.4.3_1,0.0542812650979948,0.532287529908395,0.478006264810401,2025.02505338383,2025.07933464893,NA,NA,NA
5230,5238,REU.4.5_1,REU.4.5_1,0.0344372226372133,0.532344740901942,0.497907518264729,2025.04495463729,2025.07939185992,NA,NA,NA
4977,2380,REU.3.1_1,REU.4.8_1,0.0423519389947895,0.532404935773478,0.490052996778688,2025.0371001158,2025.07945205479,CHIKV_RUN_S15b17_2025,55.462048,-21.340179
4296,417,REU.4.3_1,REU.4.8_1,0.0353810683610915,0.532404935773478,0.497023867412386,2025.04407098643,2025.07945205479,CHIKV_RUN_S15b20_2025,55.528958,-21.327563
3565,286,REU.4.3_1,REU.4.3_1,0.0323152137755177,0.532404935773478,0.50008972199796,2025.04713684102,2025.07945205479,CHIKV_RUN_S10b03_2025,55.507933,-21.286409
4676,939,REU.4.3_1,REU.4.3_1,0.030476201248293,0.532404935773478,0.501928734525185,2025.04897585355,2025.07945205479,CHIKV_RUN_S15b40_2025,55.524675,-21.282069
6156,2361,REU.4.8_1,REU.4.8_1,0.0191704615425858,0.532404935773478,0.513234474230892,2025.06028159325,2025.07945205479,CHIKV_RUN_S14b93_2025,55.473125,-21.282041
4341,519,REU.4.3_1,REU.4.3_1,0.0118878997160011,0.532404935773478,0.520517036057477,2025.06756415508,2025.07945205479,CHIKV_RUN_S17b19_2025,55.520854,-21.281548
4699,1042,REU.4.8_1,REU.2.3_1,0.0109522100946295,0.532404935773478,0.521452725678848,2025.0684998447,2025.07945205479,CHIKV_RUN_S15b21_2025,55.444474,-20.878636
4553,1354,REU.4.3_1,REU.4.3_1,0.00313634564028142,0.532404935773478,0.529268590133196,2025.07631570915,2025.07945205479,CHIKV_RUN_S15b22_2025,55.502179,-21.267121
4069,4080,REU.4.3_1,REU.4.8_1,0.0271879239690658,0.532414388513146,0.50522646454408,2025.05227358357,2025.07946150753,NA,NA,NA
3829,3833,REU.4.3_1,REU.4.3_1,0.00887798915328408,0.532440182956065,0.523562193802781,2025.07060931282,2025.07948730198,NA,NA,NA
4978,4979,REU.3.1_1,REU.3.1_1,0.0255593831509167,0.532467477302166,0.506908094151249,2025.05395521317,2025.07951459632,NA,NA,NA
5742,5743,REU.4.8_1,REU.4.8_1,0.00995619874991105,0.532526096989886,0.522569898239974,2025.06961701726,2025.07957321601,NA,NA,NA
4643,4644,REU.4.3_1,REU.4.3_1,0.0430061884587987,0.532562272564018,0.489556084105219,2025.03660320313,2025.07960939159,NA,NA,NA
5467,5468,REU.3.1_1,REU.3.1_1,0.0215299742665376,0.532811051844135,0.511281077577598,2025.0583281966,2025.07985817087,NA,NA,NA
3252,3253,REU.4.3_1,REU.4.3_1,0.0299743339299275,0.532899921808747,0.50292558787882,2025.0499727069,2025.07994704083,NA,NA,NA
5741,5752,REU.4.8_1,REU.4.8_1,0.0346884731090096,0.532948740352757,0.498260267243748,2025.04530738626,2025.07999585937,NA,NA,NA
5143,5147,REU.4.3_1,REU.4.3_1,0.00731948801035753,0.532966314412474,0.525646826402116,2025.07269394542,2025.08001343343,NA,NA,NA
3823,3824,REU.4.3_1,REU.4.3_1,0.0326730654582651,0.533132752982993,0.500459687524727,2025.04750680655,2025.080179872,NA,NA,NA
4553,4554,REU.4.3_1,REU.4.3_1,0.00397203578961436,0.533240625922811,0.529268590133196,2025.07631570915,2025.08028774494,NA,NA,NA
5350,5357,REU.3.4_1,REU.3.4_1,0.041847622460334,0.533269145318275,0.491421522857941,2025.03846864188,2025.08031626434,NA,NA,NA
4959,4960,REU.3.4_1,REU.3.4_1,0.0102813597942089,0.533328713265915,0.523047353471706,2025.07009447249,2025.08037583229,NA,NA,NA
5975,5976,REU.3.4_1,REU.3.4_1,0.0360756617921658,0.533417748246722,0.497342086454557,2025.04438920548,2025.08046486727,NA,NA,NA
3926,3933,REU.4.4_1,REU.4.4_1,0.0266371157497538,0.533513619906859,0.506876504157105,2025.05392362318,2025.08056073893,NA,NA,NA
3566,3567,REU.4.3_1,REU.4.3_1,0.127884086105575,0.533523517588967,0.405639431483392,2024.9526865505,2025.08057063661,NA,NA,NA
4286,4287,REU.4.3_1,REU.4.3_1,0.0116944935645259,0.533626267339319,0.521931773774793,2025.0689788928,2025.08067338636,NA,NA,NA
5179,5180,REU.2.3_1,REU.2.3_1,0.015791035729393,0.533758767877437,0.517967732148044,2025.06501485117,2025.0808058869,NA,NA,NA
5427,5428,REU.3.1_1,REU.3.1_1,0.017640750623257,0.533817414278617,0.51617666365536,2025.06322378268,2025.0808645333,NA,NA,NA
5050,5057,REU.3.1_1,REU.4.5_1,0.127213265471742,0.533869094573502,0.40665582910176,2024.95370294812,2025.08091621359,NA,NA,NA
4504,4505,REU.4.3_1,REU.4.3_1,0.00297209160300382,0.533904066335375,0.530931974732371,2025.07797909375,2025.08095118536,NA,NA,NA
4582,4583,REU.4.8_1,REU.4.8_1,0.00919028150678458,0.533923825083698,0.524733543576913,2025.0717806626,2025.0809709441,NA,NA,NA
3284,3286,REU.4.3_1,REU.4.8_1,0.0325315896329922,0.533943874293872,0.50141228466088,2025.04845940368,2025.08099099331,NA,NA,NA
5276,5277,REU.4.5_1,REU.4.5_1,0.0046139467152313,0.533955827953391,0.52934188123816,2025.07638900026,2025.08100294697,NA,NA,NA
4328,4329,REU.4.3_1,REU.4.3_1,0.0140190085363772,0.534042875427014,0.520023866890637,2025.06707098591,2025.08108999445,NA,NA,NA
5696,5697,REU.4.3_1,REU.4.3_1,0.0311955747310012,0.53409744553933,0.502901870808329,2025.04994898983,2025.08114456456,NA,NA,NA
6108,6109,REU.3.1_1,REU.3.1_1,0.016438256430292,0.534247313750524,0.517809057320232,2025.06485617634,2025.08129443277,NA,NA,NA
3497,3500,REU.4.8_1,REU.4.8_1,0.00804287806888659,0.534351836391133,0.526308958322247,2025.07335607734,2025.08139895541,NA,NA,NA
4214,4215,REU.4.3_1,REU.4.3_1,0.00936680844650595,0.534436807106736,0.52506999866023,2025.07211711768,2025.08148392613,NA,NA,NA
4705,4739,REU.4.5_1,REU.4.7_1,0.0510146573385493,0.534469551100312,0.483454893761763,2025.03050201278,2025.08151667012,NA,NA,NA
5423,5424,REU.3.1_1,REU.3.1_1,0.00473111508379698,0.534512874408282,0.529781759324485,2025.07682887835,2025.08155999343,NA,NA,NA
3551,3552,REU.4.3_1,REU.4.3_1,0.0253245229143739,0.534808021593193,0.509483498678819,2025.0565306177,2025.08185514061,NA,NA,NA
5846,5850,REU.4.6_1,REU.4.6_1,0.0680848483296228,0.534922843592203,0.46683799526258,2025.01388511428,2025.08196996261,NA,NA,NA
3998,3999,REU.4.3_1,REU.4.8_1,0.0196425516915374,0.534961516038283,0.515318964346746,2025.06236608337,2025.08200863506,NA,NA,NA
3410,3411,REU.4.3_1,REU.4.3_1,0.0120831788128669,0.535123033527963,0.523039854715096,2025.07008697374,2025.08217015255,NA,NA,NA
3525,1062,REU.4.3_1,REU.4.3_1,0.0613325444418067,0.535144661800835,0.473812117359029,2025.02085923638,2025.08219178082,CHIKV_RUN_S17b12_2025,55.50893,-21.288346
3756,712,REU.4.3_1,REU.4.3_1,0.0532324464514657,0.535144661800835,0.48191221534937,2025.02895933437,2025.08219178082,CHIKV_RUN_S15b45_2025,55.535437,-21.261063
3803,720,REU.4.3_1,REU.4.8_1,0.0345212514446683,0.535144661800835,0.500623410356167,2025.04767052938,2025.08219178082,CHIKV_RUN_S15b46_2025,55.475677,-21.288946
4683,1333,REU.4.3_1,REU.4.3_1,0.0280160657575906,0.535144661800835,0.507128596043245,2025.05417571506,2025.08219178082,CHIKV_RUN_S15b31_2025,55.517344,-21.285296
5046,3064,REU.3.1_1,REU.3.2_1,0.0257384859403409,0.535144661800835,0.509406175860494,2025.05645329488,2025.08219178082,CHIKV_RUN_S17b13_2025,55.340476,-21.244221
3292,352,REU.4.3_1,REU.4.3_1,0.0201396107092352,0.535144661800835,0.5150050510916,2025.06205217011,2025.08219178082,CHIKV_RUN_S15b18_2025,55.500942,-21.266688
5116,2282,REU.4.3_1,REU.4.3_1,0.0173517339528659,0.535144661800835,0.517792927847969,2025.06484004687,2025.08219178082,CHIKV_RUN_S15b29_2025,55.535921,-21.312265
4699,607,REU.4.8_1,REU.4.8_1,0.0136919361219869,0.535144661800835,0.521452725678848,2025.0684998447,2025.08219178082,CHIKV_RUN_S15b51_2025,55.469808,-21.283919
5026,2396,REU.4.6_1,REU.4.6_1,0.0125599164854762,0.535144661800835,0.522584745315359,2025.06963186434,2025.08219178082,CHIKV_RUN_S15b33_2025,55.438869,-21.262742
3698,855,REU.4.3_1,REU.4.3_1,0.00767050254545598,0.535144661800835,0.527474159255379,2025.07452127828,2025.08219178082,CHIKV_RUN_S15b47_2025,55.522092,-21.281134
3711,693,REU.4.3_1,REU.4.8_1,0.0053576787741626,0.535144661800835,0.529786983026673,2025.07683410205,2025.08219178082,CHIKV_RUN_S15b53_2025,55.474593,-21.288804
5147,2262,REU.4.3_1,REU.4.3_1,0.00217834738836153,0.535144661800835,0.532966314412474,2025.08001343343,2025.08219178082,CHIKV_RUN_S15b38_2025,55.515682,-21.297533
3286,345,REU.4.8_1,REU.4.2_1,0.0012007875069634,0.535144661800835,0.533943874293872,2025.08099099331,2025.08219178082,CHIKV_RUN_S14b91_2025,55.502797,-21.234483
3411,1461,REU.4.3_1,REU.4.3_1,2.16282728722206e-05,0.535144661800835,0.535123033527963,2025.08217015255,2025.08219178082,CHIKV_RUN_S15b41_2025,55.510902,-21.287473
5143,5144,REU.4.3_1,REU.4.3_1,0.00968054311296906,0.535327369515085,0.525646826402116,2025.07269394542,2025.08237448854,NA,NA,NA
4820,4828,REU.4.3_1,REU.4.3_1,0.0305480089372567,0.535332133275059,0.504784124337802,2025.05183124336,2025.0823792523,NA,NA,NA
4248,4250,REU.4.8_1,REU.4.8_1,0.0101650983576826,0.535381380636768,0.525216282279085,2025.0722634013,2025.08242849966,NA,NA,NA
3513,3516,REU.4.3_1,REU.4.3_1,0.0926989149532473,0.535414913670331,0.442715998717084,2024.98976311774,2025.08246203269,NA,NA,NA
5906,5907,REU.4.3_1,REU.4.3_1,0.0126462303367132,0.535568651707605,0.522922421370892,2025.06996954039,2025.08261577073,NA,NA,NA
5334,5339,REU.3.4_1,REU.3.4_1,0.017611031806259,0.535647790572431,0.518036758766172,2025.06508387779,2025.08269490959,NA,NA,NA
6107,6115,REU.3.1_1,REU.3.1_1,0.0228107719237862,0.535649919806272,0.512839147882486,2025.0598862669,2025.08269703883,NA,NA,NA
3528,3529,REU.4.3_1,REU.4.3_1,0.00563964444172016,0.535650113805236,0.530010469363516,2025.07705758838,2025.08269723283,NA,NA,NA
3587,3593,REU.4.3_1,REU.4.3_1,0.0650318628545826,0.535987121382481,0.470955258527899,2025.01800237755,2025.0830342404,NA,NA,NA
3720,3721,REU.4.3_1,REU.4.3_1,0.0567242896727773,0.53598980712416,0.479265517451383,2025.02631263647,2025.08303692615,NA,NA,NA
4238,4273,REU.4.3_1,REU.4.3_1,0.0676453067036246,0.536020566063549,0.468375259359924,2025.01542237838,2025.08306768508,NA,NA,NA
6032,6033,REU.2.3_1,REU.2.3_1,0.0344269155693993,0.536048007488847,0.501621091919448,2025.04866821094,2025.08309512651,NA,NA,NA
4683,4684,REU.4.3_1,REU.4.8_1,0.0289596817534485,0.536088277796693,0.507128596043245,2025.05417571506,2025.08313539682,NA,NA,NA
5348,5377,REU.3.4_1,REU.4.8_1,0.0705274328915255,0.536095665450404,0.465568232558878,2025.01261535158,2025.08314278447,NA,NA,NA
4706,4707,REU.4.5_1,REU.4.7_1,0.016805201238164,0.536125961692632,0.519320760454468,2025.06636787948,2025.08317308071,NA,NA,NA
4706,4722,REU.4.5_1,REU.4.5_1,0.0168742233035795,0.536194983758047,0.519320760454468,2025.06636787948,2025.08324210278,NA,NA,NA
3358,3370,REU.4.3_1,REU.4.3_1,0.0124503993813788,0.536240205098814,0.523789805717435,2025.07083692474,2025.08328732412,NA,NA,NA
4300,4301,REU.2.3_1,REU.2.3_1,0.0531305912698647,0.536312316633125,0.483181725363261,2025.03022884438,2025.08335943565,NA,NA,NA
4828,4830,REU.4.3_1,REU.4.3_1,0.00101759702241999,0.536349730297479,0.535332133275059,2025.0823792523,2025.08339684932,NA,NA,NA
3952,3955,REU.4.3_1,REU.4.3_1,0.0628414974294692,0.536361615424048,0.473520117994579,2025.02056723702,2025.08340873445,NA,NA,NA
4984,4985,REU.2.3_1,REU.2.3_1,0.0419815453744466,0.536402313401086,0.49442076802664,2025.04146788705,2025.08344943242,NA,NA,NA
4107,4108,REU.4.3_1,REU.4.3_1,0.0389580678144366,0.536455054523696,0.497496986709259,2025.04454410573,2025.08350217354,NA,NA,NA
4043,4044,REU.4.3_1,REU.4.3_1,0.0306623062576502,0.536511461844473,0.505849155586823,2025.05289627461,2025.08355858087,NA,NA,NA
4930,4931,REU.3.1_1,REU.4.8_1,0.0538626906738728,0.536630524153627,0.482767833479754,2025.0298149525,2025.08367764317,NA,NA,NA
5030,5031,REU.3.1_1,REU.3.1_1,0.020522620053126,0.536737349395505,0.516214729342379,2025.06326184836,2025.08378446842,NA,NA,NA
3476,3480,REU.3.5_1,REU.3.5_1,0.0185396497523437,0.53697669678336,0.518437047031017,2025.06548416605,2025.0840238158,NA,NA,NA
4114,4115,REU.4.3_1,REU.4.3_1,0.0209061702913076,0.537069583213843,0.516163412922535,2025.06321053194,2025.08411670223,NA,NA,NA
5243,5244,REU.4.5_1,REU.4.3_1,0.0489149825201778,0.537072110619057,0.488157128098879,2025.03520424712,2025.08411922964,NA,NA,NA
5611,5612,REU.3.1_1,REU.3.1_1,0.011326437186205,0.537273248362208,0.525946811176004,2025.0729939302,2025.08432036738,NA,NA,NA
3718,3719,REU.4.3_1,REU.4.3_1,0.0235246922628017,0.537377615257511,0.513852922994709,2025.06090004202,2025.08442473428,NA,NA,NA
5873,5874,REU.4.8_1,REU.4.8_1,0.0163998500268272,0.537418694018801,0.521018843991974,2025.06806596301,2025.08446581304,NA,NA,NA
3181,3182,REU.3.1_1,REU.3.1_1,0.0195527550835209,0.537453607855493,0.517900852771972,2025.06494797179,2025.08450072688,NA,NA,NA
4025,4026,REU.4.3_1,REU.4.3_1,0.0593933947108927,0.537456288706203,0.47806289399531,2025.02511001302,2025.08450340773,NA,NA,NA
5608,5609,REU.4.6_1,REU.4.6_1,0.0060104640181543,0.537573476136896,0.531563012118742,2025.07861013114,2025.08462059516,NA,NA,NA
5463,5464,REU.3.1_1,REU.3.1_1,0.0625535784395256,0.537644334024135,0.47509075558461,2025.02213787461,2025.08469145305,NA,NA,NA
5514,5515,REU.4.1_1,REU.4.1_1,0.0593398954758694,0.537649431821159,0.47830953634529,2025.02535665537,2025.08469655084,NA,NA,NA
4386,4387,REU.4.3_1,REU.4.3_1,0.0205903179160474,0.537658625439537,0.51706830752349,2025.06411542654,2025.08470574446,NA,NA,NA
3799,3800,REU.4.3_1,REU.4.3_1,0.0214423973881539,0.537661968121189,0.516219570733035,2025.06326668975,2025.08470908714,NA,NA,NA
5949,5950,REU.3.4_1,REU.3.4_1,0.0350040549707965,0.537676827811829,0.502672772841032,2025.04971989186,2025.08472394683,NA,NA,NA
5923,5924,REU.4.3_1,REU.4.3_1,0.0219839243208887,0.537780286824091,0.515796362503202,2025.06284348152,2025.08482740585,NA,NA,NA
4267,4268,REU.4.3_1,REU.4.3_1,0.019629224484852,0.537826681276035,0.518197456791183,2025.06524457581,2025.0848738003,NA,NA,NA
5403,5404,REU.4.5_1,REU.4.5_1,0.0372113650966833,0.537828059557887,0.500616694461203,2025.04766381348,2025.08487517858,NA,NA,NA
4542,595,REU.4.3_1,REU.4.2_1,0.0534388801576685,0.537884387828193,0.484445507670524,2025.03149262669,2025.08493150685,CHIKV_RUN_S15b23_2025,55.496559,-21.240158
5065,2729,REU.3.5_1,REU.3.5_1,0.0308502074906597,0.537884387828193,0.507034180337533,2025.05408129936,2025.08493150685,CHIKV_RUN_S17b01_2025,55.22012,-21.044644
6108,2836,REU.3.1_1,REU.3.1_1,0.0200753305079604,0.537884387828193,0.517809057320232,2025.06485617634,2025.08493150685,CHIKV_RUN_S10b04_2025,55.362987,-21.255502
5238,2091,REU.4.5_1,REU.4.5_1,0.00553964692625053,0.537884387828193,0.532344740901942,2025.07939185992,2025.08493150685,CHIKV_RUN_S17b33_2025,55.628806,-21.360568
5339,5341,REU.3.4_1,REU.3.4_1,0.00233920360044682,0.537986994172878,0.535647790572431,2025.08269490959,2025.08503411319,NA,NA,NA
3737,3742,REU.4.3_1,REU.4.3_1,0.045787009102764,0.538074834127574,0.49228782502481,2025.03933494405,2025.08512195315,NA,NA,NA
5543,5544,REU.4.3_1,REU.4.3_1,0.0184710168454295,0.538159379574583,0.519688362729153,2025.06673548175,2025.0852064986,NA,NA,NA
5112,5113,REU.4.3_1,REU.4.3_1,0.0415861391569985,0.538162608766449,0.49657646960945,2025.04362358863,2025.08520972779,NA,NA,NA
5334,5335,REU.3.4_1,REU.3.4_1,0.0201988770741198,0.538235635840292,0.518036758766172,2025.06508387779,2025.08528275486,NA,NA,NA
5639,5640,REU.3.1_1,REU.4.6_1,0.010845696896611,0.538317925844516,0.527472228947905,2025.07451934797,2025.08536504487,NA,NA,NA
5093,5094,REU.3.1_1,REU.3.1_1,0.0687488373126538,0.538324998172478,0.469576160859825,2025.01662327988,2025.08537211719,NA,NA,NA
3182,3183,REU.3.1_1,REU.3.1_1,0.000878823420323749,0.538332431275816,0.537453607855493,2025.08450072688,2025.0853795503,NA,NA,NA
3571,3577,REU.4.3_1,REU.4.3_1,0.0298657352414733,0.538508222370154,0.50864248712868,2025.05568960615,2025.08555534139,NA,NA,NA
6194,6195,REU.2.3_1,REU.2.3_1,0.0309964098193656,0.538543392625409,0.507546982806043,2025.05459410183,2025.08559051165,NA,NA,NA
4722,4723,REU.4.5_1,REU.4.5_1,0.00244898429948048,0.538643968057528,0.536194983758047,2025.08324210278,2025.08569108708,NA,NA,NA
5821,5822,REU.4.8_1,REU.4.8_1,0.0215304835618282,0.538647939186623,0.517117455624795,2025.06416457465,2025.08569505821,NA,NA,NA
5857,5858,REU.3.1_1,REU.3.1_1,0.0110180757172673,0.53873018468808,0.527712108970812,2025.07475922799,2025.08577730371,NA,NA,NA
3211,3212,REU.4.3_1,REU.4.3_1,0.0470018844012201,0.538741623355386,0.491739738954165,2025.03878685798,2025.08578874238,NA,NA,NA
5031,5032,REU.3.1_1,REU.3.1_1,0.00213168057343516,0.53886902996894,0.536737349395505,2025.08378446842,2025.08591614899,NA,NA,NA
5436,5438,REU.3.4_1,REU.4.8_1,0.0600901549882022,0.538881177421693,0.478791022433491,2025.02583814145,2025.08592829644,NA,NA,NA
5924,5925,REU.4.3_1,REU.4.3_1,0.00120899760490711,0.538989284428998,0.537780286824091,2025.08482740585,2025.08603640345,NA,NA,NA
3955,3956,REU.4.3_1,REU.4.3_1,0.00275421210471649,0.539115827528765,0.536361615424048,2025.08340873445,2025.08616294655,NA,NA,NA
5515,5517,REU.4.1_1,REU.4.1_1,0.00150775667149217,0.539157188492651,0.537649431821159,2025.08469655084,2025.08620430751,NA,NA,NA
5189,5190,REU.2.3_1,REU.2.3_1,0.00875890090261233,0.539226463632875,0.530467562730263,2025.07751468175,2025.08627358265,NA,NA,NA
3642,3643,REU.4.3_1,REU.4.3_1,0.00984274042192301,0.539322075100822,0.529479334678899,2025.0765264537,2025.08636919412,NA,NA,NA
5147,5148,REU.4.3_1,REU.4.3_1,0.00654016034093774,0.539506474753412,0.532966314412474,2025.08001343343,2025.08655359377,NA,NA,NA
3551,3557,REU.4.3_1,REU.4.3_1,0.0300376207038996,0.539521119382718,0.509483498678819,2025.0565306177,2025.0865682384,NA,NA,NA
5032,5033,REU.3.1_1,REU.3.1_1,0.000737192419142496,0.539606222388082,0.53886902996894,2025.08591614899,2025.08665334141,NA,NA,NA
4684,4685,REU.4.8_1,REU.4.8_1,0.00355885436503434,0.539647132161728,0.536088277796693,2025.08313539682,2025.08669425118,NA,NA,NA
4250,4257,REU.4.8_1,REU.4.8_1,0.00427790372679526,0.539659284363563,0.535381380636768,2025.08242849966,2025.08670640338,NA,NA,NA
3390,3391,REU.4.3_1,REU.4.3_1,0.0616098361011139,0.539686541732595,0.478076705631482,2025.02512382465,2025.08673366075,NA,NA,NA
4208,4209,REU.4.8_1,REU.4.3_1,0.0110018553831495,0.539693027306576,0.528691171923427,2025.07573829094,2025.08674014633,NA,NA,NA
3208,3209,REU.4.3_1,REU.4.3_1,0.0482822084528313,0.539762597163272,0.491480388710441,2025.03852750773,2025.08680971618,NA,NA,NA
5743,5744,REU.4.8_1,REU.4.6_1,0.00732090292375209,0.539846999913638,0.532526096989886,2025.07957321601,2025.08689411893,NA,NA,NA
4562,4563,REU.4.3_1,REU.4.3_1,0.0144710568521444,0.539866474090431,0.525395417238286,2025.07244253626,2025.08691359311,NA,NA,NA
3805,3809,REU.4.3_1,REU.4.3_1,0.079431439668856,0.539934270849086,0.46050283118023,2025.0075499502,2025.08698138987,NA,NA,NA
4950,4951,REU.4.6_1,REU.4.6_1,0.0321394200391134,0.539940346867485,0.507800926828372,2025.05484804585,2025.08698746589,NA,NA,NA
4036,4037,REU.4.3_1,REU.4.8_1,0.0378600320862222,0.540040773333247,0.502180741247025,2025.04922786027,2025.08708789235,NA,NA,NA
5190,5191,REU.2.3_1,REU.2.3_1,0.000875391307637141,0.540101854940512,0.539226463632875,2025.08627358265,2025.08714897396,NA,NA,NA
5933,5934,REU.3.4_1,REU.3.4_1,0.0702167159226887,0.540202375995695,0.469985660073006,2025.01703277909,2025.08724949502,NA,NA,NA
5191,5192,REU.2.3_1,REU.2.3_1,0.000115260360849967,0.540217115301362,0.540101854940512,2025.08714897396,2025.08726423432,NA,NA,NA
6207,6208,REU.3.1_1,REU.3.1_1,0.0835243952042175,0.540223005283193,0.456698610078975,2025.0037457291,2025.0872701243,NA,NA,NA
3206,3226,REU.4.3_1,REU.4.3_1,0.0816120868404339,0.540489955464473,0.458877868624039,2025.00592498765,2025.08753707449,NA,NA,NA
5555,5556,REU.3.1_1,REU.3.1_1,0.12821434574268,0.540654623384508,0.412440277641828,2024.95948739666,2025.08770174241,NA,NA,NA
4011,4017,REU.4.8_1,REU.2.3_1,0.0564499558127713,0.540669694809253,0.484219738996482,2025.03126685802,2025.08771681383,NA,NA,NA
4757,4758,REU.4.5_1,REU.4.5_1,0.0266366084342002,0.541228461349644,0.514591852915444,2025.06163897194,2025.08827558037,NA,NA,NA
3698,3699,REU.4.3_1,REU.4.3_1,0.0139140084297692,0.541388167685149,0.527474159255379,2025.07452127828,2025.08843528671,NA,NA,NA
3774,3775,REU.4.3_1,REU.4.3_1,0.0275637426322011,0.541512283037738,0.513948540405537,2025.06099565943,2025.08855940206,NA,NA,NA
4694,4695,REU.4.8_1,REU.4.8_1,0.022620106164212,0.541544316447168,0.518924210282956,2025.0659713293,2025.08859143547,NA,NA,NA
3626,3628,REU.4.8_1,REU.4.8_1,0.0113972915909268,0.541574579369012,0.530177287778085,2025.0772244068,2025.08862169839,NA,NA,NA
5640,5641,REU.4.6_1,REU.4.6_1,0.00337645926236796,0.541694385106884,0.538317925844516,2025.08536504487,2025.08874150413,NA,NA,NA
5679,5680,REU.3.1_1,REU.3.1_1,0.0125557565775647,0.54177266275468,0.529216906177116,2025.0762640252,2025.08881978178,NA,NA,NA
5100,5101,REU.4.8_1,REU.4.3_1,0.099188621326028,0.541919732483791,0.442731111157763,2024.98977823018,2025.0889668515,NA,NA,NA
5264,5265,REU.4.8_1,REU.4.8_1,0.0135014211959653,0.541930858229895,0.52842943703393,2025.07547655606,2025.08897797725,NA,NA,NA
4707,4716,REU.4.7_1,REU.4.7_1,0.00582895679512929,0.541954918487761,0.536125961692632,2025.08317308071,2025.08900203751,NA,NA,NA
3692,3693,REU.4.3_1,REU.4.3_1,0.0364633871188117,0.541999305939597,0.505535918820785,2025.05258303784,2025.08904642496,NA,NA,NA
3809,3810,REU.4.3_1,REU.4.3_1,0.00219811788209334,0.542132388731179,0.539934270849086,2025.08698138987,2025.08917950775,NA,NA,NA
3165,3167,REU.3.1_1,REU.3.1_1,0.0680855981001902,0.542391871145939,0.474306273045749,2025.02135339207,2025.08943899017,NA,NA,NA
5271,5272,REU.4.5_1,REU.4.5_1,0.0208541415299065,0.542432135680321,0.521577994150414,2025.06862511317,2025.0894792547,NA,NA,NA
5428,5429,REU.3.1_1,REU.4.6_1,0.00871442224494878,0.542531836523566,0.533817414278617,2025.0808645333,2025.08957895554,NA,NA,NA
3349,3350,REU.4.3_1,REU.4.3_1,0.0126678355876193,0.54280060177291,0.530132766185291,2025.07717988521,2025.08984772079,NA,NA,NA
4268,4270,REU.4.3_1,REU.4.3_1,0.00501076196209083,0.542837443238126,0.537826681276035,2025.0848738003,2025.08988456226,NA,NA,NA
5005,5009,REU.3.1_1,REU.3.1_1,0.0751371788978958,0.542843868986991,0.467706690089095,2025.01475380911,2025.08989098801,NA,NA,NA
4716,4717,REU.4.7_1,REU.4.7_1,0.000906429297981237,0.542861347785742,0.541954918487761,2025.08900203751,2025.08990846681,NA,NA,NA
4301,4302,REU.2.3_1,REU.2.3_1,0.00661068018831701,0.542922996821442,0.536312316633125,2025.08335943565,2025.08997011584,NA,NA,NA
3516,3517,REU.4.3_1,REU.4.3_1,0.00755106338460332,0.542965977054934,0.535414913670331,2025.08246203269,2025.09001309608,NA,NA,NA
3238,3239,REU.4.3_1,REU.4.3_1,0.0113008046771544,0.542992540122886,0.531691735445732,2025.07873885447,2025.09003965914,NA,NA,NA
3763,3764,REU.4.8_1,REU.4.8_1,0.0294863749011052,0.543055065092469,0.513568690191364,2025.06061580921,2025.09010218411,NA,NA,NA
3641,3646,REU.4.3_1,REU.4.6_1,0.0532186783715881,0.543089934883843,0.489871256512255,2025.03691837553,2025.0901370539,NA,NA,NA
5260,5261,REU.4.5_1,REU.4.5_1,0.0668098943238533,0.543123966730827,0.476314072406974,2025.02336119143,2025.09017108575,NA,NA,NA
5144,5145,REU.4.3_1,REU.4.3_1,0.00792999874685396,0.543257368261939,0.535327369515085,2025.08237448854,2025.09030448728,NA,NA,NA
3172,3173,REU.3.1_1,REU.3.5_1,0.0557826825622345,0.54329703770041,0.487514355138176,2025.03456147416,2025.09034415672,NA,NA,NA
6085,6086,REU.3.1_1,REU.4.3_1,0.138944720611364,0.543307613139119,0.404362892527755,2024.95141001155,2025.09035473216,NA,NA,NA
4044,4045,REU.4.3_1,REU.4.3_1,0.00682039280360758,0.54333185464808,0.536511461844473,2025.08355858087,2025.09037897367,NA,NA,NA
4680,1756,REU.4.3_1,REU.2.5_1,0.0803013118794078,0.543363839883135,0.463062528003727,2025.01010964702,2025.0904109589,CHIKV_RUN_S10b05_2025,55.640541,-20.932497
5542,2188,REU.4.3_1,REU.4.3_1,0.0767550073874381,0.543363839883135,0.466608832495697,2025.01365595152,2025.0904109589,CHIKV_RUN_S17b17_2025,55.52056,-21.281449
6057,2899,REU.2.3_1,REU.2.3_1,0.0562705538234142,0.543363839883135,0.487093286059721,2025.03414040508,2025.0904109589,CHIKV_RUN_S17b35_2025,55.502793,-20.911217
5660,2606,REU.3.1_1,REU.2.3_1,0.0346183136063739,0.543363839883135,0.508745526276761,2025.0557926453,2025.0904109589,CHIKV_RUN_S10b14_2025,55.476821,-20.900549
5308,2118,REU.4.5_1,REU.4.5_1,0.0315113859085856,0.543363839883135,0.511852453974549,2025.058899573,2025.0904109589,CHIKV_RUN_S17b42_2025,55.629379,-21.3518
3527,1353,REU.4.3_1,REU.4.3_1,0.0218174437274589,0.543363839883135,0.521546396155676,2025.06859351518,2025.0904109589,CHIKV_RUN_S17b34_2025,55.530935,-21.257714
5180,15,REU.2.3_1,REU.2.3_1,0.0096050720056976,0.543363839883135,0.533758767877437,2025.0808058869,2025.0904109589,CHIKV_RUN_S17b22_2025,55.48129,-20.916907
5641,1812,REU.4.6_1,REU.3.4_1,0.00166945477625113,0.543363839883135,0.541694385106884,2025.08874150413,2025.0904109589,CHIKV_RUN_S17b18_2025,55.335333,-21.202203
5858,5859,REU.3.1_1,REU.3.1_1,0.00469549161491645,0.543425676302996,0.53873018468808,2025.08577730371,2025.09047279532,NA,NA,NA
5886,5892,REU.3.1_1,REU.4.6_1,0.108722401300986,0.54343613043664,0.434713729135655,2024.98176084816,2025.09048324946,NA,NA,NA
5067,5075,REU.3.1_1,REU.3.1_1,0.0197570192329237,0.543542259443741,0.523785240210818,2025.07083235923,2025.09058937846,NA,NA,NA
5994,5996,REU.3.4_1,REU.3.4_1,0.0137795707421171,0.543651665376424,0.529872094634307,2025.07691921366,2025.0906987844,NA,NA,NA
3955,3962,REU.4.3_1,REU.4.3_1,0.00731501071904739,0.543676626143096,0.536361615424048,2025.08340873445,2025.09072374516,NA,NA,NA
5357,5361,REU.3.4_1,REU.3.4_1,0.0104140485887169,0.543683193906992,0.533269145318275,2025.08031626434,2025.09073031293,NA,NA,NA
5744,5745,REU.4.6_1,REU.4.6_1,0.00411660896563337,0.543963608879271,0.539846999913638,2025.08689411893,2025.0910107279,NA,NA,NA
4474,4479,REU.4.8_1,REU.4.8_1,0.0151393440947236,0.543966431726548,0.528827087631824,2025.07587420665,2025.09101355075,NA,NA,NA
5424,5425,REU.3.1_1,REU.3.1_1,0.00953596854187999,0.544048842950162,0.534512874408282,2025.08155999343,2025.09109596197,NA,NA,NA
4707,4708,REU.4.7_1,REU.4.7_1,0.00793821872070055,0.544064180413332,0.536125961692632,2025.08317308071,2025.09111129943,NA,NA,NA
4017,4019,REU.2.3_1,REU.2.3_1,0.00341705870233644,0.54408675351159,0.540669694809253,2025.08771681383,2025.09113387253,NA,NA,NA
4043,4063,REU.4.3_1,REU.4.3_1,0.0383666730678999,0.544215828654723,0.505849155586823,2025.05289627461,2025.09126294768,NA,NA,NA
4551,4552,REU.4.3_1,REU.4.3_1,0.0284352056808855,0.544216905090912,0.515781699410026,2025.06282881843,2025.09126402411,NA,NA,NA
3810,3811,REU.4.3_1,REU.4.3_1,0.00209736648620662,0.544229755217386,0.542132388731179,2025.08917950775,2025.09127687424,NA,NA,NA
3714,3715,REU.4.3_1,REU.4.3_1,0.0200684876739676,0.544346885107307,0.52427839743334,2025.07132551645,2025.09139400413,NA,NA,NA
5479,5489,REU.3.1_1,REU.4.8_1,0.0209971851952875,0.544416939808325,0.523419754613037,2025.07046687363,2025.09146405883,NA,NA,NA
3867,3868,REU.4.4_1,REU.4.4_1,0.0399330662980777,0.54442292793018,0.504489861632102,2025.05153698065,2025.09147004695,NA,NA,NA
5153,5154,REU.4.3_1,REU.4.3_1,0.0461961938100665,0.54449795274006,0.498301758929993,2025.04534887795,2025.09154507176,NA,NA,NA
5330,5331,REU.3.4_1,REU.4.6_1,0.0288169621064924,0.544511349337985,0.515694387231493,2025.06274150625,2025.09155846836,NA,NA,NA
4870,4871,REU.4.3_1,REU.4.3_1,0.104317231613741,0.544512315052161,0.44019508343842,2024.98724220246,2025.09155943407,NA,NA,NA
6140,6141,REU.3.1_1,REU.3.1_1,0.0225734172908868,0.544525583490227,0.521952166199341,2025.06899928522,2025.09157270251,NA,NA,NA
5468,5469,REU.3.1_1,REU.3.1_1,0.011720288210693,0.544531340054828,0.532811051844135,2025.07985817087,2025.09157845908,NA,NA,NA
3358,3359,REU.4.3_1,REU.4.3_1,0.0208139758706088,0.544603781588044,0.523789805717435,2025.07083692474,2025.09165090061,NA,NA,NA
5752,5758,REU.4.8_1,REU.4.8_1,0.0118429930082432,0.544791733361,0.532948740352757,2025.07999585937,2025.09183885238,NA,NA,NA
4820,4821,REU.4.3_1,REU.4.3_1,0.0400547618810618,0.544838886218864,0.504784124337802,2025.05183124336,2025.09188600524,NA,NA,NA
3422,3423,REU.2.3_1,REU.2.3_1,0.0185926460870823,0.544865620278233,0.526272974191151,2025.07332009321,2025.0919127393,NA,NA,NA
4438,4439,REU.3.5_1,REU.3.5_1,0.0592484330824868,0.544896766124554,0.485648333042067,2025.03269545206,2025.09194388515,NA,NA,NA
5622,5623,REU.4.6_1,REU.4.8_1,0.0662736681820678,0.544898231023525,0.478624562841457,2025.02567168186,2025.09194535004,NA,NA,NA
6162,6167,REU.4.8_1,REU.4.8_1,0.013602117774618,0.544900939633623,0.531298821859005,2025.07834594088,2025.09194805865,NA,NA,NA
3286,3287,REU.4.8_1,REU.4.8_1,0.0111027017141323,0.545046576008004,0.533943874293872,2025.08099099331,2025.09209369503,NA,NA,NA
3326,3327,REU.4.8_1,REU.4.8_1,0.0356261044839202,0.54507279444127,0.509446689957349,2025.05649380898,2025.09211991346,NA,NA,NA
5640,5643,REU.4.6_1,REU.4.6_1,0.0068441208577873,0.545162046702303,0.538317925844516,2025.08536504487,2025.09220916572,NA,NA,NA
4722,4731,REU.4.5_1,REU.4.5_1,0.0090286616796651,0.545223645437712,0.536194983758047,2025.08324210278,2025.09227076446,NA,NA,NA
3767,3768,REU.4.3_1,REU.4.3_1,0.0657861572636458,0.545274828019364,0.479488670755718,2025.02653578978,2025.09232194704,NA,NA,NA
5005,5006,REU.3.1_1,REU.4.8_1,0.0777372971728335,0.545443987261929,0.467706690089095,2025.01475380911,2025.09249110628,NA,NA,NA
3728,3729,REU.4.3_1,REU.4.3_1,0.0144093321051435,0.545516648798873,0.531107316693729,2025.07815443571,2025.09256376782,NA,NA,NA
4504,4513,REU.4.3_1,REU.4.3_1,0.0146721729751076,0.545604147707479,0.530931974732371,2025.07797909375,2025.09265126673,NA,NA,NA
3715,3717,REU.4.3_1,REU.4.3_1,0.00127204020124805,0.545618925308555,0.544346885107307,2025.09139400413,2025.09266604433,NA,NA,NA
3529,3530,REU.4.3_1,REU.4.8_1,0.00998571672282833,0.545635830528064,0.535650113805236,2025.08269723283,2025.09268294955,NA,NA,NA
3269,3270,REU.4.3_1,REU.4.3_1,0.0321106911355759,0.545776798194715,0.513666107059139,2025.06071322608,2025.09282391722,NA,NA,NA
3892,3893,REU.4.4_1,REU.4.3_1,0.0865159637420088,0.545959472982814,0.459443509240805,2025.00649062826,2025.093006592,NA,NA,NA
3243,3247,REU.4.3_1,REU.4.3_1,0.0151875477962508,0.546074975781009,0.530887427984759,2025.07793454701,2025.0931220948,NA,NA,NA
4951,4952,REU.4.6_1,REU.4.6_1,0.00614910042095052,0.546089447288436,0.539940346867485,2025.08698746589,2025.09313656631,NA,NA,NA
4957,3113,REU.3.4_1,REU.4.6_1,0.0743269707613511,0.546103565910492,0.471776595149141,2025.01882371417,2025.09315068493,CHIKV_RUN_S17b38_2025,55.43888,-21.269082
3524,869,REU.4.3_1,REU.4.3_1,0.0555553804786798,0.546103565910492,0.490548185431812,2025.03759530445,2025.09315068493,CHIKV_RUN_S10b20_2025,55.496192,-21.267121
5787,2818,REU.3.1_1,REU.3.1_1,0.046007015810829,0.546103565910492,0.500096550099663,2025.04714366912,2025.09315068493,CHIKV_RUN_S16b88_2025,55.3619,-21.255328
4174,636,REU.4.4_1,REU.4.3_1,0.0383549804214793,0.546103565910492,0.507748585489013,2025.05479570451,2025.09315068493,CHIKV_RUN_S17b28_2025,55.510051,-21.291905
5133,2272,REU.4.8_1,REU.4.8_1,0.0236223716320182,0.546103565910492,0.522481194278474,2025.0695283133,2025.09315068493,CHIKV_RUN_S17b15_2025,55.535126,-21.315144
4080,1419,REU.4.8_1,REU.3.5_1,0.0136891773973467,0.546103565910492,0.532414388513146,2025.07946150753,2025.09315068493,CHIKV_RUN_S10b19_2025,55.274867,-21.026481
4270,418,REU.4.3_1,REU.4.3_1,0.00326612267236659,0.546103565910492,0.542837443238126,2025.08988456226,2025.09315068493,CHIKV_RUN_S14b90_2025,55.542606,-21.243523
3359,3364,REU.4.3_1,REU.3.5_1,0.00153823966211364,0.546142021250158,0.544603781588044,2025.09165090061,2025.09318914027,NA,NA,NA
5116,5117,REU.4.3_1,REU.4.3_1,0.0284220265834442,0.546214954431414,0.517792927847969,2025.06484004687,2025.09326207345,NA,NA,NA
3143,3146,REU.3.1_1,REU.3.1_1,0.0192391745786573,0.54623567733179,0.526996502753132,2025.07404362177,2025.09328279635,NA,NA,NA
6180,6181,REU.4.8_1,REU.4.8_1,0.0949485018738605,0.546326022893494,0.451377521019633,2024.99842464004,2025.09337314191,NA,NA,NA
5438,5440,REU.4.8_1,REU.4.8_1,0.00761230242406818,0.546493479845761,0.538881177421693,2025.08592829644,2025.09354059887,NA,NA,NA
3774,3781,REU.4.3_1,REU.4.8_1,0.032668611591957,0.546617151997494,0.513948540405537,2025.06099565943,2025.09366427102,NA,NA,NA
3970,3978,REU.4.3_1,REU.4.3_1,0.0645510188015687,0.546643040970749,0.48209202216918,2025.02913914119,2025.09369015999,NA,NA,NA
5544,5545,REU.4.3_1,REU.4.3_1,0.00849451852598471,0.546653898100568,0.538159379574583,2025.0852064986,2025.09370101712,NA,NA,NA
4343,4344,REU.4.3_1,REU.4.8_1,0.0307693815057981,0.54669613693808,0.515926755432282,2025.06297387445,2025.09374325596,NA,NA,NA
3658,3663,REU.4.3_1,REU.4.3_1,0.0660639313657729,0.546714595146939,0.480650663781166,2025.0276977828,2025.09376171417,NA,NA,NA
6058,6059,REU.2.3_1,REU.2.3_1,0.0356587639029351,0.546717675725369,0.511058911822434,2025.05810603084,2025.09376479475,NA,NA,NA
3621,3622,REU.4.8_1,REU.4.8_1,0.0284798400791234,0.546731765241905,0.518251925162782,2025.06529904418,2025.09377888426,NA,NA,NA
4821,4822,REU.4.3_1,REU.4.3_1,0.00203918160640482,0.546878067825269,0.544838886218864,2025.09188600524,2025.09392518685,NA,NA,NA
3868,3875,REU.4.4_1,REU.4.4_1,0.00250156397836676,0.546924491908546,0.54442292793018,2025.09147004695,2025.09397161093,NA,NA,NA
3602,3603,REU.4.3_1,REU.4.3_1,0.04792058626438,0.546928555422192,0.499007969157812,2025.04605508818,2025.09397567444,NA,NA,NA
3990,3993,REU.4.3_1,REU.4.3_1,0.0440801766143798,0.546932312580159,0.502852135965779,2025.04989925499,2025.0939794316,NA,NA,NA
3896,3900,REU.4.5_1,REU.4.5_1,0.0296997940945939,0.547023692043385,0.517323897948791,2025.06437101697,2025.09407081106,NA,NA,NA
3559,3560,REU.4.3_1,REU.4.3_1,0.055014487663494,0.547063133067786,0.492048645404292,2025.03909576443,2025.09411025209,NA,NA,NA
4550,4560,REU.4.3_1,REU.2.3_1,0.0319970817255502,0.547075729476445,0.515078647750895,2025.06212576677,2025.0941228485,NA,NA,NA
4936,4937,REU.3.1_1,REU.3.1_1,0.128591250095763,0.547262133547403,0.418670883451639,2024.96571800247,2025.09430925257,NA,NA,NA
3253,3259,REU.4.3_1,REU.4.3_1,0.0144937602270419,0.547393682035789,0.532899921808747,2025.07994704083,2025.09444080106,NA,NA,NA
5265,5267,REU.4.8_1,REU.4.8_1,0.00550709955180506,0.5474379577817,0.541930858229895,2025.08897797725,2025.0944850768,NA,NA,NA
6148,6149,REU.3.1_1,REU.3.1_1,0.0169544227135636,0.54746522034882,0.530510797635256,2025.07755791666,2025.09451233937,NA,NA,NA
3663,3664,REU.4.3_1,REU.4.3_1,0.000913351589348577,0.547627946736288,0.546714595146939,2025.09376171417,2025.09467506576,NA,NA,NA
4345,4346,REU.4.3_1,REU.4.3_1,0.0171015106641845,0.54772492815044,0.530623417486256,2025.07767053651,2025.09477204717,NA,NA,NA
5061,5062,REU.3.1_1,REU.4.4_1,0.0660091592301087,0.547748891464159,0.481739732234051,2025.02878685126,2025.09479601049,NA,NA,NA
4799,4808,REU.3.1_1,REU.3.1_1,0.0468663421431915,0.547785586230625,0.500919244087433,2025.04796636311,2025.09483270525,NA,NA,NA
5351,5353,REU.3.4_1,REU.4.6_1,0.0499292164540497,0.548011924363617,0.498082707909567,2025.04512982693,2025.09505904338,NA,NA,NA
3742,3743,REU.4.3_1,REU.4.3_1,0.00997311362830788,0.548047947755882,0.538074834127574,2025.08512195315,2025.09509506678,NA,NA,NA
3410,3415,REU.4.3_1,REU.4.3_1,0.0250301741003252,0.548070028815421,0.523039854715096,2025.07008697374,2025.09511714784,NA,NA,NA
4287,4288,REU.4.3_1,REU.4.3_1,0.0145071756766352,0.548133443015954,0.533626267339319,2025.08067338636,2025.09518056204,NA,NA,NA
5012,5013,REU.3.1_1,REU.3.1_1,0.0443330192100073,0.548169928102325,0.503836908892317,2025.05088402791,2025.09521704712,NA,NA,NA
5244,5245,REU.4.3_1,REU.4.8_1,0.0111664430409487,0.548238553660006,0.537072110619057,2025.08411922964,2025.09528567268,NA,NA,NA
5517,5518,REU.4.1_1,REU.4.1_1,0.00923863409935932,0.54839582259201,0.539157188492651,2025.08620430751,2025.09544294161,NA,NA,NA
4622,4623,REU.4.3_1,REU.4.3_1,0.0290443298900431,0.548582903030562,0.519538573140519,2025.06658569216,2025.09563002205,NA,NA,NA
5556,5560,REU.3.1_1,REU.3.1_1,0.00806400901933224,0.54871863240384,0.540654623384508,2025.08770174241,2025.09576575142,NA,NA,NA
6211,6213,REU.4.3_1,REU.4.3_1,0.0521157122413313,0.548726744535171,0.49661103229384,2025.04365815131,2025.09577386356,NA,NA,NA
5934,5935,REU.3.4_1,REU.3.4_1,0.0086096808572298,0.548812056852924,0.540202375995695,2025.08724949502,2025.09585917587,NA,NA,NA
3962,3965,REU.4.3_1,REU.4.3_1,0.0051398930523282,0.548816519195424,0.543676626143096,2025.09072374516,2025.09586363822,NA,NA,NA
4173,1749,REU.4.4_1,REU.4.4_1,0.08182595135651,0.54884329193785,0.46701734058134,2025.0140644596,2025.09589041096,CHIKV_RUN_S10b26_2025,55.560539,-21.342963
5502,1798,REU.4.8_1,REU.3.4_1,0.0580611177594427,0.54884329193785,0.490782174178407,2025.0378292932,2025.09589041096,CHIKV_RUN_S10b24_2025,55.289455,-21.17725
5244,2119,REU.4.3_1,REU.4.3_1,0.0117711813187925,0.54884329193785,0.537072110619057,2025.08411922964,2025.09589041096,CHIKV_RUN_S10b18_2025,55.498016,-21.254205
3800,806,REU.4.3_1,REU.4.3_1,0.0111813238166603,0.54884329193785,0.537661968121189,2025.08470908714,2025.09589041096,CHIKV_RUN_S10b25_2025,55.503697,-21.272324
5261,2062,REU.4.5_1,REU.4.5_1,0.00571932520702256,0.54884329193785,0.543123966730827,2025.09017108575,2025.09589041096,CHIKV_RUN_S17b39_2025,55.59222,-21.37455
4036,4038,REU.4.3_1,REU.4.3_1,0.0468771844082442,0.549057925655269,0.502180741247025,2025.04922786027,2025.09610504468,NA,NA,NA
6067,6068,REU.2.3_1,REU.2.3_1,0.0253708950872928,0.549090209587633,0.52371931450034,2025.07076643352,2025.09613732861,NA,NA,NA
5310,5311,REU.4.5_1,REU.4.5_1,0.0556310280166725,0.549237196654379,0.493606168637707,2025.04065328766,2025.09628431568,NA,NA,NA
3186,3188,REU.3.1_1,REU.3.5_1,0.0178922466204522,0.549294289291735,0.531402042671283,2025.07844916169,2025.09634140831,NA,NA,NA
3287,3288,REU.4.8_1,REU.4.8_1,0.00425681817417123,0.549303394182175,0.545046576008004,2025.09209369503,2025.0963505132,NA,NA,NA
5429,5431,REU.4.6_1,REU.4.6_1,0.00679068747258027,0.549322523996146,0.542531836523566,2025.08957895554,2025.09636964302,NA,NA,NA
4661,4663,REU.4.3_1,REU.4.3_1,0.026584328388523,0.549323883060797,0.522739554672274,2025.06978667369,2025.09637100208,NA,NA,NA
5401,5402,REU.4.5_1,REU.4.5_1,0.0263732354185696,0.549494035443277,0.523120800024708,2025.07016791905,2025.09654115446,NA,NA,NA
6133,6134,REU.3.1_1,REU.3.2_1,0.0331177757021329,0.549641377363232,0.516523601661099,2025.06357072068,2025.09668849638,NA,NA,NA
5976,5979,REU.3.4_1,REU.3.4_1,0.016272415922035,0.549690164168757,0.533417748246722,2025.08046486727,2025.09673728319,NA,NA,NA
6086,6087,REU.4.3_1,REU.4.3_1,0.00641861721511683,0.549726230354236,0.543307613139119,2025.09035473216,2025.09677334938,NA,NA,NA
5075,5076,REU.3.1_1,REU.3.1_1,0.00623201054381883,0.54977426998756,0.543542259443741,2025.09058937846,2025.09682138901,NA,NA,NA
4731,4732,REU.4.5_1,REU.4.5_1,0.00463564703208452,0.549859292469797,0.545223645437712,2025.09227076446,2025.09690641149,NA,NA,NA
3658,3659,REU.4.3_1,REU.4.3_1,0.069215076617523,0.54986574039869,0.480650663781166,2025.0276977828,2025.09691285942,NA,NA,NA
5647,5648,REU.4.8_1,REU.4.8_1,0.0400878307513861,0.549885724942513,0.509797894191126,2025.05684501321,2025.09693284396,NA,NA,NA
4130,4132,REU.4.3_1,REU.4.3_1,0.0215871016585917,0.550044074277896,0.528456972619305,2025.07550409164,2025.0970911933,NA,NA,NA
5892,5893,REU.4.6_1,REU.4.6_1,0.00664833418585653,0.550084464622497,0.54343613043664,2025.09048324946,2025.09713158364,NA,NA,NA
3291,3294,REU.4.3_1,REU.4.3_1,0.0602161580694428,0.550126180251343,0.4899100221819,2025.0369571412,2025.09717329927,NA,NA,NA
4483,4484,REU.4.8_1,REU.3.5_1,0.0227875414992016,0.550162101366275,0.527374559867073,2025.07442167889,2025.09720922039,NA,NA,NA
3646,3647,REU.4.6_1,REU.4.6_1,0.00710880668449443,0.550198741568337,0.543089934883843,2025.0901370539,2025.09724586059,NA,NA,NA
3173,3175,REU.3.5_1,REU.3.5_1,0.00700789087345755,0.550304928573868,0.54329703770041,2025.09034415672,2025.0973520476,NA,NA,NA
4785,4787,REU.4.8_1,REU.4.8_1,0.0200920637846385,0.550352741515017,0.530260677730379,2025.07730779675,2025.09739986054,NA,NA,NA
5224,5225,REU.4.5_1,REU.4.5_1,0.0358377812381134,0.550574977819612,0.514737196581498,2025.0617843156,2025.09762209684,NA,NA,NA
5603,5604,REU.4.6_1,REU.4.6_1,0.0198144895264309,0.550671771675574,0.530857282149143,2025.07790440117,2025.0977188907,NA,NA,NA
5452,5457,REU.3.1_1,REU.3.4_1,0.0591625419087273,0.551047355685852,0.491884813777124,2025.0389319328,2025.09809447471,NA,NA,NA
4069,4070,REU.4.3_1,REU.4.8_1,0.0458594131858172,0.551085877729897,0.50522646454408,2025.05227358357,2025.09813299675,NA,NA,NA
5515,5516,REU.4.1_1,REU.4.1_1,0.0135759200092948,0.551225351830454,0.537649431821159,2025.08469655084,2025.09827247085,NA,NA,NA
5663,5664,REU.3.1_1,REU.3.1_1,0.0328897336679108,0.551252947281805,0.518363213613894,2025.06541033263,2025.0983000663,NA,NA,NA
5257,5258,REU.4.5_1,REU.4.5_1,0.027157350299937,0.551272828390635,0.524115478090698,2025.07116259711,2025.09831994741,NA,NA,NA
4104,4160,REU.4.3_1,REU.4.3_1,0.0614723316773813,0.551282106693375,0.489809775015994,2025.03685689404,2025.09832922571,NA,NA,NA
5191,5198,REU.2.3_1,REU.2.3_1,0.0113428587653028,0.551444713705815,0.540101854940512,2025.08714897396,2025.09849183273,NA,NA,NA
4373,4374,REU.4.3_1,REU.4.3_1,0.0294604401363016,0.551479276218002,0.5220188360817,2025.0690659551,2025.09852639524,NA,NA,NA
3528,3539,REU.4.3_1,REU.4.8_1,0.0214860411178798,0.551496510481396,0.530010469363516,2025.07705758838,2025.0985436295,NA,NA,NA
6129,2230,REU.4.3_1,REU.4.3_1,0.0920765135058606,0.551583017965207,0.459506504459346,2025.00655362348,2025.09863013699,CHIKV_RUN_S10b32_2025,55.525455,-21.285424
4542,1750,REU.4.3_1,REU.4.5_1,0.0671375102946828,0.551583017965207,0.484445507670524,2025.03149262669,2025.09863013699,CHIKV_RUN_S10b27_2025,55.596459,-21.333171
4899,271,REU.4.3_1,REU.4.4_1,0.0347479652105007,0.551583017965207,0.516835052754706,2025.06388217178,2025.09863013699,CHIKV_RUN_S10b34_2025,55.55304,-21.350416
4639,1521,REU.4.3_1,REU.4.3_1,0.0223647145986828,0.551583017965207,0.529218303366524,2025.07626542239,2025.09863013699,CHIKV_RUN_S10b31_2025,55.513787,-21.267717
3167,3065,REU.3.1_1,REU.3.1_1,0.00919114681926825,0.551583017965207,0.542391871145939,2025.08943899017,2025.09863013699,CHIKV_RUN_S10b23_2025,55.353503,-21.259858
3875,1255,REU.4.4_1,REU.4.4_1,0.00465852605666062,0.551583017965207,0.546924491908546,2025.09397161093,2025.09863013699,CHIKV_RUN_S10b37_2025,55.561393,-21.340955
5719,5720,REU.4.3_1,REU.4.3_1,0.0262740824902921,0.551663996484505,0.525389913994213,2025.07243703302,2025.09871111551,NA,NA,NA
4301,4308,REU.2.3_1,REU.2.3_1,0.0153648130211492,0.551677129654275,0.536312316633125,2025.08335943565,2025.09872424868,NA,NA,NA
4985,4989,REU.2.3_1,REU.2.3_1,0.0153072594705839,0.55170957287167,0.536402313401086,2025.08344943242,2025.09875669189,NA,NA,NA
5245,5255,REU.4.8_1,REU.4.8_1,0.00356639571511441,0.55180494937512,0.548238553660006,2025.09528567268,2025.0988520684,NA,NA,NA
4732,4737,REU.4.5_1,REU.4.5_1,0.00200260337552738,0.551861895845324,0.549859292469797,2025.09690641149,2025.09890901487,NA,NA,NA
6181,6182,REU.4.8_1,REU.4.8_1,0.00554113124945099,0.551867154142945,0.546326022893494,2025.09337314191,2025.09891427316,NA,NA,NA
4257,4258,REU.4.8_1,REU.4.8_1,0.0122738784332269,0.55193316279679,0.539659284363563,2025.08670640338,2025.09898028182,NA,NA,NA
3628,3629,REU.4.8_1,REU.4.8_1,0.0103869677057273,0.551961547074739,0.541574579369012,2025.08862169839,2025.0990086661,NA,NA,NA
4484,4486,REU.3.5_1,REU.3.5_1,0.00182779367692609,0.551989895043201,0.550162101366275,2025.09720922039,2025.09903701406,NA,NA,NA
4460,4461,REU.3.5_1,REU.3.5_1,0.0305021796521078,0.552012757377231,0.521510577725123,2025.06855769675,2025.0990598764,NA,NA,NA
5623,5624,REU.4.8_1,REU.4.8_1,0.00729974215894924,0.552197973182474,0.544898231023525,2025.09194535004,2025.0992450922,NA,NA,NA
3952,3953,REU.4.3_1,REU.4.3_1,0.0789524490473954,0.552472567041975,0.473520117994579,2025.02056723702,2025.09951968606,NA,NA,NA
3311,3312,REU.4.3_1,REU.4.3_1,0.0751614107686107,0.552495950625551,0.47733453985694,2025.02438165888,2025.09954306965,NA,NA,NA
5788,5789,REU.3.1_1,REU.3.1_1,0.0240856712407431,0.552671523340153,0.52858585209941,2025.07563297112,2025.09971864236,NA,NA,NA
4085,4086,REU.4.8_1,REU.2.3_1,0.0380806208773243,0.552676817006003,0.514596196128679,2025.06164331515,2025.09972393603,NA,NA,NA
4374,4378,REU.4.3_1,REU.4.3_1,0.00132413260373565,0.552803408821738,0.551479276218002,2025.09852639524,2025.09985052784,NA,NA,NA
4308,4309,REU.2.3_1,REU.2.3_1,0.00134088430609336,0.553018013960368,0.551677129654275,2025.09872424868,2025.10006513298,NA,NA,NA
4937,4938,REU.3.1_1,REU.3.1_1,0.00580017542856415,0.553062308975967,0.547262133547403,2025.09430925257,2025.100109428,NA,NA,NA
3572,3573,REU.4.3_1,REU.4.8_1,0.033883226267013,0.553279377726397,0.519396151459384,2025.06644327048,2025.10032649675,NA,NA,NA
5914,5920,REU.4.3_1,REU.4.8_1,0.0343339603340702,0.553323852289569,0.518989891955499,2025.06603701098,2025.10037097131,NA,NA,NA
5051,5052,REU.4.3_1,REU.4.5_1,0.0624656731174257,0.553501083611273,0.491035410493847,2025.03808252951,2025.10054820263,NA,NA,NA
5518,5524,REU.4.1_1,REU.4.1_1,0.0051671138540974,0.553562936446108,0.54839582259201,2025.09544294161,2025.10061005547,NA,NA,NA
5788,5791,REU.3.1_1,REU.3.1_1,0.0250148505847103,0.55360070268412,0.52858585209941,2025.07563297112,2025.10064782171,NA,NA,NA
3423,3436,REU.2.3_1,REU.2.3_1,0.00875137823099936,0.553616998509233,0.544865620278233,2025.0919127393,2025.10066411753,NA,NA,NA
3497,3498,REU.4.8_1,REU.2.1_1,0.0273445723756948,0.553653530697942,0.526308958322247,2025.07335607734,2025.10070064972,NA,NA,NA
5277,5280,REU.4.5_1,REU.4.5_1,0.0197582632062905,0.553714091159682,0.533955827953391,2025.08100294697,2025.10076121018,NA,NA,NA
3500,3501,REU.4.8_1,REU.3.1_1,0.0193784796695532,0.553730316060687,0.534351836391133,2025.08139895541,2025.10077743508,NA,NA,NA
4698,4700,REU.4.8_1,REU.4.8_1,0.044307861205418,0.553764923105535,0.509457061900117,2025.05650418092,2025.10081204213,NA,NA,NA
3588,3589,REU.4.8_1,REU.4.8_1,0.032174551171183,0.553788329720318,0.521613778549135,2025.06866089757,2025.10083544874,NA,NA,NA
3248,3249,REU.4.3_1,REU.4.3_1,0.0532062531168299,0.553836492327328,0.500630239210498,2025.04767735823,2025.10088361135,NA,NA,NA
5245,5246,REU.4.8_1,REU.4.8_1,0.00565394139683562,0.553892495056841,0.548238553660006,2025.09528567268,2025.10093961408,NA,NA,NA
4899,4900,REU.4.3_1,REU.4.3_1,0.0371014779225624,0.553936530677269,0.516835052754706,2025.06388217178,2025.1009836497,NA,NA,NA
3659,3660,REU.4.3_1,REU.4.3_1,0.0040951480686896,0.553960888467379,0.54986574039869,2025.09691285942,2025.10100800749,NA,NA,NA
3868,3869,REU.4.4_1,REU.4.4_1,0.0095694119703299,0.55399233990051,0.54442292793018,2025.09147004695,2025.10103945892,NA,NA,NA
5893,5894,REU.4.6_1,REU.4.6_1,0.00395128593153382,0.554035750554031,0.550084464622497,2025.09713158364,2025.10108286958,NA,NA,NA
5117,5118,REU.4.3_1,REU.4.3_1,0.00783130564587098,0.554046260077285,0.546214954431414,2025.09326207345,2025.1010933791,NA,NA,NA
5944,5948,REU.3.4_1,REU.3.4_1,0.0302225145633378,0.554184272475955,0.523961757912617,2025.07100887693,2025.1012313915,NA,NA,NA
5791,5792,REU.3.1_1,REU.3.1_1,0.000623812866107798,0.554224515550228,0.55360070268412,2025.10064782171,2025.10127163457,NA,NA,NA
3370,3371,REU.4.3_1,REU.4.3_1,0.0180167638418735,0.554256968940688,0.536240205098814,2025.08328732412,2025.10130408796,NA,NA,NA
6182,6183,REU.4.8_1,REU.4.8_1,0.00244210887931218,0.554309263022257,0.551867154142945,2025.09891427316,2025.10135638204,NA,NA,NA
3547,1682,REU.4.3_1,REU.4.3_1,0.167529790039585,0.554322743992564,0.386792953952979,2024.93384007297,2025.10136986301,CHIKV_RUN_S10b10_2025,55.526003,-21.281414
5416,2335,REU.3.1_1,REU.4.3_1,0.0720329640426173,0.554322743992564,0.482289779949947,2025.02933689897,2025.10136986301,CHIKV_RUN_S10b35_2025,55.511614,-21.285498
4197,506,REU.4.3_1,REU.4.3_1,0.0423339265639032,0.554322743992564,0.511988817428661,2025.05903593645,2025.10136986301,CHIKV_RUN_S10b39_2025,55.520725,-21.265353
3283,318,REU.4.3_1,REU.4.3_1,0.031128909424316,0.554322743992564,0.523193834568248,2025.07024095359,2025.10136986301,CHIKV_RUN_S10b33_2025,55.500237,-21.26577
5057,2167,REU.4.5_1,REU.4.5_1,0.0204536494190625,0.554322743992564,0.533869094573502,2025.08091621359,2025.10136986301,CHIKV_RUN_S10b36_2025,55.607893,-21.328191
3660,3661,REU.4.3_1,REU.4.3_1,0.000397042681725357,0.554357931149104,0.553960888467379,2025.10100800749,2025.10140505017,NA,NA,NA
4212,4213,REU.4.3_1,REU.4.3_1,0.0443201744041988,0.55441189400618,0.510091719601981,2025.05713883862,2025.10145901303,NA,NA,NA
3775,3776,REU.4.3_1,REU.4.3_1,0.012931612441259,0.554443895478997,0.541512283037738,2025.08855940206,2025.1014910145,NA,NA,NA
3391,3392,REU.4.3_1,REU.4.3_1,0.014808614503878,0.554495156236473,0.539686541732595,2025.08673366075,2025.10154227526,NA,NA,NA
4160,4161,REU.4.3_1,REU.4.3_1,0.0032528081636527,0.554534914857028,0.551282106693375,2025.09832922571,2025.10158203388,NA,NA,NA
4742,4743,REU.4.5_1,REU.4.5_1,0.0289235810216831,0.554544920535019,0.525621339513336,2025.07266845853,2025.10159203956,NA,NA,NA
6156,6157,REU.4.8_1,REU.4.6_1,0.0413709873349817,0.554605461565874,0.513234474230892,2025.06028159325,2025.10165258059,NA,NA,NA
3142,3149,REU.3.1_1,REU.3.1_1,0.0502227954520189,0.554644466464191,0.504421671012172,2025.05146879003,2025.10169158549,NA,NA,NA
4505,4506,REU.4.3_1,REU.4.3_1,0.0207942648680798,0.554698331203455,0.533904066335375,2025.08095118536,2025.10174545022,NA,NA,NA
4554,4555,REU.4.3_1,REU.4.3_1,0.0216209922070347,0.554861618129846,0.533240625922811,2025.08028774494,2025.10190873715,NA,NA,NA
4459,4471,REU.3.5_1,REU.3.5_1,0.0539065504376288,0.554869806332459,0.50096325589483,2025.04801037492,2025.10191692535,NA,NA,NA
6000,6001,REU.2.3_1,REU.2.3_1,0.132733967880268,0.554915841487571,0.422181873607303,2024.96922899263,2025.10196296051,NA,NA,NA
4363,4365,REU.4.8_1,REU.2.3_1,0.0244313716515258,0.554919720471936,0.53048834882041,2025.07753546784,2025.10196683949,NA,NA,NA
5292,5293,REU.4.5_1,REU.4.5_1,0.0517456895472258,0.554926120702836,0.50318043115561,2025.05022755018,2025.10197323972,NA,NA,NA
4309,4310,REU.2.3_1,REU.2.3_1,0.00204361664576291,0.555061630606131,0.553018013960368,2025.10006513298,2025.10210874963,NA,NA,NA
4623,4624,REU.4.3_1,REU.4.3_1,0.00648317369323881,0.5550660767238,0.548582903030562,2025.09563002205,2025.10211319574,NA,NA,NA
3737,3738,REU.4.3_1,REU.4.3_1,0.0628034649736076,0.555091289998417,0.49228782502481,2025.03933494405,2025.10213840902,NA,NA,NA
4554,4558,REU.4.3_1,REU.4.3_1,0.0218741703504415,0.555114796273252,0.533240625922811,2025.08028774494,2025.10216191529,NA,NA,NA
5766,5767,REU.4.8_1,REU.2.3_1,0.0544514655426133,0.555175558508596,0.500724092965982,2025.04777121199,2025.10222267753,NA,NA,NA
3573,3574,REU.4.8_1,REU.4.8_1,0.00189723654543306,0.55517661427183,0.553279377726397,2025.10032649675,2025.10222373329,NA,NA,NA
4737,4738,REU.4.5_1,REU.4.5_1,0.00332713720049038,0.555189033045814,0.551861895845324,2025.09890901487,2025.10223615207,NA,NA,NA
4267,4271,REU.4.3_1,REU.4.3_1,0.0370511271686479,0.555248583959831,0.518197456791183,2025.06524457581,2025.10229570298,NA,NA,NA
4800,4807,REU.4.8_1,REU.3.3_1,0.0292501145502078,0.555262625449337,0.52601251089913,2025.07305962992,2025.10230974447,NA,NA,NA
5743,5749,REU.4.8_1,REU.4.6_1,0.02276121411959,0.555287311109475,0.532526096989886,2025.07957321601,2025.10233443013,NA,NA,NA
3971,3976,REU.4.3_1,REU.4.3_1,0.04143294401548,0.555377521159426,0.513944577143946,2025.06099169617,2025.10242464018,NA,NA,NA
3824,3825,REU.4.3_1,REU.4.3_1,0.0223328415918072,0.5554655945748,0.533132752982993,2025.080179872,2025.1025127136,NA,NA,NA
4963,4966,REU.3.1_1,REU.4.8_1,0.036255508801791,0.555544425699059,0.519288916897268,2025.06633603592,2025.10259154472,NA,NA,NA
3819,3820,REU.4.3_1,REU.4.3_1,0.0344543554242166,0.555567642547532,0.521113287123316,2025.06816040614,2025.10261476157,NA,NA,NA
5764,5765,REU.4.8_1,REU.2.3_1,0.0661258464838916,0.555589199278128,0.489463352794236,2025.03651047182,2025.1026363183,NA,NA,NA
4614,4615,REU.4.3_1,REU.4.3_1,0.0299398716286933,0.5556068427807,0.525666971152007,2025.07271409017,2025.1026539618,NA,NA,NA
3881,3882,REU.4.4_1,REU.4.4_1,0.0511253871002144,0.555656571054557,0.504531183954343,2025.05157830298,2025.10270369008,NA,NA,NA
4329,4330,REU.4.3_1,REU.4.3_1,0.0216650769750465,0.55570795240206,0.534042875427014,2025.08108999445,2025.10275507142,NA,NA,NA
3123,3124,REU.3.1_1,REU.3.1_1,0.0326431443130532,0.55575671311121,0.523113568798156,2025.07016068782,2025.10280383213,NA,NA,NA
5636,5637,REU.3.1_1,REU.4.6_1,0.078856522886956,0.555788014952277,0.476931492065321,2025.02397861109,2025.10283513397,NA,NA,NA
4288,4289,REU.4.3_1,REU.4.3_1,0.00781588910321163,0.555949332119166,0.548133443015954,2025.09518056204,2025.10299645114,NA,NA,NA
3781,3782,REU.4.8_1,REU.4.3_1,0.00942234178339796,0.556039493780892,0.546617151997494,2025.09366427102,2025.1030866128,NA,NA,NA
4329,4332,REU.4.3_1,REU.2.3_1,0.0220026806943855,0.5560455561214,0.534042875427014,2025.08108999445,2025.10309267514,NA,NA,NA
4090,4091,REU.2.1_1,REU.2.1_1,0.0528772290674715,0.556087135797939,0.503209906730468,2025.05025702575,2025.10313425482,NA,NA,NA
4513,4514,REU.4.3_1,REU.4.3_1,0.0104940566676087,0.556098204375087,0.545604147707479,2025.09265126673,2025.1031453234,NA,NA,NA
6210,6226,REU.4.3_1,REU.4.3_1,0.104643650415041,0.55612171892345,0.451478068508409,2024.99852518753,2025.10316883794,NA,NA,NA
5545,5546,REU.4.3_1,REU.4.3_1,0.00952304668584936,0.556176944786417,0.546653898100568,2025.09370101712,2025.10322406381,NA,NA,NA
3805,3806,REU.4.3_1,REU.4.8_1,0.0958198202182553,0.556322651398485,0.46050283118023,2025.0075499502,2025.10336977042,NA,NA,NA
3768,3769,REU.4.3_1,REU.4.3_1,0.0110489279516403,0.556323755971004,0.545274828019364,2025.09232194704,2025.10337087499,NA,NA,NA
5465,5466,REU.3.1_1,REU.4.8_1,0.062144389637709,0.556423886538292,0.494279496900583,2025.04132661592,2025.10347100556,NA,NA,NA
4514,4520,REU.4.3_1,REU.4.3_1,0.000385419834431522,0.556483624209519,0.556098204375087,2025.1031453234,2025.10353074323,NA,NA,NA
5792,5793,REU.3.1_1,REU.3.1_1,0.00229156864618763,0.556516084196416,0.554224515550228,2025.10127163457,2025.10356320322,NA,NA,NA
6032,6038,REU.2.3_1,REU.2.3_1,0.0550693666637488,0.556690458583197,0.501621091919448,2025.04866821094,2025.1037375776,NA,NA,NA
5697,5698,REU.4.3_1,REU.4.3_1,0.0226245671529437,0.556722012692274,0.53409744553933,2025.08114456456,2025.10376913171,NA,NA,NA
5377,5378,REU.4.8_1,REU.4.8_1,0.020728136917029,0.556823802367433,0.536095665450404,2025.08314278447,2025.10387092139,NA,NA,NA
4747,4748,REU.4.5_1,REU.4.5_1,0.0303381331986369,0.55686889509226,0.526530761893624,2025.07357788091,2025.10391601411,NA,NA,NA
4302,4305,REU.2.3_1,REU.2.3_1,0.0139923329720723,0.556915329793515,0.542922996821442,2025.08997011584,2025.10396244881,NA,NA,NA
4439,4440,REU.3.5_1,REU.3.5_1,0.0120788158509774,0.556975581975531,0.544896766124554,2025.09194388515,2025.104022701,NA,NA,NA
5972,5973,REU.3.4_1,REU.3.4_1,0.11857991025586,0.556995145497427,0.438415235241567,2024.98546235426,2025.10404226452,NA,NA,NA
4758,4759,REU.4.5_1,REU.4.5_1,0.0157968344925702,0.557025295842214,0.541228461349644,2025.08827558037,2025.10407241486,NA,NA,NA
5578,5579,REU.3.1_1,REU.4.8_1,0.0426488223867124,0.557045099725751,0.514396277339038,2025.06144339636,2025.10409221875,NA,NA,NA
4296,592,REU.4.3_1,REU.4.3_1,0.0600386026077627,0.557062470020149,0.497023867412386,2025.04407098643,2025.10410958904,CHIKV_RUN_S10b30_2025,55.527133,-21.260637
5872,2010,REU.4.8_1,REU.4.6_1,0.0512884415496071,0.557062470020149,0.505774028470542,2025.05282114749,2025.10410958904,CHIKV_RUN_S15b60_2025,55.440135,-21.262738
5773,2542,REU.2.3_1,REU.2.3_1,0.0336845160697962,0.557062470020149,0.523377953950353,2025.07042507297,2025.10410958904,CHIKV_RUN_S10b71_2025,55.477508,-20.902553
4483,1630,REU.4.8_1,REU.4.8_1,0.029687910153076,0.557062470020149,0.527374559867073,2025.07442167889,2025.10410958904,CHIKV_RUN_S10b51_2025,55.476533,-21.340631
5639,2571,REU.3.1_1,REU.3.1_1,0.0295902410722444,0.557062470020149,0.527472228947905,2025.07451934797,2025.10410958904,CHIKV_RUN_S17b03_2025,55.367185,-21.258408
3618,777,REU.4.8_1,REU.4.8_1,0.0259789200158382,0.557062470020149,0.531083550004311,2025.07813066903,2025.10410958904,CHIKV_RUN_S15b52_2025,55.474593,-21.288804
4808,70,REU.3.1_1,REU.3.1_1,0.00927688378952429,0.557062470020149,0.547785586230625,2025.09483270525,2025.10410958904,CHIKV_RUN_S16b93_2025,55.371867,-21.27096
5258,2110,REU.4.5_1,REU.4.5_1,0.00578964162951434,0.557062470020149,0.551272828390635,2025.09831994741,2025.10410958904,CHIKV_RUN_S10b29_2025,55.599125,-21.377223
4365,525,REU.2.3_1,REU.2.3_1,0.00214274954821336,0.557062470020149,0.554919720471936,2025.10196683949,2025.10410958904,CHIKV_RUN_S10b45_2025,55.401742,-20.902126
6003,6004,REU.2.3_1,REU.2.3_1,0.0611436441595841,0.557111272703101,0.495967628543517,2025.04301474756,2025.10415839172,NA,NA,NA
3859,3860,REU.4.4_1,REU.4.4_1,0.0326585225718903,0.557127340409527,0.524468817837637,2025.07151593686,2025.10417445943,NA,NA,NA
5440,5441,REU.4.8_1,REU.4.8_1,0.0106484084954738,0.557141888341235,0.546493479845761,2025.09354059887,2025.10418900736,NA,NA,NA
5133,5134,REU.4.8_1,REU.4.3_1,0.0347161976472096,0.557197391925684,0.522481194278474,2025.0695283133,2025.10424451095,NA,NA,NA
5934,5939,REU.3.4_1,REU.3.4_1,0.0170332608419568,0.557235636837651,0.540202375995695,2025.08724949502,2025.10428275586,NA,NA,NA
4676,4677,REU.4.3_1,REU.4.8_1,0.055426237945459,0.557354972470644,0.501928734525185,2025.04897585355,2025.10440209149,NA,NA,NA
3933,3934,REU.4.4_1,REU.4.4_1,0.0240731276334561,0.557586747540315,0.533513619906859,2025.08056073893,2025.10463386656,NA,NA,NA
5630,5631,REU.3.4_1,REU.2.3_1,0.0380648451849885,0.557748213614454,0.519683368429465,2025.06673048745,2025.10479533264,NA,NA,NA
4484,4485,REU.3.5_1,REU.3.5_1,0.00760314005647733,0.557765241422752,0.550162101366275,2025.09720922039,2025.10481236044,NA,NA,NA
4086,4088,REU.2.3_1,REU.2.3_1,0.00510225601822989,0.557779073024233,0.552676817006003,2025.09972393603,2025.10482619205,NA,NA,NA
3270,3271,REU.4.3_1,REU.4.3_1,0.0120089743666203,0.557785772561335,0.545776798194715,2025.09282391722,2025.10483289158,NA,NA,NA
3181,3184,REU.3.1_1,REU.3.1_1,0.0399051402070788,0.55780599297905,0.517900852771972,2025.06494797179,2025.104853112,NA,NA,NA
6160,6161,REU.4.8_1,REU.4.8_1,0.034401572591815,0.557808870327271,0.523407297735456,2025.07045441676,2025.10485598935,NA,NA,NA
5905,5909,REU.4.3_1,REU.4.3_1,0.0435370216950173,0.557856661659277,0.51431963996426,2025.06136675899,2025.10490378068,NA,NA,NA
3489,3490,REU.3.5_1,REU.3.5_1,0.0342459279047107,0.55788987213509,0.523643944230379,2025.07069106325,2025.10493699116,NA,NA,NA
3359,3360,REU.4.3_1,REU.4.3_1,0.0133163360600621,0.557920117648106,0.544603781588044,2025.09165090061,2025.10496723667,NA,NA,NA
4759,4763,REU.4.5_1,REU.4.5_1,0.000918475897743076,0.557943771739957,0.557025295842214,2025.10407241486,2025.10499089076,NA,NA,NA
6213,6214,REU.4.3_1,REU.4.3_1,0.00922174707655943,0.557948491611731,0.548726744535171,2025.09577386356,2025.10499561063,NA,NA,NA
3593,3594,REU.4.3_1,REU.4.3_1,0.0219944033318973,0.557981524714379,0.535987121382481,2025.0830342404,2025.10502864374,NA,NA,NA
5758,5759,REU.4.8_1,REU.4.8_1,0.0132624842473279,0.558054217608328,0.544791733361,2025.09183885238,2025.10510133663,NA,NA,NA
5664,5669,REU.3.1_1,REU.3.1_1,0.00680347460282871,0.558056421884634,0.551252947281805,2025.0983000663,2025.10510354091,NA,NA,NA
5180,5181,REU.2.3_1,REU.3.5_1,0.0244210819000471,0.558179849777484,0.533758767877437,2025.0808058869,2025.1052269688,NA,NA,NA
4479,4480,REU.4.8_1,REU.4.8_1,0.0142316451405967,0.558198076867145,0.543966431726548,2025.09101355075,2025.10524519589,NA,NA,NA
5404,5410,REU.4.5_1,REU.4.5_1,0.0204336199284959,0.558261679486383,0.537828059557887,2025.08487517858,2025.10530879851,NA,NA,NA
5630,5635,REU.3.4_1,REU.3.4_1,0.038609464296596,0.558292832726061,0.519683368429465,2025.06673048745,2025.10533995175,NA,NA,NA
3249,3250,REU.4.3_1,REU.4.3_1,0.00451512908325902,0.558351621410587,0.553836492327328,2025.10088361135,2025.10539874043,NA,NA,NA
5256,5259,REU.4.5_1,REU.4.5_1,0.0433091436047155,0.558615722607453,0.515306579002737,2025.06235369802,2025.10566284163,NA,NA,NA
5820,5832,REU.4.8_1,REU.4.8_1,0.0655867094299059,0.558677346611796,0.49309063718189,2025.0401377562,2025.10572446563,NA,NA,NA
3253,3254,REU.4.3_1,REU.4.3_1,0.0257830572529467,0.558682979061694,0.532899921808747,2025.07994704083,2025.10573009808,NA,NA,NA
4346,4347,REU.4.3_1,REU.4.3_1,0.0109876131333904,0.558712541283831,0.54772492815044,2025.09477204717,2025.1057596603,NA,NA,NA
4114,4116,REU.4.3_1,REU.4.3_1,0.0425554910253215,0.558718903947857,0.516163412922535,2025.06321053194,2025.10576602297,NA,NA,NA
6226,6227,REU.4.3_1,REU.4.3_1,0.00262651128617264,0.558748230209622,0.55612171892345,2025.10316883794,2025.10579534923,NA,NA,NA
4822,4826,REU.4.3_1,REU.4.3_1,0.012073676742545,0.558951744567814,0.546878067825269,2025.09392518685,2025.10599886359,NA,NA,NA
4558,4559,REU.4.3_1,REU.4.3_1,0.00393656169445489,0.559051357967707,0.555114796273252,2025.10216191529,2025.10609847699,NA,NA,NA
3327,3328,REU.4.8_1,REU.4.8_1,0.0140688675170428,0.559141661958312,0.54507279444127,2025.09211991346,2025.10618878098,NA,NA,NA
4097,4098,REU.4.3_1,REU.4.3_1,0.05237856966653,0.559158889964358,0.506780320297828,2025.05382743932,2025.10620600899,NA,NA,NA
5293,5298,REU.4.5_1,REU.4.5_1,0.00440071992951896,0.559326840632355,0.554926120702836,2025.10197323972,2025.10637395965,NA,NA,NA
5680,5684,REU.3.1_1,REU.3.1_1,0.0175903181572624,0.559362980911943,0.54177266275468,2025.08881978178,2025.10641009993,NA,NA,NA
4137,4141,REU.2.3_1,REU.2.3_1,0.0361914039359347,0.55944261183625,0.523251207900316,2025.07029832692,2025.10648973086,NA,NA,NA
3530,3532,REU.4.8_1,REU.4.8_1,0.0138705117662276,0.559506342294292,0.545635830528064,2025.09268294955,2025.10655346132,NA,NA,NA
3132,3133,REU.3.1_1,REU.3.1_1,0.0744184582582906,0.559522457570282,0.485103999311991,2025.03215111833,2025.10656957659,NA,NA,NA
3934,3935,REU.4.4_1,REU.4.4_1,0.00193609304562803,0.559522840585943,0.557586747540315,2025.10463386656,2025.10656995961,NA,NA,NA
3905,3908,REU.4.4_1,REU.4.4_1,0.0299872381579357,0.559545157197062,0.529557919039126,2025.07660503806,2025.10659227622,NA,NA,NA
5225,5226,REU.4.5_1,REU.4.5_1,0.00908230199838145,0.559657279817993,0.550574977819612,2025.09762209684,2025.10670439884,NA,NA,NA
6038,6039,REU.2.3_1,REU.2.3_1,0.00310663378631137,0.559797092369508,0.556690458583197,2025.1037375776,2025.10684421139,NA,NA,NA
5524,2510,REU.4.1_1,REU.4.1_1,0.0062392596013986,0.559802196047506,0.553562936446108,2025.10061005547,2025.10684931507,CHIKV_RUN_S10b28_2025,55.474882,-21.169926
3782,681,REU.4.3_1,REU.4.3_1,0.00376270226661424,0.559802196047507,0.556039493780892,2025.1030866128,2025.10684931507,CHIKV_RUN_S10b38_2025,55.525735,-21.280463
4320,4321,REU.4.3_1,REU.4.8_1,0.0508272987525238,0.5598625988186,0.509035300066076,2025.05608241909,2025.10690971784,NA,NA,NA
4045,4046,REU.4.3_1,REU.4.3_1,0.0165771602382735,0.559909014886354,0.54333185464808,2025.09037897367,2025.10695613391,NA,NA,NA
6028,6029,REU.2.3_1,REU.2.3_1,0.0368426964525724,0.55993614542007,0.523093448967498,2025.07014056799,2025.10698326444,NA,NA,NA
5226,5227,REU.4.5_1,REU.4.5_1,0.000284528834105902,0.559941808652099,0.559657279817993,2025.10670439884,2025.10698892767,NA,NA,NA
3860,3864,REU.4.4_1,REU.4.4_1,0.00288389713529746,0.560011237544825,0.557127340409527,2025.10417445943,2025.10705835657,NA,NA,NA
3629,3631,REU.4.8_1,REU.4.8_1,0.00807515213026078,0.560036699205,0.551961547074739,2025.0990086661,2025.10708381823,NA,NA,NA
5622,5629,REU.4.6_1,REU.4.6_1,0.0814602432844801,0.560084806125937,0.478624562841457,2025.02567168186,2025.10713192515,NA,NA,NA
6162,6163,REU.4.8_1,REU.4.8_1,0.0288191432589484,0.560117965117954,0.531298821859005,2025.07834594088,2025.10716508414,NA,NA,NA
5979,5980,REU.3.4_1,REU.3.4_1,0.0104417103263678,0.560131874495125,0.549690164168757,2025.09673728319,2025.10717899352,NA,NA,NA
3209,3210,REU.4.3_1,REU.4.3_1,0.0204256723606128,0.560188269523885,0.539762597163272,2025.08680971618,2025.10723538854,NA,NA,NA
5909,5910,REU.4.3_1,REU.4.3_1,0.00247744320992038,0.560334104869197,0.557856661659277,2025.10490378068,2025.10738122389,NA,NA,NA
3328,3330,REU.4.8_1,REU.4.8_1,0.00119718492544674,0.560338846883759,0.559141661958312,2025.10618878098,2025.1073859659,NA,NA,NA
3577,3578,REU.4.3_1,REU.4.3_1,0.0218503521554007,0.560358574525554,0.538508222370154,2025.08555534139,2025.10740569355,NA,NA,NA
3912,3913,REU.4.4_1,REU.4.4_1,0.034600385781398,0.560385725820781,0.525785340039383,2025.07283245906,2025.10743284484,NA,NA,NA
5453,5455,REU.3.1_1,REU.4.3_1,0.0559937640058883,0.560445358928913,0.504451594923024,2025.05149871394,2025.10749247795,NA,NA,NA
4962,4970,REU.3.1_1,REU.3.1_1,0.0757717567953996,0.560453069451605,0.484681312656205,2025.03172843168,2025.10750018847,NA,NA,NA
4598,4599,REU.4.3_1,REU.4.3_1,0.0941487623387514,0.560538338538552,0.4663895761998,2025.01343669522,2025.10758545756,NA,NA,NA
5341,5343,REU.3.4_1,REU.3.4_1,0.022557405253833,0.560544399426711,0.537986994172878,2025.08503411319,2025.10759151845,NA,NA,NA
3254,3256,REU.4.3_1,REU.4.3_1,0.00187566163362041,0.560558640695314,0.558682979061694,2025.10573009808,2025.10760575972,NA,NA,NA
3631,3632,REU.4.8_1,REU.4.8_1,0.000544578146025043,0.560581277351025,0.560036699205,2025.10708381823,2025.10762839637,NA,NA,NA
4529,4530,REU.4.3_1,REU.4.3_1,0.0593340588604999,0.56068322114998,0.501349162289481,2025.04839628131,2025.10773034017,NA,NA,NA
5954,5955,REU.3.4_1,REU.3.4_1,0.0354822178679249,0.560705722212072,0.525223504344147,2025.07227062337,2025.10775284123,NA,NA,NA
5013,5014,REU.3.1_1,REU.3.4_1,0.0125863710964703,0.560756299198795,0.548169928102325,2025.09521704712,2025.10780341822,NA,NA,NA
4822,4823,REU.4.3_1,REU.4.3_1,0.0139043717688829,0.560782439594152,0.546878067825269,2025.09392518685,2025.10782955862,NA,NA,NA
5238,5239,REU.4.5_1,REU.4.5_1,0.0284907142489368,0.560835455150879,0.532344740901942,2025.07939185992,2025.10788257417,NA,NA,NA
5986,5987,REU.4.6_1,REU.4.6_1,0.044144422434471,0.560846505255306,0.516702082820835,2025.06374920184,2025.10789362428,NA,NA,NA
6157,6158,REU.4.6_1,REU.4.6_1,0.00628973104311092,0.560895192608985,0.554605461565874,2025.10165258059,2025.10794231163,NA,NA,NA
5230,5231,REU.4.5_1,REU.4.5_1,0.0630613884944565,0.560968906759185,0.497907518264729,2025.04495463729,2025.10801602578,NA,NA,NA
4499,4500,REU.4.3_1,REU.4.3_1,0.107948709811517,0.56096990462656,0.453021194815042,2025.00006831384,2025.10801702365,NA,NA,NA
5310,5314,REU.4.5_1,REU.4.5_1,0.0674635118953256,0.561069680533032,0.493606168637707,2025.04065328766,2025.10811679955,NA,NA,NA
3981,3982,REU.4.3_1,REU.4.3_1,0.0311724292881176,0.561198542435492,0.530026113147374,2025.07707323217,2025.10824566146,NA,NA,NA
3781,3786,REU.4.8_1,REU.4.8_1,0.0146264040492775,0.561243556046772,0.546617151997494,2025.09366427102,2025.10829067507,NA,NA,NA
3699,3706,REU.4.3_1,REU.4.6_1,0.0199014460477492,0.561289613732898,0.541388167685149,2025.08843528671,2025.10833673275,NA,NA,NA
3436,3440,REU.2.3_1,REU.2.3_1,0.00769790003866377,0.561314898547897,0.553616998509233,2025.10066411753,2025.10836201757,NA,NA,NA
4562,4565,REU.4.3_1,REU.4.8_1,0.0359833199823819,0.561378737220668,0.525395417238286,2025.07244253626,2025.10842585624,NA,NA,NA
5006,5007,REU.4.8_1,REU.4.8_1,0.0160351240981432,0.561479111360072,0.545443987261929,2025.09249110628,2025.10852623038,NA,NA,NA
5468,5470,REU.3.1_1,REU.3.1_1,0.0288493847761863,0.561660436620322,0.532811051844135,2025.07985817087,2025.10870755564,NA,NA,NA
5265,5266,REU.4.8_1,REU.4.8_1,0.0198238831895926,0.561754741419488,0.541930858229895,2025.08897797725,2025.10880186044,NA,NA,NA
3476,3477,REU.3.5_1,REU.3.5_1,0.043381190584715,0.561818237615732,0.518437047031017,2025.06548416605,2025.10886535664,NA,NA,NA
5680,5681,REU.3.1_1,REU.3.4_1,0.0201398759999556,0.561912538754636,0.54177266275468,2025.08881978178,2025.10895965778,NA,NA,NA
4795,4796,REU.3.1_1,REU.4.8_1,0.0568584966518402,0.561960820503184,0.505102323851344,2025.05214944287,2025.10900793952,NA,NA,NA
4224,4225,REU.4.3_1,REU.4.3_1,0.0340281932392065,0.562043375488239,0.528015182249033,2025.07506230127,2025.10909049451,NA,NA,NA
3254,3255,REU.4.3_1,REU.4.3_1,0.00336490159248348,0.562047880654177,0.558682979061694,2025.10573009808,2025.10909499968,NA,NA,NA
6059,6062,REU.2.3_1,REU.2.3_1,0.015370974350047,0.562088650075416,0.546717675725369,2025.09376479475,2025.1091357691,NA,NA,NA
4214,4216,REU.4.3_1,REU.4.8_1,0.037155038405712,0.562225037065942,0.52506999866023,2025.07211711768,2025.10927215609,NA,NA,NA
5807,5809,REU.4.8_1,REU.4.8_1,0.0562636234543168,0.562304269430877,0.50604064597656,2025.053087765,2025.10935138845,NA,NA,NA
4624,4625,REU.4.3_1,REU.4.3_1,0.00730901929837335,0.562375096022174,0.5550660767238,2025.10211319574,2025.10942221504,NA,NA,NA
5343,5344,REU.3.4_1,REU.3.4_1,0.00188986978008288,0.562434269206794,0.560544399426711,2025.10759151845,2025.10948138823,NA,NA,NA
4038,4039,REU.4.3_1,REU.4.3_1,0.0133907130645066,0.562448638719776,0.549057925655269,2025.09610504468,2025.10949575774,NA,NA,NA
3514,3515,REU.4.3_1,REU.4.3_1,0.0826630163310651,0.562458289132942,0.479795272801877,2025.02684239182,2025.10950540815,NA,NA,NA
3691,849,REU.4.3_1,REU.4.8_1,0.0856552627063697,0.562541922074864,0.476886659368494,2025.02393377839,2025.1095890411,CHIKV_RUN_S17b66_2025,55.481127,-21.345224
4961,1910,REU.3.1_1,REU.3.1_1,0.0848762727761029,0.562541922074864,0.477665649298761,2025.02471276832,2025.1095890411,CHIKV_RUN_S15b54_2025,55.371189,-21.258903
4300,493,REU.2.3_1,REU.2.3_1,0.0793601967116033,0.562541922074864,0.483181725363261,2025.03022884438,2025.1095890411,CHIKV_RUN_S10b47_2025,55.42069,-20.888008
4211,405,REU.4.3_1,REU.4.3_1,0.0525305312972887,0.562541922074864,0.510011390777575,2025.0570585098,2025.1095890411,CHIKV_RUN_S10b42_2025,55.52283,-21.287008
4694,1061,REU.4.8_1,REU.4.8_1,0.0436177117919083,0.562541922074864,0.518924210282956,2025.0659713293,2025.1095890411,CHIKV_RUN_S16b89_2025,55.495703,-21.302606
3123,2761,REU.3.1_1,REU.4.6_1,0.0394283532767076,0.562541922074864,0.523113568798156,2025.07016068782,2025.1095890411,CHIKV_RUN_S17b11_2025,55.451053,-21.266485
5678,2214,REU.3.1_1,REU.4.6_1,0.0360283921194101,0.562541922074864,0.526513529955454,2025.07356064898,2025.1095890411,CHIKV_RUN_S17b27_2025,55.433789,-21.27205
3771,663,REU.4.3_1,REU.4.3_1,0.0337362794250214,0.562541922074864,0.528805642649843,2025.07585276167,2025.1095890411,CHIKV_RUN_S15b58_2025,55.552986,-21.229051
5850,3017,REU.4.6_1,REU.4.6_1,0.0276190784826613,0.562541922074864,0.534922843592203,2025.08196996261,2025.1095890411,CHIKV_RUN_S17b16_2025,55.437123,-21.260763
5609,2219,REU.4.6_1,REU.4.6_1,0.0249684459379681,0.562541922074864,0.537573476136896,2025.08462059516,2025.1095890411,CHIKV_RUN_S16b95_2025,55.437372,-21.261606
5094,2484,REU.3.1_1,REU.3.1_1,0.0242169239023855,0.562541922074864,0.538324998172478,2025.08537211719,2025.1095890411,CHIKV_RUN_S16b86_2025,55.364006,-21.258249
5032,3103,REU.3.1_1,REU.3.1_1,0.0236728921059243,0.562541922074864,0.53886902996894,2025.08591614899,2025.1095890411,CHIKV_RUN_S16b87_2025,55.357306,-21.260615
4209,377,REU.4.3_1,REU.4.3_1,0.0228488947682879,0.562541922074864,0.539693027306576,2025.08674014633,2025.1095890411,CHIKV_RUN_S17b64_2025,55.52116,-21.28895
3209,1675,REU.4.3_1,REU.4.3_1,0.0227793249115918,0.562541922074864,0.539762597163272,2025.08680971618,2025.1095890411,CHIKV_RUN_S17b24_2025,55.527338,-21.255487
3775,679,REU.4.3_1,REU.4.3_1,0.0210296390371255,0.562541922074864,0.541512283037738,2025.08855940206,2025.1095890411,CHIKV_RUN_S17b70_2025,55.522647,-21.282954
3693,757,REU.4.3_1,REU.4.3_1,0.0205426161352674,0.562541922074864,0.541999305939597,2025.08904642496,2025.1095890411,CHIKV_RUN_S17b10_2025,55.512086,-21.290132
3517,880,REU.4.3_1,REU.4.3_1,0.0195759450199297,0.562541922074864,0.542965977054934,2025.09001309608,2025.1095890411,CHIKV_RUN_S16b90_2025,55.510858,-21.23651
4552,1602,REU.4.3_1,REU.4.3_1,0.0183250169839524,0.562541922074864,0.544216905090912,2025.09126402411,2025.1095890411,CHIKV_RUN_S10b43_2025,55.525029,-21.280821
5154,2284,REU.4.3_1,REU.4.3_1,0.0180439693348042,0.562541922074864,0.54449795274006,2025.09154507176,2025.1095890411,CHIKV_RUN_S17b14_2025,55.534937,-21.312812
4821,1445,REU.4.3_1,REU.4.3_1,0.0177030358559997,0.562541922074864,0.544838886218864,2025.09188600524,2025.1095890411,CHIKV_RUN_S18b40_2025,55.527121,-21.273073
4952,2377,REU.4.6_1,REU.4.6_1,0.016452474786428,0.562541922074864,0.546089447288436,2025.09313656631,2025.1095890411,CHIKV_RUN_S15b62_2025,55.439999,-21.264258
5267,2135,REU.4.8_1,REU.4.8_1,0.0151039642931636,0.562541922074864,0.5474379577817,2025.0944850768,2025.1095890411,CHIKV_RUN_S17b77_2025,55.475277,-21.328819
5720,2782,REU.4.3_1,REU.4.3_1,0.010877925590359,0.562541922074864,0.551663996484505,2025.09871111551,2025.1095890411,CHIKV_RUN_S16b81_2025,55.50439,-21.281993
5052,2740,REU.4.5_1,REU.4.5_1,0.00904083846359138,0.562541922074864,0.553501083611273,2025.10054820263,2025.1095890411,CHIKV_RUN_S10b46_2025,55.607303,-21.320451
3738,702,REU.4.3_1,REU.4.3_1,0.00745063207644681,0.562541922074864,0.555091289998417,2025.10213840902,2025.1095890411,CHIKV_RUN_S18b28_2025,55.50356,-21.27167
4807,79,REU.3.3_1,REU.3.3_1,0.00727929662552673,0.562541922074864,0.555262625449337,2025.10230974447,2025.1095890411,CHIKV_RUN_S15b57_2025,55.288043,-21.10829
3769,703,REU.4.3_1,REU.4.8_1,0.00621816610385983,0.562541922074864,0.556323755971004,2025.10337087499,2025.1095890411,CHIKV_RUN_S15b55_2025,55.472524,-21.29284
4823,1446,REU.4.3_1,REU.4.3_1,0.001759482480712,0.562541922074864,0.560782439594152,2025.10782955862,2025.1095890411,CHIKV_RUN_S10b44_2025,55.511462,-21.290096
3440,986,REU.2.3_1,REU.2.3_1,0.00122702352696735,0.562541922074864,0.561314898547897,2025.10836201757,2025.1095890411,CHIKV_RUN_S10b40_2025,55.445288,-20.894055
5935,5937,REU.3.4_1,REU.3.4_1,0.013748623979859,0.562560680832783,0.548812056852924,2025.09585917587,2025.10960779985,NA,NA,NA
5076,5080,REU.3.1_1,REU.3.1_1,0.0128987427123605,0.562673012699921,0.54977426998756,2025.09682138901,2025.10972013172,NA,NA,NA
5429,5430,REU.4.6_1,REU.4.6_1,0.0203361458490551,0.562867982372621,0.542531836523566,2025.08957895554,2025.10991510139,NA,NA,NA
4387,4394,REU.4.3_1,REU.4.3_1,0.0252713007940168,0.562929926233554,0.537658625439537,2025.08470574446,2025.10997704525,NA,NA,NA
4938,4939,REU.3.1_1,REU.3.1_1,0.00992804866996544,0.562990357645932,0.553062308975967,2025.100109428,2025.11003747667,NA,NA,NA
3294,3295,REU.4.3_1,REU.2.3_1,0.0129182981239918,0.563044478375334,0.550126180251343,2025.09717329927,2025.1100915974,NA,NA,NA
3825,3826,REU.4.3_1,REU.4.3_1,0.0076016096799717,0.563067204254771,0.5554655945748,2025.1025127136,2025.11011432328,NA,NA,NA
4497,4543,REU.4.3_1,REU.4.3_1,0.129367699991871,0.563104046088921,0.43373634609705,2024.98078346512,2025.11015116511,NA,NA,NA
3124,3125,REU.3.1_1,REU.3.1_1,0.00737739963899209,0.563134112750202,0.55575671311121,2025.10280383213,2025.11018123177,NA,NA,NA
3532,3535,REU.4.8_1,REU.4.8_1,0.00366572065124027,0.563172062945532,0.559506342294292,2025.10655346132,2025.11021918197,NA,NA,NA
4599,4600,REU.4.3_1,REU.4.3_1,0.00268121362335161,0.563219552161903,0.560538338538552,2025.10758545756,2025.11026667118,NA,NA,NA
3743,3746,REU.4.3_1,REU.4.3_1,0.0152244071219965,0.563272354877878,0.548047947755882,2025.09509506678,2025.1103194739,NA,NA,NA
3125,3126,REU.3.1_1,REU.3.1_1,0.000161288461971498,0.563295401212173,0.563134112750202,2025.11018123177,2025.11034252023,NA,NA,NA
4440,4452,REU.3.5_1,REU.3.5_1,0.00637822212696726,0.563353804102498,0.556975581975531,2025.104022701,2025.11040092312,NA,NA,NA
3942,3943,REU.4.3_1,REU.4.8_1,0.0717219376524301,0.56336674412919,0.49164480647676,2025.0386919255,2025.11041386315,NA,NA,NA
4708,4709,REU.4.7_1,REU.4.7_1,0.0193389421200272,0.563403122533359,0.544064180413332,2025.09111129943,2025.11045024155,NA,NA,NA
4939,4940,REU.3.1_1,REU.3.1_1,0.000671701031126348,0.563662058677059,0.562990357645932,2025.11003747667,2025.1107091777,NA,NA,NA
5321,5322,REU.3.4_1,REU.3.4_1,0.0685732759008428,0.563679608717433,0.49510633281659,2025.04215345184,2025.11072672774,NA,NA,NA
3126,3127,REU.3.1_1,REU.3.1_1,0.000431987475809859,0.563727388687983,0.563295401212173,2025.11034252023,2025.11077450771,NA,NA,NA
3790,3792,REU.4.3_1,REU.4.3_1,0.0492426235353505,0.563797357602595,0.514554734067244,2025.06160185309,2025.11084447662,NA,NA,NA
4717,4718,REU.4.7_1,REU.4.7_1,0.0209827165104112,0.563844064296153,0.542861347785742,2025.08990846681,2025.11089118332,NA,NA,NA
3786,3787,REU.4.8_1,REU.4.8_1,0.00275819841779301,0.564001754464565,0.561243556046772,2025.10829067507,2025.11104887349,NA,NA,NA
3935,3936,REU.4.4_1,REU.4.4_1,0.00466428058375767,0.564187121169701,0.559522840585943,2025.10656995961,2025.11123424019,NA,NA,NA
3535,3536,REU.4.8_1,REU.4.8_1,0.00103713663800331,0.564209199583535,0.563172062945532,2025.11021918197,2025.1112563186,NA,NA,NA
3574,3576,REU.4.8_1,REU.4.8_1,0.00911716071878754,0.564293774990618,0.55517661427183,2025.10222373329,2025.11134089401,NA,NA,NA
3664,3665,REU.4.3_1,REU.4.8_1,0.0167123066992069,0.564340253435495,0.547627946736288,2025.09467506576,2025.11138737246,NA,NA,NA
4440,4441,REU.3.5_1,REU.3.5_1,0.00745276798578498,0.564428349961316,0.556975581975531,2025.104022701,2025.11147546898,NA,NA,NA
5793,5794,REU.3.1_1,REU.2.3_1,0.00792256609844821,0.564438650294864,0.556516084196416,2025.10356320322,2025.11148576932,NA,NA,NA
5565,5566,REU.3.1_1,REU.4.8_1,0.137750605350787,0.564491914566756,0.426741309215969,2024.97378842824,2025.11153903359,NA,NA,NA
3632,3633,REU.4.8_1,REU.4.8_1,0.00392703012346751,0.564508307474493,0.560581277351025,2025.10762839637,2025.1115554265,NA,NA,NA
4321,4324,REU.4.8_1,REU.4.8_1,0.0046604953866306,0.564523094205231,0.5598625988186,2025.10690971784,2025.11157021323,NA,NA,NA
3956,3957,REU.4.3_1,REU.2.2_1,0.0254332656663017,0.564549093195067,0.539115827528765,2025.08616294655,2025.11159621222,NA,NA,NA
4900,4902,REU.4.3_1,REU.4.3_1,0.0106350205408271,0.564571551218096,0.553936530677269,2025.1009836497,2025.11161867024,NA,NA,NA
5531,5534,REU.4.1_1,REU.4.1_1,0.0612344518452997,0.564580425419417,0.503345973574118,2025.0503930926,2025.11162754444,NA,NA,NA
5449,5492,REU.3.1_1,REU.4.8_1,0.15005981167828,0.564599068532682,0.414539256854402,2024.96158637588,2025.11164618755,NA,NA,NA
4461,4467,REU.3.5_1,REU.3.5_1,0.0126199403597889,0.56463269773702,0.552012757377231,2025.0990598764,2025.11167981676,NA,NA,NA
3913,3915,REU.4.4_1,REU.4.4_1,0.00436123768040075,0.564746963501181,0.560385725820781,2025.10743284484,2025.11179408252,NA,NA,NA
5791,5803,REU.3.1_1,REU.3.1_1,0.0111985087193451,0.564799211403465,0.55360070268412,2025.10064782171,2025.11184633042,NA,NA,NA
5578,5581,REU.3.1_1,REU.4.6_1,0.0504632277462391,0.564859505085277,0.514396277339038,2025.06144339636,2025.11190662411,NA,NA,NA
5720,5721,REU.4.3_1,REU.4.3_1,0.0132856282056609,0.564949624690166,0.551663996484505,2025.09871111551,2025.11199674371,NA,NA,NA
5113,5114,REU.4.3_1,REU.4.3_1,0.0268262031725182,0.564988811938967,0.538162608766449,2025.08520972779,2025.11203593096,NA,NA,NA
5752,5753,REU.4.8_1,REU.4.8_1,0.0320601029263644,0.565008843279122,0.532948740352757,2025.07999585937,2025.1120559623,NA,NA,NA
4201,4202,REU.4.5_1,REU.4.5_1,0.0425960671820852,0.565140870676766,0.522544803494681,2025.06959192252,2025.1121879897,NA,NA,NA
5076,5077,REU.3.1_1,REU.3.1_1,0.0154509387057163,0.565225208693276,0.54977426998756,2025.09682138901,2025.11227232771,NA,NA,NA
4680,1417,REU.4.3_1,REU.4.3_1,0.102219120098494,0.565281648102221,0.463062528003727,2025.01010964702,2025.11232876712,CHIKV_RUN_S18b22_2025,55.506018,-21.280928
5574,1791,REU.3.1_1,REU.3.5_1,0.100225216015188,0.565281648102221,0.465056432087034,2025.01210355111,2025.11232876712,CHIKV_RUN_S10b53_2025,55.243917,-21.099544
4208,391,REU.4.8_1,REU.2.3_1,0.0365904761787947,0.565281648102221,0.528691171923427,2025.07573829094,2025.11232876712,CHIKV_RUN_S10b55_2025,55.421516,-20.888239
4026,1088,REU.4.3_1,REU.4.3_1,0.0278253593960185,0.565281648102221,0.537456288706203,2025.08450340773,2025.11232876712,CHIKV_RUN_S15b63_2025,55.509417,-21.289059
5544,2196,REU.4.3_1,REU.4.3_1,0.0271222685276385,0.565281648102221,0.538159379574583,2025.0852064986,2025.11232876712,CHIKV_RUN_S18b25_2025,55.520693,-21.281605
4037,1611,REU.4.8_1,REU.4.5_1,0.0252408747689741,0.565281648102221,0.540040773333247,2025.08708789235,2025.11232876712,CHIKV_RUN_S10b69_2025,55.6195,-21.36422
3810,836,REU.4.3_1,REU.4.3_1,0.0231492593710421,0.565281648102221,0.542132388731179,2025.08917950775,2025.11232876712,CHIKV_RUN_S18b18_2025,55.522865,-21.253903
4952,2376,REU.4.6_1,REU.4.6_1,0.0191922008137854,0.565281648102221,0.546089447288436,2025.09313656631,2025.11232876712,CHIKV_RUN_S16b94_2025,55.439932,-21.264201
3965,1732,REU.4.3_1,REU.4.3_1,0.0164651289067974,0.565281648102221,0.548816519195424,2025.09586363822,2025.11232876712,CHIKV_RUN_S18b29_2025,55.49999,-21.267453
5311,2108,REU.4.5_1,REU.4.5_1,0.0160444514478421,0.565281648102221,0.549237196654379,2025.09628431568,2025.11232876712,CHIKV_RUN_S18b27_2025,55.602468,-21.363129
6227,3032,REU.4.3_1,REU.4.3_1,0.00653341789259887,0.565281648102221,0.558748230209622,2025.10579534923,2025.11232876712,CHIKV_RUN_S18b31_2025,55.525863,-21.262906
5231,2055,REU.4.5_1,REU.4.5_1,0.00431274134303594,0.565281648102221,0.560968906759185,2025.10801602578,2025.11232876712,CHIKV_RUN_S10b61_2025,55.631218,-21.374233
4565,104,REU.4.8_1,REU.4.8_1,0.00390291088155337,0.565281648102221,0.561378737220668,2025.10842585624,2025.11232876712,CHIKV_RUN_S17b67_2025,55.482991,-21.320514
3826,653,REU.4.3_1,REU.4.8_1,0.00221444384744995,0.565281648102221,0.563067204254771,2025.11011432328,2025.11232876712,CHIKV_RUN_S17b02_2025,55.473472,-21.281852
4441,140,REU.3.5_1,REU.3.5_1,0.000853298140905512,0.565281648102221,0.564428349961316,2025.11147546898,2025.11232876712,CHIKV_RUN_S10b56_2025,55.264558,-21.078907
5171,5172,REU.3.1_1,REU.3.1_1,0.0394523799900651,0.565369746824731,0.525917366834666,2025.07296448586,2025.11241686585,NA,NA,NA
3295,3296,REU.2.3_1,REU.2.3_1,0.00235114099756373,0.565395619372898,0.563044478375334,2025.1100915974,2025.11244273839,NA,NA,NA
3127,3128,REU.3.1_1,REU.3.1_1,0.00170385743260137,0.565431246120584,0.563727388687983,2025.11077450771,2025.11247836514,NA,NA,NA
4202,4204,REU.4.5_1,REU.4.5_1,0.000483014746221144,0.565623885422987,0.565140870676766,2025.1121879897,2025.11267100444,NA,NA,NA
4600,4606,REU.4.3_1,REU.4.3_1,0.00244930184149239,0.565668854003396,0.563219552161903,2025.11026667118,2025.11271597302,NA,NA,NA
3715,3716,REU.4.3_1,REU.4.3_1,0.0214746770001828,0.56582156210749,0.544346885107307,2025.09139400413,2025.11286868113,NA,NA,NA
5914,5915,REU.4.3_1,REU.4.8_1,0.0470643919899412,0.56605428394544,0.518989891955499,2025.06603701098,2025.11310140297,NA,NA,NA
3552,3553,REU.4.3_1,REU.4.8_1,0.0312563460815147,0.566064367674707,0.534808021593193,2025.08185514061,2025.1131114867,NA,NA,NA
3370,3381,REU.4.3_1,REU.4.3_1,0.029858668815855,0.566098873914669,0.536240205098814,2025.08328732412,2025.11314599294,NA,NA,NA
3390,3394,REU.4.3_1,REU.4.8_1,0.0882261742342297,0.566302879865711,0.478076705631482,2025.02512382465,2025.11334999889,NA,NA,NA
3226,3227,REU.4.3_1,REU.4.3_1,0.0258167871375585,0.566306742602032,0.540489955464473,2025.08753707449,2025.11335386162,NA,NA,NA
3440,3441,REU.2.3_1,REU.2.3_1,0.00523141167212415,0.566546310220021,0.561314898547897,2025.10836201757,2025.11359342924,NA,NA,NA
4931,4932,REU.4.8_1,REU.4.8_1,0.0299573275360631,0.56658785168969,0.536630524153627,2025.08367764317,2025.11363497071,NA,NA,NA
4027,4028,REU.4.3_1,REU.4.3_1,0.0732098367974369,0.566610202903207,0.49340036610577,2025.04044748513,2025.11365732192,NA,NA,NA
4723,4724,REU.4.5_1,REU.4.5_1,0.028131143358802,0.56677511141633,0.538643968057528,2025.08569108708,2025.11382223044,NA,NA,NA
4578,4579,REU.4.3_1,REU.4.3_1,0.217157802417612,0.567000465838042,0.34984266342043,2024.89688978244,2025.11404758486,NA,NA,NA
4623,4628,REU.4.3_1,REU.4.3_1,0.0184283601142475,0.567011263144809,0.548582903030562,2025.09563002205,2025.11405838217,NA,NA,NA
4268,4269,REU.4.3_1,REU.4.3_1,0.0292031979307752,0.56702987920681,0.537826681276035,2025.0848738003,2025.11407699823,NA,NA,NA
4938,4941,REU.3.1_1,REU.3.1_1,0.0140895282971983,0.567151837273165,0.553062308975967,2025.100109428,2025.11419895629,NA,NA,NA
3364,3365,REU.3.5_1,REU.3.5_1,0.0210275226001411,0.567169543850299,0.546142021250158,2025.09318914027,2025.11421666287,NA,NA,NA
6115,6117,REU.3.1_1,REU.4.3_1,0.0315956109725049,0.567245530778777,0.535649919806272,2025.08269703883,2025.1142926498,NA,NA,NA
4555,4556,REU.4.3_1,REU.4.3_1,0.0124594610952686,0.567321079225114,0.554861618129846,2025.10190873715,2025.11436819825,NA,NA,NA
6171,6173,REU.4.3_1,REU.4.3_1,0.0978875672931528,0.567385129829903,0.46949756253675,2025.01654468156,2025.11443224885,NA,NA,NA
3756,3757,REU.4.3_1,REU.4.3_1,0.0855667915288947,0.567479006878264,0.48191221534937,2025.02895933437,2025.1145261259,NA,NA,NA
4146,4147,REU.4.3_1,REU.4.3_1,0.0474714283860785,0.567602963556085,0.520131535170006,2025.06717865419,2025.11465008258,NA,NA,NA
3826,3827,REU.4.3_1,REU.4.3_1,0.00457964369714392,0.567646847951915,0.563067204254771,2025.11011432328,2025.11469396697,NA,NA,NA
3693,3694,REU.4.3_1,REU.4.3_1,0.0256497208837225,0.567649026823319,0.541999305939597,2025.08904642496,2025.11469614584,NA,NA,NA
3243,3244,REU.4.3_1,REU.4.3_1,0.0367970277208659,0.567684455705624,0.530887427984759,2025.07793454701,2025.11473157473,NA,NA,NA
4921,4935,REU.3.1_1,REU.3.1_1,0.115428103677414,0.567696489004523,0.452268385327109,2024.99931550435,2025.11474360803,NA,NA,NA
3723,3724,REU.4.3_1,REU.4.8_1,0.0532472773934453,0.567723658181895,0.51447638078845,2025.06152349981,2025.1147707772,NA,NA,NA
5286,5287,REU.4.5_1,REU.4.5_1,0.0808682646744632,0.567744139719724,0.486875875045261,2025.03392299407,2025.11479125874,NA,NA,NA
3663,3675,REU.4.3_1,REU.4.3_1,0.0210509854249186,0.567765580571858,0.546714595146939,2025.09376171417,2025.11481269959,NA,NA,NA
5410,5411,REU.4.5_1,REU.4.5_1,0.00961249290838295,0.567874172394766,0.558261679486383,2025.10530879851,2025.11492129142,NA,NA,NA
4046,4047,REU.4.3_1,REU.4.3_1,0.00799073305089493,0.567899747937249,0.559909014886354,2025.10695613391,2025.11494686696,NA,NA,NA
5870,1856,REU.4.8_1,REU.4.1_1,0.0876263460159663,0.568021374129579,0.480395028113612,2025.02744214713,2025.11506849315,CHIKV_RUN_S17b05_2025,55.468576,-21.139971
3339,1578,REU.4.3_1,REU.4.3_1,0.0840446985456766,0.568021374129579,0.483976675583902,2025.0310237946,2025.11506849315,CHIKV_RUN_S18b10_2025,55.524274,-21.282466
5400,2355,REU.4.5_1,REU.4.7_1,0.0752826384242392,0.568021374129579,0.49273873570534,2025.03978585473,2025.11506849315,CHIKV_RUN_S17b04_2025,55.765257,-21.36123
5153,2261,REU.4.3_1,REU.4.6_1,0.0697196151995855,0.568021374129579,0.498301758929993,2025.04534887795,2025.11506849315,CHIKV_RUN_S17b07_2025,55.427562,-21.265081
5696,2554,REU.4.3_1,REU.4.3_1,0.0651195033212499,0.568021374129579,0.502901870808329,2025.04994898983,2025.11506849315,CHIKV_RUN_S18b09_2025,55.513589,-21.27456
5427,2021,REU.3.1_1,REU.3.2_1,0.0518447104742183,0.568021374129579,0.51617666365536,2025.06322378268,2025.11506849315,CHIKV_RUN_S18b11_2025,55.322143,-21.250985
4001,1570,REU.4.3_1,REU.4.3_1,0.0429528035890134,0.568021374129579,0.525068570540565,2025.07211568956,2025.11506849315,CHIKV_RUN_S10b60_2025,55.510793,-21.284123
5171,58,REU.3.1_1,REU.3.1_1,0.0421040072949131,0.568021374129579,0.525917366834666,2025.07296448586,2025.11506849315,CHIKV_RUN_S15b50_2025,55.335277,-21.266739
4960,3102,REU.3.4_1,REU.4.6_1,0.0346926608636634,0.568021374129579,0.533328713265915,2025.08037583229,2025.11506849315,CHIKV_RUN_S10b59_2025,55.437551,-21.261414
5950,2970,REU.3.4_1,REU.3.4_1,0.0303445463177501,0.568021374129579,0.537676827811829,2025.08472394683,2025.11506849315,CHIKV_RUN_S17b76_2025,55.305385,-21.165123
5744,2221,REU.4.6_1,REU.3.4_1,0.0281743742159412,0.568021374129579,0.539846999913638,2025.08689411893,2025.11506849315,CHIKV_RUN_S10b57_2025,55.309708,-21.169576
5469,2653,REU.3.1_1,REU.3.1_1,0.0234900340747505,0.568021374129579,0.544531340054828,2025.09157845908,2025.11506849315,CHIKV_RUN_S17b09_2025,55.362398,-21.254601
5789,2807,REU.3.1_1,REU.3.2_1,0.0153498507894256,0.568021374129579,0.552671523340153,2025.09971864236,2025.11506849315,CHIKV_RUN_S17b06_2025,55.335342,-21.245019
5920,2756,REU.4.8_1,REU.3.3_1,0.0146975218400098,0.568021374129579,0.553323852289569,2025.10037097131,2025.11506849315,CHIKV_RUN_S15b61_2025,55.30341,-21.115527
5894,2156,REU.4.6_1,REU.4.6_1,0.013985623575548,0.568021374129579,0.554035750554031,2025.10108286958,2025.11506849315,CHIKV_RUN_S16b92_2025,55.448834,-21.274102
4213,406,REU.4.3_1,REU.4.3_1,0.0136094801233989,0.568021374129579,0.55441189400618,2025.10145901303,2025.11506849315,CHIKV_RUN_S18b23_2025,55.528288,-21.285944
5669,2601,REU.3.1_1,REU.3.1_1,0.00996495224494487,0.568021374129579,0.558056421884634,2025.10510354091,2025.11506849315,CHIKV_RUN_S17b25_2025,55.364827,-21.260966
3133,3100,REU.3.1_1,REU.3.5_1,0.00849891655929669,0.568021374129579,0.559522457570282,2025.10656957659,2025.11506849315,CHIKV_RUN_S10b58_2025,55.262402,-21.059818
3515,886,REU.4.3_1,REU.4.3_1,0.00556308499663705,0.568021374129579,0.562458289132942,2025.10950540815,2025.11506849315,CHIKV_RUN_S17b20_2025,55.509373,-21.238331
5803,2806,REU.3.1_1,REU.3.1_1,0.0032221627261132,0.568021374129579,0.564799211403465,2025.11184633042,2025.11506849315,CHIKV_RUN_S10b54_2025,55.334621,-21.265962
4575,4576,REU.4.3_1,REU.4.3_1,0.0443802215593819,0.568049919566016,0.523669698006634,2025.07071681703,2025.11509703859,NA,NA,NA
3312,3319,REU.4.3_1,REU.4.3_1,0.0155660650242808,0.568062015649832,0.552495950625551,2025.09954306965,2025.11510913467,NA,NA,NA
4808,4809,REU.3.1_1,REU.4.8_1,0.0203016120580477,0.568087198288673,0.547785586230625,2025.09483270525,2025.11513431731,NA,NA,NA
6195,6197,REU.2.3_1,REU.3.5_1,0.0296822025787843,0.568225595204193,0.538543392625409,2025.08559051165,2025.11527271423,NA,NA,NA
3294,3304,REU.4.3_1,REU.4.3_1,0.0181298458772674,0.56825602612861,0.550126180251343,2025.09717329927,2025.11530314515,NA,NA,NA
3532,3533,REU.4.8_1,REU.4.8_1,0.00880232510265544,0.568308667396947,0.559506342294292,2025.10655346132,2025.11535578642,NA,NA,NA
3477,3478,REU.3.5_1,REU.3.5_1,0.00649760359023988,0.568315841205971,0.561818237615732,2025.10886535664,2025.11536296023,NA,NA,NA
5033,5034,REU.3.1_1,REU.4.6_1,0.0287368647487433,0.568343087136825,0.539606222388082,2025.08665334141,2025.11539020616,NA,NA,NA
3212,3213,REU.4.3_1,REU.4.3_1,0.0296743560181955,0.568415979373581,0.538741623355386,2025.08578874238,2025.11546309839,NA,NA,NA
4685,4686,REU.4.8_1,REU.4.8_1,0.0289450198465683,0.568592152008296,0.539647132161728,2025.08669425118,2025.11563927103,NA,NA,NA
3371,3378,REU.4.3_1,REU.4.3_1,0.0144029083885965,0.568659877329284,0.554256968940688,2025.10130408796,2025.11570699635,NA,NA,NA
5684,5687,REU.3.1_1,REU.3.1_1,0.00933967266737446,0.568702653579317,0.559362980911943,2025.10641009993,2025.1157497726,NA,NA,NA
5192,5194,REU.2.3_1,REU.2.3_1,0.0285421558918918,0.568759271193254,0.540217115301362,2025.08726423432,2025.11580639021,NA,NA,NA
3665,3667,REU.4.8_1,REU.4.8_1,0.00451684873993474,0.56885710217543,0.564340253435495,2025.11138737246,2025.1159042212,NA,NA,NA
6117,6118,REU.4.3_1,REU.4.3_1,0.00164968685943512,0.568895217638212,0.567245530778777,2025.1142926498,2025.11594233666,NA,NA,NA
4386,4404,REU.4.3_1,REU.4.3_1,0.0519125518789605,0.56898085940245,0.51706830752349,2025.06411542654,2025.11602797842,NA,NA,NA
3480,3481,REU.3.5_1,REU.3.5_1,0.0320124763517766,0.568989173135137,0.53697669678336,2025.0840238158,2025.11603629216,NA,NA,NA
5040,5041,REU.3.1_1,REU.3.1_1,0.0839266276532719,0.569027775602207,0.485101147948935,2025.03214826697,2025.11607489462,NA,NA,NA
5909,5911,REU.4.3_1,REU.4.3_1,0.0112988821220226,0.5691555437813,0.557856661659277,2025.10490378068,2025.1162026628,NA,NA,NA
4970,4971,REU.3.1_1,REU.3.1_1,0.00871969351466784,0.569172762966273,0.560453069451605,2025.10750018847,2025.11621988199,NA,NA,NA
3724,3725,REU.4.8_1,REU.4.8_1,0.00148825545213727,0.569211913634032,0.567723658181895,2025.1147707772,2025.11625903266,NA,NA,NA
5357,5358,REU.3.4_1,REU.3.4_1,0.0359692323758948,0.56923837769417,0.533269145318275,2025.08031626434,2025.11628549672,NA,NA,NA
4452,4457,REU.3.5_1,REU.3.5_1,0.00594794166292334,0.569301745765421,0.563353804102498,2025.11040092312,2025.11634886479,NA,NA,NA
3790,3791,REU.4.3_1,REU.4.3_1,0.0547759881054213,0.569330722172666,0.514554734067244,2025.06160185309,2025.11637784119,NA,NA,NA
6004,6006,REU.2.3_1,REU.2.3_1,0.0123233097034802,0.569434582406581,0.557111272703101,2025.10415839172,2025.11648170143,NA,NA,NA
3149,3150,REU.3.1_1,REU.4.8_1,0.0148377762218086,0.569482242685999,0.554644466464191,2025.10169158549,2025.11652936171,NA,NA,NA
5118,5121,REU.4.3_1,REU.4.8_1,0.0156203781582293,0.569666638235514,0.554046260077285,2025.1010933791,2025.11671375726,NA,NA,NA
4070,4071,REU.4.8_1,REU.4.8_1,0.0187019488570266,0.569787826586924,0.551085877729897,2025.09813299675,2025.11683494561,NA,NA,NA
6006,6012,REU.2.3_1,REU.2.3_1,0.000378677293694007,0.569813259700275,0.569434582406581,2025.11648170143,2025.11686037872,NA,NA,NA
4500,4502,REU.4.3_1,REU.4.3_1,0.00886306335024512,0.569832967976805,0.56096990462656,2025.10801702365,2025.116880087,NA,NA,NA
6038,6040,REU.2.3_1,REU.2.3_1,0.0131915420520369,0.569882000635233,0.556690458583197,2025.1037375776,2025.11692911966,NA,NA,NA
4567,4568,REU.4.3_1,REU.4.3_1,0.0393585174917721,0.569948749682553,0.530590232190781,2025.07763735121,2025.1169958687,NA,NA,NA
4844,4846,REU.4.3_1,REU.2.3_1,0.0785111383225124,0.569958498594452,0.49144736027194,2025.03849447929,2025.11700561762,NA,NA,NA
3150,3153,REU.4.8_1,REU.4.8_1,0.00049937927517052,0.56998162196117,0.569482242685999,2025.11652936171,2025.11702874098,NA,NA,NA
5013,5015,REU.3.1_1,REU.3.1_1,0.0218247770002161,0.569994705102541,0.548169928102325,2025.09521704712,2025.11704182412,NA,NA,NA
5524,5525,REU.4.1_1,REU.4.1_1,0.0164805132522534,0.570043449698361,0.553562936446108,2025.10061005547,2025.11709056872,NA,NA,NA
3633,3637,REU.4.8_1,REU.4.8_1,0.00559825613501597,0.570106563609509,0.564508307474493,2025.1115554265,2025.11715368263,NA,NA,NA
3553,3555,REU.4.8_1,REU.4.8_1,0.00406727389316863,0.570131641567876,0.566064367674707,2025.1131114867,2025.11717876059,NA,NA,NA
5874,5875,REU.4.8_1,REU.4.8_1,0.0327346005353658,0.570153294554167,0.537418694018801,2025.08446581304,2025.11720041358,NA,NA,NA
5859,5865,REU.3.1_1,REU.3.1_1,0.0267549592381027,0.570180635541099,0.543425676302996,2025.09047279532,2025.11722775456,NA,NA,NA
5581,5582,REU.4.6_1,REU.4.6_1,0.005374086877727,0.570233591963004,0.564859505085277,2025.11190662411,2025.11728071098,NA,NA,NA
3833,3834,REU.4.3_1,REU.4.3_1,0.0378905234947037,0.570330706450769,0.532440182956065,2025.07948730198,2025.11737782547,NA,NA,NA
5080,5081,REU.3.1_1,REU.3.1_1,0.00766062834870895,0.57033364104863,0.562673012699921,2025.10972013172,2025.11738076007,NA,NA,NA
4423,4429,REU.2.3_1,REU.2.3_1,0.0665960526662525,0.570497776396898,0.503901723730646,2025.05094884275,2025.11754489542,NA,NA,NA
4600,4601,REU.4.3_1,REU.4.3_1,0.0073614027329586,0.570580954894862,0.563219552161903,2025.11026667118,2025.11762807392,NA,NA,NA
4625,4626,REU.4.3_1,REU.2.3_1,0.008235749998869,0.570610846021043,0.562375096022174,2025.10942221504,2025.11765796504,NA,NA,NA
3995,4002,REU.4.3_1,REU.4.3_1,0.0933898457286685,0.570623692201633,0.477233846472964,2025.02428096549,2025.11767081122,NA,NA,NA
3742,3751,REU.4.3_1,REU.4.3_1,0.0325853571045014,0.570660191232075,0.538074834127574,2025.08512195315,2025.11770731025,NA,NA,NA
5361,5362,REU.3.4_1,REU.3.4_1,0.0270500674528026,0.570733261359795,0.543683193906992,2025.09073031293,2025.11778038038,NA,NA,NA
5995,2944,REU.3.4_1,REU.3.4_1,0.0385427834713166,0.570761100157164,0.532218316685847,2025.07926543571,2025.11780821918,CHIKV_RUN_S17b73_2025,55.30892,-21.184486
3288,346,REU.4.8_1,REU.2.2_1,0.0214577059749881,0.570761100157164,0.549303394182175,2025.0963505132,2025.11780821918,CHIKV_RUN_S17b65_2025,55.316384,-20.955475
5402,2357,REU.4.5_1,REU.4.7_1,0.0212670647138864,0.570761100157164,0.549494035443277,2025.09654115446,2025.11780821918,CHIKV_RUN_S17b74_2025,55.76408,-21.362277
5910,3054,REU.4.3_1,REU.3.5_1,0.0104269952879661,0.570761100157164,0.560334104869197,2025.10738122389,2025.11780821918,CHIKV_RUN_S17b68_2025,55.325677,-20.997915
4204,452,REU.4.5_1,REU.4.5_1,0.00513721473417639,0.570761100157164,0.565623885422987,2025.11267100444,2025.11780821918,CHIKV_RUN_S10b08_2025,55.653767,-21.378893
4626,1491,REU.2.3_1,REU.2.3_1,0.000150254136120687,0.570761100157164,0.570610846021043,2025.11765796504,2025.11780821918,CHIKV_RUN_S10b93_2025,55.452125,-20.890654
5579,5580,REU.4.8_1,REU.4.8_1,0.0139281827080154,0.570973282433766,0.557045099725751,2025.10409221875,2025.11802040145,NA,NA,NA
3252,3260,REU.4.3_1,REU.4.3_1,0.0681171563691402,0.57104274424796,0.50292558787882,2025.0499727069,2025.11808986327,NA,NA,NA
6040,6041,REU.2.3_1,REU.2.3_1,0.00130438919135845,0.571186389826592,0.569882000635233,2025.11692911966,2025.11823350885,NA,NA,NA
3411,3412,REU.4.3_1,REU.4.8_1,0.036069764729331,0.571192798257294,0.535123033527963,2025.08217015255,2025.11823991728,NA,NA,NA
5792,5799,REU.3.1_1,REU.3.1_1,0.0169940110527708,0.571218526602999,0.554224515550228,2025.10127163457,2025.11826564562,NA,NA,NA
4520,4521,REU.4.3_1,REU.4.3_1,0.0147837435998919,0.571267367809411,0.556483624209519,2025.10353074323,2025.11831448683,NA,NA,NA
3319,3321,REU.4.3_1,REU.4.3_1,0.00324824249893352,0.571310258148765,0.568062015649832,2025.11510913467,2025.11835737717,NA,NA,NA
5322,5323,REU.3.4_1,REU.3.4_1,0.00768034563439968,0.571359954351833,0.563679608717433,2025.11072672774,2025.11840707337,NA,NA,NA
3664,3669,REU.4.3_1,REU.4.3_1,0.0238722028472184,0.571500149583506,0.547627946736288,2025.09467506576,2025.1185472686,NA,NA,NA
3378,3379,REU.4.3_1,REU.4.3_1,0.00289528843146825,0.571555165760752,0.568659877329284,2025.11570699635,2025.11860228478,NA,NA,NA
4486,4487,REU.3.5_1,REU.3.5_1,0.0195829109673391,0.57157280601054,0.551989895043201,2025.09903701406,2025.11861992503,NA,NA,NA
5134,5135,REU.4.3_1,REU.4.3_1,0.0145377239233129,0.571735115848997,0.557197391925684,2025.10424451095,2025.11878223487,NA,NA,NA
3869,3870,REU.4.4_1,REU.4.4_1,0.0177455771525716,0.571737917053081,0.55399233990051,2025.10103945892,2025.11878503607,NA,NA,NA
3184,3185,REU.3.1_1,REU.3.1_1,0.0139894672844271,0.571795460263477,0.55780599297905,2025.104853112,2025.11884257928,NA,NA,NA
3746,3747,REU.4.3_1,REU.4.3_1,0.00859498874561138,0.571867343623489,0.563272354877878,2025.1103194739,2025.11891446264,NA,NA,NA
4568,4569,REU.4.3_1,REU.4.3_1,0.00192852647879316,0.571877276161346,0.569948749682553,2025.1169958687,2025.11892439518,NA,NA,NA
6115,6116,REU.3.1_1,REU.4.8_1,0.0363003325394685,0.57195025234574,0.535649919806272,2025.08269703883,2025.11899737137,NA,NA,NA
3680,3681,REU.4.3_1,REU.4.3_1,0.120668348382343,0.571956724085441,0.451288375703098,2024.99833549472,2025.11900384311,NA,NA,NA
4971,4972,REU.3.1_1,REU.3.1_1,0.00286263807392051,0.572035401040193,0.569172762966273,2025.11621988199,2025.11908252006,NA,NA,NA
5470,5471,REU.3.1_1,REU.3.1_1,0.0104759234274857,0.572136360047807,0.561660436620322,2025.10870755564,2025.11918347907,NA,NA,NA
4743,4744,REU.4.5_1,REU.4.5_1,0.0176939329191386,0.572238853454158,0.554544920535019,2025.10159203956,2025.11928597248,NA,NA,NA
3647,3648,REU.4.6_1,REU.4.6_1,0.0220814782970853,0.572280219865422,0.550198741568337,2025.09724586059,2025.11932733889,NA,NA,NA
5353,5354,REU.4.6_1,REU.4.6_1,0.024584867072545,0.572596791436162,0.548011924363617,2025.09505904338,2025.11964391046,NA,NA,NA
5566,5567,REU.4.8_1,REU.4.8_1,0.0081550494581355,0.572646964024892,0.564491914566756,2025.11153903359,2025.11969408305,NA,NA,NA
5822,5823,REU.4.8_1,REU.4.6_1,0.0340045420375691,0.572652481224192,0.538647939186623,2025.08569505821,2025.11969960025,NA,NA,NA
5560,5564,REU.3.1_1,REU.3.1_1,0.0239445813986604,0.5726632138025,0.54871863240384,2025.09576575142,2025.11971033282,NA,NA,NA
4019,4020,REU.2.3_1,REU.2.5_1,0.0285857543253867,0.572672507836977,0.54408675351159,2025.09113387253,2025.11971962686,NA,NA,NA
6181,6192,REU.4.8_1,REU.4.8_1,0.0263714320969288,0.572697454990422,0.546326022893494,2025.09337314191,2025.11974457401,NA,NA,NA
4583,4584,REU.4.8_1,REU.4.8_1,0.0387847583264107,0.572708583410108,0.533923825083698,2025.0809709441,2025.11975570243,NA,NA,NA
3905,3906,REU.4.4_1,REU.4.4_1,0.0432410869143349,0.572799005953461,0.529557919039126,2025.07660503806,2025.11984612497,NA,NA,NA
4308,4318,REU.2.3_1,REU.2.3_1,0.0211847239558938,0.572861853610168,0.551677129654275,2025.09872424868,2025.11990897263,NA,NA,NA
5051,5053,REU.4.3_1,REU.4.8_1,0.0818809805918234,0.57291639108567,0.491035410493847,2025.03808252951,2025.11996351011,NA,NA,NA
5353,5355,REU.4.6_1,REU.4.6_1,0.0249525462667284,0.572964470630345,0.548011924363617,2025.09505904338,2025.12001158965,NA,NA,NA
3619,3620,REU.4.8_1,REU.4.8_1,0.0762310354333054,0.573040677882325,0.49680964244902,2025.04385676147,2025.1200877969,NA,NA,NA
3728,3734,REU.4.3_1,REU.4.3_1,0.0419629698629586,0.573070286556688,0.531107316693729,2025.07815443571,2025.12011740558,NA,NA,NA
3699,3700,REU.4.3_1,REU.4.3_1,0.031807993924693,0.573196161609842,0.541388167685149,2025.08843528671,2025.12024328063,NA,NA,NA
6087,6088,REU.4.3_1,REU.4.3_1,0.0235569695020651,0.573283199856301,0.549726230354236,2025.09677334938,2025.12033031888,NA,NA,NA
6214,6219,REU.4.3_1,REU.4.3_1,0.0153494528511939,0.573297944462925,0.557948491611731,2025.10499561063,2025.12034506348,NA,NA,NA
5502,5503,REU.4.8_1,REU.4.8_1,0.0825555261068193,0.573337700285226,0.490782174178407,2025.0378292932,2025.12038481931,NA,NA,NA
3999,4000,REU.4.8_1,REU.4.8_1,0.0384248488632515,0.573386364901535,0.534961516038283,2025.08200863506,2025.12043348392,NA,NA,NA
3700,3701,REU.4.3_1,REU.4.3_1,0.000261705964124892,0.573457867573966,0.573196161609842,2025.12024328063,2025.1205049866,NA,NA,NA
5987,5988,REU.4.6_1,REU.4.6_1,0.0126512221313135,0.57349772738662,0.560846505255306,2025.10789362428,2025.12054484641,NA,NA,NA
3269,341,REU.4.3_1,REU.2.5_1,0.0598347191253822,0.573500826184521,0.513666107059139,2025.06071322608,2025.12054794521,CHIKV_RUN_S10b77_2025,55.642871,-20.932313
4682,1063,REU.4.3_1,REU.4.3_1,0.0484327885434072,0.573500826184521,0.525068037641114,2025.07211515666,2025.12054794521,CHIKV_RUN_S10b81_2025,55.527006,-21.238497
5144,2365,REU.4.3_1,REU.3.4_1,0.0381734566694356,0.573500826184521,0.535327369515085,2025.08237448854,2025.12054794521,CHIKV_RUN_S10b86_2025,55.312033,-21.134693
4695,1751,REU.4.8_1,REU.4.3_1,0.0319565097373533,0.573500826184521,0.541544316447168,2025.08859143547,2025.12054794521,CHIKV_RUN_S10b85_2025,55.524773,-21.270816
4787,71,REU.4.8_1,REU.3.3_1,0.0231480846695038,0.573500826184521,0.550352741515017,2025.09739986054,2025.12054794521,CHIKV_RUN_S10b87_2025,55.289283,-21.108928
6192,1881,REU.4.8_1,REU.4.6_1,0.000803371194098457,0.573500826184521,0.572697454990422,2025.11974457401,2025.12054794521,CHIKV_RUN_S10b76_2025,55.438002,-21.263799
5719,5723,REU.4.3_1,REU.4.8_1,0.0481137734146164,0.573503687408829,0.525389913994213,2025.07243703302,2025.12055080643,NA,NA,NA
4628,4630,REU.4.3_1,REU.4.3_1,0.00652833971631217,0.573539602861121,0.567011263144809,2025.11405838217,2025.12058672188,NA,NA,NA
3533,3534,REU.4.8_1,REU.4.8_1,0.00531876439228629,0.573627431789234,0.568308667396947,2025.11535578642,2025.12067455081,NA,NA,NA
3271,3272,REU.4.3_1,REU.4.3_1,0.0160493029148583,0.573835075476193,0.557785772561335,2025.10483289158,2025.1208821945,NA,NA,NA
5753,5756,REU.4.8_1,REU.4.8_1,0.00910940322084519,0.574118246499967,0.565008843279122,2025.1120559623,2025.12116536552,NA,NA,NA
6050,6055,REU.2.3_1,REU.2.3_1,0.0540315067369831,0.57414805251917,0.520116545782187,2025.0671636648,2025.12119517154,NA,NA,NA
4347,4348,REU.4.3_1,REU.4.3_1,0.0154624656028509,0.574175006886682,0.558712541283831,2025.1057596603,2025.12122212591,NA,NA,NA
3626,3627,REU.4.8_1,REU.4.8_1,0.0440392992941403,0.574216587072225,0.530177287778085,2025.0772244068,2025.12126370609,NA,NA,NA
6173,6174,REU.4.3_1,REU.4.3_1,0.00691470066884681,0.57429983049875,0.567385129829903,2025.11443224885,2025.12134694952,NA,NA,NA
3594,3595,REU.4.3_1,REU.4.8_1,0.0166161894531164,0.574597714167495,0.557981524714379,2025.10502864374,2025.12164483319,NA,NA,NA
3757,3758,REU.4.3_1,REU.4.3_1,0.00712985488347351,0.574608861761738,0.567479006878264,2025.1145261259,2025.12165598078,NA,NA,NA
5331,5332,REU.4.6_1,REU.4.3_1,0.0301093244841885,0.574620673822174,0.544511349337985,2025.09155846836,2025.12166779284,NA,NA,NA
3926,3927,REU.4.4_1,REU.4.4_1,0.0678131468305193,0.574689650987624,0.506876504157105,2025.05392362318,2025.12173677001,NA,NA,NA
3342,3343,REU.4.3_1,REU.3.5_1,0.129200732487853,0.574735616706453,0.4455348842186,2024.99258200324,2025.12178273573,NA,NA,NA
4273,4274,REU.4.3_1,REU.4.3_1,0.0388443833996556,0.574864949463205,0.536020566063549,2025.08306768508,2025.12191206848,NA,NA,NA
5189,5201,REU.2.3_1,REU.2.3_1,0.0444561574626811,0.574923720192944,0.530467562730263,2025.07751468175,2025.12197083921,NA,NA,NA
5135,5136,REU.4.3_1,REU.4.3_1,0.00320956774941861,0.574944683598415,0.571735115848997,2025.11878223487,2025.12199180262,NA,NA,NA
3239,3240,REU.4.3_1,REU.4.3_1,0.0319545240400899,0.574947064162976,0.542992540122886,2025.09003965914,2025.12199418318,NA,NA,NA
6062,6063,REU.2.3_1,REU.2.3_1,0.0128685448926568,0.574957194968073,0.562088650075416,2025.1091357691,2025.12200431399,NA,NA,NA
6012,6013,REU.2.3_1,REU.2.3_1,0.00517477479850648,0.574988034498781,0.569813259700275,2025.11686037872,2025.12203515352,NA,NA,NA
5925,5926,REU.4.3_1,REU.4.3_1,0.0360066163315608,0.574995900760559,0.538989284428998,2025.08603640345,2025.12204301978,NA,NA,NA
4063,4064,REU.4.3_1,REU.4.3_1,0.030787746346381,0.575003575001104,0.544215828654723,2025.09126294768,2025.12205069402,NA,NA,NA
4404,4410,REU.4.3_1,REU.4.3_1,0.0060350432267936,0.575015902629244,0.56898085940245,2025.11602797842,2025.12206302165,NA,NA,NA
4020,4021,REU.2.5_1,REU.2.5_1,0.00234716498004417,0.575019672817021,0.572672507836977,2025.11971962686,2025.12206679184,NA,NA,NA
4837,4838,REU.4.3_1,REU.4.8_1,0.0732434876051012,0.575225770293,0.501982282687899,2025.04902940171,2025.12227288931,NA,NA,NA
4330,4331,REU.4.3_1,REU.4.3_1,0.0196844922481347,0.575392444650195,0.55570795240206,2025.10275507142,2025.12243956367,NA,NA,NA
5886,5887,REU.3.1_1,REU.3.1_1,0.140969159545402,0.575682888681057,0.434713729135655,2024.98176084816,2025.1227300077,NA,NA,NA
3441,3442,REU.2.3_1,REU.2.3_1,0.00914039181927995,0.575686702039301,0.566546310220021,2025.11359342924,2025.12273382106,NA,NA,NA
5612,5613,REU.3.1_1,REU.3.1_1,0.0384458269602288,0.575719075322437,0.537273248362208,2025.08432036738,2025.12276619434,NA,NA,NA
6041,6046,REU.2.3_1,REU.2.3_1,0.00464852963926621,0.575834919465858,0.571186389826592,2025.11823350885,2025.12288203849,NA,NA,NA
4763,4767,REU.4.5_1,REU.4.5_1,0.0180261760073404,0.575969947747298,0.557943771739957,2025.10499089076,2025.12301706677,NA,NA,NA
4347,4350,REU.4.3_1,REU.4.3_1,0.0172590502859993,0.57597159156983,0.558712541283831,2025.1057596603,2025.12301871059,NA,NA,NA
5756,5757,REU.4.8_1,REU.4.8_1,0.00187982885507565,0.575998075355042,0.574118246499967,2025.12116536552,2025.12304519438,NA,NA,NA
4250,4251,REU.4.8_1,REU.4.8_1,0.0406608588214619,0.57604223945823,0.535381380636768,2025.08242849966,2025.12308935848,NA,NA,NA
4767,4768,REU.4.5_1,REU.4.5_1,0.000118278412670203,0.576088226159968,0.575969947747298,2025.12301706677,2025.12313534518,NA,NA,NA
4555,4557,REU.4.3_1,REU.4.8_1,0.0212307444258666,0.576092362555712,0.554861618129846,2025.10190873715,2025.12313948158,NA,NA,NA
4209,4210,REU.4.3_1,REU.4.3_1,0.0364877346150523,0.576180761921628,0.539693027306576,2025.08674014633,2025.12322788094,NA,NA,NA
3311,935,REU.4.3_1,REU.4.3_1,0.0989060123549381,0.576240552211878,0.47733453985694,2025.02438165888,2025.12328767123,CHIKV_RUN_S10b79_2025,55.491615,-21.250807
3488,953,REU.3.5_1,REU.3.5_1,0.0765121829931513,0.576240552211878,0.499728369218727,2025.04677548824,2025.12328767123,CHIKV_RUN_S10b88_2025,55.272836,-21.023559
5691,2773,REU.3.1_1,REU.4.3_1,0.062600504358432,0.576240552211878,0.513640047853446,2025.06068716687,2025.12328767123,CHIKV_RUN_S10b84_2025,55.529419,-21.267475
3349,280,REU.4.3_1,REU.4.3_1,0.0461077860265872,0.576240552211878,0.530132766185291,2025.07717988521,2025.12328767123,CHIKV_RUN_S10b82_2025,55.501615,-21.246082
5419,2017,REU.3.1_1,REU.3.4_1,0.0451238036685274,0.576240552211878,0.531116748543351,2025.07816386756,2025.12328767123,CHIKV_RUN_S17b75_2025,55.304177,-21.172288
5516,2517,REU.4.1_1,REU.4.1_1,0.0250152003814246,0.576240552211878,0.551225351830454,2025.09827247085,2025.12328767123,CHIKV_RUN_S10b80_2025,55.480729,-21.168218
4506,899,REU.4.3_1,REU.4.3_1,0.0215422210084237,0.576240552211878,0.554698331203455,2025.10174545022,2025.12328767123,CHIKV_RUN_S10b83_2025,55.526664,-21.257323
3827,666,REU.4.3_1,REU.4.3_1,0.00859370425996298,0.576240552211878,0.567646847951915,2025.11469396697,2025.12328767123,CHIKV_RUN_S10b78_2025,55.522725,-21.283887
3412,1757,REU.4.8_1,REU.2.3_1,0.00504775395458423,0.576240552211878,0.571192798257294,2025.11823991728,2025.12328767123,CHIKV_RUN_S18b26_2025,55.445029,-20.887177
4305,4306,REU.2.3_1,REU.2.3_1,0.0193636967264609,0.576279026519976,0.556915329793515,2025.10396244881,2025.12332614554,NA,NA,NA
5935,5936,REU.3.4_1,REU.3.4_1,0.0274916453328947,0.576303702185819,0.548812056852924,2025.09585917587,2025.12335082121,NA,NA,NA
3498,3499,REU.2.1_1,REU.2.1_1,0.0226555407632858,0.576309071461227,0.553653530697942,2025.10070064972,2025.12335619048,NA,NA,NA
4039,4040,REU.4.3_1,REU.4.8_1,0.0138990447100333,0.576347683429809,0.562448638719776,2025.10949575774,2025.12339480245,NA,NA,NA
5687,5688,REU.3.1_1,REU.3.1_1,0.0077294061146227,0.57643205969394,0.568702653579317,2025.1157497726,2025.12347917871,NA,NA,NA
6174,6175,REU.4.3_1,REU.4.3_1,0.00216470156116566,0.576464532059915,0.57429983049875,2025.12134694952,2025.12351165108,NA,NA,NA
3353,3354,REU.4.3_1,REU.4.3_1,0.173865906031596,0.576487826494277,0.402621920462681,2024.94966903948,2025.12353494552,NA,NA,NA
5015,5016,REU.3.1_1,REU.3.1_1,0.00649542112194956,0.57649012622449,0.569994705102541,2025.11704182412,2025.12353724525,NA,NA,NA
5081,5085,REU.3.1_1,REU.3.1_1,0.0061605036433956,0.576494144692025,0.57033364104863,2025.11738076007,2025.12354126371,NA,NA,NA
5513,5535,REU.4.1_1,REU.4.1_1,0.137488142446102,0.576654099640298,0.439165957194197,2024.98621307622,2025.12370121866,NA,NA,NA
6067,6079,REU.2.3_1,REU.2.3_1,0.0529463342211219,0.576665648721462,0.52371931450034,2025.07076643352,2025.12371276774,NA,NA,NA
5349,5372,REU.3.4_1,REU.3.4_1,0.097607382476189,0.576790654902878,0.479183272426689,2025.02623039145,2025.12383777392,NA,NA,NA
4709,4710,REU.4.7_1,REU.4.7_1,0.0134357896577504,0.57683891219111,0.563403122533359,2025.11045024155,2025.12388603121,NA,NA,NA
4638,4640,REU.4.3_1,REU.4.3_1,0.065738550702757,0.576916863309117,0.51117831260636,2025.05822543163,2025.12396398233,NA,NA,NA
4175,4176,REU.4.4_1,REU.4.4_1,0.0630640087052966,0.57699037666697,0.513926367961673,2025.06097348698,2025.12403749569,NA,NA,NA
3143,3144,REU.3.1_1,REU.3.1_1,0.0500442261186738,0.577040728871806,0.526996502753132,2025.07404362177,2025.12408784789,NA,NA,NA
6013,6015,REU.2.3_1,REU.2.3_1,0.00207892607513793,0.577066960573919,0.574988034498781,2025.12203515352,2025.1241140796,NA,NA,NA
3648,3649,REU.4.6_1,REU.4.6_1,0.00480397417799361,0.577084194043416,0.572280219865422,2025.11932733889,2025.12413131306,NA,NA,NA
4530,4531,REU.4.3_1,REU.4.3_1,0.016413506664651,0.577096727814632,0.56068322114998,2025.10773034017,2025.12414384684,NA,NA,NA
3509,3510,REU.4.3_1,REU.4.8_1,0.090468928559708,0.577103860057544,0.486634931497836,2025.03368205052,2025.12415097908,NA,NA,NA
5598,5599,REU.4.6_1,REU.4.6_1,0.0777391299627019,0.577117189486566,0.499378059523864,2025.04642517854,2025.12416430851,NA,NA,NA
4361,4368,REU.4.3_1,REU.4.3_1,0.0947008334573642,0.577219528985588,0.482518695528224,2025.02956581455,2025.12426664801,NA,NA,NA
6004,6005,REU.2.3_1,REU.2.4_1,0.0203101735366795,0.57742144623978,0.557111272703101,2025.10415839172,2025.12446856526,NA,NA,NA
4989,4993,REU.2.3_1,REU.2.3_1,0.0257149233775977,0.577424496249268,0.55170957287167,2025.09875669189,2025.12447161527,NA,NA,NA
6050,6051,REU.2.3_1,REU.2.3_1,0.0573486630475462,0.577465208829733,0.520116545782187,2025.0671636648,2025.12451232785,NA,NA,NA
5441,5442,REU.4.8_1,REU.4.8_1,0.0203994962598071,0.577541384601042,0.557141888341235,2025.10418900736,2025.12458850362,NA,NA,NA
6109,6110,REU.3.1_1,REU.3.1_1,0.0433752131469941,0.577622526897518,0.534247313750524,2025.08129443277,2025.12466964592,NA,NA,NA
6213,6223,REU.4.3_1,REU.4.3_1,0.0289051639468887,0.57763190848206,0.548726744535171,2025.09577386356,2025.1246790275,NA,NA,NA
5053,5056,REU.4.8_1,REU.4.8_1,0.00479447527813026,0.5777108663638,0.57291639108567,2025.11996351011,2025.12475798538,NA,NA,NA
3292,3293,REU.4.3_1,REU.4.3_1,0.0628949191326981,0.577899970224298,0.5150050510916,2025.06205217011,2025.12494708925,NA,NA,NA
5096,5105,REU.3.1_1,REU.2.2_1,0.17716964071684,0.577917821081381,0.400748180364541,2024.94779529939,2025.1249649401,NA,NA,NA
3915,3922,REU.4.4_1,REU.4.8_1,0.0132319273585095,0.577978890859691,0.564746963501181,2025.11179408252,2025.12502600988,NA,NA,NA
5194,5197,REU.2.3_1,REU.2.3_1,0.0092747147539477,0.578033985947202,0.568759271193254,2025.11580639021,2025.12508110497,NA,NA,NA
5280,5281,REU.4.5_1,REU.4.5_1,0.0243387898098211,0.578052880969503,0.553714091159682,2025.10076121018,2025.12509999999,NA,NA,NA
5799,5800,REU.3.1_1,REU.3.1_1,0.00688491236549493,0.578103438968494,0.571218526602999,2025.11826564562,2025.12515055799,NA,NA,NA
3213,3214,REU.4.3_1,REU.4.3_1,0.00978455533406408,0.578200534707645,0.568415979373581,2025.11546309839,2025.12524765373,NA,NA,NA
4989,4990,REU.2.3_1,REU.2.3_1,0.0265616507591182,0.578271223630788,0.55170957287167,2025.09875669189,2025.12531834265,NA,NA,NA
5067,5068,REU.3.1_1,REU.4.8_1,0.0545274810137487,0.578312721224566,0.523785240210818,2025.07083235923,2025.12535984025,NA,NA,NA
3792,3793,REU.4.3_1,REU.4.3_1,0.01452113096251,0.578318488565105,0.563797357602595,2025.11084447662,2025.12536560759,NA,NA,NA
3629,3630,REU.4.8_1,REU.4.8_1,0.0264091612371115,0.578370708311851,0.551961547074739,2025.0990086661,2025.12541782733,NA,NA,NA
4846,4849,REU.2.3_1,REU.2.3_1,0.00842559054622394,0.578384089140676,0.569958498594452,2025.11700561762,2025.12543120816,NA,NA,NA
5575,5576,REU.3.1_1,REU.3.4_1,0.0738434645179491,0.57853409694563,0.504690632427681,2025.05173775145,2025.12558121597,NA,NA,NA
6110,6112,REU.3.1_1,REU.3.1_1,0.000951363139806372,0.578573890037325,0.577622526897518,2025.12466964592,2025.12562100906,NA,NA,NA
5428,5433,REU.3.1_1,REU.3.1_1,0.0447747333100582,0.578592147588676,0.533817414278617,2025.0808645333,2025.12563926661,NA,NA,NA
6079,6081,REU.2.3_1,REU.2.3_1,0.00197072366358353,0.578636372385046,0.576665648721462,2025.12371276774,2025.12568349141,NA,NA,NA
6183,6189,REU.4.8_1,REU.4.8_1,0.0243681354976228,0.57867739851988,0.554309263022257,2025.10135638204,2025.12572451754,NA,NA,NA
4180,4181,REU.4.5_1,REU.4.8_1,0.0773027667098822,0.57868847162175,0.501385704911867,2025.04843282393,2025.12573559064,NA,NA,NA
4387,4388,REU.4.3_1,REU.4.3_1,0.0410517943232185,0.578710419762756,0.537658625439537,2025.08470574446,2025.12575753878,NA,NA,NA
5681,5683,REU.3.4_1,REU.3.4_1,0.0168169121545599,0.578729450909196,0.561912538754636,2025.10895965778,2025.12577656993,NA,NA,NA
4239,4240,REU.4.3_1,REU.4.3_1,0.0906554770889222,0.578852080155988,0.488196603067066,2025.03524372209,2025.12589919918,NA,NA,NA
3913,3914,REU.4.4_1,REU.4.4_1,0.0185480017206167,0.578933727541397,0.560385725820781,2025.10743284484,2025.12598084656,NA,NA,NA
4441,4442,REU.3.5_1,REU.4.8_1,0.0145218172988235,0.578950167260139,0.564428349961316,2025.11147546898,2025.12599728628,NA,NA,NA
5800,5801,REU.3.1_1,REU.3.1_1,0.000872041877446939,0.578975480845941,0.578103438968494,2025.12515055799,2025.12602259987,NA,NA,NA
3541,252,REU.4.3_1,REU.4.3_1,0.0777095749410718,0.578980278239236,0.501270703298164,2025.04831782232,2025.12602739726,CHIKV_RUN_S10b89_2025,55.523069,-21.267089
3212,1679,REU.4.3_1,REU.4.3_1,0.0402386548838501,0.578980278239236,0.538741623355386,2025.08578874238,2025.12602739726,CHIKV_RUN_S10b94_2025,55.527183,-21.256516
3768,647,REU.4.3_1,REU.4.3_1,0.0337054502198718,0.578980278239236,0.545274828019364,2025.09232194704,2025.12602739726,CHIKV_RUN_S10b92_2025,55.522252,-21.278985
5926,1775,REU.4.3_1,REU.4.3_1,0.00398437747867675,0.578980278239236,0.574995900760559,2025.12204301978,2025.12602739726,CHIKV_RUN_S10b91_2025,55.510985,-21.286508
5980,5981,REU.3.4_1,REU.3.4_1,0.0188708222288276,0.579002696723953,0.560131874495125,2025.10717899352,2025.12604981574,NA,NA,NA
4368,4369,REU.4.3_1,REU.4.3_1,0.00181301433601744,0.579032543321605,0.577219528985588,2025.12426664801,2025.12607966234,NA,NA,NA
3175,3176,REU.3.5_1,REU.3.5_1,0.0287795546694003,0.579084483243268,0.550304928573868,2025.0973520476,2025.12613160226,NA,NA,NA
5162,5163,REU.4.8_1,REU.4.3_1,0.0495498457307126,0.579130299247702,0.52958045351699,2025.07662757254,2025.12617741827,NA,NA,NA
6088,6094,REU.4.3_1,REU.4.3_1,0.00585589224256577,0.579139092098866,0.573283199856301,2025.12033031888,2025.12618621112,NA,NA,NA
4289,4290,REU.4.3_1,REU.4.3_1,0.023235694192972,0.579185026312138,0.555949332119166,2025.10299645114,2025.12623214533,NA,NA,NA
4972,4973,REU.3.1_1,REU.3.1_1,0.00729484969084515,0.579330250731038,0.572035401040193,2025.11908252006,2025.12637736975,NA,NA,NA
4116,4117,REU.4.3_1,REU.4.3_1,0.0206310838691123,0.579349987816969,0.558718903947857,2025.10576602297,2025.12639710684,NA,NA,NA
5194,5195,REU.2.3_1,REU.2.3_1,0.0106037907903692,0.579363061983623,0.568759271193254,2025.11580639021,2025.126410181,NA,NA,NA
3159,3193,REU.3.1_1,REU.4.8_1,0.261158482972156,0.579407899165924,0.318249416193768,2024.86529653521,2025.12645501819,NA,NA,NA
3787,3788,REU.4.8_1,REU.4.8_1,0.0154156384721454,0.57941739293671,0.564001754464565,2025.11104887349,2025.12646451196,NA,NA,NA
3175,3177,REU.3.5_1,REU.3.5_1,0.0291162882063938,0.579421216780261,0.550304928573868,2025.0973520476,2025.1264683358,NA,NA,NA
3595,3596,REU.4.8_1,REU.4.8_1,0.00483782420701706,0.579435538374512,0.574597714167495,2025.12164483319,2025.1264826574,NA,NA,NA
3927,3930,REU.4.4_1,REU.4.4_1,0.00482313231484888,0.579512783302473,0.574689650987624,2025.12173677001,2025.12655990232,NA,NA,NA
5362,5364,REU.3.4_1,REU.3.4_1,0.00883974437226298,0.579573005732058,0.570733261359795,2025.11778038038,2025.12662012475,NA,NA,NA
4984,4997,REU.2.3_1,REU.2.3_1,0.0851602614195502,0.57958102944619,0.49442076802664,2025.04146788705,2025.12662814847,NA,NA,NA
5663,5670,REU.3.1_1,REU.3.1_1,0.061223453204638,0.579586666818532,0.518363213613894,2025.06541033263,2025.12663378584,NA,NA,NA
5246,5247,REU.4.8_1,REU.4.8_1,0.0257260768936765,0.579618571950518,0.553892495056841,2025.10093961408,2025.12666569097,NA,NA,NA
5749,5750,REU.4.6_1,REU.4.6_1,0.0243657329348114,0.579653044044287,0.555287311109475,2025.10233443013,2025.12670016307,NA,NA,NA
6063,6064,REU.2.3_1,REU.2.3_1,0.00470718786505275,0.579664382833126,0.574957194968073,2025.12200431399,2025.12671150185,NA,NA,NA
4442,4443,REU.4.8_1,REU.4.8_1,0.000776641218441232,0.579726808478581,0.578950167260139,2025.12599728628,2025.1267739275,NA,NA,NA
3981,3988,REU.4.3_1,REU.4.3_1,0.0497076920331959,0.57973380518057,0.530026113147374,2025.07707323217,2025.1267809242,NA,NA,NA
4579,4580,REU.4.3_1,REU.4.3_1,0.0127414100211696,0.579741875859211,0.567000465838042,2025.11404758486,2025.12678899488,NA,NA,NA
5857,5866,REU.3.1_1,REU.3.1_1,0.0520320902859031,0.579744199256715,0.527712108970812,2025.07475922799,2025.12679131828,NA,NA,NA
3578,3579,REU.4.3_1,REU.4.3_1,0.0195520928974267,0.579910667422981,0.560358574525554,2025.10740569355,2025.12695778644,NA,NA,NA
4601,4602,REU.4.3_1,REU.4.3_1,0.00940336026755617,0.579984315162418,0.570580954894862,2025.11762807392,2025.12703143418,NA,NA,NA
4823,4824,REU.4.3_1,REU.4.5_1,0.0192820769337,0.580064516527852,0.560782439594152,2025.10782955862,2025.12711163555,NA,NA,NA
6088,6089,REU.4.3_1,REU.4.3_1,0.00679237625226081,0.580075576108561,0.573283199856301,2025.12033031888,2025.12712269513,NA,NA,NA
5471,5474,REU.3.1_1,REU.3.1_1,0.00794971423966939,0.580086074287477,0.572136360047807,2025.11918347907,2025.12713319331,NA,NA,NA
3284,3285,REU.4.3_1,REU.4.2_1,0.0787770670571232,0.580189351718003,0.50141228466088,2025.04845940368,2025.12723647074,NA,NA,NA
4290,4291,REU.4.3_1,REU.4.3_1,0.00107061862159574,0.580255644933733,0.579185026312138,2025.12623214533,2025.12730276395,NA,NA,NA
5480,5481,REU.3.1_1,REU.3.1_1,0.0538342273689377,0.580388802067844,0.526554574698906,2025.07360169372,2025.12743592109,NA,NA,NA
4129,4135,REU.4.3_1,REU.4.3_1,0.0537370284397028,0.580442583398278,0.526705554958575,2025.07375267398,2025.12748970242,NA,NA,NA
3442,3448,REU.2.3_1,REU.2.3_1,0.00484372818288825,0.580530430222189,0.575686702039301,2025.12273382106,2025.12757754924,NA,NA,NA
5518,5519,REU.4.1_1,REU.4.1_1,0.0321553272871455,0.580551149879156,0.54839582259201,2025.09544294161,2025.1275982689,NA,NA,NA
3922,3923,REU.4.8_1,REU.4.8_1,0.00263979210416521,0.580618682963856,0.577978890859691,2025.12502600988,2025.12766580198,NA,NA,NA
4132,4133,REU.4.3_1,REU.4.3_1,0.0306207061909394,0.580664780468836,0.550044074277896,2025.0970911933,2025.12771189949,NA,NA,NA
5103,5104,REU.4.6_1,REU.4.3_1,0.0692594428458128,0.580721091703238,0.511461648857425,2025.05850876788,2025.12776821072,NA,NA,NA
3136,3137,REU.3.1_1,REU.3.2_1,0.123351857875394,0.580833586935647,0.457481729060253,2025.00452884808,2025.12788070596,NA,NA,NA
3381,3382,REU.4.3_1,REU.4.3_1,0.0147535997765545,0.580852473691224,0.566098873914669,2025.11314599294,2025.12789959271,NA,NA,NA
4474,4475,REU.4.8_1,REU.4.4_1,0.0520452305177003,0.580872318149525,0.528827087631824,2025.07587420665,2025.12791943717,NA,NA,NA
3675,3678,REU.4.3_1,REU.4.3_1,0.0131094586400999,0.580875039211958,0.567765580571858,2025.11481269959,2025.12792215823,NA,NA,NA
3461,3462,REU.2.3_1,REU.2.3_1,0.0608135984453028,0.580896226184755,0.520082627739452,2025.06712974676,2025.12794334521,NA,NA,NA
4708,4714,REU.4.7_1,REU.4.7_1,0.0368616830064512,0.580925863419783,0.544064180413332,2025.09111129943,2025.12797298244,NA,NA,NA
4601,4603,REU.4.3_1,REU.4.3_1,0.0104128682201309,0.580993823114993,0.570580954894862,2025.11762807392,2025.12804094214,NA,NA,NA
5775,5776,REU.2.3_1,REU.2.3_1,0.0556979666109041,0.581007556310021,0.525309589699117,2025.07235670872,2025.12805467533,NA,NA,NA
5955,5960,REU.3.4_1,REU.3.4_1,0.0204250512317895,0.581130773443861,0.560705722212072,2025.10775284123,2025.12817789246,NA,NA,NA
4776,4777,REU.4.5_1,REU.4.8_1,0.0594677562822837,0.581188097596342,0.521720341314058,2025.06876746034,2025.12823521662,NA,NA,NA
3442,3443,REU.2.3_1,REU.2.3_1,0.00553975335271562,0.581226455392016,0.575686702039301,2025.12273382106,2025.12827357441,NA,NA,NA
4429,4430,REU.2.3_1,REU.2.3_1,0.010791165131387,0.581288941528285,0.570497776396898,2025.11754489542,2025.12833606055,NA,NA,NA
3371,3372,REU.4.3_1,REU.4.3_1,0.0270496844223198,0.581306653363008,0.554256968940688,2025.10130408796,2025.12835377238,NA,NA,NA
3382,3385,REU.4.3_1,REU.4.3_1,0.000508910812197283,0.581361384503421,0.580852473691224,2025.12789959271,2025.12840850352,NA,NA,NA
3579,3580,REU.4.3_1,REU.4.3_1,0.00145806506393753,0.581368732486919,0.579910667422981,2025.12695778644,2025.12841585151,NA,NA,NA
5276,5284,REU.4.5_1,REU.4.5_1,0.0521157636394882,0.581457644877648,0.52934188123816,2025.07638900026,2025.1285047639,NA,NA,NA
4130,4131,REU.4.3_1,REU.4.3_1,0.0530316704920667,0.581488643111371,0.528456972619305,2025.07550409164,2025.12853576213,NA,NA,NA
5832,5833,REU.4.8_1,REU.4.8_1,0.0228449808718219,0.581522327483617,0.558677346611796,2025.10572446563,2025.1285694465,NA,NA,NA
5986,5991,REU.4.6_1,REU.4.6_1,0.0648243467793739,0.581526429600209,0.516702082820835,2025.06374920184,2025.12857354862,NA,NA,NA
5172,5173,REU.3.1_1,REU.3.1_1,0.0162268444531716,0.581596591277902,0.565369746824731,2025.11241686585,2025.1286437103,NA,NA,NA
3260,3261,REU.4.3_1,REU.4.3_1,0.0105954906109955,0.581638234858955,0.57104274424796,2025.11808986327,2025.12868535388,NA,NA,NA
5410,5412,REU.4.5_1,REU.4.5_1,0.0233830769807744,0.581644756467157,0.558261679486383,2025.10530879851,2025.12869187549,NA,NA,NA
3211,3225,REU.4.3_1,REU.4.3_1,0.089921067504158,0.581660806458323,0.491739738954165,2025.03878685798,2025.12870792548,NA,NA,NA
5443,2623,REU.3.1_1,REU.3.1_1,0.126773231922554,0.581720004266593,0.454946772344039,2025.00199389137,2025.12876712329,CHIKV_RUN_S12b88_2025,55.361177,-21.257752
5766,1948,REU.4.8_1,REU.4.8_1,0.0809959113006108,0.581720004266593,0.500724092965982,2025.04777121199,2025.12876712329,CHIKV_RUN_S27b60_2025,55.524192,-21.324928
5047,2223,REU.3.1_1,REU.4.3_1,0.0635660516341306,0.581720004266593,0.518153952632462,2025.06520107165,2025.12876712329,CHIKV_RUN_S12b90_2025,55.517047,-21.27658
3238,1098,REU.4.3_1,REU.4.4_1,0.0500282688208611,0.581720004266593,0.531691735445732,2025.07873885447,2025.12876712329,CHIKV_RUN_S27b52_2025,55.560218,-21.369913
4717,187,REU.4.7_1,REU.4.7_1,0.038858656480851,0.581720004266593,0.542861347785742,2025.08990846681,2025.12876712329,CHIKV_RUN_S12b92_2025,55.726571,-21.370372
4552,316,REU.4.3_1,REU.4.3_1,0.0375030991756815,0.581720004266593,0.544216905090912,2025.09126402411,2025.12876712329,CHIKV_RUN_S10b90_2025,55.523672,-21.279622
5258,2093,REU.4.5_1,REU.4.5_1,0.0304471758759582,0.581720004266593,0.551272828390635,2025.09831994741,2025.12876712329,CHIKV_RUN_S27b56_2025,55.629504,-21.375479
4737,169,REU.4.5_1,REU.4.7_1,0.0298581084212691,0.581720004266593,0.551861895845324,2025.09890901487,2025.12876712329,CHIKV_RUN_S18b95_2025,55.770578,-21.362172
4700,1649,REU.4.8_1,REU.4.3_1,0.0279550811610582,0.581720004266593,0.553764923105535,2025.10081204213,2025.12876712329,CHIKV_RUN_S27b30_2025,55.520238,-21.268014
3249,1110,REU.4.3_1,REU.4.8_1,0.0278835119392651,0.581720004266593,0.553836492327328,2025.10088361135,2025.12876712329,CHIKV_RUN_S27b51_2025,55.489609,-21.331674
3660,823,REU.4.3_1,REU.4.3_1,0.027759115799214,0.581720004266593,0.553960888467379,2025.10100800749,2025.12876712329,CHIKV_RUN_S12b93_2025,55.50798,-21.283212
6226,3033,REU.4.3_1,REU.4.3_1,0.0255982853431432,0.581720004266593,0.55612171892345,2025.10316883794,2025.12876712329,CHIKV_RUN_S27b40_2025,55.527201,-21.262726
5411,2356,REU.4.5_1,REU.4.7_1,0.0138458318718276,0.581720004266593,0.567874172394766,2025.11492129142,2025.12876712329,CHIKV_RUN_S19b31_2025,55.763815,-21.361786
3620,787,REU.4.8_1,REU.4.8_1,0.00867932638426794,0.581720004266593,0.573040677882325,2025.1200877969,2025.12876712329,CHIKV_RUN_S19b24_2025,55.476016,-21.288311
4710,189,REU.4.7_1,REU.4.7_1,0.00488109207548326,0.581720004266593,0.57683891219111,2025.12388603121,2025.12876712329,CHIKV_RUN_S12b87_2025,55.720654,-21.370892
4602,1513,REU.4.3_1,REU.4.3_1,0.00173568910417488,0.581720004266593,0.579984315162418,2025.12703143418,2025.12876712329,CHIKV_RUN_S27b31_2025,55.518872,-21.275556
4291,434,REU.4.3_1,REU.4.3_1,0.00146435933285971,0.581720004266593,0.580255644933733,2025.12730276395,2025.12876712329,CHIKV_RUN_S27b29_2025,55.516227,-21.284258
4677,4678,REU.4.8_1,REU.4.8_1,0.0243754447596394,0.581730417230283,0.557354972470644,2025.10440209149,2025.12877753625,NA,NA,NA
4047,4048,REU.4.3_1,REU.4.3_1,0.0138700670893316,0.58176981502658,0.567899747937249,2025.11494686696,2025.12881693405,NA,NA,NA
3860,3861,REU.4.4_1,REU.4.4_1,0.0246780462269708,0.581805386636498,0.557127340409527,2025.10417445943,2025.12885250566,NA,NA,NA
3227,3228,REU.4.3_1,REU.4.3_1,0.0155292574736363,0.581836000075668,0.566306742602032,2025.11335386162,2025.1288831191,NA,NA,NA
3153,3158,REU.4.8_1,REU.4.8_1,0.0119344136039565,0.581916035565126,0.56998162196117,2025.11702874098,2025.12896315459,NA,NA,NA
4569,4572,REU.4.3_1,REU.4.3_1,0.0101035538279308,0.581980829989277,0.571877276161346,2025.11892439518,2025.12902794901,NA,NA,NA
5794,5795,REU.2.3_1,REU.2.3_1,0.0175450805118094,0.581983730806673,0.564438650294864,2025.11148576932,2025.12903084983,NA,NA,NA
5404,5405,REU.4.5_1,REU.4.5_1,0.0441940243308903,0.582022083888777,0.537828059557887,2025.08487517858,2025.12906920291,NA,NA,NA
4258,4259,REU.4.8_1,REU.4.8_1,0.0301286083193795,0.58206177111617,0.55193316279679,2025.09898028182,2025.12910889014,NA,NA,NA
4626,4627,REU.2.3_1,REU.2.3_1,0.0115191007981934,0.582129946819236,0.570610846021043,2025.11765796504,2025.12917706584,NA,NA,NA
5293,5294,REU.4.5_1,REU.4.5_1,0.0272822283580086,0.582208349060845,0.554926120702836,2025.10197323972,2025.12925546808,NA,NA,NA
4271,4272,REU.4.3_1,REU.4.3_1,0.026960201160364,0.582208785120195,0.555248583959831,2025.10229570298,2025.12925590414,NA,NA,NA
4273,4279,REU.4.3_1,REU.4.5_1,0.0462092844090983,0.582229850472647,0.536020566063549,2025.08306768508,2025.12927696949,NA,NA,NA
5637,5638,REU.4.6_1,REU.4.6_1,0.0264621314951314,0.582250146447409,0.555788014952277,2025.10283513397,2025.12929726547,NA,NA,NA
4710,4711,REU.4.7_1,REU.4.7_1,0.00545446344256284,0.582293375633673,0.57683891219111,2025.12388603121,2025.12934049465,NA,NA,NA
5698,5700,REU.4.3_1,REU.4.3_1,0.0256126848775535,0.582334697569827,0.556722012692274,2025.10376913171,2025.12938181659,NA,NA,NA
5688,5689,REU.3.1_1,REU.3.1_1,0.00592966616342783,0.582361725857368,0.57643205969394,2025.12347917871,2025.12940884488,NA,NA,NA
3681,3682,REU.4.3_1,REU.4.3_1,0.010464215713619,0.58242093979906,0.571956724085441,2025.11900384311,2025.12946805882,NA,NA,NA
3153,3154,REU.4.8_1,REU.4.3_1,0.0126216657279508,0.582603287689121,0.56998162196117,2025.11702874098,2025.12965040671,NA,NA,NA
5053,5054,REU.4.8_1,REU.4.8_1,0.00975333194703742,0.582669723032708,0.57291639108567,2025.11996351011,2025.12971684205,NA,NA,NA
3319,3320,REU.4.3_1,REU.3.5_1,0.0146565133282734,0.582718528978105,0.568062015649832,2025.11510913467,2025.129765648,NA,NA,NA
5118,5119,REU.4.3_1,REU.4.3_1,0.0286729001924142,0.582719160269699,0.554046260077285,2025.1010933791,2025.12976627929,NA,NA,NA
4148,4149,REU.4.3_1,REU.4.3_1,0.0552367023948598,0.582740222911722,0.527503520516863,2025.07455063954,2025.12978734193,NA,NA,NA
3923,3924,REU.4.8_1,REU.4.8_1,0.00217703812586345,0.58279572108972,0.580618682963856,2025.12766580198,2025.12984284011,NA,NA,NA
3173,3174,REU.3.5_1,REU.3.5_1,0.0395244015802195,0.58282143928063,0.54329703770041,2025.09034415672,2025.1298685583,NA,NA,NA
3392,3393,REU.4.3_1,REU.4.8_1,0.0283473693484509,0.582842525584924,0.554495156236473,2025.10154227526,2025.12988964461,NA,NA,NA
4531,4532,REU.4.3_1,REU.4.4_1,0.00576858890687904,0.58286531672151,0.577096727814632,2025.12414384684,2025.12991243574,NA,NA,NA
5991,5992,REU.4.6_1,REU.4.6_1,0.00142047967435788,0.582946909274567,0.581526429600209,2025.12857354862,2025.1299940283,NA,NA,NA
4630,4631,REU.4.3_1,REU.4.3_1,0.00940732945648781,0.582946932317609,0.573539602861121,2025.12058672188,2025.12999405134,NA,NA,NA
4071,4073,REU.4.8_1,REU.4.8_1,0.0132418305447259,0.58302965713165,0.569787826586924,2025.11683494561,2025.13007677615,NA,NA,NA
3462,3463,REU.2.3_1,REU.2.3_1,0.00215556405020534,0.583051790234961,0.580896226184755,2025.12794334521,2025.13009890926,NA,NA,NA
5489,5490,REU.4.8_1,REU.4.8_1,0.0387551624112171,0.583172102219542,0.544416939808325,2025.09146405883,2025.13021922124,NA,NA,NA
4365,4366,REU.2.3_1,REU.3.5_1,0.0282800793458305,0.583199799817766,0.554919720471936,2025.10196683949,2025.13024691884,NA,NA,NA
5314,5315,REU.4.5_1,REU.4.8_1,0.0221333234313332,0.583203003964366,0.561069680533032,2025.10811679955,2025.13025012299,NA,NA,NA
5332,5333,REU.4.3_1,REU.4.3_1,0.00862555842908796,0.583246232251261,0.574620673822174,2025.12166779284,2025.13029335127,NA,NA,NA
5351,5352,REU.3.4_1,REU.3.4_1,0.0851679944195626,0.58325070232913,0.498082707909567,2025.04512982693,2025.13029782135,NA,NA,NA
3244,3246,REU.4.3_1,REU.4.3_1,0.0156275276226689,0.583311983328293,0.567684455705624,2025.11473157473,2025.13035910235,NA,NA,NA
5875,5876,REU.4.8_1,REU.4.8_1,0.0131618397997468,0.583315134353914,0.570153294554167,2025.11720041358,2025.13036225337,NA,NA,NA
3962,3963,REU.4.3_1,REU.4.3_1,0.0396829899613992,0.583359616104495,0.543676626143096,2025.09072374516,2025.13040673513,NA,NA,NA
5225,5228,REU.4.5_1,REU.4.5_1,0.032786106680927,0.583361084500538,0.550574977819612,2025.09762209684,2025.13040820352,NA,NA,NA
4902,4903,REU.4.3_1,REU.4.3_1,0.0188914766665165,0.583463027884612,0.564571551218096,2025.11161867024,2025.13051014691,NA,NA,NA
5121,5122,REU.4.8_1,REU.4.8_1,0.0139544206538049,0.583621058889319,0.569666638235514,2025.11671375726,2025.13066817791,NA,NA,NA
5481,5482,REU.3.1_1,REU.3.1_1,0.00327686079750544,0.583665662865349,0.580388802067844,2025.12743592109,2025.13071278189,NA,NA,NA
6015,6017,REU.2.3_1,REU.2.3_1,0.00663902716566289,0.583705987739582,0.577066960573919,2025.1241140796,2025.13075310676,NA,NA,NA
5471,5472,REU.3.1_1,REU.3.1_1,0.0116787225143071,0.583815082562114,0.572136360047807,2025.11918347907,2025.13086220158,NA,NA,NA
3448,3455,REU.2.3_1,REU.2.3_1,0.00328781149451551,0.583818241716704,0.580530430222189,2025.12757754924,2025.13086536074,NA,NA,NA
4759,4760,REU.4.5_1,REU.4.5_1,0.0267932128108971,0.583818508653111,0.557025295842214,2025.10407241486,2025.13086562767,NA,NA,NA
3849,3850,REU.4.8_1,REU.4.8_1,0.0822994951392549,0.583834616003619,0.501535120864364,2025.04858223989,2025.13088173502,NA,NA,NA
5474,5475,REU.3.1_1,REU.3.1_1,0.00385351616753826,0.583939590455015,0.580086074287477,2025.12713319331,2025.13098670948,NA,NA,NA
3912,3925,REU.4.4_1,REU.4.4_1,0.0581715216294986,0.583956861668881,0.525785340039383,2025.07283245906,2025.13100398069,NA,NA,NA
5148,5149,REU.4.3_1,REU.2.3_1,0.0444931630850353,0.583999637838447,0.539506474753412,2025.08655359377,2025.13104675686,NA,NA,NA
6117,6121,REU.4.3_1,REU.4.3_1,0.0167974638213737,0.58404299460015,0.567245530778777,2025.1142926498,2025.13109011362,NA,NA,NA
6089,6091,REU.4.3_1,REU.4.8_1,0.00406971263367428,0.584145288742236,0.580075576108561,2025.12712269513,2025.13119240776,NA,NA,NA
5121,5123,REU.4.8_1,REU.4.8_1,0.0144962502499638,0.584162888485478,0.569666638235514,2025.11671375726,2025.13121000751,NA,NA,NA
3646,3656,REU.4.6_1,REU.4.8_1,0.0410740490470616,0.584163983930904,0.543089934883843,2025.0901370539,2025.13121110295,NA,NA,NA
4388,4389,REU.4.3_1,REU.4.3_1,0.00548681261342654,0.584197232376182,0.578710419762756,2025.12575753878,2025.1312443514,NA,NA,NA
5431,5432,REU.4.6_1,REU.4.6_1,0.0348782936645332,0.58420081766068,0.549322523996146,2025.09636964302,2025.13124793668,NA,NA,NA
5691,5692,REU.3.1_1,REU.3.1_1,0.0706518842187609,0.584291932072207,0.513640047853446,2025.06068716687,2025.13133905109,NA,NA,NA
4724,4725,REU.4.5_1,REU.4.5_1,0.0176002811206504,0.58437539253698,0.56677511141633,2025.11382223044,2025.13142251156,NA,NA,NA
4424,4425,REU.2.3_1,REU.2.3_1,0.0788870387677595,0.584415864450958,0.505528825683199,2025.0525759447,2025.13146298347,NA,NA,NA
5314,5316,REU.4.5_1,REU.4.5_1,0.0233804697836408,0.584450150316673,0.561069680533032,2025.10811679955,2025.13149726934,NA,NA,NA
5178,59,REU.3.1_1,REU.3.1_1,0.123155208788889,0.58445973029395,0.461304521505061,2025.00835164053,2025.13150684931,CHIKV_RUN_S22b89_2025,55.390383,-21.254236
3514,885,REU.4.3_1,REU.4.3_1,0.104664457492074,0.58445973029395,0.479795272801877,2025.02684239182,2025.13150684931,CHIKV_RUN_S17b80_2025,55.508633,-21.233712
5169,60,REU.3.1_1,REU.4.3_1,0.0932528341835933,0.58445973029395,0.491206896110357,2025.03825401513,2025.13150684931,CHIKV_RUN_S27b68_2025,55.507241,-21.265242
3772,848,REU.4.3_1,REU.4.3_1,0.0847701233761883,0.58445973029395,0.499689606917762,2025.04673672594,2025.13150684931,CHIKV_RUN_S19b28_2025,55.523739,-21.277885
3565,1315,REU.4.3_1,REU.4.3_1,0.0843700082959903,0.58445973029395,0.50008972199796,2025.04713684102,2025.13150684931,CHIKV_RUN_S19b18_2025,55.510181,-21.238015
4880,1368,REU.2.3_1,REU.2.4_1,0.0781838324039235,0.58445973029395,0.506275897890027,2025.05332301691,2025.13150684931,CHIKV_RUN_S27b63_2025,55.573728,-20.926079
5577,2723,REU.3.1_1,REU.3.1_1,0.074647560183244,0.58445973029395,0.509812170110706,2025.05685928913,2025.13150684931,CHIKV_RUN_S19b22_2025,55.334014,-21.273578
3818,690,REU.4.3_1,REU.4.1_1,0.0667976743816608,0.58445973029395,0.51766205591229,2025.06470917493,2025.13150684931,CHIKV_RUN_S18b56_2025,55.43411,-21.160454
6027,2881,REU.2.3_1,REU.2.3_1,0.0666217438074608,0.58445973029395,0.51783798648649,2025.06488510551,2025.13150684931,CHIKV_RUN_S27b69_2025,55.482739,-20.896065
3642,704,REU.4.3_1,REU.4.5_1,0.0549803956150519,0.58445973029395,0.529479334678899,2025.0765264537,2025.13150684931,CHIKV_RUN_S18b42_2025,55.602384,-21.346866
6148,1853,REU.3.1_1,REU.3.1_1,0.0539489326586946,0.58445973029395,0.530510797635256,2025.07755791666,2025.13150684931,CHIKV_RUN_S18b46_2025,55.358783,-21.260978
5924,1773,REU.4.3_1,REU.4.3_1,0.0466794434698594,0.58445973029395,0.537780286824091,2025.08482740585,2025.13150684931,CHIKV_RUN_S19b16_2025,55.510985,-21.286508
4951,2374,REU.4.6_1,REU.4.6_1,0.044519383426465,0.58445973029395,0.539940346867485,2025.08698746589,2025.13150684931,CHIKV_RUN_S18b34_2025,55.438314,-21.256521
5745,2339,REU.4.6_1,REU.4.6_1,0.0404961214146795,0.58445973029395,0.543963608879271,2025.0910107279,2025.13150684931,CHIKV_RUN_S19b15_2025,55.437328,-21.264116
3717,652,REU.4.3_1,REU.4.8_1,0.0388408049853953,0.58445973029395,0.545618925308555,2025.09266604433,2025.13150684931,CHIKV_RUN_S19b14_2025,55.472524,-21.29284
3259,1099,REU.4.3_1,REU.4.3_1,0.0370660482581615,0.58445973029395,0.547393682035789,2025.09444080106,2025.13150684931,CHIKV_RUN_S18b01_2025,55.537393,-21.258241
5624,2710,REU.4.8_1,REU.4.6_1,0.0322617571114763,0.58445973029395,0.552197973182474,2025.0992450922,2025.13150684931,CHIKV_RUN_S19b08_2025,55.446532,-21.261029
5948,2993,REU.3.4_1,REU.3.4_1,0.0302754578179953,0.58445973029395,0.554184272475955,2025.1012313915,2025.13150684931,CHIKV_RUN_S27b58_2025,55.304618,-21.171901
4271,457,REU.4.3_1,REU.4.3_1,0.0292111463341198,0.58445973029395,0.555248583959831,2025.10229570298,2025.13150684931,CHIKV_RUN_S12b91_2025,55.520611,-21.291756
3976,1559,REU.4.3_1,REU.4.3_1,0.0290822091345246,0.58445973029395,0.555377521159426,2025.10242464018,2025.13150684931,CHIKV_RUN_S19b07_2025,55.532609,-21.256728
4332,415,REU.2.3_1,REU.2.5_1,0.028414174172551,0.58445973029395,0.5560455561214,2025.10309267514,2025.13150684931,CHIKV_RUN_S13b08_2025,55.585197,-20.926529
5793,2826,REU.3.1_1,REU.4.8_1,0.0279436460975346,0.58445973029395,0.556516084196416,2025.10356320322,2025.13150684931,CHIKV_RUN_S19b13_2025,55.457515,-21.294591
5759,2750,REU.4.8_1,REU.4.3_1,0.0264055126856222,0.58445973029395,0.558054217608328,2025.10510133663,2025.13150684931,CHIKV_RUN_S12b83_2025,55.500873,-21.261366
3210,1656,REU.4.3_1,REU.4.3_1,0.0242714607700656,0.58445973029395,0.560188269523885,2025.10723538854,2025.13150684931,CHIKV_RUN_S18b37_2025,55.527058,-21.255759
3477,951,REU.3.5_1,REU.3.5_1,0.0226414926782189,0.58445973029395,0.561818237615732,2025.10886535664,2025.13150684931,CHIKV_RUN_S12b94_2025,55.268916,-21.086747
3535,282,REU.4.8_1,REU.4.8_1,0.0212876673484184,0.58445973029395,0.563172062945532,2025.11021918197,2025.13150684931,CHIKV_RUN_S18b35_2025,55.480704,-21.331683
5534,2519,REU.4.1_1,REU.4.1_1,0.0198793048745332,0.58445973029395,0.564580425419417,2025.11162754444,2025.13150684931,CHIKV_RUN_S18b36_2025,55.474892,-21.170353
6197,1892,REU.3.5_1,REU.3.5_1,0.0162341350897577,0.58445973029395,0.568225595204193,2025.11527271423,2025.13150684931,CHIKV_RUN_S13b01_2025,55.270916,-21.010062
3791,648,REU.4.3_1,REU.4.8_1,0.0151290081212849,0.58445973029395,0.569330722172666,2025.11637784119,2025.13150684931,CHIKV_RUN_S18b55_2025,55.47102,-21.294212
3595,1761,REU.4.8_1,REU.4.8_1,0.00986201612645554,0.58445973029395,0.574597714167495,2025.12164483319,2025.13150684931,CHIKV_RUN_S19b09_2025,55.493337,-21.303477
3354,1758,REU.4.3_1,REU.4.3_1,0.00797190379967372,0.58445973029395,0.576487826494277,2025.12353494552,2025.13150684931,CHIKV_RUN_S18b39_2025,55.532526,-21.258023
4176,281,REU.4.4_1,REU.4.4_1,0.00746935362698065,0.58445973029395,0.57699037666697,2025.12403749569,2025.13150684931,CHIKV_RUN_S27b42_2025,55.559982,-21.342492
6005,2874,REU.2.4_1,REU.2.4_1,0.0070382840541704,0.58445973029395,0.57742144623978,2025.12446856526,2025.13150684931,CHIKV_RUN_S27b61_2025,55.523953,-20.945377
4240,499,REU.4.3_1,REU.4.6_1,0.00560765013796205,0.58445973029395,0.578852080155988,2025.12589919918,2025.13150684931,CHIKV_RUN_S23b06_2025,55.418708,-21.287578
5776,2547,REU.2.3_1,REU.1.3_1,0.00345217398392905,0.58445973029395,0.581007556310021,2025.12805467533,2025.13150684931,CHIKV_RUN_S13b64_2025,55.652414,-20.956324
4678,1392,REU.4.8_1,REU.4.8_1,0.0027293130636673,0.584459730293951,0.581730417230283,2025.12877753625,2025.13150684931,CHIKV_RUN_S18b47_2025,55.467126,-21.283099
3158,2157,REU.4.8_1,REU.4.1_1,0.0025436947288241,0.58445973029395,0.581916035565126,2025.12896315459,2025.13150684931,CHIKV_RUN_S19b34_2025,55.479226,-21.168233
5689,2368,REU.3.1_1,REU.3.1_1,0.00209800443658281,0.58445973029395,0.582361725857368,2025.12940884488,2025.13150684931,CHIKV_RUN_S18b43_2025,55.367307,-21.252013
3682,665,REU.4.3_1,REU.4.3_1,0.00203879049489064,0.58445973029395,0.58242093979906,2025.12946805882,2025.13150684931,CHIKV_RUN_S18b45_2025,55.521244,-21.281981
4532,1059,REU.4.4_1,REU.4.4_1,0.00159441357243995,0.58445973029395,0.58286531672151,2025.12991243574,2025.13150684931,CHIKV_RUN_S27b44_2025,55.573686,-21.352245
5472,2644,REU.3.1_1,REU.3.1_1,0.000644647731836145,0.58445973029395,0.583815082562114,2025.13086220158,2025.13150684931,CHIKV_RUN_S19b10_2025,55.359519,-21.24756
5475,2648,REU.3.1_1,REU.3.1_1,0.000520139838935618,0.58445973029395,0.583939590455015,2025.13098670948,2025.13150684931,CHIKV_RUN_S18b50_2025,55.359469,-21.243756
6091,2837,REU.4.8_1,REU.3.2_1,0.000314441551714895,0.584459730293951,0.584145288742236,2025.13119240776,2025.13150684931,CHIKV_RUN_S19b20_2025,55.340367,-21.242575
3558,3562,REU.4.3_1,REU.4.8_1,0.105045995094926,0.584560640331058,0.479514645236133,2025.02656176426,2025.13160775935,NA,NA,NA
5474,5476,REU.3.1_1,REU.3.1_1,0.0045070721801187,0.584593146467595,0.580086074287477,2025.12713319331,2025.13164026549,NA,NA,NA
4506,4507,REU.4.3_1,REU.4.8_1,0.0299215085276066,0.584619839731061,0.554698331203455,2025.10174545022,2025.13166695875,NA,NA,NA
3701,3702,REU.4.3_1,REU.4.3_1,0.0112509876369414,0.584708855210908,0.573457867573966,2025.1205049866,2025.13175597423,NA,NA,NA
4882,4883,REU.2.3_1,REU.2.4_1,0.0632222715558343,0.584749963947065,0.52152769239123,2025.06857481141,2025.13179708297,NA,NA,NA
5803,5804,REU.3.1_1,REU.3.1_1,0.020020843227165,0.58482005463063,0.564799211403465,2025.11184633042,2025.13186717365,NA,NA,NA
3530,3531,REU.4.8_1,REU.4.8_1,0.039191131555369,0.584826962083433,0.545635830528064,2025.09268294955,2025.1318740811,NA,NA,NA
5631,5632,REU.2.3_1,REU.2.3_1,0.0271403492051139,0.584888562819568,0.557748213614454,2025.10479533264,2025.13193568184,NA,NA,NA
3869,3871,REU.4.4_1,REU.4.4_1,0.0309553781857888,0.584947718086298,0.55399233990051,2025.10103945892,2025.13199483711,NA,NA,NA
4993,4996,REU.2.3_1,REU.2.5_1,0.00760598629812614,0.585030482547394,0.577424496249268,2025.12447161527,2025.13207760157,NA,NA,NA
3154,3155,REU.4.3_1,REU.4.3_1,0.00245054877290773,0.585053836462028,0.582603287689121,2025.12965040671,2025.13210095548,NA,NA,NA
3372,3373,REU.4.3_1,REU.4.3_1,0.00381377574080544,0.585120429103813,0.581306653363008,2025.12835377238,2025.13216754812,NA,NA,NA
4048,4054,REU.4.3_1,REU.4.3_1,0.00345438562277334,0.585224200649354,0.58176981502658,2025.12881693405,2025.13227131967,NA,NA,NA
5287,5288,REU.4.5_1,REU.4.5_1,0.0175405233180539,0.585284663037778,0.567744139719724,2025.11479125874,2025.13233178206,NA,NA,NA
4646,4647,REU.4.3_1,REU.4.3_1,0.0845220671085519,0.585337076821825,0.500815009713273,2025.04786212873,2025.13238419584,NA,NA,NA
4796,4797,REU.4.8_1,REU.4.8_1,0.0234001844450838,0.585361004948268,0.561960820503184,2025.10900793952,2025.13240812397,NA,NA,NA
4716,4719,REU.4.7_1,REU.4.7_1,0.0434450883347077,0.585400006822469,0.541954918487761,2025.08900203751,2025.13244712584,NA,NA,NA
5378,5379,REU.4.8_1,REU.4.8_1,0.0285823803912209,0.585406182758654,0.556823802367433,2025.10387092139,2025.13245330178,NA,NA,NA
4834,4835,REU.4.3_1,REU.4.3_1,0.121058946410021,0.585437897124056,0.464378950714035,2025.01142606974,2025.13248501614,NA,NA,NA
4258,4265,REU.4.8_1,REU.4.8_1,0.0335870410941832,0.585520203890973,0.55193316279679,2025.09898028182,2025.13256732291,NA,NA,NA
5041,5042,REU.3.1_1,REU.3.1_1,0.016513908338471,0.585541683940678,0.569027775602207,2025.11607489462,2025.13258880296,NA,NA,NA
5246,5253,REU.4.8_1,REU.4.8_1,0.0317010409637354,0.585593536020577,0.553892495056841,2025.10093961408,2025.13264065504,NA,NA,NA
4259,4260,REU.4.8_1,REU.4.8_1,0.00356390046230359,0.585625671578473,0.58206177111617,2025.12910889014,2025.1326727906,NA,NA,NA
4225,4226,REU.4.3_1,REU.4.8_1,0.0235850653906994,0.585628440878939,0.562043375488239,2025.10909049451,2025.1326755599,NA,NA,NA
4475,4476,REU.4.4_1,REU.4.4_1,0.00478420060271834,0.585656518752243,0.580872318149525,2025.12791943717,2025.13270363777,NA,NA,NA
4572,4573,REU.4.3_1,REU.4.3_1,0.00368607623968331,0.58566690622896,0.581980829989277,2025.12902794901,2025.13271402525,NA,NA,NA
4583,4585,REU.4.8_1,REU.4.8_1,0.0517831716136381,0.585706996697336,0.533923825083698,2025.0809709441,2025.13275411572,NA,NA,NA
5726,5727,REU.4.8_1,REU.4.8_1,0.0680577818340471,0.585737421028146,0.517679639194099,2025.06472675822,2025.13278454005,NA,NA,NA
4724,4727,REU.4.5_1,REU.4.5_1,0.0190030927699778,0.585778204186307,0.56677511141633,2025.11382223044,2025.13282532321,NA,NA,NA
5866,5867,REU.3.1_1,REU.3.1_1,0.00607255918037042,0.585816758437086,0.579744199256715,2025.12679131828,2025.13286387746,NA,NA,NA
5294,5295,REU.4.5_1,REU.4.5_1,0.00366013520377073,0.585868484264615,0.582208349060845,2025.12925546808,2025.13291560329,NA,NA,NA
4932,4933,REU.4.8_1,REU.4.8_1,0.0192991041554924,0.585886955845182,0.56658785168969,2025.11363497071,2025.13293407487,NA,NA,NA
4922,4923,REU.3.1_1,REU.3.1_1,0.108961501829423,0.585890410399402,0.47692890856998,2025.02397602759,2025.13293752942,NA,NA,NA
5420,5421,REU.4.8_1,REU.4.8_1,0.0548359817654066,0.585902566194509,0.531066584429103,2025.07811370345,2025.13294968522,NA,NA,NA
3834,3835,REU.4.3_1,REU.4.3_1,0.015577083144161,0.58590778959493,0.570330706450769,2025.11737782547,2025.13295490862,NA,NA,NA
4609,4610,REU.4.3_1,REU.3.1_1,0.118958619473788,0.585956333004878,0.46699771353109,2025.01404483255,2025.13300345203,NA,NA,NA
4923,4924,REU.3.1_1,REU.3.1_1,8.14534167412617e-05,0.585971863816144,0.585890410399402,2025.13293752942,2025.13301898284,NA,NA,NA
3501,3502,REU.3.1_1,REU.3.1_1,0.0322578913143146,0.585988207375001,0.553730316060687,2025.10077743508,2025.1330353264,NA,NA,NA
3360,3361,REU.4.3_1,REU.4.3_1,0.0281958642395808,0.586115981887687,0.557920117648106,2025.10496723667,2025.13316310091,NA,NA,NA
5195,5196,REU.2.3_1,REU.2.3_1,0.0067536308739855,0.586116692857609,0.579363061983623,2025.126410181,2025.13316381188,NA,NA,NA
6068,6070,REU.2.3_1,REU.2.3_1,0.0370373132791677,0.586127522866801,0.549090209587633,2025.09613732861,2025.13317464189,NA,NA,NA
4849,4857,REU.2.3_1,REU.2.3_1,0.00777407734503455,0.58615816648571,0.578384089140676,2025.12543120816,2025.13320528551,NA,NA,NA
5481,5484,REU.3.1_1,REU.3.1_1,0.00577155280753672,0.58616035487538,0.580388802067844,2025.12743592109,2025.1332074739,NA,NA,NA
5034,5035,REU.4.6_1,REU.4.6_1,0.0178180992459959,0.586161186382821,0.568343087136825,2025.11539020616,2025.1332083054,NA,NA,NA
5323,5328,REU.3.4_1,REU.3.4_1,0.014829128475038,0.586189082826871,0.571359954351833,2025.11840707337,2025.13323620185,NA,NA,NA
4193,4194,REU.4.3_1,REU.2.3_1,0.113186352937478,0.586201940679694,0.473015587742215,2025.02006270676,2025.1332490597,NA,NA,NA
3304,3305,REU.4.3_1,REU.4.3_1,0.018059966507786,0.586315992636396,0.56825602612861,2025.11530314515,2025.13336311166,NA,NA,NA
3304,3307,REU.4.3_1,REU.4.3_1,0.0181771194629539,0.586433145591564,0.56825602612861,2025.11530314515,2025.13348026461,NA,NA,NA
3953,3954,REU.4.3_1,REU.4.3_1,0.0340426448065645,0.586515211848539,0.552472567041975,2025.09951968606,2025.13356233087,NA,NA,NA
3643,3644,REU.4.3_1,REU.4.3_1,0.0471996315911163,0.586521706691938,0.539322075100822,2025.08636919412,2025.13356882571,NA,NA,NA
5016,5017,REU.3.1_1,REU.4.6_1,0.0101802357125241,0.586670361937014,0.57649012622449,2025.12353724525,2025.13371748096,NA,NA,NA
4047,4059,REU.4.3_1,REU.4.3_1,0.0188636516785429,0.586763399615792,0.567899747937249,2025.11494686696,2025.13381051864,NA,NA,NA
5372,5373,REU.3.4_1,REU.3.4_1,0.0099781725768715,0.58676882747975,0.576790654902878,2025.12383777392,2025.1338159465,NA,NA,NA
4903,4905,REU.4.3_1,REU.4.3_1,0.00336604966490817,0.58682907754952,0.583463027884612,2025.13051014691,2025.13387619657,NA,NA,NA
3786,3789,REU.4.8_1,REU.4.3_1,0.0255881411742396,0.586831697221011,0.561243556046772,2025.10829067507,2025.13387881624,NA,NA,NA
5641,5642,REU.4.6_1,REU.4.6_1,0.0453236656458585,0.587018050752742,0.541694385106884,2025.08874150413,2025.13406516977,NA,NA,NA
4091,4092,REU.2.1_1,REU.2.1_1,0.030940601188729,0.587027736986668,0.556087135797939,2025.10313425482,2025.13407485601,NA,NA,NA
6070,6071,REU.2.3_1,REU.2.3_1,0.00098456852770934,0.58711209139451,0.586127522866801,2025.13317464189,2025.13415921042,NA,NA,NA
5490,5491,REU.4.8_1,REU.4.8_1,0.00395302632749428,0.587125128547036,0.583172102219542,2025.13021922124,2025.13417224757,NA,NA,NA
4310,4311,REU.2.3_1,REU.2.3_1,0.0320920262192496,0.58715365682538,0.555061630606131,2025.10210874963,2025.13420077585,NA,NA,NA
5047,2625,REU.3.1_1,REU.3.4_1,0.0690455036890728,0.587199456321535,0.518153952632462,2025.06520107165,2025.13424657534,CHIKV_RUN_S19b36_2025,55.30434,-21.171184
4575,292,REU.4.3_1,REU.4.3_1,0.0635297583149013,0.587199456321535,0.523669698006634,2025.07071681703,2025.13424657534,CHIKV_RUN_S13b13_2025,55.512674,-21.268748
3888,1272,REU.4.8_1,REU.2.3_1,0.0630877590541291,0.587199456321535,0.524111697267406,2025.07115881629,2025.13424657534,CHIKV_RUN_S27b55_2025,55.506388,-20.923243
4614,1507,REU.4.3_1,REU.4.3_1,0.0615324851695287,0.587199456321535,0.525666971152007,2025.07271409017,2025.13424657534,CHIKV_RUN_S19b06_2025,55.51281,-21.269356
5420,2481,REU.4.8_1,REU.3.3_1,0.0561328718924324,0.587199456321535,0.531066584429103,2025.07811370345,2025.13424657534,CHIKV_RUN_S19b19_2025,55.293694,-21.099441
3640,822,REU.4.3_1,REU.2.4_1,0.0549119264131399,0.587199456321535,0.532287529908395,2025.07933464893,2025.13424657534,CHIKV_RUN_S19b32_2025,55.526424,-20.916915
4115,106,REU.4.3_1,REU.4.3_1,0.0501298731076925,0.587199456321535,0.537069583213843,2025.08411670223,2025.13424657534,CHIKV_RUN_S18b63_2025,55.520954,-21.25887
4038,1739,REU.4.3_1,REU.4.3_1,0.038141530666266,0.587199456321535,0.549057925655269,2025.09610504468,2025.13424657534,CHIKV_RUN_S23b47_2025,55.511287,-21.237062
5979,2963,REU.3.4_1,REU.3.4_1,0.0375092921527779,0.587199456321535,0.549690164168757,2025.09673728319,2025.13424657534,CHIKV_RUN_S19b37_2025,55.304716,-21.165275
3661,805,REU.4.3_1,REU.4.8_1,0.0328415251724308,0.587199456321535,0.554357931149104,2025.10140505017,2025.13424657534,CHIKV_RUN_S23b55_2025,55.476564,-21.287283
4624,1505,REU.4.3_1,REU.3.2_1,0.0321333795977348,0.587199456321535,0.5550660767238,2025.10211319574,2025.13424657534,CHIKV_RUN_S19b39_2025,55.34103,-21.228618
3820,778,REU.4.3_1,REU.4.3_1,0.031631813774003,0.587199456321535,0.555567642547532,2025.10261476157,2025.13424657534,CHIKV_RUN_S23b50_2025,55.50159,-21.262261
3806,859,REU.4.8_1,REU.4.8_1,0.03087680492305,0.587199456321535,0.556322651398485,2025.10336977042,2025.13424657534,CHIKV_RUN_S19b21_2025,55.475929,-21.289003
4677,1393,REU.4.8_1,REU.4.8_1,0.0298444838508913,0.587199456321535,0.557354972470644,2025.10440209149,2025.13424657534,CHIKV_RUN_S23b51_2025,55.469038,-21.284028
5669,2590,REU.3.1_1,REU.3.3_1,0.0291430344369014,0.587199456321535,0.558056421884634,2025.10510354091,2025.13424657534,CHIKV_RUN_S18b38_2025,55.307354,-21.115926
3210,1659,REU.4.3_1,REU.4.3_1,0.0270111867976504,0.587199456321535,0.560188269523885,2025.10723538854,2025.13424657534,CHIKV_RUN_S23b46_2025,55.526932,-21.256132
5266,2045,REU.4.8_1,REU.3.1_1,0.0254447149020474,0.587199456321535,0.561754741419488,2025.10880186044,2025.13424657534,CHIKV_RUN_S23b49_2025,55.359209,-21.247912
5430,2674,REU.4.6_1,REU.4.6_1,0.024331473948914,0.587199456321535,0.562867982372621,2025.10991510139,2025.13424657534,CHIKV_RUN_S18b33_2025,55.444541,-21.25901
3943,1274,REU.4.8_1,REU.2.3_1,0.0238327121923453,0.587199456321535,0.56336674412919,2025.11041386315,2025.13424657534,CHIKV_RUN_S23b15_2025,55.458141,-20.895445
4606,1509,REU.4.3_1,REU.4.3_1,0.0215306023181394,0.587199456321535,0.565668854003396,2025.11271597302,2025.13424657534,CHIKV_RUN_S17b81_2025,55.521425,-21.286557
3716,698,REU.4.3_1,REU.4.3_1,0.0213778942140453,0.587199456321535,0.56582156210749,2025.11286868113,2025.13424657534,CHIKV_RUN_S19b26_2025,55.52638,-21.268283
3394,1687,REU.4.8_1,REU.4.8_1,0.020896576455824,0.587199456321535,0.566302879865711,2025.11334999889,2025.13424657534,CHIKV_RUN_S23b52_2025,55.482481,-21.305879
4941,3104,REU.3.1_1,REU.3.4_1,0.02004761904837,0.587199456321535,0.567151837273165,2025.11419895629,2025.13424657534,CHIKV_RUN_S13b04_2025,55.337103,-21.199327
4556,1604,REU.4.3_1,REU.4.3_1,0.0198783770964209,0.587199456321535,0.567321079225114,2025.11436819825,2025.13424657534,CHIKV_RUN_S18b64_2025,55.522895,-21.284184
5525,2516,REU.4.1_1,REU.4.4_1,0.017156006623174,0.587199456321535,0.570043449698361,2025.11709056872,2025.13424657534,CHIKV_RUN_S19b29_2025,55.560748,-21.34266
5875,2216,REU.4.8_1,REU.2.4_1,0.0170461617673681,0.587199456321535,0.570153294554167,2025.11720041358,2025.13424657534,CHIKV_RUN_S19b30_2025,55.512272,-20.915952
5564,1867,REU.3.1_1,REU.2.3_1,0.014536242519035,0.587199456321535,0.5726632138025,2025.11971033282,2025.13424657534,CHIKV_RUN_S27b73_2025,55.458259,-20.896785
3620,797,REU.4.8_1,REU.4.8_1,0.0141587784392101,0.587199456321535,0.573040677882325,2025.1200877969,2025.13424657534,CHIKV_RUN_S23b43_2025,55.476218,-21.288093
5576,3050,REU.3.4_1,REU.4.6_1,0.00866535937590474,0.587199456321535,0.57853409694563,2025.12558121597,2025.13424657534,CHIKV_RUN_S13b11_2025,55.435536,-21.257653
5195,26,REU.2.3_1,REU.4.8_1,0.00783639433791183,0.587199456321535,0.579363061983623,2025.126410181,2025.13424657534,CHIKV_RUN_S23b36_2025,55.50449,-21.295056
5670,2614,REU.3.1_1,REU.3.1_1,0.00761278950300304,0.587199456321535,0.579586666818532,2025.12663378584,2025.13424657534,CHIKV_RUN_S19b38_2025,55.377324,-21.264243
6064,2905,REU.2.3_1,REU.2.4_1,0.00753507348840954,0.587199456321535,0.579664382833126,2025.12671150185,2025.13424657534,CHIKV_RUN_S13b03_2025,55.523873,-20.949386
4580,2265,REU.4.3_1,REU.4.8_1,0.00745758046232381,0.587199456321535,0.579741875859211,2025.12678899488,2025.13424657534,CHIKV_RUN_S13b06_2025,55.490219,-21.272538
5519,2521,REU.4.1_1,REU.4.1_1,0.00664830644237924,0.587199456321535,0.580551149879156,2025.1275982689,2025.13424657534,CHIKV_RUN_S23b44_2025,55.4794,-21.16923
3923,1268,REU.4.8_1,REU.4.8_1,0.00658077335767893,0.587199456321535,0.580618682963856,2025.12766580198,2025.13424657534,CHIKV_RUN_S18b44_2025,55.514915,-21.355031
5991,2999,REU.4.6_1,REU.4.6_1,0.00567302672132597,0.587199456321535,0.581526429600209,2025.12857354862,2025.13424657534,CHIKV_RUN_S19b17_2025,55.417009,-21.287892
5173,51,REU.3.1_1,REU.3.1_1,0.00560286504363294,0.587199456321535,0.581596591277902,2025.1286437103,2025.13424657534,CHIKV_RUN_S27b32_2025,55.337372,-21.27396
5173,50,REU.3.1_1,REU.3.1_1,0.00560286504363294,0.587199456321535,0.581596591277902,2025.1286437103,2025.13424657534,CHIKV_RUN_S13b09_2025,55.336864,-21.267742
3158,3084,REU.4.8_1,REU.4.3_1,0.00528342075640886,0.587199456321535,0.581916035565126,2025.12896315459,2025.13424657534,CHIKV_RUN_S19b23_2025,55.542561,-21.235936
5638,1808,REU.4.6_1,REU.4.6_1,0.00494930987412645,0.587199456321535,0.582250146447409,2025.12929726547,2025.13424657534,CHIKV_RUN_S17b78_2025,55.439832,-21.265983
4476,1228,REU.4.4_1,REU.4.4_1,0.00154293756929236,0.587199456321535,0.585656518752243,2025.13270363777,2025.13424657534,CHIKV_RUN_S19b35_2025,55.558329,-21.342406
3502,962,REU.3.1_1,REU.3.1_1,0.00121124894653413,0.587199456321535,0.585988207375001,2025.1330353264,2025.13424657534,CHIKV_RUN_S22b88_2025,55.374111,-21.256982
5642,2141,REU.4.6_1,REU.4.6_1,0.000181405568792981,0.587199456321535,0.587018050752742,2025.13406516977,2025.13424657534,CHIKV_RUN_S19b11_2025,55.429417,-21.243485
4777,4778,REU.4.8_1,REU.4.8_1,0.00607397864305903,0.587262076239401,0.581188097596342,2025.12823521662,2025.13430919526,NA,NA,NA
4900,4901,REU.4.3_1,REU.4.8_1,0.0333270068205095,0.587263537497778,0.553936530677269,2025.1009836497,2025.13431065652,NA,NA,NA
4064,4065,REU.4.3_1,REU.4.3_1,0.0122971024760756,0.587300677477179,0.575003575001104,2025.12205069402,2025.1343477965,NA,NA,NA
4990,4991,REU.2.3_1,REU.2.3_1,0.00904307012728545,0.587314293758074,0.578271223630788,2025.12531834265,2025.13436141278,NA,NA,NA
5850,5851,REU.4.6_1,REU.4.8_1,0.0524101023060941,0.587332945898297,0.534922843592203,2025.08196996261,2025.13438006492,NA,NA,NA
3213,3217,REU.4.3_1,REU.4.3_1,0.0190078931403974,0.587423872513978,0.568415979373581,2025.11546309839,2025.13447099153,NA,NA,NA
3394,3395,REU.4.8_1,REU.4.8_1,0.0211262800943581,0.587429159960069,0.566302879865711,2025.11334999889,2025.13447627898,NA,NA,NA
3443,3444,REU.2.3_1,REU.2.3_1,0.00627269411240094,0.587499149504417,0.581226455392016,2025.12827357441,2025.13454626853,NA,NA,NA
3915,3916,REU.4.4_1,REU.4.4_1,0.0228451505507685,0.58759211405195,0.564746963501181,2025.11179408252,2025.13463923307,NA,NA,NA
5859,5860,REU.3.1_1,REU.3.1_1,0.0442817160765421,0.587707392379538,0.543425676302996,2025.09047279532,2025.1347545114,NA,NA,NA
3239,3241,REU.4.3_1,REU.4.3_1,0.04474068151134,0.587733221634226,0.542992540122886,2025.09003965914,2025.13478034066,NA,NA,NA
3288,3289,REU.4.8_1,REU.4.3_1,0.0385771620367032,0.587880556218879,0.549303394182175,2025.0963505132,2025.13492767524,NA,NA,NA
3501,3504,REU.3.1_1,REU.2.3_1,0.0341681329810534,0.58789844904174,0.553730316060687,2025.10077743508,2025.13494556806,NA,NA,NA
4809,4812,REU.4.8_1,REU.4.8_1,0.0198278151254925,0.587915013414165,0.568087198288673,2025.11513431731,2025.13496213244,NA,NA,NA
6006,6007,REU.2.3_1,REU.2.3_1,0.0184897640848957,0.587924346491476,0.569434582406581,2025.11648170143,2025.13497146551,NA,NA,NA
5954,5962,REU.3.4_1,REU.3.4_1,0.0628014321454087,0.588024936489555,0.525223504344147,2025.07227062337,2025.13507205551,NA,NA,NA
4812,4815,REU.4.8_1,REU.4.8_1,0.000225949410686321,0.588140962824851,0.587915013414165,2025.13496213244,2025.13518808185,NA,NA,NA
4348,4349,REU.4.3_1,REU.4.3_1,0.0139945672231265,0.588169574109808,0.574175006886682,2025.12122212591,2025.13521669313,NA,NA,NA
4274,4276,REU.4.3_1,REU.4.3_1,0.0133867429917331,0.588251692454938,0.574864949463205,2025.12191206848,2025.13529881148,NA,NA,NA
4242,4243,REU.4.3_1,REU.4.3_1,0.0898962833958402,0.588255969081412,0.498359685685572,2025.04540680471,2025.1353030881,NA,NA,NA
4092,4093,REU.2.1_1,REU.2.1_1,0.00125284967825912,0.588280586664927,0.587027736986668,2025.13407485601,2025.13532770569,NA,NA,NA
5438,5439,REU.4.8_1,REU.2.3_1,0.0494119720397085,0.588293149461401,0.538881177421693,2025.08592829644,2025.13534026848,NA,NA,NA
4647,4648,REU.4.3_1,REU.4.3_1,0.00310345072288376,0.588440527544709,0.585337076821825,2025.13238419584,2025.13548764657,NA,NA,NA
5006,5008,REU.4.8_1,REU.4.8_1,0.0430074648745163,0.588451452136445,0.545443987261929,2025.09249110628,2025.13549857116,NA,NA,NA
5519,5520,REU.4.1_1,REU.4.1_1,0.00793073068626127,0.588481880565417,0.580551149879156,2025.1275982689,2025.13552899959,NA,NA,NA
4606,4607,REU.4.3_1,REU.4.3_1,0.0228395269898006,0.588508380993196,0.565668854003396,2025.11271597302,2025.13555550001,NA,NA,NA
3622,3623,REU.4.8_1,REU.4.8_1,0.0418050909790887,0.588536856220994,0.546731765241905,2025.09377888426,2025.13558397524,NA,NA,NA
6051,6052,REU.2.3_1,REU.2.3_1,0.0111447462487898,0.588609955078523,0.577465208829733,2025.12451232785,2025.1356570741,NA,NA,NA
3877,3878,REU.4.4_1,REU.4.4_1,0.086958165805606,0.588674254674012,0.501716088868406,2025.04876320789,2025.1357213737,NA,NA,NA
4374,4375,REU.4.3_1,REU.4.3_1,0.0372122744296749,0.588691550647677,0.551479276218002,2025.09852639524,2025.13573866967,NA,NA,NA
5911,5912,REU.4.3_1,REU.4.3_1,0.0195939554892539,0.588749499270554,0.5691555437813,2025.1162026628,2025.13579661829,NA,NA,NA
4251,4254,REU.4.8_1,REU.2.3_1,0.0128489891520464,0.588891228610276,0.57604223945823,2025.12308935848,2025.13593834763,NA,NA,NA
3824,3828,REU.4.3_1,REU.4.8_1,0.0559109299347526,0.589043682917745,0.533132752982993,2025.080179872,2025.13609080194,NA,NA,NA
4071,4072,REU.4.8_1,REU.4.8_1,0.0192815288031778,0.589069355390101,0.569787826586924,2025.11683494561,2025.13611647441,NA,NA,NA
3743,3744,REU.4.3_1,REU.4.3_1,0.0410234990881999,0.589071446844081,0.548047947755882,2025.09509506678,2025.13611856587,NA,NA,NA
6013,6014,REU.2.3_1,REU.2.3_1,0.0141719602044151,0.589159994703196,0.574988034498781,2025.12203515352,2025.13620711372,NA,NA,NA
3751,3752,REU.4.3_1,REU.4.3_1,0.018511045718496,0.589171236950571,0.570660191232075,2025.11770731025,2025.13621835597,NA,NA,NA
4394,4403,REU.4.3_1,REU.4.3_1,0.0263527219822326,0.589282648215787,0.562929926233554,2025.10997704525,2025.13632976724,NA,NA,NA
4778,4782,REU.4.8_1,REU.4.8_1,0.00204607726150385,0.589308153500905,0.587262076239401,2025.13430919526,2025.13635527252,NA,NA,NA
5280,5283,REU.4.5_1,REU.4.5_1,0.035625347109945,0.589339438269627,0.553714091159682,2025.10076121018,2025.13638655729,NA,NA,NA
3567,3568,REU.4.3_1,REU.4.3_1,0.0558411354803977,0.589364653069364,0.533523517588967,2025.08057063661,2025.13641177209,NA,NA,NA
5723,5724,REU.4.8_1,REU.4.6_1,0.0158746222601787,0.589378309669008,0.573503687408829,2025.12055080643,2025.13642542869,NA,NA,NA
3365,3366,REU.3.5_1,REU.3.5_1,0.0224016204315418,0.589571164281841,0.567169543850299,2025.11421666287,2025.1366182833,NA,NA,NA
5201,5202,REU.2.3_1,REU.2.3_1,0.0146530206144233,0.589576740807367,0.574923720192944,2025.12197083921,2025.13662385983,NA,NA,NA
4452,4453,REU.3.5_1,REU.2.3_1,0.0262873533989111,0.589641157501409,0.563353804102498,2025.11040092312,2025.13668827652,NA,NA,NA
4425,4426,REU.2.3_1,REU.2.3_1,0.00525531676307522,0.589671181214034,0.584415864450958,2025.13146298347,2025.13671830024,NA,NA,NA
4243,4244,REU.4.3_1,REU.4.3_1,0.00149665060449877,0.589752619685911,0.588255969081412,2025.1353030881,2025.13679973871,NA,NA,NA
3436,3437,REU.2.3_1,REU.2.3_1,0.0361951036633742,0.589812102172607,0.553616998509233,2025.10066411753,2025.13685922119,NA,NA,NA
4636,1525,REU.4.3_1,REU.4.6_1,0.107536111319488,0.589939182348893,0.482403071029405,2025.02945019005,2025.13698630137,CHIKV_RUN_S13b24_2025,55.423689,-21.278184
5462,1805,REU.3.1_1,REU.3.5_1,0.0940201720772822,0.589939182348893,0.49591901027161,2025.04296612929,2025.13698630137,CHIKV_RUN_S23b37_2025,55.225157,-21.049878
5975,2947,REU.3.4_1,REU.3.4_1,0.0925970958943361,0.589939182348893,0.497342086454557,2025.04438920548,2025.13698630137,CHIKV_RUN_S22b93_2025,55.302189,-21.155191
4090,1380,REU.2.1_1,REU.3.5_1,0.0867292756184248,0.589939182348893,0.503209906730468,2025.05025702575,2025.13698630137,CHIKV_RUN_S27b43_2025,55.291935,-21.023551
4014,2267,REU.2.3_1,REU.1.3_1,0.058488930048931,0.589939182348893,0.531450252299962,2025.07849737132,2025.13698630137,CHIKV_RUN_S27b71_2025,55.646697,-20.962993
3764,723,REU.4.8_1,REU.3.2_1,0.0468841172564239,0.589939182348893,0.543055065092469,2025.09010218411,2025.13698630137,CHIKV_RUN_S23b09_2025,55.348294,-21.250162
6001,2869,REU.2.3_1,REU.2.3_1,0.0350233408613221,0.589939182348893,0.554915841487571,2025.10196296051,2025.13698630137,CHIKV_RUN_S23b08_2025,55.438508,-20.917408
6001,2856,REU.2.3_1,REU.2.4_1,0.0350233408613221,0.589939182348893,0.554915841487571,2025.10196296051,2025.13698630137,CHIKV_RUN_S22b79_2025,55.525772,-20.947701
3271,361,REU.4.3_1,REU.4.3_1,0.0321534097875578,0.589939182348893,0.557785772561335,2025.10483289158,2025.13698630137,CHIKV_RUN_S27b62_2025,55.516227,-21.284258
5014,2572,REU.3.4_1,REU.3.4_1,0.0291828831500978,0.589939182348893,0.560756299198795,2025.10780341822,2025.13698630137,CHIKV_RUN_S27b49_2025,55.302825,-21.172742
5470,2652,REU.3.1_1,REU.3.2_1,0.0282787457285711,0.589939182348893,0.561660436620322,2025.10870755564,2025.13698630137,CHIKV_RUN_S13b12_2025,55.345944,-21.243348
3555,1599,REU.4.8_1,REU.4.8_1,0.0198075407810167,0.589939182348893,0.570131641567876,2025.11717876059,2025.13698630137,CHIKV_RUN_S13b05_2025,55.495701,-21.271895
3734,713,REU.4.3_1,REU.4.3_1,0.016868895792205,0.589939182348893,0.573070286556688,2025.12011740558,2025.13698630137,CHIKV_RUN_S13b16_2025,55.498688,-21.266812
3700,699,REU.4.3_1,REU.4.8_1,0.0167430207390511,0.589939182348893,0.573196161609842,2025.12024328063,2025.13698630137,CHIKV_RUN_S13b17_2025,55.465843,-21.338615
4350,510,REU.4.3_1,REU.4.3_1,0.0139675907790626,0.589939182348893,0.57597159156983,2025.12301871059,2025.13698630137,CHIKV_RUN_S13b37_2025,55.519152,-21.283831
5936,2992,REU.3.4_1,REU.3.4_1,0.0136354801630735,0.589939182348893,0.576303702185819,2025.12335082121,2025.13698630137,CHIKV_RUN_S23b05_2025,55.332328,-21.200933
6175,2489,REU.4.3_1,REU.2.3_1,0.0134746502889778,0.589939182348893,0.576464532059915,2025.12351165108,2025.13698630137,CHIKV_RUN_S13b07_2025,55.445317,-20.896568
5800,2819,REU.3.1_1,REU.3.1_1,0.0118357433803988,0.589939182348893,0.578103438968494,2025.12515055799,2025.13698630137,CHIKV_RUN_S22b78_2025,55.362398,-21.254601
3285,354,REU.4.2_1,REU.4.2_1,0.00974983063088974,0.589939182348893,0.580189351718003,2025.12723647074,2025.13698630137,CHIKV_RUN_S23b18_2025,55.467584,-21.239789
5123,2273,REU.4.8_1,REU.3.2_1,0.00577629386341505,0.589939182348893,0.584162888485478,2025.13121000751,2025.13698630137,CHIKV_RUN_S23b11_2025,55.329478,-21.236768
4610,1502,REU.3.1_1,REU.4.6_1,0.00398284934401483,0.589939182348893,0.585956333004878,2025.13300345203,2025.13698630137,CHIKV_RUN_S13b10_2025,55.43963,-21.275201
4059,1395,REU.4.3_1,REU.4.3_1,0.00317578273310093,0.589939182348893,0.586763399615792,2025.13381051864,2025.13698630137,CHIKV_RUN_S23b38_2025,55.500238,-21.272496
4254,404,REU.2.3_1,REU.2.3_1,0.00104795373861633,0.589939182348893,0.588891228610276,2025.13593834763,2025.13698630137,CHIKV_RUN_S27b59_2025,55.421652,-20.888192
3256,3257,REU.4.3_1,REU.4.8_1,0.0294438933727702,0.590002534068084,0.560558640695314,2025.10760575972,2025.13704965309,NA,NA,NA
5811,5812,REU.4.8_1,REU.4.8_1,0.0629524379979713,0.590072119988054,0.527119681990083,2025.07416680101,2025.13711923901,NA,NA,NA
5876,5877,REU.4.8_1,REU.4.6_1,0.00684896370329091,0.590164098057205,0.583315134353914,2025.13036225337,2025.13721121708,NA,NA,NA
4800,4801,REU.4.8_1,REU.4.8_1,0.0642121619737045,0.590224672872834,0.52601251089913,2025.07305962992,2025.13727179189,NA,NA,NA
4966,4968,REU.4.8_1,REU.4.8_1,0.0347787548067153,0.590323180505774,0.555544425699059,2025.10259154472,2025.13737029953,NA,NA,NA
4453,4454,REU.2.3_1,REU.2.3_1,0.000780139894661525,0.590421297396071,0.589641157501409,2025.13668827652,2025.13746841642,NA,NA,NA
4137,4138,REU.2.3_1,REU.2.3_1,0.06728415313091,0.590535361031226,0.523251207900316,2025.07029832692,2025.13758248005,NA,NA,NA
3545,3546,REU.4.3_1,REU.3.5_1,0.0841342448669363,0.590541613819198,0.506407368952262,2025.05345448797,2025.13758873284,NA,NA,NA
4661,4662,REU.4.3_1,REU.4.3_1,0.0678452956957855,0.590584850368059,0.522739554672274,2025.06978667369,2025.13763196939,NA,NA,NA
4240,4241,REU.4.3_1,REU.4.3_1,0.0118977824923961,0.590749862648385,0.578852080155988,2025.12589919918,2025.13779698167,NA,NA,NA
6081,6082,REU.2.3_1,REU.2.3_1,0.0121668977242126,0.590803270109258,0.578636372385046,2025.12568349141,2025.13785038913,NA,NA,NA
3517,3518,REU.4.3_1,REU.4.3_1,0.0479873507017446,0.590953327756679,0.542965977054934,2025.09001309608,2025.13800044678,NA,NA,NA
3423,3424,REU.2.3_1,REU.2.3_1,0.0460884509906815,0.590954071268915,0.544865620278233,2025.0919127393,2025.13800119029,NA,NA,NA
4785,4786,REU.4.8_1,REU.2.3_1,0.0607295176114286,0.590990195341807,0.530260677730379,2025.07730779675,2025.13803731436,NA,NA,NA
4535,4536,REU.4.3_1,REU.4.8_1,0.12279045451421,0.591016397817109,0.468225943302899,2025.01527306232,2025.13806351684,NA,NA,NA
4582,4591,REU.4.8_1,REU.4.8_1,0.0663713002631604,0.591104843840074,0.524733543576913,2025.0717806626,2025.13815196286,NA,NA,NA
3518,3519,REU.4.3_1,REU.4.3_1,0.000183165533366836,0.591136493290046,0.590953327756679,2025.13800044678,2025.13818361231,NA,NA,NA
3321,3322,REU.4.3_1,REU.4.3_1,0.0199145136113011,0.591224771760066,0.571310258148765,2025.11835737717,2025.13827189078,NA,NA,NA
3930,3931,REU.4.4_1,REU.4.4_1,0.0117501546539456,0.591262937956419,0.579512783302473,2025.12655990232,2025.13831005698,NA,NA,NA
3776,3778,REU.4.3_1,REU.4.3_1,0.0368911580934435,0.591335053572441,0.554443895478997,2025.1014910145,2025.13838217259,NA,NA,NA
4054,4055,REU.4.3_1,REU.4.3_1,0.00611967412462988,0.591343874773984,0.585224200649354,2025.13227131967,2025.1383909938,NA,NA,NA
4394,4395,REU.4.3_1,REU.4.3_1,0.0284183294382293,0.591348255671783,0.562929926233554,2025.10997704525,2025.13839537469,NA,NA,NA
5201,5211,REU.2.3_1,REU.2.3_1,0.0164511030662082,0.591374823259152,0.574923720192944,2025.12197083921,2025.13842194228,NA,NA,NA
4924,4925,REU.3.1_1,REU.3.1_1,0.00541515149427685,0.591387015310421,0.585971863816144,2025.13301898284,2025.13843413433,NA,NA,NA
5860,5861,REU.3.1_1,REU.3.1_1,0.00374801313144291,0.591455405510981,0.587707392379538,2025.1347545114,2025.13850252453,NA,NA,NA
4373,4382,REU.4.3_1,REU.4.3_1,0.069482722221837,0.591501558303537,0.5220188360817,2025.0690659551,2025.13854867732,NA,NA,NA
3811,3812,REU.4.3_1,REU.4.3_1,0.0473133819080375,0.591543137125423,0.544229755217386,2025.09127687424,2025.13859025615,NA,NA,NA
3418,3419,REU.2.3_1,REU.2.3_1,0.101095421949468,0.591570118725581,0.490474696776113,2025.0375218158,2025.13861723775,NA,NA,NA
4532,4533,REU.4.4_1,REU.4.4_1,0.00872336104766736,0.591588677769178,0.58286531672151,2025.12991243574,2025.13863579679,NA,NA,NA
4366,4367,REU.3.5_1,REU.4.6_1,0.00839250293143334,0.5915923027492,0.583199799817766,2025.13024691884,2025.13863942177,NA,NA,NA
5944,5945,REU.3.4_1,REU.4.3_1,0.067757594071369,0.591719351983986,0.523961757912617,2025.07100887693,2025.138766471,NA,NA,NA
4442,4451,REU.4.8_1,REU.4.8_1,0.0128031776522831,0.591753344912422,0.578950167260139,2025.12599728628,2025.13880046393,NA,NA,NA
4461,4462,REU.3.5_1,REU.3.5_1,0.0397534427284908,0.591766200105722,0.552012757377231,2025.0990598764,2025.13881331913,NA,NA,NA
5877,5878,REU.4.6_1,REU.4.6_1,0.00162775111555646,0.591791849172761,0.590164098057205,2025.13721121708,2025.13883896819,NA,NA,NA
3382,3383,REU.4.3_1,REU.4.3_1,0.0109504016526304,0.591802875343854,0.580852473691224,2025.12789959271,2025.13884999436,NA,NA,NA
3936,3937,REU.4.4_1,REU.4.4_1,0.0277621582190009,0.591949279388701,0.564187121169701,2025.11123424019,2025.13899639841,NA,NA,NA
4846,4847,REU.2.3_1,REU.2.3_1,0.0222859197465979,0.59224441834105,0.569958498594452,2025.11700561762,2025.13929153736,NA,NA,NA
4149,4150,REU.4.3_1,REU.4.3_1,0.00964022288799638,0.592380445799719,0.582740222911722,2025.12978734193,2025.13942756482,NA,NA,NA
4008,4009,REU.4.3_1,REU.2.3_1,0.146252586800627,0.5924241040248,0.446171517224173,2024.99321863625,2025.13947122305,NA,NA,NA
5123,5124,REU.4.8_1,REU.4.8_1,0.00828698732754463,0.592449875813022,0.584162888485478,2025.13121000751,2025.13949699483,NA,NA,NA
5181,5187,REU.3.5_1,REU.3.5_1,0.0342851251186496,0.592464974896134,0.558179849777484,2025.1052269688,2025.13951209392,NA,NA,NA
6087,6096,REU.4.3_1,REU.4.3_1,0.042811551716219,0.592537782070454,0.549726230354236,2025.09677334938,2025.13958490109,NA,NA,NA
3343,3344,REU.3.5_1,REU.3.5_1,0.0178192988323512,0.592554915538804,0.574735616706453,2025.12178273573,2025.13960203456,NA,NA,NA
5027,5028,REU.3.1_1,REU.3.1_1,0.157233942668107,0.592611371532314,0.435377428864207,2024.98242454789,2025.13965849055,NA,NA,NA
4112,362,REU.4.3_1,REU.4.3_1,0.0873478630611202,0.59267890837625,0.50533104531513,2025.05237816434,2025.1397260274,CHIKV_RUN_S13b28_2025,55.50899,-21.284725
4566,1733,REU.4.3_1,REU.4.3_1,0.0816305814288126,0.59267890837625,0.511048326947437,2025.05809544597,2025.1397260274,CHIKV_RUN_S13b34_2025,55.513356,-21.298012
3933,1233,REU.4.4_1,REU.4.4_1,0.0591652884693913,0.59267890837625,0.533513619906859,2025.08056073893,2025.1397260274,CHIKV_RUN_S13b40_2025,55.558109,-21.324034
5190,49,REU.2.3_1,REU.2.3_1,0.0534524447433747,0.59267890837625,0.539226463632875,2025.08627358265,2025.1397260274,CHIKV_RUN_S23b10_2025,55.463205,-20.90265
5101,2848,REU.4.3_1,REU.4.8_1,0.0507591758924589,0.59267890837625,0.541919732483791,2025.0889668515,2025.1397260274,CHIKV_RUN_S13b30_2025,55.459048,-21.298286
4937,2025,REU.3.1_1,REU.3.3_1,0.0454167748288473,0.59267890837625,0.547262133547403,2025.09430925257,2025.1397260274,CHIKV_RUN_S27b41_2025,55.262517,-21.124253
3539,113,REU.4.8_1,REU.3.5_1,0.0411823978948545,0.59267890837625,0.551496510481396,2025.0985436295,2025.1397260274,CHIKV_RUN_S27b53_2025,55.272973,-21.026106
3490,955,REU.3.5_1,REU.3.5_1,0.03478903624116,0.59267890837625,0.55788987213509,2025.10493699116,2025.1397260274,CHIKV_RUN_S27b54_2025,55.272764,-21.02348
4826,1454,REU.4.3_1,REU.4.3_1,0.033727163808436,0.59267890837625,0.558951744567814,2025.10599886359,2025.1397260274,CHIKV_RUN_S22b94_2025,55.511103,-21.289659
5937,2969,REU.3.4_1,REU.3.4_1,0.0301182275434666,0.59267890837625,0.562560680832783,2025.10960779985,2025.1397260274,CHIKV_RUN_S13b25_2025,55.334736,-21.20266
5135,2260,REU.4.3_1,REU.4.3_1,0.0209437925272534,0.59267890837625,0.571735115848997,2025.11878223487,2025.1397260274,CHIKV_RUN_S21b33_2025,55.535584,-21.313371
5564,1934,REU.3.1_1,REU.3.1_1,0.0200156945737497,0.59267890837625,0.5726632138025,2025.11971033282,2025.1397260274,CHIKV_RUN_S13b58_2025,55.335118,-21.265649
4557,868,REU.4.8_1,REU.2.3_1,0.0165865458205379,0.59267890837625,0.576092362555712,2025.12313948158,2025.1397260274,CHIKV_RUN_S27b38_2025,55.492347,-20.899551
5372,2450,REU.3.4_1,REU.3.4_1,0.015888253473372,0.59267890837625,0.576790654902878,2025.12383777392,2025.1397260274,CHIKV_RUN_S13b22_2025,55.313319,-21.218922
3914,1264,REU.4.4_1,REU.4.4_1,0.0137451808348527,0.59267890837625,0.578933727541397,2025.12598084656,2025.1397260274,CHIKV_RUN_S13b23_2025,55.561586,-21.343243
3930,1235,REU.4.4_1,REU.4.4_1,0.0131661250737769,0.59267890837625,0.579512783302473,2025.12655990232,2025.1397260274,CHIKV_RUN_S13b15_2025,55.558008,-21.324226
5412,2344,REU.4.5_1,REU.4.5_1,0.0110341519090932,0.59267890837625,0.581644756467157,2025.12869187549,2025.1397260274,CHIKV_RUN_S23b07_2025,55.630522,-21.371802
3393,1696,REU.4.8_1,REU.4.8_1,0.00983638279132559,0.59267890837625,0.582842525584924,2025.12988964461,2025.1397260274,CHIKV_RUN_S13b29_2025,55.493933,-21.296436
3702,701,REU.4.3_1,REU.4.3_1,0.00797005316534216,0.59267890837625,0.584708855210908,2025.13175597423,2025.1397260274,CHIKV_RUN_S23b03_2025,55.50785,-21.284289
5288,2070,REU.4.5_1,REU.4.5_1,0.00739424533847177,0.59267890837625,0.585284663037778,2025.13233178206,2025.1397260274,CHIKV_RUN_S23b16_2025,55.59718,-21.377097
4647,1533,REU.4.3_1,REU.4.3_1,0.0073418315544248,0.59267890837625,0.585337076821825,2025.13238419584,2025.1397260274,CHIKV_RUN_S23b01_2025,55.513316,-21.271407
4451,141,REU.4.8_1,REU.2.1_1,0.00092556346382755,0.59267890837625,0.591753344912422,2025.13880046393,2025.1397260274,CHIKV_RUN_S27b28_2025,55.340034,-20.92723
3942,3948,REU.4.3_1,REU.4.3_1,0.101110650602641,0.592755457079401,0.49164480647676,2025.0386919255,2025.1398025761,NA,NA,NA
6017,6018,REU.2.3_1,REU.2.3_1,0.00906452028048166,0.592770508020064,0.583705987739582,2025.13075310676,2025.13981762704,NA,NA,NA
5077,5078,REU.3.1_1,REU.4.6_1,0.0275907086755579,0.592815917368834,0.565225208693276,2025.11227232771,2025.13986303639,NA,NA,NA
5847,5848,REU.4.6_1,REU.4.6_1,0.0901538018470011,0.592874172212619,0.502720370365617,2025.04976748939,2025.13992129123,NA,NA,NA
4375,4377,REU.4.3_1,REU.4.3_1,0.0041910063003695,0.592882556948046,0.588691550647677,2025.13573866967,2025.13992967597,NA,NA,NA
5295,5296,REU.4.5_1,REU.4.5_1,0.00703033276961029,0.592898817034226,0.585868484264615,2025.13291560329,2025.13994593606,NA,NA,NA
3649,3650,REU.4.6_1,REU.4.6_1,0.0159043864246616,0.592988580468078,0.577084194043416,2025.12413131306,2025.14003569949,NA,NA,NA
4045,4062,REU.4.3_1,REU.4.3_1,0.0497389173870253,0.593070772035106,0.54333185464808,2025.09037897367,2025.14011789106,NA,NA,NA
3227,3231,REU.4.3_1,REU.4.3_1,0.0267817632659046,0.593088505867936,0.566306742602032,2025.11335386162,2025.14013562489,NA,NA,NA
3888,3889,REU.4.8_1,REU.4.8_1,0.0690319892280157,0.593143686495422,0.524111697267406,2025.07115881629,2025.14019080552,NA,NA,NA
3758,3760,REU.4.3_1,REU.4.3_1,0.0185471621877522,0.59315602394949,0.574608861761738,2025.12165598078,2025.14020314297,NA,NA,NA
3829,3830,REU.4.3_1,REU.4.3_1,0.0696540716184177,0.593216265421199,0.523562193802781,2025.07060931282,2025.14026338444,NA,NA,NA
4747,4755,REU.4.5_1,REU.4.5_1,0.0666871044298823,0.593217866323506,0.526530761893624,2025.07357788091,2025.14026498534,NA,NA,NA
3650,3652,REU.4.6_1,REU.4.6_1,0.000279639284806121,0.593268219752884,0.592988580468078,2025.14003569949,2025.14031533877,NA,NA,NA
5181,5182,REU.3.5_1,REU.3.5_1,0.0352796330629164,0.593459482840401,0.558179849777484,2025.1052269688,2025.14050660186,NA,NA,NA
5425,5426,REU.3.1_1,REU.3.1_1,0.0494927597810751,0.593541602731237,0.544048842950162,2025.09109596197,2025.14058872175,NA,NA,NA
5231,5232,REU.4.5_1,REU.4.8_1,0.0326213137067306,0.593590220465916,0.560968906759185,2025.10801602578,2025.14063733949,NA,NA,NA
4117,4120,REU.4.3_1,REU.4.3_1,0.0142587943790412,0.59360878219601,0.579349987816969,2025.12639710684,2025.14065590122,NA,NA,NA
6103,6122,REU.3.1_1,REU.3.1_1,0.180688234498403,0.593621411129582,0.412933176631178,2024.95998029565,2025.14066853015,NA,NA,NA
3694,3695,REU.4.3_1,REU.4.3_1,0.0259908446490783,0.593639871472397,0.567649026823319,2025.11469614584,2025.14068699049,NA,NA,NA
5915,5916,REU.4.8_1,REU.4.8_1,0.0276302219495171,0.593684505894957,0.56605428394544,2025.11310140297,2025.14073162492,NA,NA,NA
4294,4295,REU.4.3_1,REU.4.8_1,0.0640745622022353,0.59370147739875,0.529626915196514,2025.07667403422,2025.14074859642,NA,NA,NA
3270,3276,REU.4.3_1,REU.2.3_1,0.0479426920352259,0.59371949022994,0.545776798194715,2025.09282391722,2025.14076660925,NA,NA,NA
3529,3538,REU.4.3_1,REU.4.8_1,0.0582553647575877,0.593905478562824,0.535650113805236,2025.08269723283,2025.14095259758,NA,NA,NA
4533,4534,REU.4.4_1,REU.4.4_1,0.00246066063748351,0.594049338406661,0.591588677769178,2025.13863579679,2025.14109645743,NA,NA,NA
4879,4892,REU.2.3_1,REU.2.3_1,0.135827090263706,0.594075241371493,0.458248151107787,2025.00529527013,2025.14112236039,NA,NA,NA
5789,5790,REU.3.1_1,REU.2.3_1,0.0414977468507856,0.594169270190939,0.552671523340153,2025.09971864236,2025.14121638921,NA,NA,NA
5358,5359,REU.3.4_1,REU.2.3_1,0.0249582490238299,0.594196626718,0.56923837769417,2025.11628549672,2025.14124374574,NA,NA,NA
4375,4376,REU.4.3_1,REU.4.3_1,0.00552458722748439,0.594216137875161,0.588691550647677,2025.13573866967,2025.1412632569,NA,NA,NA
3812,3813,REU.4.3_1,REU.4.3_1,0.00277815746257304,0.594321294587996,0.591543137125423,2025.13859025615,2025.14136841361,NA,NA,NA
3444,3445,REU.2.3_1,REU.2.3_1,0.00687698477162468,0.594376134276042,0.587499149504417,2025.13454626853,2025.1414232533,NA,NA,NA
3448,3449,REU.2.3_1,REU.2.3_1,0.0138534178447516,0.59438384806694,0.580530430222189,2025.12757754924,2025.14143096709,NA,NA,NA
4354,4355,REU.4.3_1,REU.4.3_1,0.0679248839078941,0.594386234353061,0.526461350445167,2025.07350846947,2025.14143335337,NA,NA,NA
3706,3707,REU.4.6_1,REU.4.6_1,0.0331797840749981,0.594469397807896,0.561289613732898,2025.10833673275,2025.14151651683,NA,NA,NA
4321,4322,REU.4.8_1,REU.2.3_1,0.0346260993625811,0.594488698181181,0.5598625988186,2025.10690971784,2025.1415358172,NA,NA,NA
4462,4463,REU.3.5_1,REU.3.5_1,0.00272361526252396,0.594489815368246,0.591766200105722,2025.13881331913,2025.14153693439,NA,NA,NA
4748,4754,REU.4.5_1,REU.4.7_1,0.0377786984554309,0.594647593547691,0.55686889509226,2025.10391601411,2025.14169471257,NA,NA,NA
5124,5128,REU.4.8_1,REU.4.8_1,0.00250594300317697,0.594955818816199,0.592449875813022,2025.13949699483,2025.14200293784,NA,NA,NA
4311,4312,REU.2.3_1,REU.2.3_1,0.00793050731040756,0.595084164135788,0.58715365682538,2025.13420077585,2025.14213128316,NA,NA,NA
5042,5043,REU.3.1_1,REU.3.1_1,0.00962349352019376,0.595165177460871,0.585541683940678,2025.13258880296,2025.14221229648,NA,NA,NA
4181,4182,REU.4.8_1,REU.4.8_1,0.0166462200590463,0.595334691680796,0.57868847162175,2025.12573559064,2025.1423818107,NA,NA,NA
4603,4604,REU.4.3_1,REU.4.3_1,0.0143883702211161,0.595382193336109,0.580993823114993,2025.12804094214,2025.14242931236,NA,NA,NA
3193,3194,REU.4.8_1,REU.4.8_1,0.0160027258871454,0.59541062505307,0.579407899165924,2025.12645501819,2025.14245774407,NA,NA,NA
5993,2945,REU.4.6_1,REU.3.4_1,0.149325859329823,0.595418634403607,0.446092775073784,2024.99313989409,2025.14246575342,CHIKV_RUN_S21b68_2025,55.306796,-21.167113
3268,357,REU.4.3_1,REU.2.3_1,0.0883472279613663,0.595418634403607,0.507071406442241,2025.05411852546,2025.14246575342,CHIKV_RUN_S27b50_2025,55.489878,-20.901869
5839,2322,REU.4.6_1,REU.3.2_1,0.0876824531838144,0.595418634403607,0.507736181219793,2025.05478330024,2025.14246575342,CHIKV_RUN_S22b54_2025,55.350756,-21.250515
3721,668,REU.4.3_1,REU.4.8_1,0.0594288272794473,0.595418634403607,0.53598980712416,2025.08303692615,2025.14246575342,CHIKV_RUN_S13b31_2025,55.475168,-21.291116
5925,1774,REU.4.3_1,REU.4.3_1,0.0564293499746093,0.595418634403607,0.538989284428998,2025.08603640345,2025.14246575342,CHIKV_RUN_S22b52_2025,55.509157,-21.285937
5892,2151,REU.4.6_1,REU.4.6_1,0.051982503966967,0.595418634403607,0.54343613043664,2025.09048324946,2025.14246575342,CHIKV_RUN_S22b19_2025,55.448136,-21.27193
5361,2410,REU.3.4_1,REU.3.4_1,0.0517354404966154,0.595418634403607,0.543683193906992,2025.09073031293,2025.14246575342,CHIKV_RUN_S21b87_2025,55.312945,-21.22104
3603,1161,REU.4.3_1,REU.3.5_1,0.0484900789814156,0.595418634403607,0.546928555422192,2025.09397567444,2025.14246575342,CHIKV_RUN_S22b71_2025,55.256024,-21.069379
5939,2981,REU.3.4_1,REU.3.4_1,0.038182997565956,0.595418634403607,0.557235636837651,2025.10428275586,2025.14246575342,CHIKV_RUN_S21b73_2025,55.305466,-21.164923
3250,1114,REU.4.3_1,REU.4.3_1,0.0370670129930204,0.595418634403607,0.558351621410587,2025.10539874043,2025.14246575342,CHIKV_RUN_S22b53_2025,55.517289,-21.272915
4935,2641,REU.3.1_1,REU.3.1_1,0.0277221453990841,0.595418634403607,0.567696489004523,2025.11474360803,2025.14246575342,CHIKV_RUN_S13b36_2025,55.361274,-21.254655
6174,2755,REU.4.3_1,REU.4.3_1,0.0211188039048581,0.595418634403608,0.57429983049875,2025.12134694952,2025.14246575342,CHIKV_RUN_S22b72_2025,55.503945,-21.272541
6051,2931,REU.2.3_1,REU.1.3_1,0.0179534255738741,0.595418634403607,0.577465208829733,2025.12451232785,2025.14246575342,CHIKV_RUN_S22b68_2025,55.650143,-20.945776
5683,2367,REU.3.4_1,REU.3.4_1,0.0166891834944116,0.595418634403607,0.578729450909196,2025.12577656993,2025.14246575342,CHIKV_RUN_S22b69_2025,55.333643,-21.20512
4602,1512,REU.4.3_1,REU.4.3_1,0.0154343192411892,0.595418634403607,0.579984315162418,2025.12703143418,2025.14246575342,CHIKV_RUN_S21b66_2025,55.514184,-21.270686
4135,364,REU.4.3_1,REU.4.3_1,0.0149760510053298,0.595418634403607,0.580442583398278,2025.12748970242,2025.14246575342,CHIKV_RUN_S22b80_2025,55.51826,-21.283594
4135,1292,REU.4.3_1,REU.4.3_1,0.0149760510053298,0.595418634403607,0.580442583398278,2025.12748970242,2025.14246575342,CHIKV_RUN_S13b38_2025,55.500433,-21.268068
3678,743,REU.4.3_1,REU.2.3_1,0.0145435951916495,0.595418634403607,0.580875039211958,2025.12792215823,2025.14246575342,CHIKV_RUN_S27b37_2025,55.447153,-20.898216
4149,1462,REU.4.3_1,REU.4.5_1,0.012678411491885,0.595418634403607,0.582740222911722,2025.12978734193,2025.14246575342,CHIKV_RUN_S22b73_2025,55.595541,-21.376879
5352,2409,REU.3.4_1,REU.3.4_1,0.0121679320744775,0.595418634403607,0.58325070232913,2025.13029782135,2025.14246575342,CHIKV_RUN_S22b65_2025,55.313137,-21.219563
5877,2482,REU.4.6_1,REU.4.6_1,0.00525453634640249,0.595418634403607,0.590164098057205,2025.13721121708,2025.14246575342,CHIKV_RUN_S13b33_2025,55.417117,-21.288149
4454,114,REU.2.3_1,REU.2.3_1,0.00499733700753657,0.595418634403607,0.590421297396071,2025.13746841642,2025.14246575342,CHIKV_RUN_S22b20_2025,55.485603,-20.893484
3546,1278,REU.3.5_1,REU.3.5_1,0.0048770205844092,0.595418634403607,0.590541613819198,2025.13758873284,2025.14246575342,CHIKV_RUN_S13b75_2025,55.267193,-21.088881
4754,248,REU.4.7_1,REU.4.7_1,0.000771040855916061,0.595418634403607,0.594647593547691,2025.14169471257,2025.14246575342,CHIKV_RUN_S13b39_2025,55.722794,-21.369702
3419,3420,REU.2.3_1,REU.2.3_1,0.00392003384540418,0.595490152570985,0.591570118725581,2025.13861723775,2025.14253727159,NA,NA,NA
3553,3554,REU.4.8_1,REU.4.8_1,0.0294555233674065,0.595519891042114,0.566064367674707,2025.1131114867,2025.14256701006,NA,NA,NA
5546,5547,REU.4.3_1,REU.4.3_1,0.0393530143920442,0.595529959178461,0.556176944786417,2025.10322406381,2025.1425770782,NA,NA,NA
4686,4687,REU.4.8_1,REU.3.5_1,0.0269393118511049,0.595531463859401,0.568592152008296,2025.11563927103,2025.14257858288,NA,NA,NA
5582,5583,REU.4.6_1,REU.4.6_1,0.025349273830624,0.595582865793628,0.570233591963004,2025.11728071098,2025.14262998481,NA,NA,NA
4585,4590,REU.4.8_1,REU.4.8_1,0.00991400110283791,0.595620997800174,0.585706996697336,2025.13275411572,2025.14266811682,NA,NA,NA
5823,5824,REU.4.6_1,REU.4.6_1,0.0230127945305452,0.595665275754737,0.572652481224192,2025.11969960025,2025.14271239478,NA,NA,NA
5623,5628,REU.4.8_1,REU.3.5_1,0.0508554432967324,0.595753674320257,0.544898231023525,2025.09194535004,2025.14280079334,NA,NA,NA
3707,3708,REU.4.6_1,REU.4.6_1,0.00138334216368441,0.59585273997158,0.594469397807896,2025.14151651683,2025.14289985899,NA,NA,NA
3449,3450,REU.2.3_1,REU.2.3_1,0.00152934138869854,0.595913189455639,0.59438384806694,2025.14143096709,2025.14296030848,NA,NA,NA
5232,5234,REU.4.8_1,REU.4.8_1,0.00233017031735994,0.595920390783276,0.593590220465916,2025.14063733949,2025.1429675098,NA,NA,NA
5556,5557,REU.3.1_1,REU.4.8_1,0.0554111479288172,0.596065771313325,0.540654623384508,2025.08770174241,2025.14311289033,NA,NA,NA
4997,4999,REU.2.3_1,REU.2.3_1,0.0165442844225636,0.596125313868753,0.57958102944619,2025.12662814847,2025.14317243289,NA,NA,NA
6007,6010,REU.2.3_1,REU.2.3_1,0.00820769557917,0.596132042070646,0.587924346491476,2025.13497146551,2025.14317916109,NA,NA,NA
3900,3901,REU.4.5_1,REU.4.5_1,0.0491538850932799,0.596177577136665,0.547023692043385,2025.09407081106,2025.14322469616,NA,NA,NA
4695,4696,REU.4.8_1,REU.4.3_1,0.0546769521432591,0.596221268590427,0.541544316447168,2025.08859143547,2025.14326838761,NA,NA,NA
3214,3216,REU.4.3_1,REU.4.4_1,0.018075524020992,0.596276058728637,0.578200534707645,2025.12524765373,2025.14332317775,NA,NA,NA
5795,5796,REU.2.3_1,REU.2.3_1,0.0143427424460232,0.596326473252696,0.581983730806673,2025.12903084983,2025.14337359227,NA,NA,NA
4758,4775,REU.4.5_1,REU.4.5_1,0.0551163911086391,0.596344852458283,0.541228461349644,2025.08827558037,2025.14339197148,NA,NA,NA
5610,5616,REU.3.1_1,REU.4.3_1,0.136783201365978,0.596431126736733,0.459647925370754,2025.00669504439,2025.14347824576,NA,NA,NA
5824,5829,REU.4.6_1,REU.4.6_1,0.000790820797225589,0.596456096551963,0.595665275754737,2025.14271239478,2025.14350321557,NA,NA,NA
4248,4249,REU.4.8_1,REU.2.3_1,0.0712790370705216,0.596495319349607,0.525216282279085,2025.0722634013,2025.14354243837,NA,NA,NA
3305,3306,REU.4.3_1,REU.4.3_1,0.0101830555300956,0.596499048166492,0.586315992636396,2025.13336311166,2025.14354616719,NA,NA,NA
6018,6019,REU.2.3_1,REU.2.3_1,0.00377863425474934,0.596549142274813,0.592770508020064,2025.13981762704,2025.1435962613,NA,NA,NA
3948,3949,REU.4.3_1,REU.4.3_1,0.00380093374090218,0.596556390820303,0.592755457079401,2025.1398025761,2025.14360350984,NA,NA,NA
3957,3958,REU.2.2_1,REU.2.2_1,0.0320180514049746,0.596567144600041,0.564549093195067,2025.11159621222,2025.14361426362,NA,NA,NA
5939,5940,REU.3.4_1,REU.3.4_1,0.0393366069789334,0.596572243816585,0.557235636837651,2025.10428275586,2025.14361936284,NA,NA,NA
6173,6177,REU.4.3_1,REU.4.3_1,0.0291888861915414,0.596574016021444,0.567385129829903,2025.11443224885,2025.14362113504,NA,NA,NA
3461,3467,REU.2.3_1,REU.2.3_1,0.0765472403453821,0.596629868084835,0.520082627739452,2025.06712974676,2025.14367698711,NA,NA,NA
5613,5614,REU.3.1_1,REU.3.1_1,0.0211169158692046,0.596835991191642,0.575719075322437,2025.12276619434,2025.14388311021,NA,NA,NA
3906,3907,REU.4.4_1,REU.4.4_1,0.0240656029590869,0.596864608912548,0.572799005953461,2025.11984612497,2025.14391172793,NA,NA,NA
6208,6209,REU.3.1_1,REU.4.3_1,0.0566936254018475,0.59691663068504,0.540223005283193,2025.0872701243,2025.14396374971,NA,NA,NA
5745,5746,REU.4.6_1,REU.4.6_1,0.0529597964823812,0.596923405361652,0.543963608879271,2025.0910107279,2025.14397052438,NA,NA,NA
4463,4464,REU.3.5_1,REU.3.5_1,0.00245197094688587,0.596941786315132,0.594489815368246,2025.14153693439,2025.14398890534,NA,NA,NA
5648,5649,REU.4.8_1,REU.4.8_1,0.0470675840888551,0.596953309031368,0.549885724942513,2025.09693284396,2025.14400042805,NA,NA,NA
5136,5137,REU.4.3_1,REU.4.3_1,0.0220261184655852,0.596970802064,0.574944683598415,2025.12199180262,2025.14401792108,NA,NA,NA
4161,4162,REU.4.3_1,REU.4.8_1,0.0424785617339951,0.597013476591023,0.554534914857028,2025.10158203388,2025.14406059561,NA,NA,NA
5015,5019,REU.3.1_1,REU.3.1_1,0.0271079860420615,0.597102691144602,0.569994705102541,2025.11704182412,2025.14414981017,NA,NA,NA
3982,3983,REU.4.3_1,REU.4.3_1,0.0360037031598597,0.597202245595352,0.561198542435492,2025.10824566146,2025.14424936462,NA,NA,NA
4599,4608,REU.4.3_1,REU.4.8_1,0.0366765022745743,0.597214840813126,0.560538338538552,2025.10758545756,2025.14426195983,NA,NA,NA
4463,4466,REU.3.5_1,REU.3.5_1,0.00278744152895693,0.597277256897203,0.594489815368246,2025.14153693439,2025.14432437592,NA,NA,NA
3272,3273,REU.4.3_1,REU.4.3_1,0.0235608285480811,0.597395904024274,0.573835075476193,2025.1208821945,2025.14444302305,NA,NA,NA
3623,3624,REU.4.8_1,REU.4.8_1,0.00892473421274453,0.597461590433738,0.588536856220994,2025.13558397524,2025.14450870945,NA,NA,NA
5501,5508,REU.3.1_1,REU.4.8_1,0.134105730747174,0.597521630090315,0.463415899343142,2025.01046301836,2025.14456874911,NA,NA,NA
4148,4155,REU.4.3_1,REU.4.3_1,0.0700483982532937,0.597551918770156,0.527503520516863,2025.07455063954,2025.14459903779,NA,NA,NA
5068,5072,REU.4.8_1,REU.4.8_1,0.019331020752353,0.597643741976919,0.578312721224566,2025.12535984025,2025.144690861,NA,NA,NA
5996,5997,REU.3.4_1,REU.3.4_1,0.0539999887737654,0.597651654150189,0.543651665376424,2025.0906987844,2025.14469877317,NA,NA,NA
4675,4679,REU.4.3_1,REU.4.3_1,0.115819073074643,0.597683826573616,0.481864753498973,2025.02891187252,2025.14473094559,NA,NA,NA
4826,4827,REU.4.3_1,REU.4.8_1,0.0387621875671962,0.59771393213501,0.558951744567814,2025.10599886359,2025.14476105116,NA,NA,NA
5379,5381,REU.4.8_1,REU.4.8_1,0.0124349540572219,0.597841136815876,0.585406182758654,2025.13245330178,2025.14488825584,NA,NA,NA
3990,3991,REU.4.3_1,REU.4.8_1,0.0950640590170955,0.597916194982874,0.502852135965779,2025.04989925499,2025.144963314,NA,NA,NA
5057,5058,REU.4.5_1,REU.2.3_1,0.0641271644851382,0.59799625905864,0.533869094573502,2025.08091621359,2025.14504337808,NA,NA,NA
5298,5299,REU.4.5_1,REU.4.5_1,0.0387016329657784,0.598028473598133,0.559326840632355,2025.10637395965,2025.14507559262,NA,NA,NA
3878,3879,REU.4.4_1,REU.4.4_1,0.00937499764238381,0.598049252316395,0.588674254674012,2025.1357213737,2025.14509637134,NA,NA,NA
4883,4890,REU.2.4_1,REU.2.4_1,0.0133812567216472,0.598131220668712,0.584749963947065,2025.13179708297,2025.14517833969,NA,NA,NA
4279,4280,REU.4.5_1,REU.4.5_1,0.0159072006776937,0.598137051150341,0.582229850472647,2025.12927696949,2025.14518417017,NA,NA,NA
4898,1039,REU.4.3_1,REU.4.3_1,0.147342716450372,0.598158360430965,0.450815643980593,2024.997862763,2025.14520547945,CHIKV_RUN_S13b32_2025,55.524101,-21.281978
5093,2211,REU.3.1_1,REU.3.4_1,0.12858219957114,0.598158360430965,0.469576160859825,2025.01662327988,2025.14520547945,CHIKV_RUN_S13b76_2025,55.328353,-21.194489
4646,1535,REU.4.3_1,REU.4.3_1,0.0973433507176915,0.598158360430965,0.500815009713273,2025.04786212873,2025.14520547945,CHIKV_RUN_S13b35_2025,55.517542,-21.268791
5224,2050,REU.4.5_1,REU.4.5_1,0.0834211638494667,0.598158360430965,0.514737196581498,2025.0617843156,2025.14520547945,CHIKV_RUN_S13b43_2025,55.615186,-21.380735
4682,1091,REU.4.3_1,REU.4.3_1,0.0730903227898511,0.598158360430965,0.525068037641114,2025.07211515666,2025.14520547945,CHIKV_RUN_S13b47_2025,55.508907,-21.288239
4639,1488,REU.4.3_1,REU.4.6_1,0.0689400570644406,0.598158360430965,0.529218303366524,2025.07626542239,2025.14520547945,CHIKV_RUN_S13b56_2025,55.438234,-21.275668
4215,407,REU.4.3_1,REU.4.3_1,0.0637215533242286,0.598158360430965,0.534436807106736,2025.08148392613,2025.14520547945,CHIKV_RUN_S13b49_2025,55.52406,-21.261906
4700,1683,REU.4.8_1,REU.4.8_1,0.0443934373254299,0.598158360430965,0.553764923105535,2025.10081204213,2025.14520547945,CHIKV_RUN_S13b51_2025,55.448517,-21.296921
4039,1309,REU.4.3_1,REU.4.8_1,0.035709721711189,0.598158360430965,0.562448638719776,2025.10949575774,2025.14520547945,CHIKV_RUN_S13b52_2025,55.524076,-21.331375
5534,2515,REU.4.1_1,REU.4.5_1,0.0335779350115475,0.598158360430965,0.564580425419417,2025.11162754444,2025.14520547945,CHIKV_RUN_S13b46_2025,55.635273,-21.339571
5911,1969,REU.4.3_1,REU.3.5_1,0.0290028166496652,0.598158360430965,0.5691555437813,2025.1162026628,2025.14520547945,CHIKV_RUN_S13b26_2025,55.285162,-21.044863
4021,1048,REU.2.5_1,REU.2.5_1,0.0231386876139441,0.598158360430965,0.575019672817021,2025.12206679184,2025.14520547945,CHIKV_RUN_S13b27_2025,55.635744,-20.942429
3144,2387,REU.3.1_1,REU.3.4_1,0.0211176315591586,0.598158360430965,0.577040728871806,2025.12408784789,2025.14520547945,CHIKV_RUN_S13b74_2025,55.297536,-21.199663
3293,340,REU.4.3_1,REU.4.3_1,0.0202583902066666,0.598158360430965,0.577899970224298,2025.12494708925,2025.14520547945,CHIKV_RUN_S13b62_2025,55.501479,-21.265295
4711,188,REU.4.7_1,REU.4.7_1,0.0158649847972921,0.598158360430965,0.582293375633673,2025.12934049465,2025.14520547945,CHIKV_RUN_S13b44_2025,55.721214,-21.371189
5860,2294,REU.3.1_1,REU.3.4_1,0.0104509680514266,0.598158360430965,0.587707392379538,2025.1347545114,2025.14520547945,CHIKV_RUN_S13b73_2025,55.301143,-21.224126
4648,1529,REU.4.3_1,REU.4.3_1,0.00971783288625583,0.598158360430965,0.588440527544709,2025.13548764657,2025.14520547945,CHIKV_RUN_S13b41_2025,55.517542,-21.268791
3907,1202,REU.4.4_1,REU.4.4_1,0.0012937515184166,0.598158360430965,0.596864608912548,2025.14391172793,2025.14520547945,CHIKV_RUN_S13b61_2025,55.570236,-21.334491
3850,3851,REU.4.8_1,REU.4.8_1,0.0144199748741859,0.598254590877804,0.583834616003619,2025.13088173502,2025.1453017099,NA,NA,NA
3312,3313,REU.4.3_1,REU.4.3_1,0.0458314888792032,0.598327439504754,0.552495950625551,2025.09954306965,2025.14537455853,NA,NA,NA
5724,5725,REU.4.6_1,REU.4.3_1,0.00901666977548743,0.598394979444495,0.589378309669008,2025.13642542869,2025.14544209847,NA,NA,NA
3395,3396,REU.4.8_1,REU.4.8_1,0.0110694640693463,0.598498624029416,0.587429159960069,2025.13447627898,2025.14554574305,NA,NA,NA
4019,4022,REU.2.3_1,REU.2.3_1,0.0544264343396534,0.598513187851243,0.54408675351159,2025.09113387253,2025.14556030687,NA,NA,NA
5796,5797,REU.2.3_1,REU.2.3_1,0.00224246713069109,0.598568940383388,0.596326473252696,2025.14337359227,2025.1456160594,NA,NA,NA
4883,4884,REU.2.4_1,REU.2.4_1,0.0138799472028722,0.598629911149937,0.584749963947065,2025.13179708297,2025.14567703017,NA,NA,NA
3908,3910,REU.4.4_1,REU.4.4_1,0.0392041381840212,0.598749295381083,0.559545157197062,2025.10659227622,2025.1457964144,NA,NA,NA
4812,4813,REU.4.8_1,REU.3.3_1,0.0109074991168333,0.598822512530998,0.587915013414165,2025.13496213244,2025.14586963155,NA,NA,NA
4055,4056,REU.4.3_1,REU.4.3_1,0.00760312524524365,0.598947000019227,0.591343874773984,2025.1383909938,2025.14599411904,NA,NA,NA
3424,3425,REU.2.3_1,REU.2.3_1,0.00801403604585627,0.598968107314771,0.590954071268915,2025.13800119029,2025.14601522634,NA,NA,NA
4280,4281,REU.4.5_1,REU.4.5_1,0.000833969136581736,0.598971020286923,0.598137051150341,2025.14518417017,2025.14601813931,NA,NA,NA
5234,5235,REU.4.8_1,REU.4.8_1,0.00322912465254155,0.599149515435818,0.595920390783276,2025.1429675098,2025.14619663446,NA,NA,NA
3963,3964,REU.4.3_1,REU.4.3_1,0.0158424080720412,0.599202024176536,0.583359616104495,2025.13040673513,2025.1462491432,NA,NA,NA
6163,6164,REU.4.8_1,REU.4.8_1,0.0391408282334369,0.59925879335139,0.560117965117954,2025.10716508414,2025.14630591237,NA,NA,NA
4254,4255,REU.2.3_1,REU.2.3_1,0.0104507988118743,0.599342027422151,0.588891228610276,2025.13593834763,2025.14638914644,NA,NA,NA
4073,4078,REU.4.8_1,REU.4.8_1,0.0163505330954152,0.599380190227065,0.58302965713165,2025.13007677615,2025.14642730925,NA,NA,NA
3596,3597,REU.4.8_1,REU.4.8_1,0.0199464530607183,0.59938199143523,0.579435538374512,2025.1264826574,2025.14642911046,NA,NA,NA
5136,5141,REU.4.3_1,REU.4.3_1,0.0244763207185485,0.599421004316964,0.574944683598415,2025.12199180262,2025.14646812334,NA,NA,NA
3650,3651,REU.4.6_1,REU.4.6_1,0.00643849547494757,0.599427075943025,0.592988580468078,2025.14003569949,2025.14647419496,NA,NA,NA
5632,5633,REU.2.3_1,REU.2.3_1,0.0146227419520396,0.599511304771607,0.584888562819568,2025.13193568184,2025.14655842379,NA,NA,NA
3490,3491,REU.3.5_1,REU.3.5_1,0.0416683572331371,0.599558229368227,0.55788987213509,2025.10493699116,2025.14660534839,NA,NA,NA
3871,3872,REU.4.4_1,REU.4.4_1,0.0146246501188516,0.59957236820515,0.584947718086298,2025.13199483711,2025.14661948723,NA,NA,NA
5035,5036,REU.4.6_1,REU.4.6_1,0.0134496673082101,0.599610853691031,0.586161186382821,2025.1332083054,2025.14665797271,NA,NA,NA
5054,5055,REU.4.8_1,REU.4.8_1,0.0169645688533523,0.59963429188606,0.582669723032708,2025.12971684205,2025.14668141091,NA,NA,NA
4585,4586,REU.4.8_1,REU.4.8_1,0.013931642271224,0.59963863896856,0.585706996697336,2025.13275411572,2025.14668575799,NA,NA,NA
3796,3804,REU.4.3_1,REU.4.3_1,0.154031193256765,0.599721332624122,0.445690139367357,2024.99273725839,2025.14676845165,NA,NA,NA
3983,3984,REU.4.3_1,REU.4.3_1,0.00255482420713204,0.599757069802484,0.597202245595352,2025.14424936462,2025.14680418882,NA,NA,NA
5299,5300,REU.4.5_1,REU.4.5_1,0.0020161846089588,0.600044658207092,0.598028473598133,2025.14507559262,2025.14709177723,NA,NA,NA
4945,4946,REU.4.2_1,REU.4.2_1,0.0778193257484022,0.600112058798271,0.522292733049869,2025.06933985207,2025.14715917782,NA,NA,NA
3217,3218,REU.4.3_1,REU.4.3_1,0.0126991208224891,0.600122993336468,0.587423872513978,2025.13447099153,2025.14717011236,NA,NA,NA
6109,6113,REU.3.1_1,REU.3.1_1,0.0658857057950769,0.600133019545601,0.534247313750524,2025.08129443277,2025.14718013857,NA,NA,NA
5085,5086,REU.3.1_1,REU.3.1_1,0.0236776546648976,0.600171799356923,0.576494144692025,2025.12354126371,2025.14721891838,NA,NA,NA
3150,3151,REU.4.8_1,REU.4.8_1,0.0307063076916647,0.600188550377664,0.569482242685999,2025.11652936171,2025.1472356694,NA,NA,NA
5101,5102,REU.4.3_1,REU.4.3_1,0.058351942855445,0.600271675339236,0.541919732483791,2025.0889668515,2025.14731879436,NA,NA,NA
6089,6090,REU.4.3_1,REU.4.3_1,0.0202031935082481,0.60027876961681,0.580075576108561,2025.12712269513,2025.14732588864,NA,NA,NA
3574,3575,REU.4.8_1,REU.4.8_1,0.045203080296955,0.600379694568785,0.55517661427183,2025.10222373329,2025.14742681359,NA,NA,NA
3813,3814,REU.4.3_1,REU.4.3_1,0.00607620941805787,0.600397504006054,0.594321294587996,2025.14136841361,2025.14744462303,NA,NA,NA
4663,4668,REU.4.3_1,REU.4.3_1,0.0511580070603922,0.600481890121189,0.549323883060797,2025.09637100208,2025.14752900914,NA,NA,NA
3665,3666,REU.4.8_1,REU.3.1_1,0.0363347097751949,0.60067496321069,0.564340253435495,2025.11138737246,2025.14772208223,NA,NA,NA
5373,5375,REU.3.4_1,REU.3.4_1,0.0139308694373855,0.600699696917135,0.58676882747975,2025.1338159465,2025.14774681594,NA,NA,NA
3494,954,REU.3.5_1,REU.3.5_1,0.128033862669706,0.600898086458322,0.472864223788616,2025.01991134281,2025.14794520548,CHIKV_RUN_S35b56_2025,55.272975,-21.023558
3598,616,REU.4.3_1,REU.4.3_1,0.123227987797809,0.600898086458322,0.477670098660514,2025.02471721768,2025.14794520548,CHIKV_RUN_S35b74_2025,55.52397,-21.27929
4945,2706,REU.4.2_1,REU.4.2_1,0.0786053534084535,0.600898086458322,0.522292733049869,2025.06933985207,2025.14794520548,CHIKV_RUN_S21b52_2025,55.471684,-21.251072
4845,596,REU.4.3_1,REU.4.3_1,0.078365007794371,0.600898086458322,0.522533078663951,2025.06958019768,2025.14794520548,CHIKV_RUN_S35b86_2025,55.515828,-21.265663
5950,2971,REU.3.4_1,REU.4.2_1,0.0632212586464935,0.600898086458322,0.537676827811829,2025.08472394683,2025.14794520548,CHIKV_RUN_S35b83_2025,55.49,-21.239956
3560,2212,REU.4.3_1,REU.4.3_1,0.053834953390536,0.600898086458322,0.547063133067786,2025.09411025209,2025.14794520548,CHIKV_RUN_S21b69_2025,55.561177,-21.296153
4738,193,REU.4.5_1,REU.4.6_1,0.0457090534125077,0.600898086458322,0.555189033045814,2025.10223615207,2025.14794520548,CHIKV_RUN_S21b62_2025,55.412307,-21.288231
5378,2448,REU.4.8_1,REU.2.1_1,0.0440742840908892,0.600898086458322,0.556823802367433,2025.10387092139,2025.14794520548,CHIKV_RUN_S35b89_2025,55.337988,-20.936785
5980,2946,REU.3.4_1,REU.3.4_1,0.0407662119631971,0.600898086458322,0.560131874495125,2025.10717899352,2025.14794520548,CHIKV_RUN_S21b65_2025,55.307185,-21.163728
4530,279,REU.4.3_1,REU.4.3_1,0.0402148653083417,0.600898086458322,0.56068322114998,2025.10773034017,2025.14794520548,CHIKV_RUN_S21b41_2025,55.509442,-21.238585
3125,2475,REU.3.1_1,REU.3.1_1,0.0377639737081206,0.600898086458322,0.563134112750202,2025.11018123177,2025.14794520548,CHIKV_RUN_S21b80_2025,55.366607,-21.253818
3757,670,REU.4.3_1,REU.4.3_1,0.033419079580058,0.600898086458322,0.567479006878264,2025.1145261259,2025.14794520548,CHIKV_RUN_S35b63_2025,55.502146,-21.274582
3827,671,REU.4.3_1,REU.4.3_1,0.0332512385064069,0.600898086458322,0.567646847951915,2025.11469396697,2025.14794520548,CHIKV_RUN_S13b68_2025,55.523902,-21.275298
4410,575,REU.4.3_1,REU.4.3_1,0.0258821838290783,0.600898086458322,0.575015902629244,2025.12206302165,2025.14794520548,CHIKV_RUN_S21b16_2025,55.514525,-21.248457
4331,502,REU.4.3_1,REU.4.5_1,0.025505641808127,0.600898086458322,0.575392444650195,2025.12243956367,2025.14794520548,CHIKV_RUN_S13b45_2025,55.634855,-21.338243
4331,445,REU.4.3_1,REU.4.3_1,0.025505641808127,0.600898086458322,0.575392444650195,2025.12243956367,2025.14794520548,CHIKV_RUN_S21b38_2025,55.517192,-21.289306
6223,3029,REU.4.3_1,REU.4.3_1,0.0232661779762622,0.600898086458322,0.57763190848206,2025.1246790275,2025.14794520548,CHIKV_RUN_S35b70_2025,55.526031,-21.263312
5433,2719,REU.3.1_1,REU.2.3_1,0.0223059388696466,0.600898086458322,0.578592147588676,2025.12563926661,2025.14794520548,CHIKV_RUN_S21b72_2025,55.483066,-20.909951
5801,2805,REU.3.1_1,REU.3.3_1,0.0219226056123815,0.600898086458322,0.578975480845941,2025.12602259987,2025.14794520548,CHIKV_RUN_S21b88_2025,55.294753,-21.109486
5104,2846,REU.4.3_1,REU.4.3_1,0.0201769947550841,0.600898086458322,0.580721091703238,2025.12776821072,2025.14794520548,CHIKV_RUN_S22b64_2025,55.552755,-21.290964
4475,1229,REU.4.4_1,REU.4.4_1,0.0200257683087977,0.600898086458322,0.580872318149525,2025.12791943717,2025.14794520548,CHIKV_RUN_S35b93_2025,55.558956,-21.341875
3225,1678,REU.4.3_1,REU.4.3_1,0.0192372799999988,0.600898086458322,0.581660806458323,2025.12870792548,2025.14794520548,CHIKV_RUN_S21b24_2025,55.525958,-21.256346
3393,1695,REU.4.8_1,REU.4.8_1,0.0180555608733978,0.600898086458322,0.582842525584924,2025.12988964461,2025.14794520548,CHIKV_RUN_S13b59_2025,55.493725,-21.296335
5876,2677,REU.4.8_1,REU.2.1_1,0.0175829521044082,0.600898086458322,0.583315134353914,2025.13036225337,2025.14794520548,CHIKV_RUN_S35b64_2025,55.336769,-20.930469
5432,2206,REU.4.6_1,REU.4.6_1,0.0166972687976426,0.600898086458322,0.58420081766068,2025.13124793668,2025.14794520548,CHIKV_RUN_S13b54_2025,55.43806,-21.256328
4573,1071,REU.4.3_1,REU.4.3_1,0.0152311802293618,0.600898086458322,0.58566690622896,2025.13271402525,2025.14794520548,CHIKV_RUN_S21b14_2025,55.513955,-21.242682
3289,350,REU.4.3_1,REU.4.3_1,0.0130175302394435,0.600898086458322,0.587880556218879,2025.13492767524,2025.14794520548,CHIKV_RUN_S22b15_2025,55.506602,-21.236975
4276,390,REU.4.3_1,REU.4.3_1,0.0126463940033845,0.600898086458322,0.588251692454938,2025.13529881148,2025.14794520548,CHIKV_RUN_S13b53_2025,55.524274,-21.282466
4241,501,REU.4.3_1,REU.4.3_1,0.0101482238099376,0.600898086458322,0.590749862648385,2025.13779698167,2025.14794520548,CHIKV_RUN_S35b87_2025,55.519139,-21.279495
5296,2121,REU.4.5_1,REU.4.5_1,0.00799926942409657,0.600898086458322,0.592898817034226,2025.13994593606,2025.14794520548,CHIKV_RUN_S21b34_2025,55.628272,-21.338398
4604,1518,REU.4.3_1,REU.4.3_1,0.00551589312221323,0.600898086458322,0.595382193336109,2025.14242931236,2025.14794520548,CHIKV_RUN_S35b85_2025,55.514184,-21.270686
5557,2720,REU.4.8_1,REU.4.8_1,0.00483231514499738,0.600898086458322,0.596065771313325,2025.14311289033,2025.14794520548,CHIKV_RUN_S35b82_2025,55.496838,-21.272187
5725,2788,REU.4.3_1,REU.4.3_1,0.00250310701382672,0.600898086458322,0.598394979444495,2025.14544209847,2025.14794520548,CHIKV_RUN_S35b81_2025,55.509868,-21.273835
3872,1271,REU.4.4_1,REU.4.3_1,0.00132571825317229,0.600898086458322,0.59957236820515,2025.14661948723,2025.14794520548,CHIKV_RUN_S21b27_2025,55.533046,-21.247305
6090,3081,REU.4.3_1,REU.4.3_1,0.000619316841512951,0.600898086458322,0.60027876961681,2025.14732588864,2025.14794520548,CHIKV_RUN_S35b84_2025,55.516538,-21.280238
3666,745,REU.3.1_1,REU.3.1_1,0.000223123247632406,0.600898086458322,0.60067496321069,2025.14772208223,2025.14794520548,CHIKV_RUN_S21b43_2025,55.366033,-21.264375
5746,5747,REU.4.6_1,REU.4.6_1,0.003995522224151,0.600918927585803,0.596923405361652,2025.14397052438,2025.14796604661,NA,NA,NA
3667,3668,REU.4.8_1,REU.4.8_1,0.0320718762453094,0.600928978420739,0.56885710217543,2025.1159042212,2025.14797609744,NA,NA,NA
5149,5150,REU.2.3_1,REU.2.3_1,0.0169538679226219,0.600953505761069,0.583999637838447,2025.13104675686,2025.14800062478,NA,NA,NA
5068,5069,REU.4.8_1,REU.4.8_1,0.0226921659374977,0.601004887162064,0.578312721224566,2025.12535984025,2025.14805200618,NA,NA,NA
4048,4049,REU.4.3_1,REU.4.3_1,0.019247132889757,0.601016947916337,0.58176981502658,2025.12881693405,2025.14806406694,NA,NA,NA
4288,4293,REU.4.3_1,REU.4.3_1,0.0529116584836329,0.601045101499587,0.548133443015954,2025.09518056204,2025.14809222052,NA,NA,NA
4824,4825,REU.4.5_1,REU.4.5_1,0.0211520801482161,0.601216596676068,0.580064516527852,2025.12711163555,2025.1482637157,NA,NA,NA
4012,4015,REU.4.8_1,REU.2.5_1,0.105301725070332,0.601310392230712,0.496008667160381,2025.04305578618,2025.14835751125,NA,NA,NA
3455,3456,REU.2.3_1,REU.3.5_1,0.0175152199647035,0.601333461681408,0.583818241716704,2025.13086536074,2025.1483805807,NA,NA,NA
3864,3866,REU.4.4_1,REU.4.4_1,0.0413366629471883,0.601347900492013,0.560011237544825,2025.10705835657,2025.14839501951,NA,NA,NA
5294,5297,REU.4.5_1,REU.4.5_1,0.0191561843441124,0.601364533404957,0.582208349060845,2025.12925546808,2025.14841165243,NA,NA,NA
4719,4720,REU.4.7_1,REU.4.7_1,0.0162307972024766,0.601630804024945,0.585400006822469,2025.13244712584,2025.14867792305,NA,NA,NA
5915,5918,REU.4.8_1,REU.4.6_1,0.0358359838020748,0.601890267747515,0.56605428394544,2025.11310140297,2025.14893738677,NA,NA,NA
5598,5600,REU.4.6_1,REU.4.6_1,0.102518629729202,0.601896689253067,0.499378059523864,2025.04642517854,2025.14894380827,NA,NA,NA
4355,4356,REU.4.3_1,REU.4.3_1,0.00757800272338916,0.60196423707645,0.594386234353061,2025.14143335337,2025.1490113561,NA,NA,NA
5967,5968,REU.3.4_1,REU.3.4_1,0.0826054135392567,0.601977922395997,0.519372508856741,2025.06641962788,2025.14902504142,NA,NA,NA
3330,3331,REU.4.8_1,REU.4.8_1,0.0416450404241668,0.601983887307926,0.560338846883759,2025.1073859659,2025.14903100633,NA,NA,NA
5323,5324,REU.3.4_1,REU.3.4_1,0.03064657077487,0.602006525126703,0.571359954351833,2025.11840707337,2025.14905364415,NA,NA,NA
4022,4023,REU.2.3_1,REU.2.3_1,0.00356825974892305,0.602081447600166,0.598513187851243,2025.14556030687,2025.14912856662,NA,NA,NA
3218,3219,REU.4.3_1,REU.4.3_1,0.00206799978455008,0.602190993121018,0.600122993336468,2025.14717011236,2025.14923811214,NA,NA,NA
3331,3332,REU.4.8_1,REU.4.8_1,0.000274194325166954,0.602258081633093,0.601983887307926,2025.14903100633,2025.14930520065,NA,NA,NA
4404,4405,REU.4.3_1,REU.4.3_1,0.0333050661487861,0.602285925551237,0.56898085940245,2025.11602797842,2025.14933304457,NA,NA,NA
5387,5388,REU.3.4_1,REU.3.4_1,0.0831742027579586,0.602321124541596,0.519146921783637,2025.0661940408,2025.14936824356,NA,NA,NA
4059,4060,REU.4.3_1,REU.4.3_1,0.0155826705109869,0.602346070126779,0.586763399615792,2025.13381051864,2025.14939318915,NA,NA,NA
5543,5553,REU.4.3_1,REU.4.3_1,0.0827240172332886,0.602412379962442,0.519688362729153,2025.06673548175,2025.14945949898,NA,NA,NA
3450,3451,REU.2.3_1,REU.2.3_1,0.00662158812219327,0.602534777577832,0.595913189455639,2025.14296030848,2025.1495818966,NA,NA,NA
4720,4721,REU.4.7_1,REU.4.7_1,0.000916280664553293,0.602547084689498,0.601630804024945,2025.14867792305,2025.14959420371,NA,NA,NA
4150,4151,REU.4.3_1,REU.4.3_1,0.0101728316514769,0.602553277451196,0.592380445799719,2025.13942756482,2025.14960039647,NA,NA,NA
3327,3338,REU.4.8_1,REU.4.8_1,0.0575074841743503,0.60258027861562,0.54507279444127,2025.09211991346,2025.14962739764,NA,NA,NA
3589,3590,REU.4.8_1,REU.3.5_1,0.0489423647167632,0.602730694437081,0.553788329720318,2025.10083544874,2025.14977781346,NA,NA,NA
4748,4749,REU.4.5_1,REU.4.5_1,0.045869103729871,0.602737998822131,0.55686889509226,2025.10391601411,2025.14978511784,NA,NA,NA
4586,4587,REU.4.8_1,REU.4.8_1,0.0031132272898341,0.602751866258394,0.59963863896856,2025.14668575799,2025.14979898528,NA,NA,NA
5726,5730,REU.4.8_1,REU.4.8_1,0.0850972130901377,0.602776852284237,0.517679639194099,2025.06472675822,2025.14982397131,NA,NA,NA
5364,5367,REU.3.4_1,REU.3.4_1,0.0232257983561406,0.602798804088198,0.579573005732058,2025.12662012475,2025.14984592311,NA,NA,NA
3738,3739,REU.4.3_1,REU.4.3_1,0.0478466531028964,0.602937943101314,0.555091289998417,2025.10213840902,2025.14998506212,NA,NA,NA
4985,4986,REU.2.3_1,REU.2.5_1,0.0665814473108612,0.602983760711947,0.536402313401086,2025.08344943242,2025.15003087973,NA,NA,NA
6164,6165,REU.4.8_1,REU.4.8_1,0.00381445060139374,0.603073243952784,0.59925879335139,2025.14630591237,2025.15012036297,NA,NA,NA
5202,5204,REU.2.3_1,REU.2.3_1,0.0136417652023659,0.603218506009733,0.589576740807367,2025.13662385983,2025.15026562503,NA,NA,NA
5381,5382,REU.4.8_1,REU.3.5_1,0.0054070776750571,0.603248214490933,0.597841136815876,2025.14488825584,2025.15029533351,NA,NA,NA
4763,4764,REU.4.5_1,REU.4.5_1,0.0453861631549847,0.603329934894942,0.557943771739957,2025.10499089076,2025.15037705392,NA,NA,NA
5829,5830,REU.4.6_1,REU.4.8_1,0.00687389675220529,0.603329993304168,0.596456096551963,2025.14350321557,2025.15037711233,NA,NA,NA
5048,5087,REU.3.1_1,REU.3.1_1,0.205848816671358,0.603438535318992,0.397589718647634,2024.94463683767,2025.15048565434,NA,NA,NA
6149,6150,REU.3.1_1,REU.3.1_1,0.05597598534939,0.60344120569821,0.54746522034882,2025.09451233937,2025.15048832472,NA,NA,NA
5300,5301,REU.4.5_1,REU.4.5_1,0.00340969150355053,0.603454349710643,0.600044658207092,2025.14709177723,2025.15050146873,NA,NA,NA
5081,5082,REU.3.1_1,REU.3.1_1,0.0331255480980438,0.603459189146673,0.57033364104863,2025.11738076007,2025.15050630817,NA,NA,NA
3744,3745,REU.4.3_1,REU.4.3_1,0.0144099908710125,0.603481437715094,0.589071446844081,2025.13611856587,2025.15052855674,NA,NA,NA
5912,5913,REU.4.3_1,REU.4.3_1,0.0147474354653163,0.60349693473587,0.588749499270554,2025.13579661829,2025.15054405376,NA,NA,NA
4091,4095,REU.2.1_1,REU.2.1_1,0.0474412491138805,0.60352838491182,0.556087135797939,2025.10313425482,2025.15057550393,NA,NA,NA
5176,57,REU.3.1_1,REU.3.1_1,0.0911784937524929,0.603637812485907,0.512459318733414,2025.05950643775,2025.15068493151,CHIKV_RUN_S21b29_2025,55.336113,-21.268849
5030,2169,REU.3.1_1,REU.4.6_1,0.0874230831435284,0.603637812485907,0.516214729342379,2025.06326184836,2025.15068493151,CHIKV_RUN_S21b17_2025,55.440381,-21.263707
4641,1500,REU.4.3_1,REU.4.8_1,0.084975658868498,0.603637812485907,0.518662153617409,2025.06570927264,2025.15068493151,CHIKV_RUN_S21b74_2025,55.528609,-21.330834
3572,1584,REU.4.3_1,REU.4.8_1,0.0842416610265226,0.603637812485907,0.519396151459384,2025.06644327048,2025.15068493151,CHIKV_RUN_S13b77_2025,55.462848,-21.334591
5257,2040,REU.4.5_1,REU.4.4_1,0.0795223343952092,0.603637812485907,0.524115478090698,2025.07116259711,2025.15068493151,CHIKV_RUN_S35b77_2025,55.564873,-21.358894
5775,2540,REU.2.3_1,REU.1.1_1,0.0783282227867896,0.603637812485907,0.525309589699117,2025.07235670872,2025.15068493151,CHIKV_RUN_S15b69_2025,55.679974,-20.996331
5162,55,REU.4.8_1,REU.4.8_1,0.0740573589689173,0.603637812485907,0.52958045351699,2025.07662757254,2025.15068493151,CHIKV_RUN_S22b27_2025,55.467087,-21.306099
4685,283,REU.4.8_1,REU.1.3_1,0.0639906803241794,0.603637812485907,0.539647132161728,2025.08669425118,2025.15068493151,CHIKV_RUN_S15b66_2025,55.653395,-20.973052
6141,2002,REU.3.1_1,REU.3.1_1,0.0591122289956796,0.603637812485907,0.544525583490227,2025.09157270251,2025.15068493151,CHIKV_RUN_S21b23_2025,55.363019,-21.250659
3717,858,REU.4.3_1,REU.4.3_1,0.0580188871773518,0.603637812485907,0.545618925308555,2025.09266604433,2025.15068493151,CHIKV_RUN_S22b28_2025,55.539411,-21.238334
5516,2528,REU.4.1_1,REU.4.1_1,0.0524124606554532,0.603637812485907,0.551225351830454,2025.09827247085,2025.15068493151,CHIKV_RUN_S21b75_2025,55.477446,-21.169435
3661,802,REU.4.3_1,REU.4.3_1,0.0492798813368025,0.603637812485907,0.554357931149104,2025.10140505017,2025.15068493151,CHIKV_RUN_S35b75_2025,55.503625,-21.273697
6161,1864,REU.4.8_1,REU.4.6_1,0.0458289421586364,0.603637812485907,0.557808870327271,2025.10485598935,2025.15068493151,CHIKV_RUN_S13b83_2025,55.412502,-21.279366
4559,1482,REU.4.3_1,REU.4.8_1,0.0445864545181999,0.603637812485907,0.559051357967707,2025.10609847699,2025.15068493151,CHIKV_RUN_S21b32_2025,55.481352,-21.314278
4970,1905,REU.3.1_1,REU.3.1_1,0.043184743034302,0.603637812485907,0.560453069451605,2025.10750018847,2025.15068493151,CHIKV_RUN_S21b63_2025,55.335866,-21.273848
5794,2827,REU.2.3_1,REU.2.3_1,0.0391991621910429,0.603637812485907,0.564438650294864,2025.11148576932,2025.15068493151,CHIKV_RUN_S35b69_2025,55.470775,-20.901613
4568,111,REU.4.3_1,REU.4.1_1,0.0336890628033537,0.603637812485907,0.569948749682553,2025.1169958687,2025.15068493151,CHIKV_RUN_S21b79_2025,55.466646,-21.144892
4002,1577,REU.4.3_1,REU.4.3_1,0.0330141202842742,0.603637812485907,0.570623692201633,2025.11767081122,2025.15068493151,CHIKV_RUN_S13b85_2025,55.511148,-21.283736
3321,1087,REU.4.3_1,REU.2.4_1,0.0323275543371417,0.603637812485907,0.571310258148765,2025.11835737717,2025.15068493151,CHIKV_RUN_S15b65_2025,55.57527,-20.927587
4487,1629,REU.3.5_1,REU.3.5_1,0.032065006475367,0.603637812485907,0.57157280601054,2025.11861992503,2025.15068493151,CHIKV_RUN_S22b17_2025,55.3288,-20.998901
6116,2624,REU.4.8_1,REU.4.8_1,0.0316875601401666,0.603637812485907,0.57195025234574,2025.11899737137,2025.15068493151,CHIKV_RUN_S21b49_2025,55.478389,-21.285709
5355,2468,REU.4.6_1,REU.4.6_1,0.0306733418555617,0.603637812485907,0.572964470630345,2025.12001158965,2025.15068493151,CHIKV_RUN_S22b18_2025,55.421074,-21.253782
4348,509,REU.4.3_1,REU.4.6_1,0.0294628055992253,0.603637812485907,0.574175006886682,2025.12122212591,2025.15068493151,CHIKV_RUN_S21b19_2025,55.418728,-21.290946
3627,786,REU.4.8_1,REU.4.8_1,0.0294212254136816,0.603637812485907,0.574216587072225,2025.12126370609,2025.15068493151,CHIKV_RUN_S21b13_2025,55.474649,-21.286325
3627,782,REU.4.8_1,REU.4.8_1,0.0294212254136816,0.603637812485907,0.574216587072225,2025.12126370609,2025.15068493151,CHIKV_RUN_S21b21_2025,55.476804,-21.285892
3240,1126,REU.4.3_1,REU.4.6_1,0.0286907483229306,0.603637812485907,0.574947064162976,2025.12199418318,2025.15068493151,CHIKV_RUN_S21b30_2025,55.438904,-21.269211
4557,1926,REU.4.8_1,REU.3.1_1,0.0275454499301948,0.603637812485907,0.576092362555712,2025.12313948158,2025.15068493151,CHIKV_RUN_S22b58_2025,55.388986,-21.25054
5016,2576,REU.3.1_1,REU.3.1_1,0.0271476862614167,0.603637812485907,0.57649012622449,2025.12353724525,2025.15068493151,CHIKV_RUN_S21b31_2025,55.364818,-21.26293
3793,656,REU.4.3_1,REU.4.3_1,0.0253193239208024,0.603637812485907,0.578318488565105,2025.12536560759,2025.15068493151,CHIKV_RUN_S21b58_2025,55.512236,-21.291815
4290,442,REU.4.3_1,REU.4.1_1,0.0244527861737694,0.603637812485907,0.579185026312138,2025.12623214533,2025.15068493151,CHIKV_RUN_S22b34_2025,55.47275,-21.143112
5750,2222,REU.4.6_1,REU.4.8_1,0.0239847684416201,0.603637812485907,0.579653044044287,2025.12670016307,2025.15068493151,CHIKV_RUN_S35b94_2025,55.467256,-21.34022
4714,174,REU.4.7_1,REU.4.7_1,0.0227119490661236,0.603637812485907,0.580925863419783,2025.12797298244,2025.15068493151,CHIKV_RUN_S13b86_2025,55.717646,-21.371602
4777,233,REU.4.8_1,REU.4.6_1,0.0224497148895653,0.603637812485907,0.581188097596342,2025.12823521662,2025.15068493151,CHIKV_RUN_S21b86_2025,55.41854,-21.283393
3228,1658,REU.4.3_1,REU.4.3_1,0.0218018124102388,0.603637812485907,0.581836000075668,2025.1288831191,2025.15068493151,CHIKV_RUN_S22b14_2025,55.526059,-21.256546
3925,1269,REU.4.4_1,REU.4.4_1,0.0196809508170257,0.603637812485907,0.583956861668881,2025.13100398069,2025.15068493151,CHIKV_RUN_S13b67_2025,55.562923,-21.35388
5432,2207,REU.4.6_1,REU.4.6_1,0.0194369948252273,0.603637812485907,0.58420081766068,2025.13124793668,2025.15068493151,CHIKV_RUN_S21b39_2025,55.440064,-21.256676
3562,1706,REU.4.8_1,REU.4.8_1,0.0190771721548486,0.603637812485907,0.584560640331058,2025.13160775935,2025.15068493151,CHIKV_RUN_S21b55_2025,55.472824,-21.304821
3373,1341,REU.4.3_1,REU.4.3_1,0.018517383382094,0.603637812485907,0.585120429103813,2025.13216754812,2025.15068493151,CHIKV_RUN_S13b70_2025,55.51631,-21.296854
3307,321,REU.4.3_1,REU.4.3_1,0.017204666894343,0.603637812485907,0.586433145591564,2025.13348026461,2025.15068493151,CHIKV_RUN_S35b72_2025,55.523613,-21.261098
4092,892,REU.2.1_1,REU.2.1_1,0.0166100754992387,0.603637812485907,0.587027736986668,2025.13407485601,2025.15068493151,CHIKV_RUN_S21b46_2025,55.331844,-20.958921
4901,256,REU.4.8_1,REU.4.8_1,0.0163742749881288,0.603637812485907,0.587263537497778,2025.13431065652,2025.15068493151,CHIKV_RUN_S21b28_2025,55.492018,-21.302727
5962,2984,REU.3.4_1,REU.4.8_1,0.0156128759963515,0.603637812485907,0.588024936489555,2025.13507205551,2025.15068493151,CHIKV_RUN_S35b59_2025,55.483149,-21.337769
4093,891,REU.2.1_1,REU.2.1_1,0.0153572258209795,0.603637812485907,0.588280586664927,2025.13532770569,2025.15068493151,CHIKV_RUN_S35b88_2025,55.341718,-20.937803
3878,1250,REU.4.4_1,REU.4.8_1,0.0149635578118954,0.603637812485907,0.588674254674012,2025.1357213737,2025.15068493151,CHIKV_RUN_S21b61_2025,55.459625,-21.292355
5283,2095,REU.4.5_1,REU.3.5_1,0.0142983742162803,0.603637812485907,0.589339438269627,2025.13638655729,2025.15068493151,CHIKV_RUN_S21b42_2025,55.26568,-21.025643
4241,500,REU.4.3_1,REU.4.3_1,0.0128879498375224,0.603637812485907,0.590749862648385,2025.13779698167,2025.15068493151,CHIKV_RUN_S21b47_2025,55.523534,-21.238463
4591,1586,REU.4.8_1,REU.4.8_1,0.0125329686458334,0.603637812485907,0.591104843840074,2025.13815196286,2025.15068493151,CHIKV_RUN_S21b10_2025,55.458276,-21.297216
3519,884,REU.4.3_1,REU.4.3_1,0.0125013191958612,0.603637812485907,0.591136493290046,2025.13818361231,2025.15068493151,CHIKV_RUN_S21b59_2025,55.510616,-21.236884
4367,520,REU.4.6_1,REU.4.6_1,0.0120455097367073,0.603637812485907,0.5915923027492,2025.13863942177,2025.15068493151,CHIKV_RUN_S21b64_2025,55.412307,-21.288231
3948,1302,REU.4.3_1,REU.4.3_1,0.0108823554065058,0.603637812485907,0.592755457079401,2025.1398025761,2025.15068493151,CHIKV_RUN_S13b71_2025,55.532668,-21.262135
3420,1016,REU.2.3_1,REU.2.3_1,0.00814765991492206,0.603637812485907,0.595490152570985,2025.14253727159,2025.15068493151,CHIKV_RUN_S13b79_2025,55.444339,-20.895055
4590,1585,REU.4.8_1,REU.4.8_1,0.00801681468573323,0.603637812485907,0.595620997800174,2025.14266811682,2025.15068493151,CHIKV_RUN_S21b18_2025,55.473297,-21.335316
5616,2716,REU.4.3_1,REU.4.3_1,0.00720668574917438,0.603637812485907,0.596431126736733,2025.14347824576,2025.15068493151,CHIKV_RUN_S21b20_2025,55.524765,-21.270645
3306,325,REU.4.3_1,REU.4.3_1,0.00713876431941518,0.603637812485907,0.596499048166492,2025.14354616719,2025.15068493151,CHIKV_RUN_S13b78_2025,55.518063,-21.285981
5508,2143,REU.4.8_1,REU.4.8_1,0.00611618239559164,0.603637812485907,0.597521630090315,2025.14456874911,2025.15068493151,CHIKV_RUN_S35b65_2025,55.480522,-21.344532
5072,2730,REU.4.8_1,REU.4.8_1,0.0059940705089877,0.603637812485907,0.597643741976919,2025.144690861,2025.15068493151,CHIKV_RUN_S21b67_2025,55.498282,-21.299974
3991,102,REU.4.8_1,REU.1.2_1,0.00572161750303279,0.603637812485907,0.597916194982874,2025.144963314,2025.15068493151,CHIKV_RUN_S15b68_2025,55.626601,-21.132939
4813,65,REU.3.3_1,REU.3.3_1,0.00481529995490859,0.603637812485907,0.598822512530998,2025.14586963155,2025.15068493151,CHIKV_RUN_S21b37_2025,55.28447,-21.111307
3597,1334,REU.4.8_1,REU.4.8_1,0.00425582105067668,0.603637812485907,0.59938199143523,2025.14642911046,2025.15068493151,CHIKV_RUN_S22b33_2025,55.482599,-21.277955
3218,1664,REU.4.3_1,REU.4.3_1,0.00351481914943941,0.603637812485907,0.600122993336468,2025.14717011236,2025.15068493151,CHIKV_RUN_S21b11_2025,55.537304,-21.252454
5747,1797,REU.4.6_1,REU.4.6_1,0.00271888490010375,0.603637812485907,0.600918927585803,2025.14796604661,2025.15068493151,CHIKV_RUN_S35b68_2025,55.433726,-21.276805
5918,1784,REU.4.6_1,REU.4.6_1,0.00174754473839234,0.603637812485907,0.601890267747515,2025.14893738677,2025.15068493151,CHIKV_RUN_S21b56_2025,55.437328,-21.264116
5600,2835,REU.4.6_1,REU.4.6_1,0.00174112323284037,0.603637812485907,0.601896689253067,2025.14894380827,2025.15068493151,CHIKV_RUN_S21b45_2025,55.440178,-21.260841
5272,5274,REU.4.5_1,REU.4.5_1,0.0613744684723317,0.603806604152652,0.542432135680321,2025.0894792547,2025.15085372317,NA,NA,NA
4749,4750,REU.4.5_1,REU.4.5_1,0.00111023935659482,0.603848238178726,0.602737998822131,2025.14978511784,2025.1508953572,NA,NA,NA
5082,5084,REU.3.1_1,REU.3.1_1,0.000434037001147414,0.603893226147821,0.603459189146673,2025.15050630817,2025.15094034517,NA,NA,NA
4999,5000,REU.2.3_1,REU.2.3_1,0.00779372660055411,0.603919040469308,0.596125313868753,2025.14317243289,2025.15096615949,NA,NA,NA
5182,5185,REU.3.5_1,REU.3.5_1,0.0105478614262186,0.604007344266619,0.593459482840401,2025.14050660186,2025.15105446329,NA,NA,NA
3984,3985,REU.4.3_1,REU.4.3_1,0.00425877951635978,0.604015849318843,0.599757069802484,2025.14680418882,2025.15106296834,NA,NA,NA
4405,4407,REU.4.3_1,REU.4.3_1,0.00173145827513099,0.604017383826367,0.602285925551237,2025.14933304457,2025.15106450285,NA,NA,NA
5211,5213,REU.2.3_1,REU.2.3_1,0.0126927595133013,0.604067582772454,0.591374823259152,2025.13842194228,2025.15111470179,NA,NA,NA
3882,3883,REU.4.4_1,REU.4.4_1,0.0485069928760767,0.604163563930634,0.555656571054557,2025.10270369008,2025.15121068295,NA,NA,NA
3978,3979,REU.4.3_1,REU.3.5_1,0.0575493085293319,0.60419234950008,0.546643040970749,2025.09369015999,2025.15123946852,NA,NA,NA
4801,4802,REU.4.8_1,REU.4.8_1,0.0140480135858501,0.604272686458684,0.590224672872834,2025.13727179189,2025.15131980548,NA,NA,NA
5887,5888,REU.3.1_1,REU.3.1_1,0.0286458093802601,0.604328698061317,0.575682888681057,2025.1227300077,2025.15137581708,NA,NA,NA
4363,4364,REU.4.8_1,REU.4.8_1,0.0739362334106396,0.60442458223105,0.53048834882041,2025.07753546784,2025.15147170125,NA,NA,NA
5532,5533,REU.4.1_1,REU.4.1_1,0.100412363543549,0.604477574813071,0.504065211269522,2025.05111233029,2025.15152469383,NA,NA,NA
6063,6066,REU.2.3_1,REU.2.3_1,0.0295456094644381,0.604502804432511,0.574957194968073,2025.12200431399,2025.15154992345,NA,NA,NA
4696,4697,REU.4.3_1,REU.4.3_1,0.00831852255592025,0.604539791146347,0.596221268590427,2025.14326838761,2025.15158691017,NA,NA,NA
5804,5805,REU.3.1_1,REU.3.1_1,0.0197476474688774,0.604567702099508,0.58482005463063,2025.13186717365,2025.15161482112,NA,NA,NA
4849,4850,REU.2.3_1,REU.2.3_1,0.0263031962225293,0.604687285363205,0.578384089140676,2025.12543120816,2025.15173440438,NA,NA,NA
4382,4383,REU.4.3_1,REU.4.3_1,0.0132093088474697,0.604710867151007,0.591501558303537,2025.13854867732,2025.15175798617,NA,NA,NA
4986,4987,REU.2.5_1,REU.2.5_1,0.00187193255585838,0.604855693267806,0.602983760711947,2025.15003087973,2025.15190281229,NA,NA,NA
5017,5018,REU.4.6_1,REU.4.6_1,0.0182500619997185,0.604920423936733,0.586670361937014,2025.13371748096,2025.15196754296,NA,NA,NA
5445,5446,REU.3.1_1,REU.4.5_1,0.128754972258706,0.605012500185634,0.476257527926928,2025.02330464695,2025.15205961921,NA,NA,NA
6124,6126,REU.4.3_1,REU.4.8_1,0.104248154945656,0.605015509163932,0.500767354218275,2025.04781447324,2025.15206262818,NA,NA,NA
5000,5001,REU.2.3_1,REU.2.3_1,0.00110472570001452,0.605023766169322,0.603919040469308,2025.15096615949,2025.15207088519,NA,NA,NA
4438,4458,REU.3.5_1,REU.4.8_1,0.119424080817241,0.605072413859307,0.485648333042067,2025.03269545206,2025.15211953288,NA,NA,NA
3861,3862,REU.4.4_1,REU.4.4_1,0.0233775943525381,0.605182980989036,0.581805386636498,2025.12885250566,2025.15223010001,NA,NA,NA
4023,4024,REU.2.3_1,REU.2.3_1,0.00328495337253054,0.605366400972697,0.602081447600166,2025.14912856662,2025.15241351999,NA,NA,NA
3675,3676,REU.4.3_1,REU.4.3_1,0.0376320783725478,0.605397658944406,0.567765580571858,2025.11481269959,2025.15244477797,NA,NA,NA
4464,4465,REU.3.5_1,REU.3.5_1,0.00849949619108059,0.605441282506212,0.596941786315132,2025.14398890534,2025.15248840153,NA,NA,NA
5894,5895,REU.4.6_1,REU.4.6_1,0.0514318198419821,0.605467570396013,0.554035750554031,2025.10108286958,2025.15251468942,NA,NA,NA
5861,5862,REU.3.1_1,REU.3.1_1,0.014055795150542,0.605511200661523,0.591455405510981,2025.13850252453,2025.15255831968,NA,NA,NA
6165,6166,REU.4.8_1,REU.4.8_1,0.0024658518520948,0.605539095804879,0.603073243952784,2025.15012036297,2025.15258621483,NA,NA,NA
5078,5079,REU.4.6_1,REU.4.6_1,0.0127455203547107,0.605561437723545,0.592815917368834,2025.13986303639,2025.15260855674,NA,NA,NA
5871,5879,REU.4.8_1,REU.4.8_1,0.109746404916424,0.605641870215135,0.495895465298712,2025.04294258432,2025.15268898924,NA,NA,NA
5457,5458,REU.3.4_1,REU.3.4_1,0.0545949715108907,0.605642327196742,0.551047355685852,2025.09809447471,2025.15268944622,NA,NA,NA
5976,5977,REU.3.4_1,REU.3.4_1,0.0722440030129864,0.605661751259709,0.533417748246722,2025.08046486727,2025.15270887028,NA,NA,NA
5647,5650,REU.4.8_1,REU.4.8_1,0.0958743779465266,0.605672272137653,0.509797894191126,2025.05684501321,2025.15271939116,NA,NA,NA
3383,3384,REU.4.3_1,REU.4.3_1,0.0138809059900664,0.605683781333921,0.591802875343854,2025.13884999436,2025.15273090035,NA,NA,NA
4787,4788,REU.4.8_1,REU.4.8_1,0.0553339209855637,0.605686662500581,0.550352741515017,2025.09739986054,2025.15273378152,NA,NA,NA
5681,5682,REU.3.4_1,REU.3.4_1,0.0437776330939926,0.605690171848629,0.561912538754636,2025.10895965778,2025.15273729087,NA,NA,NA
5664,5665,REU.3.1_1,REU.3.5_1,0.0545740069214096,0.605826954203215,0.551252947281805,2025.0983000663,2025.15287407322,NA,NA,NA
6010,6011,REU.2.3_1,REU.2.1_1,0.00986597749205975,0.605998019562706,0.596132042070646,2025.14317916109,2025.15304513858,NA,NA,NA
5362,5363,REU.3.4_1,REU.3.4_1,0.0352821907123362,0.606015452072131,0.570733261359795,2025.11778038038,2025.15306257109,NA,NA,NA
3415,3416,REU.4.3_1,REU.4.3_1,0.0580041276767367,0.606074156492158,0.548070028815421,2025.09511714784,2025.15312127551,NA,NA,NA
5918,5919,REU.4.6_1,REU.4.6_1,0.00419635234263516,0.60608662009015,0.601890267747515,2025.14893738677,2025.15313373911,NA,NA,NA
4768,4769,REU.4.5_1,REU.4.5_1,0.03005434888444,0.606142575044408,0.576088226159968,2025.12313534518,2025.15318969407,NA,NA,NA
4339,4351,REU.4.3_1,REU.4.3_1,0.122604325141941,0.60615474512129,0.483550419979349,2025.030597539,2025.15320186414,NA,NA,NA
5389,5390,REU.3.4_1,REU.3.4_1,0.0879009903595261,0.606214377997667,0.518313387638141,2025.06536050666,2025.15326149702,NA,NA,NA
4443,4447,REU.4.8_1,REU.4.8_1,0.0265075507160736,0.606234359194654,0.579726808478581,2025.1267739275,2025.15328147822,NA,NA,NA
4430,4431,REU.2.3_1,REU.2.3_1,0.025043167524788,0.606332109053073,0.581288941528285,2025.12833606055,2025.15337922807,NA,NA,NA
4924,4929,REU.3.1_1,REU.2.3_1,0.0203737034190705,0.606345567235214,0.585971863816144,2025.13301898284,2025.15339268626,NA,NA,NA
3680,672,REU.4.3_1,REU.4.8_1,0.155089162810167,0.606377538513264,0.451288375703098,2024.99833549472,2025.15342465753,CHIKV_RUN_S22b26_2025,55.502758,-21.295395
3951,1935,REU.4.3_1,REU.4.6_1,0.153525700350127,0.606377538513264,0.452851838163138,2024.99989895718,2025.15342465753,CHIKV_RUN_S21b51_2025,55.436296,-21.26359
6129,2486,REU.4.3_1,REU.3.5_1,0.146871034053918,0.606377538513264,0.459506504459346,2025.00655362348,2025.15342465753,CHIKV_RUN_S21b50_2025,55.285628,-21.089236
3714,807,REU.4.3_1,REU.4.8_1,0.0820991410799249,0.606377538513264,0.52427839743334,2025.07132551645,2025.15342465753,CHIKV_RUN_S35b90_2025,55.481762,-21.346205
3721,803,REU.4.3_1,REU.4.3_1,0.0703877313891043,0.606377538513264,0.53598980712416,2025.08303692615,2025.15342465753,CHIKV_RUN_S13b89_2025,55.513214,-21.285639
4684,365,REU.4.8_1,REU.3.1_1,0.0702892607165712,0.606377538513264,0.536088277796693,2025.08313539682,2025.15342465753,CHIKV_RUN_S22b63_2025,55.370369,-21.281844
5009,2477,REU.3.1_1,REU.3.1_1,0.0635336695262732,0.606377538513264,0.542843868986991,2025.08989098801,2025.15342465753,CHIKV_RUN_S21b78_2025,55.36739,-21.251415
5117,2291,REU.4.3_1,REU.4.4_1,0.0601625840818508,0.606377538513264,0.546214954431414,2025.09326207345,2025.15342465753,CHIKV_RUN_S35b78_2025,55.551897,-21.350346
4615,1501,REU.4.3_1,REU.4.3_1,0.0507706957325645,0.606377538513264,0.5556068427807,2025.1026539618,2025.15342465753,CHIKV_RUN_S13b84_2025,55.511534,-21.232849
5579,293,REU.4.8_1,REU.4.5_1,0.0493324387875137,0.606377538513264,0.557045099725751,2025.10409221875,2025.15342465753,CHIKV_RUN_S22b66_2025,55.602883,-21.332519
5134,2283,REU.4.3_1,REU.4.8_1,0.0491801465875807,0.606377538513264,0.557197391925684,2025.10424451095,2025.15342465753,CHIKV_RUN_S21b36_2025,55.533664,-21.316372
3594,98,REU.4.3_1,REU.4.3_1,0.0483960137988858,0.606377538513264,0.557981524714379,2025.10502864374,2025.15342465753,CHIKV_RUN_S14b30_2025,55.520338,-21.268537
3935,1256,REU.4.4_1,REU.4.4_1,0.0468546979273213,0.606377538513264,0.559522840585943,2025.10656995961,2025.15342465753,CHIKV_RUN_S35b60_2025,55.566791,-21.348393
3255,1103,REU.4.3_1,REU.4.3_1,0.044329657859087,0.606377538513264,0.562047880654177,2025.10909499968,2025.15342465753,CHIKV_RUN_S35b92_2025,55.541191,-21.257468
5114,2287,REU.4.3_1,REU.4.3_1,0.0413887265742974,0.606377538513264,0.564988811938967,2025.11203593096,2025.15342465753,CHIKV_RUN_S21b44_2025,55.518603,-21.29672
4147,933,REU.4.3_1,REU.4.3_1,0.0387745749571797,0.606377538513264,0.567602963556085,2025.11465008258,2025.15342465753,CHIKV_RUN_S13b87_2025,55.510972,-21.289362
4457,122,REU.3.5_1,REU.3.5_1,0.0370757927478429,0.606377538513264,0.569301745765421,2025.11634886479,2025.15342465753,CHIKV_RUN_S14b07_2025,55.270136,-21.083703
3637,781,REU.4.8_1,REU.4.8_1,0.0362709749037559,0.606377538513264,0.570106563609509,2025.11715368263,2025.15342465753,CHIKV_RUN_S22b29_2025,55.477033,-21.287757
6116,1879,REU.4.8_1,REU.4.4_1,0.034427286167524,0.606377538513264,0.57195025234574,2025.11899737137,2025.15342465753,CHIKV_RUN_S14b32_2025,55.563997,-21.348199
3534,1635,REU.4.8_1,REU.4.8_1,0.0327501067240308,0.606377538513264,0.573627431789234,2025.12067455081,2025.15342465753,CHIKV_RUN_S21b57_2025,55.472224,-21.311853
4824,1452,REU.4.5_1,REU.4.6_1,0.0263130219854124,0.606377538513264,0.580064516527852,2025.12711163555,2025.15342465753,CHIKV_RUN_S21b35_2025,55.408711,-21.289178
3137,3009,REU.3.2_1,REU.3.2_1,0.0255439515776177,0.606377538513264,0.580833586935647,2025.12788070596,2025.15342465753,CHIKV_RUN_S22b61_2025,55.340688,-21.242198
3443,994,REU.2.3_1,REU.2.3_1,0.0251510831212481,0.606377538513264,0.581226455392016,2025.12827357441,2025.15342465753,CHIKV_RUN_S35b80_2025,55.490575,-20.922373
4678,1394,REU.4.8_1,REU.2.1_1,0.0246471212829812,0.606377538513264,0.581730417230283,2025.12877753625,2025.15342465753,CHIKV_RUN_S13b88_2025,55.340153,-20.937131
4797,89,REU.4.8_1,REU.3.3_1,0.0210165335649964,0.606377538513264,0.585361004948268,2025.13240812397,2025.15342465753,CHIKV_RUN_S21b54_2025,55.289794,-21.107537
4610,1496,REU.3.1_1,REU.3.1_1,0.0204212055083866,0.606377538513264,0.585956333004878,2025.13300345203,2025.15342465753,CHIKV_RUN_S22b21_2025,55.371738,-21.266489
4968,1912,REU.4.8_1,REU.4.8_1,0.0160543580074902,0.606377538513264,0.590323180505774,2025.13737029953,2025.15342465753,CHIKV_RUN_S21b40_2025,55.46748,-21.301269
3518,881,REU.4.3_1,REU.4.3_1,0.0154242107565854,0.606377538513264,0.590953327756679,2025.13800044678,2025.15342465753,CHIKV_RUN_S13b90_2025,55.512085,-21.236172
4775,223,REU.4.5_1,REU.4.5_1,0.0100326860549813,0.606377538513264,0.596344852458283,2025.14339197148,2025.15342465753,CHIKV_RUN_S14b34_2025,55.593875,-21.366009
4608,1517,REU.4.8_1,REU.4.8_1,0.00916269770013811,0.606377538513264,0.597214840813126,2025.14426195983,2025.15342465753,CHIKV_RUN_S35b66_2025,55.484298,-21.257965
5300,2122,REU.4.5_1,REU.4.8_1,0.00633288030617218,0.606377538513264,0.600044658207092,2025.14709177723,2025.15342465753,CHIKV_RUN_S13b82_2025,55.527768,-21.330149
3668,746,REU.4.8_1,REU.4.8_1,0.00544856009252537,0.606377538513264,0.600928978420739,2025.14797609744,2025.15342465753,CHIKV_RUN_S35b61_2025,55.487301,-21.345641
5382,2446,REU.3.5_1,REU.3.5_1,0.00312932402233135,0.606377538513264,0.603248214490933,2025.15029533351,2025.15342465753,CHIKV_RUN_S22b76_2025,55.223868,-21.048254
5830,1612,REU.4.8_1,REU.3.2_1,0.00304754520909634,0.606377538513265,0.603329993304168,2025.15037711233,2025.15342465753,CHIKV_RUN_S22b67_2025,55.333221,-21.240232
6150,1851,REU.3.1_1,REU.3.1_1,0.0029363328150549,0.606377538513264,0.60344120569821,2025.15048832472,2025.15342465753,CHIKV_RUN_S21b70_2025,55.337482,-21.270987
3862,1254,REU.4.4_1,REU.4.5_1,0.00119455752422815,0.606377538513264,0.605182980989036,2025.15223010001,2025.15342465753,CHIKV_RUN_S21b60_2025,55.617375,-21.375613
4465,166,REU.3.5_1,REU.3.5_1,0.000936256007052161,0.606377538513264,0.605441282506212,2025.15248840153,2025.15342465753,CHIKV_RUN_S14b06_2025,55.271828,-21.08516
5458,1901,REU.3.4_1,REU.3.4_1,0.000735211316521989,0.606377538513264,0.605642327196742,2025.15268944622,2025.15342465753,CHIKV_RUN_S22b59_2025,55.303985,-21.173627
6011,2853,REU.2.1_1,REU.2.1_1,0.000379518950558211,0.606377538513264,0.605998019562706,2025.15304513858,2025.15342465753,CHIKV_RUN_S35b76_2025,55.338492,-20.956196
3460,3474,REU.2.3_1,REU.2.3_1,0.0897144878208627,0.606547510242674,0.516833022421811,2025.06388014144,2025.15359462926,NA,NA,NA
3313,3314,REU.4.3_1,REU.4.3_1,0.0082400842501017,0.606567523754856,0.598327439504754,2025.14537455853,2025.15361464278,NA,NA,NA
5988,5989,REU.4.6_1,REU.4.6_1,0.0330831530683516,0.606580880454972,0.57349772738662,2025.12054484641,2025.15362799948,NA,NA,NA
3916,3917,REU.4.4_1,REU.4.4_1,0.0191481821595363,0.606740296211486,0.58759211405195,2025.13463923307,2025.15378741523,NA,NA,NA
6211,6212,REU.4.3_1,REU.4.8_1,0.110183974456178,0.606795006750018,0.49661103229384,2025.04365815131,2025.15384212577,NA,NA,NA
4410,4411,REU.4.3_1,REU.4.3_1,0.0318806264941102,0.606896529123354,0.575015902629244,2025.12206302165,2025.15394364814,NA,NA,NA
5433,5434,REU.3.1_1,REU.3.1_1,0.028343451735583,0.606935599324259,0.578592147588676,2025.12563926661,2025.15398271835,NA,NA,NA
3138,3139,REU.3.1_1,REU.4.8_1,0.109066100021555,0.607104856307954,0.498038756286398,2025.04508587531,2025.15415197533,NA,NA,NA
3835,3836,REU.4.3_1,REU.4.3_1,0.0212102062570344,0.607117995851964,0.58590778959493,2025.13295490862,2025.15416511487,NA,NA,NA
4378,4381,REU.4.3_1,REU.4.3_1,0.0544809407182666,0.607284349540004,0.552803408821738,2025.09985052784,2025.15433146856,NA,NA,NA
5198,5200,REU.2.3_1,REU.2.3_1,0.0558839574226494,0.607328671128465,0.551444713705815,2025.09849183273,2025.15437579015,NA,NA,NA
3412,3413,REU.4.8_1,REU.4.8_1,0.036288159908168,0.607480958165462,0.571192798257294,2025.11823991728,2025.15452807719,NA,NA,NA
3451,3452,REU.2.3_1,REU.2.3_1,0.00496071614435589,0.607495493722188,0.602534777577832,2025.1495818966,2025.15454261274,NA,NA,NA
5776,5777,REU.2.3_1,REU.2.3_1,0.0265152820555221,0.607522838365544,0.581007556310021,2025.12805467533,2025.15456995739,NA,NA,NA
3385,3388,REU.4.3_1,REU.3.1_1,0.0262608543531244,0.607622238856546,0.581361384503421,2025.12840850352,2025.15466935788,NA,NA,NA
5119,5120,REU.4.3_1,REU.4.3_1,0.0249864191866157,0.607705579456314,0.582719160269699,2025.12976627929,2025.15475269848,NA,NA,NA
5367,5368,REU.3.4_1,REU.3.4_1,0.00492668110995997,0.607725485198158,0.602798804088198,2025.14984592311,2025.15477260422,NA,NA,NA
6118,6120,REU.4.3_1,REU.4.6_1,0.0389672288037735,0.607862446441985,0.568895217638212,2025.11594233666,2025.15490956546,NA,NA,NA
4084,4089,REU.4.8_1,REU.3.5_1,0.094488358407318,0.607865406328705,0.513377047921387,2025.06042416694,2025.15491252535,NA,NA,NA
4431,4432,REU.2.3_1,REU.2.3_1,0.00160763020362742,0.6079397392567,0.606332109053073,2025.15337922807,2025.15498685828,NA,NA,NA
3505,3506,REU.3.5_1,REU.3.5_1,0.0960304993368469,0.608008606599511,0.511978107262664,2025.05902522628,2025.15505572562,NA,NA,NA
4002,4003,REU.4.3_1,REU.4.3_1,0.037501440518084,0.608125132719717,0.570623692201633,2025.11767081122,2025.15517225174,NA,NA,NA
5784,5817,REU.3.1_1,REU.4.8_1,0.195892642290419,0.608166937533847,0.412274295243428,2024.95932141426,2025.15521405655,NA,NA,NA
5942,5943,REU.3.4_1,REU.4.6_1,0.0920603506611163,0.608231233558067,0.51617088289695,2025.06321800192,2025.15527835258,NA,NA,NA
6096,6097,REU.4.3_1,REU.4.3_1,0.0156943477341628,0.608232129804617,0.592537782070454,2025.13958490109,2025.15527924883,NA,NA,NA
5955,5956,REU.3.4_1,REU.3.4_1,0.0475284484779754,0.608234170690047,0.560705722212072,2025.10775284123,2025.15528128971,NA,NA,NA
5364,5365,REU.3.4_1,REU.3.4_1,0.0287046351437052,0.608277640875763,0.579573005732058,2025.12662012475,2025.1553247599,NA,NA,NA
4838,4839,REU.4.8_1,REU.4.8_1,0.033165535669254,0.608391305962254,0.575225770293,2025.12227288931,2025.15543842498,NA,NA,NA
4155,4156,REU.4.3_1,REU.4.8_1,0.0108623557597909,0.608414274529947,0.597551918770156,2025.14459903779,2025.15546139355,NA,NA,NA
4778,4779,REU.4.8_1,REU.4.8_1,0.0212929369018291,0.60855501314123,0.587262076239401,2025.13430919526,2025.15560213216,NA,NA,NA
4563,4564,REU.4.3_1,REU.4.3_1,0.0687146667902787,0.608581140880709,0.539866474090431,2025.08691359311,2025.1556282599,NA,NA,NA
3901,3902,REU.4.5_1,REU.4.5_1,0.0124312256106497,0.608608802747314,0.596177577136665,2025.14322469616,2025.15565592177,NA,NA,NA
6041,6042,REU.2.3_1,REU.2.3_1,0.0374244184340893,0.608610808260681,0.571186389826592,2025.11823350885,2025.15565792728,NA,NA,NA
3372,3375,REU.4.3_1,REU.2.3_1,0.0273125761368915,0.608619229499899,0.581306653363008,2025.12835377238,2025.15566634852,NA,NA,NA
5204,5205,REU.2.3_1,REU.2.3_1,0.00546149986146305,0.608680005871196,0.603218506009733,2025.15026562503,2025.15572712489,NA,NA,NA
5646,5654,REU.4.8_1,REU.4.5_1,0.104624619789233,0.608949939368503,0.50432531957927,2025.0513724386,2025.15599705839,NA,NA,NA
6219,6220,REU.4.3_1,REU.4.3_1,0.0356812250563343,0.608979169519259,0.573297944462925,2025.12034506348,2025.15602628854,NA,NA,NA
3186,3187,REU.3.1_1,REU.3.1_1,0.0775994147104828,0.609001457381766,0.531402042671283,2025.07844916169,2025.1560485764,NA,NA,NA
3139,3140,REU.4.8_1,REU.4.8_1,0.00189720165245089,0.609002057960404,0.607104856307954,2025.15415197533,2025.15604917698,NA,NA,NA
4225,4233,REU.4.3_1,REU.4.3_1,0.0469654947342371,0.609008870222477,0.562043375488239,2025.10909049451,2025.15605598924,NA,NA,NA
3578,3584,REU.4.3_1,REU.1.4_1,0.048679440060926,0.60903801458648,0.560358574525554,2025.10740569355,2025.15608513361,NA,NA,NA
3682,3683,REU.4.3_1,REU.4.8_1,0.0266179040755858,0.609038843874646,0.58242093979906,2025.12946805882,2025.1560859629,NA,NA,NA
3343,3345,REU.3.5_1,REU.3.5_1,0.0343174270027075,0.609053043709161,0.574735616706453,2025.12178273573,2025.15610016273,NA,NA,NA
4536,4539,REU.4.8_1,REU.4.8_1,0.0180777749522685,0.609094172769378,0.591016397817109,2025.13806351684,2025.15614129179,NA,NA,NA
3128,3129,REU.3.1_1,REU.3.1_1,0.0436660776467608,0.609097323767345,0.565431246120584,2025.11247836514,2025.15614444279,NA,NA,NA
5387,2464,REU.3.4_1,REU.3.4_1,0.0899703427569847,0.609117264540622,0.519146921783637,2025.0661940408,2025.15616438356,CHIKV_RUN_S14b35_2025,55.310861,-21.220284
5309,2099,REU.4.5_1,REU.4.5_1,0.0896565449851355,0.609117264540622,0.519460719555486,2025.06650783858,2025.15616438356,CHIKV_RUN_S14b26_2025,55.632211,-21.332511
5424,3055,REU.3.1_1,REU.3.2_1,0.0746043901323399,0.609117264540622,0.534512874408282,2025.08155999343,2025.15616438356,CHIKV_RUN_S14b25_2025,55.336888,-21.2427
3875,1257,REU.4.4_1,REU.4.4_1,0.0621927726320753,0.609117264540622,0.546924491908546,2025.09397161093,2025.15616438356,CHIKV_RUN_S14b37_2025,55.561036,-21.338621
3791,711,REU.4.3_1,REU.4.3_1,0.0397865423679562,0.609117264540622,0.569330722172666,2025.11637784119,2025.15616438356,CHIKV_RUN_S14b31_2025,55.487883,-21.255229
4210,388,REU.4.3_1,REU.4.3_1,0.0329365026189934,0.609117264540622,0.576180761921628,2025.12322788094,2025.15616438356,CHIKV_RUN_S35b73_2025,55.522762,-21.281672
4607,1515,REU.4.3_1,REU.2.2_1,0.0206088835474253,0.609117264540622,0.588508380993196,2025.13555550001,2025.15616438356,CHIKV_RUN_S35b79_2025,55.300556,-20.942792
3538,615,REU.4.8_1,REU.4.8_1,0.015211785977798,0.609117264540622,0.593905478562824,2025.14095259758,2025.15616438356,CHIKV_RUN_S14b10_2025,55.489611,-21.276861
4534,1312,REU.4.4_1,REU.4.3_1,0.0150679261339604,0.609117264540622,0.594049338406661,2025.14109645743,2025.15616438356,CHIKV_RUN_S14b23_2025,55.524084,-21.278363
4306,4307,REU.2.3_1,REU.2.3_1,0.0328947997092222,0.609173826229198,0.576279026519976,2025.12332614554,2025.15622094525,NA,NA,NA
3624,3625,REU.4.8_1,REU.4.8_1,0.011741965907752,0.60920355634149,0.597461590433738,2025.14450870945,2025.15625067536,NA,NA,NA
5390,5391,REU.3.4_1,REU.3.4_1,0.00319541583013772,0.609409793827805,0.606214377997667,2025.15326149702,2025.15645691285,NA,NA,NA
4120,4121,REU.4.3_1,REU.4.3_1,0.0158379718524332,0.609446754048443,0.59360878219601,2025.14065590122,2025.15649387307,NA,NA,NA
5777,5779,REU.2.3_1,REU.2.3_1,0.00195069280625881,0.609473531171802,0.607522838365544,2025.15456995739,2025.15652065019,NA,NA,NA
4884,4886,REU.2.4_1,REU.2.4_1,0.0109167515498875,0.609546662699824,0.598629911149937,2025.14567703017,2025.15659378172,NA,NA,NA
6189,6190,REU.4.8_1,REU.4.6_1,0.0309896276603449,0.609667026180225,0.57867739851988,2025.12572451754,2025.1567141452,NA,NA,NA
6033,6034,REU.2.3_1,REU.2.3_1,0.0736199017831431,0.60966790927199,0.536048007488847,2025.08309512651,2025.15671502829,NA,NA,NA
4411,4412,REU.4.3_1,REU.4.3_1,0.00285790402031305,0.609754433143667,0.606896529123354,2025.15394364814,2025.15680155216,NA,NA,NA
6110,6111,REU.3.1_1,REU.3.1_1,0.0321430599997337,0.609765586897252,0.577622526897518,2025.12466964592,2025.15681270592,NA,NA,NA
3354,3355,REU.4.3_1,REU.4.3_1,0.0332790966818016,0.609766923176078,0.576487826494277,2025.12353494552,2025.1568140422,NA,NA,NA
4311,4315,REU.2.3_1,REU.2.3_1,0.0226158157732205,0.609769472598601,0.58715365682538,2025.13420077585,2025.15681659162,NA,NA,NA
5457,5459,REU.3.4_1,REU.3.4_1,0.058740227084791,0.609787582770643,0.551047355685852,2025.09809447471,2025.15683470179,NA,NA,NA
6055,6056,REU.2.3_1,REU.2.3_1,0.0358672506876179,0.610015303206788,0.57414805251917,2025.12119517154,2025.15706242223,NA,NA,NA
4539,4540,REU.4.8_1,REU.4.8_1,0.000941170836281868,0.61003534360566,0.609094172769378,2025.15614129179,2025.15708246263,NA,NA,NA
5520,5521,REU.4.1_1,REU.4.1_1,0.0215651955789731,0.61004707614439,0.588481880565417,2025.13552899959,2025.15709419517,NA,NA,NA
4453,4456,REU.2.3_1,REU.2.3_1,0.0206198304658228,0.610260987967232,0.589641157501409,2025.13668827652,2025.15730810699,NA,NA,NA
3273,3274,REU.4.3_1,REU.4.3_1,0.0130937205343502,0.610489624558624,0.597395904024274,2025.14444302305,2025.15753674358,NA,NA,NA
5567,5572,REU.4.8_1,REU.4.8_1,0.0378718545275459,0.610518818552438,0.572646964024892,2025.11969408305,2025.15756593757,NA,NA,NA
4265,4266,REU.4.8_1,REU.4.8_1,0.0250190437645526,0.610539247655526,0.585520203890973,2025.13256732291,2025.15758636668,NA,NA,NA
3425,3427,REU.2.3_1,REU.2.3_1,0.0115727132006979,0.610540820515469,0.598968107314771,2025.14601522634,2025.15758793954,NA,NA,NA
3778,3779,REU.4.3_1,REU.4.3_1,0.0192853357414549,0.610620389313896,0.591335053572441,2025.13838217259,2025.15766750833,NA,NA,NA
6220,6221,REU.4.3_1,REU.4.3_1,0.00166013220329564,0.610639301722555,0.608979169519259,2025.15602628854,2025.15768642074,NA,NA,NA
3917,3920,REU.4.4_1,REU.4.4_1,0.00391595488966834,0.610656251101155,0.606740296211486,2025.15378741523,2025.15770337012,NA,NA,NA
4073,4074,REU.4.8_1,REU.4.8_1,0.0277062650365962,0.610735922168246,0.58302965713165,2025.13007677615,2025.15778304119,NA,NA,NA
5600,5601,REU.4.6_1,REU.4.6_1,0.00884676643287197,0.610743455685939,0.601896689253067,2025.14894380827,2025.15779057471,NA,NA,NA
4727,4728,REU.4.5_1,REU.4.5_1,0.0250652422858428,0.61084344647215,0.585778204186307,2025.13282532321,2025.15789056549,NA,NA,NA
3615,3616,REU.4.8_1,REU.4.8_1,0.0790833479807977,0.610879649227946,0.531796301247148,2025.07884342027,2025.15792676825,NA,NA,NA
3396,3397,REU.4.8_1,REU.4.8_1,0.012399151737583,0.610897775766999,0.598498624029416,2025.14554574305,2025.15794489479,NA,NA,NA
4514,4515,REU.4.3_1,REU.4.3_1,0.0548001955051143,0.610898399880202,0.556098204375087,2025.1031453234,2025.1579455189,NA,NA,NA
3681,3684,REU.4.3_1,REU.4.3_1,0.0390284654864026,0.610985189571843,0.571956724085441,2025.11900384311,2025.15803230859,NA,NA,NA
4486,4491,REU.3.5_1,REU.3.5_1,0.0590560415056766,0.611045936548877,0.551989895043201,2025.09903701406,2025.15809305557,NA,NA,NA
3452,3453,REU.2.3_1,REU.2.3_1,0.00358449318383547,0.611079986906024,0.607495493722188,2025.15454261274,2025.15812710593,NA,NA,NA
4788,4789,REU.4.8_1,REU.4.8_1,0.00542505409126137,0.611111716591842,0.605686662500581,2025.15273378152,2025.15815883561,NA,NA,NA
4162,4163,REU.4.8_1,REU.4.8_1,0.0140984782517588,0.611111954842782,0.597013476591023,2025.14406059561,2025.15815907386,NA,NA,NA
5547,5548,REU.4.3_1,REU.4.3_1,0.0155924717736985,0.61112243095216,0.595529959178461,2025.1425770782,2025.15816954997,NA,NA,NA
4163,4164,REU.4.8_1,REU.4.8_1,2.09477863708507e-05,0.611132902629153,0.611111954842782,2025.15815907386,2025.15818002165,NA,NA,NA
4315,4316,REU.2.3_1,REU.2.3_1,0.00141934935498444,0.611188821953585,0.609769472598601,2025.15681659162,2025.15823594097,NA,NA,NA
3746,3749,REU.4.3_1,REU.4.8_1,0.0479774262639487,0.611249781141827,0.563272354877878,2025.1103194739,2025.15829690016,NA,NA,NA
3644,3645,REU.4.3_1,REU.4.3_1,0.0248675488622361,0.611389255554174,0.586521706691938,2025.13356882571,2025.15843637458,NA,NA,NA
3165,3166,REU.3.1_1,REU.3.4_1,0.137090558157969,0.611396831203717,0.474306273045749,2025.02135339207,2025.15844395022,NA,NA,NA
3280,3281,REU.4.3_1,REU.2.3_1,0.114156051554021,0.61149247169895,0.497336420144929,2025.04438353917,2025.15853959072,NA,NA,NA
5604,5605,REU.4.6_1,REU.4.8_1,0.0609278333659918,0.611599605041566,0.550671771675574,2025.0977188907,2025.15864672406,NA,NA,NA
4993,4994,REU.2.3_1,REU.2.3_1,0.034252019730949,0.611676515980217,0.577424496249268,2025.12447161527,2025.158723635,NA,NA,NA
3427,3428,REU.2.3_1,REU.2.3_1,0.00114786640804065,0.61168868692351,0.610540820515469,2025.15758793954,2025.15873580594,NA,NA,NA
5567,5568,REU.4.8_1,REU.4.8_1,0.0391571212715633,0.611804085296455,0.572646964024892,2025.11969408305,2025.15885120432,NA,NA,NA
5521,5523,REU.4.1_1,REU.4.1_1,0.00178946191564133,0.611836538060032,0.61004707614439,2025.15709419517,2025.15888365708,NA,NA,NA
3190,3060,REU.4.8_1,REU.4.3_1,0.128580473794589,0.611856990567979,0.48327651677339,2025.03032363579,2025.15890410959,CHIKV_RUN_S14b21_2025,55.498797,-21.258041
5120,2259,REU.4.3_1,REU.4.3_1,0.00415141111166473,0.611856990567979,0.607705579456314,2025.15475269848,2025.15890410959,CHIKV_RUN_S14b24_2025,55.516538,-21.280238
3920,1209,REU.4.4_1,REU.4.4_1,0.00120073946682431,0.611856990567979,0.610656251101155,2025.15770337012,2025.15890410959,CHIKV_RUN_S14b22_2025,55.55582,-21.342746
4857,4859,REU.2.3_1,REU.2.3_1,0.0257805129117301,0.611938679397441,0.58615816648571,2025.13320528551,2025.15898579842,NA,NA,NA
4226,4228,REU.4.8_1,REU.2.3_1,0.0263678217490444,0.611996262627983,0.585628440878939,2025.1326755599,2025.15904338165,NA,NA,NA
5840,5841,REU.4.6_1,REU.4.6_1,0.0821785830866694,0.612123659536152,0.529945076449483,2025.07699219547,2025.15917077856,NA,NA,NA
3889,3890,REU.4.8_1,REU.4.8_1,0.0190648802965445,0.612208566791966,0.593143686495422,2025.14019080552,2025.15925568581,NA,NA,NA
4543,4544,REU.4.3_1,REU.2.3_1,0.0491078626518415,0.612211908740763,0.563104046088921,2025.11015116511,2025.15925902776,NA,NA,NA
5588,5589,REU.3.1_1,REU.4.3_1,0.209681229836576,0.612248046323997,0.402566816487421,2024.94961393551,2025.15929516534,NA,NA,NA
3684,3686,REU.4.3_1,REU.4.3_1,0.00152754515811493,0.612512734729958,0.610985189571843,2025.15803230859,2025.15955985375,NA,NA,NA
4132,4134,REU.4.3_1,REU.3.5_1,0.0624692870540313,0.612513361331928,0.550044074277896,2025.0970911933,2025.15956048035,NA,NA,NA
4412,4413,REU.4.3_1,REU.4.3_1,0.00279624751171459,0.612550680655382,0.609754433143667,2025.15680155216,2025.15959779968,NA,NA,NA
4388,4393,REU.4.3_1,REU.3.5_1,0.0338476951446687,0.612558114907424,0.578710419762756,2025.12575753878,2025.15960523393,NA,NA,NA
5019,5020,REU.3.1_1,REU.3.1_1,0.0154618586929498,0.612564549837552,0.597102691144602,2025.14414981017,2025.15961166886,NA,NA,NA
4164,4168,REU.4.8_1,REU.4.8_1,0.00145708121935084,0.612589983848504,0.611132902629153,2025.15818002165,2025.15963710287,NA,NA,NA
5163,5164,REU.4.3_1,REU.3.1_1,0.0334716284309555,0.612601927678658,0.579130299247702,2025.12617741827,2025.1596490467,NA,NA,NA
5977,5978,REU.3.4_1,REU.3.4_1,0.00694982129310839,0.612611572552817,0.605661751259709,2025.15270887028,2025.15965869157,NA,NA,NA
3965,3966,REU.4.3_1,REU.4.3_1,0.0638298141146529,0.612646333310077,0.548816519195424,2025.09586363822,2025.15969345233,NA,NA,NA
6190,6191,REU.4.6_1,REU.4.6_1,0.00301219091919336,0.612679217099418,0.609667026180225,2025.1567141452,2025.15972633612,NA,NA,NA
3760,3761,REU.4.3_1,REU.4.3_1,0.0195435537008295,0.61269957765032,0.59315602394949,2025.14020314297,2025.15974669667,NA,NA,NA
5545,5550,REU.4.3_1,REU.4.8_1,0.0660467537698225,0.61270065187039,0.546653898100568,2025.09370101712,2025.15974777089,NA,NA,NA
4108,4110,REU.4.3_1,REU.4.3_1,0.0763852451307786,0.612840299654474,0.536455054523696,2025.08350217354,2025.15988741868,NA,NA,NA
5665,5666,REU.3.5_1,REU.3.5_1,0.00703718323922242,0.612864137442437,0.605826954203215,2025.15287407322,2025.15991125646,NA,NA,NA
5496,5497,REU.3.1_1,REU.4.3_1,0.163269682301201,0.612922963838843,0.449653281537642,2024.99670040056,2025.15997008286,NA,NA,NA
3228,3229,REU.4.3_1,REU.4.3_1,0.0311160499920047,0.612952050067673,0.581836000075668,2025.1288831191,2025.15999916909,NA,NA,NA
3350,3351,REU.4.3_1,REU.4.3_1,0.0702788904238788,0.613079492196789,0.54280060177291,2025.08984772079,2025.16012661122,NA,NA,NA
5264,5269,REU.4.8_1,REU.4.8_1,0.0847404397357239,0.613169876769654,0.52842943703393,2025.07547655606,2025.16021699579,NA,NA,NA
5624,5625,REU.4.8_1,REU.4.8_1,0.0610686605457141,0.613266633728188,0.552197973182474,2025.0992450922,2025.16031375275,NA,NA,NA
4767,4771,REU.4.5_1,REU.4.5_1,0.0374117598467997,0.613381707594097,0.575969947747298,2025.12301706677,2025.16042882662,NA,NA,NA
6071,6075,REU.2.3_1,REU.2.3_1,0.0262987250114669,0.613410816405977,0.58711209139451,2025.13415921042,2025.16045793543,NA,NA,NA
5937,5938,REU.3.4_1,REU.2.3_1,0.0508829750751072,0.613443655907891,0.562560680832783,2025.10960779985,2025.16049077493,NA,NA,NA
4771,4772,REU.4.5_1,REU.4.5_1,6.4822642131479e-05,0.613446530236229,0.613381707594097,2025.16042882662,2025.16049364926,NA,NA,NA
5137,5138,REU.4.3_1,REU.4.3_1,0.0165785915722152,0.613549393636216,0.596970802064,2025.14401792108,2025.16059651266,NA,NA,NA
5665,5667,REU.3.5_1,REU.3.5_1,0.00777794275219101,0.613604896955406,0.605826954203215,2025.15287407322,2025.16065201598,NA,NA,NA
6197,6198,REU.3.5_1,REU.3.5_1,0.0454768507252937,0.613702445929487,0.568225595204193,2025.11527271423,2025.16074956495,NA,NA,NA
3879,3880,REU.4.4_1,REU.4.8_1,0.0156866973932857,0.613735949709681,0.598049252316395,2025.14509637134,2025.16078306873,NA,NA,NA
5670,5671,REU.3.1_1,REU.3.1_1,0.0341599600205886,0.613746626839121,0.579586666818532,2025.12663378584,2025.16079374586,NA,NA,NA
4163,4169,REU.4.8_1,REU.4.8_1,0.0026709654892989,0.613782920332081,0.611111954842782,2025.15815907386,2025.16083003935,NA,NA,NA
4987,4988,REU.2.5_1,REU.2.5_1,0.00894895232700088,0.613804645594807,0.604855693267806,2025.15190281229,2025.16085176462,NA,NA,NA
4180,4184,REU.4.5_1,REU.4.5_1,0.112482552686546,0.613868257598413,0.501385704911867,2025.04843282393,2025.16091537662,NA,NA,NA
4121,4123,REU.4.3_1,REU.4.3_1,0.00452083463059738,0.613967588679041,0.609446754048443,2025.15649387307,2025.1610147077,NA,NA,NA
5043,5044,REU.3.1_1,REU.3.1_1,0.0188399505620129,0.614005128022884,0.595165177460871,2025.14221229648,2025.16105224704,NA,NA,NA
3281,3282,REU.2.3_1,REU.2.3_1,0.00259248816637669,0.614084959865326,0.61149247169895,2025.15853959072,2025.16113207889,NA,NA,NA
5981,5983,REU.3.4_1,REU.3.4_1,0.0350863248524172,0.61408902157637,0.579002696723953,2025.12604981574,2025.1611361406,NA,NA,NA
3250,3251,REU.4.3_1,REU.4.3_1,0.0557665561712077,0.614118177581795,0.558351621410587,2025.10539874043,2025.1611652966,NA,NA,NA
4318,4319,REU.2.3_1,REU.2.3_1,0.0412628362143093,0.614124689824478,0.572861853610168,2025.11990897263,2025.16117180885,NA,NA,NA
4369,4370,REU.4.3_1,REU.4.3_1,0.0351120084511737,0.614144551772779,0.579032543321605,2025.12607966234,2025.16119167079,NA,NA,NA
6068,6069,REU.2.3_1,REU.2.3_1,0.0651004108890546,0.614190620476688,0.549090209587633,2025.09613732861,2025.1612377395,NA,NA,NA
5082,5083,REU.3.1_1,REU.3.1_1,0.0107321762159239,0.614191365362597,0.603459189146673,2025.15050630817,2025.16123848438,NA,NA,NA
3219,3221,REU.4.3_1,REU.4.3_1,0.0121565069955762,0.614347500116594,0.602190993121018,2025.14923811214,2025.16139461914,NA,NA,NA
4520,4524,REU.4.3_1,REU.2.3_1,0.0578689448548708,0.61435256906439,0.556483624209519,2025.10353074323,2025.16139968809,NA,NA,NA
5043,5045,REU.3.1_1,REU.3.1_1,0.0192682783739153,0.614433455834787,0.595165177460871,2025.14221229648,2025.16148057486,NA,NA,NA
3883,3884,REU.4.4_1,REU.4.4_1,0.0103250974293402,0.614488661359974,0.604163563930634,2025.15121068295,2025.16153578038,NA,NA,NA
5508,5509,REU.4.8_1,REU.4.8_1,0.0169716594814684,0.614493289571784,0.597521630090315,2025.14456874911,2025.16154040859,NA,NA,NA
5335,5336,REU.3.4_1,REU.3.4_1,0.0762587813424169,0.614494417182709,0.538235635840292,2025.08528275486,2025.1615415362,NA,NA,NA
4760,4761,REU.4.5_1,REU.4.8_1,0.0307329689056338,0.614551477558745,0.583818508653111,2025.13086562767,2025.16159859658,NA,NA,NA
5336,5337,REU.3.4_1,REU.3.4_1,6.29811985337625e-05,0.614557398381243,0.614494417182709,2025.1615415362,2025.1616045174,NA,NA,NA
3207,1676,REU.4.3_1,REU.4.3_1,0.127152397764995,0.614596716595337,0.487444318830342,2025.03449143785,2025.16164383562,CHIKV_RUN_S14b13_2025,55.527306,-21.25541
4013,1049,REU.4.8_1,REU.4.5_1,0.113724555660094,0.614596716595337,0.500872160935242,2025.04791927996,2025.16164383562,CHIKV_RUN_S14b12_2025,55.689517,-21.366414
3849,1194,REU.4.8_1,REU.4.8_1,0.113061595730973,0.614596716595337,0.501535120864364,2025.04858223989,2025.16164383562,CHIKV_RUN_S14b08_2025,55.462594,-21.339923
5418,2005,REU.3.1_1,REU.4.3_1,0.108414557835078,0.614596716595337,0.506182158760259,2025.05322927778,2025.16164383562,CHIKV_RUN_S14b36_2025,55.514278,-21.257017
4567,1477,REU.4.3_1,REU.4.3_1,0.0840064844045554,0.614596716595337,0.530590232190781,2025.07763735121,2025.16164383562,CHIKV_RUN_S14b19_2025,55.526862,-21.280133
4739,228,REU.4.7_1,REU.4.7_1,0.0801271654950247,0.614596716595337,0.534469551100312,2025.08151667012,2025.16164383562,CHIKV_RUN_S14b05_2025,55.706919,-21.371935
3993,919,REU.4.3_1,REU.4.3_1,0.067664404015178,0.614596716595337,0.546932312580159,2025.0939794316,2025.16164383562,CHIKV_RUN_S14b14_2025,55.533632,-21.283827
5765,1953,REU.2.3_1,REU.2.3_1,0.0590075173172088,0.614596716595337,0.555589199278128,2025.1026363183,2025.16164383562,CHIKV_RUN_S16b83_2025,55.446423,-20.894682
3637,791,REU.4.8_1,REU.4.8_1,0.044490152985828,0.614596716595337,0.570106563609509,2025.11715368263,2025.16164383562,CHIKV_RUN_S14b11_2025,55.473862,-21.287217
5865,2307,REU.3.1_1,REU.3.1_1,0.0444160810542378,0.614596716595337,0.570180635541099,2025.11722775456,2025.16164383562,CHIKV_RUN_S14b01_2025,55.362654,-21.261016
5490,2650,REU.4.8_1,REU.3.2_1,0.0314246143757946,0.614596716595337,0.583172102219542,2025.13021922124,2025.16164383562,CHIKV_RUN_S14b20_2025,55.354662,-21.243279
4054,1401,REU.4.3_1,REU.4.3_1,0.0293725159459828,0.614596716595337,0.585224200649354,2025.13227131967,2025.16164383562,CHIKV_RUN_S14b15_2025,55.503577,-21.27514
4260,475,REU.4.8_1,REU.1.1_1,0.0289710450168632,0.614596716595337,0.585625671578473,2025.1326727906,2025.16164383562,CHIKV_RUN_S16b82_2025,55.682539,-20.998509
5484,2662,REU.3.1_1,REU.3.2_1,0.0284363617199561,0.614596716595337,0.58616035487538,2025.1332074739,2025.16164383562,CHIKV_RUN_S14b09_2025,55.343116,-21.221034
4055,1414,REU.4.3_1,REU.4.3_1,0.0232528418213529,0.614596716595337,0.591343874773984,2025.1383909938,2025.16164383562,CHIKV_RUN_S14b04_2025,55.518117,-21.277147
5916,2765,REU.4.8_1,REU.3.4_1,0.0209122107003795,0.614596716595337,0.593684505894957,2025.14073162492,2025.16164383562,CHIKV_RUN_S14b56_2025,55.335341,-21.201919
3651,768,REU.4.6_1,REU.4.6_1,0.0151696406523113,0.614596716595337,0.599427075943025,2025.14647419496,2025.16164383562,CHIKV_RUN_S14b39_2025,55.428683,-21.264105
4668,1726,REU.4.3_1,REU.4.3_1,0.0141148264741475,0.614596716595337,0.600481890121189,2025.14752900914,2025.16164383562,CHIKV_RUN_S14b40_2025,55.533409,-21.262617
4407,547,REU.4.3_1,REU.4.8_1,0.0105793327689691,0.614596716595337,0.604017383826367,2025.15106450285,2025.16164383562,CHIKV_RUN_S13b91_2025,55.498253,-21.294116
5120,2258,REU.4.3_1,REU.4.3_1,0.00689113713902212,0.614596716595337,0.607705579456314,2025.15475269848,2025.16164383562,CHIKV_RUN_S13b92_2025,55.516588,-21.288807
3779,676,REU.4.3_1,REU.4.3_1,0.00397632728144082,0.614596716595337,0.610620389313896,2025.15766750833,2025.16164383562,CHIKV_RUN_S13b93_2025,55.527448,-21.29073
5368,5369,REU.3.4_1,REU.3.4_1,0.0069301653348085,0.614655650532967,0.607725485198158,2025.15477260422,2025.16170276955,NA,NA,NA
3441,3457,REU.2.3_1,REU.2.3_1,0.0481323225650554,0.614678632785076,0.566546310220021,2025.11359342924,2025.16172575181,NA,NA,NA
4447,4448,REU.4.8_1,REU.4.8_1,0.00854869895329147,0.614783058147946,0.606234359194654,2025.15328147822,2025.16183017717,NA,NA,NA
3603,3604,REU.4.3_1,REU.4.3_1,0.067947237582122,0.614875793004314,0.546928555422192,2025.09397567444,2025.16192291203,NA,NA,NA
3749,3750,REU.4.8_1,REU.4.8_1,0.00364735314046216,0.614897134282289,0.611249781141827,2025.15829690016,2025.1619442533,NA,NA,NA
4370,4371,REU.4.3_1,REU.4.3_1,0.000815704261936667,0.614960256034716,0.614144551772779,2025.16119167079,2025.16200737506,NA,NA,NA
3604,3605,REU.4.3_1,REU.4.3_1,0.000153264921577412,0.615029057925891,0.614875793004314,2025.16192291203,2025.16207617695,NA,NA,NA
5232,5233,REU.4.8_1,REU.4.5_1,0.0214857950082838,0.6150760154742,0.593590220465916,2025.14063733949,2025.1621231345,NA,NA,NA
4976,4980,REU.3.1_1,REU.3.1_1,0.161112583666047,0.615124047846964,0.454011464180916,2025.0010585832,2025.16217116687,NA,NA,NA
3991,3992,REU.4.8_1,REU.4.8_1,0.0172594503900042,0.615175645372878,0.597916194982874,2025.144963314,2025.16222276439,NA,NA,NA
5698,5699,REU.4.3_1,REU.4.3_1,0.0584573195383775,0.615179332230651,0.556722012692274,2025.10376913171,2025.16222645125,NA,NA,NA
3502,3503,REU.3.1_1,REU.2.2_1,0.0291983494927734,0.615186556867775,0.585988207375001,2025.1330353264,2025.16223367589,NA,NA,NA
4322,4323,REU.2.3_1,REU.2.3_1,0.0207023209857868,0.615191019166968,0.594488698181181,2025.1415358172,2025.16223813819,NA,NA,NA
4202,4203,REU.4.5_1,REU.4.5_1,0.0501081730998687,0.615249043776635,0.565140870676766,2025.1121879897,2025.1622961628,NA,NA,NA
3539,3540,REU.4.8_1,REU.4.8_1,0.063829707488919,0.615326217970315,0.551496510481396,2025.0985436295,2025.16237333699,NA,NA,NA
3188,3189,REU.3.5_1,REU.3.5_1,0.0660827244154379,0.615377013707173,0.549294289291735,2025.09634140831,2025.16242413273,NA,NA,NA
3144,3145,REU.3.1_1,REU.3.1_1,0.0384987160827772,0.615539444954583,0.577040728871806,2025.12408784789,2025.16258656398,NA,NA,NA
4890,4891,REU.2.4_1,REU.2.4_1,0.0175918225440108,0.615723043212723,0.598131220668712,2025.14517833969,2025.16277016223,NA,NA,NA
4151,4152,REU.4.3_1,REU.4.3_1,0.0132272741721315,0.615780551623327,0.602553277451196,2025.14960039647,2025.16282767064,NA,NA,NA
5650,5651,REU.4.8_1,REU.4.8_1,0.0101483288246662,0.615820600962319,0.605672272137653,2025.15271939116,2025.16286771998,NA,NA,NA
3167,3168,REU.3.1_1,REU.3.1_1,0.0734572370526702,0.615849108198609,0.542391871145939,2025.08943899017,2025.16289622722,NA,NA,NA
5841,5844,REU.4.6_1,REU.4.6_1,0.003835270617917,0.615958930154069,0.612123659536152,2025.15917077856,2025.16300604918,NA,NA,NA
4098,4099,REU.4.3_1,REU.4.3_1,0.0568379112131243,0.615996801177482,0.559158889964358,2025.10620600899,2025.1630439202,NA,NA,NA
3616,3617,REU.4.8_1,REU.4.8_1,0.00535893914747598,0.616238588375422,0.610879649227946,2025.15792676825,2025.1632857074,NA,NA,NA
5281,5282,REU.4.5_1,REU.4.5_1,0.0382259920372575,0.61627887300676,0.578052880969503,2025.12509999999,2025.16332599203,NA,NA,NA
3854,3856,REU.4.8_1,REU.4.8_1,0.110653893288444,0.616384007097897,0.505730113809452,2025.05277723283,2025.16343112612,NA,NA,NA
6167,6168,REU.4.8_1,REU.4.8_1,0.0715383609764624,0.616439300610085,0.544900939633623,2025.09194805865,2025.16348641963,NA,NA,NA
5592,5617,REU.3.1_1,REU.3.5_1,0.207515874770998,0.616560141849264,0.409044267078266,2024.9560913861,2025.16360726087,NA,NA,NA
4074,4075,REU.4.8_1,REU.4.8_1,0.00583198672410012,0.616567908892346,0.610735922168246,2025.15778304119,2025.16361502791,NA,NA,NA
5344,5346,REU.3.4_1,REU.2.3_1,0.0541671226455924,0.616601391852386,0.562434269206794,2025.10948138823,2025.16364851087,NA,NA,NA
3257,3258,REU.4.8_1,REU.4.8_1,0.0267105643256523,0.616713098393737,0.590002534068084,2025.13704965309,2025.16376021741,NA,NA,NA
3917,3918,REU.4.4_1,REU.4.4_1,0.0101176865197293,0.616857982731216,0.606740296211486,2025.15378741523,2025.16390510175,NA,NA,NA
5841,5842,REU.4.6_1,REU.4.6_1,0.00480534979735237,0.616929009333504,0.612123659536152,2025.15917077856,2025.16397612835,NA,NA,NA
4480,4481,REU.4.8_1,REU.4.8_1,0.0587634618765714,0.616961538743716,0.558198076867145,2025.10524519589,2025.16400865776,NA,NA,NA
4255,4256,REU.2.3_1,REU.2.3_1,0.0177056099995156,0.617047637421666,0.599342027422151,2025.14638914644,2025.16409475644,NA,NA,NA
6082,6084,REU.2.3_1,REU.2.3_1,0.0262807217867533,0.617083991896012,0.590803270109258,2025.13785038913,2025.16413111092,NA,NA,NA
4521,4522,REU.4.3_1,REU.2.3_1,0.045934876081392,0.617202243890803,0.571267367809411,2025.11831448683,2025.16424936291,NA,NA,NA
3326,112,REU.4.8_1,REU.4.3_1,0.107889752665572,0.617336442622921,0.509446689957349,2025.05649380898,2025.16438356164,CHIKV_RUN_S14b53_2025,55.510516,-21.288478
4247,451,REU.4.3_1,REU.4.3_1,0.106933385879464,0.617336442622921,0.510403056743457,2025.05745017576,2025.16438356164,CHIKV_RUN_S14b46_2025,55.520366,-21.289812
3552,1600,REU.4.3_1,REU.4.3_1,0.0825284210297286,0.617336442622921,0.534808021593193,2025.08185514061,2025.16438356164,CHIKV_RUN_S14b70_2025,55.508973,-21.270762
3893,1263,REU.4.3_1,REU.4.3_1,0.0713769696401071,0.617336442622921,0.545959472982814,2025.093006592,2025.16438356164,CHIKV_RUN_S14b47_2025,55.525847,-21.280431
5973,2941,REU.3.4_1,REU.3.4_1,0.0603412971254941,0.617336442622921,0.556995145497427,2025.10404226452,2025.16438356164,CHIKV_RUN_S14b43_2025,55.282931,-21.141466
3678,749,REU.4.3_1,REU.4.3_1,0.0364614034109634,0.617336442622921,0.580875039211958,2025.12792215823,2025.16438356164,CHIKV_RUN_S14b38_2025,55.511398,-21.275432
3752,724,REU.4.3_1,REU.4.3_1,0.0281652056723503,0.617336442622921,0.589171236950571,2025.13621835597,2025.16438356164,CHIKV_RUN_S14b59_2025,55.521902,-21.279851
3949,1388,REU.4.3_1,REU.4.3_1,0.020780051802618,0.617336442622921,0.596556390820303,2025.14360350984,2025.16438356164,CHIKV_RUN_S14b66_2025,55.533591,-21.261149
3910,1200,REU.4.4_1,REU.4.4_1,0.018587147241838,0.617336442622921,0.598749295381083,2025.1457964144,2025.16438356164,CHIKV_RUN_S14b54_2025,55.559399,-21.339634
3745,735,REU.4.3_1,REU.4.3_1,0.0138550049078274,0.617336442622921,0.603481437715094,2025.15052855674,2025.16438356164,CHIKV_RUN_S14b51_2025,55.525741,-21.286123
5913,2391,REU.4.3_1,REU.2.1_1,0.0138395078870515,0.617336442622921,0.60349693473587,2025.15054405376,2025.16438356164,CHIKV_RUN_S14b44_2025,55.33609,-20.9304
6190,2752,REU.4.6_1,REU.4.6_1,0.00766941644269681,0.617336442622921,0.609667026180225,2025.1567141452,2025.16438356164,CHIKV_RUN_S14b50_2025,55.436071,-21.251919
5548,2194,REU.4.3_1,REU.4.3_1,0.00621401167076185,0.617336442622921,0.61112243095216,2025.15816954997,2025.16438356164,CHIKV_RUN_S14b64_2025,55.512497,-21.280336
5020,2578,REU.3.1_1,REU.3.1_1,0.00477189278536927,0.617336442622921,0.612564549837552,2025.15961166886,2025.16438356164,CHIKV_RUN_S14b02_2025,55.359477,-21.249932
3761,824,REU.4.3_1,REU.4.3_1,0.00463686497260185,0.617336442622921,0.61269957765032,2025.15974669667,2025.16438356164,CHIKV_RUN_S14b69_2025,55.50941,-21.284798
4389,4390,REU.4.3_1,REU.4.3_1,0.0333360304841707,0.617533262860353,0.584197232376182,2025.1312443514,2025.16458038188,NA,NA,NA
4813,4814,REU.3.3_1,REU.3.3_1,0.0187453866533756,0.617567899184374,0.598822512530998,2025.14586963155,2025.16461501821,NA,NA,NA
4543,4547,REU.4.3_1,REU.4.8_1,0.0544855765275529,0.617589622616474,0.563104046088921,2025.11015116511,2025.16463674164,NA,NA,NA
4176,4177,REU.4.4_1,REU.4.8_1,0.0406184652083478,0.617608841875318,0.57699037666697,2025.12403749569,2025.1646559609,NA,NA,NA
4390,4392,REU.4.3_1,REU.4.3_1,0.000104390328615867,0.617637653188969,0.617533262860353,2025.16458038188,2025.16468477221,NA,NA,NA
4289,4292,REU.4.3_1,REU.4.8_1,0.0617027661944879,0.617652098313653,0.555949332119166,2025.10299645114,2025.16469921733,NA,NA,NA
3776,3777,REU.4.3_1,REU.4.3_1,0.0632101166587654,0.617654012137763,0.554443895478997,2025.1014910145,2025.16470113116,NA,NA,NA
4524,4528,REU.2.3_1,REU.2.3_1,0.00343324409935408,0.617785813163744,0.61435256906439,2025.16139968809,2025.16483293218,NA,NA,NA
4056,4057,REU.4.3_1,REU.4.3_1,0.0189792224858182,0.617926222505045,0.598947000019227,2025.14599411904,2025.16497334153,NA,NA,NA
4152,4153,REU.4.3_1,REU.4.3_1,0.00216212249587211,0.617942674119199,0.615780551623327,2025.16282767064,2025.16498979314,NA,NA,NA
5824,5825,REU.4.6_1,REU.4.6_1,0.0222881421540084,0.617953417908746,0.595665275754737,2025.14271239478,2025.16500053693,NA,NA,NA
4141,4142,REU.2.3_1,REU.3.5_1,0.0586694511441761,0.618112062980426,0.55944261183625,2025.10648973086,2025.165159182,NA,NA,NA
5459,5460,REU.3.4_1,REU.2.3_1,0.00835038798841081,0.618137970759054,0.609787582770643,2025.15683470179,2025.16518508978,NA,NA,NA
4138,4140,REU.2.3_1,REU.2.3_1,0.0278453627640574,0.618380723795283,0.590535361031226,2025.13758248005,2025.16542784282,NA,NA,NA
5355,5356,REU.4.6_1,REU.4.6_1,0.0454175235350625,0.618381994165408,0.572964470630345,2025.12001158965,2025.16542911319,NA,NA,NA
4886,4887,REU.2.4_1,REU.2.4_1,0.00884488272802364,0.618391545427848,0.609546662699824,2025.15659378172,2025.16543866445,NA,NA,NA
3648,3653,REU.4.6_1,REU.4.6_1,0.0461195066701883,0.618399726535611,0.572280219865422,2025.11932733889,2025.16544684556,NA,NA,NA
4098,4102,REU.4.3_1,REU.4.8_1,0.0593260751979315,0.618484965162289,0.559158889964358,2025.10620600899,2025.16553208418,NA,NA,NA
4652,4653,REU.4.8_1,REU.4.8_1,0.125108060678852,0.618784313895198,0.493676253216346,2025.04072337224,2025.16583143292,NA,NA,NA
5472,5473,REU.3.1_1,REU.3.1_1,0.0353164265011711,0.619131509063285,0.583815082562114,2025.13086220158,2025.16617862808,NA,NA,NA
3445,3446,REU.2.3_1,REU.2.3_1,0.0248702708553341,0.619246405131376,0.594376134276042,2025.1414232533,2025.16629352415,NA,NA,NA
5746,5748,REU.4.6_1,REU.4.8_1,0.0223734664496701,0.619296871811322,0.596923405361652,2025.14397052438,2025.16634399083,NA,NA,NA
3397,3399,REU.4.8_1,REU.4.8_1,0.00860184006420561,0.619499615831204,0.610897775766999,2025.15794489479,2025.16654673485,NA,NA,NA
3931,3932,REU.4.4_1,REU.4.4_1,0.0282392555542867,0.619502193510705,0.591262937956419,2025.13831005698,2025.16654931253,NA,NA,NA
3467,3469,REU.2.3_1,REU.2.3_1,0.0231244231388383,0.619754291223673,0.596629868084835,2025.14367698711,2025.16680141024,NA,NA,NA
4515,4516,REU.4.3_1,REU.4.3_1,0.0088570825782901,0.619755482458492,0.610898399880202,2025.1579455189,2025.16680260148,NA,NA,NA
4830,4831,REU.4.3_1,REU.4.8_1,0.0834348566162828,0.619784586913762,0.536349730297479,2025.08339684932,2025.16683170593,NA,NA,NA
4312,4313,REU.2.3_1,REU.4.8_1,0.0248665451229324,0.61995070925872,0.595084164135788,2025.14213128316,2025.16699782828,NA,NA,NA
4536,4537,REU.4.8_1,REU.4.8_1,0.0289940395858844,0.620010437402994,0.591016397817109,2025.13806351684,2025.16705755642,NA,NA,NA
4772,4773,REU.4.5_1,REU.4.5_1,0.00656878663779725,0.620015316874026,0.613446530236229,2025.16049364926,2025.1670624359,NA,NA,NA
5069,5070,REU.4.8_1,REU.4.3_1,0.0190618691031935,0.620066756265257,0.601004887162064,2025.14805200618,2025.16711387529,NA,NA,NA
4795,68,REU.3.1_1,REU.4.6_1,0.114973844798935,0.620076168650279,0.505102323851344,2025.05214944287,2025.16712328767,CHIKV_RUN_S53b93_2025,55.433699,-21.259772
3180,2791,REU.3.1_1,REU.3.4_1,0.111090681580697,0.620076168650279,0.508985487069582,2025.05603260609,2025.16712328767,CHIKV_RUN_S14b55_2025,55.309806,-21.216273
3799,808,REU.4.3_1,REU.4.8_1,0.103856597917243,0.620076168650279,0.516219570733035,2025.06326668975,2025.16712328767,CHIKV_RUN_S14b73_2025,55.472927,-21.290846
5423,3057,REU.3.1_1,REU.3.2_1,0.0902944093257938,0.620076168650279,0.529781759324485,2025.07682887835,2025.16712328767,CHIKV_RUN_S14b71_2025,55.338642,-21.244145
6033,2886,REU.2.3_1,REU.2.4_1,0.0840281611614317,0.620076168650279,0.536048007488847,2025.08309512651,2025.16712328767,CHIKV_RUN_S37b87_2025,55.529005,-20.9434
5609,2490,REU.4.6_1,REU.4.8_1,0.0825026925133828,0.620076168650279,0.537573476136896,2025.08462059516,2025.16712328767,CHIKV_RUN_S14b49_2025,55.529403,-21.336865
3557,1077,REU.4.3_1,REU.4.8_1,0.0805550492675603,0.620076168650279,0.539521119382718,2025.0865682384,2025.16712328767,CHIKV_RUN_S14b62_2025,55.46923,-21.340059
3557,1076,REU.4.3_1,REU.2.3_1,0.0805550492675603,0.620076168650279,0.539521119382718,2025.0865682384,2025.16712328767,CHIKV_RUN_S14b61_2025,55.46025,-20.895074
4270,474,REU.4.3_1,REU.4.3_1,0.077238725412153,0.620076168650279,0.542837443238126,2025.08988456226,2025.16712328767,CHIKV_RUN_S14b60_2025,55.517092,-21.289428
4731,197,REU.4.5_1,REU.4.7_1,0.0748525232125665,0.620076168650279,0.545223645437712,2025.09227076446,2025.16712328767,CHIKV_RUN_S14b72_2025,55.770985,-21.361132
3649,773,REU.4.6_1,REU.4.6_1,0.0429919746068627,0.620076168650279,0.577084194043416,2025.12413131306,2025.16712328767,CHIKV_RUN_S14b63_2025,55.445292,-21.229154
3922,1205,REU.4.8_1,REU.4.8_1,0.0420972777905876,0.620076168650279,0.577978890859691,2025.12502600988,2025.16712328767,CHIKV_RUN_S14b45_2025,55.54478,-21.314126
5283,2114,REU.4.5_1,REU.4.5_1,0.0307367303806521,0.620076168650279,0.589339438269627,2025.13638655729,2025.16712328767,CHIKV_RUN_S14b75_2025,55.596242,-21.376686
4426,115,REU.2.3_1,REU.1.3_1,0.0304049874362451,0.620076168650279,0.589671181214034,2025.13671830024,2025.16712328767,CHIKV_RUN_S18b52_2025,55.663773,-20.954799
5058,2166,REU.2.3_1,REU.1.6_1,0.0220799095916385,0.620076168650279,0.59799625905864,2025.14504337808,2025.16712328767,CHIKV_RUN_S17b23_2025,55.521337,-21.063858
3879,1171,REU.4.4_1,REU.4.4_1,0.0220269163338833,0.620076168650279,0.598049252316395,2025.14509637134,2025.16712328767,CHIKV_RUN_S14b77_2025,55.564591,-21.351744
4356,545,REU.4.3_1,REU.4.3_1,0.0181119315738288,0.620076168650279,0.60196423707645,2025.1490113561,2025.16712328767,CHIKV_RUN_S14b67_2025,55.516124,-21.284688
5968,2960,REU.3.4_1,REU.3.4_1,0.0180982462542814,0.620076168650279,0.601977922395997,2025.14902504142,2025.16712328767,CHIKV_RUN_S14b89_2025,55.309105,-21.161791
4095,889,REU.2.1_1,REU.2.1_1,0.0165477837384589,0.620076168650279,0.60352838491182,2025.15057550393,2025.16712328767,CHIKV_RUN_S28b11_2025,55.332324,-20.958743
4458,157,REU.4.8_1,REU.4.3_1,0.0150037547909714,0.620076168650279,0.605072413859307,2025.15211953288,2025.16712328767,CHIKV_RUN_S14b68_2025,55.512257,-21.267568
6220,3030,REU.4.3_1,REU.4.3_1,0.0110969991310199,0.620076168650279,0.608979169519259,2025.15602628854,2025.16712328767,CHIKV_RUN_S14b76_2025,55.523988,-21.262614
3992,107,REU.4.8_1,REU.4.8_1,0.00490052327740031,0.620076168650279,0.615175645372878,2025.16222276439,2025.16712328767,CHIKV_RUN_S14b52_2025,55.531103,-21.317341
4392,559,REU.4.3_1,REU.4.3_1,0.00243851546130991,0.620076168650279,0.617637653188969,2025.16468477221,2025.16712328767,CHIKV_RUN_S14b79_2025,55.529269,-21.274375
3331,3334,REU.4.8_1,REU.4.8_1,0.0181151691006687,0.620099056408595,0.601983887307926,2025.14903100633,2025.16714617543,NA,NA,NA
3908,3909,REU.4.4_1,REU.4.4_1,0.0606683484119549,0.620213505609017,0.559545157197062,2025.10659227622,2025.16726062463,NA,NA,NA
3413,3414,REU.4.8_1,REU.4.8_1,0.0127697999131615,0.620250758078624,0.607480958165462,2025.15452807719,2025.1672978771,NA,NA,NA
3684,3685,REU.4.3_1,REU.4.3_1,0.00932679635559164,0.620311985927435,0.610985189571843,2025.15803230859,2025.16735910495,NA,NA,NA
5341,5342,REU.3.4_1,REU.2.3_1,0.0823320690566479,0.620319063229526,0.537986994172878,2025.08503411319,2025.16736618225,NA,NA,NA
3229,3230,REU.4.3_1,REU.4.3_1,0.00737302343320412,0.620325073500877,0.612952050067673,2025.15999916909,2025.16737219252,NA,NA,NA
4802,4803,REU.4.8_1,REU.4.8_1,0.0160751040500534,0.620347790508737,0.604272686458684,2025.15131980548,2025.16739490953,NA,NA,NA
5274,5275,REU.4.5_1,REU.4.5_1,0.0166601766064821,0.620466780759135,0.603806604152652,2025.15085372317,2025.16751389978,NA,NA,NA
4809,4810,REU.4.8_1,REU.4.8_1,0.0524317478486486,0.620518946137321,0.568087198288673,2025.11513431731,2025.16756606516,NA,NA,NA
5583,5584,REU.4.6_1,REU.4.6_1,0.0249946414636748,0.620577507257303,0.595582865793628,2025.14262998481,2025.16762462628,NA,NA,NA
5753,5754,REU.4.8_1,REU.4.8_1,0.0555930221005109,0.620601865379632,0.565008843279122,2025.1120559623,2025.1676489844,NA,NA,NA
4233,4235,REU.4.3_1,REU.4.8_1,0.0117294121314653,0.620738282353942,0.609008870222477,2025.15605598924,2025.16778540137,NA,NA,NA
5654,5655,REU.4.5_1,REU.4.5_1,0.0118459715916264,0.62079591096013,0.608949939368503,2025.15599705839,2025.16784302998,NA,NA,NA
3388,3389,REU.3.1_1,REU.3.1_1,0.0131774144048593,0.620799653261405,0.607622238856546,2025.15466935788,2025.16784677228,NA,NA,NA
4341,4342,REU.4.3_1,REU.3.5_1,0.100329894001932,0.620846930059409,0.520517036057477,2025.06756415508,2025.16789404908,NA,NA,NA
5797,5798,REU.2.3_1,REU.2.3_1,0.0222985551038097,0.620867495487197,0.598568940383388,2025.1456160594,2025.16791461451,NA,NA,NA
5617,5618,REU.3.5_1,REU.3.5_1,0.0043228039589327,0.620882945808197,0.616560141849264,2025.16360726087,2025.16793006483,NA,NA,NA
4859,4860,REU.2.3_1,REU.2.3_1,0.00895219857661333,0.620890877974054,0.611938679397441,2025.15898579842,2025.167937997,NA,NA,NA
4108,4109,REU.4.3_1,REU.4.8_1,0.0846133669935901,0.621068421517286,0.536455054523696,2025.08350217354,2025.16811554054,NA,NA,NA
3366,3367,REU.3.5_1,REU.3.5_1,0.0316143347468041,0.621185499028645,0.589571164281841,2025.1366182833,2025.16823261805,NA,NA,NA
4164,4165,REU.4.8_1,REU.4.8_1,0.0100743370837708,0.621207239712924,0.611132902629153,2025.15818002165,2025.16825435873,NA,NA,NA
5650,5653,REU.4.8_1,REU.4.8_1,0.0156202541558466,0.6212925262935,0.605672272137653,2025.15271939116,2025.16833964531,NA,NA,NA
5324,5325,REU.3.4_1,REU.3.4_1,0.0193508584300401,0.621357383556743,0.602006525126703,2025.14905364415,2025.16840450258,NA,NA,NA
4500,4501,REU.4.3_1,REU.4.8_1,0.0603903833783946,0.621360288004955,0.56096990462656,2025.10801702365,2025.16840740703,NA,NA,NA
6082,6083,REU.2.3_1,REU.2.3_1,0.0306072731229261,0.621410543232185,0.590803270109258,2025.13785038913,2025.16845766225,NA,NA,NA
3364,3369,REU.3.5_1,REU.3.5_1,0.0753223330255932,0.621464354275751,0.546142021250158,2025.09318914027,2025.1685114733,NA,NA,NA
5956,5957,REU.3.4_1,REU.3.4_1,0.0132353390567534,0.621469509746801,0.608234170690047,2025.15528128971,2025.16851662877,NA,NA,NA
4156,4157,REU.4.8_1,REU.4.8_1,0.0132419099610194,0.621656184490967,0.608414274529947,2025.15546139355,2025.16870330351,NA,NA,NA
4663,4664,REU.4.3_1,REU.2.3_1,0.0724069519746272,0.621730835035424,0.549323883060797,2025.09637100208,2025.16877795406,NA,NA,NA
3779,3780,REU.4.3_1,REU.4.3_1,0.0111175389195552,0.621737928233451,0.610620389313896,2025.15766750833,2025.16878504725,NA,NA,NA
3395,3401,REU.4.8_1,REU.4.8_1,0.0343867201038317,0.621815880063901,0.587429159960069,2025.13447627898,2025.16886299908,NA,NA,NA
5964,5965,REU.3.4_1,REU.4.3_1,0.19089402803571,0.621829236457462,0.430935208421752,2024.97798232744,2025.16887635548,NA,NA,NA
5684,5685,REU.3.1_1,REU.3.1_1,0.0624719646991045,0.621834945611047,0.559362980911943,2025.10641009993,2025.16888206463,NA,NA,NA
5129,5130,REU.4.3_1,REU.4.8_1,0.160303159394178,0.62187193518504,0.461568775790862,2025.00861589481,2025.16891905421,NA,NA,NA
3782,3783,REU.4.3_1,REU.4.3_1,0.0658766713385586,0.621916165119451,0.556039493780892,2025.1030866128,2025.16896328414,NA,NA,NA
4184,4185,REU.4.5_1,REU.4.5_1,0.00806111933737208,0.621929376935785,0.613868257598413,2025.16091537662,2025.16897649596,NA,NA,NA
4487,4488,REU.3.5_1,REU.3.5_1,0.0504198717248306,0.621992677735371,0.57157280601054,2025.11861992503,2025.16903979676,NA,NA,NA
3676,3677,REU.4.3_1,REU.4.3_1,0.0166319886169491,0.622029647561355,0.605397658944406,2025.15244477797,2025.16907676658,NA,NA,NA
4117,4118,REU.4.3_1,REU.4.8_1,0.0427924052489911,0.62214239306596,0.579349987816969,2025.12639710684,2025.16918951209,NA,NA,NA
4395,4398,REU.4.3_1,REU.3.1_1,0.0308343909194486,0.622182646591232,0.591348255671783,2025.13839537469,2025.16922976561,NA,NA,NA
6223,6224,REU.4.3_1,REU.4.3_1,0.044661057675156,0.622292966157216,0.57763190848206,2025.1246790275,2025.16934008518,NA,NA,NA
6042,6043,REU.2.3_1,REU.2.3_1,0.0137293822930662,0.622340190553747,0.608610808260681,2025.15565792728,2025.16938730957,NA,NA,NA
4259,4261,REU.4.8_1,REU.4.8_1,0.0403638781041198,0.62242564922029,0.58206177111617,2025.12910889014,2025.16947276824,NA,NA,NA
3659,3662,REU.4.3_1,REU.4.8_1,0.0727108276279462,0.622576568026636,0.54986574039869,2025.09691285942,2025.16962368705,NA,NA,NA
4642,4649,REU.4.3_1,REU.4.3_1,0.156297421346906,0.622707086852175,0.466409665505269,2025.01345678453,2025.16975420587,NA,NA,NA
3446,3447,REU.2.3_1,REU.2.3_1,0.00348338285995331,0.622729787991329,0.619246405131376,2025.16629352415,2025.16977690701,NA,NA,NA
5952,5953,REU.3.4_1,REU.3.4_1,0.118036799219274,0.622803628699921,0.504766829480648,2025.0518139485,2025.16985074772,NA,NA,NA
3160,3094,REU.3.1_1,REU.4.6_1,0.234135545363262,0.622815894677636,0.388680349314374,2024.93572746834,2025.1698630137,CHIKV_RUN_S53b49_2025,55.435688,-21.26464
5094,2483,REU.3.1_1,REU.3.1_1,0.0844908965051576,0.622815894677636,0.538324998172478,2025.08537211719,2025.1698630137,CHIKV_RUN_S53b75_2025,55.363511,-21.258699
3226,1665,REU.4.3_1,REU.1.4_1,0.0823259392131628,0.622815894677636,0.540489955464473,2025.08753707449,2025.1698630137,CHIKV_RUN_S53b50_2025,55.720041,-21.04402
4344,516,REU.4.8_1,REU.3.3_1,0.0761197577395564,0.622815894677636,0.54669613693808,2025.09374325596,2025.1698630137,CHIKV_RUN_S15b72_2025,55.304369,-21.098406
4346,508,REU.4.3_1,REU.4.8_1,0.0750909665271957,0.622815894677636,0.54772492815044,2025.09477204717,2025.1698630137,CHIKV_RUN_S53b78_2025,55.508278,-21.292707
5226,2039,REU.4.5_1,REU.4.5_1,0.0631586148596431,0.622815894677636,0.559657279817993,2025.10670439884,2025.1698630137,CHIKV_RUN_S14b85_2025,55.629497,-21.375119
5007,1789,REU.4.8_1,REU.3.4_1,0.061336783317564,0.622815894677636,0.561479111360072,2025.10852623038,2025.1698630137,CHIKV_RUN_S53b38_2025,55.31675,-21.162094
4216,408,REU.4.8_1,REU.4.6_1,0.0605908576116938,0.622815894677636,0.562225037065942,2025.10927215609,2025.1698630137,CHIKV_RUN_S15b87_2025,55.415217,-21.284554
3127,2027,REU.3.1_1,REU.4.6_1,0.0590885059896531,0.622815894677636,0.563727388687983,2025.11077450771,2025.1698630137,CHIKV_RUN_S54b30_2025,55.444091,-21.264059
4941,2158,REU.3.1_1,REU.3.1_1,0.0556640574044709,0.622815894677636,0.567151837273165,2025.11419895629,2025.1698630137,CHIKV_RUN_S54b27_2025,55.388254,-21.245303
6055,2927,REU.2.3_1,REU.1.3_1,0.0486678421584659,0.622815894677636,0.57414805251917,2025.12119517154,2025.1698630137,CHIKV_RUN_S18b51_2025,55.619916,-20.954687
4640,1526,REU.4.3_1,REU.4.8_1,0.0458990313685195,0.622815894677636,0.576916863309117,2025.12396398233,2025.1698630137,CHIKV_RUN_S54b04_2025,55.499749,-21.296938
5442,2140,REU.4.8_1,REU.4.4_1,0.0452745100765941,0.622815894677636,0.577541384601042,2025.12458850362,2025.1698630137,CHIKV_RUN_S53b43_2025,55.558037,-21.325456
3630,785,REU.4.8_1,REU.4.8_1,0.0444451863657854,0.622815894677636,0.578370708311851,2025.12541782733,2025.1698630137,CHIKV_RUN_S54b10_2025,55.478822,-21.28933
4603,1508,REU.4.3_1,REU.4.3_1,0.0418220715626432,0.622815894677636,0.580993823114993,2025.12804094214,2025.1698630137,CHIKV_RUN_S14b83_2025,55.514408,-21.269187
3644,831,REU.4.3_1,REU.4.3_1,0.0362941879856982,0.622815894677636,0.586521706691938,2025.13356882571,2025.1698630137,CHIKV_RUN_S14b87_2025,55.49344,-21.257015
4901,255,REU.4.8_1,REU.4.8_1,0.0355523571798579,0.622815894677636,0.587263537497778,2025.13431065652,2025.1698630137,CHIKV_RUN_S54b07_2025,55.472549,-21.304408
5520,2527,REU.4.1_1,REU.4.1_1,0.0343340141122188,0.622815894677636,0.588481880565417,2025.13552899959,2025.1698630137,CHIKV_RUN_S53b54_2025,55.4733307913944,-21.1699148940747
4403,579,REU.4.3_1,REU.4.3_1,0.0335332464618494,0.622815894677636,0.589282648215787,2025.13632976724,2025.1698630137,CHIKV_RUN_S14b81_2025,55.507301,-21.275826
4367,524,REU.4.6_1,REU.4.1_1,0.0312235919284364,0.622815894677636,0.5915923027492,2025.13863942177,2025.1698630137,CHIKV_RUN_S53b91_2025,55.436942,-21.157306
4376,538,REU.4.3_1,REU.4.3_1,0.028599756802475,0.622815894677636,0.594216137875161,2025.1412632569,2025.1698630137,CHIKV_RUN_S14b80_2025,55.515599,-21.260593
5583,3078,REU.4.6_1,REU.4.6_1,0.0272330288840077,0.622815894677636,0.595582865793628,2025.14262998481,2025.1698630137,CHIKV_RUN_S54b06_2025,55.437809,-21.26552
5616,3049,REU.4.3_1,REU.3.1_1,0.0263847679409035,0.622815894677636,0.596431126736733,2025.14347824576,2025.1698630137,CHIKV_RUN_S14b88_2025,55.334495,-21.267326
6209,3022,REU.4.3_1,REU.4.3_1,0.0258992639925957,0.622815894677636,0.59691663068504,2025.14396374971,2025.1698630137,CHIKV_RUN_S15b84_2025,55.523521,-21.261178
4679,629,REU.4.3_1,REU.4.3_1,0.02513206810402,0.622815894677636,0.597683826573616,2025.14473094559,2025.1698630137,CHIKV_RUN_S14b74_2025,55.526611,-21.282033
5069,3101,REU.4.8_1,REU.4.8_1,0.0218110075155722,0.622815894677636,0.601004887162064,2025.14805200618,2025.1698630137,CHIKV_RUN_S53b40_2025,55.507327,-21.289398
5830,2179,REU.4.8_1,REU.4.4_1,0.0194859013734681,0.622815894677636,0.603329993304168,2025.15037711233,2025.1698630137,CHIKV_RUN_S53b77_2025,55.555784,-21.320683
6166,2715,REU.4.8_1,REU.4.6_1,0.0172767988727571,0.622815894677636,0.605539095804879,2025.15258621483,2025.1698630137,CHIKV_RUN_S53b89_2025,55.437726,-21.260802
6120,1834,REU.4.6_1,REU.4.6_1,0.0149534482356509,0.622815894677636,0.607862446441985,2025.15490956546,2025.1698630137,CHIKV_RUN_S53b94_2025,55.444091,-21.264059
4564,614,REU.4.3_1,REU.4.3_1,0.0142347537969268,0.622815894677636,0.608581140880709,2025.1556282599,2025.1698630137,CHIKV_RUN_S15b85_2025,55.52464,-21.270751
5572,2757,REU.4.8_1,REU.4.8_1,0.0122970761251985,0.622815894677636,0.610518818552438,2025.15756593757,2025.1698630137,CHIKV_RUN_S53b46_2025,55.492462,-21.302535
3686,801,REU.4.3_1,REU.4.8_1,0.0103031599476777,0.622815894677636,0.612512734729958,2025.15955985375,2025.1698630137,CHIKV_RUN_S54b19_2025,55.502604,-21.296098
5164,53,REU.3.1_1,REU.3.1_1,0.0102139669989783,0.622815894677636,0.612601927678658,2025.1596490467,2025.1698630137,CHIKV_RUN_S54b28_2025,55.390892,-21.256011
5699,2561,REU.4.3_1,REU.4.3_1,0.00763656244698485,0.622815894677636,0.615179332230651,2025.16222645125,2025.1698630137,CHIKV_RUN_S53b58_2025,55.506538,-21.26503
3145,1859,REU.3.1_1,REU.3.1_1,0.00727644972305252,0.622815894677636,0.615539444954583,2025.16258656398,2025.1698630137,CHIKV_RUN_S53b55_2025,55.360037,-21.260685
4153,253,REU.4.3_1,REU.4.3_1,0.00487322055843675,0.622815894677636,0.617942674119199,2025.16498979314,2025.1698630137,CHIKV_RUN_S54b21_2025,55.520114,-21.266965
3653,774,REU.4.6_1,REU.4.6_1,0.00441616814202539,0.622815894677636,0.618399726535611,2025.16544684556,2025.1698630137,CHIKV_RUN_S53b62_2025,55.428997,-21.267044
3389,1648,REU.3.1_1,REU.3.1_1,0.00201624141623125,0.622815894677636,0.620799653261405,2025.16784677228,2025.1698630137,CHIKV_RUN_S14b82_2025,55.390415,-21.254832
5130,2271,REU.4.8_1,REU.4.8_1,0.000943959492595958,0.622815894677636,0.62187193518504,2025.16891905421,2025.1698630137,CHIKV_RUN_S15b82_2025,55.530527,-21.317145
4398,535,REU.3.1_1,REU.3.1_1,0.000633248086404081,0.622815894677636,0.622182646591232,2025.16922976561,2025.1698630137,CHIKV_RUN_S53b51_2025,55.33551,-21.27167
4356,4357,REU.4.3_1,REU.4.8_1,0.0210246365404112,0.622988873616861,0.60196423707645,2025.1490113561,2025.17003599264,NA,NA,NA
5807,5808,REU.4.8_1,REU.3.3_1,0.117021751257748,0.623062397234308,0.50604064597656,2025.053087765,2025.17010951626,NA,NA,NA
6043,6044,REU.2.3_1,REU.2.3_1,0.000724726964365763,0.623064917518113,0.622340190553747,2025.16938730957,2025.17011203654,NA,NA,NA
5391,5392,REU.3.4_1,REU.3.4_1,0.0137148789246468,0.623124672752452,0.609409793827805,2025.15645691285,2025.17017179177,NA,NA,NA
6168,6169,REU.4.8_1,REU.4.8_1,0.00683832068824519,0.623277621298331,0.616439300610085,2025.16348641963,2025.17032474032,NA,NA,NA
3289,3290,REU.4.3_1,REU.4.3_1,0.0354353500791789,0.623315906298058,0.587880556218879,2025.13492767524,2025.17036302532,NA,NA,NA
3729,3730,REU.4.3_1,REU.4.3_1,0.0778551837975273,0.6233718325964,0.545516648798873,2025.09256376782,2025.17041895162,NA,NA,NA
5062,5064,REU.4.4_1,REU.4.4_1,0.0756659855954571,0.623414877059616,0.547748891464159,2025.09479601049,2025.17046199608,NA,NA,NA
5833,5834,REU.4.8_1,REU.2.2_1,0.0420013580753056,0.623523685558923,0.581522327483617,2025.1285694465,2025.17057080458,NA,NA,NA
3918,3919,REU.4.4_1,REU.4.4_1,0.00675059288941682,0.623608575620632,0.616857982731216,2025.16390510175,2025.17065569464,NA,NA,NA
3814,3815,REU.4.3_1,REU.4.3_1,0.0233066132761406,0.623704117282195,0.600397504006054,2025.14744462303,2025.1707512363,NA,NA,NA
3966,3967,REU.4.3_1,REU.4.3_1,0.0111046575088571,0.623750990818934,0.612646333310077,2025.15969345233,2025.17079810984,NA,NA,NA
3231,3233,REU.4.3_1,REU.4.3_1,0.0307535399838803,0.623842045851817,0.593088505867936,2025.14013562489,2025.17088916487,NA,NA,NA
4931,4934,REU.4.8_1,REU.4.8_1,0.087217167206501,0.623847691360128,0.536630524153627,2025.08367764317,2025.17089481038,NA,NA,NA
4161,4170,REU.4.3_1,REU.4.3_1,0.0694572668672235,0.623992181724252,0.554534914857028,2025.10158203388,2025.17103930075,NA,NA,NA
5851,5855,REU.4.8_1,REU.4.8_1,0.0366764212294952,0.624009367127792,0.587332945898297,2025.13438006492,2025.17105648615,NA,NA,NA
6091,6092,REU.4.8_1,REU.4.8_1,0.0398911050976808,0.624036393839916,0.584145288742236,2025.13119240776,2025.17108351286,NA,NA,NA
5205,5206,REU.2.3_1,REU.2.3_1,0.0156985029674472,0.624378508838644,0.608680005871196,2025.15572712489,2025.17142562786,NA,NA,NA
3330,3337,REU.4.8_1,REU.4.8_1,0.0641442821245071,0.624483129008266,0.560338846883759,2025.1073859659,2025.17153024803,NA,NA,NA
4017,4018,REU.2.3_1,REU.2.3_1,0.0838284601089757,0.624498154918229,0.540669694809253,2025.08771681383,2025.17154527394,NA,NA,NA
5062,5063,REU.4.4_1,REU.4.4_1,0.0767996966412561,0.624548588105415,0.547748891464159,2025.09479601049,2025.17159570713,NA,NA,NA
5989,5990,REU.4.6_1,REU.4.6_1,0.0180111187569598,0.624591999211931,0.606580880454972,2025.15362799948,2025.17163911823,NA,NA,NA
5809,5810,REU.4.8_1,REU.2.1_1,0.0623204878669366,0.624624757297813,0.562304269430877,2025.10935138845,2025.17167187632,NA,NA,NA
6052,6053,REU.2.3_1,REU.2.3_1,0.036017375631759,0.624627330710282,0.588609955078523,2025.1356570741,2025.17167444973,NA,NA,NA
3351,3352,REU.4.3_1,REU.4.3_1,0.0115706656066299,0.624650157803419,0.613079492196789,2025.16012661122,2025.17169727682,NA,NA,NA
3332,3333,REU.4.8_1,REU.2.3_1,0.0223994238112313,0.624657505444324,0.602258081633093,2025.14930520065,2025.17170462447,NA,NA,NA
5535,5536,REU.4.1_1,REU.4.1_1,0.0480354733490858,0.624689572989384,0.576654099640298,2025.12370121866,2025.17173669201,NA,NA,NA
3669,3670,REU.4.3_1,REU.4.8_1,0.0532981762381138,0.62479832582162,0.571500149583506,2025.1185472686,2025.17184544484,NA,NA,NA
6015,6016,REU.2.3_1,REU.2.3_1,0.0477909318520735,0.624857892425993,0.577066960573919,2025.1241140796,2025.17190501145,NA,NA,NA
4407,4408,REU.4.3_1,REU.4.3_1,0.0209421332241922,0.62495951705056,0.604017383826367,2025.15106450285,2025.17200663607,NA,NA,NA
5301,5303,REU.4.5_1,REU.4.5_1,0.021602306152097,0.62505665586274,0.603454349710643,2025.15050146873,2025.17210377488,NA,NA,NA
4460,4468,REU.3.5_1,REU.2.3_1,0.103783523835569,0.625294101560692,0.521510577725123,2025.06855769675,2025.17234122058,NA,NA,NA
4357,4358,REU.4.8_1,REU.4.8_1,0.00233804434612495,0.625326917962986,0.622988873616861,2025.17003599264,2025.17237403698,NA,NA,NA
4622,4635,REU.4.3_1,REU.4.3_1,0.10589725694463,0.625435830085148,0.519538573140519,2025.06658569216,2025.17248294911,NA,NA,NA
5384,2449,REU.3.4_1,REU.3.4_1,0.124844991311679,0.625555620704993,0.500710629393314,2025.04775774841,2025.17260273973,CHIKV_RUN_S53b60_2025,55.295708,-21.213117
6140,2000,REU.3.1_1,REU.3.1_1,0.103603454505653,0.625555620704993,0.521952166199341,2025.06899928522,2025.17260273973,CHIKV_RUN_S54b14_2025,55.361485,-21.25901
3480,958,REU.3.5_1,REU.3.3_1,0.0885789239216332,0.625555620704993,0.53697669678336,2025.0840238158,2025.17260273973,CHIKV_RUN_S37b84_2025,55.290406,-21.109758
3391,1697,REU.4.3_1,REU.4.8_1,0.085869078972398,0.625555620704993,0.539686541732595,2025.08673366075,2025.17260273973,CHIKV_RUN_S53b44_2025,55.492855,-21.296449
3628,798,REU.4.8_1,REU.4.6_1,0.0839810413359816,0.625555620704993,0.541574579369012,2025.08862169839,2025.17260273973,CHIKV_RUN_S53b53_2025,55.447652,-21.273302
3350,1286,REU.4.3_1,REU.4.3_1,0.082755018932083,0.625555620704993,0.54280060177291,2025.08984772079,2025.17260273973,CHIKV_RUN_S53b45_2025,55.527183,-21.256516
3978,901,REU.4.3_1,REU.4.3_1,0.0789125797342449,0.625555620704993,0.546643040970749,2025.09369015999,2025.17260273973,CHIKV_RUN_S53b41_2025,55.539911,-21.299987
3415,1738,REU.4.3_1,REU.4.3_1,0.0774855918895722,0.625555620704993,0.548070028815421,2025.09511714784,2025.17260273973,CHIKV_RUN_S15b09_2025,55.520157,-21.260094
4807,86,REU.3.3_1,REU.3.3_1,0.0702929952556562,0.625555620704993,0.555262625449337,2025.10230974447,2025.17260273973,CHIKV_RUN_S53b42_2025,55.287172,-21.106988
3255,1104,REU.4.3_1,REU.4.3_1,0.0635077400508162,0.625555620704993,0.562047880654177,2025.10909499968,2025.17260273973,CHIKV_RUN_S53b76_2025,55.537274,-21.25887
4269,399,REU.4.3_1,REU.1.2_1,0.0585257414981835,0.625555620704993,0.56702987920681,2025.11407699823,2025.17260273973,CHIKV_RUN_S17b72_2025,55.617232,-21.14786
3724,758,REU.4.8_1,REU.4.2_1,0.0578319625230987,0.625555620704993,0.567723658181895,2025.1147707772,2025.17260273973,CHIKV_RUN_S53b59_2025,55.468463,-21.247905
4971,1907,REU.3.1_1,REU.3.1_1,0.0563828577387206,0.625555620704993,0.569172762966273,2025.11621988199,2025.17260273973,CHIKV_RUN_S15b81_2025,55.336592,-21.273767
4040,1287,REU.4.8_1,REU.4.8_1,0.0492079372751844,0.625555620704993,0.576347683429809,2025.12339480245,2025.17260273973,CHIKV_RUN_S53b90_2025,55.487494,-21.277798
4973,1909,REU.3.1_1,REU.2.3_1,0.046225369973955,0.625555620704993,0.579330250731038,2025.12637736975,2025.17260273973,CHIKV_RUN_S54b09_2025,55.467156,-20.886212
3137,3008,REU.3.2_1,REU.3.2_1,0.0447220337693468,0.625555620704993,0.580833586935647,2025.12788070596,2025.17260273973,CHIKV_RUN_S15b04_2025,55.340941,-21.241734
3261,1113,REU.4.3_1,REU.4.3_1,0.0439173858460382,0.625555620704993,0.581638234858955,2025.12868535388,2025.17260273973,CHIKV_RUN_S54b03_2025,55.53279,-21.257958
4260,401,REU.4.8_1,REU.4.7_1,0.0399299491265201,0.625555620704993,0.585625671578473,2025.1326727906,2025.17260273973,CHIKV_RUN_S54b25_2025,55.763819,-21.361122
5008,1904,REU.4.8_1,REU.4.8_1,0.0371041685685483,0.625555620704993,0.588451452136445,2025.13549857116,2025.17260273973,CHIKV_RUN_S54b20_2025,55.48477,-21.301816
4403,536,REU.4.3_1,REU.4.3_1,0.0362729724892068,0.625555620704993,0.589282648215787,2025.13632976724,2025.17260273973,CHIKV_RUN_S15b86_2025,55.501495,-21.274366
3519,882,REU.4.3_1,REU.4.3_1,0.0344191274149477,0.625555620704993,0.591136493290046,2025.13818361231,2025.17260273973,CHIKV_RUN_S53b61_2025,55.514751,-21.244228
4925,2764,REU.3.1_1,REU.3.1_1,0.0341686053945729,0.625555620704993,0.591387015310421,2025.13843413433,2025.17260273973,CHIKV_RUN_S53b52_2025,55.336864,-21.267742
5028,2340,REU.3.1_1,REU.3.1_1,0.0329442491726799,0.625555620704993,0.592611371532314,2025.13965849055,2025.17260273973,CHIKV_RUN_S16b01_2025,55.363928,-21.26362
5078,2019,REU.4.6_1,REU.4.6_1,0.0327397033361592,0.625555620704993,0.592815917368834,2025.13986303639,2025.17260273973,CHIKV_RUN_S53b73_2025,55.400593,-21.289238
6122,1831,REU.3.1_1,REU.3.1_1,0.0319342095754119,0.625555620704993,0.593621411129582,2025.14066853015,2025.17260273973,CHIKV_RUN_S53b74_2025,55.357744,-21.255258
5446,1961,REU.4.5_1,REU.4.5_1,0.0205431205193594,0.625555620704993,0.605012500185634,2025.15205961921,2025.17260273973,CHIKV_RUN_S53b87_2025,55.609715,-21.376921
5879,3063,REU.4.8_1,REU.4.2_1,0.0199137504898581,0.625555620704993,0.605641870215135,2025.15268898924,2025.17260273973,CHIKV_RUN_S54b16_2025,55.471068,-21.24966
5434,2760,REU.3.1_1,REU.3.1_1,0.0186200213807349,0.625555620704993,0.606935599324259,2025.15398271835,2025.17260273973,CHIKV_RUN_S54b22_2025,55.33551,-21.27167
4003,1576,REU.4.3_1,REU.4.3_1,0.0174304879852767,0.625555620704993,0.608125132719717,2025.15517225174,2025.17260273973,CHIKV_RUN_S53b92_2025,55.554131,-21.303825
5943,2973,REU.4.6_1,REU.4.6_1,0.0173243871469267,0.625555620704993,0.608231233558067,2025.15527835258,2025.17260273973,CHIKV_RUN_S53b79_2025,55.433699,-21.259772
3355,1760,REU.4.3_1,REU.4.3_1,0.0157886975289151,0.625555620704993,0.609766923176078,2025.1568140422,2025.17260273973,CHIKV_RUN_S54b15_2025,55.531852,-21.256267
6191,2732,REU.4.6_1,REU.4.6_1,0.0128764036055756,0.625555620704993,0.612679217099418,2025.15972633612,2025.17260273973,CHIKV_RUN_S15b95_2025,55.43908,-21.262658
4110,1566,REU.4.3_1,REU.4.3_1,0.0127153210505191,0.625555620704993,0.612840299654474,2025.15988741868,2025.17260273973,CHIKV_RUN_S53b37_2025,55.510761,-21.253684
5044,2800,REU.3.1_1,REU.3.1_1,0.0115504926821093,0.625555620704993,0.614005128022884,2025.16105224704,2025.17260273973,CHIKV_RUN_S53b95_2025,55.366607,-21.253818
5045,2799,REU.3.1_1,REU.3.1_1,0.0111221648702069,0.625555620704993,0.614433455834787,2025.16148057486,2025.17260273973,CHIKV_RUN_S53b84_2025,55.368013,-21.257563
4814,64,REU.3.3_1,REU.3.3_1,0.00798772152061955,0.625555620704993,0.617567899184374,2025.16461501821,2025.17260273973,CHIKV_RUN_S53b47_2025,55.286921,-21.110012
4547,1303,REU.4.8_1,REU.4.8_1,0.00796599808851928,0.625555620704993,0.617589622616474,2025.16463674164,2025.17260273973,CHIKV_RUN_S54b26_2025,55.469909,-21.284304
5748,1945,REU.4.8_1,REU.4.2_1,0.00625874889367117,0.625555620704993,0.619296871811322,2025.16634399083,2025.17260273973,CHIKV_RUN_S15b59_2025,55.465554,-21.254063
3230,1652,REU.4.3_1,REU.4.3_1,0.00523054720411642,0.625555620704993,0.620325073500877,2025.16737219252,2025.17260273973,CHIKV_RUN_S53b82_2025,55.527183,-21.256516
4860,1138,REU.2.3_1,REU.2.3_1,0.00466474273093964,0.625555620704994,0.620890877974054,2025.167937997,2025.17260273973,CHIKV_RUN_S15b83_2025,55.447502,-20.889213
4157,1168,REU.4.8_1,REU.4.8_1,0.00389943621402689,0.625555620704993,0.621656184490967,2025.16870330351,2025.17260273973,CHIKV_RUN_S54b12_2025,55.472479,-21.279912
4261,455,REU.4.8_1,REU.4.1_1,0.00312997148470395,0.625555620704993,0.62242564922029,2025.16947276824,2025.17260273973,CHIKV_RUN_S54b05_2025,55.475041,-21.168695
5808,2815,REU.3.3_1,REU.3.3_1,0.00249322347068537,0.625555620704993,0.623062397234308,2025.17010951626,2025.17260273973,CHIKV_RUN_S53b56_2025,55.294761,-21.109829
5064,1897,REU.4.4_1,REU.4.4_1,0.00214074364537709,0.625555620704993,0.623414877059616,2025.17046199608,2025.17260273973,CHIKV_RUN_S15b80_2025,55.566763,-21.367484
3815,837,REU.4.3_1,REU.4.3_1,0.00185150342279861,0.625555620704993,0.623704117282195,2025.1707512363,2025.17260273973,CHIKV_RUN_S54b18_2025,55.519366,-21.261462
3233,1657,REU.4.3_1,REU.4.3_1,0.00171357485317669,0.625555620704993,0.623842045851817,2025.17088916487,2025.17260273973,CHIKV_RUN_S15b76_2025,55.527948,-21.256723
4018,1043,REU.2.3_1,REU.2.3_1,0.00105746578676436,0.625555620704993,0.624498154918229,2025.17154527394,2025.17260273973,CHIKV_RUN_S15b79_2025,55.456378,-20.904032
3820,3821,REU.4.3_1,REU.4.3_1,0.0700284449111372,0.62559608745867,0.555567642547532,2025.10261476157,2025.17264320648,NA,NA,NA
3783,3784,REU.4.3_1,REU.4.3_1,0.00368013913100085,0.625596304250452,0.621916165119451,2025.16896328414,2025.17264342327,NA,NA,NA
4165,4166,REU.4.8_1,REU.4.8_1,0.00443152232723731,0.625638762040161,0.621207239712924,2025.16825435873,2025.17268588106,NA,NA,NA
3761,3762,REU.4.3_1,REU.4.3_1,0.0129431060197718,0.625642683670091,0.61269957765032,2025.15974669667,2025.17268980269,NA,NA,NA
3562,3563,REU.4.8_1,REU.4.8_1,0.0410865229284112,0.62564716325947,0.584560640331058,2025.13160775935,2025.17269428228,NA,NA,NA
5150,5151,REU.2.3_1,REU.4.8_1,0.0246974645426266,0.625650970303695,0.600953505761069,2025.14800062478,2025.17269808932,NA,NA,NA
5359,5360,REU.2.3_1,REU.2.3_1,0.0317116170056402,0.62590824372364,0.594196626718,2025.14124374574,2025.17295536274,NA,NA,NA
5700,5702,REU.4.3_1,REU.4.3_1,0.0435792411069423,0.62591393867677,0.582334697569827,2025.12938181659,2025.1729610577,NA,NA,NA
4142,4144,REU.3.5_1,REU.3.5_1,0.00802396674714556,0.626136029727572,0.618112062980426,2025.165159182,2025.17318314875,NA,NA,NA
4839,4840,REU.4.8_1,REU.4.8_1,0.0178795570201405,0.626270862982395,0.608391305962254,2025.15543842498,2025.173317982,NA,NA,NA
6046,6047,REU.2.3_1,REU.2.3_1,0.0505487572380747,0.626383676703933,0.575834919465858,2025.12288203849,2025.17343079572,NA,NA,NA
3971,3972,REU.4.3_1,REU.4.3_1,0.112443130662476,0.626387707806422,0.513944577143946,2025.06099169617,2025.17343482683,NA,NA,NA
3437,3438,REU.2.3_1,REU.2.3_1,0.036644037617923,0.62645613979053,0.589812102172607,2025.13685922119,2025.17350325881,NA,NA,NA
5247,5249,REU.4.8_1,REU.4.8_1,0.0468651682611859,0.626483740211704,0.579618571950518,2025.12666569097,2025.17353085923,NA,NA,NA
3605,3606,REU.4.3_1,REU.4.8_1,0.0114713742804762,0.626500432206367,0.615029057925891,2025.16207617695,2025.17354755123,NA,NA,NA
3670,3671,REU.4.8_1,REU.4.8_1,0.00183300008564269,0.626631325907263,0.62479832582162,2025.17184544484,2025.17367844493,NA,NA,NA
3884,3885,REU.4.4_1,REU.4.4_1,0.0121649374164354,0.62665359877641,0.614488661359974,2025.16153578038,2025.1737007178,NA,NA,NA
3307,3308,REU.4.3_1,REU.4.3_1,0.0402278007500858,0.62666094634165,0.586433145591564,2025.13348026461,2025.17370806536,NA,NA,NA
3396,3400,REU.4.8_1,REU.3.5_1,0.0281912352308249,0.626689859260241,0.598498624029416,2025.14554574305,2025.17373697828,NA,NA,NA
6224,6225,REU.4.3_1,REU.4.3_1,0.00444876804863659,0.626741734205853,0.622292966157216,2025.16934008518,2025.17378885323,NA,NA,NA
3730,3731,REU.4.3_1,REU.4.3_1,0.00337232558864187,0.626744158185042,0.6233718325964,2025.17041895162,2025.17379127721,NA,NA,NA
5261,5262,REU.4.5_1,REU.4.5_1,0.0836665442062838,0.626790510937111,0.543123966730827,2025.09017108575,2025.17383762996,NA,NA,NA
4653,4654,REU.4.8_1,REU.4.8_1,0.00807173709304143,0.626856050988239,0.618784313895198,2025.16583143292,2025.17390317001,NA,NA,NA
4251,4252,REU.4.8_1,REU.2.3_1,0.0509013257853949,0.626943565243625,0.57604223945823,2025.12308935848,2025.17399068426,NA,NA,NA
4261,4262,REU.4.8_1,REU.4.8_1,0.00452047317447513,0.626946122394765,0.62242564922029,2025.16947276824,2025.17399324142,NA,NA,NA
4426,4427,REU.2.3_1,REU.2.3_1,0.0373753545749917,0.627046535789025,0.589671181214034,2025.13671830024,2025.17409365481,NA,NA,NA
5957,5958,REU.3.4_1,REU.3.4_1,0.00562617765640927,0.62709568740321,0.621469509746801,2025.16851662877,2025.17414280642,NA,NA,NA
4892,4893,REU.2.3_1,REU.2.3_1,0.0330376879606221,0.627112929332115,0.594075241371493,2025.14112236039,2025.17416004835,NA,NA,NA
5962,5963,REU.3.4_1,REU.3.4_1,0.0392763261200403,0.627301262609596,0.588024936489555,2025.13507205551,2025.17434838163,NA,NA,NA
4850,4853,REU.2.3_1,REU.2.3_1,0.022635904559767,0.627323189922972,0.604687285363205,2025.15173440438,2025.17437030894,NA,NA,NA
4810,4811,REU.4.8_1,REU.3.3_1,0.00682464214493728,0.627343588282258,0.620518946137321,2025.16756606516,2025.1743907073,NA,NA,NA
5907,5908,REU.4.3_1,REU.4.3_1,0.0919355077211028,0.627504159428708,0.535568651707605,2025.08261577073,2025.17455127845,NA,NA,NA
3976,3977,REU.4.3_1,REU.4.3_1,0.0721733419525569,0.627550863111983,0.555377521159426,2025.10242464018,2025.17459798213,NA,NA,NA
3146,3147,REU.3.1_1,REU.4.8_1,0.0813720567565707,0.62760773408836,0.54623567733179,2025.09328279635,2025.17465485311,NA,NA,NA
5206,5207,REU.2.3_1,REU.2.3_1,0.00332341748530696,0.62770192632395,0.624378508838644,2025.17142562786,2025.17474904534,NA,NA,NA
4491,4493,REU.3.5_1,REU.3.5_1,0.016681762505856,0.627727699054733,0.611045936548877,2025.15809305557,2025.17477481808,NA,NA,NA
3536,3537,REU.4.8_1,REU.4.3_1,0.0635285911417804,0.627737790725316,0.564209199583535,2025.1112563186,2025.17478490975,NA,NA,NA
3375,3376,REU.2.3_1,REU.2.3_1,0.0192156307973069,0.627834860297206,0.608619229499899,2025.15566634852,2025.17488197932,NA,NA,NA
4099,4100,REU.4.3_1,REU.4.3_1,0.0118935281407175,0.6278903293182,0.615996801177482,2025.1630439202,2025.17493744834,NA,NA,NA
5138,5139,REU.4.3_1,REU.4.3_1,0.0143546032028325,0.627903996839048,0.613549393636216,2025.16059651266,2025.17495111586,NA,NA,NA
5568,5569,REU.4.8_1,REU.4.8_1,0.0161107574956152,0.62791484279207,0.611804085296455,2025.15885120432,2025.17496196181,NA,NA,NA
5503,5504,REU.4.8_1,REU.4.8_1,0.0547086560135758,0.628046356298802,0.573337700285226,2025.12038481931,2025.17509347532,NA,NA,NA
5311,5312,REU.4.5_1,REU.4.5_1,0.0788384725366476,0.628075669191027,0.549237196654379,2025.09628431568,2025.17512278821,NA,NA,NA
4064,4068,REU.4.3_1,REU.4.8_1,0.0531994938717448,0.628203068872848,0.575003575001104,2025.12205069402,2025.17525018789,NA,NA,NA
3701,3703,REU.4.3_1,REU.4.3_1,0.0547617721194729,0.628219639693439,0.573457867573966,2025.1205049866,2025.17526675871,NA,NA,NA
3237,1125,REU.4.3_1,REU.4.3_1,0.184317209920132,0.628295346732351,0.443978136812219,2024.99102525583,2025.17534246575,CHIKV_RUN_S16b69_2025,55.517036,-21.294639
5532,2373,REU.4.1_1,REU.4.1_1,0.124230135462829,0.628295346732351,0.504065211269522,2025.05111233029,2025.17534246575,CHIKV_RUN_S16b79_2025,55.47633,-21.168947
4875,1041,REU.4.3_1,REU.2.5_1,0.11600584414061,0.628295346732351,0.512289502591741,2025.05933662161,2025.17534246575,CHIKV_RUN_S37b89_2025,55.605935,-20.951382
3771,664,REU.4.3_1,REU.4.3_1,0.0994897040825084,0.628295346732351,0.528805642649843,2025.07585276167,2025.17534246575,CHIKV_RUN_S16b70_2025,55.521282,-21.252269
3711,669,REU.4.3_1,REU.2.3_1,0.0985083637056782,0.628295346732351,0.529786983026673,2025.07683410205,2025.17534246575,CHIKV_RUN_S15b12_2025,55.473452,-20.904294
5643,2709,REU.4.6_1,REU.4.6_1,0.0831333000300478,0.628295346732351,0.545162046702303,2025.09220916572,2025.17534246575,CHIKV_RUN_S15b11_2025,55.43735,-21.282083
3900,1220,REU.4.5_1,REU.4.3_1,0.0812716546889662,0.628295346732351,0.547023692043385,2025.09407081106,2025.17534246575,CHIKV_RUN_S15b03_2025,55.521673,-21.257382
5466,2232,REU.4.8_1,REU.3.2_1,0.0718714601940591,0.628295346732351,0.556423886538292,2025.10347100556,2025.17534246575,CHIKV_RUN_S15b90_2025,55.329506,-21.234528
6158,3053,REU.4.6_1,REU.4.6_1,0.0674001541233662,0.628295346732351,0.560895192608985,2025.10794231163,2025.17534246575,CHIKV_RUN_S16b71_2025,55.433794,-21.251845
3534,649,REU.4.8_1,REU.4.3_1,0.0546679149431173,0.628295346732351,0.573627431789234,2025.12067455081,2025.17534246575,CHIKV_RUN_S15b14_2025,55.509572,-21.284307
5535,2524,REU.4.1_1,REU.4.1_1,0.0516412470920524,0.628295346732351,0.576654099640298,2025.12370121866,2025.17534246575,CHIKV_RUN_S16b56_2025,55.47479,-21.170469
5105,2159,REU.2.2_1,REU.2.2_1,0.05037752565097,0.628295346732351,0.577917821081381,2025.1249649401,2025.17534246575,CHIKV_RUN_S17b43_2025,55.302715,-20.938755
3193,1964,REU.4.8_1,REU.2.3_1,0.0488874475664265,0.628295346732351,0.579407899165924,2025.12645501819,2025.17534246575,CHIKV_RUN_S15b06_2025,55.44655,-20.899567
4131,1703,REU.4.3_1,REU.4.8_1,0.0468067036209794,0.628295346732351,0.581488643111371,2025.12853576213,2025.17534246575,CHIKV_RUN_S16b75_2025,55.472365,-21.280115
5475,2664,REU.3.1_1,REU.3.1_1,0.044355756277336,0.628295346732351,0.583939590455015,2025.13098670948,2025.17534246575,CHIKV_RUN_S15b13_2025,55.357299,-21.254774
5042,2796,REU.3.1_1,REU.3.1_1,0.0427536627916734,0.628295346732351,0.585541683940678,2025.13258880296,2025.17534246575,CHIKV_RUN_S16b74_2025,55.366601,-21.253912
4573,1422,REU.4.3_1,REU.4.3_1,0.0426284405033904,0.628295346732351,0.58566690622896,2025.13271402525,2025.17534246575,CHIKV_RUN_S16b65_2025,55.508741,-21.238603
5439,1939,REU.2.3_1,REU.1.3_1,0.0400021972709494,0.628295346732351,0.588293149461401,2025.13534026848,2025.17534246575,CHIKV_RUN_S18b53_2025,55.623947,-20.950749
4072,274,REU.4.8_1,REU.4.5_1,0.0392259913422495,0.628295346732351,0.589069355390101,2025.13611647441,2025.17534246575,CHIKV_RUN_S16b41_2025,55.602285,-21.348454
3554,1596,REU.4.8_1,REU.4.8_1,0.0327754556902369,0.628295346732351,0.595519891042114,2025.14256701006,2025.17534246575,CHIKV_RUN_S15b92_2025,55.477771,-21.342704
5633,1788,REU.2.3_1,REU.2.3_1,0.0287840419607437,0.628295346732351,0.599511304771607,2025.14655842379,2025.17534246575,CHIKV_RUN_S15b15_2025,55.462476,-20.88777
5055,2746,REU.4.8_1,REU.4.8_1,0.0286610548462908,0.628295346732351,0.59963429188606,2025.14668141091,2025.17534246575,CHIKV_RUN_S15b01_2025,55.463816,-21.285384
5533,2518,REU.4.1_1,REU.4.1_1,0.0238177719192796,0.628295346732351,0.604477574813071,2025.15152469383,2025.17534246575,CHIKV_RUN_S15b07_2025,55.47775,-21.1691
5001,1992,REU.2.3_1,REU.1.4_1,0.0232715805630287,0.628295346732351,0.605023766169322,2025.15207088519,2025.17534246575,CHIKV_RUN_S17b71_2025,55.68464,-21.015043
4003,1575,REU.4.3_1,REU.4.8_1,0.0201702140126341,0.628295346732351,0.608125132719717,2025.15517225174,2025.17534246575,CHIKV_RUN_S15b89_2025,55.494927,-21.296698
5654,2604,REU.4.5_1,REU.4.5_1,0.0193454073638477,0.628295346732351,0.608949939368503,2025.15599705839,2025.17534246575,CHIKV_RUN_S16b36_2025,55.626989,-21.379438
4456,121,REU.2.3_1,REU.3.5_1,0.0180343587651187,0.628295346732351,0.610260987967232,2025.15730810699,2025.17534246575,CHIKV_RUN_S16b57_2025,55.266295,-21.074346
5269,2048,REU.4.8_1,REU.4.8_1,0.015125469962697,0.628295346732351,0.613169876769654,2025.16021699579,2025.17534246575,CHIKV_RUN_S15b93_2025,55.533549,-21.332922
4761,208,REU.4.8_1,REU.4.4_1,0.0137438691736058,0.628295346732351,0.614551477558745,2025.16159859658,2025.17534246575,CHIKV_RUN_S16b68_2025,55.558938,-21.338599
5282,2101,REU.4.5_1,REU.4.5_1,0.0120164737255907,0.628295346732351,0.61627887300676,2025.16332599203,2025.17534246575,CHIKV_RUN_S15b10_2025,55.627197,-21.374731
5842,2321,REU.4.6_1,REU.3.2_1,0.0113663373988466,0.628295346732351,0.616929009333504,2025.16397612835,2025.17534246575,CHIKV_RUN_S15b05_2025,55.322143,-21.250985
3446,990,REU.2.3_1,REU.2.3_1,0.00904894160097491,0.628295346732351,0.619246405131376,2025.16629352415,2025.17534246575,CHIKV_RUN_S15b88_2025,55.464831,-20.8845
3671,744,REU.4.8_1,REU.4.8_1,0.00166402082508799,0.628295346732351,0.626631325907263,2025.17367844493,2025.17534246575,CHIKV_RUN_S15b74_2025,55.471073,-21.307635
3147,2494,REU.4.8_1,REU.3.2_1,0.000687612643990421,0.628295346732351,0.62760773408836,2025.17465485311,2025.17534246575,CHIKV_RUN_S16b77_2025,55.352255,-21.242327
5484,5485,REU.3.1_1,REU.3.1_1,0.042160174735496,0.628320529610876,0.58616035487538,2025.1332074739,2025.17536764863,NA,NA,NA
3345,3346,REU.3.5_1,REU.3.5_1,0.0193668761892878,0.628419919898448,0.609053043709161,2025.15610016273,2025.17546703892,NA,NA,NA
4750,4751,REU.4.5_1,REU.4.5_1,0.0245831118406938,0.62843135001942,0.603848238178726,2025.1508953572,2025.17547846904,NA,NA,NA
4761,4762,REU.4.8_1,REU.4.8_1,0.0140353471036689,0.628586824662414,0.614551477558745,2025.16159859658,2025.17563394368,NA,NA,NA
4887,4888,REU.2.4_1,REU.2.4_1,0.0102859405857119,0.62867748601356,0.618391545427848,2025.16543866445,2025.17572460503,NA,NA,NA
3555,3556,REU.4.8_1,REU.4.8_1,0.0585515853414993,0.628683226909375,0.570131641567876,2025.11717876059,2025.17573034593,NA,NA,NA
3671,3672,REU.4.8_1,REU.4.8_1,0.00208116058484187,0.628712486492105,0.626631325907263,2025.17367844493,2025.17575960551,NA,NA,NA
4351,4352,REU.4.3_1,REU.4.3_1,0.0226110868114928,0.628765831932783,0.60615474512129,2025.15320186414,2025.17581295095,NA,NA,NA
5996,5998,REU.3.4_1,REU.3.4_1,0.0851148003487755,0.628766465725199,0.543651665376424,2025.0906987844,2025.17581358475,NA,NA,NA
3972,3973,REU.4.3_1,REU.4.3_1,0.00255767596587098,0.628945383772293,0.626387707806422,2025.17343482683,2025.17599250279,NA,NA,NA
4228,4229,REU.2.3_1,REU.2.3_1,0.0171358814673028,0.629132144095286,0.611996262627983,2025.15904338165,2025.17617926312,NA,NA,NA
5503,5507,REU.4.8_1,REU.3.4_1,0.0558094467886214,0.629147147073848,0.573337700285226,2025.12038481931,2025.1761942661,NA,NA,NA
5213,5215,REU.2.3_1,REU.2.3_1,0.0250870498459264,0.62915463261838,0.604067582772454,2025.15111470179,2025.17620175164,NA,NA,NA
5605,5606,REU.4.8_1,REU.3.5_1,0.017563625290435,0.629163230332001,0.611599605041566,2025.15864672406,2025.17621034935,NA,NA,NA
5888,5889,REU.3.1_1,REU.3.1_1,0.0248449734784129,0.62917367153973,0.604328698061317,2025.15137581708,2025.17622079056,NA,NA,NA
4142,4143,REU.3.5_1,REU.4.8_1,0.0111809099931408,0.629292972973567,0.618112062980426,2025.165159182,2025.17634009199,NA,NA,NA
4789,4793,REU.4.8_1,REU.2.1_1,0.0182190482428518,0.629330764834694,0.611111716591842,2025.15815883561,2025.17637788386,NA,NA,NA
4779,4780,REU.4.8_1,REU.4.8_1,0.0208120136974393,0.629367026838669,0.60855501314123,2025.15560213216,2025.17641414586,NA,NA,NA
4229,4230,REU.2.3_1,REU.2.3_1,0.000318515266852892,0.629450659362139,0.629132144095286,2025.17617926312,2025.17649777838,NA,NA,NA
3428,3429,REU.2.3_1,REU.2.3_1,0.0178118421294691,0.629500529052979,0.61168868692351,2025.15873580594,2025.17654764807,NA,NA,NA
4093,4094,REU.2.1_1,REU.2.3_1,0.0412403474706151,0.629520934135543,0.588280586664927,2025.13532770569,2025.17656805316,NA,NA,NA
4871,4873,REU.4.3_1,REU.3.5_1,0.0850175736752652,0.629529888727426,0.544512315052161,2025.09155943407,2025.17657700775,NA,NA,NA
5851,5852,REU.4.8_1,REU.4.8_1,0.0423340394254692,0.629666985323766,0.587332945898297,2025.13438006492,2025.17671410434,NA,NA,NA
4027,4029,REU.4.3_1,REU.4.3_1,0.136314662709166,0.629715028814936,0.49340036610577,2025.04044748513,2025.17676214784,NA,NA,NA
6198,6199,REU.3.5_1,REU.3.5_1,0.0162149732325506,0.629917419162037,0.613702445929487,2025.16074956495,2025.17696453818,NA,NA,NA
4491,4492,REU.3.5_1,REU.3.5_1,0.0190963450651516,0.630142281614029,0.611045936548877,2025.15809305557,2025.17718940064,NA,NA,NA
5550,5551,REU.4.8_1,REU.4.8_1,0.0175593373345706,0.630259989204961,0.61270065187039,2025.15974777089,2025.17730710823,NA,NA,NA
6047,6048,REU.2.3_1,REU.2.3_1,0.00392186722644738,0.63030554393038,0.626383676703933,2025.17343079572,2025.17735266295,NA,NA,NA
4276,4277,REU.4.3_1,REU.4.3_1,0.0422414387123329,0.630493131167271,0.588251692454938,2025.13529881148,2025.17754025019,NA,NA,NA
5730,5731,REU.4.8_1,REU.4.8_1,0.0277721966181412,0.630549048902378,0.602776852284237,2025.14982397131,2025.17759616792,NA,NA,NA
4628,4629,REU.4.3_1,REU.4.3_1,0.0635406180883065,0.630551881233116,0.567011263144809,2025.11405838217,2025.17759900025,NA,NA,NA
4302,4303,REU.2.3_1,REU.2.3_1,0.0876542451631024,0.630577241984545,0.542922996821442,2025.08997011584,2025.17762436101,NA,NA,NA
4481,4482,REU.4.8_1,REU.4.8_1,0.0138531948244481,0.630814733568164,0.616961538743716,2025.16400865776,2025.17786185259,NA,NA,NA
4751,4752,REU.4.5_1,REU.4.5_1,0.00245738244034144,0.630888732459762,0.62843135001942,2025.17547846904,2025.17793585148,NA,NA,NA
3524,900,REU.4.3_1,REU.3.1_1,0.140486887327896,0.631035072759708,0.490548185431812,2025.03759530445,2025.17808219178,CHIKV_RUN_S36b51_2025,55.334015,-21.272898
4421,158,REU.4.6_1,REU.4.6_1,0.12810371085157,0.631035072759708,0.502931361908138,2025.04997848093,2025.17808219178,CHIKV_RUN_S16b18_2025,55.437616,-21.268652
4776,203,REU.4.5_1,REU.4.7_1,0.10931473144565,0.631035072759708,0.521720341314058,2025.06876746034,2025.17808219178,CHIKV_RUN_S16b80_2025,55.771718,-21.363786
3618,820,REU.4.8_1,REU.4.2_1,0.0999515227553973,0.631035072759708,0.531083550004311,2025.07813066903,2025.17808219178,CHIKV_RUN_S16b59_2025,55.49552,-21.241122
5331,2415,REU.4.6_1,REU.4.6_1,0.0865237234217232,0.631035072759708,0.544511349337985,2025.09155846836,2025.17808219178,CHIKV_RUN_S16b78_2025,55.43178,-21.261588
4000,1572,REU.4.8_1,REU.3.2_1,0.0576487078581736,0.631035072759708,0.573386364901535,2025.12043348392,2025.17808219178,CHIKV_RUN_S16b73_2025,55.334132,-21.24718
3579,1097,REU.4.3_1,REU.4.3_1,0.0511244053367272,0.631035072759708,0.579910667422981,2025.12695778644,2025.17808219178,CHIKV_RUN_S16b14_2025,55.504085,-21.266514
4996,1978,REU.2.5_1,REU.2.5_1,0.0460045902123143,0.631035072759708,0.585030482547394,2025.13207760157,2025.17808219178,CHIKV_RUN_S28b06_2025,55.598072,-20.90818
5035,2628,REU.4.6_1,REU.4.3_1,0.0448738863768869,0.631035072759708,0.586161186382821,2025.1332083054,2025.17808219178,CHIKV_RUN_S16b38_2025,55.498283,-21.267012
4607,1514,REU.4.3_1,REU.4.3_1,0.0425266917665118,0.631035072759708,0.588508380993196,2025.13555550001,2025.17808219178,CHIKV_RUN_S16b60_2025,55.525549,-21.286563
3623,792,REU.4.8_1,REU.4.8_1,0.0424982165387144,0.631035072759708,0.588536856220994,2025.13558397524,2025.17808219178,CHIKV_RUN_S16b63_2025,55.532847,-21.352894
3695,812,REU.4.3_1,REU.4.3_1,0.0373952012873109,0.631035072759708,0.593639871472397,2025.14068699049,2025.17808219178,CHIKV_RUN_S16b66_2025,55.521328,-21.278701
5434,2753,REU.3.1_1,REU.3.2_1,0.0240994734354497,0.631035072759708,0.606935599324259,2025.15398271835,2025.17808219178,CHIKV_RUN_S37b83_2025,55.351102,-21.244876
5523,2522,REU.4.1_1,REU.4.1_1,0.0191985346996766,0.631035072759708,0.611836538060032,2025.15888365708,2025.17808219178,CHIKV_RUN_S16b23_2025,55.476481,-21.170794
3251,1116,REU.4.3_1,REU.4.3_1,0.0169168951779135,0.631035072759708,0.614118177581795,2025.1611652966,2025.17808219178,CHIKV_RUN_S16b22_2025,55.517611,-21.279828
5798,2812,REU.2.3_1,REU.2.3_1,0.0101675772725107,0.631035072759708,0.620867495487197,2025.16791461451,2025.17808219178,CHIKV_RUN_S16b72_2025,55.470775,-20.901613
3731,696,REU.4.3_1,REU.4.3_1,0.00429091457466646,0.631035072759708,0.626744158185042,2025.17379127721,2025.17808219178,CHIKV_RUN_S16b58_2025,55.542606,-21.243523
3537,310,REU.4.3_1,REU.4.3_1,0.00329728203439239,0.631035072759708,0.627737790725316,2025.17478490975,2025.17808219178,CHIKV_RUN_S16b29_2025,55.533773,-21.28242
4893,4894,REU.2.3_1,REU.2.3_1,0.00396597826638478,0.6310789075985,0.627112929332115,2025.17416004835,2025.17812602662,NA,NA,NA
4476,4477,REU.4.4_1,REU.4.4_1,0.0454286946055606,0.631085213357804,0.585656518752243,2025.13270363777,2025.17813233238,NA,NA,NA
3864,3865,REU.4.4_1,REU.4.4_1,0.0711540354434685,0.631165272988293,0.560011237544825,2025.10705835657,2025.17821239201,NA,NA,NA
4443,4444,REU.4.8_1,REU.4.8_1,0.0514608530116853,0.631187661490266,0.579726808478581,2025.1267739275,2025.17823478051,NA,NA,NA
5671,5672,REU.3.1_1,REU.3.1_1,0.0174653419221343,0.631211968761255,0.613746626839121,2025.16079374586,2025.17825908778,NA,NA,NA
3916,3921,REU.4.4_1,REU.4.4_1,0.0436472394912075,0.631239353543158,0.58759211405195,2025.13463923307,2025.17828647256,NA,NA,NA
3429,3430,REU.2.3_1,REU.2.3_1,0.0017869237147855,0.631287452767764,0.629500529052979,2025.17654764807,2025.17833457179,NA,NA,NA
3361,3362,REU.4.3_1,REU.4.3_1,0.04520185906022,0.631317840947907,0.586115981887687,2025.13316310091,2025.17836495997,NA,NA,NA
4711,4712,REU.4.7_1,REU.4.4_1,0.0490266898301772,0.63132006546385,0.582293375633673,2025.12934049465,2025.17836718448,NA,NA,NA
4170,4171,REU.4.3_1,REU.4.3_1,0.00733073019851982,0.631322911922771,0.623992181724252,2025.17103930075,2025.17837003094,NA,NA,NA
4871,4872,REU.4.3_1,REU.4.3_1,0.0868545421569787,0.63136685720914,0.544512315052161,2025.09155943407,2025.17841397623,NA,NA,NA
5862,5863,REU.3.1_1,REU.3.1_1,0.0259175950358191,0.631428795697342,0.605511200661523,2025.15255831968,2025.17847591472,NA,NA,NA
4405,4406,REU.4.3_1,REU.4.8_1,0.0293275656450331,0.63161349119627,0.602285925551237,2025.14933304457,2025.17866061022,NA,NA,NA
5735,5737,REU.3.1_1,REU.3.1_1,0.209230260018911,0.63165347926512,0.422423219246209,2024.96947033827,2025.17870059829,NA,NA,NA
5249,5250,REU.4.8_1,REU.4.8_1,0.0051893117990871,0.631673052010791,0.626483740211704,2025.17353085923,2025.17872017103,NA,NA,NA
3438,3439,REU.2.3_1,REU.2.3_1,0.00530328442841033,0.63175942421894,0.62645613979053,2025.17350325881,2025.17880654324,NA,NA,NA
6192,6193,REU.4.8_1,REU.4.8_1,0.0591947499434592,0.631892204933882,0.572697454990422,2025.11974457401,2025.17893932395,NA,NA,NA
6177,6178,REU.4.3_1,REU.2.3_1,0.0353623898979941,0.631936405919438,0.596574016021444,2025.14362113504,2025.17898352494,NA,NA,NA
3739,3740,REU.4.3_1,REU.4.3_1,0.0289998086911059,0.631937751792419,0.602937943101314,2025.14998506212,2025.17898487081,NA,NA,NA
5525,5526,REU.4.1_1,REU.4.1_1,0.0618975108008833,0.631940960499245,0.570043449698361,2025.11709056872,2025.17898807952,NA,NA,NA
4078,4079,REU.4.8_1,REU.4.8_1,0.0326619384808862,0.632042128707951,0.599380190227065,2025.14642730925,2025.17908924773,NA,NA,NA
5207,5208,REU.2.3_1,REU.2.3_1,0.00440630960482347,0.632108235928774,0.62770192632395,2025.17474904534,2025.17915535495,NA,NA,NA
3491,3492,REU.3.5_1,REU.3.5_1,0.032574605337609,0.632132834705836,0.599558229368227,2025.14660534839,2025.17917995373,NA,NA,NA
5172,5174,REU.3.1_1,REU.3.2_1,0.0667642178170416,0.632133964641772,0.565369746824731,2025.11241686585,2025.17918108366,NA,NA,NA
5235,5236,REU.4.8_1,REU.4.8_1,0.0330609433470539,0.632210458782871,0.599149515435818,2025.14619663446,2025.1792575778,NA,NA,NA
6071,6072,REU.2.3_1,REU.2.3_1,0.0451374850898615,0.632249576484372,0.58711209139451,2025.13415921042,2025.17929669551,NA,NA,NA
6022,6023,REU.2.3_1,REU.2.3_1,0.105493620891927,0.632257319976145,0.526763699084218,2025.0738108181,2025.179304439,NA,NA,NA
4631,4632,REU.4.3_1,REU.4.3_1,0.0493221251552336,0.632269057472843,0.582946932317609,2025.12999405134,2025.17931617649,NA,NA,NA
3481,3485,REU.3.5_1,REU.3.5_1,0.0633040231042881,0.632293196239425,0.568989173135137,2025.11603629216,2025.17934031526,NA,NA,NA
3897,3898,REU.4.5_1,REU.4.5_1,0.108685140215884,0.632311714953663,0.523626574737779,2025.07067369376,2025.17935883397,NA,NA,NA
4123,4125,REU.4.3_1,REU.4.3_1,0.018366843025128,0.632334431704169,0.613967588679041,2025.1610147077,2025.17938155073,NA,NA,NA
5945,5946,REU.4.3_1,REU.4.3_1,0.0406503369059522,0.632369688889939,0.591719351983986,2025.138766471,2025.17941680791,NA,NA,NA
3334,3335,REU.4.8_1,REU.4.8_1,0.0123203437146641,0.632419400123259,0.620099056408595,2025.16714617543,2025.17946651914,NA,NA,NA
3133,3134,REU.3.1_1,REU.3.1_1,0.0729209784217565,0.632443435992039,0.559522457570282,2025.10656957659,2025.17949055501,NA,NA,NA
4507,4510,REU.4.8_1,REU.2.3_1,0.0478504467350029,0.632470286466064,0.584619839731061,2025.13166695875,2025.17951740549,NA,NA,NA
4905,4906,REU.4.3_1,REU.4.3_1,0.0457539913709075,0.632583068920428,0.58682907754952,2025.13387619657,2025.17963018794,NA,NA,NA
4516,4517,REU.4.3_1,REU.4.8_1,0.0129357431267305,0.632691225585222,0.619755482458492,2025.16680260148,2025.17973834461,NA,NA,NA
4118,4119,REU.4.8_1,REU.4.8_1,0.0105871507677701,0.63272954383373,0.62214239306596,2025.16918951209,2025.17977666285,NA,NA,NA
5822,5831,REU.4.8_1,REU.4.3_1,0.0941582415049269,0.63280618069155,0.538647939186623,2025.08569505821,2025.17985329971,NA,NA,NA
6183,6184,REU.4.8_1,REU.3.5_1,0.078573524522674,0.632882787544931,0.554309263022257,2025.10135638204,2025.17992990657,NA,NA,NA
3346,3347,REU.3.5_1,REU.3.5_1,0.00446735826709033,0.632887278165539,0.628419919898448,2025.17546703892,2025.17993439719,NA,NA,NA
3367,3368,REU.3.5_1,REU.3.5_1,0.0117271758384707,0.632912674867116,0.621185499028645,2025.16823261805,2025.17995979389,NA,NA,NA
3806,3807,REU.4.8_1,REU.1.3_1,0.0766920765356672,0.633014727934152,0.556322651398485,2025.10336977042,2025.18006184696,NA,NA,NA
4537,4538,REU.4.8_1,REU.4.8_1,0.0130356668844412,0.633046104287435,0.620010437402994,2025.16705755642,2025.18009322331,NA,NA,NA
3314,3316,REU.4.3_1,REU.4.3_1,0.0265259156905224,0.633093439445378,0.606567523754856,2025.15361464278,2025.18014055847,NA,NA,NA
4522,4523,REU.2.3_1,REU.2.3_1,0.0159101044872894,0.633112348378092,0.617202243890803,2025.16424936291,2025.1801594674,NA,NA,NA
4507,4508,REU.4.8_1,REU.4.8_1,0.0485359224725881,0.633155762203649,0.584619839731061,2025.13166695875,2025.18020288122,NA,NA,NA
5526,5527,REU.4.1_1,REU.4.1_1,0.00130827260784505,0.63324923310709,0.631940960499245,2025.17898807952,2025.18029635213,NA,NA,NA
3457,3458,REU.2.3_1,REU.2.3_1,0.0186604317019338,0.63333906448701,0.614678632785076,2025.16172575181,2025.18038618351,NA,NA,NA
3469,3470,REU.2.3_1,REU.2.3_1,0.0136647279708242,0.633419019194497,0.619754291223673,2025.16680141024,2025.18046613822,NA,NA,NA
4138,4139,REU.2.3_1,REU.2.3_1,0.0429032780356838,0.63343863906691,0.590535361031226,2025.13758248005,2025.18048575809,NA,NA,NA
5771,5772,REU.2.3_1,REU.2.3_1,0.195751546109031,0.63360440829443,0.437852862185399,2024.98489998121,2025.18065152732,NA,NA,NA
3147,3148,REU.4.8_1,REU.4.8_1,0.00603066829250765,0.633638402380868,0.62760773408836,2025.17465485311,2025.1806855214,NA,NA,NA
5655,5656,REU.4.5_1,REU.2.3_1,0.0128625153820383,0.633658426342168,0.62079591096013,2025.16784302998,2025.18070554536,NA,NA,NA
5192,5193,REU.2.3_1,REU.2.3_1,0.0934745448354442,0.633691660136807,0.540217115301362,2025.08726423432,2025.18073877916,NA,NA,NA
4897,1359,REU.4.3_1,REU.4.3_1,0.189620457574838,0.633774798787293,0.444154341212455,2024.99120146023,2025.18082191781,CHIKV_RUN_S16b54_2025,55.498279,-21.26971
4175,1325,REU.4.4_1,REU.4.6_1,0.11984843082562,0.633774798787293,0.513926367961673,2025.06097348698,2025.18082191781,CHIKV_RUN_S16b37_2025,55.446209,-21.267209
5906,2683,REU.4.3_1,REU.4.3_1,0.110852377416401,0.633774798787293,0.522922421370892,2025.06996954039,2025.18082191781,CHIKV_RUN_S16b44_2025,55.516217,-21.279021
5759,1882,REU.4.8_1,REU.3.2_1,0.0757205811789647,0.633774798787293,0.558054217608328,2025.10510133663,2025.18082191781,CHIKV_RUN_S16b21_2025,55.336407,-21.241245
3285,353,REU.4.2_1,REU.4.2_1,0.0535854470692901,0.633774798787293,0.580189351718003,2025.12723647074,2025.18082191781,CHIKV_RUN_S16b42_2025,55.470247,-21.233447
4133,1467,REU.4.3_1,REU.3.5_1,0.0531100183184571,0.633774798787293,0.580664780468836,2025.12771189949,2025.18082191781,CHIKV_RUN_S16b06_2025,55.284204,-21.0281
5992,3001,REU.4.6_1,REU.4.6_1,0.0508278895127259,0.633774798787293,0.582946909274567,2025.1299940283,2025.18082191781,CHIKV_RUN_S16b16_2025,55.417173,-21.289649
5008,2138,REU.4.8_1,REU.2.1_1,0.0453233466508478,0.633774798787293,0.588451452136445,2025.13549857116,2025.18082191781,CHIKV_RUN_S16b43_2025,55.333107,-20.933901
3828,645,REU.4.8_1,REU.4.2_1,0.0447311158695479,0.633774798787293,0.589043682917745,2025.13609080194,2025.18082191781,CHIKV_RUN_S37b88_2025,55.479227,-21.246157
3366,908,REU.3.5_1,REU.3.5_1,0.0442036345054523,0.633774798787293,0.589571164281841,2025.1366182833,2025.18082191781,CHIKV_RUN_S17b37_2025,55.300808,-21.035281
4755,230,REU.4.5_1,REU.4.5_1,0.0405569324637871,0.633774798787293,0.593217866323506,2025.14026498534,2025.18082191781,CHIKV_RUN_S16b53_2025,55.612604,-21.324901
5102,2849,REU.4.3_1,REU.4.3_1,0.033503123448057,0.633774798787293,0.600271675339236,2025.14731879436,2025.18082191781,CHIKV_RUN_S16b24_2025,55.504978,-21.280264
3140,3092,REU.4.8_1,REU.4.3_1,0.0247727408268886,0.633774798787293,0.609002057960404,2025.15604917698,2025.18082191781,CHIKV_RUN_S16b46_2025,55.50159,-21.262261
3645,832,REU.4.3_1,REU.4.3_1,0.0223855432331191,0.633774798787293,0.611389255554174,2025.15843637458,2025.18082191781,CHIKV_RUN_S16b52_2025,55.521718,-21.274164
5523,2520,REU.4.1_1,REU.4.1_1,0.0219382607272613,0.633774798787293,0.611836538060032,2025.15888365708,2025.18082191781,CHIKV_RUN_S29b19_2025,55.480513,-21.167453
6069,2930,REU.2.3_1,REU.2.3_1,0.0195841783106052,0.633774798787293,0.614190620476688,2025.1612377395,2025.18082191781,CHIKV_RUN_S16b30_2025,55.467005,-20.898535
3992,1737,REU.4.8_1,REU.3.5_1,0.0185991534144146,0.633774798787293,0.615175645372878,2025.16222276439,2025.18082191781,CHIKV_RUN_S16b07_2025,55.254318,-21.069518
5844,2317,REU.4.6_1,REU.3.2_1,0.0178158686332242,0.633774798787293,0.615958930154069,2025.16300604918,2025.18082191781,CHIKV_RUN_S16b35_2025,55.348289,-21.250872
3290,348,REU.4.3_1,REU.4.3_1,0.0104588924892355,0.633774798787293,0.623315906298058,2025.17036302532,2025.18082191781,CHIKV_RUN_S16b12_2025,55.507032,-21.235247
4840,872,REU.4.8_1,REU.4.8_1,0.00750393580489817,0.633774798787293,0.626270862982395,2025.173317982,2025.18082191781,CHIKV_RUN_S37b86_2025,55.53957,-21.313953
5139,2250,REU.4.3_1,REU.4.3_1,0.00587080194824496,0.633774798787293,0.627903996839048,2025.17495111586,2025.18082191781,CHIKV_RUN_S16b13_2025,55.511654,-21.277057
5507,1799,REU.3.4_1,REU.3.4_1,0.00462765171344537,0.633774798787293,0.629147147073848,2025.1761942661,2025.18082191781,CHIKV_RUN_S16b20_2025,55.323303,-21.210595
4406,573,REU.4.8_1,REU.4.8_1,0.0021613075910234,0.633774798787293,0.63161349119627,2025.17866061022,2025.18082191781,CHIKV_RUN_S16b49_2025,55.494289,-21.271536
6178,2502,REU.2.3_1,REU.3.5_1,0.00183839286785503,0.633774798787293,0.631936405919438,2025.17898352494,2025.18082191781,CHIKV_RUN_S17b30_2025,55.283911,-21.045065
3740,638,REU.4.3_1,REU.4.3_1,0.00183704699487353,0.633774798787293,0.631937751792419,2025.17898487081,2025.18082191781,CHIKV_RUN_S16b51_2025,55.502596,-21.239002
3316,1356,REU.4.3_1,REU.4.3_1,0.000681359341914822,0.633774798787293,0.633093439445378,2025.18014055847,2025.18082191781,CHIKV_RUN_S16b40_2025,55.510576,-21.237746
5772,2541,REU.2.3_1,REU.1.3_1,0.000170390492862937,0.633774798787293,0.63360440829443,2025.18065152732,2025.18082191781,CHIKV_RUN_S27b88_2025,55.672884,-20.93834
3672,3673,REU.4.8_1,REU.4.8_1,0.00509611632300189,0.633808602815107,0.628712486492105,2025.17575960551,2025.18085572184,NA,NA,NA
5727,5728,REU.4.8_1,REU.4.8_1,0.0481505285852264,0.633887949613372,0.585737421028146,2025.13278454005,2025.18093506863,NA,NA,NA
4728,4729,REU.4.5_1,REU.2.3_1,0.0230544981207256,0.633897944592876,0.61084344647215,2025.15789056549,2025.18094506361,NA,NA,NA
3861,3863,REU.4.4_1,REU.4.3_1,0.0523065800759321,0.63411196671243,0.581805386636498,2025.12885250566,2025.18115908573,NA,NA,NA
4576,4577,REU.4.3_1,REU.4.3_1,0.0661499621887922,0.634199881754808,0.568049919566016,2025.11509703859,2025.18124700078,NA,NA,NA
5703,5704,REU.4.3_1,REU.4.8_1,0.148193661816159,0.634209287994411,0.486015626178252,2025.0330627452,2025.18125640702,NA,NA,NA
3784,3785,REU.4.3_1,REU.4.3_1,0.00863963765338793,0.63423594190384,0.625596304250452,2025.17264342327,2025.18128306092,NA,NA,NA
5480,5487,REU.3.1_1,REU.3.1_1,0.107866931745372,0.634421506444278,0.526554574698906,2025.07360169372,2025.18146862547,NA,NA,NA
5557,5558,REU.4.8_1,REU.4.8_1,0.0383731918438386,0.634438963157163,0.596065771313325,2025.14311289033,2025.18148608218,NA,NA,NA
4049,4050,REU.4.3_1,REU.4.3_1,0.0335816499638687,0.634598597880206,0.601016947916337,2025.14806406694,2025.1816457169,NA,NA,NA
4281,4282,REU.4.5_1,REU.4.5_1,0.0358139880768473,0.63478500836377,0.598971020286923,2025.14601813931,2025.18183212738,NA,NA,NA
5527,5528,REU.4.1_1,REU.4.1_1,0.00157094410354508,0.634820177210635,0.63324923310709,2025.18029635213,2025.18186729623,NA,NA,NA
4732,4733,REU.4.5_1,REU.2.3_1,0.0850206420388668,0.634879934508664,0.549859292469797,2025.09690641149,2025.18192705353,NA,NA,NA
3385,3386,REU.4.3_1,REU.4.8_1,0.05356722607886,0.634928610582281,0.581361384503421,2025.12840850352,2025.1819757296,NA,NA,NA
4229,4232,REU.2.3_1,REU.2.3_1,0.0058685289340803,0.635000673029366,0.629132144095286,2025.17617926312,2025.18204779205,NA,NA,NA
3347,3348,REU.3.5_1,REU.3.5_1,0.00218427877333538,0.635071556938874,0.632887278165539,2025.17993439719,2025.18211867596,NA,NA,NA
5560,5561,REU.3.1_1,REU.3.1_1,0.0864248586177877,0.635143491021628,0.54871863240384,2025.09576575142,2025.18219061004,NA,NA,NA
5299,5304,REU.4.5_1,REU.4.5_1,0.0371348136932623,0.635163287291396,0.598028473598133,2025.14507559262,2025.18221040631,NA,NA,NA
5114,5115,REU.4.3_1,REU.4.8_1,0.0703789633874361,0.635367775326403,0.564988811938967,2025.11203593096,2025.18241489435,NA,NA,NA
4803,4804,REU.4.8_1,REU.4.8_1,0.0151008466418902,0.635448637150628,0.620347790508737,2025.16739490953,2025.18249575617,NA,NA,NA
4780,4781,REU.4.8_1,REU.4.8_1,0.00610353625436544,0.635470563093035,0.629367026838669,2025.17641414586,2025.18251768211,NA,NA,NA
6075,6077,REU.2.3_1,REU.2.3_1,0.0221219562393542,0.635532772645331,0.613410816405977,2025.16045793543,2025.18257989167,NA,NA,NA
4991,4992,REU.2.3_1,REU.2.3_1,0.0482424536240501,0.635556747382124,0.587314293758074,2025.13436141278,2025.1826038664,NA,NA,NA
3295,3300,REU.2.3_1,REU.2.3_1,0.0725236917463189,0.635568170121653,0.563044478375334,2025.1100915974,2025.18261528914,NA,NA,NA
3647,3654,REU.4.6_1,REU.4.6_1,0.0856018962897682,0.635800637858105,0.550198741568337,2025.09724586059,2025.18284775688,NA,NA,NA
4906,4907,REU.4.3_1,REU.4.3_1,0.00329401826732667,0.635877087187755,0.632583068920428,2025.17963018794,2025.18292420621,NA,NA,NA
5504,5505,REU.4.8_1,REU.4.8_1,0.00783429321820805,0.63588064951701,0.628046356298802,2025.17509347532,2025.18292776854,NA,NA,NA
6199,6200,REU.3.5_1,REU.3.5_1,0.00600381278077133,0.635921231942808,0.629917419162037,2025.17696453818,2025.18296835096,NA,NA,NA
4100,4101,REU.4.3_1,REU.4.3_1,0.00810496902918911,0.635995298347389,0.6278903293182,2025.17493744834,2025.18304241737,NA,NA,NA
5277,5278,REU.4.5_1,REU.4.5_1,0.102059058985275,0.636014886938666,0.533955827953391,2025.08100294697,2025.18306200596,NA,NA,NA
5767,5769,REU.2.3_1,REU.2.3_1,0.0808563176979524,0.636031876206548,0.555175558508596,2025.10222267753,2025.18307899523,NA,NA,NA
5019,5022,REU.3.1_1,REU.3.1_1,0.0389767259207279,0.63607941706533,0.597102691144602,2025.14414981017,2025.18312653609,NA,NA,NA
5660,5661,REU.3.1_1,REU.4.8_1,0.127372904137747,0.636118430414508,0.508745526276761,2025.0557926453,2025.18316554944,NA,NA,NA
3758,3759,REU.4.3_1,REU.4.8_1,0.0615161140800449,0.636124975841783,0.574608861761738,2025.12165598078,2025.18317209486,NA,NA,NA
5887,5891,REU.3.1_1,REU.2.3_1,0.0605210903928745,0.636203979073931,0.575682888681057,2025.1227300077,2025.18325109809,NA,NA,NA
5504,5506,REU.4.8_1,REU.1.4_1,0.0081812865284232,0.636227642827225,0.628046356298802,2025.17509347532,2025.18327476185,NA,NA,NA
3463,3465,REU.2.3_1,REU.2.3_1,0.0532946862010242,0.636346476435985,0.583051790234961,2025.13009890926,2025.18339359546,NA,NA,NA
3902,3903,REU.4.5_1,REU.4.5_1,0.027845556527812,0.636454359275126,0.608608802747314,2025.15565592177,2025.1835014783,NA,NA,NA
4395,4396,REU.4.3_1,REU.4.3_1,0.0451386548943772,0.636486910566161,0.591348255671783,2025.13839537469,2025.18353402959,NA,NA,NA
5253,5254,REU.4.8_1,REU.4.8_1,0.0509150236100062,0.636508559630583,0.585593536020577,2025.13264065504,2025.18355567865,NA,NA,NA
4739,234,REU.4.7_1,REU.4.7_1,0.102044973714339,0.63651452481465,0.534469551100312,2025.08151667012,2025.18356164384,CHIKV_RUN_S17b57_2025,55.72195,-21.369915
4044,1408,REU.4.3_1,REU.4.3_1,0.100003062970178,0.63651452481465,0.536511461844473,2025.08355858087,2025.18356164384,CHIKV_RUN_S16b64_2025,55.511843,-21.228954
5148,2252,REU.4.3_1,REU.4.3_1,0.0970080500612389,0.63651452481465,0.539506474753412,2025.08655359377,2025.18356164384,CHIKV_RUN_S16b02_2025,55.535622,-21.312495
4037,1423,REU.4.8_1,REU.3.2_1,0.0964737514814031,0.63651452481465,0.540040773333247,2025.08708789235,2025.18356164384,CHIKV_RUN_S17b49_2025,55.337752,-21.248872
3729,721,REU.4.3_1,REU.4.3_1,0.0909978760157778,0.63651452481465,0.545516648798873,2025.09256376782,2025.18356164384,CHIKV_RUN_S17b40_2025,55.510974,-21.264532
3589,1358,REU.4.8_1,REU.4.8_1,0.0827261950943328,0.63651452481465,0.553788329720318,2025.10083544874,2025.18356164384,CHIKV_RUN_S16b08_2025,55.524076,-21.331375
3365,905,REU.3.5_1,REU.3.5_1,0.0693449809643514,0.63651452481465,0.567169543850299,2025.11421666287,2025.18356164384,CHIKV_RUN_S17b55_2025,55.263479,-21.059954
4576,601,REU.4.3_1,REU.4.3_1,0.0684646052486345,0.63651452481465,0.568049919566016,2025.11509703859,2025.18356164384,CHIKV_RUN_S16b28_2025,55.500423,-21.269213
4521,291,REU.4.3_1,REU.4.4_1,0.0652471570052398,0.63651452481465,0.571267367809411,2025.11831448683,2025.18356164384,CHIKV_RUN_S17b59_2025,55.563952,-21.347612
4306,403,REU.2.3_1,REU.4.3_1,0.0602354982946749,0.63651452481465,0.576279026519976,2025.12332614554,2025.18356164384,CHIKV_RUN_S16b04_2025,55.514475,-21.286882
4533,903,REU.4.4_1,REU.4.3_1,0.0449258470454725,0.63651452481465,0.591588677769178,2025.13863579679,2025.18356164384,CHIKV_RUN_S16b03_2025,55.514449,-21.28783
4009,1745,REU.2.3_1,REU.2.3_1,0.0440904207898499,0.63651452481465,0.5924241040248,2025.13947122305,2025.18356164384,CHIKV_RUN_S16b39_2025,55.455148,-20.884458
5614,2220,REU.3.1_1,REU.3.4_1,0.0396785336230087,0.63651452481465,0.596835991191642,2025.14388311021,2025.18356164384,CHIKV_RUN_S16b50_2025,55.324856,-21.1608
6209,3031,REU.4.3_1,REU.4.3_1,0.03959789412961,0.63651452481465,0.59691663068504,2025.14396374971,2025.18356164384,CHIKV_RUN_S16b27_2025,55.523827,-21.264611
4155,1557,REU.4.3_1,REU.4.3_1,0.0389626060444941,0.63651452481465,0.597551918770156,2025.14459903779,2025.18356164384,CHIKV_RUN_S17b41_2025,55.508193,-21.286333
4281,367,REU.4.5_1,REU.4.5_1,0.0375435045277278,0.63651452481465,0.598971020286923,2025.14601813931,2025.18356164384,CHIKV_RUN_S16b05_2025,55.666314,-21.375208
4465,164,REU.3.5_1,REU.3.5_1,0.0310732423084382,0.63651452481465,0.605441282506212,2025.15248840153,2025.18356164384,CHIKV_RUN_S17b36_2025,55.272848,-21.088341
4381,548,REU.4.3_1,REU.4.3_1,0.0292301752746463,0.63651452481465,0.607284349540004,2025.15433146856,2025.18356164384,CHIKV_RUN_S16b11_2025,55.563302,-21.285697
4134,910,REU.3.5_1,REU.3.5_1,0.0240011634827226,0.63651452481465,0.612513361331928,2025.15956048035,2025.18356164384,CHIKV_RUN_S17b54_2025,55.274238,-21.051114
3750,728,REU.4.8_1,REU.4.8_1,0.0216173905323618,0.636514524814651,0.614897134282289,2025.1619442533,2025.18356164384,CHIKV_RUN_S16b34_2025,55.506493,-21.295548
4371,537,REU.4.3_1,REU.4.3_1,0.0215542687799347,0.63651452481465,0.614960256034716,2025.16200737506,2025.18356164384,CHIKV_RUN_S17b60_2025,55.549179,-21.275143
5617,2020,REU.3.5_1,REU.3.5_1,0.0199543829653865,0.63651452481465,0.616560141849264,2025.16360726087,2025.18356164384,CHIKV_RUN_S17b62_2025,55.278687,-21.005672
3258,1102,REU.4.8_1,REU.4.8_1,0.0198014264209136,0.63651452481465,0.616713098393737,2025.16376021741,2025.18356164384,CHIKV_RUN_S16b10_2025,55.547587,-21.318066
5473,2645,REU.3.1_1,REU.3.2_1,0.017383015751365,0.63651452481465,0.619131509063285,2025.16617862808,2025.18356164384,CHIKV_RUN_S16b62_2025,55.353823,-21.24368
3932,1184,REU.4.4_1,REU.4.4_1,0.017012331303945,0.63651452481465,0.619502193510705,2025.16654931253,2025.18356164384,CHIKV_RUN_S16b25_2025,55.562571,-21.359957
4313,589,REU.4.8_1,REU.4.8_1,0.01656381555593,0.63651452481465,0.61995070925872,2025.16699782828,2025.18356164384,CHIKV_RUN_S16b17_2025,55.494854,-21.317646
5392,2463,REU.3.4_1,REU.3.4_1,0.0133898520621987,0.63651452481465,0.623124672752452,2025.17017179177,2025.18356164384,CHIKV_RUN_S16b55_2025,55.303481,-21.210995
3400,1688,REU.3.5_1,REU.3.5_1,0.00982466555440975,0.63651452481465,0.626689859260241,2025.17373697828,2025.18356164384,CHIKV_RUN_S17b45_2025,55.273672,-21.101752
6225,3021,REU.4.3_1,REU.4.3_1,0.00977279060879777,0.63651452481465,0.626741734205853,2025.17378885323,2025.18356164384,CHIKV_RUN_S16b33_2025,55.524422,-21.263706
3865,1253,REU.4.4_1,REU.4.4_1,0.00534925182635704,0.63651452481465,0.631165272988293,2025.17821239201,2025.18356164384,CHIKV_RUN_S17b56_2025,55.560447,-21.351132
3458,981,REU.2.3_1,REU.2.3_1,0.0031754603276406,0.63651452481465,0.63333906448701,2025.18038618351,2025.18356164384,CHIKV_RUN_S16b26_2025,55.445741,-20.892562
5272,5273,REU.4.5_1,REU.4.8_1,0.0941598747820277,0.636592010462348,0.542432135680321,2025.0894792547,2025.18363912948,NA,NA,NA
4194,4195,REU.2.3_1,REU.2.3_1,0.050419035735948,0.636620976415642,0.586201940679694,2025.1332490597,2025.18366809544,NA,NA,NA
5526,5530,REU.4.1_1,REU.4.1_1,0.0046812353676916,0.636622195866936,0.631940960499245,2025.17898807952,2025.18366931489,NA,NA,NA
5304,5305,REU.4.5_1,REU.4.5_1,0.00158250796803894,0.636745795259435,0.635163287291396,2025.18221040631,2025.18379291428,NA,NA,NA
4166,4167,REU.4.8_1,REU.4.8_1,0.0111262537998216,0.636765015839982,0.625638762040161,2025.17268588106,2025.18381213486,NA,NA,NA
4324,4325,REU.4.8_1,REU.4.8_1,0.0722600536193708,0.636783147824602,0.564523094205231,2025.11157021323,2025.18383026685,NA,NA,NA
6200,6201,REU.3.5_1,REU.3.5_1,0.000974820655937347,0.636896052598746,0.635921231942808,2025.18296835096,2025.18394317162,NA,NA,NA
3686,3687,REU.4.3_1,REU.4.3_1,0.0244362715096086,0.636949006239567,0.612512734729958,2025.15955985375,2025.18399612526,NA,NA,NA
4468,4470,REU.2.3_1,REU.2.3_1,0.0116622468316567,0.636956348392349,0.625294101560692,2025.17234122058,2025.18400346741,NA,NA,NA
3893,3894,REU.4.3_1,REU.4.6_1,0.0910027724586548,0.636962245441469,0.545959472982814,2025.093006592,2025.18400936446,NA,NA,NA
4471,4472,REU.3.5_1,REU.4.8_1,0.0821367922964744,0.637006598628933,0.554869806332459,2025.10191692535,2025.18405371765,NA,NA,NA
5369,5370,REU.3.4_1,REU.3.4_1,0.0224420467936659,0.637097697326633,0.614655650532967,2025.16170276955,2025.18414481635,NA,NA,NA
4332,4333,REU.2.3_1,REU.2.3_1,0.0810761515963944,0.637121707717794,0.5560455561214,2025.10309267514,2025.18416882674,NA,NA,NA
3800,3801,REU.4.3_1,REU.4.8_1,0.0997427166735926,0.637404684794782,0.537661968121189,2025.08470908714,2025.18445180382,NA,NA,NA
4764,4765,REU.4.5_1,REU.4.5_1,0.0342271752852171,0.637557110180159,0.603329934894942,2025.15037705392,2025.1846042292,NA,NA,NA
5373,5374,REU.3.4_1,REU.3.4_1,0.050796281655783,0.637565109135533,0.58676882747975,2025.1338159465,2025.18461222816,NA,NA,NA
5825,5826,REU.4.6_1,REU.4.6_1,0.0196197497910504,0.637573167699796,0.617953417908746,2025.16500053693,2025.18462028672,NA,NA,NA
5028,5029,REU.3.1_1,REU.4.8_1,0.0450199165264569,0.63763128805877,0.592611371532314,2025.13965849055,2025.18467840708,NA,NA,NA
6105,6106,REU.3.1_1,REU.3.1_1,0.127276083168612,0.637840587504463,0.510564504335851,2025.05761162336,2025.18488770653,NA,NA,NA
5561,5562,REU.3.1_1,REU.3.1_1,0.00305392109946956,0.638197412121097,0.635143491021628,2025.18219061004,2025.18524453114,NA,NA,NA
3599,3600,REU.4.3_1,REU.4.3_1,0.140190550365106,0.638300286992207,0.498109736627101,2025.04515685565,2025.18534740601,NA,NA,NA
5614,5615,REU.3.1_1,REU.3.1_1,0.041508671681006,0.638344662872648,0.596835991191642,2025.14388311021,2025.18539178189,NA,NA,NA
4664,4665,REU.2.3_1,REU.2.3_1,0.016724664770882,0.638455499806306,0.621730835035424,2025.16877795406,2025.18550261883,NA,NA,NA
3600,3601,REU.4.3_1,REU.4.3_1,0.000276676561838163,0.638576963554045,0.638300286992207,2025.18534740601,2025.18562408258,NA,NA,NA
4075,4076,REU.4.8_1,REU.4.8_1,0.0221335030245999,0.638701411916946,0.616567908892346,2025.16361502791,2025.18574853094,NA,NA,NA
4390,4391,REU.4.3_1,REU.4.3_1,0.0213193161893579,0.638852579049711,0.617533262860353,2025.16458038188,2025.18589969807,NA,NA,NA
4413,4414,REU.4.3_1,REU.4.3_1,0.0263549043971532,0.638905585052535,0.612550680655382,2025.15959779968,2025.18595270407,NA,NA,NA
4654,4655,REU.4.8_1,REU.1.4_1,0.0120579204194755,0.638913971407715,0.626856050988239,2025.17390317001,2025.18596109043,NA,NA,NA
3584,3585,REU.1.4_1,REU.1.4_1,0.0298810397880184,0.638919054374499,0.60903801458648,2025.15608513361,2025.1859661734,NA,NA,NA
5721,5722,REU.4.3_1,REU.4.3_1,0.0739948589781474,0.638944483668313,0.564949624690166,2025.11199674371,2025.18599160269,NA,NA,NA
3465,3466,REU.2.3_1,REU.2.3_1,0.00265261332933497,0.63899908976532,0.636346476435985,2025.18339359546,2025.18604620879,NA,NA,NA
5834,5835,REU.2.2_1,REU.2.2_1,0.0155974686625006,0.639121154221424,0.623523685558923,2025.17057080458,2025.18616827324,NA,NA,NA
4429,4435,REU.2.3_1,REU.2.3_1,0.0687414282732814,0.63923920467018,0.570497776396898,2025.11754489542,2025.18628632369,NA,NA,NA
5596,2635,REU.3.1_1,REU.4.3_1,0.216341011487941,0.639254250842008,0.422913239354067,2024.96996035838,2025.18630136986,CHIKV_RUN_S18b04_2025,55.528924,-21.245314
3339,1089,REU.4.3_1,REU.4.3_1,0.155277575258106,0.639254250842008,0.483976675583902,2025.0310237946,2025.18630136986,CHIKV_RUN_S16b09_2025,55.499411,-21.245559
5403,2358,REU.4.5_1,REU.4.5_1,0.138637556380804,0.639254250842008,0.500616694461203,2025.04766381348,2025.18630136986,CHIKV_RUN_S17b84_2025,55.67745,-21.372594
3183,2811,REU.3.1_1,REU.4.3_1,0.100921819566192,0.639254250842008,0.538332431275816,2025.0853795503,2025.18630136986,CHIKV_RUN_S17b58_2025,55.48957,-21.256775
5455,1925,REU.4.3_1,REU.4.3_1,0.0788088919130951,0.639254250842008,0.560445358928913,2025.10749247795,2025.18630136986,CHIKV_RUN_S17b50_2025,55.51306,-21.278663
6112,1970,REU.3.1_1,REU.3.4_1,0.0606803608046831,0.639254250842008,0.578573890037325,2025.12562100906,2025.18630136986,CHIKV_RUN_S17b89_2025,55.295778,-21.198431
4430,132,REU.2.3_1,REU.4.8_1,0.0579653093137227,0.639254250842008,0.581288941528285,2025.12833606055,2025.18630136986,CHIKV_RUN_S17b93_2025,55.50931,-21.3534
5284,2117,REU.4.5_1,REU.4.5_1,0.0577966059643598,0.639254250842008,0.581457644877648,2025.1285047639,2025.18630136986,CHIKV_RUN_S18b03_2025,55.629023,-21.374059
4760,218,REU.4.5_1,REU.4.5_1,0.0554357421888966,0.639254250842008,0.583818508653111,2025.13086562767,2025.18630136986,CHIKV_RUN_S17b47_2025,55.61912,-21.368139
4825,1451,REU.4.5_1,REU.4.5_1,0.0380376541659397,0.639254250842008,0.601216596676068,2025.1482637157,2025.18630136986,CHIKV_RUN_S27b95_2025,55.615038,-21.375754
3332,258,REU.4.8_1,REU.4.2_1,0.036996169208915,0.639254250842008,0.602258081633093,2025.14930520065,2025.18630136986,CHIKV_RUN_S27b94_2025,55.47721,-21.249677
6066,2900,REU.2.3_1,REU.2.3_1,0.0347514464094968,0.639254250842008,0.604502804432511,2025.15154992345,2025.18630136986,CHIKV_RUN_S27b85_2025,55.505121,-20.913125
5895,2155,REU.4.6_1,REU.4.6_1,0.033786680445995,0.639254250842008,0.605467570396013,2025.15251468942,2025.18630136986,CHIKV_RUN_S17b51_2025,55.445979,-21.229482
3375,599,REU.2.3_1,REU.2.3_1,0.0306350213421087,0.639254250842008,0.608619229499899,2025.15566634852,2025.18630136986,CHIKV_RUN_S28b05_2025,55.458062,-20.894803
5572,1927,REU.4.8_1,REU.4.6_1,0.0287354322895702,0.639254250842008,0.610518818552438,2025.15756593757,2025.18630136986,CHIKV_RUN_S17b92_2025,55.437794,-21.265429
3890,1195,REU.4.8_1,REU.4.4_1,0.0270456840500415,0.639254250842008,0.612208566791966,2025.15925568581,2025.18630136986,CHIKV_RUN_S17b53_2025,55.53399,-21.362956
3653,769,REU.4.6_1,REU.4.6_1,0.0208545243063971,0.639254250842008,0.618399726535611,2025.16544684556,2025.18630136986,CHIKV_RUN_S17b95_2025,55.441574,-21.271818
6044,2868,REU.2.3_1,REU.3.5_1,0.0161893333238947,0.639254250842008,0.623064917518113,2025.17011203654,2025.18630136986,CHIKV_RUN_S18b19_2025,55.225194,-21.078288
4635,1495,REU.4.3_1,REU.4.3_1,0.0138184207568595,0.639254250842008,0.625435830085148,2025.17248294911,2025.18630136986,CHIKV_RUN_S17b44_2025,55.492978,-21.257809
4144,1724,REU.3.5_1,REU.3.5_1,0.0131182211144358,0.639254250842008,0.626136029727572,2025.17318314875,2025.18630136986,CHIKV_RUN_S17b31_2025,55.26877,-21.087665
3606,1431,REU.4.8_1,REU.3.3_1,0.0127538186356405,0.639254250842008,0.626500432206367,2025.17354755123,2025.18630136986,CHIKV_RUN_S17b46_2025,55.298893,-21.105446
5262,2057,REU.4.5_1,REU.2.3_1,0.0124637399048969,0.639254250842008,0.626790510937111,2025.17383762996,2025.18630136986,CHIKV_RUN_S27b83_2025,55.485603,-20.893484
4811,95,REU.3.3_1,REU.3.3_1,0.0119106625597494,0.639254250842008,0.627343588282258,2025.1743907073,2025.18630136986,CHIKV_RUN_S18b07_2025,55.287571,-21.110372
3485,944,REU.3.5_1,REU.3.5_1,0.0069610546025829,0.639254250842008,0.632293196239425,2025.17934031526,2025.18630136986,CHIKV_RUN_S36b54_2025,55.272725,-21.021971
4577,1306,REU.4.3_1,REU.4.2_1,0.0050543690871997,0.639254250842008,0.634199881754808,2025.18124700078,2025.18630136986,CHIKV_RUN_S17b94_2025,55.47803,-21.249929
3785,683,REU.4.3_1,REU.4.3_1,0.00501830893816813,0.639254250842008,0.63423594190384,2025.18128306092,2025.18630136986,CHIKV_RUN_S17b61_2025,55.52421,-21.282558
3903,1219,REU.4.5_1,REU.4.5_1,0.00279989156688165,0.639254250842008,0.636454359275126,2025.1835014783,2025.18630136986,CHIKV_RUN_S17b52_2025,55.628387,-21.34136
5374,2451,REU.3.4_1,REU.3.4_1,0.00168914170647527,0.639254250842008,0.637565109135533,2025.18461222816,2025.18630136986,CHIKV_RUN_S17b87_2025,55.315995,-21.216088
4888,4889,REU.2.4_1,REU.2.4_1,0.0106803120169503,0.63935779803051,0.62867748601356,2025.17572460503,2025.18640491705,NA,NA,NA
3300,3301,REU.2.3_1,REU.2.3_1,0.00383057232107498,0.639398742442728,0.635568170121653,2025.18261528914,2025.18644586146,NA,NA,NA
3314,3315,REU.4.3_1,REU.3.5_1,0.0330713385167618,0.639638862271618,0.606567523754856,2025.15361464278,2025.18668598129,NA,NA,NA
3943,3944,REU.4.8_1,REU.4.8_1,0.0762935760408233,0.639660320170013,0.56336674412919,2025.11041386315,2025.18670743919,NA,NA,NA
4611,4619,REU.4.3_1,REU.4.8_1,0.162694011146868,0.639701079114495,0.477007067967627,2025.02405418699,2025.18674819814,NA,NA,NA
5325,5326,REU.3.4_1,REU.3.4_1,0.0185782803255972,0.63993566388234,0.621357383556743,2025.16840450258,2025.1869827829,NA,NA,NA
3397,3398,REU.4.8_1,REU.4.8_1,0.0291268809161893,0.640024656683188,0.610897775766999,2025.15794489479,2025.1870717757,NA,NA,NA
3221,3222,REU.4.3_1,REU.4.3_1,0.0257884157565336,0.640135915873127,0.614347500116594,2025.16139461914,2025.18718303489,NA,NA,NA
6053,6054,REU.2.3_1,REU.2.3_1,0.0155424332608785,0.64016976397116,0.624627330710282,2025.17167444973,2025.18721688299,NA,NA,NA
5704,5705,REU.4.8_1,REU.2.3_1,0.00617100255028857,0.6403802905447,0.634209287994411,2025.18125640702,2025.18742740957,NA,NA,NA
5536,5537,REU.4.1_1,REU.4.1_1,0.0157079828871816,0.640397555876566,0.624689572989384,2025.17173669201,2025.1874446749,NA,NA,NA
5182,5183,REU.3.5_1,REU.3.5_1,0.046996389323291,0.640455872163692,0.593459482840401,2025.14050660186,2025.18750299118,NA,NA,NA
6221,6222,REU.4.3_1,REU.4.3_1,0.0300254718324812,0.640664773555036,0.610639301722555,2025.15768642074,2025.18771189258,NA,NA,NA
6034,6035,REU.2.3_1,REU.2.3_1,0.0310865103194788,0.640754419591469,0.60966790927199,2025.15671502829,2025.18780153861,NA,NA,NA
3958,3961,REU.2.2_1,REU.2.2_1,0.0443454519170363,0.640912596517077,0.596567144600041,2025.14361426362,2025.18795971554,NA,NA,NA
4050,4052,REU.4.3_1,REU.4.3_1,0.00633286473210493,0.640931462612311,0.634598597880206,2025.1816457169,2025.18797858163,NA,NA,NA
5779,5780,REU.2.3_1,REU.2.3_1,0.0315414024995889,0.641014933671391,0.609473531171802,2025.15652065019,2025.18806205269,NA,NA,NA
3673,3674,REU.4.8_1,REU.4.8_1,0.00732399762017666,0.641132600435283,0.633808602815107,2025.18085572184,2025.18817971946,NA,NA,NA
3492,3493,REU.3.5_1,REU.3.5_1,0.00909638278680869,0.641229217492645,0.632132834705836,2025.17917995373,2025.18827633651,NA,NA,NA
5601,5602,REU.4.6_1,REU.4.8_1,0.030560612805632,0.641304068491571,0.610743455685939,2025.15779057471,2025.18835118751,NA,NA,NA
5492,5493,REU.4.8_1,REU.4.8_1,0.0767244563461347,0.641323524878816,0.564599068532682,2025.11164618755,2025.1883706439,NA,NA,NA
4728,4730,REU.4.5_1,REU.4.5_1,0.0305245829608919,0.641368029433042,0.61084344647215,2025.15789056549,2025.18841514845,NA,NA,NA
4665,4666,REU.2.3_1,REU.2.3_1,0.00296804421181551,0.641423544018122,0.638455499806306,2025.18550261883,2025.18847066304,NA,NA,NA
3958,3959,REU.2.2_1,REU.2.2_1,0.044968160087504,0.641535304687545,0.596567144600041,2025.14361426362,2025.18858242371,NA,NA,NA
5780,5781,REU.2.3_1,REU.2.3_1,0.000603023845346162,0.641617957516737,0.641014933671391,2025.18806205269,2025.18866507654,NA,NA,NA
4488,4489,REU.3.5_1,REU.3.5_1,0.0198400327678976,0.641832710503268,0.621992677735371,2025.16903979676,2025.18887982952,NA,NA,NA
6077,6078,REU.2.3_1,REU.2.3_1,0.00632859911176831,0.6418613717571,0.635532772645331,2025.18257989167,2025.18890849078,NA,NA,NA
5812,5813,REU.4.8_1,REU.4.8_1,0.0518217966365945,0.641893916624649,0.590072119988054,2025.13711923901,2025.18894103565,NA,NA,NA
4103,1085,REU.4.3_1,REU.4.8_1,0.156487652673045,0.641993976869365,0.485506324196321,2025.03255344322,2025.18904109589,CHIKV_RUN_S17b85_2025,55.514196,-21.341529
3867,1236,REU.4.4_1,REU.4.5_1,0.137504115237263,0.641993976869365,0.504489861632102,2025.05153698065,2025.18904109589,CHIKV_RUN_S17b91_2025,55.594453,-21.370629
5923,1777,REU.4.3_1,REU.4.3_1,0.126197614366163,0.641993976869365,0.515796362503202,2025.06284348152,2025.18904109589,CHIKV_RUN_S18b05_2025,55.514278,-21.286856
5873,2014,REU.4.8_1,REU.1.2_1,0.120975132877391,0.641993976869365,0.521018843991974,2025.06806596301,2025.18904109589,CHIKV_RUN_S20b81_2025,55.628875,-21.13951
4830,1444,REU.4.3_1,REU.4.3_1,0.105644246571886,0.641993976869365,0.536349730297479,2025.08339684932,2025.18904109589,CHIKV_RUN_S17b86_2025,55.505031,-21.26403
6086,2137,REU.4.3_1,REU.2.5_1,0.0986863637302465,0.641993976869365,0.543307613139119,2025.09035473216,2025.18904109589,CHIKV_RUN_S36b49_2025,55.625019,-20.949018
3882,1204,REU.4.4_1,REU.4.4_1,0.0863374058148079,0.641993976869365,0.555656571054557,2025.10270369008,2025.18904109589,CHIKV_RUN_S19b04_2025,55.56475,-21.35229
5466,1876,REU.4.8_1,REU.4.5_1,0.0855700903310734,0.641993976869365,0.556423886538292,2025.10347100556,2025.18904109589,CHIKV_RUN_S18b92_2025,55.600533,-21.37723
3462,1013,REU.2.3_1,REU.2.3_1,0.06109775068461,0.641993976869365,0.580896226184755,2025.12794334521,2025.18904109589,CHIKV_RUN_S36b53_2025,55.445815,-20.892723
4279,368,REU.4.5_1,REU.4.5_1,0.0597641263967179,0.641993976869365,0.582229850472647,2025.12927696949,2025.18904109589,CHIKV_RUN_S18b21_2025,55.672937,-21.378165
5724,2783,REU.4.6_1,REU.4.6_1,0.0526156672003573,0.641993976869365,0.589378309669008,2025.13642542869,2025.18904109589,CHIKV_RUN_S19b03_2025,55.433495,-21.246208
5533,2531,REU.4.1_1,REU.4.1_1,0.0375164020562939,0.641993976869365,0.604477574813071,2025.15152469383,2025.18904109589,CHIKV_RUN_S21b25_2025,55.478545,-21.169212
3584,1383,REU.1.4_1,REU.1.4_1,0.0329559622828849,0.641993976869365,0.60903801458648,2025.15608513361,2025.18904109589,CHIKV_RUN_S20b80_2025,55.683274,-21.032164
4988,1981,REU.2.5_1,REU.2.5_1,0.0281893312745584,0.641993976869365,0.613804645594807,2025.16085176462,2025.18904109589,CHIKV_RUN_S20b77_2025,55.63888,-20.930024
5957,2980,REU.3.4_1,REU.3.4_1,0.0205244671225646,0.641993976869365,0.621469509746801,2025.16851662877,2025.18904109589,CHIKV_RUN_S18b15_2025,55.306257,-21.172821
3401,1690,REU.4.8_1,REU.4.8_1,0.020178096805464,0.641993976869365,0.621815880063901,2025.16886299908,2025.18904109589,CHIKV_RUN_S18b14_2025,55.472968,-21.310873
6092,2748,REU.4.8_1,REU.4.2_1,0.0179575830294487,0.641993976869365,0.624036393839916,2025.17108351286,2025.18904109589,CHIKV_RUN_S18b87_2025,55.465342,-21.245991
3762,662,REU.4.3_1,REU.4.5_1,0.016351293199274,0.641993976869365,0.625642683670091,2025.17268980269,2025.18904109589,CHIKV_RUN_S18b02_2025,55.68226,-21.370466
3885,1198,REU.4.4_1,REU.3.4_1,0.0153403780929556,0.641993976869365,0.62665359877641,2025.1737007178,2025.18904109589,CHIKV_RUN_S18b24_2025,55.314152,-21.148676
4654,1554,REU.4.8_1,REU.4.8_1,0.0151379258811259,0.641993976869365,0.626856050988239,2025.17390317001,2025.18904109589,CHIKV_RUN_S18b06_2025,55.466911,-21.289041
4492,1619,REU.3.5_1,REU.3.5_1,0.0118516952553362,0.641993976869365,0.630142281614029,2025.17718940064,2025.18904109589,CHIKV_RUN_S18b57_2025,55.319669,-21.012661
4406,574,REU.4.8_1,REU.1.4_1,0.0103804856730956,0.641993976869365,0.63161349119627,2025.17866061022,2025.18904109589,CHIKV_RUN_S20b79_2025,55.706863,-21.031537
4139,1762,REU.2.3_1,REU.2.3_1,0.00855533780245576,0.641993976869365,0.63343863906691,2025.18048575809,2025.18904109589,CHIKV_RUN_S18b69_2025,55.458177,-20.892007
5530,2526,REU.4.1_1,REU.4.1_1,0.00537178100242897,0.641993976869365,0.636622195866936,2025.18366931489,2025.18904109589,CHIKV_RUN_S18b13_2025,55.478606,-21.16859
3961,1067,REU.2.2_1,REU.2.2_1,0.00108138035228778,0.641993976869365,0.640912596517077,2025.18795971554,2025.18904109589,CHIKV_RUN_S37b90_2025,55.299328,-20.944648
5842,5843,REU.4.6_1,REU.4.6_1,0.0251392767819201,0.642068286115424,0.616929009333504,2025.16397612835,2025.18911540514,NA,NA,NA
3988,3989,REU.4.3_1,REU.4.5_1,0.0624755363463444,0.642209341526915,0.57973380518057,2025.1267809242,2025.18925646055,NA,NA,NA
3233,3234,REU.4.3_1,REU.3.5_1,0.0184091718573447,0.642251217709161,0.623842045851817,2025.17088916487,2025.18929833673,NA,NA,NA
4309,4317,REU.2.3_1,REU.2.3_1,0.0893186445797912,0.642336658540159,0.553018013960368,2025.10006513298,2025.18938377756,NA,NA,NA
3983,3986,REU.4.3_1,REU.3.5_1,0.0452636406462333,0.642465886241585,0.597202245595352,2025.14424936462,2025.18951300526,NA,NA,NA
3481,3482,REU.3.5_1,REU.3.5_1,0.0737254662944662,0.642714639429603,0.568989173135137,2025.11603629216,2025.18976175845,NA,NA,NA
4968,4969,REU.4.8_1,REU.4.8_1,0.0525172255248904,0.642840406030665,0.590323180505774,2025.13737029953,2025.18988752505,NA,NA,NA
4448,4449,REU.4.8_1,REU.4.8_1,0.0280700150640081,0.642853073211954,0.614783058147946,2025.16183017717,2025.18990019223,NA,NA,NA
5141,5142,REU.4.3_1,REU.4.8_1,0.0434955010767244,0.642916505393688,0.599421004316964,2025.14646812334,2025.18996362441,NA,NA,NA
4398,4399,REU.3.1_1,REU.3.1_1,0.0208840045108998,0.643066651102132,0.622182646591232,2025.16922976561,2025.19011377012,NA,NA,NA
4396,4397,REU.4.3_1,REU.4.3_1,0.00662784264192173,0.643114753208082,0.636486910566161,2025.18353402959,2025.19016187223,NA,NA,NA
5848,5849,REU.4.6_1,REU.4.6_1,0.0502586550882407,0.643132827300859,0.592874172212619,2025.13992129123,2025.19017994632,NA,NA,NA
3463,3464,REU.2.3_1,REU.2.3_1,0.0604934656793603,0.643545255914321,0.583051790234961,2025.13009890926,2025.19059237494,NA,NA,NA
4860,4861,REU.2.3_1,REU.1.3_1,0.0227222548505498,0.643613132824604,0.620890877974054,2025.167937997,2025.19066025185,NA,NA,NA
4508,4509,REU.4.8_1,REU.4.8_1,0.0105992001772193,0.643754962380868,0.633155762203649,2025.18020288122,2025.1908020814,NA,NA,NA
5704,5708,REU.4.8_1,REU.4.8_1,0.00954917731923566,0.643758465313647,0.634209287994411,2025.18125640702,2025.19080558433,NA,NA,NA
3580,3581,REU.4.3_1,REU.4.8_1,0.0625436206416746,0.643912353128593,0.581368732486919,2025.12841585151,2025.19095947215,NA,NA,NA
3633,3634,REU.4.8_1,REU.4.8_1,0.0794368840750674,0.64394519154956,0.564508307474493,2025.1115554265,2025.19099231057,NA,NA,NA
5767,5768,REU.2.3_1,REU.2.3_1,0.088844140746255,0.644019699254851,0.555175558508596,2025.10222267753,2025.19106681828,NA,NA,NA
4153,4154,REU.4.3_1,REU.4.3_1,0.0261579618536983,0.644100635972898,0.617942674119199,2025.16498979314,2025.19114775499,NA,NA,NA
4116,4127,REU.4.3_1,REU.2.3_1,0.0857152104889948,0.644434114436852,0.558718903947857,2025.10576602297,2025.19148123346,NA,NA,NA
4060,4061,REU.4.3_1,REU.4.3_1,0.0422382708778452,0.644584341004624,0.602346070126779,2025.14939318915,2025.19163146003,NA,NA,NA
5202,5203,REU.2.3_1,REU.2.3_1,0.0550742714982331,0.6446510123056,0.589576740807367,2025.13662385983,2025.19169813133,NA,NA,NA
3154,3156,REU.4.3_1,REU.4.8_1,0.0621193846912057,0.644722672380326,0.582603287689121,2025.12965040671,2025.1917697914,NA,NA,NA
4692,4701,REU.4.8_1,REU.4.8_1,0.18110172445656,0.644723357851464,0.463621633394904,2025.01066875242,2025.19177047687,NA,NA,NA
3132,2136,REU.3.1_1,REU.4.6_1,0.159629703584731,0.644733702896723,0.485103999311991,2025.03215111833,2025.19178082192,CHIKV_RUN_S18b72_2025,55.415391,-21.269514
4085,1357,REU.4.8_1,REU.4.1_1,0.130137506768044,0.644733702896723,0.514596196128679,2025.06164331515,2025.19178082192,CHIKV_RUN_S18b78_2025,55.48698,-21.152237
5612,2842,REU.3.1_1,REU.4.1_1,0.107460454534514,0.644733702896723,0.537273248362208,2025.08432036738,2025.19178082192,CHIKV_RUN_S19b05_2025,55.46543,-21.135881
3993,1707,REU.4.3_1,REU.4.3_1,0.0978013903165641,0.644733702896723,0.546932312580159,2025.0939794316,2025.19178082192,CHIKV_RUN_S19b44_2025,55.543695,-21.309753
4584,1594,REU.4.8_1,REU.4.8_1,0.0720251194866142,0.644733702896723,0.572708583410108,2025.11975570243,2025.19178082192,CHIKV_RUN_S18b67_2025,55.459644,-21.296356
4531,620,REU.4.3_1,REU.4.3_1,0.0676369750820911,0.644733702896723,0.577096727814632,2025.12414384684,2025.19178082192,CHIKV_RUN_S18b91_2025,55.509764,-21.282726
4990,1982,REU.2.3_1,REU.2.5_1,0.0664624792659343,0.644733702896723,0.578271223630788,2025.12531834265,2025.19178082192,CHIKV_RUN_S19b01_2025,55.596196,-20.907629
3580,1092,REU.4.3_1,REU.4.3_1,0.063364970409804,0.644733702896723,0.581368732486919,2025.12841585151,2025.19178082192,CHIKV_RUN_S18b89_2025,55.529542,-21.271949
5689,2364,REU.3.1_1,REU.4.5_1,0.0623719770393549,0.644733702896723,0.582361725857368,2025.12940884488,2025.19178082192,CHIKV_RUN_S18b86_2025,55.617519,-21.383632
4062,1396,REU.4.3_1,REU.4.3_1,0.0516629308616169,0.644733702896723,0.593070772035106,2025.14011789106,2025.19178082192,CHIKV_RUN_S18b62_2025,55.524404,-21.242318
4590,1591,REU.4.8_1,REU.4.8_1,0.0491127050965489,0.644733702896723,0.595620997800174,2025.14266811682,2025.19178082192,CHIKV_RUN_S18b70_2025,55.458383,-21.297386
3907,1247,REU.4.4_1,REU.4.4_1,0.0478690939841744,0.644733702896723,0.596864608912548,2025.14391172793,2025.19178082192,CHIKV_RUN_S18b60_2025,55.563959,-21.351833
4679,1072,REU.4.3_1,REU.4.4_1,0.0470498763231065,0.644733702896723,0.597683826573616,2025.14473094559,2025.19178082192,CHIKV_RUN_S18b90_2025,55.568942,-21.351257
4827,1448,REU.4.8_1,REU.4.8_1,0.0470197707617124,0.644733702896723,0.59771393213501,2025.14476105116,2025.19178082192,CHIKV_RUN_S18b85_2025,55.47382,-21.281662
3866,1213,REU.4.4_1,REU.4.4_1,0.0433858024047095,0.644733702896722,0.601347900492013,2025.14839501951,2025.19178082192,CHIKV_RUN_S18b74_2025,55.564934,-21.358381
3355,1759,REU.4.3_1,REU.4.3_1,0.0349667797206442,0.644733702896723,0.609766923176078,2025.1568140422,2025.19178082192,CHIKV_RUN_S19b02_2025,55.53301,-21.258202
4110,1567,REU.4.3_1,REU.4.4_1,0.0318934032422482,0.644733702896723,0.612840299654474,2025.15988741868,2025.19178082192,CHIKV_RUN_S18b75_2025,55.533559,-21.361857
5337,2437,REU.3.4_1,REU.1.4_1,0.0301763045154797,0.644733702896723,0.614557398381243,2025.1616045174,2025.19178082192,CHIKV_RUN_S19b69_2025,55.666146,-21.037454
3399,1689,REU.4.8_1,REU.4.8_1,0.0252340870655181,0.644733702896722,0.619499615831204,2025.16654673485,2025.19178082192,CHIKV_RUN_S18b73_2025,55.474403,-21.310216
3932,1238,REU.4.4_1,REU.4.8_1,0.0252315093860171,0.644733702896723,0.619502193510705,2025.16654931253,2025.19178082192,CHIKV_RUN_S18b71_2025,55.540467,-21.316628
3919,1237,REU.4.4_1,REU.4.4_1,0.02112512727609,0.644733702896722,0.623608575620632,2025.17065569464,2025.19178082192,CHIKV_RUN_S19b70_2025,55.561765,-21.339729
3967,308,REU.4.3_1,REU.4.3_1,0.0209827120777886,0.644733702896723,0.623750990818934,2025.17079810984,2025.19178082192,CHIKV_RUN_S18b76_2025,55.525956,-21.271916
5115,2288,REU.4.8_1,REU.4.8_1,0.00936592757031951,0.644733702896723,0.635367775326403,2025.18241489435,2025.19178082192,CHIKV_RUN_S18b77_2025,55.489165,-21.348342
3759,640,REU.4.8_1,REU.1.6_1,0.00860872705493998,0.644733702896723,0.636124975841783,2025.18317209486,2025.19178082192,CHIKV_RUN_S36b50_2025,55.55331,-21.016598
5142,2286,REU.4.8_1,REU.4.6_1,0.00181719750303455,0.644733702896723,0.642916505393688,2025.18996362441,2025.19178082192,CHIKV_RUN_S18b93_2025,55.405768,-21.271514
4963,4964,REU.3.1_1,REU.3.1_1,0.125712624224875,0.645001541122143,0.519288916897268,2025.06633603592,2025.19204866014,NA,NA,NA
4612,4616,REU.4.3_1,REU.4.3_1,0.148267272345531,0.645080270340708,0.496812997995177,2025.04386011702,2025.19212738936,NA,NA,NA
5981,5982,REU.3.4_1,REU.3.4_1,0.0662962153405169,0.64529891206447,0.579002696723953,2025.12604981574,2025.19234603109,NA,NA,NA
4687,4689,REU.3.5_1,REU.3.5_1,0.0498748202949848,0.645406284154386,0.595531463859401,2025.14257858288,2025.19245340318,NA,NA,NA
4925,4926,REU.3.1_1,REU.4.8_1,0.05411609179695,0.645503107107371,0.591387015310421,2025.13843413433,2025.19255022613,NA,NA,NA
3897,3899,REU.4.5_1,REU.4.5_1,0.121952903645497,0.645579478383276,0.523626574737779,2025.07067369376,2025.1926265974,NA,NA,NA
3313,3317,REU.4.3_1,REU.4.3_1,0.0473237880004657,0.64565122750522,0.598327439504754,2025.14537455853,2025.19269834653,NA,NA,NA
3424,3435,REU.2.3_1,REU.2.3_1,0.0548855905938355,0.64583966186275,0.590954071268915,2025.13800119029,2025.19288678088,NA,NA,NA
4074,4077,REU.4.8_1,REU.4.8_1,0.0352936965428906,0.646029618711136,0.610735922168246,2025.15778304119,2025.19307673773,NA,NA,NA
4121,4122,REU.4.3_1,REU.4.3_1,0.0366043525233338,0.646051106571777,0.609446754048443,2025.15649387307,2025.19309822559,NA,NA,NA
3830,3831,REU.4.3_1,REU.4.3_1,0.0529811777836083,0.646197443204807,0.593216265421199,2025.14026338444,2025.19324456223,NA,NA,NA
6184,6188,REU.3.5_1,REU.3.5_1,0.0133594739403254,0.646242261485256,0.632882787544931,2025.17992990657,2025.19328938051,NA,NA,NA
3482,3483,REU.3.5_1,REU.3.5_1,0.00363311526055332,0.646347754690156,0.642714639429603,2025.18976175845,2025.19339487371,NA,NA,NA
4454,4455,REU.2.3_1,REU.2.3_1,0.0559529547600475,0.646374252156118,0.590421297396071,2025.13746841642,2025.19342137118,NA,NA,NA
3973,3974,REU.4.3_1,REU.4.3_1,0.0174543257303791,0.646399709502672,0.628945383772293,2025.17599250279,2025.19344682852,NA,NA,NA
5183,5184,REU.3.5_1,REU.3.5_1,0.0062217939536976,0.646677666117389,0.640455872163692,2025.18750299118,2025.19372478514,NA,NA,NA
3190,3191,REU.4.8_1,REU.2.2_1,0.163423785207619,0.646700301981009,0.48327651677339,2025.03032363579,2025.193747421,NA,NA,NA
3317,3318,REU.4.3_1,REU.4.3_1,0.00106424674770556,0.646715474252925,0.64565122750522,2025.19269834653,2025.19376259327,NA,NA,NA
4733,4736,REU.2.3_1,REU.2.3_1,0.0121236255361097,0.647003560044773,0.634879934508664,2025.18192705353,2025.19405067907,NA,NA,NA
3541,3542,REU.4.3_1,REU.3.5_1,0.145886225762721,0.647156929060885,0.501270703298164,2025.04831782232,2025.19420404808,NA,NA,NA
4701,4703,REU.4.8_1,REU.4.8_1,0.00248083124662946,0.647204189098093,0.644723357851464,2025.19177047687,2025.19425130812,NA,NA,NA
4616,4617,REU.4.3_1,REU.4.3_1,0.00223641123299434,0.647316681573702,0.645080270340708,2025.19212738936,2025.19436380059,NA,NA,NA
5632,5634,REU.2.3_1,REU.2.3_1,0.0624303631927204,0.647318926012288,0.584888562819568,2025.13193568184,2025.19436604503,NA,NA,NA
5072,5073,REU.4.8_1,REU.4.8_1,0.0496821842245,0.647325926201419,0.597643741976919,2025.144690861,2025.19437304522,NA,NA,NA
5966,2953,REU.3.4_1,REU.3.4_1,0.128913591000952,0.64747342892408,0.518559837923128,2025.06560695694,2025.19452054795,CHIKV_RUN_S29b07_2025,55.306494,-21.169285
5154,2268,REU.4.3_1,REU.4.2_1,0.10297547618402,0.64747342892408,0.54449795274006,2025.09154507176,2025.19452054795,CHIKV_RUN_S27b89_2025,55.467204,-21.248946
6141,2001,REU.3.1_1,REU.3.1_1,0.102947845433853,0.64747342892408,0.544525583490227,2025.09157270251,2025.19452054795,CHIKV_RUN_S19b46_2025,55.364173,-21.24993
5648,2616,REU.4.8_1,REU.3.4_1,0.0975877039815675,0.64747342892408,0.549885724942513,2025.09693284396,2025.19452054795,CHIKV_RUN_S19b49_2025,55.307329,-21.216247
3953,1438,REU.4.3_1,REU.4.3_1,0.0950008618821054,0.64747342892408,0.552472567041975,2025.09951968606,2025.19452054795,CHIKV_RUN_S29b10_2025,55.519942,-21.293275
5259,2063,REU.4.5_1,REU.4.5_1,0.0888577063166274,0.64747342892408,0.558615722607453,2025.10566284163,2025.19452054795,CHIKV_RUN_S27b87_2025,55.597508,-21.376015
6029,2880,REU.2.3_1,REU.2.3_1,0.0875372835040097,0.64747342892408,0.55993614542007,2025.10698326444,2025.19452054795,CHIKV_RUN_S32b11_2025,55.438545,-20.918203
5629,2627,REU.4.6_1,REU.3.2_1,0.0873886227981427,0.64747342892408,0.560084806125937,2025.10713192515,2025.19452054795,CHIKV_RUN_S29b11_2025,55.336193,-21.232995
5910,2338,REU.4.3_1,REU.4.2_1,0.0871393240548826,0.64747342892408,0.560334104869197,2025.10738122389,2025.19452054795,CHIKV_RUN_S29b01_2025,55.466067,-21.255356
4718,179,REU.4.7_1,REU.4.7_1,0.0836293646279267,0.64747342892408,0.563844064296153,2025.11089118332,2025.19452054795,CHIKV_RUN_S19b51_2025,55.720654,-21.370892
4210,389,REU.4.3_1,REU.4.3_1,0.0712926670024516,0.64747342892408,0.576180761921628,2025.12322788094,2025.19452054795,CHIKV_RUN_S19b88_2025,55.516991,-21.29559
3531,1304,REU.4.8_1,REU.4.8_1,0.0626464668406467,0.64747342892408,0.584826962083433,2025.1318740811,2025.19452054795,CHIKV_RUN_S29b06_2025,55.46405,-21.275017
5253,2065,REU.4.8_1,REU.4.2_1,0.0618798929035032,0.64747342892408,0.585593536020577,2025.13264065504,2025.19452054795,CHIKV_RUN_S20b35_2025,55.46646,-21.253315
5491,2651,REU.4.8_1,REU.1.4_1,0.0603483003770436,0.64747342892408,0.587125128547036,2025.13417224757,2025.19452054795,CHIKV_RUN_S19b71_2025,55.685249,-21.050381
4244,489,REU.4.3_1,REU.4.3_1,0.0577208092381689,0.64747342892408,0.589752619685911,2025.13679973871,2025.19452054795,CHIKV_RUN_S29b12_2025,55.521838,-21.286364
5426,3056,REU.3.1_1,REU.3.1_1,0.053931826192843,0.64747342892408,0.593541602731237,2025.14058872175,2025.19452054795,CHIKV_RUN_S28b04_2025,55.355323,-21.260479
4754,205,REU.4.7_1,REU.4.7_1,0.0528258353763886,0.64747342892408,0.594647593547691,2025.14169471257,2025.19452054795,CHIKV_RUN_S28b10_2025,55.787996,-21.351312
3216,1666,REU.4.4_1,REU.4.4_1,0.0511973701954429,0.64747342892408,0.596276058728637,2025.14332317775,2025.19452054795,CHIKV_RUN_S18b68_2025,55.560977,-21.337237
3306,320,REU.4.3_1,REU.4.4_1,0.0509743807575882,0.64747342892408,0.596499048166492,2025.14354616719,2025.19452054795,CHIKV_RUN_S19b45_2025,55.562133,-21.352463
5997,2939,REU.3.4_1,REU.3.4_1,0.0498217747738907,0.64747342892408,0.597651654150189,2025.14469877317,2025.19452054795,CHIKV_RUN_S27b92_2025,55.295784,-21.171432
4049,1413,REU.4.3_1,REU.4.2_1,0.0464564810077426,0.64747342892408,0.601016947916337,2025.14806406694,2025.19452054795,CHIKV_RUN_S27b82_2025,55.50081,-21.235022
5919,1946,REU.4.6_1,REU.4.5_1,0.0413868088339302,0.64747342892408,0.60608662009015,2025.15313373911,2025.19452054795,CHIKV_RUN_S29b05_2025,55.649305,-21.380086
4411,532,REU.4.3_1,REU.4.3_1,0.0405768998007259,0.64747342892408,0.606896529123354,2025.15394364814,2025.19452054795,CHIKV_RUN_S27b81_2025,55.524857,-21.293715
5459,2670,REU.3.4_1,REU.3.4_1,0.0376858461534373,0.64747342892408,0.609787582770643,2025.15683470179,2025.19452054795,CHIKV_RUN_S27b86_2025,55.295778,-21.198431
4515,288,REU.4.3_1,REU.4.3_1,0.0365750290438784,0.64747342892408,0.610898399880202,2025.1579455189,2025.19452054795,CHIKV_RUN_S20b11_2025,55.517789,-21.295793
5978,2950,REU.3.4_1,REU.3.4_1,0.0348618563712628,0.64747342892408,0.612611572552817,2025.15965869157,2025.19452054795,CHIKV_RUN_S29b14_2025,55.308324,-21.164939
5666,2609,REU.3.5_1,REU.4.6_1,0.0346092914816429,0.64747342892408,0.612864137442437,2025.15991125646,2025.19452054795,CHIKV_RUN_S27b90_2025,55.416635,-21.273583
3251,1115,REU.4.3_1,REU.1.2_1,0.0333552513422852,0.64747342892408,0.614118177581795,2025.1611652966,2025.19452054795,CHIKV_RUN_S19b77_2025,55.627058,-21.134421
3777,678,REU.4.3_1,REU.4.3_1,0.0298194167863172,0.64747342892408,0.617654012137763,2025.16470113116,2025.19452054795,CHIKV_RUN_S20b34_2025,55.517676,-21.237331
5702,2558,REU.4.3_1,REU.4.3_1,0.0215594902473104,0.64747342892408,0.62591393867677,2025.1729610577,2025.19452054795,CHIKV_RUN_S27b79_2025,55.51426,-21.273119
6047,2861,REU.2.3_1,REU.2.3_1,0.0210897522201472,0.64747342892408,0.626383676703933,2025.17343079572,2025.19452054795,CHIKV_RUN_S19b52_2025,55.493743,-20.902481
4894,1367,REU.2.3_1,REU.2.4_1,0.0163945213255801,0.64747342892408,0.6310789075985,2025.17812602662,2025.19452054795,CHIKV_RUN_S19b47_2025,55.5589,-20.899424
3921,1174,REU.4.4_1,REU.4.8_1,0.0162340753809224,0.64747342892408,0.631239353543158,2025.17828647256,2025.19452054795,CHIKV_RUN_S19b40_2025,55.521678,-21.356251
5863,2300,REU.3.1_1,REU.3.1_1,0.0160446332267377,0.64747342892408,0.631428795697342,2025.17847591472,2025.19452054795,CHIKV_RUN_S27b78_2025,55.362551,-21.26155
6178,2728,REU.2.3_1,REU.1.2_1,0.015537023004642,0.64747342892408,0.631936405919438,2025.17898352494,2025.19452054795,CHIKV_RUN_S19b57_2025,55.631428,-21.141252
5831,1875,REU.4.3_1,REU.4.3_1,0.01466724823253,0.64747342892408,0.63280618069155,2025.17985329971,2025.19452054795,CHIKV_RUN_S28b13_2025,55.511427,-21.282575
5722,2784,REU.4.3_1,REU.4.3_1,0.00852894525576675,0.64747342892408,0.638944483668313,2025.18599160269,2025.19452054795,CHIKV_RUN_S18b66_2025,55.510876,-21.273771
5835,2390,REU.2.2_1,REU.2.2_1,0.00835227470265643,0.64747342892408,0.639121154221424,2025.18616827324,2025.19452054795,CHIKV_RUN_S20b22_2025,55.302628,-20.939219
3398,1691,REU.4.8_1,REU.4.8_1,0.0074487722408918,0.64747342892408,0.640024656683188,2025.1870717757,2025.19452054795,CHIKV_RUN_S28b94_2025,55.476016,-21.310483
5537,2511,REU.4.1_1,REU.4.1_1,0.00707587304751423,0.64747342892408,0.640397555876566,2025.1874446749,2025.19452054795,CHIKV_RUN_S19b89_2025,55.478192,-21.169782
4052,1399,REU.4.3_1,REU.4.4_1,0.00654196631176895,0.64747342892408,0.640931462612311,2025.18797858163,2025.19452054795,CHIKV_RUN_S36b52_2025,55.543785,-21.337061
5602,2228,REU.4.8_1,REU.3.2_1,0.00616936043250937,0.64747342892408,0.641304068491571,2025.18835118751,2025.19452054795,CHIKV_RUN_S29b04_2025,55.341644,-21.234903
5493,1824,REU.4.8_1,REU.4.8_1,0.0061499040452635,0.64747342892408,0.641323524878816,2025.1883706439,2025.19452054795,CHIKV_RUN_S27b91_2025,55.459526,-21.288009
5813,2825,REU.4.8_1,REU.1.3_1,0.00557951229943143,0.64747342892408,0.641893916624649,2025.18894103565,2025.19452054795,CHIKV_RUN_S19b42_2025,55.647533,-20.932677
5379,5380,REU.4.8_1,REU.4.6_1,0.0621235334949598,0.647529716253614,0.585406182758654,2025.13245330178,2025.19457683527,NA,NA,NA
5692,5693,REU.3.1_1,REU.2.3_1,0.0634447474014693,0.647736679473677,0.584291932072207,2025.13133905109,2025.19478379849,NA,NA,NA
4444,4445,REU.4.8_1,REU.4.8_1,0.0166151785315488,0.647802840021815,0.631187661490266,2025.17823478051,2025.19484995904,NA,NA,NA
6201,6202,REU.3.5_1,REU.3.5_1,0.0109296542419483,0.647825706840694,0.636896052598746,2025.18394317162,2025.19487282586,NA,NA,NA
4850,4851,REU.2.3_1,REU.2.3_1,0.0432162168504987,0.647903502213704,0.604687285363205,2025.15173440438,2025.19495062123,NA,NA,NA
4839,4843,REU.4.8_1,REU.4.4_1,0.0395967895007012,0.647988095462956,0.608391305962254,2025.15543842498,2025.19503521448,NA,NA,NA
5179,5188,REU.2.3_1,REU.3.5_1,0.130084995239355,0.648052727387399,0.517967732148044,2025.06501485117,2025.19509984641,NA,NA,NA
5164,5165,REU.3.1_1,REU.3.1_1,0.0354516776532268,0.648053605331885,0.612601927678658,2025.1596490467,2025.19510072435,NA,NA,NA
4157,4158,REU.4.8_1,REU.4.8_1,0.0266940918739853,0.648350276364952,0.621656184490967,2025.16870330351,2025.19539739539,NA,NA,NA
4431,4433,REU.2.3_1,REU.2.3_1,0.0421927018552164,0.64852481090829,0.606332109053073,2025.15337922807,2025.19557192993,NA,NA,NA
5405,5409,REU.4.5_1,REU.4.5_1,0.0665278439568706,0.648549927845648,0.582022083888777,2025.12906920291,2025.19559704687,NA,NA,NA
5528,5529,REU.4.1_1,REU.4.1_1,0.0137379783309033,0.648558155541538,0.634820177210635,2025.18186729623,2025.19560527456,NA,NA,NA
4262,4263,REU.4.8_1,REU.2.3_1,0.0216639103007544,0.648610032695519,0.626946122394765,2025.17399324142,2025.19565715172,NA,NA,NA
4999,5003,REU.2.3_1,REU.2.3_1,0.0524951330067063,0.64862044687546,0.596125313868753,2025.14317243289,2025.1956675659,NA,NA,NA
4338,4353,REU.4.3_1,REU.2.4_1,0.183013674296246,0.648623875834254,0.465610201538009,2025.01265732056,2025.19567099486,NA,NA,NA
6094,6095,REU.4.3_1,REU.4.3_1,0.069509044787633,0.648648136886499,0.579139092098866,2025.12618621112,2025.19569525591,NA,NA,NA
3568,3569,REU.4.3_1,REU.4.8_1,0.0594256617290492,0.648790314798414,0.589364653069364,2025.13641177209,2025.19583743382,NA,NA,NA
4789,4790,REU.4.8_1,REU.4.8_1,0.0378239792355071,0.648935695827349,0.611111716591842,2025.15815883561,2025.19598281485,NA,NA,NA
5497,5498,REU.4.3_1,REU.4.3_1,0.0360442374501743,0.648967201289017,0.612922963838843,2025.15997008286,2025.19601432031,NA,NA,NA
3792,3794,REU.4.3_1,REU.4.5_1,0.0851924582327228,0.648989815835318,0.563797357602595,2025.11084447662,2025.19603693486,NA,NA,NA
5569,5570,REU.4.8_1,REU.3.5_1,0.0210878007772176,0.649002643569288,0.62791484279207,2025.17496196181,2025.19604976259,NA,NA,NA
5288,5289,REU.4.5_1,REU.4.5_1,0.0637688009952116,0.64905346403299,0.585284663037778,2025.13233178206,2025.19610058305,NA,NA,NA
4617,4618,REU.4.3_1,REU.4.3_1,0.00176020443517289,0.649076886008875,0.647316681573702,2025.19436380059,2025.19612400503,NA,NA,NA
3590,3592,REU.3.5_1,REU.4.8_1,0.0464067316415301,0.649137426078611,0.602730694437081,2025.14977781346,2025.1961845451,NA,NA,NA
5174,5175,REU.3.2_1,REU.3.2_1,0.0173555353328473,0.64948949997462,0.632133964641772,2025.17918108366,2025.196536619,NA,NA,NA
3140,3141,REU.4.8_1,REU.3.1_1,0.0406054731459248,0.649607531106329,0.609002057960404,2025.15604917698,2025.19665465013,NA,NA,NA
4056,4058,REU.4.3_1,REU.4.3_1,0.0507232145132793,0.649670214532507,0.598947000019227,2025.14599411904,2025.19671733355,NA,NA,NA
4252,4253,REU.2.3_1,REU.2.3_1,0.0227326302439207,0.649676195487546,0.626943565243625,2025.17399068426,2025.19672331451,NA,NA,NA
5278,5279,REU.4.5_1,REU.4.5_1,0.0136860730157471,0.649700959954413,0.636014886938666,2025.18306200596,2025.19674807898,NA,NA,NA
5298,5306,REU.4.5_1,REU.4.5_1,0.0904829648220508,0.649809805454406,0.559326840632355,2025.10637395965,2025.19685692448,NA,NA,NA
4358,4359,REU.4.8_1,REU.2.3_1,0.0245597840761949,0.649886702039181,0.625326917962986,2025.17237403698,2025.19693382106,NA,NA,NA
4182,4183,REU.4.8_1,REU.4.8_1,0.05456747921218,0.649902170892976,0.595334691680796,2025.1423818107,2025.19694928991,NA,NA,NA
5476,5477,REU.3.1_1,REU.3.1_1,0.0653840149220639,0.649977161389659,0.584593146467595,2025.13164026549,2025.19702428041,NA,NA,NA
3590,3591,REU.3.5_1,REU.3.5_1,0.0472519671857239,0.649982661622805,0.602730694437081,2025.14977781346,2025.19702978064,NA,NA,NA
6214,6215,REU.4.3_1,REU.4.3_1,0.0921268965360915,0.650075388147822,0.557948491611731,2025.10499561063,2025.19712250717,NA,NA,NA
5667,5668,REU.3.5_1,REU.3.5_1,0.0365279123524659,0.650132809307872,0.613604896955406,2025.16065201598,2025.19717992833,NA,NA,NA
3708,3709,REU.4.6_1,REU.4.8_1,0.0542845278349484,0.650137267806529,0.59585273997158,2025.14289985899,2025.19718438683,NA,NA,NA
6104,1955,REU.3.1_1,REU.1.3_1,0.21799336328808,0.650213154951665,0.432219791663585,2024.97926691068,2025.19726027397,CHIKV_RUN_S19b75_2025,55.619233,-20.956399
5782,2008,REU.3.1_1,REU.4.2_1,0.165877865793824,0.650213154951665,0.48433528915784,2025.03138240818,2025.19726027397,CHIKV_RUN_S19b87_2025,55.468504,-21.24505
4417,402,REU.2.3_1,REU.1.4_1,0.125065561491991,0.650213154951665,0.525147593459673,2025.07219471248,2025.19726027397,CHIKV_RUN_S19b67_2025,55.672176,-21.04822
5679,3095,REU.3.1_1,REU.4.6_1,0.120996248774549,0.650213154951665,0.529216906177116,2025.0762640252,2025.19726027397,CHIKV_RUN_S19b74_2025,55.415033,-21.26939
3640,660,REU.4.3_1,REU.4.8_1,0.117925625043269,0.650213154951665,0.532287529908395,2025.07933464893,2025.19726027397,CHIKV_RUN_S20b29_2025,55.461845,-21.295303
3516,879,REU.4.3_1,REU.2.3_1,0.114798241281334,0.650213154951665,0.535414913670331,2025.08246203269,2025.19726027397,CHIKV_RUN_S19b95_2025,55.427046,-20.876761
5517,2525,REU.4.1_1,REU.4.1_1,0.111055966459014,0.650213154951665,0.539157188492651,2025.08620430751,2025.19726027397,CHIKV_RUN_S20b31_2025,55.467884,-21.146662
3287,347,REU.4.8_1,REU.1.4_1,0.105166578943661,0.650213154951665,0.545046576008004,2025.09209369503,2025.19726027397,CHIKV_RUN_S19b78_2025,55.697947,-21.032141
5893,2154,REU.4.6_1,REU.4.6_1,0.100128690329168,0.650213154951665,0.550084464622497,2025.09713158364,2025.19726027397,CHIKV_RUN_S20b28_2025,55.431827,-21.24552
3769,722,REU.4.3_1,REU.4.3_1,0.0938893989806606,0.650213154951665,0.556323755971004,2025.10337087499,2025.19726027397,CHIKV_RUN_S20b17_2025,55.508697,-21.283779
3128,2766,REU.3.1_1,REU.4.2_1,0.0847819088310804,0.650213154951665,0.565431246120584,2025.11247836514,2025.19726027397,CHIKV_RUN_S19b92_2025,55.473528,-21.250753
4350,517,REU.4.3_1,REU.4.4_1,0.0742415633818347,0.650213154951665,0.57597159156983,2025.12301871059,2025.19726027397,CHIKV_RUN_S19b64_2025,55.565613,-21.360891
3499,964,REU.2.1_1,REU.2.1_1,0.0739040834904373,0.650213154951665,0.576309071461227,2025.12335619048,2025.19726027397,CHIKV_RUN_S20b90_2025,55.331182,-20.952532
3174,2692,REU.3.5_1,REU.3.5_1,0.0673917156710351,0.650213154951665,0.58282143928063,2025.1298685583,2025.19726027397,CHIKV_RUN_S20b94_2025,55.299916,-20.976778
4892,1371,REU.2.3_1,REU.1.1_1,0.0561379135801717,0.650213154951665,0.594075241371493,2025.14112236039,2025.19726027397,CHIKV_RUN_S19b53_2025,55.655827,-20.977547
3194,1967,REU.4.8_1,REU.4.4_1,0.054802529898595,0.650213154951665,0.59541062505307,2025.14245774407,2025.19726027397,CHIKV_RUN_S20b95_2025,55.567608,-21.357211
3491,957,REU.3.5_1,REU.3.5_1,0.0506549255834376,0.650213154951665,0.599558229368227,2025.14660534839,2025.19726027397,CHIKV_RUN_S28b07_2025,55.272533,-21.023493
4293,439,REU.4.3_1,REU.4.2_1,0.049168053452078,0.650213154951665,0.601045101499587,2025.14809222052,2025.19726027397,CHIKV_RUN_S20b18_2025,55.466556,-21.243784
4721,178,REU.4.7_1,REU.4.7_1,0.0476660702621664,0.650213154951665,0.602547084689498,2025.14959420371,2025.19726027397,CHIKV_RUN_S20b04_2025,55.719455,-21.371287
4156,613,REU.4.8_1,REU.3.5_1,0.0417988804217175,0.650213154951665,0.608414274529947,2025.15546139355,2025.19726027397,CHIKV_RUN_S20b32_2025,55.29306,-21.03516
3345,1326,REU.3.5_1,REU.2.3_1,0.0411601112425042,0.650213154951665,0.609053043709161,2025.15610016273,2025.19726027397,CHIKV_RUN_S29b09_2025,55.485603,-20.893484
5605,2333,REU.4.8_1,REU.3.2_1,0.0386135499100991,0.650213154951665,0.611599605041566,2025.15864672406,2025.19726027397,CHIKV_RUN_S20b03_2025,55.335638,-21.235998
3351,110,REU.4.3_1,REU.4.3_1,0.0371336627548755,0.650213154951665,0.613079492196789,2025.16012661122,2025.19726027397,CHIKV_RUN_S20b05_2025,55.515803,-21.295734
4528,1713,REU.2.3_1,REU.2.5_1,0.0324273417879211,0.650213154951665,0.617785813163744,2025.16483293218,2025.19726027397,CHIKV_RUN_S27b93_2025,55.605959,-20.904676
5965,2962,REU.4.3_1,REU.4.3_1,0.0283839184942027,0.650213154951665,0.621829236457462,2025.16887635548,2025.19726027397,CHIKV_RUN_S36b80_2025,55.557863,-21.22154
4408,534,REU.4.3_1,REU.3.5_1,0.0252536379011049,0.650213154951665,0.62495951705056,2025.17200663607,2025.19726027397,CHIKV_RUN_S28b12_2025,55.267558,-21.013211
5151,2257,REU.4.8_1,REU.4.8_1,0.0245621846479696,0.650213154951665,0.625650970303695,2025.17269808932,2025.19726027397,CHIKV_RUN_S19b73_2025,55.534789,-21.314946
4144,1725,REU.3.5_1,REU.3.5_1,0.0240771252240928,0.650213154951665,0.626136029727572,2025.17318314875,2025.19726027397,CHIKV_RUN_S20b19_2025,55.269553,-21.101379
5507,1800,REU.3.4_1,REU.3.4_1,0.0210660078778171,0.650213154951665,0.629147147073848,2025.1761942661,2025.19726027397,CHIKV_RUN_S19b81_2025,55.319437,-21.213998
4094,893,REU.2.3_1,REU.2.3_1,0.0206922208161222,0.650213154951665,0.629520934135543,2025.17656805316,2025.19726027397,CHIKV_RUN_S20b38_2025,55.423079,-20.87676
5731,2780,REU.4.8_1,REU.4.3_1,0.0196641060492868,0.650213154951665,0.630549048902378,2025.17759616792,2025.19726027397,CHIKV_RUN_S19b82_2025,55.581068,-21.201849
4482,1623,REU.4.8_1,REU.3.5_1,0.0193984213835006,0.650213154951665,0.630814733568164,2025.17786185259,2025.19726027397,CHIKV_RUN_S22b06_2025,55.272076,-21.029578
4872,1389,REU.4.3_1,REU.3.5_1,0.0188462977425249,0.650213154951665,0.63136685720914,2025.17841397623,2025.19726027397,CHIKV_RUN_S28b08_2025,55.228101,-21.063277
4282,369,REU.4.5_1,REU.4.5_1,0.0154281465878948,0.650213154951665,0.63478500836377,2025.18183212738,2025.19726027397,CHIKV_RUN_S20b37_2025,55.644412,-21.379083
3348,1329,REU.3.5_1,REU.3.5_1,0.0151415980127909,0.650213154951665,0.635071556938874,2025.18211867596,2025.19726027397,CHIKV_RUN_S19b94_2025,55.25298,-21.042346
5891,1809,REU.2.3_1,REU.2.3_1,0.0140091758777336,0.650213154951665,0.636203979073931,2025.18325109809,2025.19726027397,CHIKV_RUN_S29b13_2025,55.485603,-20.893484
4333,387,REU.2.3_1,REU.1.1_1,0.0130914472338709,0.650213154951665,0.637121707717794,2025.18416882674,2025.19726027397,CHIKV_RUN_S19b63_2025,55.682519,-20.998617
4765,222,REU.4.5_1,REU.4.7_1,0.0126560447715057,0.650213154951665,0.637557110180159,2025.1846042292,2025.19726027397,CHIKV_RUN_S19b86_2025,55.764023,-21.360531
3601,1763,REU.4.3_1,REU.4.3_1,0.0116361913976198,0.650213154951665,0.638576963554045,2025.18562408258,2025.19726027397,CHIKV_RUN_S29b02_2025,55.51602,-21.29526
3315,917,REU.3.5_1,REU.3.5_1,0.0105742926800472,0.650213154951665,0.639638862271618,2025.18668598129,2025.19726027397,CHIKV_RUN_S20b87_2025,55.273404,-21.026997
5326,2436,REU.3.4_1,REU.3.4_1,0.0102774910693249,0.650213154951665,0.63993566388234,2025.1869827829,2025.19726027397,CHIKV_RUN_S22b08_2025,55.306352,-21.170628
4449,126,REU.4.8_1,REU.3.5_1,0.00736008173971103,0.650213154951665,0.642853073211954,2025.18990019223,2025.19726027397,CHIKV_RUN_S20b36_2025,55.270344,-21.069224
4861,1156,REU.1.3_1,REU.1.3_1,0.00660002212706101,0.650213154951665,0.643613132824604,2025.19066025185,2025.19726027397,CHIKV_RUN_S28b93_2025,55.672793,-20.966915
4127,1273,REU.2.3_1,REU.1.5_1,0.00577904051481326,0.650213154951665,0.644434114436852,2025.19148123346,2025.19726027397,CHIKV_RUN_S19b80_2025,55.821351,-21.148572
4324,4326,REU.4.8_1,REU.2.4_1,0.085830540643758,0.650353634848989,0.564523094205231,2025.11157021323,2025.19740075387,NA,NA,NA
3604,3607,REU.4.3_1,REU.4.3_1,0.0355317994092912,0.650407592413605,0.614875793004314,2025.16192291203,2025.19745471143,NA,NA,NA
3301,3302,REU.2.3_1,REU.2.3_1,0.0110588509452878,0.650457593388016,0.639398742442728,2025.18644586146,2025.19750471241,NA,NA,NA
3801,3802,REU.4.8_1,REU.4.5_1,0.0131566305253582,0.65056131532014,0.637404684794782,2025.18445180382,2025.19760843434,NA,NA,NA
3740,3741,REU.4.3_1,REU.4.3_1,0.018689012410348,0.650626764202767,0.631937751792419,2025.17898487081,2025.19767388322,NA,NA,NA
4804,4805,REU.4.8_1,REU.4.8_1,0.0155760588879479,0.651024696038575,0.635448637150628,2025.18249575617,2025.19807181506,NA,NA,NA
4733,4734,REU.2.3_1,REU.2.3_1,0.0162399107659084,0.651119845274572,0.634879934508664,2025.18192705353,2025.1981669643,NA,NA,NA
5091,5092,REU.3.1_1,REU.4.8_1,0.205894476427642,0.651121632959276,0.445227156531634,2024.99227427555,2025.19816875198,NA,NA,NA
4433,4434,REU.2.3_1,REU.3.5_1,0.00261942049969954,0.651144231407989,0.64852481090829,2025.19557192993,2025.19819135043,NA,NA,NA
4630,4634,REU.4.3_1,REU.4.8_1,0.077656885989909,0.65119648885103,0.573539602861121,2025.12058672188,2025.19824360787,NA,NA,NA
5920,5921,REU.4.8_1,REU.3.4_1,0.0979384123941327,0.651262264683702,0.553323852289569,2025.10037097131,2025.1983093837,NA,NA,NA
5688,5690,REU.3.1_1,REU.3.1_1,0.0748557694146328,0.651287829108573,0.57643205969394,2025.12347917871,2025.19833494813,NA,NA,NA
3581,3582,REU.4.8_1,REU.4.8_1,0.0074258153885941,0.651338168517187,0.643912353128593,2025.19095947215,2025.19838528754,NA,NA,NA
4282,4283,REU.4.5_1,REU.4.5_1,0.0165806851814057,0.651365693545176,0.63478500836377,2025.18183212738,2025.19841281257,NA,NA,NA
4790,4792,REU.4.8_1,REU.4.8_1,0.0025580943760154,0.651493790203365,0.648935695827349,2025.19598281485,2025.19854090922,NA,NA,NA
3322,3323,REU.4.3_1,REU.4.3_1,0.0603828397249953,0.651607611485062,0.591224771760066,2025.13827189078,2025.19865473051,NA,NA,NA
4964,4965,REU.3.1_1,REU.3.1_1,0.00661258615536142,0.651614127277504,0.645001541122143,2025.19204866014,2025.1986612463,NA,NA,NA
5956,5959,REU.3.4_1,REU.2.3_1,0.0433967086249153,0.651630879314962,0.608234170690047,2025.15528128971,2025.19867799834,NA,NA,NA
3830,3832,REU.4.3_1,REU.4.3_1,0.0584682296351773,0.651684495056376,0.593216265421199,2025.14026338444,2025.19873161408,NA,NA,NA
6064,6065,REU.2.3_1,REU.2.3_1,0.0721017119075912,0.651766094740717,0.579664382833126,2025.12671150185,2025.19881321376,NA,NA,NA
5139,5140,REU.4.3_1,REU.4.8_1,0.0238875729021948,0.651791569741243,0.627903996839048,2025.17495111586,2025.19883868876,NA,NA,NA
4743,4745,REU.4.5_1,REU.4.5_1,0.0973130147331156,0.651857935268135,0.554544920535019,2025.10159203956,2025.19890505429,NA,NA,NA
5946,5947,REU.4.3_1,REU.4.3_1,0.0196510513976521,0.652020740287591,0.632369688889939,2025.17941680791,2025.19906785931,NA,NA,NA
3425,3426,REU.2.3_1,REU.2.3_1,0.0530640812743204,0.652032188589092,0.598968107314771,2025.14601522634,2025.19907930761,NA,NA,NA
5482,5483,REU.3.1_1,REU.3.1_1,0.0683792618905403,0.65204492475589,0.583665662865349,2025.13071278189,2025.19909204378,NA,NA,NA
3323,3324,REU.4.3_1,REU.4.3_1,0.000586622453586427,0.652194233938648,0.651607611485062,2025.19865473051,2025.19924135296,NA,NA,NA
4861,4862,REU.1.3_1,REU.1.3_1,0.00869733452088051,0.652310467345484,0.643613132824604,2025.19066025185,2025.19935758637,NA,NA,NA
5867,5868,REU.3.1_1,REU.2.3_1,0.0665730786114855,0.652389837048571,0.585816758437086,2025.13286387746,2025.19943695607,NA,NA,NA
6023,6024,REU.2.3_1,REU.2.3_1,0.0203618929292813,0.652619212905426,0.632257319976145,2025.179304439,2025.19966633193,NA,NA,NA
4859,4864,REU.2.3_1,REU.2.3_1,0.0407561404389623,0.652694819836403,0.611938679397441,2025.15898579842,2025.19974193886,NA,NA,NA
4427,4428,REU.2.3_1,REU.2.3_1,0.0256732738647147,0.65271980965374,0.627046535789025,2025.17409365481,2025.19976692867,NA,NA,NA
4641,1524,REU.4.3_1,REU.1.1_1,0.134290727361613,0.652952880979022,0.518662153617409,2025.06570927264,2025.2,CHIKV_RUN_S20b73_2025,55.643354,-20.980309
3825,708,REU.4.3_1,REU.1.3_1,0.0974872864042224,0.652952880979022,0.5554655945748,2025.1025127136,2025.2,CHIKV_RUN_S19b66_2025,55.689055,-20.960639
5034,2671,REU.4.6_1,REU.4.6_1,0.0846097938421967,0.652952880979022,0.568343087136825,2025.11539020616,2025.2,CHIKV_RUN_S20b21_2025,55.435536,-21.257653
3185,2324,REU.3.1_1,REU.4.8_1,0.0811574207155447,0.652952880979022,0.571795460263477,2025.11884257928,2025.2,CHIKV_RUN_S20b62_2025,55.473625,-21.334544
4584,1587,REU.4.8_1,REU.4.8_1,0.0802442975689137,0.652952880979022,0.572708583410108,2025.11975570243,2025.2,CHIKV_RUN_S20b23_2025,55.457023,-21.296888
5054,2743,REU.4.8_1,REU.4.8_1,0.0702831579463145,0.652952880979022,0.582669723032708,2025.12971684205,2025.2,CHIKV_RUN_S20b13_2025,55.461679,-21.292518
5642,1933,REU.4.6_1,REU.3.2_1,0.0659348302262799,0.652952880979022,0.587018050752742,2025.13406516977,2025.2,CHIKV_RUN_S20b12_2025,55.337829,-21.236051
5137,2269,REU.4.3_1,REU.4.3_1,0.0559820789150218,0.652952880979022,0.596970802064,2025.14401792108,2025.2,CHIKV_RUN_S19b91_2025,55.516227,-21.284258
5375,2453,REU.3.4_1,REU.3.4_1,0.0522531840618871,0.652952880979022,0.600699696917135,2025.14774681594,2025.2,CHIKV_RUN_S19b60_2025,55.325669,-21.227271
5018,2580,REU.4.6_1,REU.3.2_1,0.0480324570422893,0.652952880979022,0.604920423936733,2025.15196754296,2025.2,CHIKV_RUN_S20b14_2025,55.344688,-21.249764
5282,2051,REU.4.5_1,REU.4.5_1,0.0366740079722619,0.652952880979022,0.61627887300676,2025.16332599203,2025.2,CHIKV_RUN_S20b06_2025,55.599932,-21.377836
5346,2425,REU.2.3_1,REU.2.3_1,0.0363514891266359,0.652952880979022,0.616601391852386,2025.16364851087,2025.2,CHIKV_RUN_S20b25_2025,55.473705,-20.891769
5798,2828,REU.2.3_1,REU.2.5_1,0.0320853854918246,0.652952880979022,0.620867495487197,2025.16791461451,2025.2,CHIKV_RUN_S19b68_2025,55.582725,-20.929146
3367,909,REU.3.5_1,REU.3.5_1,0.0317673819503773,0.652952880979022,0.621185499028645,2025.16823261805,2025.2,CHIKV_RUN_S19b61_2025,55.300808,-21.035281
4893,1378,REU.2.3_1,REU.2.4_1,0.025839951646907,0.652952880979022,0.627112929332115,2025.17416004835,2025.2,CHIKV_RUN_S20b27_2025,55.5589,-20.899424
5551,2184,REU.4.8_1,REU.4.8_1,0.0226928917740615,0.652952880979022,0.630259989204961,2025.17730710823,2025.2,CHIKV_RUN_S20b20_2025,55.476655,-21.339972
4391,560,REU.4.3_1,REU.4.3_1,0.0141003019293113,0.652952880979022,0.638852579049711,2025.18589969807,2025.2,CHIKV_RUN_S20b30_2025,55.503677,-21.265174
5142,2244,REU.4.8_1,REU.4.8_1,0.0100363755853341,0.652952880979022,0.642916505393688,2025.18996362441,2025.2,CHIKV_RUN_S20b07_2025,55.533492,-21.315633
4077,1476,REU.4.8_1,REU.1.4_1,0.00692326226788575,0.652952880979022,0.646029618711136,2025.19307673773,2025.2,CHIKV_RUN_S19b65_2025,55.715283,-21.049538
4843,874,REU.4.4_1,REU.4.4_1,0.00496478551606661,0.652952880979022,0.647988095462956,2025.19503521448,2025.2,CHIKV_RUN_S20b16_2025,55.568332,-21.350095
5175,18,REU.3.2_1,REU.3.2_1,0.00346338100440258,0.652952880979022,0.64948949997462,2025.196536619,2025.2,CHIKV_RUN_S20b33_2025,55.339341,-21.247299
4997,4998,REU.2.3_1,REU.2.5_1,0.073785242148787,0.653366271594977,0.57958102944619,2025.12662814847,2025.20041339062,NA,NA,NA
5983,5984,REU.3.4_1,REU.3.4_1,0.0394292253609433,0.653518246937313,0.61408902157637,2025.1611361406,2025.20056536596,NA,NA,NA
5758,5760,REU.4.8_1,REU.4.8_1,0.108795277620087,0.653587010981087,0.544791733361,2025.09183885238,2025.20063413,NA,NA,NA
5889,5890,REU.3.1_1,REU.2.3_1,0.0244532930696719,0.653626964609402,0.62917367153973,2025.17622079056,2025.20067408363,NA,NA,NA
4764,4766,REU.4.5_1,REU.4.5_1,0.0503376465164163,0.653667581411358,0.603329934894942,2025.15037705392,2025.20071470043,NA,NA,NA
5453,5454,REU.3.1_1,REU.4.8_1,0.149413459185693,0.653865054108717,0.504451594923024,2025.05149871394,2025.20091217313,NA,NA,NA
6023,6026,REU.2.3_1,REU.2.3_1,0.0217514488214434,0.654008768797589,0.632257319976145,2025.179304439,2025.20105588782,NA,NA,NA
3752,3753,REU.4.3_1,REU.2.3_1,0.0648490878348611,0.654020324785432,0.589171236950571,2025.13621835597,2025.20106744381,NA,NA,NA
5492,5494,REU.4.8_1,REU.2.1_1,0.0896201143049228,0.654219182837605,0.564599068532682,2025.11164618755,2025.20126630186,NA,NA,NA
4853,4854,REU.2.3_1,REU.2.3_1,0.0269013307894019,0.654224520712374,0.627323189922972,2025.17437030894,2025.20127163973,NA,NA,NA
3927,3928,REU.4.4_1,REU.4.5_1,0.0795428726638174,0.654232523651442,0.574689650987624,2025.12173677001,2025.20127964267,NA,NA,NA
5405,5406,REU.4.5_1,REU.4.5_1,0.0722118802360551,0.654233964124832,0.582022083888777,2025.12906920291,2025.20128108315,NA,NA,NA
4177,4178,REU.4.8_1,REU.4.8_1,0.036777645742153,0.654386487617471,0.617608841875318,2025.1646559609,2025.20143360664,NA,NA,NA
4864,4865,REU.2.3_1,REU.2.3_1,0.00185940804683415,0.654554227883237,0.652694819836403,2025.19974193886,2025.2016013469,NA,NA,NA
6118,6119,REU.4.3_1,REU.4.8_1,0.0857273416481246,0.654622559286336,0.568895217638212,2025.11594233666,2025.20166967831,NA,NA,NA
3379,3380,REU.4.3_1,REU.4.8_1,0.0831337443228157,0.654688910083568,0.571555165760752,2025.11860228478,2025.2017360291,NA,NA,NA
4873,4874,REU.3.5_1,REU.3.5_1,0.0253209648828906,0.654850853610317,0.629529888727426,2025.17657700775,2025.20189797263,NA,NA,NA
5728,5729,REU.4.8_1,REU.4.8_1,0.0210135317277498,0.654901481341122,0.633887949613372,2025.18093506863,2025.20194860036,NA,NA,NA
5700,5701,REU.4.3_1,REU.4.3_1,0.0726627188476092,0.654997416417436,0.582334697569827,2025.12938181659,2025.20204453544,NA,NA,NA
5813,5814,REU.4.8_1,REU.4.8_1,0.01313576091175,0.655029677536399,0.641893916624649,2025.18894103565,2025.20207679656,NA,NA,NA
5370,5371,REU.3.4_1,REU.3.4_1,0.0179818174628247,0.655079514789457,0.637097697326633,2025.18414481635,2025.20212663381,NA,NA,NA
4263,4264,REU.2.3_1,REU.2.3_1,0.00648361454031399,0.655093647235833,0.648610032695519,2025.19565715172,2025.20214076626,NA,NA,NA
6059,6060,REU.2.3_1,REU.2.3_1,0.108377769533704,0.655095445259073,0.546717675725369,2025.09376479475,2025.20214256428,NA,NA,NA
5204,5210,REU.2.3_1,REU.2.3_1,0.0520235217965983,0.655242027806332,0.603218506009733,2025.15026562503,2025.20228914683,NA,NA,NA
6034,6037,REU.2.3_1,REU.2.3_1,0.045812524563831,0.655480433835821,0.60966790927199,2025.15671502829,2025.20252755286,NA,NA,NA
3335,3336,REU.4.8_1,REU.4.8_1,0.0230979564709181,0.655517356594177,0.632419400123259,2025.17946651914,2025.20256447562,NA,NA,NA
4245,464,REU.4.3_1,REU.4.8_1,0.155576087193933,0.65569260700638,0.500116519812446,2025.04716363883,2025.20273972603,CHIKV_RUN_S21b92_2025,55.490388,-21.305859
6157,3052,REU.4.6_1,REU.4.6_1,0.101087145440506,0.65569260700638,0.554605461565874,2025.10165258059,2025.20273972603,CHIKV_RUN_S21b82_2025,55.432997,-21.248315
4088,1162,REU.2.3_1,REU.3.5_1,0.0979135339821466,0.65569260700638,0.557779073024233,2025.10482619205,2025.20273972603,CHIKV_RUN_S22b12_2025,55.270787,-21.026406
4939,2695,REU.3.1_1,REU.4.3_1,0.0927022493604472,0.65569260700638,0.562990357645932,2025.11003747667,2025.20273972603,CHIKV_RUN_S21b85_2025,55.517795,-21.254732
3379,1734,REU.4.3_1,REU.4.3_1,0.084137441245627,0.65569260700638,0.571555165760752,2025.11860228478,2025.20273972603,CHIKV_RUN_S20b86_2025,55.520744,-21.268097
4972,1908,REU.3.1_1,REU.3.1_1,0.0836572059661863,0.65569260700638,0.572035401040193,2025.11908252006,2025.20273972603,CHIKV_RUN_S21b91_2025,55.336441,-21.272893
3240,1124,REU.4.3_1,REU.4.3_1,0.0807455428434032,0.65569260700638,0.574947064162976,2025.12199418318,2025.20273972603,CHIKV_RUN_S22b09_2025,55.537784,-21.258087
5017,2577,REU.4.6_1,REU.4.6_1,0.0690222450693652,0.65569260700638,0.586670361937014,2025.13371748096,2025.20273972603,CHIKV_RUN_S20b85_2025,55.435536,-21.257653
4946,2707,REU.4.2_1,REU.4.2_1,0.0555805482081086,0.65569260700638,0.600112058798271,2025.14715917782,2025.20273972603,CHIKV_RUN_S20b24_2025,55.479106,-21.2451
5000,1991,REU.2.3_1,REU.1.3_1,0.0517735665370718,0.655692607006379,0.603919040469308,2025.15096615949,2025.20273972603,CHIKV_RUN_S20b58_2025,55.654996,-20.932423
3685,815,REU.4.3_1,REU.4.3_1,0.0353806210789444,0.655692607006379,0.620311985927435,2025.16735910495,2025.20273972603,CHIKV_RUN_S21b93_2025,55.519407,-21.267386
4235,482,REU.4.8_1,REU.2.1_1,0.0349543246524378,0.65569260700638,0.620738282353942,2025.16778540137,2025.20273972603,CHIKV_RUN_S19b58_2025,55.4112566163266,-21.04474661488
4109,627,REU.4.8_1,REU.3.5_1,0.0346241854890936,0.65569260700638,0.621068421517286,2025.16811554054,2025.20273972603,CHIKV_RUN_S22b07_2025,55.324686,-20.985262
4689,1299,REU.3.5_1,REU.3.5_1,0.0102863228519942,0.65569260700638,0.645406284154386,2025.19245340318,2025.20273972603,CHIKV_RUN_S19b56_2025,55.290102,-21.021219
5140,2243,REU.4.8_1,REU.4.8_1,0.00390103726513669,0.65569260700638,0.651791569741243,2025.19883868876,2025.20273972603,CHIKV_RUN_S21b81_2025,55.534554,-21.315623
4874,1078,REU.3.5_1,REU.3.5_1,0.000841753396062628,0.65569260700638,0.654850853610317,2025.20189797263,2025.20273972603,CHIKV_RUN_S19b54_2025,55.271574,-21.026973
5814,2821,REU.4.8_1,REU.4.8_1,0.000662929469981033,0.65569260700638,0.655029677536399,2025.20207679656,2025.20273972603,CHIKV_RUN_S21b90_2025,55.519889,-21.357469
3362,3363,REU.4.3_1,REU.4.8_1,0.0244398611892009,0.655757702137108,0.631317840947907,2025.17836495997,2025.20280482116,NA,NA,NA
3231,3232,REU.4.3_1,REU.4.8_1,0.0627100044225416,0.655798510290478,0.593088505867936,2025.14013562489,2025.20284562931,NA,NA,NA
5760,5761,REU.4.8_1,REU.4.8_1,0.00243242933446464,0.656019440315552,0.653587010981087,2025.20063413,2025.20306655934,NA,NA,NA
3430,3431,REU.2.3_1,REU.2.3_1,0.0247960049605225,0.656083457728287,0.631287452767764,2025.17833457179,2025.20313057675,NA,NA,NA
4656,4657,REU.4.3_1,REU.2.3_1,0.211648465387468,0.656369321319771,0.444720855932303,2024.99176797495,2025.20341644034,NA,NA,NA
5070,5071,REU.4.3_1,REU.4.8_1,0.0364628881436868,0.656529644408944,0.620066756265257,2025.16711387529,2025.20357676343,NA,NA,NA
3872,3873,REU.4.4_1,REU.4.4_1,0.056965893951465,0.656538262156615,0.59957236820515,2025.14661948723,2025.20358538118,NA,NA,NA
5208,5209,REU.2.3_1,REU.2.3_1,0.0245959344296303,0.656704170358404,0.632108235928774,2025.17915535495,2025.20375128938,NA,NA,NA
4524,4525,REU.2.3_1,REU.2.3_1,0.0425952331324173,0.656947802196807,0.61435256906439,2025.16139968809,2025.20399492122,NA,NA,NA
5562,5563,REU.3.1_1,REU.2.3_1,0.0187735508394381,0.656970962960535,0.638197412121097,2025.18524453114,2025.20401808198,NA,NA,NA
4750,4753,REU.4.5_1,REU.4.5_1,0.0531495439729537,0.65699778215168,0.603848238178726,2025.1508953572,2025.20404490117,NA,NA,NA
5377,5383,REU.4.8_1,REU.4.8_1,0.121115777567448,0.657211443017852,0.536095665450404,2025.08314278447,2025.20425856204,NA,NA,NA
3296,3297,REU.2.3_1,REU.4.8_1,0.0918860970839812,0.657281716456879,0.565395619372898,2025.11244273839,2025.20432883548,NA,NA,NA
3731,3732,REU.4.3_1,REU.4.3_1,0.0306357442453129,0.657379902430355,0.626744158185042,2025.17379127721,2025.20442702145,NA,NA,NA
4926,4927,REU.4.8_1,REU.4.8_1,0.0118943715520569,0.657397478659427,0.645503107107371,2025.19255022613,2025.20444459768,NA,NA,NA
4408,4409,REU.4.3_1,REU.4.3_1,0.0325368766355978,0.657496393686158,0.62495951705056,2025.17200663607,2025.20454351271,NA,NA,NA
6175,6176,REU.4.3_1,REU.4.6_1,0.0810963168978525,0.657560848957768,0.576464532059915,2025.12351165108,2025.20460796798,NA,NA,NA
5814,5815,REU.4.8_1,REU.4.8_1,0.00273325445758632,0.657762931993985,0.655029677536399,2025.20207679656,2025.20481005102,NA,NA,NA
4120,4126,REU.4.3_1,REU.4.3_1,0.0642402357933828,0.657849017989393,0.59360878219601,2025.14065590122,2025.20489613701,NA,NA,NA
6079,6080,REU.2.3_1,REU.2.3_1,0.081206571029031,0.657872219750493,0.576665648721462,2025.12371276774,2025.20491933877,NA,NA,NA
5661,5662,REU.4.8_1,REU.4.5_1,0.0219898840795497,0.658108314494058,0.636118430414508,2025.18316554944,2025.20515543352,NA,NA,NA
3261,3262,REU.4.3_1,REU.4.3_1,0.0765760489119608,0.658214283770916,0.581638234858955,2025.12868535388,2025.20526140279,NA,NA,NA
4854,4855,REU.2.3_1,REU.2.3_1,0.00411442183081201,0.658338942543186,0.654224520712374,2025.20127163973,2025.20538606156,NA,NA,NA
3615,639,REU.4.8_1,REU.3.4_1,0.126636031786589,0.658432333033737,0.531796301247148,2025.07884342027,2025.20547945205,CHIKV_RUN_S20b40_2025,55.288334,-21.179854
4979,2381,REU.3.1_1,REU.1.5_1,0.125964855731571,0.658432333033737,0.532467477302166,2025.07951459632,2025.20547945205,CHIKV_RUN_S23b57_2025,55.825446,-21.160461
3577,1064,REU.4.3_1,REU.4.8_1,0.119924110663583,0.658432333033737,0.538508222370154,2025.08555534139,2025.20547945205,CHIKV_RUN_S21b84_2025,55.51112,-21.338051
3809,839,REU.4.3_1,REU.4.5_1,0.118498062184651,0.658432333033737,0.539934270849086,2025.08698138987,2025.20547945205,CHIKV_RUN_S20b89_2025,55.631708,-21.316831
4479,1626,REU.4.8_1,REU.1.4_1,0.114465901307189,0.658432333033737,0.543966431726548,2025.09101355075,2025.20547945205,CHIKV_RUN_S23b62_2025,55.748666,-21.088386
3622,780,REU.4.8_1,REU.4.8_1,0.111700567791832,0.658432333033737,0.546731765241905,2025.09377888426,2025.20547945205,CHIKV_RUN_S20b93_2025,55.475097,-21.286417
3381,926,REU.4.3_1,REU.4.3_1,0.0923334591190676,0.658432333033737,0.566098873914669,2025.11314599294,2025.20547945205,CHIKV_RUN_S20b53_2025,55.505164,-21.233941
3533,303,REU.4.8_1,REU.2.1_1,0.0901236656367896,0.658432333033737,0.568308667396947,2025.11535578642,2025.20547945205,CHIKV_RUN_S20b41_2025,55.349202,-20.926914
3499,961,REU.2.1_1,REU.2.1_1,0.0821232615725095,0.658432333033737,0.576309071461227,2025.12335619048,2025.20547945205,CHIKV_RUN_S22b13_2025,55.333527,-20.944568
4369,587,REU.4.3_1,REU.4.8_1,0.0793997897121316,0.658432333033737,0.579032543321605,2025.12607966234,2025.20547945205,CHIKV_RUN_S20b88_2025,55.48033,-21.336361
3176,2687,REU.3.5_1,REU.3.5_1,0.0793478497904689,0.658432333033737,0.579084483243268,2025.12613160226,2025.20547945205,CHIKV_RUN_S22b03_2025,55.275771,-21.049194
4996,1980,REU.2.5_1,REU.2.5_1,0.073401850486343,0.658432333033737,0.585030482547394,2025.13207760157,2025.20547945205,CHIKV_RUN_S20b61_2025,55.580446,-20.925973
4986,1983,REU.2.5_1,REU.2.5_1,0.0554485723217895,0.658432333033737,0.602983760711947,2025.15003087973,2025.20547945205,CHIKV_RUN_S20b63_2025,55.580087,-20.926019
4987,1984,REU.2.5_1,REU.2.5_1,0.0535766397659311,0.658432333033737,0.604855693267806,2025.15190281229,2025.20547945205,CHIKV_RUN_S20b64_2025,55.60401,-20.904928
5682,2371,REU.3.4_1,REU.1.4_1,0.0527421611851084,0.658432333033737,0.605690171848629,2025.15273729087,2025.20547945205,CHIKV_RUN_S20b75_2025,55.681691,-21.051248
4929,309,REU.2.3_1,REU.1.5_1,0.0520867657985227,0.658432333033737,0.606345567235214,2025.15339268626,2025.20547945205,CHIKV_RUN_S23b61_2025,55.807465,-21.1391
4089,925,REU.3.5_1,REU.4.2_1,0.0505669267050322,0.658432333033737,0.607865406328705,2025.15491252535,2025.20547945205,CHIKV_RUN_S20b44_2025,55.481192,-21.242388
3880,1234,REU.4.8_1,REU.4.8_1,0.0446963833240559,0.658432333033737,0.613735949709681,2025.16078306873,2025.20547945205,CHIKV_RUN_S20b45_2025,55.547044,-21.316856
4988,1979,REU.2.5_1,REU.2.5_1,0.0446276874389301,0.658432333033737,0.613804645594807,2025.16085176462,2025.20547945205,CHIKV_RUN_S20b71_2025,55.580087,-20.926019
3540,1382,REU.4.8_1,REU.1.5_1,0.0431061150634223,0.658432333033737,0.615326217970315,2025.16237333699,2025.20547945205,CHIKV_RUN_S23b63_2025,55.822143,-21.1597
4256,414,REU.2.3_1,REU.1.4_1,0.0413846956120706,0.658432333033737,0.617047637421666,2025.16409475644,2025.20547945205,CHIKV_RUN_S20b59_2025,55.677842,-21.033315
3414,1717,REU.4.8_1,REU.3.5_1,0.0381815749551133,0.658432333033737,0.620250758078624,2025.1672978771,2025.20547945205,CHIKV_RUN_S20b66_2025,55.328756,-20.992537
5965,2937,REU.4.3_1,REU.2.1_1,0.0366030965762749,0.658432333033737,0.621829236457462,2025.16887635548,2025.20547945205,CHIKV_RUN_S22b02_2025,55.349438,-20.953558
4357,544,REU.4.8_1,REU.4.8_1,0.0354434594168759,0.658432333033737,0.622988873616861,2025.17003599264,2025.20547945205,CHIKV_RUN_S21b89_2025,55.535711,-21.322413
6193,2392,REU.4.8_1,REU.4.1_1,0.0265401280998553,0.658432333033737,0.631892204933882,2025.17893932395,2025.20547945205,CHIKV_RUN_S20b76_2025,55.465028,-21.141487
4079,1167,REU.4.8_1,REU.4.8_1,0.0263902043257859,0.658432333033737,0.632042128707951,2025.17908924773,2025.20547945205,CHIKV_RUN_S21b83_2025,55.487626,-21.348676
5208,29,REU.2.3_1,REU.2.3_1,0.0263240971049632,0.658432333033737,0.632108235928774,2025.17915535495,2025.20547945205,CHIKV_RUN_S21b95_2025,55.489259,-20.899933
5656,2608,REU.2.3_1,REU.1.1_1,0.0247739066915691,0.658432333033737,0.633658426342168,2025.18070554536,2025.20547945205,CHIKV_RUN_S23b59_2025,55.676699,-20.999218
4253,381,REU.2.3_1,REU.4.5_1,0.00875613754619142,0.658432333033737,0.649676195487546,2025.19672331451,2025.20547945205,CHIKV_RUN_S20b54_2025,55.647033,-21.381365
3582,1093,REU.4.8_1,REU.1.4_1,0.00709416451654965,0.658432333033737,0.651338168517187,2025.19838528754,2025.20547945205,CHIKV_RUN_S20b74_2025,55.690182,-21.03149
3873,1212,REU.4.4_1,REU.4.4_1,0.00189407087712201,0.658432333033737,0.656538262156615,2025.20358538118,2025.20547945205,CHIKV_RUN_S20b55_2025,55.566331,-21.353253
6176,2217,REU.4.6_1,REU.4.6_1,0.000871484075969597,0.658432333033737,0.657560848957768,2025.20460796798,2025.20547945205,CHIKV_RUN_S20b92_2025,55.436741,-21.260014
3851,3852,REU.4.8_1,REU.4.8_1,0.0602043299086662,0.658458920786471,0.598254590877804,2025.1453017099,2025.20550603981,NA,NA,NA
3469,3473,REU.2.3_1,REU.2.3_1,0.0388210309510571,0.65857532217473,0.619754291223673,2025.16680141024,2025.2056224412,NA,NA,NA
5570,5571,REU.3.5_1,REU.3.5_1,0.0095736744204945,0.658576317989782,0.649002643569288,2025.19604976259,2025.20562343701,NA,NA,NA
4383,4384,REU.4.3_1,REU.4.3_1,0.0540435929192152,0.658754460070222,0.604710867151007,2025.15175798617,2025.20580157909,NA,NA,NA
5998,5999,REU.3.4_1,REU.1.4_1,0.0300485008596453,0.658814966584845,0.628766465725199,2025.17581358475,2025.20586208561,NA,NA,NA
3373,3374,REU.4.3_1,REU.4.3_1,0.0736954583809551,0.658815887484768,0.585120429103813,2025.13216754812,2025.20586300651,NA,NA,NA
4382,4385,REU.4.3_1,REU.2.3_1,0.0674943644562883,0.658995922759826,0.591501558303537,2025.13854867732,2025.20604304178,NA,NA,NA
5826,5828,REU.4.6_1,REU.4.6_1,0.0214437496838283,0.659016917383625,0.637573167699796,2025.18462028672,2025.2060640364,NA,NA,NA
5339,5340,REU.3.4_1,REU.3.4_1,0.123433316034239,0.65908110660667,0.535647790572431,2025.08269490959,2025.20612822563,NA,NA,NA
3453,3454,REU.2.3_1,REU.2.3_1,0.0480099146650981,0.659089901571122,0.611079986906024,2025.15812710593,2025.20613702059,NA,NA,NA
3928,3929,REU.4.5_1,REU.4.5_1,0.00489671671115621,0.659129240362598,0.654232523651442,2025.20127964267,2025.20617635938,NA,NA,NA
3428,3432,REU.2.3_1,REU.2.3_1,0.0476433919781761,0.659332078901686,0.61168868692351,2025.15873580594,2025.20637919792,NA,NA,NA
4444,4446,REU.4.8_1,REU.4.3_1,0.0281900479281888,0.659377709418455,0.631187661490266,2025.17823478051,2025.20642482844,NA,NA,NA
6029,6030,REU.2.3_1,REU.2.3_1,0.0996863592759342,0.659622504696004,0.55993614542007,2025.10698326444,2025.20666962372,NA,NA,NA
4831,4832,REU.4.8_1,REU.4.8_1,0.0398798622699883,0.65966444918375,0.619784586913762,2025.16683170593,2025.2067115682,NA,NA,NA
3458,3459,REU.2.3_1,REU.2.3_1,0.0265172607993986,0.659856325286409,0.63333906448701,2025.18038618351,2025.20690344431,NA,NA,NA
3467,3468,REU.2.3_1,REU.2.3_1,0.0633398686156438,0.659969736700478,0.596629868084835,2025.14367698711,2025.20701685572,NA,NA,NA
5185,5186,REU.3.5_1,REU.3.5_1,0.0565041459920984,0.660511490258718,0.604007344266619,2025.15105446329,2025.20755860928,NA,NA,NA
5286,5290,REU.4.5_1,REU.4.5_1,0.173668035097029,0.66054391014229,0.486875875045261,2025.03392299407,2025.20759102916,NA,NA,NA
5754,5755,REU.4.8_1,REU.4.8_1,0.0400608603272153,0.660662725706848,0.620601865379632,2025.1676489844,2025.20770984473,NA,NA,NA
3944,3945,REU.4.8_1,REU.4.8_1,0.0211443767440074,0.660804696914021,0.639660320170013,2025.18670743919,2025.20785181594,NA,NA,NA
5145,5146,REU.4.3_1,REU.4.3_1,0.117571723785319,0.660829092047258,0.543257368261939,2025.09030448728,2025.20787621107,NA,NA,NA
3703,3704,REU.4.3_1,REU.4.3_1,0.0326561954664545,0.660875835159894,0.628219639693439,2025.17526675871,2025.20792295418,NA,NA,NA
6007,6008,REU.2.3_1,REU.2.3_1,0.072965163649554,0.66088951014103,0.587924346491476,2025.13497146551,2025.20793662916,NA,NA,NA
5151,5152,REU.4.8_1,REU.4.8_1,0.0352430722904555,0.660894042594151,0.625650970303695,2025.17269808932,2025.20794116162,NA,NA,NA
3177,3178,REU.3.5_1,REU.3.5_1,0.0816919348640306,0.661113151644292,0.579421216780261,2025.1264683358,2025.20816027067,NA,NA,NA
5462,2162,REU.3.1_1,REU.4.6_1,0.165253048789484,0.661172059061094,0.49591901027161,2025.04296612929,2025.20821917808,CHIKV_RUN_S20b50_2025,55.433162,-21.278064
4875,1040,REU.4.3_1,REU.1.4_1,0.148882556469353,0.661172059061094,0.512289502591741,2025.05933662161,2025.20821917808,CHIKV_RUN_S23b54_2025,55.737814,-21.091369
6179,2161,REU.4.3_1,REU.4.3_1,0.143783291497501,0.661172059061094,0.517388767563594,2025.06443588658,2025.20821917808,CHIKV_RUN_S22b24_2025,55.510209,-21.280397
5811,2820,REU.4.8_1,REU.1.3_1,0.134052377071012,0.661172059061094,0.527119681990083,2025.07416680101,2025.20821917808,CHIKV_RUN_S20b42_2025,55.647533,-20.932677
4215,411,REU.4.3_1,REU.4.3_1,0.126735251954358,0.661172059061094,0.534436807106736,2025.08148392613,2025.20821917808,CHIKV_RUN_S22b40_2025,55.51795,-21.294785
4439,152,REU.3.5_1,REU.2.3_1,0.116275292936541,0.661172059061094,0.544896766124554,2025.09194388515,2025.20821917808,CHIKV_RUN_S21b07_2025,55.460338,-20.886165
4686,934,REU.4.8_1,REU.2.1_1,0.0925799070527985,0.661172059061094,0.568592152008296,2025.11563927103,2025.20821917808,CHIKV_RUN_S20b47_2025,55.340997,-20.937638
5354,2469,REU.4.6_1,REU.4.8_1,0.0885752676249323,0.661172059061094,0.572596791436162,2025.11964391046,2025.20821917808,CHIKV_RUN_S20b43_2025,55.4906,-21.329232
5723,2787,REU.4.8_1,REU.4.2_1,0.087668371652265,0.661172059061094,0.573503687408829,2025.12055080643,2025.20821917808,CHIKV_RUN_S22b39_2025,55.496612,-21.240339
3788,686,REU.4.8_1,REU.4.8_1,0.0817546661243841,0.661172059061094,0.57941739293671,2025.12646451196,2025.20821917808,CHIKV_RUN_S22b31_2025,55.487036,-21.342299
3924,1206,REU.4.8_1,REU.4.4_1,0.0783763379713746,0.661172059061094,0.58279572108972,2025.12984284011,2025.20821917808,CHIKV_RUN_S22b32_2025,55.561763,-21.337337
3246,1118,REU.4.3_1,REU.4.4_1,0.077860075732801,0.661172059061094,0.583311983328293,2025.13035910235,2025.20821917808,CHIKV_RUN_S22b38_2025,55.571442,-21.319214
4725,200,REU.4.5_1,REU.4.5_1,0.0767966665241143,0.661172059061094,0.58437539253698,2025.13142251156,2025.20821917808,CHIKV_RUN_S22b30_2025,55.658339,-21.356015
4801,92,REU.4.8_1,REU.3.3_1,0.0709473861882604,0.661172059061094,0.590224672872834,2025.13727179189,2025.20821917808,CHIKV_RUN_S20b65_2025,55.286864,-21.111585
5058,2165,REU.2.3_1,REU.1.3_1,0.0631758000024542,0.661172059061094,0.59799625905864,2025.14504337808,2025.20821917808,CHIKV_RUN_S23b60_2025,55.691819,-20.965765
4946,2708,REU.4.2_1,REU.4.2_1,0.0610600002628234,0.661172059061094,0.600112058798271,2025.14715917782,2025.20821917808,CHIKV_RUN_S20b39_2025,55.465985,-21.255257
5086,2034,REU.3.1_1,REU.4.8_1,0.0610002597041717,0.661172059061094,0.600171799356923,2025.14721891838,2025.20821917808,CHIKV_RUN_S22b82_2025,55.483579,-21.346509
3979,902,REU.3.5_1,REU.3.5_1,0.0569797095610138,0.661172059061094,0.60419234950008,2025.15123946852,2025.20821917808,CHIKV_RUN_S22b55_2025,55.282476,-21.032773
6212,3041,REU.4.8_1,REU.4.8_1,0.0543770523110761,0.661172059061094,0.606795006750018,2025.15384212577,2025.20821917808,CHIKV_RUN_S20b51_2025,55.49073,-21.34553
4089,1583,REU.3.5_1,REU.3.5_1,0.0533066527323895,0.661172059061094,0.607865406328705,2025.15491252535,2025.20821917808,CHIKV_RUN_S22b56_2025,55.254996,-21.070169
4432,145,REU.2.3_1,REU.3.5_1,0.0532323198043938,0.661172059061094,0.6079397392567,2025.15498685828,2025.20821917808,CHIKV_RUN_S22b47_2025,55.28848,-21.027908
3129,2507,REU.3.1_1,REU.3.4_1,0.0520747352937491,0.661172059061094,0.609097323767345,2025.15614444279,2025.20821917808,CHIKV_RUN_S22b44_2025,55.301143,-21.224126
5779,2537,REU.2.3_1,REU.1.1_1,0.0516985278892919,0.661172059061094,0.609473531171802,2025.15652065019,2025.20821917808,CHIKV_RUN_S37b69_2025,55.694698,-20.970791
3166,1823,REU.3.4_1,REU.3.4_1,0.0497752278573772,0.661172059061094,0.611396831203717,2025.15844395022,2025.20821917808,CHIKV_RUN_S22b85_2025,55.30063,-21.143952
3605,937,REU.4.3_1,REU.4.3_1,0.0461430011352031,0.661172059061094,0.615029057925891,2025.16207617695,2025.20821917808,CHIKV_RUN_S22b49_2025,55.504713,-21.279589
4501,1279,REU.4.8_1,REU.4.8_1,0.0398117710561398,0.661172059061094,0.621360288004955,2025.16840740703,2025.20821917808,CHIKV_RUN_S21b05_2025,55.506893,-21.288194
4185,1355,REU.4.5_1,REU.4.5_1,0.0392426821253089,0.661172059061094,0.621929376935785,2025.16897649596,2025.20821917808,CHIKV_RUN_S20b49_2025,55.649742,-21.383587
4352,546,REU.4.3_1,REU.4.3_1,0.0324062271283112,0.661172059061094,0.628765831932783,2025.17581295095,2025.20821917808,CHIKV_RUN_S21b03_2025,55.52977,-21.284634
5606,2485,REU.3.5_1,REU.3.5_1,0.0320088287290937,0.661172059061094,0.629163230332001,2025.17621034935,2025.20821917808,CHIKV_RUN_S22b42_2025,55.276167,-21.039355
4632,1494,REU.4.3_1,REU.4.8_1,0.0289030015882515,0.661172059061094,0.632269057472843,2025.17931617649,2025.20821917808,CHIKV_RUN_S20b57_2025,55.483212,-21.341105
5193,42,REU.2.3_1,REU.2.3_1,0.0274803989242878,0.661172059061094,0.633691660136807,2025.18073877916,2025.20821917808,CHIKV_RUN_S21b06_2025,55.489016,-20.899314
4509,626,REU.4.8_1,REU.4.5_1,0.0174170966802261,0.661172059061095,0.643754962380868,2025.1908020814,2025.20821917808,CHIKV_RUN_S22b37_2025,55.662949,-21.336795
6188,2235,REU.3.5_1,REU.3.5_1,0.014929797575838,0.661172059061094,0.646242261485256,2025.19328938051,2025.20821917808,CHIKV_RUN_S22b86_2025,55.331919,-20.995294
4183,1638,REU.4.8_1,REU.4.5_1,0.0112698881681184,0.661172059061094,0.649902170892976,2025.19694928991,2025.20821917808,CHIKV_RUN_S22b57_2025,55.607058,-21.327605
5668,2617,REU.3.5_1,REU.2.3_1,0.0110392497532228,0.661172059061094,0.650132809307872,2025.19717992833,2025.20821917808,CHIKV_RUN_S37b43_2025,55.448067,-20.885594
5868,2305,REU.2.3_1,REU.1.4_1,0.00878222201252299,0.661172059061094,0.652389837048571,2025.19943695607,2025.20821917808,CHIKV_RUN_S23b58_2025,55.699835,-21.056736
3937,3938,REU.4.4_1,REU.4.4_1,0.0696021075561969,0.661551386944898,0.591949279388701,2025.13899639841,2025.20859850597,NA,NA,NA
3966,3968,REU.4.3_1,REU.4.8_1,0.0490600368349545,0.661706370145031,0.612646333310077,2025.15969345233,2025.20875348917,NA,NA,NA
4657,4658,REU.2.3_1,REU.2.3_1,0.00539519781090447,0.661764519130675,0.656369321319771,2025.20341644034,2025.20881163815,NA,NA,NA
4660,4669,REU.4.3_1,REU.3.5_1,0.146664424988955,0.661782917969262,0.515118492980307,2025.062165612,2025.20883003699,NA,NA,NA
4701,4702,REU.4.8_1,REU.4.8_1,0.0171374104481912,0.661860768299655,0.644723357851464,2025.19177047687,2025.20890788732,NA,NA,NA
5625,5626,REU.4.8_1,REU.4.8_1,0.0487348748789348,0.662001508607123,0.613266633728188,2025.16031375275,2025.20904862763,NA,NA,NA
5250,5251,REU.4.8_1,REU.2.3_1,0.0304303341890699,0.662103386199861,0.631673052010791,2025.17872017103,2025.20915050522,NA,NA,NA
5365,5366,REU.3.4_1,REU.3.4_1,0.0539239538822716,0.662201594758034,0.608277640875763,2025.1553247599,2025.20924871378,NA,NA,NA
4277,4278,REU.4.3_1,REU.2.3_1,0.0317585131423725,0.662251644309643,0.630493131167271,2025.17754025019,2025.20929876333,NA,NA,NA
4619,4620,REU.4.8_1,REU.4.8_1,0.0225639930823124,0.662265072196807,0.639701079114495,2025.18674819814,2025.20931219122,NA,NA,NA
3241,3242,REU.4.3_1,REU.3.5_1,0.0747224764766313,0.662455698110858,0.587733221634226,2025.13478034066,2025.20950281713,NA,NA,NA
4586,4589,REU.4.8_1,REU.4.8_1,0.0629784574842104,0.66261709645277,0.59963863896856,2025.14668575799,2025.20966421547,NA,NA,NA
5868,5869,REU.2.3_1,REU.2.3_1,0.0104208697391174,0.662810706787689,0.652389837048571,2025.19943695607,2025.20985782581,NA,NA,NA
3607,3608,REU.4.3_1,REU.4.3_1,0.0124164264922333,0.662824018905838,0.650407592413605,2025.19745471143,2025.20987113793,NA,NA,NA
3262,3264,REU.4.3_1,REU.4.3_1,0.00471795721492441,0.66293224098584,0.658214283770916,2025.20526140279,2025.20997936001,NA,NA,NA
4790,4791,REU.4.8_1,REU.2.3_1,0.0140535894335435,0.662989285260893,0.648935695827349,2025.19598281485,2025.21003640428,NA,NA,NA
6127,6128,REU.4.3_1,REU.4.3_1,0.204224505910162,0.66333331405232,0.459108808142158,2025.00615592716,2025.21038043307,NA,NA,NA
5198,5199,REU.2.3_1,REU.2.3_1,0.111908280272823,0.663352993978639,0.551444713705815,2025.09849183273,2025.210400113,NA,NA,NA
3959,3960,REU.2.2_1,REU.2.2_1,0.0221746409437449,0.66370994563129,0.641535304687545,2025.18858242371,2025.21075706465,NA,NA,NA
5858,2298,REU.3.1_1,REU.4.8_1,0.125181600400599,0.663911785088679,0.53873018468808,2025.08577730371,2025.21095890411,CHIKV_RUN_S23b20_2025,55.466623,-21.336278
5635,1860,REU.3.4_1,REU.3.4_1,0.105618952362618,0.663911785088679,0.558292832726061,2025.10533995175,2025.21095890411,CHIKV_RUN_S23b30_2025,55.293321,-21.174399
3185,2718,REU.3.1_1,REU.4.6_1,0.0921163248252016,0.663911785088679,0.571795460263477,2025.11884257928,2025.21095890411,CHIKV_RUN_S22b41_2025,55.422013,-21.27309
5613,3048,REU.3.1_1,REU.3.2_1,0.0881927097662418,0.663911785088679,0.575719075322437,2025.12276619434,2025.21095890411,CHIKV_RUN_S22b46_2025,55.336202,-21.236034
4349,513,REU.4.3_1,REU.4.3_1,0.0757422109788709,0.663911785088679,0.588169574109808,2025.13521669313,2025.21095890411,CHIKV_RUN_S23b14_2025,55.515973,-21.272801
5187,12,REU.3.5_1,REU.3.5_1,0.0714468101925452,0.663911785088679,0.592464974896134,2025.13951209392,2025.21095890411,CHIKV_RUN_S22b50_2025,55.233382,-21.091761
4534,1428,REU.4.4_1,REU.4.4_1,0.0698624466820177,0.663911785088679,0.594049338406661,2025.14109645743,2025.21095890411,CHIKV_RUN_S22b35_2025,55.555127,-21.369235
6212,3042,REU.4.8_1,REU.4.8_1,0.0571167783386609,0.663911785088679,0.606795006750018,2025.15384212577,2025.21095890411,CHIKV_RUN_S23b19_2025,55.49073,-21.34553
3453,1014,REU.2.3_1,REU.2.3_1,0.0528317981826556,0.663911785088679,0.611079986906024,2025.15812710593,2025.21095890411,CHIKV_RUN_S22b92_2025,55.451244,-20.891925
3282,332,REU.2.3_1,REU.2.3_1,0.0498268252233529,0.663911785088679,0.614084959865326,2025.16113207889,2025.21095890411,CHIKV_RUN_S22b45_2025,55.448194,-20.892832
3189,1817,REU.3.5_1,REU.3.5_1,0.0485347713815061,0.663911785088679,0.615377013707173,2025.16242413273,2025.21095890411,CHIKV_RUN_S21b01_2025,55.31327,-21.036733
3856,1188,REU.4.8_1,REU.4.8_1,0.0475277779907823,0.663911785088679,0.616384007097897,2025.16343112612,2025.21095890411,CHIKV_RUN_S22b43_2025,55.463335,-21.340704
5262,2056,REU.4.5_1,REU.4.5_1,0.0371212741515682,0.663911785088679,0.626790510937111,2025.17383762996,2025.21095890411,CHIKV_RUN_S23b33_2025,55.60637,-21.368868
4230,396,REU.2.3_1,REU.2.3_1,0.0344611257265401,0.663911785088679,0.629450659362139,2025.17649777838,2025.21095890411,CHIKV_RUN_S22b83_2025,55.494269,-20.931237
3785,682,REU.4.3_1,REU.4.3_1,0.0296758431848394,0.663911785088679,0.63423594190384,2025.18128306092,2025.21095890411,CHIKV_RUN_S23b28_2025,55.510987,-21.24052
5305,2134,REU.4.5_1,REU.4.5_1,0.0271659898292445,0.663911785088679,0.636745795259435,2025.18379291428,2025.21095890411,CHIKV_RUN_S23b23_2025,55.606155,-21.319362
3687,700,REU.4.3_1,REU.4.4_1,0.0269627788491121,0.663911785088679,0.636949006239567,2025.18399612526,2025.21095890411,CHIKV_RUN_S22b77_2025,55.566667,-21.351024
6106,894,REU.3.1_1,REU.3.2_1,0.0260711975842159,0.663911785088679,0.637840587504463,2025.18488770653,2025.21095890411,CHIKV_RUN_S22b36_2025,55.333805,-21.244043
3191,3062,REU.2.2_1,REU.2.2_1,0.0172114831076702,0.663911785088679,0.646700301981009,2025.193747421,2025.21095890411,CHIKV_RUN_S37b67_2025,55.305794,-20.935071
4843,873,REU.4.4_1,REU.4.4_1,0.0159236896257235,0.663911785088679,0.647988095462956,2025.19503521448,2025.21095890411,CHIKV_RUN_S22b84_2025,55.575885,-21.368512
3569,1083,REU.4.8_1,REU.4.8_1,0.0151214702902656,0.663911785088679,0.648790314798414,2025.19583743382,2025.21095890411,CHIKV_RUN_S23b25_2025,55.500169,-21.278358
3591,2620,REU.3.5_1,REU.3.5_1,0.0139291234658744,0.663911785088679,0.649982661622805,2025.19702978064,2025.21095890411,CHIKV_RUN_S23b32_2025,55.325596,-20.986421
5210,47,REU.2.3_1,REU.2.3_1,0.00866975728234765,0.663911785088679,0.655242027806332,2025.20228914683,2025.21095890411,CHIKV_RUN_S22b91_2025,55.493556,-20.903809
4468,4469,REU.2.3_1,REU.2.3_1,0.0389461810151953,0.664240282575888,0.625294101560692,2025.17234122058,2025.2112874016,NA,NA,NA
5124,5125,REU.4.8_1,REU.4.8_1,0.0718658971415064,0.664315772954529,0.592449875813022,2025.13949699483,2025.21136289198,NA,NA,NA
6008,6009,REU.2.3_1,REU.2.3_1,0.00373004316647352,0.664619553307504,0.66088951014103,2025.20793662916,2025.21166667233,NA,NA,NA
3695,3696,REU.4.3_1,REU.4.3_1,0.0711758825861661,0.664815754058564,0.593639871472397,2025.14068699049,2025.21186287308,NA,NA,NA
4052,4053,REU.4.3_1,REU.3.5_1,0.0238944399056171,0.664825902517928,0.640931462612311,2025.18797858163,2025.21187302154,NA,NA,NA
4050,4051,REU.4.3_1,REU.2.3_1,0.0302733974750325,0.664871995355239,0.634598597880206,2025.1816457169,2025.21191911438,NA,NA,NA
4734,4735,REU.2.3_1,REU.2.3_1,0.0137931949574355,0.664913040232007,0.651119845274572,2025.1981669643,2025.21196015925,NA,NA,NA
4399,4400,REU.3.1_1,REU.3.1_1,0.0220619005551458,0.665128551657278,0.643066651102132,2025.19011377012,2025.21217567068,NA,NA,NA
5460,5461,REU.2.3_1,REU.2.3_1,0.0470134917471767,0.66515146250623,0.618137970759054,2025.16518508978,2025.21219858153,NA,NA,NA
5022,5023,REU.3.1_1,REU.4.8_1,0.029287944585779,0.665367361651109,0.63607941706533,2025.18312653609,2025.21241448067,NA,NA,NA
5211,5212,REU.2.3_1,REU.2.3_1,0.0742227496708905,0.665597572930043,0.591374823259152,2025.13842194228,2025.21264469195,NA,NA,NA
4106,4145,REU.4.3_1,REU.4.5_1,0.171222177815362,0.665722148843404,0.494499971028042,2025.04154709005,2025.21276926786,NA,NA,NA
4857,4858,REU.2.3_1,REU.2.3_1,0.0799281027432883,0.666086269228999,0.58615816648571,2025.13320528551,2025.21313338825,NA,NA,NA
5239,5240,REU.4.5_1,REU.4.5_1,0.105519473291079,0.666354928441958,0.560835455150879,2025.10788257417,2025.21340204746,NA,NA,NA
5705,5706,REU.2.3_1,REU.2.3_1,0.0259900082421407,0.66637029878684,0.6403802905447,2025.18742740957,2025.21341741781,NA,NA,NA
3427,3434,REU.2.3_1,REU.2.3_1,0.0559467745583194,0.666487595073789,0.610540820515469,2025.15758793954,2025.21353471409,NA,NA,NA
6184,6185,REU.3.5_1,REU.3.5_1,0.0336247898800439,0.666507577424975,0.632882787544931,2025.17992990657,2025.21355469645,NA,NA,NA
4313,4314,REU.4.8_1,REU.4.8_1,0.0466430394032253,0.666593748661946,0.61995070925872,2025.16699782828,2025.21364086768,NA,NA,NA
5385,2401,REU.3.4_1,REU.3.4_1,0.152897537245158,0.666651511116036,0.513753973870879,2025.06080109289,2025.21369863014,CHIKV_RUN_S23b31_2025,55.28805,-21.174843
4115,1320,REU.4.3_1,REU.2.3_1,0.129581927902194,0.666651511116036,0.537069583213843,2025.08411670223,2025.21369863014,CHIKV_RUN_S23b84_2025,55.458542,-20.892529
3719,694,REU.4.3_1,REU.4.3_1,0.129273895858526,0.666651511116036,0.537377615257511,2025.08442473428,2025.21369863014,CHIKV_RUN_S25b14_2025,55.508427,-21.27015
5227,2069,REU.4.5_1,REU.4.5_1,0.106709702463938,0.666651511116036,0.559941808652099,2025.10698892767,2025.21369863014,CHIKV_RUN_S23b64_2025,55.631304,-21.377943
3510,1318,REU.4.8_1,REU.4.8_1,0.089547651058492,0.666651511116036,0.577103860057544,2025.12415097908,2025.21369863014,CHIKV_RUN_S23b40_2025,55.511703,-21.346504
3155,1929,REU.4.3_1,REU.3.5_1,0.0815976746540082,0.666651511116037,0.585053836462028,2025.13210095548,2025.21369863014,CHIKV_RUN_S22b70_2025,55.217447,-21.041226
6018,2884,REU.2.3_1,REU.2.4_1,0.0738810030959728,0.666651511116036,0.592770508020064,2025.13981762704,2025.21369863014,CHIKV_RUN_S25b13_2025,55.528115,-20.940848
5848,1902,REU.4.6_1,REU.3.4_1,0.073777338903418,0.666651511116036,0.592874172212619,2025.13992129123,2025.21369863014,CHIKV_RUN_S23b75_2025,55.328133,-21.175727
4377,533,REU.4.3_1,REU.4.8_1,0.0737689541679902,0.666651511116036,0.592882556948046,2025.13992967597,2025.21369863014,CHIKV_RUN_S25b22_2025,55.481721,-21.28812
4608,1516,REU.4.8_1,REU.4.2_1,0.0694366703029102,0.666651511116036,0.597214840813126,2025.14426195983,2025.21369863014,CHIKV_RUN_S26b38_2025,55.471311,-21.236192
3964,1614,REU.4.3_1,REU.3.5_1,0.0674494869395004,0.666651511116036,0.599202024176536,2025.1462491432,2025.21369863014,CHIKV_RUN_S25b03_2025,55.254356,-21.069668
3804,856,REU.4.3_1,REU.4.3_1,0.0669301784919141,0.666651511116036,0.599721332624122,2025.14676845165,2025.21369863014,CHIKV_RUN_S25b12_2025,55.518411,-21.239174
3413,1469,REU.4.8_1,REU.4.8_1,0.0591705529505744,0.666651511116036,0.607480958165462,2025.15452807719,2025.21369863014,CHIKV_RUN_S23b76_2025,55.511978,-21.34459
3683,657,REU.4.8_1,REU.4.8_1,0.0576126672413908,0.666651511116036,0.609038843874646,2025.1560859629,2025.21369863014,CHIKV_RUN_S23b70_2025,55.476658,-21.336333
4266,463,REU.4.8_1,REU.4.8_1,0.0561122634605105,0.666651511116036,0.610539247655526,2025.15758636668,2025.21369863014,CHIKV_RUN_S23b83_2025,55.513819,-21.354614
5233,2089,REU.4.5_1,REU.4.5_1,0.0515754956418367,0.666651511116037,0.6150760154742,2025.1621231345,2025.21369863014,CHIKV_RUN_S25b15_2025,55.628747,-21.340216
4152,1317,REU.4.3_1,REU.3.5_1,0.0508709594927093,0.666651511116036,0.615780551623327,2025.16282767064,2025.21369863014,CHIKV_RUN_S23b93_2025,55.260696,-21.072808
3230,1669,REU.4.3_1,REU.1.4_1,0.0463264376151594,0.666651511116036,0.620325073500877,2025.16737219252,2025.21369863014,CHIKV_RUN_S27b33_2025,55.701799,-21.091119
4649,1532,REU.4.3_1,REU.4.3_1,0.0439444242638617,0.666651511116036,0.622707086852175,2025.16975420587,2025.21369863014,CHIKV_RUN_S23b81_2025,55.520982,-21.259176
4232,424,REU.2.3_1,REU.4.5_1,0.0316508380866701,0.666651511116036,0.635000673029366,2025.18204779205,2025.21369863014,CHIKV_RUN_S23b39_2025,55.631574,-21.373996
3654,765,REU.4.6_1,REU.4.6_1,0.0308508732579311,0.666651511116036,0.635800637858105,2025.18284775688,2025.21369863014,CHIKV_RUN_S23b29_2025,55.424692,-21.262921
4414,568,REU.4.3_1,REU.3.1_1,0.0277459260635013,0.666651511116036,0.638905585052535,2025.18595270407,2025.21369863014,CHIKV_RUN_S25b18_2025,55.381132,-21.264023
3301,330,REU.2.3_1,REU.2.3_1,0.0272527686733079,0.666651511116036,0.639398742442728,2025.18644586146,2025.21369863014,CHIKV_RUN_S23b26_2025,55.456567,-20.885699
5849,1833,REU.4.6_1,REU.4.6_1,0.0235186838151773,0.666651511116036,0.643132827300859,2025.19017994632,2025.21369863014,CHIKV_RUN_S23b71_2025,55.433541,-21.273209
3191,3061,REU.2.2_1,REU.2.2_1,0.0199512091350276,0.666651511116036,0.646700301981009,2025.193747421,2025.21369863014,CHIKV_RUN_S23b88_2025,55.306278,-20.935837
4158,1729,REU.4.8_1,REU.4.8_1,0.0183012347510846,0.666651511116036,0.648350276364952,2025.19539739539,2025.21369863014,CHIKV_RUN_S23b87_2025,55.459303,-21.338147
5279,2092,REU.4.5_1,REU.4.5_1,0.0169505511616235,0.666651511116036,0.649700959954413,2025.19674807898,2025.21369863014,CHIKV_RUN_S23b21_2025,55.595952,-21.375777
3591,2621,REU.3.5_1,REU.3.5_1,0.0166688494932318,0.666651511116036,0.649982661622805,2025.19702978064,2025.21369863014,CHIKV_RUN_S23b91_2025,55.325033,-20.986728
5690,2370,REU.3.1_1,REU.4.8_1,0.0153636820074639,0.666651511116036,0.651287829108573,2025.19833494813,2025.21369863014,CHIKV_RUN_S23b78_2025,55.50099,-21.279748
6119,2181,REU.4.8_1,REU.4.8_1,0.0120289518297003,0.666651511116037,0.654622559286336,2025.20166967831,2025.21369863014,CHIKV_RUN_S23b24_2025,55.49928,-21.292395
5701,2556,REU.4.3_1,REU.4.8_1,0.0116540946986,0.666651511116036,0.654997416417436,2025.20204453544,2025.21369863014,CHIKV_RUN_S23b79_2025,55.486291,-21.289026
3363,267,REU.4.8_1,REU.2.1_1,0.0108938089789283,0.666651511116036,0.655757702137108,2025.20280482116,2025.21369863014,CHIKV_RUN_S25b21_2025,55.363102,-20.972407
5340,2426,REU.3.4_1,REU.3.4_1,0.00757040450936652,0.666651511116036,0.65908110660667,2025.20612822563,2025.21369863014,CHIKV_RUN_S25b20_2025,55.300914,-21.143423
3432,995,REU.2.3_1,REU.2.3_1,0.00731943221435083,0.666651511116037,0.659332078901686,2025.20637919792,2025.21369863014,CHIKV_RUN_S23b22_2025,55.449395,-20.923345
5186,9,REU.3.5_1,REU.2.4_1,0.0061400208573188,0.666651511116036,0.660511490258718,2025.20755860928,2025.21369863014,CHIKV_RUN_S27b34_2025,55.543255,-20.899383
3178,1928,REU.3.5_1,REU.3.5_1,0.00553835947174441,0.666651511116036,0.661113151644292,2025.20816027067,2025.21369863014,CHIKV_RUN_S23b68_2025,55.265502,-21.027634
6169,6170,REU.4.8_1,REU.4.8_1,0.0434087555389833,0.666686376837314,0.623277621298331,2025.17032474032,2025.21373349586,NA,NA,NA
4378,4379,REU.4.3_1,REU.4.8_1,0.113959221718235,0.666762630539972,0.552803408821738,2025.09985052784,2025.21380974956,NA,NA,NA
3634,3635,REU.4.8_1,REU.4.8_1,0.0228646711280385,0.666809862677598,0.64394519154956,2025.19099231057,2025.2138569817,NA,NA,NA
5960,5961,REU.3.4_1,REU.4.6_1,0.0858484215395688,0.66697919498343,0.581130773443861,2025.12817789246,2025.214026314,NA,NA,NA
3732,3733,REU.4.3_1,REU.4.3_1,0.00983660236563555,0.66721650479599,0.657379902430355,2025.20442702145,2025.21426362382,NA,NA,NA
5685,5686,REU.3.1_1,REU.3.1_1,0.0454340308555006,0.667268976466548,0.621834945611047,2025.16888206463,2025.21431609549,NA,NA,NA
3129,3130,REU.3.1_1,REU.2.3_1,0.059028743284548,0.668126067051893,0.609097323767345,2025.15614444279,2025.21517318607,NA,NA,NA
6097,6099,REU.4.3_1,REU.4.3_1,0.0599092174749135,0.668141347279531,0.608232129804617,2025.15527924883,2025.2151884663,NA,NA,NA
4926,4928,REU.4.8_1,REU.4.8_1,0.0226952643703838,0.668198371477754,0.645503107107371,2025.19255022613,2025.2152454905,NA,NA,NA
5606,5607,REU.3.5_1,REU.3.5_1,0.0395106742503838,0.668673904582384,0.629163230332001,2025.17621034935,2025.2157210236,NA,NA,NA
3725,3726,REU.4.8_1,REU.4.8_1,0.0994877211722537,0.668699634806286,0.569211913634032,2025.11625903266,2025.21574675383,NA,NA,NA
4086,4087,REU.2.3_1,REU.4.5_1,0.116084125379252,0.668760942385255,0.552676817006003,2025.09972393603,2025.21580806141,NA,NA,NA
6097,6098,REU.4.3_1,REU.4.8_1,0.060762176943254,0.668994306747871,0.608232129804617,2025.15527924883,2025.21604142577,NA,NA,NA
3821,3822,REU.4.3_1,REU.2.3_1,0.043453757741897,0.669049845200566,0.62559608745867,2025.17264320648,2025.21609696422,NA,NA,NA
4065,4066,REU.4.3_1,REU.4.3_1,0.081793017524113,0.669093695001292,0.587300677477179,2025.1343477965,2025.21614081402,NA,NA,NA
5852,5853,REU.4.8_1,REU.4.8_1,0.0395641973477177,0.669231182671484,0.629666985323766,2025.17671410434,2025.21627830169,NA,NA,NA
4828,4829,REU.4.3_1,REU.4.8_1,0.133931155313247,0.669263288588306,0.535332133275059,2025.0823792523,2025.21631040761,NA,NA,NA
4421,125,REU.4.6_1,REU.2.1_1,0.166459875235256,0.669391237143394,0.502931361908138,2025.04997848093,2025.21643835616,CHIKV_RUN_S23b95_2025,55.363033,-20.92692
4080,2007,REU.4.8_1,REU.3.3_1,0.136976848630248,0.669391237143394,0.532414388513146,2025.07946150753,2025.21643835616,CHIKV_RUN_S26b53_2025,55.29332,-21.107328
5255,2047,REU.4.8_1,REU.4.8_1,0.117586287768274,0.669391237143394,0.55180494937512,2025.0988520684,2025.21643835616,CHIKV_RUN_S25b94_2025,55.4769,-21.325136
5581,3077,REU.4.6_1,REU.4.6_1,0.104531732058116,0.669391237143394,0.564859505085277,2025.11190662411,2025.21643835616,CHIKV_RUN_S25b49_2025,55.443077,-21.228099
3378,301,REU.4.3_1,REU.4.3_1,0.10073135981411,0.669391237143394,0.568659877329284,2025.11570699635,2025.21643835616,CHIKV_RUN_S25b54_2025,55.58237,-21.195928
6189,1965,REU.4.8_1,REU.2.3_1,0.0907138386235142,0.669391237143394,0.57867739851988,2025.12572451754,2025.21643835616,CHIKV_RUN_S25b25_2025,55.494331,-20.923056
4133,1705,REU.4.3_1,REU.4.3_1,0.0887264566745579,0.669391237143394,0.580664780468836,2025.12771189949,2025.21643835616,CHIKV_RUN_S23b86_2025,55.526244,-21.266649
5333,2416,REU.4.3_1,REU.4.3_1,0.0861450048921324,0.669391237143394,0.583246232251261,2025.13029335127,2025.21643835616,CHIKV_RUN_S25b57_2025,55.501097,-21.241002
5228,2104,REU.4.5_1,REU.4.5_1,0.0860301526428554,0.669391237143394,0.583361084500538,2025.13040820352,2025.21643835616,CHIKV_RUN_S23b74_2025,55.630497,-21.335311
3504,966,REU.2.3_1,REU.2.1_1,0.081492788101654,0.669391237143394,0.58789844904174,2025.13494556806,2025.21643835616,CHIKV_RUN_S23b90_2025,55.362962,-20.926828
3668,738,REU.4.8_1,REU.1.4_1,0.0684622587226549,0.669391237143394,0.600928978420739,2025.14797609744,2025.21643835616,CHIKV_RUN_S27b24_2025,55.720051,-21.03744
5730,2781,REU.4.8_1,REU.4.8_1,0.0666143848591572,0.669391237143394,0.602776852284237,2025.14982397131,2025.21643835616,CHIKV_RUN_S25b59_2025,55.528361,-21.361158
6126,2199,REU.4.8_1,REU.4.2_1,0.0643757279794621,0.669391237143394,0.605015509163932,2025.15206262818,2025.21643835616,CHIKV_RUN_S37b59_2025,55.47131,-21.245131
3139,2033,REU.4.8_1,REU.4.8_1,0.0622863808354404,0.669391237143394,0.607104856307954,2025.15415197533,2025.21643835616,CHIKV_RUN_S23b72_2025,55.497033,-21.300588
5138,2270,REU.4.3_1,REU.4.4_1,0.0558418435071784,0.669391237143394,0.613549393636216,2025.16059651266,2025.21643835616,CHIKV_RUN_S23b89_2025,55.534402,-21.360321
4803,74,REU.4.8_1,REU.2.3_1,0.0490434466346564,0.669391237143394,0.620347790508737,2025.16739490953,2025.21643835616,CHIKV_RUN_S23b66_2025,55.443217,-20.881325
6043,2889,REU.2.3_1,REU.2.4_1,0.0470510465896465,0.669391237143394,0.622340190553747,2025.16938730957,2025.21643835616,CHIKV_RUN_S25b10_2025,55.52827,-20.947371
3973,1563,REU.4.3_1,REU.3.5_1,0.0404458533711012,0.669391237143394,0.628945383772293,2025.17599250279,2025.21643835616,CHIKV_RUN_S26b70_2025,55.269004,-21.072926
4793,66,REU.2.1_1,REU.2.1_1,0.0400604723086999,0.669391237143394,0.629330764834694,2025.17637788386,2025.21643835616,CHIKV_RUN_S23b65_2025,55.326362,-20.962809
3439,984,REU.2.3_1,REU.2.3_1,0.0376318129244535,0.669391237143394,0.63175942421894,2025.17880654324,2025.21643835616,CHIKV_RUN_S25b26_2025,55.446619,-20.892493
6072,2914,REU.2.3_1,REU.2.3_1,0.0371416606590221,0.669391237143394,0.632249576484372,2025.17929669551,2025.21643835616,CHIKV_RUN_S37b46_2025,55.511459,-20.9144
4325,376,REU.4.8_1,REU.4.6_1,0.0326080893187923,0.669391237143394,0.636783147824602,2025.18383026685,2025.21643835616,CHIKV_RUN_S25b51_2025,55.442111,-21.264903
3466,973,REU.2.3_1,REU.2.3_1,0.0303921473780739,0.669391237143394,0.63899908976532,2025.18604620879,2025.21643835616,CHIKV_RUN_S23b82_2025,55.444657,-20.909177
3234,1654,REU.3.5_1,REU.3.5_1,0.0271400194342324,0.669391237143394,0.642251217709161,2025.18929833673,2025.21643835616,CHIKV_RUN_S23b94_2025,55.328573,-20.983875
5768,1951,REU.2.3_1,REU.2.3_1,0.0253715378885433,0.669391237143394,0.644019699254851,2025.19106681828,2025.21643835616,CHIKV_RUN_S23b56_2025,55.427947,-20.891879
4851,1150,REU.2.3_1,REU.2.3_1,0.0214877349296899,0.669391237143394,0.647903502213704,2025.19495062123,2025.21643835616,CHIKV_RUN_S25b41_2025,55.479901,-20.887527
5188,13,REU.3.5_1,REU.3.5_1,0.0213385097559948,0.669391237143394,0.648052727387399,2025.19509984641,2025.21643835616,CHIKV_RUN_S26b67_2025,55.279187,-21.000825
4263,386,REU.2.3_1,REU.2.5_1,0.0207812044478749,0.669391237143394,0.648610032695519,2025.19565715172,2025.21643835616,CHIKV_RUN_S23b69_2025,55.580175,-20.925672
5279,2103,REU.4.5_1,REU.4.5_1,0.0196902771889809,0.669391237143394,0.649700959954413,2025.19674807898,2025.21643835616,CHIKV_RUN_S23b67_2025,55.634066,-21.338862
3336,257,REU.4.8_1,REU.4.8_1,0.0138738805492171,0.669391237143394,0.655517356594177,2025.20256447562,2025.21643835616,CHIKV_RUN_S25b17_2025,55.462813,-21.340556
3852,1190,REU.4.8_1,REU.4.1_1,0.0109323163569234,0.669391237143394,0.658458920786471,2025.20550603981,2025.21643835616,CHIKV_RUN_S37b66_2025,55.468491,-21.13467
4658,1322,REU.2.3_1,REU.1.2_1,0.00762671801271853,0.669391237143394,0.661764519130675,2025.20881163815,2025.21643835616,CHIKV_RUN_S37b70_2025,55.620453,-21.141821
3264,1109,REU.4.3_1,REU.4.3_1,0.0064589961575533,0.669391237143394,0.66293224098584,2025.20997936001,2025.21643835616,CHIKV_RUN_S25b50_2025,55.498923,-21.266336
4051,1402,REU.2.3_1,REU.2.3_1,0.00451924178815521,0.669391237143394,0.664871995355239,2025.21191911438,2025.21643835616,CHIKV_RUN_S25b34_2025,55.471893,-20.928755
4620,4621,REU.4.8_1,REU.4.8_1,0.00716684217325303,0.66943191437006,0.662265072196807,2025.20931219122,2025.21647903339,NA,NA,NA
3262,3263,REU.4.3_1,REU.4.3_1,0.0114784087197316,0.669692692490648,0.658214283770916,2025.20526140279,2025.21673981151,NA,NA,NA
4400,4401,REU.3.1_1,REU.3.4_1,0.00461728742356904,0.669745839080847,0.665128551657278,2025.21217567068,2025.2167929581,NA,NA,NA
4066,4067,REU.4.3_1,REU.4.3_1,0.000725753662885076,0.669819448664177,0.669093695001292,2025.21614081402,2025.21686656769,NA,NA,NA
5228,5229,REU.4.5_1,REU.4.5_1,0.0865956733501326,0.669956757850671,0.583361084500538,2025.13040820352,2025.21700387687,NA,NA,NA
5240,5242,REU.4.5_1,REU.4.5_1,0.00406010738290863,0.670415035824866,0.666354928441958,2025.21340204746,2025.21746215485,NA,NA,NA
4851,4852,REU.2.3_1,REU.2.3_1,0.0225190867323783,0.670422588946082,0.647903502213704,2025.19495062123,2025.21746970797,NA,NA,NA
5312,5313,REU.4.5_1,REU.4.8_1,0.0427382866420282,0.670813955833055,0.628075669191027,2025.17512278821,2025.21786107485,NA,NA,NA
4517,4518,REU.4.8_1,REU.4.8_1,0.0381389774890928,0.670830203074315,0.632691225585222,2025.17973834461,2025.2178773221,NA,NA,NA
4015,4016,REU.2.5_1,REU.2.5_1,0.0695876025146066,0.670897994745319,0.601310392230712,2025.14835751125,2025.21794511377,NA,NA,NA
3221,3223,REU.4.3_1,REU.4.3_1,0.0568735924766675,0.671221092593261,0.614347500116594,2025.16139461914,2025.21826821161,NA,NA,NA
4772,4774,REU.4.5_1,REU.4.8_1,0.0578591620003646,0.671305692236593,0.613446530236229,2025.16049364926,2025.21835281126,NA,NA,NA
3704,3705,REU.4.3_1,REU.4.3_1,0.0106653071993661,0.67154114235926,0.660875835159894,2025.20792295418,2025.21858826138,NA,NA,NA
5548,5549,REU.4.3_1,REU.4.3_1,0.0608500032332077,0.671972434185367,0.61112243095216,2025.15816954997,2025.21901955321,NA,NA,NA
3726,3727,REU.4.8_1,REU.4.2_1,0.00327512696728238,0.671974761773568,0.668699634806286,2025.21574675383,2025.21902188079,NA,NA,NA
4435,4436,REU.2.3_1,REU.2.3_1,0.0327505372920992,0.671989741962279,0.63923920467018,2025.18628632369,2025.21903686098,NA,NA,NA
4845,1060,REU.4.3_1,REU.4.3_1,0.1495978845068,0.672130963170751,0.522533078663951,2025.06958019768,2025.21917808219,CHIKV_RUN_S26b40_2025,55.514178,-21.287805
3643,644,REU.4.3_1,REU.4.3_1,0.13280888806993,0.672130963170751,0.539322075100822,2025.08636919412,2025.21917808219,CHIKV_RUN_S37b95_2025,55.522786,-21.279213
5255,2109,REU.4.8_1,REU.4.8_1,0.120326013795631,0.672130963170751,0.55180494937512,2025.0988520684,2025.21917808219,CHIKV_RUN_S25b35_2025,55.473411,-21.338959
5014,2573,REU.3.4_1,REU.3.4_1,0.111374663971956,0.672130963170751,0.560756299198795,2025.10780341822,2025.21917808219,CHIKV_RUN_S25b06_2025,55.306494,-21.171758
5566,2771,REU.4.8_1,REU.3.2_1,0.107639048603995,0.672130963170751,0.564491914566756,2025.11153903359,2025.21917808219,CHIKV_RUN_S37b94_2025,55.337215,-21.235777
4467,161,REU.3.5_1,REU.3.5_1,0.107498265433731,0.672130963170751,0.56463269773702,2025.11167981676,2025.21917808219,CHIKV_RUN_S26b71_2025,55.274134,-21.097607
5582,3076,REU.4.6_1,REU.4.6_1,0.101897371207747,0.672130963170751,0.570233591963004,2025.11728071098,2025.21917808219,CHIKV_RUN_S25b33_2025,55.431587,-21.282575
4040,1058,REU.4.8_1,REU.3.5_1,0.0957832797409421,0.672130963170751,0.576347683429809,2025.12339480245,2025.21917808219,CHIKV_RUN_S26b72_2025,55.291374,-21.056847
3510,1748,REU.4.8_1,REU.4.5_1,0.0950271031132068,0.672130963170751,0.577103860057544,2025.12415097908,2025.21917808219,CHIKV_RUN_S37b58_2025,55.630496,-21.350412
4782,231,REU.4.8_1,REU.3.1_1,0.0828228096698467,0.672130963170751,0.589308153500905,2025.13635527252,2025.21917808219,CHIKV_RUN_S25b02_2025,55.368663,-21.269053
3437,1000,REU.2.3_1,REU.2.3_1,0.0823188609981442,0.672130963170751,0.589812102172607,2025.13685922119,2025.21917808219,CHIKV_RUN_S25b16_2025,55.449303,-20.893581
5997,2940,REU.3.4_1,REU.3.4_1,0.074479309020562,0.672130963170751,0.597651654150189,2025.14469877317,2025.21917808219,CHIKV_RUN_S37b50_2025,55.295193,-21.172055
3456,975,REU.3.5_1,REU.3.5_1,0.0707975014893434,0.672130963170751,0.601333461681408,2025.1483805807,2025.21917808219,CHIKV_RUN_S25b92_2025,55.33505,-20.988161
5382,2447,REU.3.5_1,REU.2.3_1,0.0688827486798183,0.672130963170751,0.603248214490933,2025.15029533351,2025.21917808219,CHIKV_RUN_S25b42_2025,55.437121,-20.923859
3388,1386,REU.3.1_1,REU.4.8_1,0.0645087243142057,0.672130963170751,0.607622238856546,2025.15466935788,2025.21917808219,CHIKV_RUN_S25b38_2025,55.487389,-21.343426
4316,459,REU.2.3_1,REU.2.3_1,0.0609421412171659,0.672130963170751,0.611188821953585,2025.15823594097,2025.21917808219,CHIKV_RUN_S25b62_2025,55.422782,-20.887109
4177,268,REU.4.8_1,REU.2.3_1,0.0545221212954337,0.672130963170751,0.617608841875318,2025.1646559609,2025.21917808219,CHIKV_RUN_S26b49_2025,55.507989,-20.900881
5356,2472,REU.4.6_1,REU.4.6_1,0.0537489690053435,0.672130963170751,0.618381994165408,2025.16542911319,2025.21917808219,CHIKV_RUN_S25b47_2025,55.425257,-21.251648
5130,2247,REU.4.8_1,REU.4.3_1,0.0502590279857111,0.672130963170751,0.62187193518504,2025.16891905421,2025.21917808219,CHIKV_RUN_S25b07_2025,55.49481,-21.249115
5808,2816,REU.3.3_1,REU.3.3_1,0.0490685659364432,0.672130963170751,0.623062397234308,2025.17010951626,2025.21917808219,CHIKV_RUN_S26b68_2025,55.294419,-21.109941
5810,2834,REU.2.1_1,REU.2.1_1,0.0475062058729381,0.672130963170751,0.624624757297813,2025.17167187632,2025.21917808219,CHIKV_RUN_S26b52_2025,55.360738,-20.928698
4166,306,REU.4.8_1,REU.4.6_1,0.0464922011305904,0.672130963170751,0.625638762040161,2025.17268588106,2025.21917808219,CHIKV_RUN_S25b44_2025,55.41317,-21.282904
5731,2774,REU.4.8_1,REU.4.8_1,0.0415819142683733,0.672130963170751,0.630549048902378,2025.17759616792,2025.21917808219,CHIKV_RUN_S25b43_2025,55.504027,-21.283307
3439,985,REU.2.3_1,REU.2.3_1,0.0403715389518109,0.672130963170751,0.63175942421894,2025.17880654324,2025.21917808219,CHIKV_RUN_S25b32_2025,55.446619,-20.892493
3347,1328,REU.3.5_1,REU.3.5_1,0.0392436850052127,0.672130963170751,0.632887278165539,2025.17993439719,2025.21917808219,CHIKV_RUN_S25b85_2025,55.30305,-20.97523
3316,1472,REU.4.3_1,REU.3.5_1,0.0390375237253731,0.672130963170751,0.633093439445378,2025.18014055847,2025.21917808219,CHIKV_RUN_S37b45_2025,55.272836,-21.028117
5772,2536,REU.2.3_1,REU.2.3_1,0.0385265548763212,0.672130963170751,0.63360440829443,2025.18065152732,2025.21917808219,CHIKV_RUN_S25b09_2025,55.456964,-20.906856
3148,2326,REU.4.8_1,REU.3.4_1,0.0384925607898832,0.672130963170751,0.633638402380868,2025.1806855214,2025.21917808219,CHIKV_RUN_S25b56_2025,55.306083,-21.170365
3759,646,REU.4.8_1,REU.4.5_1,0.0360059873289686,0.672130963170751,0.636124975841783,2025.18317209486,2025.21917808219,CHIKV_RUN_S25b40_2025,55.681644,-21.372669
3961,1066,REU.2.2_1,REU.2.2_1,0.0312183666536738,0.672130963170751,0.640912596517077,2025.18795971554,2025.21917808219,CHIKV_RUN_S25b91_2025,55.298792,-20.944566
4969,1918,REU.4.8_1,REU.4.6_1,0.0292905571400868,0.672130963170751,0.642840406030665,2025.18988752505,2025.21917808219,CHIKV_RUN_S25b52_2025,55.402687,-21.27616
5982,2956,REU.3.4_1,REU.3.4_1,0.0268320511062816,0.672130963170751,0.64529891206447,2025.19234603109,2025.21917808219,CHIKV_RUN_S26b56_2025,55.300367,-21.196644
4689,1296,REU.3.5_1,REU.3.5_1,0.0267246790163659,0.672130963170751,0.645406284154386,2025.19245340318,2025.21917808219,CHIKV_RUN_S25b78_2025,55.288407,-21.020774
4433,131,REU.2.3_1,REU.2.3_1,0.0236061522624618,0.672130963170751,0.64852481090829,2025.19557192993,2025.21917808219,CHIKV_RUN_S25b45_2025,55.476658,-20.910063
4434,120,REU.3.5_1,REU.3.5_1,0.0209867317627622,0.672130963170751,0.651144231407989,2025.19819135043,2025.21917808219,CHIKV_RUN_S26b79_2025,55.269583,-21.081796
5662,2595,REU.4.5_1,REU.4.5_1,0.0140226486766936,0.672130963170751,0.658108314494058,2025.20515543352,2025.21917808219,CHIKV_RUN_S25b05_2025,55.626163,-21.380004
4446,155,REU.4.3_1,REU.4.3_1,0.0127532537522965,0.672130963170751,0.659377709418455,2025.20642482844,2025.21917808219,CHIKV_RUN_S25b55_2025,55.518657,-21.24777
3704,863,REU.4.3_1,REU.4.3_1,0.0112551280108575,0.672130963170751,0.660875835159894,2025.20792295418,2025.21917808219,CHIKV_RUN_S25b36_2025,55.536158,-21.251143
4735,171,REU.2.3_1,REU.4.5_1,0.0072179229387439,0.672130963170751,0.664913040232007,2025.21196015925,2025.21917808219,CHIKV_RUN_S25b46_2025,55.674098,-21.369765
4621,1527,REU.4.8_1,REU.4.8_1,0.00269904880069116,0.672130963170751,0.66943191437006,2025.21647903339,2025.21917808219,CHIKV_RUN_S25b58_2025,55.449845,-21.279545
5023,5024,REU.4.8_1,REU.4.8_1,0.00683455494645202,0.672201916597561,0.665367361651109,2025.21241448067,2025.21924903562,NA,NA,NA
5485,5486,REU.3.1_1,REU.3.1_1,0.0440226874267962,0.672343217037673,0.628320529610876,2025.17536764863,2025.21939033606,NA,NA,NA
5777,5778,REU.2.3_1,REU.2.3_1,0.0650215873890965,0.67254442575464,0.607522838365544,2025.15456995739,2025.21959154478,NA,NA,NA
5337,5338,REU.3.4_1,REU.4.6_1,0.058050503571821,0.672607901953064,0.614557398381243,2025.1616045174,2025.21965502097,NA,NA,NA
5817,5818,REU.4.8_1,REU.4.8_1,0.065040023908209,0.673206961442056,0.608166937533847,2025.15521405655,2025.22025408046,NA,NA,NA
5213,5214,REU.2.3_1,REU.2.3_1,0.0692628219958615,0.673330404768315,0.604067582772454,2025.15111470179,2025.22037752379,NA,NA,NA
3656,3657,REU.4.8_1,REU.4.8_1,0.089300493710408,0.673464477641312,0.584163983930904,2025.13121110295,2025.22051159666,NA,NA,NA
3214,3215,REU.4.3_1,REU.4.3_1,0.0955122763322012,0.673712811039846,0.578200534707645,2025.12524765373,2025.22075993006,NA,NA,NA
3974,3975,REU.4.3_1,REU.4.3_1,0.0273301332391793,0.673729842741851,0.646399709502672,2025.19344682852,2025.22077696176,NA,NA,NA
3709,3710,REU.4.8_1,REU.4.8_1,0.0238171451586457,0.673954412965174,0.650137267806529,2025.19718438683,2025.22100153199,NA,NA,NA
6075,6076,REU.2.3_1,REU.2.3_1,0.0609432423430177,0.674354058748995,0.613410816405977,2025.16045793543,2025.22140117777,NA,NA,NA
3509,1471,REU.4.3_1,REU.1.1_1,0.188235757700272,0.674870689198109,0.486634931497836,2025.03368205052,2025.22191780822,CHIKV_RUN_S27b36_2025,55.663288,-21.005369
6179,2163,REU.4.3_1,REU.4.3_1,0.157481921634515,0.674870689198109,0.517388767563594,2025.06443588658,2025.22191780822,CHIKV_RUN_S25b77_2025,55.525044,-21.237499
5697,2559,REU.4.3_1,REU.4.8_1,0.140773243658779,0.674870689198109,0.53409744553933,2025.08114456456,2025.22191780822,CHIKV_RUN_S25b08_2025,55.488834,-21.299361
3293,339,REU.4.3_1,REU.2.3_1,0.0969707189738105,0.674870689198109,0.577899970224298,2025.12494708925,2025.22191780822,CHIKV_RUN_S25b81_2025,55.448275,-20.89179
5104,2845,REU.4.3_1,REU.4.8_1,0.0941495974948705,0.674870689198109,0.580721091703238,2025.12776821072,2025.22191780822,CHIKV_RUN_S26b36_2025,55.432868,-21.287523
3789,685,REU.4.3_1,REU.2.3_1,0.0880389919770972,0.674870689198109,0.586831697221011,2025.13387881624,2025.22191780822,CHIKV_RUN_S25b31_2025,55.471828,-20.925936
5296,2132,REU.4.5_1,REU.4.5_1,0.081971872163883,0.674870689198109,0.592898817034226,2025.13994593606,2025.22191780822,CHIKV_RUN_S25b67_2025,55.612957,-21.352924
3624,794,REU.4.8_1,REU.3.1_1,0.0774090987643703,0.674870689198109,0.597461590433738,2025.14450870945,2025.22191780822,CHIKV_RUN_S25b04_2025,55.337037,-21.274744
4255,419,REU.2.3_1,REU.4.3_1,0.0755286617759581,0.674870689198109,0.599342027422151,2025.14638914644,2025.22191780822,CHIKV_RUN_S25b24_2025,55.522242,-21.293527
5805,2810,REU.3.1_1,REU.3.2_1,0.0703029870986007,0.674870689198109,0.604567702099508,2025.15161482112,2025.22191780822,CHIKV_RUN_S25b64_2025,55.346655,-21.221961
4769,214,REU.4.5_1,REU.4.4_1,0.0687281141537008,0.674870689198109,0.606142575044408,2025.15318969407,2025.22191780822,CHIKV_RUN_S26b54_2025,55.575482,-21.352585
6191,1277,REU.4.6_1,REU.4.4_1,0.0621914720986908,0.674870689198109,0.612679217099418,2025.15972633612,2025.22191780822,CHIKV_RUN_S25b70_2025,55.560686,-21.331171
5044,2797,REU.3.1_1,REU.3.1_1,0.0608655611752245,0.674870689198109,0.614005128022884,2025.16105224704,2025.22191780822,CHIKV_RUN_S25b65_2025,55.360735,-21.261353
4292,437,REU.4.8_1,REU.4.8_1,0.0572185908844552,0.674870689198109,0.617652098313653,2025.16469921733,2025.22191780822,CHIKV_RUN_S25b69_2025,55.540109,-21.319528
5958,2985,REU.3.4_1,REU.3.4_1,0.0477750017948988,0.674870689198109,0.62709568740321,2025.17414280642,2025.22191780822,CHIKV_RUN_S25b89_2025,55.298917,-21.17404
4629,1486,REU.4.3_1,REU.4.3_1,0.044318807964993,0.674870689198109,0.630551881233116,2025.17759900025,2025.22191780822,CHIKV_RUN_S25b80_2025,55.499176,-21.245505
5115,2289,REU.4.8_1,REU.4.8_1,0.0395029138717056,0.674870689198109,0.635367775326403,2025.18241489435,2025.22191780822,CHIKV_RUN_S25b72_2025,55.488696,-21.346733
6077,2912,REU.2.3_1,REU.2.3_1,0.0393379165527773,0.674870689198109,0.635532772645331,2025.18257989167,2025.22191780822,CHIKV_RUN_S25b29_2025,55.505747,-20.910464
4396,529,REU.4.3_1,REU.4.8_1,0.0383837786319481,0.674870689198109,0.636486910566161,2025.18353402959,2025.22191780822,CHIKV_RUN_S25b63_2025,55.485962,-21.277645
5254,2064,REU.4.8_1,REU.4.5_1,0.0383621295675256,0.674870689198109,0.636508559630583,2025.18355567865,2025.22191780822,CHIKV_RUN_S25b76_2025,55.667801,-21.339823
6201,1886,REU.3.5_1,REU.3.5_1,0.0379746365993628,0.674870689198109,0.636896052598746,2025.18394317162,2025.22191780822,CHIKV_RUN_S26b73_2025,55.26715,-21.010664
4619,1492,REU.4.8_1,REU.4.3_1,0.0351696100836141,0.674870689198109,0.639701079114495,2025.18674819814,2025.22191780822,CHIKV_RUN_S25b66_2025,55.496971,-21.264595
4618,1538,REU.4.3_1,REU.4.3_1,0.0257938031892336,0.674870689198109,0.649076886008875,2025.19612400503,2025.22191780822,CHIKV_RUN_S25b60_2025,55.501327,-21.264938
4525,1712,REU.2.3_1,REU.2.5_1,0.0179228870013018,0.674870689198109,0.656947802196807,2025.20399492122,2025.22191780822,CHIKV_RUN_S25b30_2025,55.634094,-20.935079
6185,6186,REU.3.5_1,REU.3.5_1,0.00849248807768577,0.67500006550266,0.666507577424975,2025.21355469645,2025.22204718452,NA,NA,NA
3944,3946,REU.4.8_1,REU.3.5_1,0.0357443595124234,0.675404679682437,0.639660320170013,2025.18670743919,2025.2224517987,NA,NA,NA
5737,5738,REU.3.1_1,REU.3.1_1,0.0440410149406696,0.67569449420579,0.63165347926512,2025.17870059829,2025.22274161323,NA,NA,NA
4178,4179,REU.4.8_1,REU.4.8_1,0.0214579914961511,0.675844479113622,0.654386487617471,2025.20143360664,2025.22289159813,NA,NA,NA
4865,4866,REU.2.3_1,REU.2.3_1,0.0213184505552897,0.675872678438527,0.654554227883237,2025.2016013469,2025.22291979746,NA,NA,NA
3297,3298,REU.4.8_1,REU.2.2_1,0.0186026522573939,0.675884368714273,0.657281716456879,2025.20432883548,2025.22293148774,NA,NA,NA
6024,6025,REU.2.3_1,REU.2.3_1,0.0235263705797552,0.676145583485182,0.652619212905426,2025.19966633193,2025.22319270251,NA,NA,NA
4587,4588,REU.4.8_1,REU.4.8_1,0.0738158328457885,0.676567699104182,0.602751866258394,2025.14979898528,2025.22361481813,NA,NA,NA
3151,3152,REU.4.8_1,REU.4.8_1,0.0768536832832893,0.677042233660953,0.600188550377664,2025.1472356694,2025.22408935268,NA,NA,NA
3753,3754,REU.2.3_1,REU.2.3_1,0.0231617429607298,0.677182067746162,0.654020324785432,2025.20106744381,2025.22422918677,NA,NA,NA
5651,5652,REU.4.8_1,REU.3.5_1,0.0614450042342719,0.677265605196591,0.615820600962319,2025.16286771998,2025.22431272422,NA,NA,NA
3223,3224,REU.4.3_1,REU.4.3_1,0.00609027681908736,0.677311369412349,0.671221092593261,2025.21826821161,2025.22435848843,NA,NA,NA
5921,5922,REU.3.4_1,REU.3.4_1,0.0262345840687291,0.677496848752431,0.651262264683702,2025.1983093837,2025.22454396777,NA,NA,NA
4645,1534,REU.4.3_1,REU.4.8_1,0.182633105956891,0.677610415225466,0.494977309268575,2025.04202442829,2025.22465753425,CHIKV_RUN_S25b84_2025,55.481382,-21.286126
3526,1073,REU.4.3_1,REU.4.4_1,0.15024772192383,0.677610415225466,0.527362693301636,2025.07440981232,2025.22465753425,CHIKV_RUN_S26b89_2025,55.577908,-21.313066
4345,514,REU.4.3_1,REU.4.3_1,0.14698699773921,0.677610415225466,0.530623417486256,2025.07767053651,2025.22465753425,CHIKV_RUN_S26b34_2025,55.508801,-21.264269
4979,2383,REU.3.1_1,REU.3.1_1,0.1451429379233,0.677610415225466,0.532467477302166,2025.07951459632,2025.22465753425,CHIKV_RUN_S25b88_2025,55.373871,-21.266454
3500,967,REU.4.8_1,REU.2.1_1,0.143258578834333,0.677610415225466,0.534351836391133,2025.08139895541,2025.22465753425,CHIKV_RUN_S28b60_2025,55.321956,-20.961636
5009,2476,REU.3.1_1,REU.2.3_1,0.134766546238475,0.677610415225466,0.542843868986991,2025.08989098801,2025.22465753425,CHIKV_RUN_S26b74_2025,55.428183,-20.888875
5604,1863,REU.4.6_1,REU.4.6_1,0.126938643549892,0.677610415225466,0.550671771675574,2025.0977188907,2025.22465753425,CHIKV_RUN_S25b73_2025,55.405223,-21.27357
3706,800,REU.4.6_1,REU.4.8_1,0.116320801492568,0.677610415225466,0.561289613732898,2025.10833673275,2025.22465753425,CHIKV_RUN_S25b86_2025,55.469089,-21.282404
4709,186,REU.4.7_1,REU.4.8_1,0.114207292692107,0.677610415225466,0.563403122533359,2025.11045024155,2025.22465753425,CHIKV_RUN_S26b86_2025,55.477665,-21.282717
5322,2422,REU.3.4_1,REU.3.4_1,0.113930806508033,0.677610415225466,0.563679608717433,2025.11072672774,2025.22465753425,CHIKV_RUN_S28b28_2025,55.314656,-21.222838
3870,1261,REU.4.4_1,REU.4.4_1,0.105872498172385,0.677610415225466,0.571737917053081,2025.11878503607,2025.22465753425,CHIKV_RUN_S26b64_2025,55.561979,-21.353095
4368,550,REU.4.3_1,REU.4.3_1,0.100390886239878,0.677610415225466,0.577219528985588,2025.12426664801,2025.22465753425,CHIKV_RUN_S26b59_2025,55.494352,-21.244688
3914,1172,REU.4.4_1,REU.4.4_1,0.0986766876840687,0.677610415225466,0.578933727541397,2025.12598084656,2025.22465753425,CHIKV_RUN_S26b78_2025,55.544254,-21.36026
3788,680,REU.4.8_1,REU.4.5_1,0.0981930222887558,0.677610415225466,0.57941739293671,2025.12646451196,2025.22465753425,CHIKV_RUN_S27b22_2025,55.603506,-21.378467
3177,2691,REU.3.5_1,REU.3.5_1,0.0981891984452046,0.677610415225466,0.579421216780261,2025.1264683358,2025.22465753425,CHIKV_RUN_S28b67_2025,55.275786,-21.049118
4291,438,REU.4.3_1,REU.4.8_1,0.0973547702917327,0.677610415225466,0.580255644933733,2025.12730276395,2025.22465753425,CHIKV_RUN_S25b68_2025,55.486672,-21.256267
5833,1792,REU.4.8_1,REU.2.3_1,0.0960880877418485,0.677610415225466,0.581522327483617,2025.1285694465,2025.22465753425,CHIKV_RUN_S25b71_2025,55.468596,-20.88681
4627,1519,REU.2.3_1,REU.4.6_1,0.0954804684062298,0.677610415225466,0.582129946819236,2025.12917706584,2025.22465753425,CHIKV_RUN_S27b19_2025,55.427432,-21.251684
5315,2061,REU.4.8_1,REU.2.3_1,0.0944074112611005,0.677610415225466,0.583203003964366,2025.13025012299,2025.22465753425,CHIKV_RUN_S25b75_2025,55.489422,-20.897404
5333,2414,REU.4.3_1,REU.2.3_1,0.0943641829742046,0.677610415225466,0.583246232251261,2025.13029335127,2025.22465753425,CHIKV_RUN_S25b82_2025,55.399989,-20.920397
3925,1240,REU.4.4_1,REU.4.4_1,0.0936535535565848,0.677610415225466,0.583956861668881,2025.13100398069,2025.22465753425,CHIKV_RUN_S26b85_2025,55.564396,-21.352531
4719,175,REU.4.7_1,REU.4.8_1,0.0922104084029974,0.677610415225466,0.585400006822469,2025.13244712584,2025.22465753425,CHIKV_RUN_S26b77_2025,55.497748,-21.275272
5912,2478,REU.4.3_1,REU.4.3_1,0.0888609159549125,0.677610415225466,0.588749499270554,2025.13579661829,2025.22465753425,CHIKV_RUN_S27b17_2025,55.514184,-21.270686
4462,165,REU.3.5_1,REU.3.5_1,0.0858442151197443,0.677610415225466,0.591766200105722,2025.13881331913,2025.22465753425,CHIKV_RUN_S26b66_2025,55.286858,-20.993365
4696,109,REU.4.3_1,REU.4.4_1,0.0813891466350394,0.677610415225466,0.596221268590427,2025.14326838761,2025.22465753425,CHIKV_RUN_S26b51_2025,55.57028,-21.35237
4775,224,REU.4.5_1,REU.4.8_1,0.081265562767183,0.677610415225466,0.596344852458283,2025.14339197148,2025.22465753425,CHIKV_RUN_S25b90_2025,55.484644,-21.325466
6165,2714,REU.4.8_1,REU.1.3_1,0.0745371712726819,0.677610415225466,0.603073243952784,2025.15012036297,2025.22465753425,CHIKV_RUN_S27b26_2025,55.665066,-20.957693
4929,1866,REU.2.3_1,REU.2.3_1,0.0712648479902518,0.677610415225466,0.606345567235214,2025.15339268626,2025.22465753425,CHIKV_RUN_S26b60_2025,55.467591,-20.887409
3274,326,REU.4.3_1,REU.2.3_1,0.0671207906668416,0.677610415225466,0.610489624558624,2025.15753674358,2025.22465753425,CHIKV_RUN_S26b50_2025,55.448275,-20.89179
4266,461,REU.4.8_1,REU.4.8_1,0.06707116756994,0.677610415225466,0.610539247655526,2025.15758636668,2025.22465753425,CHIKV_RUN_S27b23_2025,55.477233,-21.26922
6221,3028,REU.4.3_1,REU.4.3_1,0.0669711135029116,0.677610415225466,0.610639301722555,2025.15768642074,2025.22465753425,CHIKV_RUN_S25b83_2025,55.523188,-21.273684
3281,331,REU.2.3_1,REU.2.3_1,0.0661179435265166,0.677610415225466,0.61149247169895,2025.15853959072,2025.22465753425,CHIKV_RUN_S26b81_2025,55.473772,-20.902862
3229,1667,REU.4.3_1,REU.4.8_1,0.0646583651577932,0.677610415225466,0.612952050067673,2025.15999916909,2025.22465753425,CHIKV_RUN_S26b84_2025,55.49333,-21.304876
3503,968,REU.2.2_1,REU.2.2_1,0.0624238583576914,0.677610415225466,0.615186556867775,2025.16223367589,2025.22465753425,CHIKV_RUN_S26b57_2025,55.302173,-20.941665
3918,1215,REU.4.4_1,REU.4.4_1,0.0607524324942502,0.677610415225466,0.616857982731216,2025.16390510175,2025.22465753425,CHIKV_RUN_S25b87_2025,55.566791,-21.348393
4653,1551,REU.4.8_1,REU.1.4_1,0.0588261013302682,0.677610415225466,0.618784313895198,2025.16583143292,2025.22465753425,CHIKV_RUN_S37b72_2025,55.740887,-21.078594
4773,220,REU.4.5_1,REU.4.5_1,0.05759509835144,0.677610415225466,0.620015316874026,2025.1670624359,2025.22465753425,CHIKV_RUN_S27b15_2025,55.607505,-21.335502
3909,1210,REU.4.4_1,REU.1.4_1,0.057396909616449,0.677610415225466,0.620213505609017,2025.16726062463,2025.22465753425,CHIKV_RUN_S27b25_2025,55.71566,-21.050163
5810,2833,REU.2.1_1,REU.2.1_1,0.0529856579276529,0.677610415225466,0.624624757297813,2025.17167187632,2025.22465753425,CHIKV_RUN_S28b46_2025,55.359758,-20.927815
5303,2133,REU.4.5_1,REU.4.5_1,0.0525537593627264,0.677610415225466,0.62505665586274,2025.17210377488,2025.22465753425,CHIKV_RUN_S27b18_2025,55.621328,-21.379616
4352,571,REU.4.3_1,REU.4.4_1,0.0488445832926829,0.677610415225466,0.628765831932783,2025.17581295095,2025.22465753425,CHIKV_RUN_S27b16_2025,55.567447,-21.33182
6048,2894,REU.2.3_1,REU.2.4_1,0.0473048712950859,0.677610415225466,0.63030554393038,2025.17735266295,2025.22465753425,CHIKV_RUN_S25b95_2025,55.523042,-20.903674
4629,1504,REU.4.3_1,REU.4.3_1,0.0470585339923504,0.677610415225466,0.630551881233116,2025.17759900025,2025.22465753425,CHIKV_RUN_S26b88_2025,55.516151,-21.268027
4752,243,REU.4.5_1,REU.4.7_1,0.0467216827657045,0.677610415225466,0.630888732459762,2025.17793585148,2025.22465753425,CHIKV_RUN_S26b55_2025,55.715351,-21.370847
5193,48,REU.2.3_1,REU.2.3_1,0.0439187550886595,0.677610415225466,0.633691660136807,2025.18073877916,2025.22465753425,CHIKV_RUN_S25b28_2025,55.48949,-20.900664
4101,1651,REU.4.3_1,REU.4.6_1,0.0416151168780774,0.677610415225466,0.635995298347389,2025.18304241737,2025.22465753425,CHIKV_RUN_S26b58_2025,55.412982,-21.283275
5029,2342,REU.4.8_1,REU.2.1_1,0.0399791271666956,0.677610415225466,0.63763128805877,2025.18467840708,2025.22465753425,CHIKV_RUN_S26b61_2025,55.337222,-20.943686
4391,557,REU.4.3_1,REU.4.3_1,0.0387578361757552,0.677610415225466,0.638852579049711,2025.18589969807,2025.22465753425,CHIKV_RUN_S26b69_2025,55.505899,-21.261397
3435,1027,REU.2.3_1,REU.2.3_1,0.0317707533627156,0.677610415225466,0.64583966186275,2025.19288678088,2025.22465753425,CHIKV_RUN_S26b63_2025,55.44756,-20.893639
5184,5,REU.3.5_1,REU.3.5_1,0.0309327491080768,0.677610415225466,0.646677666117389,2025.19372478514,2025.22465753425,CHIKV_RUN_S28b81_2025,55.223537,-21.075853
4617,1489,REU.4.3_1,REU.4.3_1,0.0302937336517639,0.677610415225466,0.647316681573702,2025.19436380059,2025.22465753425,CHIKV_RUN_S26b91_2025,55.513918,-21.282667
5371,2456,REU.3.4_1,REU.3.4_1,0.0225309004360087,0.677610415225466,0.655079514789457,2025.20212663381,2025.22465753425,CHIKV_RUN_S28b69_2025,55.302616,-21.189751
5210,41,REU.2.3_1,REU.2.3_1,0.0223683874191346,0.677610415225466,0.655242027806332,2025.20228914683,2025.22465753425,CHIKV_RUN_S25b74_2025,55.488951,-20.900533
4753,245,REU.4.5_1,REU.4.5_1,0.0206126330737861,0.677610415225466,0.65699778215168,2025.20404490117,2025.22465753425,CHIKV_RUN_S27b21_2025,55.622211,-21.375907
4384,584,REU.4.3_1,REU.1.1_1,0.0188559551552437,0.677610415225466,0.658754460070222,2025.20580157909,2025.22465753425,CHIKV_RUN_S27b35_2025,55.693202,-21.002018
4669,1429,REU.3.5_1,REU.3.5_1,0.0158274972562045,0.677610415225466,0.661782917969262,2025.20883003699,2025.22465753425,CHIKV_RUN_S28b21_2025,55.286795,-21.094467
5242,2076,REU.4.5_1,REU.4.5_1,0.00719537940059978,0.677610415225466,0.670415035824866,2025.21746215485,2025.22465753425,CHIKV_RUN_S26b93_2025,55.613213,-21.378804
5778,2535,REU.2.3_1,REU.1.6_1,0.00506598947082593,0.677610415225466,0.67254442575464,2025.21959154478,2025.22465753425,CHIKV_RUN_S32b32_2025,55.543728,-21.025544
4516,4519,REU.4.3_1,REU.4.3_1,0.0582792661694342,0.678034748627926,0.619755482458492,2025.16680260148,2025.22508186765,NA,NA,NA
3813,3816,REU.4.3_1,REU.4.3_1,0.0837253342508637,0.67804662883886,0.594321294587996,2025.14136841361,2025.22509374786,NA,NA,NA
4604,4605,REU.4.3_1,REU.3.5_1,0.0830402900613878,0.678422483397497,0.595382193336109,2025.14242931236,2025.22546960242,NA,NA,NA
5487,5488,REU.3.1_1,REU.3.1_1,0.0440344547461892,0.678455961190467,0.634421506444278,2025.18146862547,2025.22550308021,NA,NA,NA
4877,4878,REU.4.3_1,REU.3.4_1,0.165612417030417,0.678827412461097,0.51321499543068,2025.06026211445,2025.22587453148,NA,NA,NA
3807,3808,REU.1.3_1,REU.1.3_1,0.0459924397052052,0.679007167639358,0.633014727934152,2025.18006184696,2025.22605428666,NA,NA,NA
5521,5522,REU.4.1_1,REU.3.2_1,0.0696536710681912,0.679700747212582,0.61004707614439,2025.15709419517,2025.22674786623,NA,NA,NA
3386,3387,REU.4.8_1,REU.3.5_1,0.0453309156218555,0.680259526204137,0.634928610582281,2025.1819757296,2025.22730664523,NA,NA,NA
6215,6217,REU.4.3_1,REU.4.3_1,0.0301899346284554,0.680265322776278,0.650075388147822,2025.19712250717,2025.2273124418,NA,NA,NA
5974,2943,REU.3.4_1,REU.1.1_1,0.211033107686948,0.680350141253051,0.469317033566103,2025.01636415259,2025.22739726027,CHIKV_RUN_S26b83_2025,55.690717,-21.000927
3602,284,REU.4.3_1,REU.4.3_1,0.181342172095239,0.680350141253051,0.499007969157812,2025.04605508818,2025.22739726027,CHIKV_RUN_S28b44_2025,55.527601,-21.238685
5170,20,REU.3.1_1,REU.3.4_1,0.174970253992661,0.680350141253051,0.50537988726039,2025.05242700628,2025.22739726027,CHIKV_RUN_S28b71_2025,55.292915,-21.141879
5389,2474,REU.3.4_1,REU.4.6_1,0.16203675361491,0.680350141253051,0.518313387638141,2025.06536050666,2025.22739726027,CHIKV_RUN_S28b87_2025,55.417048,-21.285091
3526,1418,REU.4.3_1,REU.3.5_1,0.152987447951415,0.680350141253051,0.527362693301636,2025.07440981232,2025.22739726027,CHIKV_RUN_S28b42_2025,55.269241,-21.05027
3833,707,REU.4.3_1,REU.4.8_1,0.147909958296986,0.680350141253051,0.532440182956065,2025.07948730198,2025.22739726027,CHIKV_RUN_S28b18_2025,55.501265,-21.29596
4070,1608,REU.4.8_1,REU.4.6_1,0.129264263523154,0.680350141253051,0.551085877729897,2025.09813299675,2025.22739726027,CHIKV_RUN_S28b53_2025,55.41818,-21.25942
3184,2630,REU.3.1_1,REU.2.3_1,0.122544148274,0.680350141253051,0.55780599297905,2025.104853112,2025.22739726027,CHIKV_RUN_S26b95_2025,55.489626,-20.925325
5343,2420,REU.3.4_1,REU.2.3_1,0.11980574182634,0.680350141253051,0.560544399426711,2025.10759151845,2025.22739726027,CHIKV_RUN_S26b62_2025,55.493844,-20.900095
5007,1790,REU.4.8_1,REU.2.3_1,0.118871029892979,0.680350141253051,0.561479111360072,2025.10852623038,2025.22739726027,CHIKV_RUN_S28b15_2025,55.467883,-20.885932
5809,2813,REU.4.8_1,REU.2.3_1,0.118045871822174,0.680350141253051,0.562304269430877,2025.10935138845,2025.22739726027,CHIKV_RUN_S26b75_2025,55.423646,-20.877959
4028,1293,REU.4.3_1,REU.4.4_1,0.113739938349844,0.680350141253051,0.566610202903207,2025.11365732192,2025.22739726027,CHIKV_RUN_S28b24_2025,55.554808,-21.340817
4147,887,REU.4.3_1,REU.4.3_1,0.112747177696966,0.680350141253051,0.567602963556085,2025.11465008258,2025.22739726027,CHIKV_RUN_S28b90_2025,55.526974,-21.269196
3834,650,REU.4.3_1,REU.2.1_1,0.110019434802282,0.680350141253051,0.570330706450769,2025.11737782547,2025.22739726027,CHIKV_RUN_S28b84_2025,55.325103,-20.959596
5580,3108,REU.4.8_1,REU.4.2_1,0.109376858819285,0.680350141253051,0.570973282433766,2025.11802040145,2025.22739726027,CHIKV_RUN_S28b51_2025,55.469895,-21.252204
3870,1170,REU.4.4_1,REU.4.5_1,0.10861222419997,0.680350141253051,0.571737917053081,2025.11878503607,2025.22739726027,CHIKV_RUN_S26b32_2025,55.594556,-21.370943
3174,2689,REU.3.5_1,REU.3.5_1,0.0975287019724211,0.680350141253051,0.58282143928063,2025.1298685583,2025.22739726027,CHIKV_RUN_S42b14_2025,55.274428,-21.049411
4727,196,REU.4.5_1,REU.4.5_1,0.0945719370667434,0.680350141253051,0.585778204186307,2025.13282532321,2025.22739726027,CHIKV_RUN_S28b59_2025,55.60972,-21.376103
5628,2503,REU.3.5_1,REU.3.5_1,0.0845964669327934,0.680350141253051,0.595753674320257,2025.14280079334,2025.22739726027,CHIKV_RUN_S28b86_2025,55.276167,-21.039355
4587,1595,REU.4.8_1,REU.4.8_1,0.0775982749946569,0.680350141253051,0.602751866258394,2025.14979898528,2025.22739726027,CHIKV_RUN_S28b54_2025,55.477771,-21.342704
3474,1006,REU.2.3_1,REU.2.3_1,0.0738026310103773,0.680350141253051,0.606547510242674,2025.15359462926,2025.22739726027,CHIKV_RUN_S28b72_2025,55.451909,-20.892271
3645,760,REU.4.3_1,REU.4.8_1,0.0689608856988769,0.680350141253051,0.611389255554174,2025.15843637458,2025.22739726027,CHIKV_RUN_S28b40_2025,55.471427,-21.29194
5671,2591,REU.3.1_1,REU.1.3_1,0.06660351441393,0.680350141253051,0.613746626839121,2025.16079374586,2025.22739726027,CHIKV_RUN_S32b45_2025,55.651096,-20.966442
4184,1644,REU.4.5_1,REU.4.3_1,0.0664818836546375,0.680350141253051,0.613868257598413,2025.16091537662,2025.22739726027,CHIKV_RUN_S28b55_2025,55.500585,-21.260287
4448,156,REU.4.8_1,REU.4.8_1,0.0655670831051051,0.680350141253051,0.614783058147946,2025.16183017717,2025.22739726027,CHIKV_RUN_S28b57_2025,55.489994,-21.274157
4371,585,REU.4.3_1,REU.4.8_1,0.0653898852183351,0.680350141253051,0.614960256034716,2025.16200737506,2025.22739726027,CHIKV_RUN_S28b66_2025,55.526704,-21.33148
4980,2395,REU.3.1_1,REU.3.1_1,0.0652260934060871,0.680350141253051,0.615124047846964,2025.16217116687,2025.22739726027,CHIKV_RUN_S28b47_2025,55.369389,-21.250618
4342,511,REU.3.5_1,REU.3.5_1,0.0595032111936415,0.680350141253051,0.620846930059409,2025.16789404908,2025.22739726027,CHIKV_RUN_S29b76_2025,55.228701,-21.066244
5855,2697,REU.4.8_1,REU.3.1_1,0.0563407741252588,0.680350141253051,0.624009367127792,2025.17105648615,2025.22739726027,CHIKV_RUN_S28b34_2025,55.383771,-21.244412
4635,1498,REU.4.3_1,REU.4.8_1,0.0549143111679025,0.680350141253051,0.625435830085148,2025.17248294911,2025.22739726027,CHIKV_RUN_S28b25_2025,55.483453,-21.341095
5360,2461,REU.2.3_1,REU.2.3_1,0.0544418975294108,0.680350141253051,0.62590824372364,2025.17295536274,2025.22739726027,CHIKV_RUN_S26b94_2025,55.482062,-20.918537
5485,2665,REU.3.1_1,REU.3.2_1,0.0520296116421743,0.680350141253051,0.628320529610876,2025.17536764863,2025.22739726027,CHIKV_RUN_S28b35_2025,55.339988,-21.238196
4029,1079,REU.4.3_1,REU.4.3_1,0.0506351124381146,0.680350141253051,0.629715028814936,2025.17676214784,2025.22739726027,CHIKV_RUN_S28b22_2025,55.519258,-21.268663
5487,2666,REU.3.1_1,REU.3.1_1,0.0459286348087726,0.680350141253051,0.634421506444278,2025.18146862547,2025.22739726027,CHIKV_RUN_S28b64_2025,55.360644,-21.247527
3801,775,REU.4.8_1,REU.4.8_1,0.0429454564582689,0.680350141253051,0.637404684794782,2025.18445180382,2025.22739726027,CHIKV_RUN_S28b39_2025,55.470373,-21.280406
4076,1159,REU.4.8_1,REU.1.4_1,0.041648729336105,0.680350141253051,0.638701411916946,2025.18574853094,2025.22739726027,CHIKV_RUN_S32b31_2025,55.714716,-21.049256
4655,1552,REU.1.4_1,REU.1.4_1,0.0414361698453359,0.680350141253051,0.638913971407715,2025.18596109043,2025.22739726027,CHIKV_RUN_S32b44_2025,55.7414,-21.079188
5705,2567,REU.2.3_1,REU.1.5_1,0.039969850708351,0.680350141253051,0.6403802905447,2025.18742740957,2025.22739726027,CHIKV_RUN_S32b17_2025,55.781831,-21.128805
3899,1225,REU.4.5_1,REU.4.5_1,0.0347706628697748,0.680350141253051,0.645579478383276,2025.1926265974,2025.22739726027,CHIKV_RUN_S28b37_2025,55.614536,-21.379691
4122,1555,REU.4.3_1,REU.4.3_1,0.0342990346812736,0.680350141253051,0.646051106571777,2025.19309822559,2025.22739726027,CHIKV_RUN_S28b52_2025,55.537963,-21.259936
5498,2311,REU.4.3_1,REU.3.5_1,0.0313829399640336,0.680350141253051,0.648967201289017,2025.19601432031,2025.22739726027,CHIKV_RUN_S28b16_2025,55.300768,-21.018039
4965,1913,REU.3.1_1,REU.3.4_1,0.0287360139755466,0.680350141253051,0.651614127277504,2025.1986612463,2025.22739726027,CHIKV_RUN_S30b65_2025,55.314846,-21.220235
6128,2699,REU.4.3_1,REU.4.5_1,0.0170168272007312,0.680350141253051,0.66333331405232,2025.21038043307,2025.22739726027,CHIKV_RUN_S28b38_2025,55.631347,-21.37291
5125,2274,REU.4.8_1,REU.3.2_1,0.0160343682985222,0.680350141253051,0.664315772954529,2025.21136289198,2025.22739726027,CHIKV_RUN_S28b62_2025,55.333873,-21.24543
3434,998,REU.2.3_1,REU.4.8_1,0.0138625461792625,0.680350141253051,0.666487595073789,2025.21353471409,2025.22739726027,CHIKV_RUN_S28b77_2025,55.487577,-21.273709
4314,590,REU.4.8_1,REU.4.8_1,0.0137563925911051,0.680350141253051,0.666593748661946,2025.21364086768,2025.22739726027,CHIKV_RUN_S30b66_2025,55.510124,-21.351051
6170,2182,REU.4.8_1,REU.4.8_1,0.0136637644157369,0.680350141253051,0.666686376837314,2025.21373349586,2025.22739726027,CHIKV_RUN_S28b73_2025,55.497569,-21.300406
3130,2509,REU.2.3_1,REU.2.5_1,0.0122240742011576,0.680350141253051,0.668126067051893,2025.21517318607,2025.22739726027,CHIKV_RUN_S28b19_2025,55.606454,-20.936432
5488,2654,REU.3.1_1,REU.3.4_1,0.00189418006258346,0.680350141253051,0.678455961190467,2025.22550308021,2025.22739726027,CHIKV_RUN_S28b65_2025,55.281015,-21.138568
4714,4715,REU.4.7_1,REU.4.4_1,0.099442958494911,0.680368821914694,0.580925863419783,2025.12797298244,2025.22741594094,NA,NA,NA
3470,3471,REU.2.3_1,REU.2.3_1,0.0471280110893743,0.680547030283871,0.633419019194497,2025.18046613822,2025.2275941493,NA,NA,NA
4966,4967,REU.4.8_1,REU.4.8_1,0.12507200417565,0.680616429874709,0.555544425699059,2025.10259154472,2025.2276635489,NA,NA,NA
4185,4186,REU.4.5_1,REU.4.5_1,0.059136680153722,0.681066057089507,0.621929376935785,2025.16897649596,2025.22811317611,NA,NA,NA
4632,4633,REU.4.3_1,REU.4.3_1,0.0488154842184791,0.681084541691322,0.632269057472843,2025.17931617649,2025.22813166071,NA,NA,NA
4123,4124,REU.4.3_1,REU.2.3_1,0.0673980996529413,0.681365688331982,0.613967588679041,2025.1610147077,2025.22841280735,NA,NA,NA
3156,3157,REU.4.8_1,REU.2.4_1,0.0366639136611898,0.681386586041516,0.644722672380326,2025.1917697914,2025.22843370506,NA,NA,NA
5240,5241,REU.4.5_1,REU.4.5_1,0.0151034904246479,0.681458418866606,0.666354928441958,2025.21340204746,2025.22850553789,NA,NA,NA
5326,5327,REU.3.4_1,REU.2.3_1,0.041640550673995,0.681576214556335,0.63993566388234,2025.1869827829,2025.22862333358,NA,NA,NA
5236,5237,REU.4.8_1,REU.4.8_1,0.0499197873986368,0.682130246181508,0.632210458782871,2025.1792575778,2025.2291773652,NA,NA,NA
4489,4490,REU.3.5_1,REU.3.5_1,0.0403171616997555,0.682149872203024,0.641832710503268,2025.18887982952,2025.22919699122,NA,NA,NA
5826,5827,REU.4.6_1,REU.4.6_1,0.0450277306858227,0.682600898385619,0.637573167699796,2025.18462028672,2025.22964801741,NA,NA,NA
5107,2006,REU.3.1_1,REU.4.6_1,0.314685911392801,0.683089867280408,0.368403955887607,2024.91545107491,2025.2301369863,CHIKV_RUN_S26b30_2025,55.442111,-21.264903
5309,2100,REU.4.5_1,REU.4.5_1,0.163629147724922,0.683089867280408,0.519460719555486,2025.06650783858,2025.2301369863,CHIKV_RUN_S29b23_2025,55.595906,-21.376246
4088,1466,REU.2.3_1,REU.2.3_1,0.125310794256175,0.683089867280408,0.557779073024233,2025.10482619205,2025.2301369863,CHIKV_RUN_S28b30_2025,55.452173,-20.876078
5865,2297,REU.3.1_1,REU.4.2_1,0.112909231739309,0.683089867280408,0.570180635541099,2025.11722775456,2025.2301369863,CHIKV_RUN_S28b50_2025,55.472409,-21.248199
4181,1545,REU.4.8_1,REU.4.2_1,0.104401395658659,0.683089867280408,0.57868847162175,2025.12573559064,2025.2301369863,CHIKV_RUN_S30b12_2025,55.470201,-21.228271
3531,1437,REU.4.8_1,REU.2.4_1,0.0982629051969749,0.683089867280408,0.584826962083433,2025.1318740811,2025.2301369863,CHIKV_RUN_S28b80_2025,55.516185,-20.923556
5867,2308,REU.3.1_1,REU.3.1_1,0.0972731088433224,0.683089867280408,0.585816758437086,2025.13286387746,2025.2301369863,CHIKV_RUN_S30b08_2025,55.369315,-21.25742
4923,2480,REU.3.1_1,REU.3.5_1,0.0971994568810057,0.683089867280408,0.585890410399402,2025.13293752942,2025.2301369863,CHIKV_RUN_S27b77_2025,55.291594,-21.022758
5196,36,REU.2.3_1,REU.2.3_1,0.0969731744227992,0.683089867280408,0.586116692857609,2025.13316381188,2025.2301369863,CHIKV_RUN_S28b82_2025,55.488203,-20.899173
3322,1478,REU.4.3_1,REU.4.3_1,0.0918650955203418,0.683089867280408,0.591224771760066,2025.13827189078,2025.2301369863,CHIKV_RUN_S28b70_2025,55.53777,-21.258931
5359,2459,REU.2.3_1,REU.3.5_1,0.0888932405624083,0.683089867280408,0.594196626718,2025.14124374574,2025.2301369863,CHIKV_RUN_S42b15_2025,55.228258,-21.027024
4376,586,REU.4.3_1,REU.4.4_1,0.0888737294052471,0.683089867280408,0.594216137875161,2025.1412632569,2025.2301369863,CHIKV_RUN_S28b36_2025,55.566425,-21.330702
5796,2832,REU.2.3_1,REU.3.3_1,0.0867633940277115,0.683089867280408,0.596326473252696,2025.14337359227,2025.2301369863,CHIKV_RUN_S28b74_2025,55.293326,-21.110655
3964,916,REU.4.3_1,REU.4.8_1,0.0838878431038721,0.683089867280408,0.599202024176536,2025.1462491432,2025.2301369863,CHIKV_RUN_S28b79_2025,55.452258,-21.299821
6113,2178,REU.3.1_1,REU.4.6_1,0.082956847734807,0.683089867280408,0.600133019545601,2025.14718013857,2025.2301369863,CHIKV_RUN_S28b49_2025,55.410915,-21.2886
6090,1837,REU.4.3_1,REU.3.2_1,0.082811097663599,0.683089867280408,0.60027876961681,2025.14732588864,2025.2301369863,CHIKV_RUN_S30b07_2025,55.333736,-21.240236
3866,1203,REU.4.4_1,REU.4.4_1,0.0817419667883951,0.683089867280408,0.601347900492013,2025.14839501951,2025.2301369863,CHIKV_RUN_S28b45_2025,55.565445,-21.355748
3451,1029,REU.2.3_1,REU.2.3_1,0.0805550897025761,0.683089867280408,0.602534777577832,2025.1495818966,2025.2301369863,CHIKV_RUN_S28b26_2025,55.447761,-20.899867
3745,734,REU.4.3_1,REU.4.4_1,0.0796084295653143,0.683089867280408,0.603481437715094,2025.15052855674,2025.2301369863,CHIKV_RUN_S29b83_2025,55.533699,-21.363091
3979,299,REU.3.5_1,REU.3.5_1,0.0788975177803277,0.683089867280408,0.60419234950008,2025.15123946852,2025.2301369863,CHIKV_RUN_S29b94_2025,55.269966,-21.078947
3384,105,REU.4.3_1,REU.4.3_1,0.0774060859464873,0.683089867280408,0.605683781333921,2025.15273090035,2025.2301369863,CHIKV_RUN_S28b78_2025,55.559424,-21.279161
4307,430,REU.2.3_1,REU.2.3_1,0.0739160410512105,0.683089867280408,0.609173826229198,2025.15622094525,2025.2301369863,CHIKV_RUN_S27b76_2025,55.423757,-20.887289
4994,1975,REU.2.3_1,REU.2.3_1,0.0714133513001913,0.683089867280408,0.611676515980217,2025.158723635,2025.2301369863,CHIKV_RUN_S28b76_2025,55.490601,-20.894006
4140,929,REU.2.3_1,REU.4.8_1,0.0647091434851251,0.683089867280408,0.618380723795283,2025.16542784282,2025.2301369863,CHIKV_RUN_S28b56_2025,55.480617,-21.282558
4118,932,REU.4.8_1,REU.2.3_1,0.0609474742144481,0.683089867280408,0.62214239306596,2025.16918951209,2025.2301369863,CHIKV_RUN_S28b88_2025,55.422853,-20.877514
4752,242,REU.4.5_1,REU.4.3_1,0.0522011348206467,0.683089867280408,0.630888732459762,2025.17793585148,2025.2301369863,CHIKV_RUN_S26b28_2025,55.512687,-21.257897
4079,1166,REU.4.8_1,REU.4.8_1,0.0510477385724571,0.683089867280408,0.632042128707951,2025.17908924773,2025.2301369863,CHIKV_RUN_S30b17_2025,55.487626,-21.348676
4517,1556,REU.4.8_1,REU.3.5_1,0.050398641695186,0.683089867280408,0.632691225585222,2025.17973834461,2025.2301369863,CHIKV_RUN_S29b82_2025,55.265173,-21.051145
5561,2724,REU.3.1_1,REU.4.8_1,0.0479463762587806,0.683089867280408,0.635143491021628,2025.18219061004,2025.2301369863,CHIKV_RUN_S29b85_2025,55.487372,-21.339915
4489,1628,REU.3.5_1,REU.3.5_1,0.04125715677714,0.683089867280408,0.641832710503268,2025.18887982952,2025.2301369863,CHIKV_RUN_S29b84_2025,55.323429,-20.986343
5693,2225,REU.2.3_1,REU.3.5_1,0.0353531878067317,0.683089867280408,0.647736679473677,2025.19478379849,2025.2301369863,CHIKV_RUN_S28b32_2025,55.318632,-20.997467
5003,1987,REU.2.3_1,REU.2.3_1,0.0344694204049484,0.683089867280408,0.64862044687546,2025.1956675659,2025.2301369863,CHIKV_RUN_S28b68_2025,55.486429,-20.889024
5175,17,REU.3.2_1,REU.3.2_1,0.0336003673057886,0.683089867280408,0.64948949997462,2025.196536619,2025.2301369863,CHIKV_RUN_S30b11_2025,55.341574,-21.25139
4998,1997,REU.2.5_1,REU.2.5_1,0.0297235956854314,0.683089867280408,0.653366271594977,2025.20041339062,2025.2301369863,CHIKV_RUN_S27b65_2025,55.582642,-20.92677
4998,1996,REU.2.5_1,REU.2.5_1,0.0297235956854314,0.683089867280408,0.653366271594977,2025.20041339062,2025.2301369863,CHIKV_RUN_S28b61_2025,55.582642,-20.92677
5890,1958,REU.2.3_1,REU.2.3_1,0.0294629026710067,0.683089867280408,0.653626964609402,2025.20067408363,2025.2301369863,CHIKV_RUN_S28b20_2025,55.488763,-20.891292
5209,38,REU.2.3_1,REU.2.3_1,0.0263856969220042,0.683089867280408,0.656704170358404,2025.20375128938,2025.2301369863,CHIKV_RUN_S28b63_2025,55.457347,-20.888112
5383,2441,REU.4.8_1,REU.2.1_1,0.0258784242625559,0.683089867280408,0.657211443017852,2025.20425856204,2025.2301369863,CHIKV_RUN_S29b73_2025,55.335773,-20.938034
5340,2430,REU.3.4_1,REU.2.3_1,0.0240087606737382,0.683089867280408,0.65908110660667,2025.20612822563,2025.2301369863,CHIKV_RUN_S42b09_2025,55.454341,-20.876455
3968,1349,REU.4.8_1,REU.2.3_1,0.0213834971353768,0.683089867280408,0.661706370145031,2025.20875348917,2025.2301369863,CHIKV_RUN_S28b89_2025,55.457665,-20.891691
5251,2043,REU.2.3_1,REU.2.3_1,0.0209864810805473,0.683089867280408,0.662103386199861,2025.20915050522,2025.2301369863,CHIKV_RUN_S28b75_2025,55.464831,-20.8845
4278,505,REU.2.3_1,REU.2.3_1,0.0208382229707651,0.683089867280408,0.662251644309643,2025.20929876333,2025.2301369863,CHIKV_RUN_S28b91_2025,55.445248,-20.887252
3960,1065,REU.2.2_1,REU.2.2_1,0.0193799216491183,0.683089867280408,0.66370994563129,2025.21075706465,2025.2301369863,CHIKV_RUN_S28b41_2025,55.307582,-20.934672
3635,790,REU.4.8_1,REU.4.8_1,0.0162800046028098,0.683089867280408,0.666809862677598,2025.2138569817,2025.2301369863,CHIKV_RUN_S28b85_2025,55.475068,-21.283209
3726,854,REU.4.8_1,REU.4.5_1,0.0143902324741225,0.683089867280408,0.668699634806286,2025.21574675383,2025.2301369863,CHIKV_RUN_S30b19_2025,55.681028,-21.368589
4490,1633,REU.3.5_1,REU.3.5_1,0.000939995077384514,0.683089867280408,0.682149872203024,2025.22919699122,2025.2301369863,CHIKV_RUN_S29b80_2025,55.328641,-21.002849
3432,3433,REU.2.3_1,REU.2.3_1,0.0238317254998095,0.683163804401495,0.659332078901686,2025.20637919792,2025.23021092342,NA,NA,NA
5853,5854,REU.4.8_1,REU.4.8_1,0.0144179037301092,0.683649086401593,0.669231182671484,2025.21627830169,2025.23069620542,NA,NA,NA
5498,5499,REU.4.3_1,REU.4.3_1,0.0349518670884564,0.683919068377474,0.648967201289017,2025.19601432031,2025.2309661874,NA,NA,NA
4223,4237,REU.4.3_1,REU.2.3_1,0.182967890717363,0.684209351810704,0.501241461093341,2025.04828858011,2025.23125647083,NA,NA,NA
5344,5345,REU.3.4_1,REU.3.4_1,0.121958103322233,0.684392372529027,0.562434269206794,2025.10948138823,2025.23143949155,NA,NA,NA
4477,4478,REU.4.4_1,REU.4.8_1,0.0542890246355289,0.685374237993332,0.631085213357804,2025.17813233238,2025.23242135701,NA,NA,NA
4233,4234,REU.4.3_1,REU.2.3_1,0.0764511412228142,0.685460011445291,0.609008870222477,2025.15605598924,2025.23250713047,NA,NA,NA
4644,1536,REU.4.3_1,REU.2.3_1,0.153267320743748,0.685829593307766,0.532562272564018,2025.07960939159,2025.23287671233,CHIKV_RUN_S29b93_2025,55.411463,-20.886566
3956,931,REU.4.3_1,REU.4.2_1,0.146713765779001,0.685829593307766,0.539115827528765,2025.08616294655,2025.23287671233,CHIKV_RUN_S29b75_2025,55.481192,-21.242388
5948,2979,REU.3.4_1,REU.3.4_1,0.13164532083181,0.685829593307766,0.554184272475955,2025.1012313915,2025.23287671233,CHIKV_RUN_S29b56_2025,55.288787,-21.183377
4625,1506,REU.4.3_1,REU.4.8_1,0.123454497285592,0.685829593307766,0.562375096022174,2025.10942221504,2025.23287671233,CHIKV_RUN_S29b88_2025,55.451557,-21.300363
5077,2327,REU.3.1_1,REU.4.8_1,0.120604384614489,0.685829593307766,0.565225208693276,2025.11227232771,2025.23287671233,CHIKV_RUN_S29b39_2025,55.516578,-21.309344
3725,706,REU.4.8_1,REU.2.3_1,0.116617679673734,0.685829593307766,0.569211913634032,2025.11625903266,2025.23287671233,CHIKV_RUN_S30b14_2025,55.473548,-20.902942
3988,1347,REU.4.3_1,REU.3.5_1,0.106095788127195,0.685829593307766,0.57973380518057,2025.1267809242,2025.23287671233,CHIKV_RUN_S29b26_2025,55.25465,-21.069648
5692,3112,REU.3.1_1,REU.4.6_1,0.101537661235558,0.685829593307766,0.584291932072207,2025.13133905109,2025.23287671233,CHIKV_RUN_S29b31_2025,55.44915,-21.274098
5421,2183,REU.4.8_1,REU.3.5_1,0.0999270271132562,0.685829593307766,0.585902566194509,2025.13294968522,2025.23287671233,CHIKV_RUN_S30b21_2025,55.307555,-21.067372
4072,273,REU.4.8_1,REU.3.5_1,0.0967602379176642,0.685829593307766,0.589069355390101,2025.13611647441,2025.23287671233,CHIKV_RUN_S29b54_2025,55.321308,-21.011437
3546,1483,REU.3.5_1,REU.4.8_1,0.0952879794885674,0.685829593307766,0.590541613819198,2025.13758873284,2025.23287671233,CHIKV_RUN_S29b71_2025,55.48053,-21.314712
6096,2218,REU.4.3_1,REU.3.5_1,0.0932918112373111,0.685829593307766,0.592537782070454,2025.13958490109,2025.23287671233,CHIKV_RUN_S30b54_2025,55.244143,-21.098996
4312,485,REU.2.3_1,REU.2.3_1,0.0907454291719776,0.685829593307766,0.595084164135788,2025.14213128316,2025.23287671233,CHIKV_RUN_S29b78_2025,55.493469,-20.929432
3901,1224,REU.4.5_1,REU.4.8_1,0.0896520161711011,0.685829593307766,0.596177577136665,2025.14322469616,2025.23287671233,CHIKV_RUN_S26b26_2025,55.48502,-21.350769
6019,2882,REU.2.3_1,REU.1.3_1,0.0892804510329525,0.685829593307765,0.596549142274813,2025.1435962613,2025.23287671233,CHIKV_RUN_S30b20_2025,55.648787,-20.958197
6177,1941,REU.4.3_1,REU.3.1_1,0.0892555772863216,0.685829593307766,0.596574016021444,2025.14362113504,2025.23287671233,CHIKV_RUN_S30b22_2025,55.390491,-21.258565
4668,1727,REU.4.3_1,REU.4.3_1,0.0853477031865766,0.685829593307766,0.600481890121189,2025.14752900914,2025.23287671233,CHIKV_RUN_S29b89_2025,55.532818,-21.262849
3474,1007,REU.2.3_1,REU.2.3_1,0.0792820830650921,0.685829593307766,0.606547510242674,2025.15359462926,2025.23287671233,CHIKV_RUN_S27b75_2025,55.45207,-20.892308
6120,2030,REU.4.6_1,REU.4.3_1,0.0779671468657804,0.685829593307766,0.607862446441985,2025.15490956546,2025.23287671233,CHIKV_RUN_S29b35_2025,55.534454,-21.309552
5205,40,REU.2.3_1,REU.2.3_1,0.0771495874365693,0.685829593307766,0.608680005871196,2025.15572712489,2025.23287671233,CHIKV_RUN_S30b24_2025,55.477237,-20.892938
4544,1463,REU.2.3_1,REU.3.5_1,0.0736176845670028,0.685829593307766,0.612211908740763,2025.15925902776,2025.23287671233,CHIKV_RUN_S29b77_2025,55.291629,-21.023749
4168,1342,REU.4.8_1,REU.4.5_1,0.073239609459262,0.685829593307766,0.612589983848504,2025.15963710287,2025.23287671233,CHIKV_RUN_S29b44_2025,55.614635,-21.35192
4323,372,REU.2.3_1,REU.2.3_1,0.0706385741407975,0.685829593307766,0.615191019166968,2025.16223813819,2025.23287671233,CHIKV_RUN_S29b91_2025,55.48115,-20.939002
4102,618,REU.4.8_1,REU.3.5_1,0.0673446281454763,0.685829593307766,0.618484965162289,2025.16553208418,2025.23287671233,CHIKV_RUN_S29b95_2025,55.32108,-20.978951
3780,673,REU.4.3_1,REU.4.3_1,0.0640916650743146,0.685829593307766,0.621737928233451,2025.16878504725,2025.23287671233,CHIKV_RUN_S30b15_2025,55.519874,-21.295961
6169,2227,REU.4.8_1,REU.4.2_1,0.062551972009435,0.685829593307766,0.623277621298331,2025.17032474032,2025.23287671233,CHIKV_RUN_S30b13_2025,55.478721,-21.245888
6199,1885,REU.3.5_1,REU.3.5_1,0.0559121741457285,0.685829593307766,0.629917419162037,2025.17696453818,2025.23287671233,CHIKV_RUN_S29b25_2025,55.233036,-21.051744
3300,329,REU.2.3_1,REU.2.3_1,0.0502614231861122,0.685829593307765,0.635568170121653,2025.18261528914,2025.23287671233,CHIKV_RUN_S29b90_2025,55.448386,-20.891579
3398,1686,REU.4.8_1,REU.4.8_1,0.0458049366245774,0.685829593307765,0.640024656683188,2025.1870717757,2025.23287671233,CHIKV_RUN_S29b38_2025,55.466852,-21.311768
4397,531,REU.4.3_1,REU.4.3_1,0.0427148400996833,0.685829593307766,0.643114753208082,2025.19016187223,2025.23287671233,CHIKV_RUN_S29b32_2025,55.516323,-21.280708
4445,127,REU.4.8_1,REU.2.3_1,0.0380267532859507,0.685829593307765,0.647802840021815,2025.19484995904,2025.23287671233,CHIKV_RUN_S29b92_2025,55.463604,-20.889254
4359,542,REU.2.3_1,REU.2.3_1,0.0359428912685849,0.685829593307766,0.649886702039181,2025.19693382106,2025.23287671233,CHIKV_RUN_S29b20_2025,55.48462,-20.918816
4183,1637,REU.4.8_1,REU.2.3_1,0.0359274224147896,0.685829593307765,0.649902170892976,2025.19694928991,2025.23287671233,CHIKV_RUN_S29b22_2025,55.442158,-20.898816
3323,1580,REU.4.3_1,REU.4.3_1,0.034221981822704,0.685829593307766,0.651607611485062,2025.19865473051,2025.23287671233,CHIKV_RUN_S30b18_2025,55.498967,-21.260889
5701,2557,REU.4.3_1,REU.4.3_1,0.0308321768903291,0.685829593307766,0.654997416417436,2025.20204453544,2025.23287671233,CHIKV_RUN_S30b23_2025,55.506225,-21.265423
4927,1779,REU.4.8_1,REU.1.3_1,0.0284321146483383,0.685829593307766,0.657397478659427,2025.20444459768,2025.23287671233,CHIKV_RUN_S29b21_2025,55.651897,-20.943829
4126,610,REU.4.3_1,REU.4.3_1,0.0279805753183726,0.685829593307766,0.657849017989393,2025.20489613701,2025.23287671233,CHIKV_RUN_S29b42_2025,55.537179,-21.310369
5186,10,REU.3.5_1,REU.3.5_1,0.0253181030490479,0.685829593307766,0.660511490258718,2025.20755860928,2025.23287671233,CHIKV_RUN_S30b10_2025,55.226263,-21.077926
4145,1285,REU.4.5_1,REU.4.5_1,0.0201074444643619,0.685829593307766,0.665722148843404,2025.21276926786,2025.23287671233,CHIKV_RUN_S29b33_2025,55.664752,-21.360162
4401,562,REU.3.4_1,REU.3.4_1,0.016083754226919,0.685829593307766,0.669745839080847,2025.2167929581,2025.23287671233,CHIKV_RUN_S29b43_2025,55.298165,-21.226046
3387,1746,REU.3.5_1,REU.3.5_1,0.00557006710362906,0.685829593307766,0.680259526204137,2025.22730664523,2025.23287671233,CHIKV_RUN_S30b55_2025,55.232065,-21.050408
4186,275,REU.4.5_1,REU.4.5_1,0.0047635362182582,0.685829593307766,0.681066057089507,2025.22811317611,2025.23287671233,CHIKV_RUN_S29b86_2025,55.593094,-21.373976
4633,1499,REU.4.3_1,REU.4.3_1,0.00474505161644367,0.685829593307766,0.681084541691322,2025.22813166071,2025.23287671233,CHIKV_RUN_S29b81_2025,55.522463,-21.260579
5827,3075,REU.4.6_1,REU.4.6_1,0.00322869492214695,0.685829593307766,0.682600898385619,2025.22964801741,2025.23287671233,CHIKV_RUN_S29b40_2025,55.439202,-21.264002
3276,3277,REU.2.3_1,REU.2.3_1,0.0921571970644084,0.685876687294349,0.59371949022994,2025.14076660925,2025.23292380632,NA,NA,NA
4195,4196,REU.2.3_1,REU.2.3_1,0.0492735561846329,0.685894532600275,0.636620976415642,2025.18366809544,2025.23294165162,NA,NA,NA
4982,4983,REU.2.3_1,REU.2.3_1,0.206807087257349,0.68630644205408,0.479499354796731,2025.02654647382,2025.23335356108,NA,NA,NA
5020,5021,REU.3.1_1,REU.2.3_1,0.0739133811597477,0.6864779309973,0.612564549837552,2025.15961166886,2025.23352505002,NA,NA,NA
3654,3655,REU.4.6_1,REU.4.6_1,0.0509021729878787,0.686702810845984,0.635800637858105,2025.18284775688,2025.23374992987,NA,NA,NA
6113,6114,REU.3.1_1,REU.3.1_1,0.0865968170296341,0.686729836575235,0.600133019545601,2025.14718013857,2025.2337769556,NA,NA,NA
4303,4304,REU.2.3_1,REU.2.3_1,0.0562549102327314,0.686832152217276,0.630577241984545,2025.17762436101,2025.23387927124,NA,NA,NA
3244,3245,REU.4.3_1,REU.2.3_1,0.1193150473869,0.686999503092524,0.567684455705624,2025.11473157473,2025.23404662211,NA,NA,NA
3272,3275,REU.4.3_1,REU.2.3_1,0.113272199958762,0.687107275434955,0.573835075476193,2025.1208821945,2025.23415439446,NA,NA,NA
3478,3479,REU.3.5_1,REU.3.5_1,0.118918301287434,0.687234142493406,0.568315841205971,2025.11536296023,2025.23428126151,NA,NA,NA
6202,6203,REU.3.5_1,REU.3.5_1,0.039446317129862,0.687272023970556,0.647825706840694,2025.19487282586,2025.23431914299,NA,NA,NA
5024,5025,REU.4.8_1,REU.4.8_1,0.0156813539147623,0.687883270512323,0.672201916597561,2025.21924903562,2025.23493038953,NA,NA,NA
4725,4726,REU.4.5_1,REU.4.5_1,0.10355626889033,0.68793166142731,0.58437539253698,2025.13142251156,2025.23497878045,NA,NA,NA
5916,5917,REU.4.8_1,REU.4.8_1,0.094360297874489,0.688044803769446,0.593684505894957,2025.14073162492,2025.23509192279,NA,NA,NA
5160,5161,REU.4.3_1,REU.4.3_1,0.217973373570939,0.68825376008649,0.470280386515551,2025.01732750554,2025.23530087911,NA,NA,NA
4416,416,REU.2.3_1,REU.2.5_1,0.214807018182268,0.688569319335123,0.473762301152855,2025.02080942017,2025.23561643836,CHIKV_RUN_S29b66_2025,55.595296,-20.911144
4882,1379,REU.2.3_1,REU.2.5_1,0.167041626943893,0.688569319335123,0.52152769239123,2025.06857481141,2025.23561643836,CHIKV_RUN_S29b30_2025,55.605591,-20.904544
5052,2741,REU.4.5_1,REU.4.5_1,0.13506823572385,0.688569319335123,0.553501083611273,2025.10054820263,2025.23561643836,CHIKV_RUN_S30b75_2025,55.606595,-21.320218
5441,2139,REU.4.8_1,REU.4.3_1,0.131427430993888,0.688569319335123,0.557141888341235,2025.10418900736,2025.23561643836,CHIKV_RUN_S29b53_2025,55.501525,-21.239828
4718,183,REU.4.7_1,REU.4.7_1,0.12472525503897,0.688569319335123,0.563844064296153,2025.11089118332,2025.23561643836,CHIKV_RUN_S29b46_2025,55.737899,-21.367581
5411,2350,REU.4.5_1,REU.3.5_1,0.120695146940358,0.688569319335123,0.567874172394766,2025.11492129142,2025.23561643836,CHIKV_RUN_S29b65_2025,55.256009,-21.106651
4502,603,REU.4.3_1,REU.4.3_1,0.118736351358318,0.688569319335123,0.569832967976805,2025.116880087,2025.23561643836,CHIKV_RUN_S29b55_2025,55.519951,-21.277356
5988,3003,REU.4.6_1,REU.3.2_1,0.115071591948503,0.688569319335123,0.57349772738662,2025.12054484641,2025.23561643836,CHIKV_RUN_S42b11_2025,55.335254,-21.241644
4631,1503,REU.4.3_1,REU.4.4_1,0.105622387017514,0.688569319335123,0.582946932317609,2025.12999405134,2025.23561643836,CHIKV_RUN_S30b37_2025,55.563462,-21.360667
3889,1241,REU.4.8_1,REU.4.8_1,0.0954256328397012,0.688569319335123,0.593143686495422,2025.14019080552,2025.23561643836,CHIKV_RUN_S29b60_2025,55.459004,-21.336513
5128,2276,REU.4.8_1,REU.4.3_1,0.0936135005189238,0.688569319335123,0.594955818816199,2025.14200293784,2025.23561643836,CHIKV_RUN_S29b45_2025,55.50628,-21.26204
5633,1785,REU.2.3_1,REU.2.3_1,0.0890580145635158,0.688569319335123,0.599511304771607,2025.14655842379,2025.23561643836,CHIKV_RUN_S29b63_2025,55.48458,-20.888669
5185,8,REU.3.5_1,REU.2.3_1,0.0845619750685037,0.688569319335123,0.604007344266619,2025.15105446329,2025.23561643836,CHIKV_RUN_S31b47_2025,55.430711,-20.890506
4802,90,REU.4.8_1,REU.3.3_1,0.084296632876439,0.688569319335123,0.604272686458684,2025.15131980548,2025.23561643836,CHIKV_RUN_S31b17_2025,55.292351,-21.106334
4697,1641,REU.4.3_1,REU.2.3_1,0.0840295281887761,0.688569319335123,0.604539791146347,2025.15158691017,2025.23561643836,CHIKV_RUN_S29b28_2025,55.458475,-20.893018
5018,2579,REU.4.6_1,REU.2.3_1,0.0836488953983902,0.688569319335123,0.604920423936733,2025.15196754296,2025.23561643836,CHIKV_RUN_S29b47_2025,55.444796,-20.89773
5682,2372,REU.3.4_1,REU.3.4_1,0.0828791474864945,0.688569319335123,0.605690171848629,2025.15273729087,2025.23561643836,CHIKV_RUN_S31b22_2025,55.292571,-21.136332
5363,2402,REU.3.4_1,REU.3.4_1,0.0825538672629921,0.688569319335123,0.606015452072131,2025.15306257109,2025.23561643836,CHIKV_RUN_S30b56_2025,55.305528,-21.214523
6069,2904,REU.2.3_1,REU.2.3_1,0.0743786988584352,0.688569319335123,0.614190620476688,2025.1612377395,2025.23561643836,CHIKV_RUN_S29b29_2025,55.463836,-20.896781
3503,963,REU.2.2_1,REU.2.2_1,0.0733827624673483,0.688569319335123,0.615186556867775,2025.16223367589,2025.23561643836,CHIKV_RUN_S31b80_2025,55.30829,-20.93674
3777,677,REU.4.3_1,REU.4.2_1,0.0709153071973602,0.688569319335123,0.617654012137763,2025.16470113116,2025.23561643836,CHIKV_RUN_S30b26_2025,55.496161,-21.24069
5275,2058,REU.4.5_1,REU.4.5_1,0.0681025385759885,0.688569319335123,0.620466780759135,2025.16751389978,2025.23561643836,CHIKV_RUN_S30b52_2025,55.633093,-21.379684
3389,1473,REU.3.1_1,REU.2.3_1,0.0677696660737181,0.688569319335123,0.620799653261405,2025.16784677228,2025.23561643836,CHIKV_RUN_S29b17_2025,55.449124,-20.893649
3919,1239,REU.4.4_1,REU.4.4_1,0.0649607437144903,0.688569319335123,0.623608575620632,2025.17065569464,2025.23561643836,CHIKV_RUN_S29b52_2025,55.57698,-21.337369
4934,1830,REU.4.8_1,REU.2.3_1,0.0647216279749953,0.688569319335123,0.623847691360128,2025.17089481038,2025.23561643836,CHIKV_RUN_S29b15_2025,55.452436,-20.89184
6016,2879,REU.2.3_1,REU.3.5_1,0.0637114269091302,0.688569319335123,0.624857892425993,2025.17190501145,2025.23561643836,CHIKV_RUN_S31b23_2025,55.22755,-21.081698
4068,923,REU.4.8_1,REU.2.4_1,0.0603662504622746,0.688569319335123,0.628203068872848,2025.17525018789,2025.23561643836,CHIKV_RUN_S29b74_2025,55.522971,-20.926297
3346,1332,REU.3.5_1,REU.3.5_1,0.0601493994366747,0.688569319335123,0.628419919898448,2025.17546703892,2025.23561643836,CHIKV_RUN_S31b86_2025,55.229846,-21.027991
4143,1605,REU.4.8_1,REU.4.6_1,0.0592763463615558,0.688569319335123,0.629292972973567,2025.17634009199,2025.23561643836,CHIKV_RUN_S29b59_2025,55.413884,-21.288321
3429,982,REU.2.3_1,REU.2.3_1,0.0590687902821443,0.688569319335123,0.629500529052979,2025.17654764807,2025.23561643836,CHIKV_RUN_S29b62_2025,55.490852,-20.906489
4119,1031,REU.4.8_1,REU.3.5_1,0.0558397755013929,0.688569319335123,0.63272954383373,2025.17977666285,2025.23561643836,CHIKV_RUN_S31b12_2025,55.269664,-21.036141
3600,631,REU.4.3_1,REU.3.5_1,0.0502690323429162,0.688569319335123,0.638300286992207,2025.18534740601,2025.23561643836,CHIKV_RUN_S31b78_2025,55.274841,-21.095882
3542,251,REU.3.5_1,REU.3.5_1,0.041412390274238,0.688569319335123,0.647156929060885,2025.19420404808,2025.23561643836,CHIKV_RUN_S31b19_2025,55.272887,-21.086919
3141,2634,REU.3.1_1,REU.4.8_1,0.0389617882287938,0.688569319335123,0.649607531106329,2025.19665465013,2025.23561643836,CHIKV_RUN_S30b29_2025,55.461892,-21.302238
5668,2600,REU.3.5_1,REU.3.5_1,0.0384365100272515,0.688569319335123,0.650132809307872,2025.19717992833,2025.23561643836,CHIKV_RUN_S42b16_2025,55.262479,-21.041451
5092,1821,REU.4.8_1,REU.4.8_1,0.0374476863758466,0.688569319335123,0.651121632959276,2025.19816875198,2025.23561643836,CHIKV_RUN_S29b24_2025,55.488598,-21.348668
4792,77,REU.4.8_1,REU.2.3_1,0.0370755291317584,0.688569319335123,0.651493790203365,2025.19854090922,2025.23561643836,CHIKV_RUN_S29b16_2025,55.457508,-20.890217
5947,2967,REU.4.3_1,REU.4.3_1,0.0365485790475323,0.688569319335123,0.652020740287591,2025.19906785931,2025.23561643836,CHIKV_RUN_S42b13_2025,55.509603,-21.277875
5454,2686,REU.4.8_1,REU.3.5_1,0.0347042652264056,0.688569319335123,0.653865054108717,2025.20091217313,2025.23561643836,CHIKV_RUN_S31b81_2025,55.230356,-21.061674
3873,1245,REU.4.4_1,REU.4.5_1,0.0320310571785081,0.688569319335123,0.656538262156615,2025.20358538118,2025.23561643836,CHIKV_RUN_S29b57_2025,55.605886,-21.329862
4409,570,REU.4.3_1,REU.4.3_1,0.0310729256489652,0.688569319335123,0.657496393686158,2025.20454351271,2025.23561643836,CHIKV_RUN_S29b37_2025,55.498189,-21.247328
5571,2639,REU.3.5_1,REU.3.5_1,0.0299930013453406,0.688569319335123,0.658576317989782,2025.20562343701,2025.23561643836,CHIKV_RUN_S42b08_2025,55.326384,-20.987562
4832,1457,REU.4.8_1,REU.3.5_1,0.0289048701513728,0.688569319335123,0.65966444918375,2025.2067115682,2025.23561643836,CHIKV_RUN_S29b51_2025,55.295015,-21.038842
6185,2237,REU.3.5_1,REU.3.5_1,0.0220617419101481,0.688569319335123,0.666507577424975,2025.21355469645,2025.23561643836,CHIKV_RUN_S42b12_2025,55.33153,-20.981613
4314,591,REU.4.8_1,REU.4.5_1,0.0219755706731772,0.688569319335123,0.666593748661946,2025.21364086768,2025.23561643836,CHIKV_RUN_S29b58_2025,55.673618,-21.376441
3754,725,REU.2.3_1,REU.2.3_1,0.0113872515889608,0.688569319335123,0.677182067746162,2025.22422918677,2025.23561643836,CHIKV_RUN_S30b16_2025,55.458044,-20.904445
3277,359,REU.2.3_1,REU.2.3_1,0.00269263204077408,0.688569319335123,0.685876687294349,2025.23292380632,2025.23561643836,CHIKV_RUN_S29b61_2025,55.475102,-20.892769
3747,3748,REU.4.3_1,REU.4.3_1,0.116759891137653,0.688627234761143,0.571867343623489,2025.11891446264,2025.23567435378,NA,NA,NA
5895,5896,REU.4.6_1,REU.4.6_1,0.0832783170274732,0.688745887423486,0.605467570396013,2025.15251468942,2025.23579300644,NA,NA,NA
5003,5004,REU.2.3_1,REU.2.5_1,0.0415024965557811,0.690122943431241,0.64862044687546,2025.1956675659,2025.23717006245,NA,NA,NA
4862,4863,REU.1.3_1,REU.1.3_1,0.0382344814760217,0.690544948821506,0.652310467345484,2025.19935758637,2025.23759206784,NA,NA,NA
4449,4450,REU.4.8_1,REU.2.3_1,0.0477049036673748,0.690557976879329,0.642853073211954,2025.18990019223,2025.2376050959,NA,NA,NA
5292,2077,REU.4.5_1,REU.3.4_1,0.18812861420687,0.69130904536248,0.50318043115561,2025.05022755018,2025.23835616438,CHIKV_RUN_S26b24_2025,55.300262,-21.173704
5026,2176,REU.4.6_1,REU.4.6_1,0.168724300047121,0.69130904536248,0.522584745315359,2025.06963186434,2025.23835616438,CHIKV_RUN_S30b46_2025,55.420706,-21.274223
5489,2663,REU.4.8_1,REU.4.1_1,0.146892105554156,0.69130904536248,0.544416939808325,2025.09146405883,2025.23835616438,CHIKV_RUN_S30b71_2025,55.470808,-21.138398
5469,2667,REU.3.1_1,REU.3.2_1,0.146777705307652,0.69130904536248,0.544531340054828,2025.09157845908,2025.23835616438,CHIKV_RUN_S30b61_2025,55.361373,-21.213462
5749,1936,REU.4.6_1,REU.4.6_1,0.136021734253005,0.69130904536248,0.555287311109475,2025.10233443013,2025.23835616438,CHIKV_RUN_S30b28_2025,55.435364,-21.268531
5080,2323,REU.3.1_1,REU.4.6_1,0.12863603266256,0.69130904536248,0.562673012699921,2025.10972013172,2025.23835616438,CHIKV_RUN_S30b63_2025,55.447786,-21.271412
5281,2041,REU.4.5_1,REU.4.5_1,0.113256164392978,0.69130904536248,0.578052880969503,2025.12509999999,2025.23835616438,CHIKV_RUN_S30b34_2025,55.659141,-21.357791
6122,2487,REU.3.1_1,REU.4.8_1,0.0976876342328988,0.69130904536248,0.593621411129582,2025.14066853015,2025.23835616438,CHIKV_RUN_S30b62_2025,55.48122,-21.322084
5649,2596,REU.4.8_1,REU.4.4_1,0.0943557363311127,0.69130904536248,0.596953309031368,2025.14400042805,2025.23835616438,CHIKV_RUN_S30b57_2025,55.561053,-21.354422
4466,160,REU.3.5_1,REU.3.5_1,0.0940317884652777,0.69130904536248,0.597277256897203,2025.14432437592,2025.23835616438,CHIKV_RUN_S31b32_2025,55.272565,-21.081898
3575,1163,REU.4.8_1,REU.3.4_1,0.090929350793695,0.69130904536248,0.600379694568785,2025.14742681359,2025.23835616438,CHIKV_RUN_S31b52_2025,55.296204,-21.203808
6150,1850,REU.3.1_1,REU.2.1_1,0.0878678396642709,0.69130904536248,0.60344120569821,2025.15048832472,2025.23835616438,CHIKV_RUN_S31b27_2025,55.341257,-20.947574
3985,295,REU.4.3_1,REU.2.3_1,0.087293196043637,0.69130904536248,0.604015849318843,2025.15106296834,2025.23835616438,CHIKV_RUN_S30b43_2025,55.457472,-20.886396
5446,1960,REU.4.5_1,REU.4.6_1,0.0862965451768463,0.69130904536248,0.605012500185634,2025.15205961921,2025.23835616438,CHIKV_RUN_S30b70_2025,55.444091,-21.264059
4458,142,REU.4.8_1,REU.4.8_1,0.0862366315031731,0.69130904536248,0.605072413859307,2025.15211953288,2025.23835616438,CHIKV_RUN_S30b35_2025,55.456737,-21.304468
4891,1377,REU.2.4_1,REU.2.4_1,0.0755860021497577,0.69130904536248,0.615723043212723,2025.16277016223,2025.23835616438,CHIKV_RUN_S30b40_2025,55.559144,-20.90001
3617,830,REU.4.8_1,REU.3.5_1,0.0750704569870584,0.69130904536248,0.616238588375422,2025.1632857074,2025.23835616438,CHIKV_RUN_S31b06_2025,55.306962,-21.089143
3399,1685,REU.4.8_1,REU.4.3_1,0.0718094295312759,0.69130904536248,0.619499615831204,2025.16654673485,2025.23835616438,CHIKV_RUN_S26b22_2025,55.543024,-21.238465
4109,1701,REU.4.8_1,REU.4.8_1,0.0702406238451945,0.69130904536248,0.621068421517286,2025.16811554054,2025.23835616438,CHIKV_RUN_S30b47_2025,55.462542,-21.29378
5685,2363,REU.3.1_1,REU.3.4_1,0.069474099751433,0.69130904536248,0.621834945611047,2025.16888206463,2025.23835616438,CHIKV_RUN_S30b69_2025,55.300283,-21.174019
6053,2925,REU.2.3_1,REU.2.3_1,0.0666817146521984,0.69130904536248,0.624627330710282,2025.17167444973,2025.23835616438,CHIKV_RUN_S29b68_2025,55.504931,-20.911832
5536,2530,REU.4.1_1,REU.4.1_1,0.0666194723730962,0.69130904536248,0.624689572989384,2025.17173669201,2025.23835616438,CHIKV_RUN_S30b30_2025,55.468557,-21.135506
4493,1625,REU.3.5_1,REU.3.5_1,0.063581346307747,0.69130904536248,0.627727699054733,2025.17477481808,2025.23835616438,CHIKV_RUN_S31b14_2025,55.305816,-21.027193
3348,1327,REU.3.5_1,REU.3.5_1,0.0562374884236065,0.691309045362481,0.635071556938874,2025.18211867596,2025.23835616438,CHIKV_RUN_S31b11_2025,55.257712,-21.05941
5661,2599,REU.4.8_1,REU.3.5_1,0.0551906149479724,0.69130904536248,0.636118430414508,2025.18316554944,2025.23835616438,CHIKV_RUN_S31b24_2025,55.321666,-20.982034
3493,970,REU.3.5_1,REU.3.5_1,0.0500798278698356,0.69130904536248,0.641229217492645,2025.18827633651,2025.23835616438,CHIKV_RUN_S31b16_2025,55.278268,-21.047869
4666,1720,REU.2.3_1,REU.3.5_1,0.0498855013443589,0.69130904536248,0.641423544018122,2025.18847066304,2025.23835616438,CHIKV_RUN_S31b18_2025,55.27004,-21.038134
3709,861,REU.4.8_1,REU.4.8_1,0.0411717775559517,0.69130904536248,0.650137267806529,2025.19718438683,2025.23835616438,CHIKV_RUN_S30b60_2025,55.453675,-21.299911
4805,96,REU.4.8_1,REU.4.4_1,0.0402843493239049,0.69130904536248,0.651024696038575,2025.19807181506,2025.23835616438,CHIKV_RUN_S30b67_2025,55.539696,-21.338031
6065,2923,REU.2.3_1,REU.2.3_1,0.0395429506217635,0.69130904536248,0.651766094740717,2025.19881321376,2025.23835616438,CHIKV_RUN_S29b70_2025,55.490149,-20.929323
4264,466,REU.2.3_1,REU.2.3_1,0.0362153981266474,0.69130904536248,0.655093647235833,2025.20214076626,2025.23835616438,CHIKV_RUN_S29b69_2025,55.5024,-20.917869
3431,1004,REU.2.3_1,REU.2.3_1,0.0352255876341937,0.69130904536248,0.656083457728287,2025.20313057675,2025.23835616438,CHIKV_RUN_S30b45_2025,55.480475,-20.915215
3808,835,REU.1.3_1,REU.1.3_1,0.0123018777231227,0.69130904536248,0.679007167639358,2025.22605428666,2025.23835616438,CHIKV_RUN_S30b68_2025,55.650322,-20.936429
3479,948,REU.3.5_1,REU.3.5_1,0.00407490286907464,0.69130904536248,0.687234142493406,2025.23428126151,2025.23835616438,CHIKV_RUN_S31b09_2025,55.284423,-20.989727
5896,2153,REU.4.6_1,REU.4.6_1,0.00256315793899431,0.69130904536248,0.688745887423486,2025.23579300644,2025.23835616438,CHIKV_RUN_S30b53_2025,55.44237,-21.273582
5004,1988,REU.2.5_1,REU.2.5_1,0.00118610193123936,0.69130904536248,0.690122943431241,2025.23717006245,2025.23835616438,CHIKV_RUN_S30b44_2025,55.583011,-20.933066
4540,4541,REU.4.8_1,REU.2.1_1,0.0813676461580611,0.691402989763721,0.61003534360566,2025.15708246263,2025.23845010878,NA,NA,NA
3885,3886,REU.4.4_1,REU.4.4_1,0.0650241294060773,0.691677728182487,0.62665359877641,2025.1737007178,2025.2387248472,NA,NA,NA
4569,4570,REU.4.3_1,REU.4.8_1,0.120006488027899,0.691883764189245,0.571877276161346,2025.11892439518,2025.23893088321,NA,NA,NA
5301,5302,REU.4.5_1,REU.4.5_1,0.0887825667368546,0.692236916447497,0.603454349710643,2025.15050146873,2025.23928403547,NA,NA,NA
5949,5951,REU.3.4_1,REU.2.3_1,0.189689647053418,0.69236241989445,0.502672772841032,2025.04971989186,2025.23940953892,NA,NA,NA
3324,3325,REU.4.3_1,REU.4.3_1,0.0406821502869065,0.692876384225555,0.652194233938648,2025.19924135296,2025.23992350325,NA,NA,NA
4855,4856,REU.2.3_1,REU.4.8_1,0.0347525270612312,0.693091469604417,0.658338942543186,2025.20538606156,2025.24013858863,NA,NA,NA
3296,3299,REU.2.3_1,REU.2.3_1,0.127801516387065,0.693197135759963,0.565395619372898,2025.11244273839,2025.24024425478,NA,NA,NA
4158,4159,REU.4.8_1,REU.4.8_1,0.0451860377284763,0.693536314093428,0.648350276364952,2025.19539739539,2025.24058343311,NA,NA,NA
3168,3169,REU.3.1_1,REU.4.8_1,0.0778447569295703,0.693693865128179,0.615849108198609,2025.16289622722,2025.24074098415,NA,NA,NA
5477,5478,REU.3.1_1,REU.4.8_1,0.0440334223474674,0.694010583737127,0.649977161389659,2025.19702428041,2025.24105770276,NA,NA,NA
5897,920,REU.4.8_1,REU.4.3_1,0.220743856577335,0.694048771389838,0.473304914812503,2025.02035203383,2025.24109589041,CHIKV_RUN_S31b29_2025,55.523975,-21.277892
3999,1573,REU.4.8_1,REU.3.5_1,0.159087255351555,0.694048771389838,0.534961516038283,2025.08200863506,2025.24109589041,CHIKV_RUN_S31b61_2025,55.29503,-20.985611
5874,3015,REU.4.8_1,REU.4.4_1,0.156630077371036,0.694048771389838,0.537418694018801,2025.08446581304,2025.24109589041,CHIKV_RUN_S30b85_2025,55.560982,-21.346807
4563,1344,REU.4.3_1,REU.4.3_1,0.154182297299407,0.694048771389838,0.539866474090431,2025.08691359311,2025.24109589041,CHIKV_RUN_S30b81_2025,55.508517,-21.242827
4560,1294,REU.2.3_1,REU.1.4_1,0.146973041913393,0.694048771389838,0.547075729476445,2025.0941228485,2025.24109589041,CHIKV_RUN_S33b13_2025,55.724049,-21.088814
3515,883,REU.4.3_1,REU.4.3_1,0.131590482256896,0.694048771389838,0.562458289132942,2025.10950540815,2025.24109589041,CHIKV_RUN_S30b76_2025,55.523173,-21.24821
4556,1603,REU.4.3_1,REU.3.5_1,0.126727692164723,0.694048771389838,0.567321079225114,2025.11436819825,2025.24109589041,CHIKV_RUN_S30b95_2025,55.224623,-21.074636
4744,229,REU.4.5_1,REU.4.7_1,0.12180991793568,0.694048771389838,0.572238853454158,2025.11928597248,2025.24109589041,CHIKV_RUN_S30b88_2025,55.769089,-21.357285
3906,1242,REU.4.4_1,REU.4.4_1,0.121249765436376,0.694048771389838,0.572799005953461,2025.11984612497,2025.24109589041,CHIKV_RUN_S31b20_2025,55.560447,-21.351132
5412,2347,REU.4.5_1,REU.2.1_1,0.112404014922681,0.694048771389838,0.581644756467157,2025.12869187549,2025.24109589041,CHIKV_RUN_S31b21_2025,55.334207,-20.966192
4572,1435,REU.4.3_1,REU.4.4_1,0.112067941400561,0.694048771389838,0.581980829989277,2025.12902794901,2025.24109589041,CHIKV_RUN_S30b83_2025,55.561076,-21.353401
4366,522,REU.3.5_1,REU.3.5_1,0.110848971572071,0.694048771389838,0.583199799817766,2025.13024691884,2025.24109589041,CHIKV_RUN_S31b07_2025,55.319073,-20.991453
4425,135,REU.2.3_1,REU.2.2_1,0.109632906938879,0.694048771389838,0.584415864450958,2025.13146298347,2025.24109589041,CHIKV_RUN_S31b70_2025,55.30402,-20.942047
5328,2434,REU.3.4_1,REU.3.4_1,0.107859688562967,0.694048771389838,0.586189082826871,2025.13323620185,2025.24109589041,CHIKV_RUN_S30b73_2025,55.316598,-21.218075
4662,904,REU.4.3_1,REU.2.3_1,0.103463921021778,0.694048771389838,0.590584850368059,2025.13763196939,2025.24109589041,CHIKV_RUN_S30b51_2025,55.472983,-20.922081
5547,2185,REU.4.3_1,REU.1.1_1,0.0985188122113768,0.694048771389838,0.595529959178461,2025.1425770782,2025.24109589041,CHIKV_RUN_S30b41_2025,55.682137,-20.974956
4249,478,REU.2.3_1,REU.2.3_1,0.0975534520402307,0.694048771389838,0.596495319349607,2025.14354243837,2025.24109589041,CHIKV_RUN_S30b42_2025,55.489584,-20.932198
4464,163,REU.3.5_1,REU.3.5_1,0.0971069850747062,0.694048771389838,0.596941786315132,2025.14398890534,2025.24109589041,CHIKV_RUN_S31b59_2025,55.271355,-21.053519
3651,772,REU.4.6_1,REU.4.6_1,0.0946216954468125,0.694048771389838,0.599427075943025,2025.14647419496,2025.24109589041,CHIKV_RUN_S30b74_2025,55.450091,-21.272344
3683,658,REU.4.8_1,REU.4.8_1,0.0850099275151921,0.694048771389838,0.609038843874646,2025.1560859629,2025.24109589041,CHIKV_RUN_S30b89_2025,55.471427,-21.29194
6111,2177,REU.3.1_1,REU.2.3_1,0.0842831844925856,0.694048771389838,0.609765586897252,2025.15681270592,2025.24109589041,CHIKV_RUN_S31b55_2025,55.444215,-20.878738
4370,566,REU.4.3_1,REU.2.4_1,0.0799042196170587,0.694048771389838,0.614144551772779,2025.16119167079,2025.24109589041,CHIKV_RUN_S30b36_2025,55.514898,-20.922767
5083,1846,REU.3.1_1,REU.3.5_1,0.0798574060272406,0.694048771389838,0.614191365362597,2025.16123848438,2025.24109589041,CHIKV_RUN_S31b68_2025,55.321122,-20.98595
5754,2336,REU.4.8_1,REU.4.2_1,0.0734469060102053,0.694048771389838,0.620601865379632,2025.1676489844,2025.24109589041,CHIKV_RUN_S26b20_2025,55.47803,-21.249929
6224,3038,REU.4.3_1,REU.4.4_1,0.0717558052326217,0.694048771389838,0.622292966157216,2025.16934008518,2025.24109589041,CHIKV_RUN_S31b44_2025,55.5662,-21.350213
3337,1764,REU.4.8_1,REU.4.2_1,0.0695656423815716,0.694048771389838,0.624483129008266,2025.17153024803,2025.24109589041,CHIKV_RUN_S30b84_2025,55.469381,-21.248864
3438,983,REU.2.3_1,REU.2.3_1,0.0675926315993077,0.694048771389838,0.62645613979053,2025.17350325881,2025.24109589041,CHIKV_RUN_S30b39_2025,55.459113,-20.888358
4277,395,REU.4.3_1,REU.4.3_1,0.0635556402225672,0.694048771389838,0.630493131167271,2025.17754025019,2025.24109589041,CHIKV_RUN_S30b94_2025,55.514321,-21.270576
3492,959,REU.3.5_1,REU.3.5_1,0.0619159366840016,0.694048771389838,0.632132834705836,2025.17917995373,2025.24109589041,CHIKV_RUN_S31b50_2025,55.273589,-21.037075
3368,907,REU.3.5_1,REU.2.4_1,0.0611360965227221,0.694048771389838,0.632912674867116,2025.17995979389,2025.24109589041,CHIKV_RUN_S30b32_2025,55.54758,-20.897653
4523,1735,REU.2.3_1,REU.2.3_1,0.0609364230117457,0.694048771389838,0.633112348378092,2025.1801594674,2025.24109589041,CHIKV_RUN_S30b50_2025,55.483666,-20.911912
4765,211,REU.4.5_1,REU.4.5_1,0.0564916612096787,0.694048771389838,0.637557110180159,2025.1846042292,2025.24109589041,CHIKV_RUN_S30b78_2025,55.608949,-21.335723
6035,2866,REU.2.3_1,REU.2.3_1,0.0532943517983688,0.694048771389838,0.640754419591469,2025.18780153861,2025.24109589041,CHIKV_RUN_S30b31_2025,55.467272,-20.907725
3831,761,REU.4.3_1,REU.3.5_1,0.0478513281850307,0.694048771389838,0.646197443204807,2025.19324456223,2025.24109589041,CHIKV_RUN_S31b51_2025,55.334376,-20.988542
3831,717,REU.4.3_1,REU.4.3_1,0.0478513281850307,0.694048771389838,0.646197443204807,2025.19324456223,2025.24109589041,CHIKV_RUN_S31b25_2025,55.497735,-21.264245
5184,7,REU.3.5_1,REU.3.5_1,0.0473711052724485,0.694048771389838,0.646677666117389,2025.19372478514,2025.24109589041,CHIKV_RUN_S31b65_2025,55.231346,-21.053707
6202,1887,REU.3.5_1,REU.3.5_1,0.0462230645491438,0.694048771389838,0.647825706840694,2025.19487282586,2025.24109589041,CHIKV_RUN_S31b62_2025,55.283424,-20.983434
5921,2203,REU.3.4_1,REU.3.4_1,0.042786506706136,0.694048771389838,0.651262264683702,2025.1983093837,2025.24109589041,CHIKV_RUN_S31b08_2025,55.328769,-21.22958
6037,2891,REU.2.3_1,REU.2.4_1,0.0385683375540167,0.694048771389838,0.655480433835821,2025.20252755286,2025.24109589041,CHIKV_RUN_S30b33_2025,55.520113,-20.940545
3459,976,REU.2.3_1,REU.2.3_1,0.0341924461034293,0.694048771389838,0.659856325286409,2025.20690344431,2025.24109589041,CHIKV_RUN_S30b58_2025,55.488541,-20.891439
5755,1870,REU.4.8_1,REU.4.6_1,0.03338604568299,0.694048771389838,0.660662725706848,2025.20770984473,2025.24109589041,CHIKV_RUN_S30b80_2025,55.450501,-21.273463
3242,1122,REU.3.5_1,REU.3.5_1,0.03159307327898,0.694048771389838,0.662455698110858,2025.20950281713,2025.24109589041,CHIKV_RUN_S31b67_2025,55.266161,-21.086782
3298,342,REU.2.2_1,REU.2.2_1,0.0181644026755643,0.694048771389838,0.675884368714273,2025.22293148774,2025.24109589041,CHIKV_RUN_S31b84_2025,55.293544,-20.935991
4815,4816,REU.4.8_1,REU.2.3_1,0.106326770588449,0.6944677334133,0.588140962824851,2025.13518808185,2025.24151485243,NA,NA,NA
4510,4511,REU.2.3_1,REU.1.3_1,0.0624414127844755,0.69491169925054,0.632470286466064,2025.17951740549,2025.24195881827,NA,NA,NA
5497,5500,REU.4.3_1,REU.4.3_1,0.0820127193664706,0.694935683205314,0.612922963838843,2025.15997008286,2025.24198280223,NA,NA,NA
4224,4236,REU.4.3_1,REU.2.3_1,0.166930185542419,0.694945367791452,0.528015182249033,2025.07506230127,2025.24199248681,NA,NA,NA
6217,6218,REU.4.3_1,REU.3.5_1,0.0147495771249885,0.695014899901266,0.680265322776278,2025.2273124418,2025.24206201892,NA,NA,NA
3401,3402,REU.4.8_1,REU.4.3_1,0.073638343503126,0.695454223567027,0.621815880063901,2025.16886299908,2025.24250134259,NA,NA,NA
3635,3636,REU.4.8_1,REU.4.6_1,0.028669819112705,0.695479681790304,0.666809862677598,2025.2138569817,2025.24252680081,NA,NA,NA
4847,4848,REU.2.3_1,REU.1.1_1,0.103445528665522,0.695689947006572,0.59224441834105,2025.13929153736,2025.24273706603,NA,NA,NA
4666,4667,REU.2.3_1,REU.3.5_1,0.0543574252047685,0.69578096922289,0.641423544018122,2025.18847066304,2025.24282808824,NA,NA,NA
3854,3855,REU.4.8_1,REU.4.8_1,0.190061821257857,0.69579193506731,0.505730113809452,2025.05277723283,2025.24283905409,NA,NA,NA
5801,5802,REU.3.1_1,REU.4.8_1,0.116874809805564,0.695850290651505,0.578975480845941,2025.12602259987,2025.24289740967,NA,NA,NA
4333,4334,REU.2.3_1,REU.2.3_1,0.0587628827857175,0.695884590503511,0.637121707717794,2025.18416882674,2025.24293170952,NA,NA,NA
3485,3486,REU.3.5_1,REU.3.5_1,0.0640593398530089,0.696352536092434,0.632293196239425,2025.17934031526,2025.24339965511,NA,NA,NA
5125,5126,REU.4.8_1,REU.2.3_1,0.0321645674901632,0.696480340444692,0.664315772954529,2025.21136289198,2025.24352745947,NA,NA,NA
5717,2785,REU.4.8_1,REU.4.8_1,0.221519982953268,0.696788497417423,0.475268514464155,2025.02231563349,2025.24383561644,CHIKV_RUN_S31b42_2025,55.48181,-21.330446
3764,804,REU.4.8_1,REU.2.2_1,0.153733432324954,0.696788497417423,0.543055065092469,2025.09010218411,2025.24383561644,CHIKV_RUN_S31b77_2025,55.308875,-20.951313
3811,844,REU.4.3_1,REU.4.3_1,0.152558742200037,0.696788497417423,0.544229755217386,2025.09127687424,2025.24383561644,CHIKV_RUN_S31b10_2025,55.515475,-21.265196
4160,1465,REU.4.3_1,REU.4.5_1,0.145506390724047,0.696788497417423,0.551282106693375,2025.09832922571,2025.24383561644,CHIKV_RUN_S31b31_2025,55.597249,-21.361982
4796,85,REU.4.8_1,REU.2.2_1,0.134827676914238,0.696788497417423,0.561960820503184,2025.10900793952,2025.24383561644,CHIKV_RUN_S32b10_2025,55.301294,-20.939918
4216,409,REU.4.8_1,REU.1.6_1,0.13456346035148,0.696788497417423,0.562225037065942,2025.10927215609,2025.24383561644,CHIKV_RUN_S33b19_2025,55.523473,-21.062752
3716,756,REU.4.3_1,REU.3.5_1,0.130966935309933,0.696788497417423,0.56582156210749,2025.11286868113,2025.24383561644,CHIKV_RUN_S31b63_2025,55.281544,-21.042635
3734,846,REU.4.3_1,REU.4.3_1,0.123718210860735,0.696788497417423,0.573070286556688,2025.12011740558,2025.24383561644,CHIKV_RUN_S31b82_2025,55.518912,-21.264699
4768,219,REU.4.5_1,REU.4.5_1,0.120700271257455,0.696788497417423,0.576088226159968,2025.12313534518,2025.24383561644,CHIKV_RUN_S30b92_2025,55.617042,-21.379792
5105,2160,REU.2.2_1,REU.2.2_1,0.118870676336042,0.696788497417423,0.577917821081381,2025.1249649401,2025.24383561644,CHIKV_RUN_S32b05_2025,55.299459,-20.936075
3963,930,REU.4.3_1,REU.3.5_1,0.113428881312928,0.696788497417423,0.583359616104495,2025.13040673513,2025.24383561644,CHIKV_RUN_S32b07_2025,55.282841,-21.031306
4389,527,REU.4.3_1,REU.3.4_1,0.11259126504124,0.696788497417423,0.584197232376182,2025.1312443514,2025.24383561644,CHIKV_RUN_S32b09_2025,55.304125,-21.156785
3744,737,REU.4.3_1,REU.4.6_1,0.107717050573341,0.696788497417423,0.589071446844081,2025.13611856587,2025.24383561644,CHIKV_RUN_S30b93_2025,55.393657,-21.292512
4451,130,REU.4.8_1,REU.2.3_1,0.105035152505,0.696788497417423,0.591753344912422,2025.13880046393,2025.24383561644,CHIKV_RUN_S31b76_2025,55.448661,-20.897523
6164,2711,REU.4.8_1,REU.1.4_1,0.0975297040660321,0.696788497417423,0.59925879335139,2025.14630591237,2025.24383561644,CHIKV_RUN_S33b11_2025,55.708415,-21.030903
5977,2951,REU.3.4_1,REU.1.3_1,0.0911267461577138,0.696788497417423,0.605661751259709,2025.15270887028,2025.24383561644,CHIKV_RUN_S33b20_2025,55.647123,-20.963114
4564,619,REU.4.3_1,REU.4.3_1,0.0882073565367133,0.696788497417423,0.608581140880709,2025.1556282599,2025.24383561644,CHIKV_RUN_S37b65_2025,55.531084,-21.283712
4316,467,REU.2.3_1,REU.2.3_1,0.0855996754638372,0.696788497417423,0.611188821953585,2025.15823594097,2025.24383561644,CHIKV_RUN_S31b72_2025,55.469478,-20.895391
5667,2605,REU.3.5_1,REU.2.2_1,0.0831836004620169,0.696788497417423,0.613604896955406,2025.16065201598,2025.24383561644,CHIKV_RUN_S31b85_2025,55.305362,-20.941873
5233,2088,REU.4.5_1,REU.4.5_1,0.0817124819432228,0.696788497417423,0.6150760154742,2025.1621231345,2025.24383561644,CHIKV_RUN_S31b35_2025,55.63232,-21.350249
6084,2901,REU.2.3_1,REU.2.3_1,0.0797045055214107,0.696788497417423,0.617083991896012,2025.16413111092,2025.24383561644,CHIKV_RUN_S31b57_2025,55.500686,-20.922746
4522,1164,REU.2.3_1,REU.2.3_1,0.0795862535266199,0.696788497417423,0.617202243890803,2025.16424936291,2025.24383561644,CHIKV_RUN_S31b58_2025,55.458475,-20.893018
4235,465,REU.4.8_1,REU.3.1_1,0.0760502150634808,0.696788497417423,0.620738282353942,2025.16778540137,2025.24383561644,CHIKV_RUN_S37b79_2025,55.336515,-21.274289
5953,2989,REU.3.4_1,REU.3.4_1,0.0739848687175011,0.696788497417423,0.622803628699921,2025.16985074772,2025.24383561644,CHIKV_RUN_S37b80_2025,55.307206,-21.172805
3821,851,REU.4.3_1,REU.2.3_1,0.071192409958753,0.696788497417422,0.62559608745867,2025.17264320648,2025.24383561644,CHIKV_RUN_S31b60_2025,55.470917,-20.898528
4888,1375,REU.2.4_1,REU.2.4_1,0.0681110114038628,0.696788497417423,0.62867748601356,2025.17572460503,2025.24383561644,CHIKV_RUN_S30b25_2025,55.55816,-20.896887
3556,1598,REU.4.8_1,REU.1.2_1,0.0681052705080474,0.696788497417423,0.628683226909375,2025.17573034593,2025.24383561644,CHIKV_RUN_S33b17_2025,55.602643,-21.145037
4872,1390,REU.4.3_1,REU.4.3_1,0.0654216402082827,0.696788497417423,0.63136685720914,2025.17841397623,2025.24383561644,CHIKV_RUN_S30b86_2025,55.528216,-21.261163
5527,2514,REU.4.1_1,REU.4.1_1,0.0635392643103329,0.696788497417423,0.63324923310709,2025.18029635213,2025.24383561644,CHIKV_RUN_S37b73_2025,55.466823,-21.148516
4729,199,REU.2.3_1,REU.2.3_1,0.0628905528245467,0.696788497417422,0.633897944592876,2025.18094506361,2025.24383561644,CHIKV_RUN_S31b37_2025,55.450929,-20.894839
5505,1804,REU.4.8_1,REU.3.5_1,0.0609078479004125,0.696788497417423,0.63588064951701,2025.18292776854,2025.24383561644,CHIKV_RUN_S31b95_2025,55.269241,-21.05027
5506,1801,REU.1.4_1,REU.1.4_1,0.0605608545901973,0.696788497417423,0.636227642827225,2025.18327476185,2025.24383561644,CHIKV_RUN_S33b12_2025,55.742885,-21.079844
5506,1803,REU.1.4_1,REU.1.4_1,0.0605608545901973,0.696788497417423,0.636227642827225,2025.18327476185,2025.24383561644,CHIKV_RUN_S33b14_2025,55.742032,-21.08114
4665,1721,REU.2.3_1,REU.2.3_1,0.0583329976111165,0.696788497417423,0.638455499806306,2025.18550261883,2025.24383561644,CHIKV_RUN_S31b34_2025,55.449883,-20.893507
6222,3037,REU.4.3_1,REU.4.6_1,0.056123723862387,0.696788497417423,0.640664773555036,2025.18771189258,2025.24383561644,CHIKV_RUN_S31b41_2025,55.429476,-21.262486
4730,201,REU.4.5_1,REU.4.5_1,0.0554204679843804,0.696788497417422,0.641368029433042,2025.18841514845,2025.24383561644,CHIKV_RUN_S31b45_2025,55.610552,-21.37585
5849,1943,REU.4.6_1,REU.4.8_1,0.0536556701165634,0.696788497417423,0.643132827300859,2025.19017994632,2025.24383561644,CHIKV_RUN_S31b87_2025,55.483535,-21.345746
5165,54,REU.3.1_1,REU.3.1_1,0.0487348920855379,0.696788497417423,0.648053605331885,2025.19510072435,2025.24383561644,CHIKV_RUN_S31b94_2025,55.390323,-21.258209
5409,2351,REU.4.5_1,REU.4.6_1,0.048238569571775,0.696788497417423,0.648549927845648,2025.19559704687,2025.24383561644,CHIKV_RUN_S31b90_2025,55.428657,-21.288549
4353,554,REU.2.4_1,REU.2.4_1,0.0481646215831681,0.696788497417423,0.648623875834254,2025.19567099486,2025.24383561644,CHIKV_RUN_S36b90_2025,55.516176,-20.923373
5289,2072,REU.4.5_1,REU.2.3_1,0.0477350333844326,0.696788497417423,0.64905346403299,2025.19610058305,2025.24383561644,CHIKV_RUN_S31b56_2025,55.412937,-20.898481
4634,1487,REU.4.8_1,REU.1.4_1,0.0455920085663921,0.696788497417423,0.65119648885103,2025.19824360787,2025.24383561644,CHIKV_RUN_S33b16_2025,55.70293,-21.06832
5140,2242,REU.4.8_1,REU.3.5_1,0.0449969276761797,0.696788497417423,0.651791569741243,2025.19883868876,2025.24383561644,CHIKV_RUN_S31b53_2025,55.230324,-21.083244
3426,999,REU.2.3_1,REU.2.3_1,0.0447563088283309,0.696788497417423,0.652032188589092,2025.19907930761,2025.24383561644,CHIKV_RUN_S31b64_2025,55.464572,-20.884325
3732,867,REU.4.3_1,REU.3.5_1,0.0394085949870678,0.696788497417423,0.657379902430355,2025.20442702145,2025.24383561644,CHIKV_RUN_S31b54_2025,55.217736,-21.04111
4126,611,REU.4.3_1,REU.1.3_1,0.0389394794280296,0.696788497417423,0.657849017989393,2025.20489613701,2025.24383561644,CHIKV_RUN_S26b18_2025,55.650867,-20.934123
5999,2938,REU.1.4_1,REU.1.4_1,0.0379735308325779,0.696788497417423,0.658814966584845,2025.20586208561,2025.24383561644,CHIKV_RUN_S33b15_2025,55.68545,-21.050746
3454,989,REU.2.3_1,REU.2.3_1,0.037698595846301,0.696788497417423,0.659089901571122,2025.20613702059,2025.24383561644,CHIKV_RUN_S33b22_2025,55.494723,-20.92514
5755,2170,REU.4.8_1,REU.3.4_1,0.0361257717105747,0.696788497417423,0.660662725706848,2025.20770984473,2025.24383561644,CHIKV_RUN_S32b27_2025,55.317006,-21.214456
6128,1822,REU.4.3_1,REU.4.3_1,0.0334551833651029,0.696788497417423,0.66333331405232,2025.21038043307,2025.24383561644,CHIKV_RUN_S36b89_2025,55.497061,-21.269621
4858,1134,REU.2.3_1,REU.2.3_1,0.0307022281884237,0.696788497417423,0.666086269228999,2025.21313338825,2025.24383561644,CHIKV_RUN_S31b74_2025,55.43303,-20.88394
3733,816,REU.4.3_1,REU.4.3_1,0.0295719926214323,0.696788497417423,0.66721650479599,2025.21426362382,2025.24383561644,CHIKV_RUN_S31b30_2025,55.530723,-21.256717
4087,1036,REU.4.5_1,REU.4.5_1,0.028027555032168,0.696788497417423,0.668760942385255,2025.21580806141,2025.24383561644,CHIKV_RUN_S31b43_2025,55.623625,-21.379174
6098,2722,REU.4.8_1,REU.3.4_1,0.0277941906695512,0.696788497417423,0.668994306747871,2025.21604142577,2025.24383561644,CHIKV_RUN_S32b14_2025,55.307358,-21.169662
4829,1449,REU.4.8_1,REU.2.1_1,0.0275252088291165,0.696788497417423,0.669263288588306,2025.21631040761,2025.24383561644,CHIKV_RUN_S31b71_2025,55.347512,-20.928977
4852,1141,REU.2.3_1,REU.2.3_1,0.0263659084713402,0.696788497417423,0.670422588946082,2025.21746970797,2025.24383561644,CHIKV_RUN_S30b38_2025,55.462381,-20.895649
3727,715,REU.4.2_1,REU.4.2_1,0.0248137356438545,0.696788497417423,0.671974761773568,2025.21902188079,2025.24383561644,CHIKV_RUN_S37b78_2025,55.467646,-21.249082
3152,3099,REU.4.8_1,REU.4.8_1,0.0197462637564692,0.696788497417423,0.677042233660953,2025.22408935268,2025.24383561644,CHIKV_RUN_S31b88_2025,55.472167,-21.334064
3152,1878,REU.4.8_1,REU.4.8_1,0.0197462637564692,0.696788497417423,0.677042233660953,2025.22408935268,2025.24383561644,CHIKV_RUN_S31b33_2025,55.44777,-21.304014
5327,2439,REU.2.3_1,REU.2.3_1,0.0152122828610876,0.696788497417422,0.681576214556335,2025.22862333358,2025.24383561644,CHIKV_RUN_S31b46_2025,55.447228,-20.889855
5345,2418,REU.3.4_1,REU.3.4_1,0.0123961248883957,0.696788497417423,0.684392372529027,2025.23143949155,2025.24383561644,CHIKV_RUN_S31b73_2025,55.303288,-21.219252
3245,606,REU.2.3_1,REU.2.3_1,0.00978899432489866,0.696788497417423,0.686999503092524,2025.23404662211,2025.24383561644,CHIKV_RUN_S31b40_2025,55.442185,-20.896565
4726,191,REU.4.5_1,REU.4.5_1,0.00885683599011267,0.696788497417423,0.68793166142731,2025.23497878045,2025.24383561644,CHIKV_RUN_S31b36_2025,55.610277,-21.375628
5951,2975,REU.2.3_1,REU.3.5_1,0.00442607752297253,0.696788497417423,0.69236241989445,2025.23940953892,2025.24383561644,CHIKV_RUN_S32b04_2025,55.269183,-21.010471
4230,4231,REU.2.3_1,REU.2.3_1,0.0676421897732276,0.697092849135367,0.629450659362139,2025.17649777838,2025.24413996816,NA,NA,NA
5551,5552,REU.4.8_1,REU.4.8_1,0.066874439636944,0.697134428841905,0.630259989204961,2025.17730710823,2025.24418154786,NA,NA,NA
3946,3947,REU.3.5_1,REU.3.5_1,0.0222432768646913,0.697647956547128,0.675404679682437,2025.2224517987,2025.24469507557,NA,NA,NA
5708,5709,REU.4.8_1,REU.4.8_1,0.0538947054982094,0.697653170811856,0.643758465313647,2025.19080558433,2025.24470028983,NA,NA,NA
5251,5252,REU.2.3_1,REU.2.3_1,0.0356665218987484,0.697769908098609,0.662103386199861,2025.20915050522,2025.24481702712,NA,NA,NA
5626,5627,REU.4.8_1,REU.4.8_1,0.0358759986339007,0.697877507241024,0.662001508607123,2025.20904862763,2025.24492462626,NA,NA,NA
5844,5845,REU.4.6_1,REU.4.6_1,0.0823789252830334,0.698337855437102,0.615958930154069,2025.16300604918,2025.24538497446,NA,NA,NA
5863,5864,REU.3.1_1,REU.3.1_1,0.0671671802300043,0.698595975927347,0.631428795697342,2025.17847591472,2025.24564309495,NA,NA,NA
5455,5456,REU.4.3_1,REU.4.5_1,0.138878506462863,0.699323865391775,0.560445358928913,2025.10749247795,2025.24637098441,NA,NA,NA
5406,5407,REU.4.5_1,REU.4.5_1,0.0451835130171945,0.699417477142027,0.654233964124832,2025.20128108315,2025.24646459616,NA,NA,NA
5856,2301,REU.3.1_1,REU.4.8_1,0.176571419170896,0.69952822344478,0.522956804273884,2025.0700039233,2025.24657534247,CHIKV_RUN_S32b79_2025,55.476056,-21.335757
5335,2423,REU.3.4_1,REU.3.4_1,0.161292587604488,0.69952822344478,0.538235635840292,2025.08528275486,2025.24657534247,CHIKV_RUN_S31b83_2025,55.290972,-21.196121
4513,1307,REU.4.3_1,REU.3.5_1,0.153924075737301,0.69952822344478,0.545604147707479,2025.09265126673,2025.24657534247,CHIKV_RUN_S32b08_2025,55.288935,-21.021777
3498,965,REU.2.1_1,REU.2.1_1,0.145874692746838,0.69952822344478,0.553653530697942,2025.10070064972,2025.24657534247,CHIKV_RUN_S32b52_2025,55.329355,-20.946489
4310,468,REU.2.3_1,REU.4.4_1,0.144466592838649,0.69952822344478,0.555061630606131,2025.10210874963,2025.24657534247,CHIKV_RUN_S32b18_2025,55.553736,-21.350115
5546,2187,REU.4.3_1,REU.3.4_1,0.143351278658363,0.69952822344478,0.556176944786417,2025.10322406381,2025.24657534247,CHIKV_RUN_S32b69_2025,55.295404,-21.195781
4940,2328,REU.3.1_1,REU.3.1_1,0.135866164767721,0.69952822344478,0.563662058677059,2025.1107091777,2025.24657534247,CHIKV_RUN_S37b82_2025,55.390707,-21.252061
3576,269,REU.4.8_1,REU.4.4_1,0.135234448454162,0.69952822344478,0.564293774990618,2025.11134089401,2025.24657534247,CHIKV_RUN_S31b93_2025,55.584499,-21.33656
3225,1677,REU.4.3_1,REU.4.2_1,0.117867416986457,0.69952822344478,0.581660806458323,2025.12870792548,2025.24657534247,CHIKV_RUN_S31b89_2025,55.471431,-21.230528
5187,11,REU.3.5_1,REU.3.5_1,0.107063248548646,0.69952822344478,0.592464974896134,2025.13951209392,2025.24657534247,CHIKV_RUN_S32b60_2025,55.232665,-21.089555
5128,2275,REU.4.8_1,REU.3.5_1,0.104572404628581,0.69952822344478,0.594955818816199,2025.14200293784,2025.24657534247,CHIKV_RUN_S32b63_2025,55.227613,-21.060533
4024,1052,REU.2.3_1,REU.4.5_1,0.0941618224720828,0.69952822344478,0.605366400972697,2025.15241351999,2025.24657534247,CHIKV_RUN_S32b83_2025,55.688928,-21.367523
5368,2421,REU.3.4_1,REU.3.5_1,0.0918027382466217,0.69952822344478,0.607725485198158,2025.15477260422,2025.24657534247,CHIKV_RUN_S32b70_2025,55.271846,-21.084119
4323,374,REU.2.3_1,REU.2.5_1,0.0843372042778119,0.69952822344478,0.615191019166968,2025.16223813819,2025.24657534247,CHIKV_RUN_S37b81_2025,55.583481,-20.929233
3670,751,REU.4.8_1,REU.1.3_1,0.0747298976231597,0.69952822344478,0.62479832582162,2025.17184544484,2025.24657534247,CHIKV_RUN_S33b10_2025,55.652729,-20.971179
4358,539,REU.4.8_1,REU.4.8_1,0.074201305481794,0.69952822344478,0.625326917962986,2025.17237403698,2025.24657534247,CHIKV_RUN_S32b15_2025,55.529877,-21.316327
5963,2991,REU.3.4_1,REU.3.4_1,0.0722269608351842,0.69952822344478,0.627301262609596,2025.17434838163,2025.24657534247,CHIKV_RUN_S31b91_2025,55.337987,-21.204948
3368,906,REU.3.5_1,REU.3.5_1,0.0666155485776643,0.69952822344478,0.632912674867116,2025.17995979389,2025.24657534247,CHIKV_RUN_S32b64_2025,55.260241,-21.058884
4139,628,REU.2.3_1,REU.3.5_1,0.0660895843778705,0.69952822344478,0.63343863906691,2025.18048575809,2025.24657534247,CHIKV_RUN_S32b03_2025,55.277282,-21.013691
5273,2073,REU.4.8_1,REU.4.1_1,0.0629362129824316,0.69952822344478,0.636592010462348,2025.18363912948,2025.24657534247,CHIKV_RUN_S32b78_2025,55.471975,-21.138809
3959,1068,REU.2.2_1,REU.2.1_1,0.0579929187572348,0.69952822344478,0.641535304687545,2025.18858242371,2025.24657534247,CHIKV_RUN_S32b68_2025,55.327192,-20.950233
3464,1008,REU.2.3_1,REU.2.3_1,0.0559829675304591,0.69952822344478,0.643545255914321,2025.19059237494,2025.24657534247,CHIKV_RUN_S33b21_2025,55.473777,-20.904699
5203,30,REU.2.3_1,REU.2.3_1,0.0548772111391796,0.69952822344478,0.6446510123056,2025.19169813133,2025.24657534247,CHIKV_RUN_S32b26_2025,55.486595,-20.905498
4077,1474,REU.4.8_1,REU.4.3_1,0.0534986047336435,0.69952822344478,0.646029618711136,2025.19307673773,2025.24657534247,CHIKV_RUN_S32b75_2025,55.525933,-21.292884
5529,2513,REU.4.1_1,REU.4.1_1,0.0509700679032419,0.69952822344478,0.648558155541538,2025.19560527456,2025.24657534247,CHIKV_RUN_S32b21_2025,55.479962,-21.164987
5483,2660,REU.3.1_1,REU.3.1_1,0.0474832986888905,0.69952822344478,0.65204492475589,2025.19909204378,2025.24657534247,CHIKV_RUN_S32b81_2025,55.363532,-21.265243
5483,2661,REU.3.1_1,REU.3.5_1,0.0474832986888905,0.69952822344478,0.65204492475589,2025.19909204378,2025.24657534247,CHIKV_RUN_S32b57_2025,55.280354,-21.087054
5454,1944,REU.4.8_1,REU.4.2_1,0.0456631693360625,0.69952822344478,0.653865054108717,2025.20091217313,2025.24657534247,CHIKV_RUN_S32b80_2025,55.471438,-21.245764
4657,1323,REU.2.3_1,REU.2.3_1,0.0431589021250091,0.69952822344478,0.656369321319771,2025.20341644034,2025.24657534247,CHIKV_RUN_S32b02_2025,55.488802,-20.891298
5071,3066,REU.4.8_1,REU.3.1_1,0.0429985790358357,0.69952822344478,0.656529644408944,2025.20357676343,2025.24657534247,CHIKV_RUN_S32b23_2025,55.357891,-21.245728
5071,2144,REU.4.8_1,REU.1.4_1,0.0429985790358357,0.69952822344478,0.656529644408944,2025.20357676343,2025.24657534247,CHIKV_RUN_S33b18_2025,55.719685,-21.043845
4858,1139,REU.2.3_1,REU.1.3_1,0.0334419542157811,0.69952822344478,0.666086269228999,2025.21313338825,2025.24657534247,CHIKV_RUN_S33b09_2025,55.680245,-20.94398
4490,1634,REU.3.5_1,REU.3.5_1,0.0173783512417562,0.69952822344478,0.682149872203024,2025.22919699122,2025.24657534247,CHIKV_RUN_S32b28_2025,55.327773,-21.002561
3299,327,REU.2.3_1,REU.2.3_1,0.00633108768481683,0.69952822344478,0.693197135759963,2025.24024425478,2025.24657534247,CHIKV_RUN_S32b20_2025,55.443884,-20.876564
5478,2658,REU.4.8_1,REU.2.2_1,0.00551763970765329,0.69952822344478,0.694010583737127,2025.24105770276,2025.24657534247,CHIKV_RUN_S32b22_2025,55.306625,-20.935303
6218,3027,REU.3.5_1,REU.3.5_1,0.00451332354351375,0.69952822344478,0.695014899901266,2025.24206201892,2025.24657534247,CHIKV_RUN_S32b65_2025,55.232382,-21.055852
4231,444,REU.2.3_1,REU.2.3_1,0.00243537430941343,0.69952822344478,0.697092849135367,2025.24413996816,2025.24657534247,CHIKV_RUN_S31b69_2025,55.49148,-20.91578
5252,2090,REU.2.3_1,REU.2.3_1,0.00175831534617066,0.69952822344478,0.697769908098609,2025.24481702712,2025.24657534247,CHIKV_RUN_S32b13_2025,55.490435,-20.896656
4903,4904,REU.4.3_1,REU.4.4_1,0.116127485808816,0.699590513693428,0.583463027884612,2025.13051014691,2025.24663763271,NA,NA,NA
3376,3377,REU.2.3_1,REU.2.3_1,0.0719420017423422,0.699776862039548,0.627834860297206,2025.17488197932,2025.24682398106,NA,NA,NA
4805,4806,REU.4.8_1,REU.4.8_1,0.0488316597595525,0.699856355798128,0.651024696038575,2025.19807181506,2025.24690347482,NA,NA,NA
3851,3853,REU.4.8_1,REU.4.8_1,0.101812388190015,0.70006697906782,0.598254590877804,2025.1453017099,2025.24711409809,NA,NA,NA
4204,4205,REU.4.5_1,REU.2.3_1,0.134451375511838,0.700075260934825,0.565623885422987,2025.11267100444,2025.24712237996,NA,NA,NA
4326,4327,REU.2.4_1,REU.2.4_1,0.049810411094509,0.700164045943498,0.650353634848989,2025.19740075387,2025.24721116496,NA,NA,NA
3483,3484,REU.3.5_1,REU.2.4_1,0.0539300831160594,0.700277837806216,0.646347754690156,2025.19339487371,2025.24732495683,NA,NA,NA
5126,5127,REU.2.3_1,REU.2.3_1,0.00384285789292305,0.700323198337615,0.696480340444692,2025.24352745947,2025.24737031736,NA,NA,NA
5267,5268,REU.4.8_1,REU.4.8_1,0.152987578149205,0.700425535930905,0.5474379577817,2025.0944850768,2025.24747265495,NA,NA,NA
5215,5216,REU.2.3_1,REU.2.3_1,0.071515629374778,0.700670261993158,0.62915463261838,2025.17620175164,2025.24771738101,NA,NA,NA
5709,5710,REU.4.8_1,REU.4.8_1,0.00362473835679133,0.701277909168648,0.697653170811856,2025.24470028983,2025.24832502819,NA,NA,NA
3219,3220,REU.4.3_1,REU.4.3_1,0.099208676917431,0.701399670038449,0.602190993121018,2025.14923811214,2025.24844678906,NA,NA,NA
6147,3089,REU.3.1_1,REU.4.6_1,0.239535484536046,0.702267949472137,0.462732464936091,2025.00977958396,2025.24931506849,CHIKV_RUN_S32b47_2025,55.441735,-21.260273
4197,507,REU.4.3_1,REU.4.3_1,0.190279132043476,0.702267949472137,0.511988817428661,2025.05903593645,2025.24931506849,CHIKV_RUN_S45b84_2025,55.518795,-21.282541
4001,1571,REU.4.3_1,REU.4.3_1,0.177199378931572,0.702267949472137,0.525068570540565,2025.07211568956,2025.24931506849,CHIKV_RUN_S45b62_2025,55.547751,-21.219081
5464,2769,REU.3.1_1,REU.4.8_1,0.164623615448002,0.702267949472137,0.537644334024135,2025.08469145305,2025.24931506849,CHIKV_RUN_S32b94_2025,55.479323,-21.33559
4213,410,REU.4.3_1,REU.4.3_1,0.147856055465957,0.702267949472137,0.55441189400618,2025.10145901303,2025.24931506849,CHIKV_RUN_S33b46_2025,55.514525,-21.248457
5973,2942,REU.3.4_1,REU.3.4_1,0.14527280397471,0.702267949472137,0.556995145497427,2025.10404226452,2025.24931506849,CHIKV_RUN_S33b37_2025,55.324381,-21.154874
4480,1632,REU.4.8_1,REU.3.5_1,0.144069872604993,0.702267949472137,0.558198076867145,2025.10524519589,2025.24931506849,CHIKV_RUN_S32b54_2025,55.330989,-20.982402
5823,3013,REU.4.6_1,REU.4.8_1,0.129615468247945,0.702267949472137,0.572652481224192,2025.11969960025,2025.24931506849,CHIKV_RUN_S33b40_2025,55.460141,-21.336048
5056,2742,REU.4.8_1,REU.4.8_1,0.124557083108337,0.702267949472137,0.5777108663638,2025.12475798538,2025.24931506849,CHIKV_RUN_S33b45_2025,55.460764,-21.289718
3596,1288,REU.4.8_1,REU.2.1_1,0.122832411097625,0.702267949472137,0.579435538374512,2025.1264826574,2025.24931506849,CHIKV_RUN_S45b87_2025,55.340018,-20.937792
5795,2829,REU.2.3_1,REU.2.3_1,0.120284218665464,0.702267949472137,0.581983730806673,2025.12903084983,2025.24931506849,CHIKV_RUN_S45b88_2025,55.468652,-20.903986
5149,2254,REU.2.3_1,REU.2.5_1,0.118268311633691,0.702267949472137,0.583999637838447,2025.13104675686,2025.24931506849,CHIKV_RUN_S47b70_2025,55.5895,-20.938841
6121,2725,REU.4.3_1,REU.3.5_1,0.118224954871987,0.702267949472137,0.58404299460015,2025.13109011362,2025.24931506849,CHIKV_RUN_S33b23_2025,55.270722,-21.025332
6121,2747,REU.4.3_1,REU.4.3_1,0.118224954871987,0.702267949472137,0.58404299460015,2025.13109011362,2025.24931506849,CHIKV_RUN_S45b58_2025,55.537565,-21.195094
4244,490,REU.4.3_1,REU.4.3_1,0.112515329786226,0.702267949472137,0.589752619685911,2025.13679973871,2025.24931506849,CHIKV_RUN_S32b88_2025,55.52234,-21.284942
4847,1142,REU.2.3_1,REU.2.3_1,0.110023531131087,0.702267949472137,0.59224441834105,2025.13929153736,2025.24931506849,CHIKV_RUN_S32b86_2025,55.464006,-20.894512
4466,162,REU.3.5_1,REU.3.5_1,0.104990692574935,0.702267949472137,0.597277256897203,2025.14432437592,2025.24931506849,CHIKV_RUN_S32b58_2025,55.269703,-21.083498
4890,1369,REU.2.4_1,REU.2.4_1,0.104136728803426,0.702267949472137,0.598131220668712,2025.14517833969,2025.24931506849,CHIKV_RUN_S32b49_2025,55.559144,-20.90001
3575,1074,REU.4.8_1,REU.2.1_1,0.101888254903352,0.702267949472137,0.600379694568785,2025.14742681359,2025.24931506849,CHIKV_RUN_S32b53_2025,55.335116,-20.937594
6166,2713,REU.4.8_1,REU.1.4_1,0.0967288536672584,0.702267949472137,0.605539095804879,2025.15258621483,2025.24931506849,CHIKV_RUN_S45b61_2025,55.707993,-21.031323
3384,272,REU.4.3_1,REU.4.8_1,0.0965841681382165,0.702267949472137,0.605683781333921,2025.15273090035,2025.24931506849,CHIKV_RUN_S32b73_2025,55.482928,-21.330578
4779,240,REU.4.8_1,REU.3.5_1,0.0937129363309075,0.702267949472137,0.60855501314123,2025.15560213216,2025.24931506849,CHIKV_RUN_S33b31_2025,55.267946,-21.022127
4456,123,REU.2.3_1,REU.2.3_1,0.0920069615049052,0.702267949472137,0.610260987967232,2025.15730810699,2025.24931506849,CHIKV_RUN_S45b73_2025,55.444583,-20.893761
3274,338,REU.4.3_1,REU.4.2_1,0.0917783249135129,0.702267949472137,0.610489624558624,2025.15753674358,2025.24931506849,CHIKV_RUN_S33b43_2025,55.478685,-21.249636
4169,108,REU.4.8_1,REU.3.3_1,0.0884850291400565,0.702267949472137,0.613782920332081,2025.16083003935,2025.24931506849,CHIKV_RUN_S32b55_2025,55.294014,-21.105645
5063,1898,REU.4.4_1,REU.4.4_1,0.0777193613667221,0.702267949472137,0.624548588105415,2025.17159570713,2025.24931506849,CHIKV_RUN_S33b01_2025,55.577104,-21.349537
3563,1647,REU.4.8_1,REU.3.5_1,0.0766207862126678,0.702267949472137,0.62564716325947,2025.17269428228,2025.24931506849,CHIKV_RUN_S33b05_2025,55.308922,-21.087514
5174,19,REU.3.2_1,REU.3.2_1,0.070133984830365,0.702267949472137,0.632133964641772,2025.17918108366,2025.24931506849,CHIKV_RUN_S47b73_2025,55.322143,-21.250985
4538,1314,REU.4.8_1,REU.4.3_1,0.0692218451847024,0.702267949472137,0.633046104287435,2025.18009322331,2025.24931506849,CHIKV_RUN_S33b44_2025,55.522856,-21.275258
5769,1949,REU.2.3_1,REU.2.3_1,0.0662360732655893,0.702267949472137,0.636031876206548,2025.18307899523,2025.24931506849,CHIKV_RUN_S33b08_2025,55.446927,-20.895667
3465,997,REU.2.3_1,REU.2.3_1,0.0659214730361525,0.702267949472137,0.636346476435985,2025.18339359546,2025.24931506849,CHIKV_RUN_S32b50_2025,55.448332,-20.898829
5183,6,REU.3.5_1,REU.4.8_1,0.0618120773084456,0.702267949472137,0.640455872163692,2025.18750299118,2025.24931506849,CHIKV_RUN_S32b87_2025,55.494399,-21.342935
4154,632,REU.4.3_1,REU.4.4_1,0.0581673134992396,0.702267949472137,0.644100635972898,2025.19114775499,2025.24931506849,CHIKV_RUN_S32b76_2025,55.551439,-21.353904
3899,1226,REU.4.5_1,REU.4.3_1,0.0566884710888613,0.702267949472137,0.645579478383276,2025.1926265974,2025.24931506849,CHIKV_RUN_S32b74_2025,55.520911,-21.261568
4703,1348,REU.4.8_1,REU.4.4_1,0.0550637603740443,0.702267949472137,0.647204189098093,2025.19425130812,2025.24931506849,CHIKV_RUN_S45b86_2025,55.569291,-21.350911
5188,14,REU.3.5_1,REU.3.5_1,0.0542152220847383,0.702267949472137,0.648052727387399,2025.19509984641,2025.24931506849,CHIKV_RUN_S32b62_2025,55.255258,-21.10745
5165,52,REU.3.1_1,REU.2.3_1,0.0542143441402527,0.702267949472137,0.648053605331885,2025.19510072435,2025.24931506849,CHIKV_RUN_S32b56_2025,55.475491,-20.889116
4353,530,REU.2.4_1,REU.2.4_1,0.0536440736378829,0.702267949472137,0.648623875834254,2025.19567099486,2025.24931506849,CHIKV_RUN_S33b07_2025,55.515221,-20.921108
3569,1084,REU.4.8_1,REU.4.5_1,0.0534776346737238,0.702267949472137,0.648790314798414,2025.19583743382,2025.24931506849,CHIKV_RUN_S32b91_2025,55.616272,-21.374385
4634,1497,REU.4.8_1,REU.1.3_1,0.0510714606211069,0.702267949472137,0.65119648885103,2025.19824360787,2025.24931506849,CHIKV_RUN_S47b68_2025,55.672155,-20.967004
4178,1549,REU.4.8_1,REU.3.5_1,0.0478814618546667,0.702267949472137,0.654386487617471,2025.20143360664,2025.24931506849,CHIKV_RUN_S33b33_2025,55.305548,-21.06515
3363,1280,REU.4.8_1,REU.2.3_1,0.0465102473350292,0.702267949472137,0.655757702137108,2025.20280482116,2025.24931506849,CHIKV_RUN_S32b85_2025,55.472693,-20.919139
3852,1189,REU.4.8_1,REU.2.3_1,0.0438090286856668,0.702267949472137,0.658458920786471,2025.20550603981,2025.24931506849,CHIKV_RUN_S32b51_2025,55.456567,-20.885699
5366,2407,REU.3.4_1,REU.3.4_1,0.0400663547141027,0.702267949472137,0.662201594758034,2025.20924871378,2025.24931506849,CHIKV_RUN_S32b77_2025,55.287288,-21.175906
5199,24,REU.2.3_1,REU.2.3_1,0.0389149554934987,0.702267949472137,0.663352993978639,2025.210400113,2025.24931506849,CHIKV_RUN_S47b75_2025,55.455177,-20.889097
5461,2749,REU.2.3_1,REU.2.3_1,0.037116486965907,0.702267949472137,0.66515146250623,2025.21219858153,2025.24931506849,CHIKV_RUN_S32b72_2025,55.468596,-20.88681
3733,710,REU.4.3_1,REU.4.3_1,0.0350514446761471,0.702267949472137,0.66721650479599,2025.21426362382,2025.24931506849,CHIKV_RUN_S26b16_2025,55.502377,-21.275578
3705,705,REU.4.3_1,REU.4.4_1,0.0307268071128775,0.702267949472137,0.67154114235926,2025.21858826138,2025.24931506849,CHIKV_RUN_S32b92_2025,55.556528,-21.320686
3224,1681,REU.4.3_1,REU.4.8_1,0.0249565800597884,0.702267949472137,0.677311369412349,2025.22435848843,2025.24931506849,CHIKV_RUN_S32b84_2025,55.508561,-21.29119
4878,1767,REU.3.4_1,REU.3.4_1,0.02344053701104,0.702267949472137,0.678827412461097,2025.22587453148,2025.24931506849,CHIKV_RUN_S47b76_2025,55.298477,-21.143428
5241,2079,REU.4.5_1,REU.4.5_1,0.0208095306055318,0.702267949472137,0.681458418866606,2025.22850553789,2025.24931506849,CHIKV_RUN_S47b69_2025,55.615252,-21.384412
4237,480,REU.2.3_1,REU.2.3_1,0.0180585976614334,0.702267949472137,0.684209351810704,2025.23125647083,2025.24931506849,CHIKV_RUN_S32b59_2025,55.494101,-20.928618
5345,2417,REU.3.4_1,REU.3.4_1,0.0178755769431105,0.702267949472137,0.684392372529027,2025.23143949155,2025.24931506849,CHIKV_RUN_S32b61_2025,55.303288,-21.219252
4478,1230,REU.4.8_1,REU.4.8_1,0.0168937114788049,0.702267949472137,0.685374237993332,2025.23242135701,2025.24931506849,CHIKV_RUN_S32b95_2025,55.536394,-21.320941
4983,1993,REU.2.3_1,REU.2.5_1,0.0159615074180574,0.702267949472137,0.68630644205408,2025.23335356108,2025.24931506849,CHIKV_RUN_S45b74_2025,55.635431,-20.936731
4304,486,REU.2.3_1,REU.2.3_1,0.0154357972548612,0.702267949472137,0.686832152217276,2025.23387927124,2025.24931506849,CHIKV_RUN_S33b06_2025,55.412393,-20.8887
4863,1155,REU.1.3_1,REU.1.3_1,0.0117230006506314,0.702267949472137,0.690544948821506,2025.23759206784,2025.24931506849,CHIKV_RUN_S47b72_2025,55.672607,-20.967614
4327,471,REU.2.4_1,REU.2.4_1,0.00210390352863954,0.702267949472137,0.700164045943498,2025.24721116496,2025.24931506849,CHIKV_RUN_S47b74_2025,55.521565,-20.903296
5710,2563,REU.4.8_1,REU.4.8_1,0.000990040303489481,0.702267949472137,0.701277909168648,2025.24832502819,2025.24931506849,CHIKV_RUN_S33b41_2025,55.521104,-21.357053
4884,4885,REU.2.4_1,REU.2.4_1,0.104335527603045,0.702965438752982,0.598629911149937,2025.14567703017,2025.25001255777,NA,NA,NA
3871,3874,REU.4.4_1,REU.1.1_1,0.118473859020473,0.703421577106771,0.584947718086298,2025.13199483711,2025.25046869613,NA,NA,NA
6017,6020,REU.2.3_1,REU.4.8_1,0.120110653912808,0.70381664165239,0.583705987739582,2025.13075310676,2025.25086376067,NA,NA,NA
5375,5376,REU.3.4_1,REU.2.3_1,0.103253736954604,0.703953433871739,0.600699696917135,2025.14774681594,2025.25100055289,NA,NA,NA
4866,4867,REU.2.3_1,REU.2.3_1,0.0282721091060429,0.70414478754457,0.675872678438527,2025.22291979746,2025.25119190657,NA,NA,NA
3982,3987,REU.4.3_1,REU.2.3_1,0.143245880743622,0.704444423179114,0.561198542435492,2025.10824566146,2025.2514915422,NA,NA,NA
4511,4512,REU.1.3_1,REU.1.3_1,0.00971427760372201,0.704625976854262,0.69491169925054,2025.24195881827,2025.25167309588,NA,NA,NA
6124,6125,REU.4.3_1,REU.4.6_1,0.203941261535464,0.704708615753739,0.500767354218275,2025.04781447324,2025.25175573477,NA,NA,NA
5001,5002,REU.2.3_1,REU.2.5_1,0.0998936768180949,0.704917442987417,0.605023766169322,2025.15207088519,2025.25196456201,NA,NA,NA
4222,483,REU.4.3_1,REU.2.5_1,0.230465285912368,0.705007675499495,0.474542389587126,2025.02158950861,2025.25205479452,CHIKV_RUN_S47b71_2025,55.582116,-20.921775
6208,3024,REU.3.1_1,REU.3.5_1,0.164784670216302,0.705007675499495,0.540223005283193,2025.0872701243,2025.25205479452,CHIKV_RUN_S34b33_2025,55.228391,-21.03196
3632,795,REU.4.8_1,REU.2.2_1,0.14442639814847,0.705007675499495,0.560581277351025,2025.10762839637,2025.25205479452,CHIKV_RUN_S34b26_2025,55.293573,-20.943783
3126,2229,REU.3.1_1,REU.3.2_1,0.141712274287322,0.705007675499495,0.563295401212173,2025.11034252023,2025.25205479452,CHIKV_RUN_S33b55_2025,55.335127,-21.233726
4935,2640,REU.3.1_1,REU.3.5_1,0.137311186494971,0.705007675499495,0.567696489004523,2025.11474360803,2025.25205479452,CHIKV_RUN_S26b43_2025,55.219765,-21.04023
3478,950,REU.3.5_1,REU.1.2_1,0.136691834293523,0.705007675499495,0.568315841205971,2025.11536296023,2025.25205479452,CHIKV_RUN_S33b69_2025,55.635932,-21.137709
5599,2389,REU.4.6_1,REU.2.2_1,0.127890486012928,0.705007675499495,0.577117189486566,2025.12416430851,2025.25205479452,CHIKV_RUN_S34b28_2025,55.295166,-20.9464
5197,23,REU.2.3_1,REU.2.3_1,0.126973689552293,0.705007675499495,0.578033985947202,2025.12508110497,2025.25205479452,CHIKV_RUN_S33b52_2025,55.487273,-20.899435
3630,799,REU.4.8_1,REU.4.8_1,0.126636967187644,0.705007675499495,0.578370708311851,2025.12541782733,2025.25205479452,CHIKV_RUN_S33b49_2025,55.446858,-21.298724
6112,1871,REU.3.1_1,REU.4.6_1,0.12643378546217,0.705007675499495,0.578573890037325,2025.12562100906,2025.25205479452,CHIKV_RUN_S33b30_2025,55.39527,-21.292706
3320,1464,REU.3.5_1,REU.3.5_1,0.12228914652139,0.705007675499495,0.582718528978105,2025.129765648,2025.25205479452,CHIKV_RUN_S34b34_2025,55.328971,-20.982533
4295,440,REU.4.8_1,REU.4.5_1,0.111306198100745,0.705007675499495,0.59370147739875,2025.14074859642,2025.25205479452,CHIKV_RUN_S33b63_2025,55.606237,-21.376811
4364,521,REU.4.8_1,REU.4.6_1,0.100583093268445,0.705007675499495,0.60442458223105,2025.15147170125,2025.25205479452,CHIKV_RUN_S33b71_2025,55.455658,-21.21151
6011,2855,REU.2.1_1,REU.2.1_1,0.0990096559367886,0.705007675499495,0.605998019562706,2025.15304513858,2025.25205479452,CHIKV_RUN_S33b64_2025,55.339139,-20.95589
3749,729,REU.4.8_1,REU.4.6_1,0.0937578943576682,0.705007675499495,0.611249781141827,2025.15829690016,2025.25205479452,CHIKV_RUN_S33b50_2025,55.416583,-21.268514
4134,911,REU.3.5_1,REU.2.3_1,0.0924943141675669,0.705007675499495,0.612513361331928,2025.15956048035,2025.25205479452,CHIKV_RUN_S33b32_2025,55.488479,-20.902191
4203,379,REU.4.5_1,REU.4.5_1,0.08975863172286,0.705007675499495,0.615249043776635,2025.1622961628,2025.25205479452,CHIKV_RUN_S33b56_2025,55.651958,-21.379035
4256,454,REU.2.3_1,REU.2.5_1,0.0879600380778284,0.705007675499495,0.617047637421666,2025.16409475644,2025.25205479452,CHIKV_RUN_S33b47_2025,55.587006,-20.926239
4831,1456,REU.4.8_1,REU.4.8_1,0.0852230885857328,0.705007675499495,0.619784586913762,2025.16683170593,2025.25205479452,CHIKV_RUN_S33b42_2025,55.541358,-21.314395
6083,2916,REU.2.3_1,REU.2.3_1,0.0835971322673101,0.705007675499495,0.621410543232185,2025.16845766225,2025.25205479452,CHIKV_RUN_S33b36_2025,55.458913,-20.880306
3662,813,REU.4.8_1,REU.4.8_1,0.082431107472859,0.705007675499495,0.622576568026636,2025.16962368705,2025.25205479452,CHIKV_RUN_S33b51_2025,55.490525,-21.327155
6200,1888,REU.3.5_1,REU.2.4_1,0.0690864435566863,0.705007675499495,0.635921231942808,2025.18296835096,2025.25205479452,CHIKV_RUN_S32b90_2025,55.569514,-20.907567
5092,1820,REU.4.8_1,REU.2.3_1,0.0538860425402183,0.705007675499495,0.651121632959276,2025.19816875198,2025.25205479452,CHIKV_RUN_S33b34_2025,55.485007,-20.915423
3832,659,REU.4.3_1,REU.4.3_1,0.0533231804431187,0.705007675499495,0.651684495056376,2025.19873161408,2025.25205479452,CHIKV_RUN_S33b57_2025,55.527296,-21.250071
5494,2840,REU.2.1_1,REU.2.1_1,0.0507884926618901,0.705007675499495,0.654219182837605,2025.20126630186,2025.25205479452,CHIKV_RUN_S33b53_2025,55.339701,-20.948593
5209,32,REU.2.3_1,REU.2.3_1,0.0483035051410907,0.705007675499495,0.656704170358404,2025.20375128938,2025.25205479452,CHIKV_RUN_S33b24_2025,55.446429,-20.876421
4832,1458,REU.4.8_1,REU.4.5_1,0.0453432263157445,0.705007675499495,0.65966444918375,2025.2067115682,2025.25205479452,CHIKV_RUN_S33b28_2025,55.656971,-21.33478
4621,1520,REU.4.8_1,REU.2.3_1,0.0355757611294346,0.705007675499495,0.66943191437006,2025.21647903339,2025.25205479452,CHIKV_RUN_S33b25_2025,55.483664,-20.896563
5229,2052,REU.4.5_1,REU.4.5_1,0.0350509176488236,0.705007675499495,0.669956757850671,2025.21700387687,2025.25205479452,CHIKV_RUN_S33b38_2025,55.621686,-21.375645
4605,1510,REU.3.5_1,REU.3.5_1,0.0265851921019979,0.705007675499495,0.678422483397497,2025.22546960242,2025.25205479452,CHIKV_RUN_S34b16_2025,55.320483,-20.984464
4541,1741,REU.2.1_1,REU.2.1_1,0.013604685735774,0.705007675499495,0.691402989763721,2025.23845010878,2025.25205479452,CHIKV_RUN_S34b29_2025,55.4112566163266,-21.04474661488
5802,2803,REU.4.8_1,REU.1.4_1,0.00915738484798967,0.705007675499495,0.695850290651505,2025.24289740967,2025.25205479452,CHIKV_RUN_S33b35_2025,55.719249,-21.044355
3377,304,REU.2.3_1,REU.3.5_1,0.00523081345994647,0.705007675499495,0.699776862039548,2025.24682398106,2025.25205479452,CHIKV_RUN_S34b24_2025,55.27146,-21.01272
4806,76,REU.4.8_1,REU.3.3_1,0.00515131970136673,0.705007675499495,0.699856355798128,2025.24690347482,2025.25205479452,CHIKV_RUN_S34b27_2025,55.283019,-21.110782
4401,4402,REU.3.4_1,REU.3.4_1,0.0353042858023884,0.705050124883235,0.669745839080847,2025.2167929581,2025.2520972439,NA,NA,NA
4525,4526,REU.2.3_1,REU.2.3_1,0.0496146952399983,0.706562497436805,0.656947802196807,2025.20399492122,2025.25360961646,NA,NA,NA
5284,5285,REU.4.5_1,REU.4.5_1,0.125402610672581,0.706860255550229,0.581457644877648,2025.1285047639,2025.25390737457,NA,NA,NA
4687,4688,REU.3.5_1,REU.3.5_1,0.112069338061536,0.707600801920937,0.595531463859401,2025.14257858288,2025.25464792094,NA,NA,NA
3576,1702,REU.4.8_1,REU.2.3_1,0.143453626536234,0.707747401526852,0.564293774990618,2025.11134089401,2025.25479452055,CHIKV_RUN_S34b17_2025,55.46355,-20.897532
5926,1776,REU.4.3_1,REU.4.8_1,0.132751500766293,0.707747401526852,0.574995900760559,2025.12204301978,2025.25479452055,CHIKV_RUN_S33b93_2025,55.490913,-21.297058
5683,2366,REU.3.4_1,REU.2.3_1,0.129017950617656,0.707747401526852,0.578729450909196,2025.12577656993,2025.25479452055,CHIKV_RUN_S34b20_2025,55.482429,-20.940237
3656,762,REU.4.8_1,REU.4.8_1,0.123583417595948,0.707747401526852,0.584163983930904,2025.13121110295,2025.25479452055,CHIKV_RUN_S33b92_2025,55.460263,-21.290377
6052,2934,REU.2.3_1,REU.2.3_1,0.119137446448329,0.707747401526852,0.588609955078523,2025.1356570741,2025.25479452055,CHIKV_RUN_S34b19_2025,55.46786,-20.89748
3450,992,REU.2.3_1,REU.2.3_1,0.111834212071213,0.707747401526852,0.595913189455639,2025.14296030848,2025.25479452055,CHIKV_RUN_S33b74_2025,55.480702,-20.896447
5084,2717,REU.3.1_1,REU.2.5_1,0.103854175379031,0.707747401526852,0.603893226147821,2025.15094034517,2025.25479452055,CHIKV_RUN_S34b18_2025,55.605341,-20.904362
3414,1165,REU.4.8_1,REU.4.8_1,0.0874966434482285,0.707747401526852,0.620250758078624,2025.1672978771,2025.25479452055,CHIKV_RUN_S33b84_2025,55.522177,-21.335085
5206,37,REU.2.3_1,REU.2.3_1,0.0833688926882086,0.707747401526852,0.624378508838644,2025.17142562786,2025.25479452055,CHIKV_RUN_S34b22_2025,55.483614,-20.896152
5852,3082,REU.4.8_1,REU.3.2_1,0.0780804162030861,0.707747401526852,0.629666985323766,2025.17671410434,2025.25479452055,CHIKV_RUN_S34b31_2025,55.330197,-21.235731
3335,265,REU.4.8_1,REU.2.3_1,0.0753280014035934,0.707747401526852,0.632419400123259,2025.17946651914,2025.25479452055,CHIKV_RUN_S34b09_2025,55.460951,-20.907438
5304,2125,REU.4.5_1,REU.4.5_1,0.0725841142354564,0.707747401526852,0.635163287291396,2025.18221040631,2025.25479452055,CHIKV_RUN_S33b81_2025,55.627935,-21.338649
4101,1439,REU.4.3_1,REU.4.8_1,0.0717521031794635,0.707747401526852,0.635995298347389,2025.18304241737,2025.25479452055,CHIKV_RUN_S34b32_2025,55.476348,-21.328608
4470,136,REU.2.3_1,REU.2.3_1,0.0707910531345031,0.707747401526852,0.636956348392349,2025.18400346741,2025.25479452055,CHIKV_RUN_S34b25_2025,55.445273,-20.903065
4472,134,REU.4.8_1,REU.4.8_1,0.0707408028979187,0.707747401526852,0.637006598628933,2025.18405371765,2025.25479452055,CHIKV_RUN_S34b12_2025,55.481234,-21.319446
4734,170,REU.2.3_1,REU.2.3_1,0.0566275562522802,0.707747401526852,0.651119845274572,2025.1981669643,2025.25479452055,CHIKV_RUN_S34b06_2025,55.495535,-20.912168
3426,977,REU.2.3_1,REU.2.3_1,0.0557152129377605,0.707747401526852,0.652032188589092,2025.19907930761,2025.25479452055,CHIKV_RUN_S34b14_2025,55.48981,-20.907133
6080,2933,REU.2.3_1,REU.2.3_1,0.0498751817763589,0.707747401526852,0.657872219750493,2025.20491933877,2025.25479452055,CHIKV_RUN_S34b23_2025,55.463234,-20.896231
5199,25,REU.2.3_1,REU.2.3_1,0.0443944075482134,0.707747401526852,0.663352993978639,2025.210400113,2025.25479452055,CHIKV_RUN_S34b10_2025,55.480688,-20.907711
6009,2851,REU.2.3_1,REU.2.3_1,0.0431278482193482,0.707747401526852,0.664619553307504,2025.21166667233,2025.25479452055,CHIKV_RUN_S34b15_2025,55.412973,-20.896317
5024,2583,REU.4.8_1,REU.4.8_1,0.035545484929291,0.707747401526852,0.672201916597561,2025.21924903562,2025.25479452055,CHIKV_RUN_S33b54_2025,55.476713,-21.283778
6186,2238,REU.3.5_1,REU.3.5_1,0.0327473360241914,0.707747401526852,0.67500006550266,2025.22204718452,2025.25479452055,CHIKV_RUN_S34b78_2025,55.310249,-21.03484
3299,335,REU.2.3_1,REU.2.3_1,0.014550265766889,0.707747401526852,0.693197135759963,2025.24024425478,2025.25479452055,CHIKV_RUN_S33b68_2025,55.396883,-20.901414
3947,1337,REU.3.5_1,REU.3.5_1,0.0100994449797241,0.707747401526852,0.697647956547128,2025.24469507557,2025.25479452055,CHIKV_RUN_S33b67_2025,55.264138,-21.050453
3938,3939,REU.4.4_1,REU.4.8_1,0.0466555946334563,0.708206981578355,0.661551386944898,2025.20859850597,2025.2552541006,NA,NA,NA
4570,4571,REU.4.8_1,REU.4.8_1,0.0170366819022335,0.708920446091479,0.691883764189245,2025.23893088321,2025.25596756511,NA,NA,NA
6042,6045,REU.2.3_1,REU.2.3_1,0.1005663908243,0.709177199084981,0.608610808260681,2025.15565792728,2025.25622431811,NA,NA,NA
5750,5751,REU.4.6_1,REU.4.6_1,0.130066364485399,0.709719408529686,0.579653044044287,2025.12670016307,2025.25676652755,NA,NA,NA
3276,3278,REU.2.3_1,REU.2.3_1,0.116511466923109,0.71023095715305,0.59371949022994,2025.14076660925,2025.25727807617,NA,NA,NA
5907,1973,REU.4.3_1,REU.4.4_1,0.174918475846604,0.71048712755421,0.535568651707605,2025.08261577073,2025.25753424658,CHIKV_RUN_S33b80_2025,55.576147,-21.33505
6227,3040,REU.4.3_1,REU.4.3_1,0.151738897344587,0.71048712755421,0.558748230209622,2025.10579534923,2025.25753424658,CHIKV_RUN_S33b85_2025,55.522751,-21.261613
4902,1609,REU.4.3_1,REU.2.3_1,0.145915576336114,0.71048712755421,0.564571551218096,2025.11161867024,2025.25753424658,CHIKV_RUN_S33b87_2025,55.464512,-20.90939
6040,2860,REU.2.3_1,REU.2.4_1,0.140605126918976,0.71048712755421,0.569882000635233,2025.11692911966,2025.25753424658,CHIKV_RUN_S33b91_2025,55.531376,-20.921067
5599,2505,REU.4.6_1,REU.4.6_1,0.133369938067643,0.71048712755421,0.577117189486566,2025.12416430851,2025.25753424658,CHIKV_RUN_S33b76_2025,55.435789,-21.266198
4835,1276,REU.4.3_1,REU.4.3_1,0.125049230430153,0.71048712755421,0.585437897124056,2025.13248501614,2025.25753424658,CHIKV_RUN_S33b90_2025,55.506124,-21.244339
4662,1617,REU.4.3_1,REU.4.3_1,0.11990227718615,0.71048712755421,0.590584850368059,2025.13763196939,2025.25753424658,CHIKV_RUN_S33b83_2025,55.535568,-21.252546
5943,2998,REU.4.6_1,REU.3.2_1,0.102255893996143,0.71048712755421,0.608231233558067,2025.15527835258,2025.25753424658,CHIKV_RUN_S33b82_2025,55.34181,-21.224006
4057,1406,REU.4.3_1,REU.4.3_1,0.092560905049164,0.71048712755421,0.617926222505045,2025.16497334153,2025.25753424658,CHIKV_RUN_S33b79_2025,55.504866,-21.27521
4510,915,REU.2.3_1,REU.1.1_1,0.0780168410881454,0.71048712755421,0.632470286466064,2025.17951740549,2025.25753424658,CHIKV_RUN_S34b40_2025,55.695326,-20.970634
5558,2680,REU.4.8_1,REU.4.6_1,0.0760481643970462,0.71048712755421,0.634438963157163,2025.18148608218,2025.25753424658,CHIKV_RUN_S33b94_2025,55.404123,-21.253057
5380,2444,REU.4.6_1,REU.4.6_1,0.0629574113005958,0.71048712755421,0.647529716253614,2025.19457683527,2025.25753424658,CHIKV_RUN_S33b89_2025,55.408445,-21.206276
3459,1028,REU.2.3_1,REU.4.8_1,0.050630802267801,0.71048712755421,0.659856325286409,2025.20690344431,2025.25753424658,CHIKV_RUN_S33b95_2025,55.480669,-21.287823
5212,39,REU.2.3_1,REU.2.3_1,0.0448895546241668,0.71048712755421,0.665597572930043,2025.21264469195,2025.25753424658,CHIKV_RUN_S34b04_2025,55.452046,-20.873862
3224,1680,REU.4.3_1,REU.4.4_1,0.0331757581418606,0.710487127554209,0.677311369412349,2025.22435848843,2025.25753424658,CHIKV_RUN_S33b78_2025,55.533825,-21.360422
4196,422,REU.2.3_1,REU.2.3_1,0.024592594953935,0.71048712755421,0.685894532600275,2025.23294165162,2025.25753424658,CHIKV_RUN_S34b21_2025,55.488906,-20.894632
4334,477,REU.2.3_1,REU.2.3_1,0.014602537050698,0.710487127554209,0.695884590503511,2025.24293170952,2025.25753424658,CHIKV_RUN_S34b08_2025,55.449009,-20.88911
4205,384,REU.2.3_1,REU.2.5_1,0.0104118666193848,0.710487127554209,0.700075260934825,2025.24712237996,2025.25753424658,CHIKV_RUN_S34b07_2025,55.584279,-20.931834
5710,2564,REU.4.8_1,REU.4.8_1,0.00920921838556166,0.710487127554209,0.701277909168648,2025.24832502819,2025.25753424658,CHIKV_RUN_S34b01_2025,55.457962,-21.336767
3559,3561,REU.4.3_1,REU.4.8_1,0.219738482255401,0.711787127659693,0.492048645404292,2025.03909576443,2025.25883424668,NA,NA,NA
3328,3329,REU.4.8_1,REU.2.3_1,0.15322599301133,0.712367654969643,0.559141661958312,2025.10618878098,2025.25941477399,NA,NA,NA
5395,3091,REU.3.1_1,REU.3.5_1,0.232170194356285,0.713226853581794,0.48105665922551,2025.02810377825,2025.2602739726,CHIKV_RUN_S34b56_2025,55.289242,-21.096299
4201,400,REU.4.5_1,REU.2.3_1,0.190682050087113,0.713226853581794,0.522544803494681,2025.06959192252,2025.2602739726,CHIKV_RUN_S34b44_2025,55.496998,-20.916796
5066,3111,REU.3.5_1,REU.2.3_1,0.187569463669375,0.713226853581794,0.525657389912419,2025.07270450893,2025.2602739726,CHIKV_RUN_S34b47_2025,55.462128,-20.897223
3719,857,REU.4.3_1,REU.2.3_1,0.175849238324283,0.713226853581794,0.537377615257511,2025.08442473428,2025.2602739726,CHIKV_RUN_S26b14_2025,55.474934,-20.917945
5643,1877,REU.4.6_1,REU.4.6_1,0.168064806879491,0.713226853581794,0.545162046702303,2025.09220916572,2025.2602739726,CHIKV_RUN_S35b08_2025,55.410246,-21.280714
3259,1105,REU.4.3_1,REU.4.2_1,0.165833171546005,0.713226853581794,0.547393682035789,2025.09444080106,2025.2602739726,CHIKV_RUN_S35b21_2025,55.47495,-21.250869
4738,198,REU.4.5_1,REU.2.3_1,0.15803782053598,0.713226853581794,0.555189033045814,2025.10223615207,2025.2602739726,CHIKV_RUN_S34b11_2025,55.506555,-20.91719
3631,788,REU.4.8_1,REU.4.8_1,0.153190154376794,0.713226853581794,0.560036699205,2025.10708381823,2025.2602739726,CHIKV_RUN_S35b16_2025,55.483434,-21.338152
6062,2926,REU.2.3_1,REU.2.3_1,0.151138203506378,0.713226853581794,0.562088650075416,2025.1091357691,2025.2602739726,CHIKV_RUN_S34b52_2025,55.495899,-20.926887
4457,154,REU.3.5_1,REU.2.3_1,0.143925107816373,0.713226853581794,0.569301745765421,2025.11634886479,2025.2602739726,CHIKV_RUN_S34b50_2025,55.467951,-20.886502
3554,1601,REU.4.8_1,REU.4.6_1,0.11770696253968,0.713226853581794,0.595519891042114,2025.14256701006,2025.2602739726,CHIKV_RUN_S34b69_2025,55.438351,-21.272851
5940,2997,REU.3.4_1,REU.2.3_1,0.116654609765209,0.713226853581794,0.596572243816585,2025.14361936284,2025.2602739726,CHIKV_RUN_S34b42_2025,55.459628,-20.892421
3985,294,REU.4.3_1,REU.4.8_1,0.109211004262951,0.713226853581794,0.604015849318843,2025.15106296834,2025.2602739726,CHIKV_RUN_S34b79_2025,55.48801,-21.333602
5888,1810,REU.3.1_1,REU.3.4_1,0.108898155520478,0.713226853581794,0.604328698061317,2025.15137581708,2025.2602739726,CHIKV_RUN_S33b88_2025,55.298499,-21.226692
3676,753,REU.4.3_1,REU.4.2_1,0.107829194637388,0.713226853581794,0.605397658944406,2025.15244477797,2025.2602739726,CHIKV_RUN_S34b91_2025,55.47163,-21.241298
3625,783,REU.4.8_1,REU.2.3_1,0.104023297240304,0.713226853581794,0.60920355634149,2025.15625067536,2025.2602739726,CHIKV_RUN_S34b54_2025,55.473802,-20.892735
5601,2208,REU.4.6_1,REU.2.3_1,0.102483397895856,0.713226853581794,0.610743455685939,2025.15779057471,2025.2602739726,CHIKV_RUN_S26b12_2025,55.473488,-20.914616
3750,730,REU.4.8_1,REU.2.4_1,0.0983297192995056,0.713226853581794,0.614897134282289,2025.1619442533,2025.2602739726,CHIKV_RUN_S34b41_2025,55.567849,-20.894748
4099,1391,REU.4.3_1,REU.4.8_1,0.0972300524043122,0.713226853581794,0.615996801177482,2025.1630439202,2025.2602739726,CHIKV_RUN_S35b09_2025,55.473367,-21.313868
4853,1144,REU.2.3_1,REU.2.3_1,0.085903663658822,0.713226853581794,0.627323189922972,2025.17437030894,2025.2602739726,CHIKV_RUN_S34b45_2025,55.459118,-20.889822
4143,1310,REU.4.8_1,REU.4.4_1,0.083933880608227,0.713226853581794,0.629292972973567,2025.17634009199,2025.2602739726,CHIKV_RUN_S34b05_2025,55.559659,-21.347573
3865,1262,REU.4.4_1,REU.4.4_1,0.0820615805935009,0.713226853581794,0.631165272988293,2025.17821239201,2025.2602739726,CHIKV_RUN_S34b74_2025,55.567768,-21.333194
3989,1427,REU.4.5_1,REU.4.5_1,0.0710175120548796,0.713226853581794,0.642209341526915,2025.18925646055,2025.2602739726,CHIKV_RUN_S35b20_2025,55.662477,-21.372649
3380,97,REU.4.8_1,REU.2.4_1,0.058537943498226,0.713226853581794,0.654688910083568,2025.2017360291,2025.2602739726,CHIKV_RUN_S34b51_2025,55.516751,-20.924157
4384,580,REU.4.3_1,REU.4.3_1,0.054472393511572,0.713226853581794,0.658754460070222,2025.20580157909,2025.2602739726,CHIKV_RUN_S34b49_2025,55.50754,-21.27382
3696,810,REU.4.3_1,REU.2.3_1,0.0484110995232307,0.713226853581794,0.664815754058564,2025.21186287308,2025.2602739726,CHIKV_RUN_S34b36_2025,55.511101,-20.912799
3657,770,REU.4.8_1,REU.4.8_1,0.0397623759404819,0.713226853581794,0.673464477641312,2025.22051159666,2025.2602739726,CHIKV_RUN_S33b77_2025,55.461336,-21.290989
3975,1562,REU.4.3_1,REU.3.5_1,0.0394970108399432,0.713226853581794,0.673729842741851,2025.22077696176,2025.2602739726,CHIKV_RUN_S26b09_2025,55.276977,-21.014649
4304,488,REU.2.3_1,REU.2.3_1,0.0263947013645182,0.713226853581794,0.686832152217276,2025.23387927124,2025.2602739726,CHIKV_RUN_S34b39_2025,55.423963,-20.877767
3886,1259,REU.4.4_1,REU.4.5_1,0.0215491253993074,0.713226853581794,0.691677728182487,2025.2387248472,2025.2602739726,CHIKV_RUN_S35b17_2025,55.596737,-21.362031
4894,4895,REU.2.3_1,REU.2.3_1,0.0823808069450045,0.713459714543504,0.6310789075985,2025.17812602662,2025.26050683356,NA,NA,NA
4712,4713,REU.4.4_1,REU.4.5_1,0.0823856587941201,0.71370572425797,0.63132006546385,2025.17836718448,2025.26075284328,NA,NA,NA
5558,5559,REU.4.8_1,REU.3.1_1,0.0807850879789267,0.71522405113609,0.634438963157163,2025.18148608218,2025.26227117016,NA,NA,NA
5407,5408,REU.4.5_1,REU.4.5_1,0.0162321527735374,0.715649629915564,0.699417477142027,2025.24646459616,2025.26269674894,NA,NA,NA
5884,1838,REU.3.1_1,REU.4.8_1,0.315854751672579,0.715966579609152,0.400111827936573,2024.94715894696,2025.26301369863,CHIKV_RUN_S35b26_2025,55.474091,-21.342737
4954,1782,REU.3.1_1,REU.4.8_1,0.25872317552905,0.715966579609152,0.457243404080102,2025.0042905231,2025.26301369863,CHIKV_RUN_S35b18_2025,55.451076,-21.278693
4930,3014,REU.3.1_1,REU.3.5_1,0.233198746129398,0.715966579609152,0.482767833479754,2025.0298149525,2025.26301369863,CHIKV_RUN_S34b37_2025,55.237378,-21.085047
4837,300,REU.4.3_1,REU.2.3_1,0.213984296921253,0.715966579609152,0.501982282687899,2025.04902940171,2025.26301369863,CHIKV_RUN_S34b46_2025,55.482412,-20.911924
3182,2310,REU.3.1_1,REU.2.4_1,0.178512971753659,0.715966579609152,0.537453607855493,2025.08450072688,2025.26301369863,CHIKV_RUN_S34b82_2025,55.513975,-20.916374
4615,1539,REU.4.3_1,REU.4.5_1,0.160359736828452,0.715966579609152,0.5556068427807,2025.1026539618,2025.26301369863,CHIKV_RUN_S35b33_2025,55.669869,-21.370745
4272,421,REU.4.3_1,REU.2.3_1,0.133757794488957,0.715966579609152,0.582208785120195,2025.12925590414,2025.26301369863,CHIKV_RUN_S34b88_2025,55.453124,-20.87948
4272,420,REU.4.3_1,REU.2.3_1,0.133757794488957,0.715966579609152,0.582208785120195,2025.12925590414,2025.26301369863,CHIKV_RUN_S28b02_2025,55.427756,-20.884912
3924,1270,REU.4.8_1,REU.4.8_1,0.133170858519432,0.715966579609152,0.58279572108972,2025.12984284011,2025.26301369863,CHIKV_RUN_S35b04_2025,55.507195,-21.35199
3652,764,REU.4.6_1,REU.4.8_1,0.122698359856268,0.715966579609152,0.593268219752884,2025.14031533877,2025.26301369863,CHIKV_RUN_S35b25_2025,55.448108,-21.295353
3449,978,REU.2.3_1,REU.2.3_1,0.121582731542211,0.715966579609152,0.59438384806694,2025.14143096709,2025.26301369863,CHIKV_RUN_S34b87_2025,55.461922,-20.904806
4162,302,REU.4.8_1,REU.4.8_1,0.118953103018129,0.715966579609152,0.597013476591023,2025.14406059561,2025.26301369863,CHIKV_RUN_S35b07_2025,55.478816,-21.321061
4015,1050,REU.2.5_1,REU.2.5_1,0.114656187378439,0.715966579609152,0.601310392230712,2025.14835751125,2025.26301369863,CHIKV_RUN_S34b84_2025,55.642871,-20.932313
6066,2921,REU.2.3_1,REU.2.4_1,0.111463775176641,0.715966579609152,0.604502804432511,2025.15154992345,2025.26301369863,CHIKV_RUN_S34b43_2025,55.552915,-20.901466
5200,22,REU.2.3_1,REU.2.3_1,0.108637908480687,0.715966579609152,0.607328671128465,2025.15437579015,2025.26301369863,CHIKV_RUN_S34b83_2025,55.447781,-20.882615
4664,1722,REU.2.3_1,REU.2.3_1,0.0942357445737276,0.715966579609152,0.621730835035424,2025.16877795406,2025.26301369863,CHIKV_RUN_S34b86_2025,55.448791,-20.890686
4649,1531,REU.4.3_1,REU.2.4_1,0.0932594927569769,0.715966579609152,0.622707086852175,2025.16975420587,2025.26301369863,CHIKV_RUN_S34b92_2025,55.54758,-20.897653
3730,864,REU.4.3_1,REU.4.3_1,0.0925947470127517,0.715966579609152,0.6233718325964,2025.17041895162,2025.26301369863,CHIKV_RUN_S34b85_2025,55.536329,-21.222347
5063,1899,REU.4.4_1,REU.4.7_1,0.0914179915037364,0.715966579609152,0.624548588105415,2025.17159570713,2025.26301369863,CHIKV_RUN_S34b80_2025,55.722197,-21.370763
4781,238,REU.4.8_1,REU.4.8_1,0.080496016516117,0.715966579609152,0.635470563093035,2025.18251768211,2025.26301369863,CHIKV_RUN_S35b44_2025,55.483603,-21.335736
4992,1986,REU.2.3_1,REU.2.4_1,0.0804098322270278,0.715966579609152,0.635556747382124,2025.1826038664,2025.26301369863,CHIKV_RUN_S34b73_2025,55.528367,-20.921675
4964,1914,REU.3.1_1,REU.3.2_1,0.0709650384870089,0.715966579609152,0.645001541122143,2025.19204866014,2025.26301369863,CHIKV_RUN_S35b30_2025,55.354315,-21.207176
4283,366,REU.4.5_1,REU.3.2_1,0.064600886063976,0.715966579609152,0.651365693545176,2025.19841281257,2025.26301369863,CHIKV_RUN_S35b03_2025,55.353664,-21.218052
5815,2823,REU.4.8_1,REU.4.8_1,0.0582036476151669,0.715966579609152,0.657762931993985,2025.20481005102,2025.26301369863,CHIKV_RUN_S35b42_2025,55.472216,-21.338658
5290,2035,REU.4.5_1,REU.4.5_1,0.0554226694668614,0.715966579609152,0.66054391014229,2025.20759102916,2025.26301369863,CHIKV_RUN_S35b43_2025,55.663844,-21.378484
4436,118,REU.2.3_1,REU.2.3_1,0.0439768376468729,0.715966579609152,0.671989741962279,2025.21903686098,2025.26301369863,CHIKV_RUN_S34b94_2025,55.462623,-20.895358
5237,2082,REU.4.8_1,REU.4.5_1,0.0338363334276435,0.715966579609152,0.682130246181508,2025.2291773652,2025.26301369863,CHIKV_RUN_S34b90_2025,55.664754,-21.361256
5499,1281,REU.4.3_1,REU.4.3_1,0.032047511231678,0.715966579609152,0.683919068377474,2025.2309661874,2025.26301369863,CHIKV_RUN_S35b35_2025,55.514642,-21.29731
5161,3,REU.4.3_1,REU.4.3_1,0.0277128195226614,0.715966579609152,0.68825376008649,2025.23530087911,2025.26301369863,CHIKV_RUN_S34b93_2025,55.520597,-21.303307
5896,2152,REU.4.6_1,REU.4.6_1,0.0272206921856656,0.715966579609152,0.688745887423486,2025.23579300644,2025.26301369863,CHIKV_RUN_S35b10_2025,55.44814,-21.277593
4816,94,REU.2.3_1,REU.2.3_1,0.0214988461958515,0.715966579609152,0.6944677334133,2025.24151485243,2025.26301369863,CHIKV_RUN_S34b38_2025,55.457303,-20.898911
5002,1990,REU.2.5_1,REU.2.5_1,0.0110491366217346,0.715966579609152,0.704917442987417,2025.25196456201,2025.26301369863,CHIKV_RUN_S35b02_2025,55.581749,-20.92921
3939,1178,REU.4.8_1,REU.2.3_1,0.00775959803079695,0.715966579609152,0.708206981578355,2025.2552541006,2025.26301369863,CHIKV_RUN_S35b06_2025,55.462846,-20.901711
4713,185,REU.4.5_1,REU.4.5_1,0.00226085535118181,0.715966579609152,0.71370572425797,2025.26075284328,2025.26301369863,CHIKV_RUN_S35b29_2025,55.700778,-21.360713
4644,1530,REU.4.3_1,REU.4.3_1,0.186144033072491,0.718706305636509,0.532562272564018,2025.07960939159,2025.26575342466,CHIKV_RUN_S45b47_2025,55.576662,-21.23071
3146,2751,REU.3.1_1,REU.3.2_1,0.172470628304719,0.718706305636509,0.54623567733179,2025.09328279635,2025.26575342466,CHIKV_RUN_S45b52_2025,55.329707,-21.244639
3560,1432,REU.4.3_1,REU.4.3_1,0.171643172568723,0.718706305636509,0.547063133067786,2025.09411025209,2025.26575342466,CHIKV_RUN_S35b28_2025,55.506198,-21.255451
5402,2354,REU.4.5_1,REU.3.4_1,0.169212270193232,0.718706305636509,0.549494035443277,2025.09654115446,2025.26575342466,CHIKV_RUN_S45b55_2025,55.31624,-21.14573
5266,2044,REU.4.8_1,REU.4.5_1,0.156951564217021,0.718706305636509,0.561754741419488,2025.10880186044,2025.26575342466,CHIKV_RUN_S36b03_2025,55.612823,-21.381644
6094,1938,REU.4.3_1,REU.1.5_1,0.139567213537643,0.718706305636509,0.579139092098866,2025.12618621112,2025.26575342466,CHIKV_RUN_S36b58_2025,55.819185,-21.158695
5638,1807,REU.4.6_1,REU.4.6_1,0.1364561591891,0.718706305636509,0.582250146447409,2025.12929726547,2025.26575342466,CHIKV_RUN_S45b60_2025,55.440118,-21.261287
5119,2251,REU.4.3_1,REU.4.8_1,0.13598714536681,0.718706305636509,0.582719160269699,2025.12976627929,2025.26575342466,CHIKV_RUN_S36b30_2025,55.477489,-21.330138
4933,1829,REU.4.8_1,REU.2.3_1,0.132819349791327,0.718706305636509,0.585886955845182,2025.13293407487,2025.26575342466,CHIKV_RUN_S45b43_2025,55.458162,-20.890265
3835,655,REU.4.3_1,REU.4.3_1,0.132798516041579,0.718706305636509,0.58590778959493,2025.13295490862,2025.26575342466,CHIKV_RUN_S35b52_2025,55.502423,-21.235649
6070,2909,REU.2.3_1,REU.2.3_1,0.132578782769708,0.718706305636509,0.586127522866801,2025.13317464189,2025.26575342466,CHIKV_RUN_S35b45_2025,55.499865,-20.925833
3305,324,REU.4.3_1,REU.4.3_1,0.132390313000113,0.718706305636509,0.586315992636396,2025.13336311166,2025.26575342466,CHIKV_RUN_S35b12_2025,55.513655,-21.244184
3241,1121,REU.4.3_1,REU.4.5_1,0.130973084002283,0.718706305636509,0.587733221634226,2025.13478034066,2025.26575342466,CHIKV_RUN_S45b36_2025,55.632591,-21.370861
3504,969,REU.2.3_1,REU.1.5_1,0.130807856594769,0.718706305636509,0.58789844904174,2025.13494556806,2025.26575342466,CHIKV_RUN_S36b59_2025,55.828075,-21.164687
5812,2824,REU.4.8_1,REU.4.8_1,0.128634185648455,0.718706305636509,0.590072119988054,2025.13711923901,2025.26575342466,CHIKV_RUN_S36b11_2025,55.485682,-21.340678
4786,75,REU.2.3_1,REU.2.3_1,0.127716110294702,0.718706305636509,0.590990195341807,2025.13803731436,2025.26575342466,CHIKV_RUN_S35b15_2025,55.456567,-20.885699
5829,2479,REU.4.6_1,REU.4.6_1,0.122250209084546,0.718706305636509,0.596456096551963,2025.14350321557,2025.26575342466,CHIKV_RUN_S36b20_2025,55.411166,-21.2906
5297,2124,REU.4.5_1,REU.4.5_1,0.117341772231552,0.718706305636509,0.601364533404957,2025.14841165243,2025.26575342466,CHIKV_RUN_S35b46_2025,55.634552,-21.335297
4720,180,REU.4.7_1,REU.4.7_1,0.117075501611564,0.718706305636509,0.601630804024945,2025.14867792305,2025.26575342466,CHIKV_RUN_S35b41_2025,55.723651,-21.363656
5968,2961,REU.3.4_1,REU.3.4_1,0.116728383240512,0.718706305636509,0.601977922395997,2025.14902504142,2025.26575342466,CHIKV_RUN_S36b12_2025,55.309335,-21.161133
5553,2189,REU.4.3_1,REU.4.3_1,0.116293925674067,0.718706305636509,0.602412379962442,2025.14945949898,2025.26575342466,CHIKV_RUN_S35b31_2025,55.534055,-21.256565
5274,2042,REU.4.5_1,REU.4.5_1,0.114899701483857,0.718706305636509,0.603806604152652,2025.15085372317,2025.26575342466,CHIKV_RUN_S35b49_2025,55.65683,-21.338729
4307,450,REU.2.3_1,REU.1.4_1,0.109532479407311,0.718706305636509,0.609173826229198,2025.15622094525,2025.26575342466,CHIKV_RUN_S37b74_2025,55.734654,-21.094938
5550,2186,REU.4.8_1,REU.4.8_1,0.106005653766119,0.718706305636509,0.61270065187039,2025.15974777089,2025.26575342466,CHIKV_RUN_S36b21_2025,55.486412,-21.347464
4481,1620,REU.4.8_1,REU.4.4_1,0.101744766892793,0.718706305636509,0.616961538743716,2025.16400865776,2025.26575342466,CHIKV_RUN_S45b42_2025,55.576604,-21.336189
5653,2594,REU.4.8_1,REU.1.3_1,0.0974137793430094,0.718706305636509,0.6212925262935,2025.16833964531,2025.26575342466,CHIKV_RUN_S45b44_2025,55.648083,-20.968452
3780,675,REU.4.3_1,REU.2.3_1,0.0969683774030581,0.718706305636509,0.621737928233451,2025.16878504725,2025.26575342466,CHIKV_RUN_S35b38_2025,55.457633,-20.900334
3447,1001,REU.2.3_1,REU.1.5_1,0.0959765176451799,0.718706305636509,0.622729787991329,2025.16977690701,2025.26575342466,CHIKV_RUN_S36b57_2025,55.797018,-21.130078
3921,1177,REU.4.4_1,REU.4.5_1,0.0874669520933514,0.718706305636509,0.631239353543158,2025.17828647256,2025.26575342466,CHIKV_RUN_S35b19_2025,55.609091,-21.352348
6193,2329,REU.4.8_1,REU.1.3_1,0.0868141007026274,0.718706305636509,0.631892204933882,2025.17893932395,2025.26575342466,CHIKV_RUN_S45b46_2025,55.626108,-20.954969
4906,870,REU.4.3_1,REU.4.5_1,0.0861232367160811,0.718706305636509,0.632583068920428,2025.17963018794,2025.26575342466,CHIKV_RUN_S36b35_2025,55.612002,-21.379741
4781,239,REU.4.8_1,REU.1.4_1,0.0832357425434744,0.718706305636509,0.635470563093035,2025.18251768211,2025.26575342466,CHIKV_RUN_S36b81_2025,55.710447,-21.033268
3903,1227,REU.4.5_1,REU.4.5_1,0.0822519463613829,0.718706305636509,0.636454359275126,2025.1835014783,2025.26575342466,CHIKV_RUN_S36b15_2025,55.6309,-21.340483
4167,625,REU.4.8_1,REU.2.3_1,0.0819412897965266,0.718706305636509,0.636765015839982,2025.18381213486,2025.26575342466,CHIKV_RUN_S35b13_2025,55.452371,-20.889316
4889,1372,REU.2.4_1,REU.2.4_1,0.079348507605999,0.718706305636509,0.63935779803051,2025.18640491705,2025.26575342466,CHIKV_RUN_S45b53_2025,55.558119,-20.898194
6054,2903,REU.2.3_1,REU.4.8_1,0.0785365416653485,0.718706305636509,0.64016976397116,2025.18721688299,2025.26575342466,CHIKV_RUN_S36b09_2025,55.425507,-21.299211
6078,2911,REU.2.3_1,REU.2.3_1,0.0768449338794094,0.718706305636509,0.6418613717571,2025.18890849078,2025.26575342466,CHIKV_RUN_S35b39_2025,55.459915,-20.891391
4317,380,REU.2.3_1,REU.2.5_1,0.0763696470963499,0.718706305636509,0.642336658540159,2025.18938377756,2025.26575342466,CHIKV_RUN_S35b23_2025,55.593686,-20.911752
4154,1282,REU.4.3_1,REU.2.3_1,0.0746056696636114,0.718706305636509,0.644100635972898,2025.19114775499,2025.26575342466,CHIKV_RUN_S35b14_2025,55.445317,-20.896568
6119,2180,REU.4.8_1,REU.4.8_1,0.0640837463501729,0.718706305636509,0.654622559286336,2025.20166967831,2025.26575342466,CHIKV_RUN_S45b51_2025,55.440031,-21.315044
5290,2036,REU.4.5_1,REU.4.5_1,0.0581623954942188,0.718706305636509,0.66054391014229,2025.20759102916,2025.26575342466,CHIKV_RUN_S35b32_2025,55.619713,-21.372073
4589,1589,REU.4.8_1,REU.4.8_1,0.0560892091837388,0.718706305636509,0.66261709645277,2025.20966421547,2025.26575342466,CHIKV_RUN_S35b24_2025,55.494334,-21.304604
5338,2432,REU.4.6_1,REU.4.3_1,0.0460984036834452,0.718706305636509,0.672607901953064,2025.21965502097,2025.26575342466,CHIKV_RUN_S45b57_2025,55.510747,-21.254944
4179,290,REU.4.8_1,REU.4.8_1,0.0428618265228874,0.718706305636509,0.675844479113622,2025.22289159813,2025.26575342466,CHIKV_RUN_S35b40_2025,55.48181,-21.330446
5522,2529,REU.3.2_1,REU.1.5_1,0.0390055584239275,0.718706305636509,0.679700747212582,2025.22674786623,2025.26575342466,CHIKV_RUN_S37b77_2025,55.778421,-21.126649
4237,398,REU.2.3_1,REU.2.3_1,0.0344969538258051,0.718706305636509,0.684209351810704,2025.23125647083,2025.26575342466,CHIKV_RUN_S35b34_2025,55.506864,-20.90552
4234,479,REU.2.3_1,REU.2.3_1,0.0332462941912184,0.718706305636509,0.685460011445291,2025.23250713047,2025.26575342466,CHIKV_RUN_S35b27_2025,55.430094,-20.881357
4159,612,REU.4.8_1,REU.1.4_1,0.0251699915430809,0.718706305636509,0.693536314093428,2025.24058343311,2025.26575342466,CHIKV_RUN_S37b75_2025,55.742218,-21.079845
3484,941,REU.2.4_1,REU.2.4_1,0.0184284678302934,0.718706305636509,0.700277837806216,2025.24732495683,2025.26575342466,CHIKV_RUN_S35b11_2025,55.523182,-20.920082
5127,2279,REU.2.3_1,REU.3.5_1,0.0183831072988943,0.718706305636509,0.700323198337615,2025.24737031736,2025.26575342466,CHIKV_RUN_S35b22_2025,55.239248,-21.096619
4512,914,REU.1.3_1,REU.1.3_1,0.0140803287822475,0.718706305636509,0.704625976854262,2025.25167309588,2025.26575342466,CHIKV_RUN_S45b30_2025,55.656813,-20.940275
4402,564,REU.3.4_1,REU.3.4_1,0.013656180753274,0.718706305636509,0.705050124883235,2025.2520972439,2025.26575342466,CHIKV_RUN_S45b50_2025,55.289728,-21.132399
4274,4275,REU.4.3_1,REU.2.3_1,0.145058833641019,0.719923783104223,0.574864949463205,2025.12191206848,2025.26697090213,NA,NA,NA
3890,3891,REU.4.8_1,REU.2.3_1,0.107813581200738,0.720022147992704,0.612208566791966,2025.15925568581,2025.26706926701,NA,NA,NA
4334,4335,REU.2.3_1,REU.2.3_1,0.0243372592329946,0.720221849736506,0.695884590503511,2025.24293170952,2025.26726896876,NA,NA,NA
4416,375,REU.2.3_1,REU.2.4_1,0.247683730511011,0.721446031663866,0.473762301152855,2025.02080942017,2025.26849315068,CHIKV_RUN_S36b24_2025,55.571953,-20.894325
3593,2501,REU.4.3_1,REU.4.8_1,0.185458910281385,0.721446031663866,0.535987121382481,2025.0830342404,2025.26849315068,CHIKV_RUN_S36b70_2025,55.462462,-21.337648
5031,2682,REU.3.1_1,REU.3.2_1,0.184708682268362,0.721446031663866,0.536737349395505,2025.08378446842,2025.26849315068,CHIKV_RUN_S36b05_2025,55.335907,-21.237616
5033,2672,REU.3.1_1,REU.4.6_1,0.181839809275784,0.721446031663866,0.539606222388082,2025.08665334141,2025.26849315068,CHIKV_RUN_S36b02_2025,55.408549,-21.29104
4063,1421,REU.4.3_1,REU.4.3_1,0.177230203009144,0.721446031663866,0.544215828654723,2025.09126294768,2025.26849315068,CHIKV_RUN_S36b67_2025,55.525237,-21.279942
3787,688,REU.4.8_1,REU.1.3_1,0.157444277199302,0.721446031663866,0.564001754464565,2025.11104887349,2025.26849315068,CHIKV_RUN_S36b14_2025,55.62049,-20.954348
5287,2038,REU.4.5_1,REU.4.5_1,0.153701891944142,0.721446031663866,0.567744139719724,2025.11479125874,2025.26849315068,CHIKV_RUN_S36b69_2025,55.616743,-21.375864
4000,1574,REU.4.8_1,REU.4.3_1,0.148059666762332,0.721446031663866,0.573386364901535,2025.12043348392,2025.26849315068,CHIKV_RUN_S36b16_2025,55.513752,-21.277223
5197,44,REU.2.3_1,REU.2.3_1,0.143412045716665,0.721446031663866,0.578033985947202,2025.12508110497,2025.26849315068,CHIKV_RUN_S35b36_2025,55.452064,-20.886175
4973,1906,REU.3.1_1,REU.3.2_1,0.142115780932828,0.721446031663866,0.579330250731038,2025.12637736975,2025.26849315068,CHIKV_RUN_S37b07_2025,55.364689,-21.212838
5196,28,REU.2.3_1,REU.2.3_1,0.135329338806257,0.721446031663866,0.586116692857609,2025.13316381188,2025.26849315068,CHIKV_RUN_S36b44_2025,55.453019,-20.879682
3789,687,REU.4.3_1,REU.4.8_1,0.134614334442855,0.721446031663866,0.586831697221011,2025.13387881624,2025.26849315068,CHIKV_RUN_S36b33_2025,55.486916,-21.343386
4991,1974,REU.2.3_1,REU.2.3_1,0.134131737905793,0.721446031663866,0.587314293758074,2025.13436141278,2025.26849315068,CHIKV_RUN_S35b53_2025,55.454217,-20.887795
6014,2876,REU.2.3_1,REU.2.4_1,0.13228603696067,0.721446031663866,0.589159994703196,2025.13620711372,2025.26849315068,CHIKV_RUN_S36b06_2025,55.523806,-20.927211
3344,1331,REU.3.5_1,REU.3.2_1,0.128891116125062,0.721446031663866,0.592554915538804,2025.13960203456,2025.26849315068,CHIKV_RUN_S36b29_2025,55.336687,-21.237412
3538,1546,REU.4.8_1,REU.1.4_1,0.127540553101043,0.721446031663866,0.593905478562824,2025.14095259758,2025.26849315068,CHIKV_RUN_S37b76_2025,55.705138,-21.069757
4182,1636,REU.4.8_1,REU.3.5_1,0.126111339983071,0.721446031663866,0.595334691680796,2025.1423818107,2025.26849315068,CHIKV_RUN_S36b04_2025,55.331176,-20.984865
5036,2388,REU.4.6_1,REU.4.3_1,0.121835177972835,0.721446031663866,0.599610853691031,2025.14665797271,2025.26849315068,CHIKV_RUN_S37b05_2025,55.49969,-21.269455
3836,860,REU.4.3_1,REU.4.8_1,0.114328035811902,0.721446031663866,0.607117995851964,2025.15416511487,2025.26849315068,CHIKV_RUN_S36b77_2025,55.445779,-21.298926
3452,1009,REU.2.3_1,REU.2.3_1,0.113950537941678,0.721446031663867,0.607495493722188,2025.15454261274,2025.26849315068,CHIKV_RUN_S35b55_2025,55.44655,-20.899567
3880,1196,REU.4.8_1,REU.2.5_1,0.107710081954185,0.721446031663866,0.613735949709681,2025.16078306873,2025.26849315068,CHIKV_RUN_S36b31_2025,55.594205,-20.912074
3168,2496,REU.3.1_1,REU.4.6_1,0.105596923465258,0.721446031663866,0.615849108198609,2025.16289622722,2025.26849315068,CHIKV_RUN_S36b28_2025,55.402411,-21.269929
3617,776,REU.4.8_1,REU.4.2_1,0.105207443288444,0.721446031663866,0.616238588375422,2025.1632857074,2025.26849315068,CHIKV_RUN_S36b23_2025,55.482973,-21.24164
4810,84,REU.4.8_1,REU.2.3_1,0.100927085526545,0.721446031663866,0.620518946137321,2025.16756606516,2025.26849315068,CHIKV_RUN_S36b40_2025,55.458092,-20.879665
4488,1624,REU.3.5_1,REU.3.5_1,0.0994533539284959,0.721446031663866,0.621992677735371,2025.16903979676,2025.26849315068,CHIKV_RUN_S36b84_2025,55.331595,-20.99911
3290,349,REU.4.3_1,REU.4.6_1,0.0981301253658089,0.721446031663866,0.623315906298058,2025.17036302532,2025.26849315068,CHIKV_RUN_S37b08_2025,55.406676,-21.287115
3972,1564,REU.4.3_1,REU.4.3_1,0.0950583238574447,0.721446031663866,0.626387707806422,2025.17343482683,2025.26849315068,CHIKV_RUN_S36b65_2025,55.554845,-21.221076
3977,1558,REU.4.3_1,REU.4.5_1,0.0938951685518837,0.721446031663866,0.627550863111983,2025.17459798213,2025.26849315068,CHIKV_RUN_S37b03_2025,55.600899,-21.346103
4482,1631,REU.4.8_1,REU.2.4_1,0.0906312980957022,0.721446031663866,0.630814733568164,2025.17786185259,2025.26849315068,CHIKV_RUN_S36b07_2025,55.514801,-20.917675
5656,2607,REU.2.3_1,REU.2.3_1,0.0877876053216986,0.721446031663866,0.633658426342168,2025.18070554536,2025.26849315068,CHIKV_RUN_S36b41_2025,55.444792,-20.9012
5615,2174,REU.3.1_1,REU.4.8_1,0.0831013687912185,0.721446031663866,0.638344662872648,2025.18539178189,2025.26849315068,CHIKV_RUN_S36b18_2025,55.475368,-21.326873
3634,784,REU.4.8_1,REU.4.8_1,0.0775008401143065,0.721446031663866,0.64394519154956,2025.19099231057,2025.26849315068,CHIKV_RUN_S36b94_2025,55.464534,-21.337941
3156,2838,REU.4.8_1,REU.4.4_1,0.0767233592835401,0.721446031663866,0.644722672380326,2025.1917697914,2025.26849315068,CHIKV_RUN_S36b27_2025,55.566444,-21.348978
3794,651,REU.4.5_1,REU.4.8_1,0.0724562158285489,0.721446031663866,0.648989815835318,2025.19603693486,2025.26849315068,CHIKV_RUN_S36b10_2025,55.447129,-21.28198
3741,691,REU.4.3_1,REU.2.3_1,0.0708192674610988,0.721446031663866,0.650626764202767,2025.19767388322,2025.26849315068,CHIKV_RUN_S36b08_2025,55.476703,-20.893449
4428,143,REU.2.3_1,REU.2.3_1,0.0687262220101263,0.721446031663866,0.65271980965374,2025.19976692867,2025.26849315068,CHIKV_RUN_S36b32_2025,55.455128,-20.888736
4753,244,REU.4.5_1,REU.4.5_1,0.0644482495121865,0.721446031663866,0.65699778215168,2025.20404490117,2025.26849315068,CHIKV_RUN_S36b46_2025,55.681708,-21.366676
3468,1020,REU.2.3_1,REU.2.3_1,0.0614762949633881,0.721446031663866,0.659969736700478,2025.20701685572,2025.26849315068,CHIKV_RUN_S36b42_2025,55.488518,-20.926245
3968,1086,REU.4.8_1,REU.4.4_1,0.059739661518835,0.721446031663866,0.661706370145031,2025.20875348917,2025.26849315068,CHIKV_RUN_S36b74_2025,55.534402,-21.360321
5021,2574,REU.2.3_1,REU.2.3_1,0.0349681006665667,0.721446031663866,0.6864779309973,2025.23352505002,2025.26849315068,CHIKV_RUN_S35b37_2025,55.462782,-20.884913
3275,355,REU.2.3_1,REU.2.3_1,0.0343387562289111,0.721446031663866,0.687107275434955,2025.23415439446,2025.26849315068,CHIKV_RUN_S36b87_2025,55.464831,-20.8845
4806,72,REU.4.8_1,REU.2.4_1,0.0215896758657385,0.721446031663866,0.699856355798128,2025.24690347482,2025.26849315068,CHIKV_RUN_S36b47_2025,55.517213,-20.949991
6020,2858,REU.4.8_1,REU.4.8_1,0.0176293900114763,0.721446031663866,0.70381664165239,2025.25086376067,2025.26849315068,CHIKV_RUN_S36b39_2025,55.497632,-21.293164
6020,2895,REU.4.8_1,REU.4.4_1,0.0176293900114763,0.721446031663866,0.70381664165239,2025.25086376067,2025.26849315068,CHIKV_RUN_S38b40_2025,55.583064,-21.347863
4526,1714,REU.2.3_1,REU.2.3_1,0.0148835342270612,0.721446031663866,0.706562497436805,2025.25360961646,2025.26849315068,CHIKV_RUN_S28b03_2025,55.448275,-20.89179
5408,2346,REU.4.5_1,REU.2.3_1,0.00579640174830254,0.721446031663866,0.715649629915564,2025.26269674894,2025.26849315068,CHIKV_RUN_S35b54_2025,55.457891,-20.888457
5247,5248,REU.4.8_1,REU.4.6_1,0.142463715989744,0.722082287940262,0.579618571950518,2025.12666569097,2025.26912940696,NA,NA,NA
5073,5074,REU.4.8_1,REU.4.5_1,0.0754613160707421,0.722787242272161,0.647325926201419,2025.19437304522,2025.26983436129,NA,NA,NA
6060,6061,REU.2.3_1,REU.2.3_1,0.0680677808521828,0.723163226111256,0.655095445259073,2025.20214256428,2025.27021034513,NA,NA,NA
4544,4545,REU.2.3_1,REU.2.3_1,0.111368361843037,0.7235802705838,0.612211908740763,2025.15925902776,2025.2706273896,NA,NA,NA
5902,2626,REU.3.1_1,REU.4.6_1,0.2773668779416,0.724185757691224,0.446818879749624,2024.99386599877,2025.27123287671,CHIKV_RUN_S37b26_2025,55.406465,-21.289335
4046,1405,REU.4.3_1,REU.1.3_1,0.16427674280487,0.724185757691224,0.559909014886354,2025.10695613391,2025.27123287671,CHIKV_RUN_S36b72_2025,55.659589,-20.973932
5085,3085,REU.3.1_1,REU.4.3_1,0.147691612999199,0.724185757691224,0.576494144692025,2025.12354126371,2025.27123287671,CHIKV_RUN_S36b82_2025,55.530001,-21.220516
3652,763,REU.4.6_1,REU.3.1_1,0.13091753793834,0.724185757691224,0.593268219752884,2025.14031533877,2025.27123287671,CHIKV_RUN_S36b66_2025,55.390181,-21.239489
5141,2290,REU.4.3_1,REU.4.3_1,0.12476475337426,0.724185757691224,0.599421004316964,2025.14646812334,2025.27123287671,CHIKV_RUN_S36b78_2025,55.548848,-21.250426
5087,1942,REU.3.1_1,REU.3.5_1,0.120747222372232,0.724185757691224,0.603438535318992,2025.15048565434,2025.27123287671,CHIKV_RUN_S36b92_2025,55.218996,-21.043183
3187,2499,REU.3.1_1,REU.3.2_1,0.115184300309458,0.724185757691224,0.609001457381766,2025.1560485764,2025.27123287671,CHIKV_RUN_S37b33_2025,55.341489,-21.22632
5589,2016,REU.4.3_1,REU.4.5_1,0.111937711367227,0.724185757691224,0.612248046323997,2025.15929516534,2025.27123287671,CHIKV_RUN_S36b79_2025,55.613182,-21.341037
3856,1186,REU.4.8_1,REU.4.3_1,0.107801750593327,0.724185757691224,0.616384007097897,2025.16343112612,2025.27123287671,CHIKV_RUN_S36b91_2025,55.531203,-21.223437
5303,2123,REU.4.5_1,REU.4.5_1,0.0991291018284842,0.724185757691224,0.62505665586274,2025.17210377488,2025.27123287671,CHIKV_RUN_S37b04_2025,55.601648,-21.354461
3606,1581,REU.4.8_1,REU.4.6_1,0.0976853254848565,0.724185757691224,0.626500432206367,2025.17354755123,2025.27123287671,CHIKV_RUN_S37b22_2025,55.41041,-21.203343
4762,209,REU.4.8_1,REU.4.5_1,0.0955989330288098,0.724185757691224,0.628586824662414,2025.17563394368,2025.27123287671,CHIKV_RUN_S37b23_2025,55.621974,-21.376159
5672,2611,REU.3.1_1,REU.4.5_1,0.0929737889299687,0.724185757691224,0.631211968761255,2025.17825908778,2025.27123287671,CHIKV_RUN_S37b29_2025,55.623625,-21.379174
5278,2046,REU.4.5_1,REU.4.5_1,0.0881708707525579,0.724185757691224,0.636014886938666,2025.18306200596,2025.27123287671,CHIKV_RUN_S36b93_2025,55.632653,-21.374048
4969,1911,REU.4.8_1,REU.2.3_1,0.0813453516605593,0.724185757691224,0.642840406030665,2025.18988752505,2025.27123287671,CHIKV_RUN_S36b85_2025,55.43917,-20.896348
5634,1787,REU.2.3_1,REU.2.3_1,0.0768668316789358,0.724185757691224,0.647318926012288,2025.19436604503,2025.27123287671,CHIKV_RUN_S36b43_2025,55.501016,-20.90024
4792,82,REU.4.8_1,REU.4.4_1,0.0726919674878592,0.724185757691224,0.651493790203365,2025.19854090922,2025.27123287671,CHIKV_RUN_S36b86_2025,55.539587,-21.337892
4927,2698,REU.4.8_1,REU.2.3_1,0.0667882790317965,0.724185757691224,0.657397478659427,2025.20444459768,2025.27123287671,CHIKV_RUN_S36b73_2025,55.46222,-20.89166
6080,2935,REU.2.3_1,REU.2.3_1,0.0663135379407306,0.724185757691224,0.657872219750493,2025.20491933877,2025.27123287671,CHIKV_RUN_S36b76_2025,55.505459,-20.912928
6030,2877,REU.2.3_1,REU.2.3_1,0.0645632529952194,0.724185757691224,0.659622504696004,2025.20666962372,2025.27123287671,CHIKV_RUN_S36b75_2025,55.444588,-20.909778
4866,1145,REU.2.3_1,REU.2.3_1,0.0483130792526971,0.724185757691224,0.675872678438527,2025.22291979746,2025.27123287671,CHIKV_RUN_S36b95_2025,55.485693,-20.90823
3754,727,REU.2.3_1,REU.2.3_1,0.0470036899450617,0.724185757691224,0.677182067746162,2025.22422918677,2025.27123287671,CHIKV_RUN_S37b09_2025,55.458044,-20.904445
4236,447,REU.2.3_1,REU.2.3_1,0.0292403898997717,0.724185757691224,0.694945367791452,2025.24199248681,2025.27123287671,CHIKV_RUN_S36b62_2025,55.435923,-20.920802
5407,2353,REU.4.5_1,REU.2.3_1,0.0247682805491973,0.724185757691224,0.699417477142027,2025.24646459616,2025.27123287671,CHIKV_RUN_S36b45_2025,55.463336,-20.893336
4904,1311,REU.4.4_1,REU.2.4_1,0.0245952439977956,0.724185757691224,0.699590513693428,2025.24663763271,2025.27123287671,CHIKV_RUN_S36b63_2025,55.54216,-20.946748
5559,2314,REU.3.1_1,REU.3.1_1,0.00896170655513373,0.724185757691224,0.71522405113609,2025.26227117016,2025.27123287671,CHIKV_RUN_S37b25_2025,55.335535,-21.268174
6061,2919,REU.2.3_1,REU.2.2_1,0.0010225315799679,0.724185757691224,0.723163226111256,2025.27021034513,2025.27123287671,CHIKV_RUN_S50b04_2025,55.30726,-20.939579
4797,4798,REU.4.8_1,REU.3.5_1,0.139036561311135,0.724397566259403,0.585361004948268,2025.13240812397,2025.27144468528,NA,NA,NA
3470,3472,REU.2.3_1,REU.2.3_1,0.0912759656885554,0.724694984883053,0.633419019194497,2025.18046613822,2025.2717421039,NA,NA,NA
4840,4841,REU.4.8_1,REU.2.3_1,0.0991604227463314,0.725431285728726,0.626270862982395,2025.173317982,2025.27247840475,NA,NA,NA
4978,2382,REU.3.1_1,REU.3.4_1,0.22001738956756,0.726925483718809,0.506908094151249,2025.05395521317,2025.27397260274,CHIKV_RUN_S37b15_2025,55.325483,-21.166768
5608,2334,REU.4.6_1,REU.4.8_1,0.195362471600067,0.726925483718809,0.531563012118742,2025.07861013114,2025.27397260274,CHIKV_RUN_S38b21_2025,55.492457,-21.272136
4505,262,REU.4.3_1,REU.4.5_1,0.193021417383434,0.726925483718809,0.533904066335375,2025.08095118536,2025.27397260274,CHIKV_RUN_S38b12_2025,55.596597,-21.352251
6149,1852,REU.3.1_1,REU.3.1_1,0.179460263369989,0.726925483718809,0.54746522034882,2025.09451233937,2025.27397260274,CHIKV_RUN_S38b80_2025,55.370885,-21.271162
3573,1618,REU.4.8_1,REU.2.3_1,0.173646105992411,0.726925483718809,0.553279377726397,2025.10032649675,2025.27397260274,CHIKV_RUN_S37b16_2025,55.407765,-20.89103
4141,1485,REU.2.3_1,REU.2.4_1,0.167482871882558,0.726925483718809,0.55944261183625,2025.10648973086,2025.27397260274,CHIKV_RUN_S37b37_2025,55.525427,-20.930651
5358,2467,REU.3.4_1,REU.4.6_1,0.157687106024639,0.726925483718809,0.56923837769417,2025.11628549672,2025.27397260274,CHIKV_RUN_S37b30_2025,55.418062,-21.277593
5945,2972,REU.4.3_1,REU.2.3_1,0.135206131734822,0.726925483718809,0.591719351983986,2025.138766471,2025.27397260274,CHIKV_RUN_S37b11_2025,55.445982,-20.890035
5862,2295,REU.3.1_1,REU.4.5_1,0.121414283057285,0.726925483718808,0.605511200661523,2025.15255831968,2025.27397260274,CHIKV_RUN_S38b28_2025,55.668686,-21.374603
4788,78,REU.4.8_1,REU.2.3_1,0.121238821218228,0.726925483718809,0.605686662500581,2025.15273378152,2025.27397260274,CHIKV_RUN_S38b84_2025,55.4599,-20.896873
5363,2404,REU.3.4_1,REU.2.4_1,0.120910031646678,0.726925483718808,0.606015452072131,2025.15306257109,2025.27397260274,CHIKV_RUN_S38b89_2025,55.513975,-20.916374
3187,2802,REU.3.1_1,REU.4.3_1,0.117924026337043,0.726925483718809,0.609001457381766,2025.1560485764,2025.27397260274,CHIKV_RUN_S37b27_2025,55.536511,-21.191852
3457,1011,REU.2.3_1,REU.2.3_1,0.112246850933733,0.726925483718809,0.614678632785076,2025.16172575181,2025.27397260274,CHIKV_RUN_S37b31_2025,55.445489,-20.89772
5070,2360,REU.4.3_1,REU.4.3_1,0.106858727453551,0.726925483718809,0.620066756265257,2025.16711387529,2025.27397260274,CHIKV_RUN_S37b34_2025,55.5026,-21.262005
4165,285,REU.4.8_1,REU.4.5_1,0.105718244005885,0.726925483718809,0.621207239712924,2025.16825435873,2025.27397260274,CHIKV_RUN_S37b21_2025,55.611081,-21.38211
3333,260,REU.2.3_1,REU.2.3_1,0.102267978274485,0.726925483718809,0.624657505444324,2025.17170462447,2025.27397260274,CHIKV_RUN_S37b13_2025,55.460532,-20.907133
3563,1295,REU.4.8_1,REU.4.8_1,0.101278320459339,0.726925483718809,0.62564716325947,2025.17269428228,2025.27397260274,CHIKV_RUN_S37b40_2025,55.536768,-21.330156
4252,426,REU.2.3_1,REU.2.3_1,0.0999819184751838,0.726925483718809,0.626943565243625,2025.17399068426,2025.27397260274,CHIKV_RUN_S37b14_2025,55.445712,-20.885625
4303,487,REU.2.3_1,REU.2.3_1,0.0963482417342638,0.726925483718809,0.630577241984545,2025.17762436101,2025.27397260274,CHIKV_RUN_S37b10_2025,55.428349,-20.877709
5236,2113,REU.4.8_1,REU.4.1_1,0.0947150249359372,0.726925483718809,0.632210458782871,2025.1792575778,2025.27397260274,CHIKV_RUN_S37b28_2025,55.471975,-21.138809
4577,1305,REU.4.3_1,REU.4.6_1,0.0927256019640005,0.726925483718809,0.634199881754808,2025.18124700078,2025.27397260274,CHIKV_RUN_S38b90_2025,55.430984,-21.261781
4470,144,REU.2.3_1,REU.2.3_1,0.0899691353264596,0.726925483718809,0.636956348392349,2025.18400346741,2025.27397260274,CHIKV_RUN_S38b85_2025,55.4601,-20.896222
3222,1674,REU.4.3_1,REU.4.8_1,0.086789567845681,0.726925483718808,0.640135915873127,2025.18718303489,2025.27397260274,CHIKV_RUN_S38b05_2025,55.47794,-21.284875
4455,124,REU.2.3_1,REU.4.8_1,0.0805512315626902,0.726925483718808,0.646374252156118,2025.19342137118,2025.27397260274,CHIKV_RUN_S38b20_2025,55.477605,-21.317369
3141,3098,REU.3.1_1,REU.4.6_1,0.0773179526124794,0.726925483718809,0.649607531106329,2025.19665465013,2025.27397260274,CHIKV_RUN_S38b04_2025,55.430984,-21.261781
5947,2968,REU.4.3_1,REU.4.8_1,0.0749047434312179,0.726925483718809,0.652020740287591,2025.19906785931,2025.27397260274,CHIKV_RUN_S37b41_2025,55.47771,-21.340618
4862,1154,REU.1.3_1,REU.1.3_1,0.0746150163733243,0.726925483718809,0.652310467345484,2025.19935758637,2025.27397260274,CHIKV_RUN_S38b03_2025,55.666701,-20.954756
5371,2403,REU.3.4_1,REU.2.3_1,0.0718459689293512,0.726925483718808,0.655079514789457,2025.20212663381,2025.27397260274,CHIKV_RUN_S38b87_2025,55.453065,-20.88857
3473,1024,REU.2.3_1,REU.4.5_1,0.0683501615440786,0.726925483718809,0.65857532217473,2025.2056224412,2025.27397260274,CHIKV_RUN_S37b38_2025,55.610518,-21.385485
3374,1642,REU.4.3_1,REU.4.8_1,0.0681095962340404,0.726925483718809,0.658815887484768,2025.20586300651,2025.27397260274,CHIKV_RUN_S37b32_2025,55.498538,-21.274632
3454,988,REU.2.3_1,REU.2.3_1,0.067835582147687,0.726925483718809,0.659089901571122,2025.20613702059,2025.27397260274,CHIKV_RUN_S38b88_2025,55.495211,-20.915258
5869,2304,REU.2.3_1,REU.2.3_1,0.0641147769311199,0.726925483718809,0.662810706787689,2025.20985782581,2025.27397260274,CHIKV_RUN_S38b91_2025,55.492202,-20.913623
4469,148,REU.2.3_1,REU.2.3_1,0.062685201142921,0.726925483718809,0.664240282575888,2025.2112874016,2025.27397260274,CHIKV_RUN_S36b83_2025,55.469236,-20.895792
6025,2872,REU.2.3_1,REU.2.4_1,0.050779900233627,0.726925483718809,0.676145583485182,2025.22319270251,2025.27397260274,CHIKV_RUN_S37b19_2025,55.525907,-20.934859
3816,840,REU.4.3_1,REU.4.8_1,0.0488788548799485,0.726925483718809,0.67804662883886,2025.22509374786,2025.27397260274,CHIKV_RUN_S37b24_2025,55.460544,-21.339095
3655,767,REU.4.6_1,REU.4.6_1,0.0402226728728247,0.726925483718809,0.686702810845984,2025.23374992987,2025.27397260274,CHIKV_RUN_S37b36_2025,55.415217,-21.273369
4816,81,REU.2.3_1,REU.2.3_1,0.0324577503055085,0.726925483718809,0.6944677334133,2025.24151485243,2025.27397260274,CHIKV_RUN_S37b17_2025,55.4454,-20.889306
4904,1290,REU.4.4_1,REU.4.4_1,0.0273349700253803,0.726925483718809,0.699590513693428,2025.24663763271,2025.27397260274,CHIKV_RUN_S38b26_2025,55.558799,-21.351246
5216,34,REU.2.3_1,REU.2.3_1,0.0262552217256508,0.726925483718809,0.700670261993158,2025.24771738101,2025.27397260274,CHIKV_RUN_S37b20_2025,55.459654,-20.886868
4688,1298,REU.3.5_1,REU.3.5_1,0.0193246817978718,0.726925483718809,0.707600801920937,2025.25464792094,2025.27397260274,CHIKV_RUN_S38b19_2025,55.289423,-21.022964
3884,3887,REU.4.4_1,REU.4.4_1,0.113177932197084,0.727666593557058,0.614488661359974,2025.16153578038,2025.27471371258,NA,NA,NA
4994,4995,REU.2.3_1,REU.2.3_1,0.117164517107119,0.728841033087336,0.611676515980217,2025.158723635,2025.27588815211,NA,NA,NA
5163,56,REU.4.3_1,REU.4.3_1,0.150534910498464,0.729665209746166,0.579130299247702,2025.12617741827,2025.27671232877,CHIKV_RUN_S38b17_2025,55.498653,-21.25509
3954,1436,REU.4.3_1,REU.2.3_1,0.143149997897627,0.729665209746166,0.586515211848539,2025.13356233087,2025.27671232877,CHIKV_RUN_S38b52_2025,55.45737,-20.921905
5790,2830,REU.2.3_1,REU.2.5_1,0.135495939555227,0.729665209746166,0.594169270190939,2025.14121638921,2025.27671232877,CHIKV_RUN_S39b43_2025,55.583101,-20.928353
5797,2814,REU.2.3_1,REU.1.6_1,0.131096269362778,0.729665209746166,0.598568940383388,2025.1456160594,2025.27671232877,CHIKV_RUN_S39b42_2025,55.531072,-21.017131
3506,971,REU.3.5_1,REU.4.6_1,0.121656603146655,0.729665209746166,0.608008606599511,2025.15505572562,2025.27671232877,CHIKV_RUN_S26b05_2025,55.403704,-21.28939
5938,2976,REU.2.3_1,REU.2.3_1,0.116221553838275,0.729665209746166,0.613443655907891,2025.16049077493,2025.27671232877,CHIKV_RUN_S38b35_2025,55.460825,-20.885648
5702,2560,REU.4.3_1,REU.2.4_1,0.103751271069396,0.729665209746166,0.62591393867677,2025.1729610577,2025.27671232877,CHIKV_RUN_S26b04_2025,55.568755,-20.902701
4873,1613,REU.3.5_1,REU.2.3_1,0.10013532101874,0.729665209746166,0.629529888727426,2025.17657700775,2025.27671232877,CHIKV_RUN_S38b53_2025,55.45834,-20.88173
4435,119,REU.2.3_1,REU.2.3_1,0.0904260050759864,0.729665209746166,0.63923920467018,2025.18628632369,2025.27671232877,CHIKV_RUN_S38b38_2025,55.463976,-20.891577
5843,2315,REU.4.6_1,REU.4.6_1,0.0875969236307417,0.729665209746166,0.642068286115424,2025.18911540514,2025.27671232877,CHIKV_RUN_S38b25_2025,55.414768,-21.272328
3986,296,REU.3.5_1,REU.4.8_1,0.0871993235045809,0.729665209746166,0.642465886241585,2025.18951300526,2025.27671232877,CHIKV_RUN_S38b08_2025,55.531264,-21.330809
5203,31,REU.2.3_1,REU.2.3_1,0.0850141974405657,0.729665209746166,0.6446510123056,2025.19169813133,2025.27671232877,CHIKV_RUN_S38b50_2025,55.486604,-20.904984
5959,2978,REU.2.3_1,REU.2.3_1,0.0780343304312036,0.729665209746166,0.651630879314962,2025.19867799834,2025.27671232877,CHIKV_RUN_S38b43_2025,55.460202,-20.888827
3264,1106,REU.4.3_1,REU.4.6_1,0.0667329687603254,0.729665209746166,0.66293224098584,2025.20997936001,2025.27671232877,CHIKV_RUN_S38b09_2025,55.405702,-21.214299
3822,852,REU.2.3_1,REU.2.3_1,0.0606153645455995,0.729665209746166,0.669049845200566,2025.21609696422,2025.27671232877,CHIKV_RUN_S38b47_2025,55.470498,-20.898234
6025,2873,REU.2.3_1,REU.2.3_1,0.0535196262609844,0.729665209746166,0.676145583485182,2025.22319270251,2025.27671232877,CHIKV_RUN_S38b02_2025,55.446471,-20.892798
6125,2793,REU.4.6_1,REU.4.6_1,0.0249565939924268,0.729665209746166,0.704708615753739,2025.25175573477,2025.27671232877,CHIKV_RUN_S38b11_2025,55.402125,-21.286722
5002,1994,REU.2.5_1,REU.2.5_1,0.0247477667587489,0.729665209746166,0.704917442987417,2025.25196456201,2025.27671232877,CHIKV_RUN_S38b51_2025,55.597434,-20.906699
4379,4380,REU.4.8_1,REU.4.8_1,0.0629207761661073,0.72968340670608,0.666762630539972,2025.21380974956,2025.27673052573,NA,NA,NA
4545,4546,REU.2.3_1,REU.2.3_1,0.00689647788679348,0.730476748470593,0.7235802705838,2025.2706273896,2025.27752386749,NA,NA,NA
4769,4770,REU.4.5_1,REU.4.5_1,0.124571477452523,0.73071405249693,0.606142575044408,2025.15318969407,2025.27776117152,NA,NA,NA
3582,3583,REU.4.8_1,REU.4.6_1,0.0796882856439645,0.731026454161152,0.651338168517187,2025.19838528754,2025.27807357318,NA,NA,NA
5738,5739,REU.3.1_1,REU.4.6_1,0.0554189312432379,0.731113425449028,0.67569449420579,2025.22274161323,2025.27816054447,NA,NA,NA
6215,6216,REU.4.3_1,REU.4.8_1,0.0819398372283129,0.732015225376135,0.650075388147822,2025.19712250717,2025.2790623444,NA,NA,NA
4424,137,REU.2.3_1,REU.2.3_1,0.226876110090324,0.732404935773523,0.505528825683199,2025.0525759447,2025.27945205479,CHIKV_RUN_S38b37_2025,55.462213,-20.887479
3536,2023,REU.4.8_1,REU.4.8_1,0.168195736189988,0.732404935773523,0.564209199583535,2025.1112563186,2025.27945205479,CHIKV_RUN_S38b27_2025,55.555104,-21.317199
4838,875,REU.4.8_1,REU.4.8_1,0.157179165480523,0.732404935773523,0.575225770293,2025.12227288931,2025.27945205479,CHIKV_RUN_S38b22_2025,55.535288,-21.322361
5421,1903,REU.4.8_1,REU.4.6_1,0.146502369579014,0.732404935773523,0.585902566194509,2025.13294968522,2025.27945205479,CHIKV_RUN_S38b86_2025,55.417216,-21.269164
5388,2473,REU.3.4_1,REU.3.4_1,0.130083811231928,0.732404935773523,0.602321124541596,2025.14936824356,2025.27945205479,CHIKV_RUN_S38b81_2025,55.312888,-21.220221
5342,2427,REU.2.3_1,REU.2.3_1,0.112085872543997,0.732404935773523,0.620319063229526,2025.16736618225,2025.27945205479,CHIKV_RUN_S38b45_2025,55.471153,-20.923601
5325,2419,REU.3.4_1,REU.2.3_1,0.111047552216781,0.732404935773523,0.621357383556743,2025.16840450258,2025.27945205479,CHIKV_RUN_S38b60_2025,55.474427,-20.890008
3400,1684,REU.3.5_1,REU.2.3_1,0.105715076513283,0.732404935773523,0.626689859260241,2025.17373697828,2025.27945205479,CHIKV_RUN_S38b29_2025,55.445471,-20.87571
4262,423,REU.4.8_1,REU.4.8_1,0.105458813378759,0.732404935773523,0.626946122394765,2025.17399324142,2025.27945205479,CHIKV_RUN_S38b33_2025,55.517599,-21.357332
5672,2603,REU.3.1_1,REU.3.2_1,0.101192967012268,0.732404935773523,0.631211968761255,2025.17825908778,2025.27945205479,CHIKV_RUN_S38b73_2025,55.350901,-21.213968
3807,834,REU.1.3_1,REU.1.3_1,0.0993902078393709,0.732404935773523,0.633014727934152,2025.18006184696,2025.27945205479,CHIKV_RUN_S39b40_2025,55.658675,-20.968304
5722,2777,REU.4.3_1,REU.4.5_1,0.0934604521052102,0.732404935773523,0.638944483668313,2025.18599160269,2025.27945205479,CHIKV_RUN_S39b08_2025,55.649512,-21.380534
5982,2957,REU.3.4_1,REU.3.4_1,0.0871060237090537,0.732404935773523,0.64529891206447,2025.19234603109,2025.27945205479,CHIKV_RUN_S38b79_2025,55.289455,-21.17725
4122,621,REU.4.3_1,REU.2.3_1,0.0863538292017462,0.732404935773523,0.646051106571777,2025.19309822559,2025.27945205479,CHIKV_RUN_S38b62_2025,55.480343,-20.894943
5306,2111,REU.4.5_1,REU.4.5_1,0.0825951303191177,0.732404935773523,0.649809805454406,2025.19685692448,2025.27945205479,CHIKV_RUN_S38b32_2025,55.623169,-21.378321
5406,2348,REU.4.5_1,REU.4.2_1,0.0781709716486914,0.732404935773523,0.654233964124832,2025.20128108315,2025.27945205479,CHIKV_RUN_S38b30_2025,55.479296,-21.248167
5571,2638,REU.3.5_1,REU.3.5_1,0.073828617783741,0.732404935773523,0.658576317989782,2025.20562343701,2025.27945205479,CHIKV_RUN_S38b36_2025,55.318852,-20.990132
3929,1197,REU.4.5_1,REU.4.8_1,0.0732756954109255,0.732404935773523,0.659129240362598,2025.20617635938,2025.27945205479,CHIKV_RUN_S39b11_2025,55.501942,-21.346573
5327,2440,REU.2.3_1,REU.2.3_1,0.0508287212171884,0.732404935773523,0.681576214556335,2025.22862333358,2025.27945205479,CHIKV_RUN_S38b46_2025,55.449866,-20.872771
5854,2629,REU.4.8_1,REU.4.6_1,0.0487558493719306,0.732404935773523,0.683649086401593,2025.23069620542,2025.27945205479,CHIKV_RUN_S26b07_2025,55.413486,-21.291325
6203,1889,REU.3.5_1,REU.4.1_1,0.0451329118029673,0.732404935773523,0.687272023970556,2025.23431914299,2025.27945205479,CHIKV_RUN_S38b10_2025,55.465201,-21.140709
4570,1650,REU.4.8_1,REU.4.8_1,0.0405211715842783,0.732404935773523,0.691883764189245,2025.23893088321,2025.27945205479,CHIKV_RUN_S38b72_2025,55.489166,-21.347578
3169,2149,REU.4.8_1,REU.4.5_1,0.0387110706453442,0.732404935773523,0.693693865128179,2025.24074098415,2025.27945205479,CHIKV_RUN_S38b49_2025,55.614344,-21.374973
5478,2657,REU.4.8_1,REU.4.6_1,0.0383943520363967,0.732404935773523,0.694010583737127,2025.24105770276,2025.27945205479,CHIKV_RUN_S38b06_2025,55.403275,-21.271692
3855,1187,REU.4.8_1,REU.4.8_1,0.0366130007062138,0.732404935773523,0.69579193506731,2025.24283905409,2025.27945205479,CHIKV_RUN_S38b78_2025,55.463583,-21.340783
5864,2302,REU.3.1_1,REU.4.8_1,0.0338089598461767,0.732404935773523,0.698595975927347,2025.24564309495,2025.27945205479,CHIKV_RUN_S38b23_2025,55.455507,-21.292882
4867,1149,REU.2.3_1,REU.2.3_1,0.0282601482289538,0.732404935773524,0.70414478754457,2025.25119190657,2025.27945205479,CHIKV_RUN_S38b42_2025,55.48786,-20.894513
5285,2115,REU.4.5_1,REU.4.5_1,0.0255446802232941,0.732404935773523,0.706860255550229,2025.25390737457,2025.27945205479,CHIKV_RUN_S38b75_2025,55.610763,-21.369291
4571,1131,REU.4.8_1,REU.2.3_1,0.0234844896820449,0.732404935773524,0.708920446091479,2025.25596756511,2025.27945205479,CHIKV_RUN_S38b65_2025,55.454217,-20.887795
4380,577,REU.4.8_1,REU.1.4_1,0.00272152906744394,0.732404935773524,0.72968340670608,2025.27673052573,2025.27945205479,CHIKV_RUN_S39b44_2025,55.746737,-21.081733
4745,4746,REU.4.5_1,REU.4.5_1,0.0806324433164269,0.732490378584562,0.651857935268135,2025.19890505429,2025.27953749761,NA,NA,NA
6172,1873,REU.4.3_1,REU.2.3_1,0.220471527051931,0.735144661800881,0.51467313474895,2025.06172025377,2025.28219178082,CHIKV_RUN_S38b70_2025,55.425901,-20.88476
3489,947,REU.3.5_1,REU.2.2_1,0.211500717570501,0.735144661800881,0.523643944230379,2025.07069106325,2025.28219178082,CHIKV_RUN_S39b01_2025,55.294827,-20.945847
5419,1778,REU.3.1_1,REU.4.5_1,0.20402791325753,0.735144661800881,0.531116748543351,2025.07816386756,2025.28219178082,CHIKV_RUN_S39b23_2025,55.619304,-21.374006
4558,1481,REU.4.3_1,REU.4.8_1,0.180029865527628,0.735144661800881,0.555114796273252,2025.10216191529,2025.28219178082,CHIKV_RUN_S38b95_2025,55.477373,-21.334398
3934,1260,REU.4.4_1,REU.1.4_1,0.177557914260566,0.735144661800881,0.557586747540315,2025.10463386656,2025.28219178082,CHIKV_RUN_S39b41_2025,55.714074,-21.047535
5631,2696,REU.2.3_1,REU.2.4_1,0.177396448186427,0.735144661800881,0.557748213614454,2025.10479533264,2025.28219178082,CHIKV_RUN_S39b14_2025,55.521663,-20.941052
6039,2897,REU.2.3_1,REU.2.3_1,0.175347569431373,0.735144661800881,0.559797092369508,2025.10684421139,2025.28219178082,CHIKV_RUN_S38b57_2025,55.477733,-20.892582
5442,2762,REU.4.8_1,REU.2.3_1,0.157603277199839,0.735144661800881,0.577541384601042,2025.12458850362,2025.28219178082,CHIKV_RUN_S39b07_2025,55.464831,-20.8845
4835,2148,REU.4.3_1,REU.4.6_1,0.149706764676824,0.735144661800881,0.585437897124056,2025.13248501614,2025.28219178082,CHIKV_RUN_S39b32_2025,55.409107,-21.221717
3419,1002,REU.2.3_1,REU.2.3_1,0.1435745430753,0.735144661800881,0.591570118725581,2025.13861723775,2025.28219178082,CHIKV_RUN_S38b67_2025,55.459483,-20.904368
4355,541,REU.4.3_1,REU.4.8_1,0.14075842744782,0.735144661800881,0.594386234353061,2025.14143335337,2025.28219178082,CHIKV_RUN_S39b02_2025,55.473832,-21.283269
4381,549,REU.4.3_1,REU.2.4_1,0.127860312260877,0.735144661800881,0.607284349540004,2025.15433146856,2025.28219178082,CHIKV_RUN_S38b58_2025,55.519976,-20.92603
6168,2758,REU.4.8_1,REU.4.8_1,0.118705361190795,0.735144661800881,0.616439300610085,2025.16348641963,2025.28219178082,CHIKV_RUN_S39b39_2025,55.47316,-21.331994
3334,261,REU.4.8_1,REU.4.8_1,0.115045605392286,0.735144661800881,0.620099056408595,2025.16714617543,2025.28219178082,CHIKV_RUN_S39b03_2025,55.485063,-21.340821
5584,3080,REU.4.6_1,REU.4.6_1,0.114567154543577,0.735144661800881,0.620577507257303,2025.16762462628,2025.28219178082,CHIKV_RUN_S39b31_2025,55.4298,-21.245384
3447,1010,REU.2.3_1,REU.2.3_1,0.112414873809552,0.735144661800881,0.622729787991329,2025.16977690701,2025.28219178082,CHIKV_RUN_S39b13_2025,55.444583,-20.893761
5855,2492,REU.4.8_1,REU.4.8_1,0.111135294673089,0.735144661800881,0.624009367127792,2025.17105648615,2025.28219178082,CHIKV_RUN_S39b24_2025,55.484025,-21.337149
5569,2498,REU.4.8_1,REU.2.3_1,0.107229819008811,0.735144661800881,0.62791484279207,2025.17496196181,2025.28219178082,CHIKV_RUN_S39b04_2025,55.490935,-20.901952
3898,1223,REU.4.5_1,REU.4.5_1,0.102832946847218,0.735144661800881,0.632311714953663,2025.17935883397,2025.28219178082,CHIKV_RUN_S39b26_2025,55.613431,-21.326165
5946,2966,REU.4.3_1,REU.4.8_1,0.102774972910942,0.735144661800881,0.632369688889939,2025.17941680791,2025.28219178082,CHIKV_RUN_S38b76_2025,55.476813,-21.339855
5273,2120,REU.4.8_1,REU.3.5_1,0.0985526513385324,0.735144661800881,0.636592010462348,2025.18363912948,2025.28219178082,CHIKV_RUN_S39b16_2025,55.274079,-21.04032
5370,2405,REU.3.4_1,REU.4.8_1,0.0980469644742481,0.735144661800881,0.637097697326633,2025.18414481635,2025.28219178082,CHIKV_RUN_S38b69_2025,55.470887,-21.291268
5780,2543,REU.2.3_1,REU.2.5_1,0.0941297281294895,0.735144661800881,0.641014933671391,2025.18806205269,2025.28219178082,CHIKV_RUN_S40b89_2025,55.621512,-20.913059
4399,565,REU.3.1_1,REU.3.5_1,0.092078010698749,0.735144661800881,0.643066651102132,2025.19011377012,2025.28219178082,CHIKV_RUN_S38b66_2025,55.322556,-20.977532
3483,946,REU.3.5_1,REU.4.3_1,0.0887969071107246,0.735144661800881,0.646347754690156,2025.19339487371,2025.28219178082,CHIKV_RUN_S38b82_2025,55.516078,-21.243197
4736,173,REU.2.3_1,REU.2.3_1,0.0881411017561077,0.735144661800881,0.647003560044773,2025.19405067907,2025.28219178082,CHIKV_RUN_S39b22_2025,55.450214,-20.893547
6060,2918,REU.2.3_1,REU.2.3_1,0.0800492165418076,0.735144661800881,0.655095445259073,2025.20214256428,2025.28219178082,CHIKV_RUN_S38b59_2025,55.506216,-20.916598
5152,2256,REU.4.8_1,REU.2.5_1,0.07425061920673,0.735144661800881,0.660894042594151,2025.20794116162,2025.28219178082,CHIKV_RUN_S38b61_2025,55.582692,-20.923073
4702,1129,REU.4.8_1,REU.4.8_1,0.073283893501226,0.735144661800881,0.661860768299655,2025.20890788732,2025.28219178082,CHIKV_RUN_S39b25_2025,55.457268,-21.291525
6099,2841,REU.4.3_1,REU.4.3_1,0.06700331452135,0.735144661800881,0.668141347279531,2025.2151884663,2025.28219178082,CHIKV_RUN_S39b18_2025,55.512141,-21.279218
5853,2209,REU.4.8_1,REU.1.3_1,0.0659134791293972,0.735144661800881,0.669231182671484,2025.21627830169,2025.28219178082,CHIKV_RUN_S39b47_2025,55.652334,-20.964826
5652,2615,REU.3.5_1,REU.3.5_1,0.0578790566042896,0.735144661800881,0.677265605196591,2025.22431272422,2025.28219178082,CHIKV_RUN_S30b03_2025,55.285481,-20.984528
3808,833,REU.1.3_1,REU.1.3_1,0.0561374941615231,0.735144661800881,0.679007167639358,2025.22605428666,2025.28219178082,CHIKV_RUN_S26b01_2025,55.648137,-20.935778
6217,3025,REU.4.3_1,REU.4.3_1,0.0548793390246031,0.735144661800881,0.680265322776278,2025.2273124418,2025.28219178082,CHIKV_RUN_S39b27_2025,55.521595,-21.2349
3277,360,REU.2.3_1,REU.2.3_1,0.0492679745065319,0.735144661800881,0.685876687294349,2025.23292380632,2025.28219178082,CHIKV_RUN_S38b83_2025,55.477414,-20.892111
4196,392,REU.2.3_1,REU.1.1_1,0.0492501292006062,0.735144661800881,0.685894532600275,2025.23294165162,2025.28219178082,CHIKV_RUN_S40b95_2025,55.681076,-21.000309
3275,333,REU.2.3_1,REU.2.3_1,0.0480373863659255,0.735144661800881,0.687107275434955,2025.23415439446,2025.28219178082,CHIKV_RUN_S38b74_2025,55.459432,-20.880183
6203,1891,REU.3.5_1,REU.2.3_1,0.0478726378303247,0.735144661800881,0.687272023970556,2025.23431914299,2025.28219178082,CHIKV_RUN_S38b56_2025,55.485376,-20.911961
5025,2581,REU.4.8_1,REU.4.6_1,0.0472613912885573,0.735144661800881,0.687883270512323,2025.23493038953,2025.28219178082,CHIKV_RUN_S39b37_2025,55.419016,-21.282889
4885,1362,REU.2.4_1,REU.2.4_1,0.0321792230478992,0.735144661800881,0.702965438752982,2025.25001255777,2025.28219178082,CHIKV_RUN_S38b93_2025,55.530076,-20.948881
3561,604,REU.4.8_1,REU.1.3_1,0.023357534141188,0.735144661800881,0.711787127659693,2025.25883424668,2025.28219178082,CHIKV_RUN_S39b38_2025,55.659018,-20.970858
5436,5437,REU.3.4_1,REU.4.6_1,0.258294206274626,0.737085228708116,0.478791022433491,2025.02583814145,2025.28413234773,NA,NA,NA
5103,2844,REU.4.6_1,REU.4.6_1,0.226422738970813,0.737884387828238,0.511461648857425,2025.05850876788,2025.28493150685,CHIKV_RUN_S39b51_2025,55.430735,-21.282518
5774,2545,REU.2.3_1,REU.4.5_1,0.212714972968435,0.737884387828238,0.525169414859804,2025.07221653388,2025.28493150685,CHIKV_RUN_S39b61_2025,55.677942,-21.371995
5635,1847,REU.3.4_1,REU.4.4_1,0.179591555102177,0.737884387828238,0.558292832726061,2025.10533995175,2025.28493150685,CHIKV_RUN_S39b46_2025,55.570231,-21.330523
3667,740,REU.4.8_1,REU.2.5_1,0.169027285652809,0.737884387828238,0.56885710217543,2025.1159042212,2025.28493150685,CHIKV_RUN_S52b03_2025,55.606734,-20.93692
5041,2164,REU.3.1_1,REU.4.3_1,0.168856612226032,0.737884387828238,0.569027775602207,2025.11607489462,2025.28493150685,CHIKV_RUN_S50b90_2025,55.51758,-21.276085
5757,1845,REU.4.8_1,REU.2.3_1,0.161886312473196,0.737884387828238,0.575998075355042,2025.12304519438,2025.28493150685,CHIKV_RUN_S39b05_2025,55.464564,-20.892562
4627,1523,REU.2.3_1,REU.1.4_1,0.155754441009002,0.737884387828238,0.582129946819236,2025.12917706584,2025.28493150685,CHIKV_RUN_S40b92_2025,55.701902,-21.068443
3760,829,REU.4.3_1,REU.2.4_1,0.144728363878748,0.737884387828238,0.59315602394949,2025.14020314297,2025.28493150685,CHIKV_RUN_S52b01_2025,55.528974,-20.940236
3338,1709,REU.4.8_1,REU.1.4_1,0.135304109212618,0.737884387828238,0.60258027861562,2025.14962739764,2025.28493150685,CHIKV_RUN_S40b91_2025,55.714386,-21.047271
6111,2631,REU.3.1_1,REU.4.8_1,0.128118800930986,0.737884387828238,0.609765586897252,2025.15681270592,2025.28493150685,CHIKV_RUN_S39b50_2025,55.478153,-21.327759
4393,552,REU.3.5_1,REU.3.5_1,0.125326272920814,0.737884387828238,0.612558114907424,2025.15960523393,2025.28493150685,CHIKV_RUN_S52b05_2025,55.284859,-21.026749
4203,413,REU.4.5_1,REU.4.8_1,0.122635344051603,0.737884387828238,0.615249043776635,2025.1622961628,2025.28493150685,CHIKV_RUN_S39b59_2025,55.464958,-21.33668
5346,2424,REU.2.3_1,REU.2.3_1,0.121282995975852,0.737884387828238,0.616601391852386,2025.16364851087,2025.28493150685,CHIKV_RUN_S39b49_2025,55.480657,-20.905604
4537,1130,REU.4.8_1,REU.4.8_1,0.117873950425245,0.737884387828238,0.620010437402994,2025.16705755642,2025.28493150685,CHIKV_RUN_S40b24_2025,55.475471,-21.331253
4751,247,REU.4.5_1,REU.4.5_1,0.109453037808818,0.737884387828238,0.62843135001942,2025.17547846904,2025.28493150685,CHIKV_RUN_S39b60_2025,55.687162,-21.371027
5889,1956,REU.3.1_1,REU.3.2_1,0.108710716288509,0.737884387828238,0.62917367153973,2025.17622079056,2025.28493150685,CHIKV_RUN_S39b34_2025,55.338824,-21.23846
4477,1232,REU.4.4_1,REU.4.3_1,0.106799174470435,0.737884387828238,0.631085213357804,2025.17813233238,2025.28493150685,CHIKV_RUN_S39b53_2025,55.534628,-21.309883
5250,2078,REU.4.8_1,REU.4.8_1,0.106211335817447,0.737884387828238,0.631673052010791,2025.17872017103,2025.28493150685,CHIKV_RUN_S39b29_2025,55.473496,-21.332937
4119,307,REU.4.8_1,REU.4.4_1,0.105154843994508,0.737884387828238,0.63272954383373,2025.17977666285,2025.28493150685,CHIKV_RUN_S50b76_2025,55.557782,-21.351479
4804,80,REU.4.8_1,REU.4.5_1,0.102435750677611,0.737884387828238,0.635448637150628,2025.18249575617,2025.28493150685,CHIKV_RUN_S39b57_2025,55.626056,-21.381787
5022,2585,REU.3.1_1,REU.4.6_1,0.101804970762908,0.737884387828238,0.63607941706533,2025.18312653609,2025.28493150685,CHIKV_RUN_S39b62_2025,55.401378,-21.287179
5305,2128,REU.4.5_1,REU.4.5_1,0.101138592568804,0.737884387828238,0.636745795259435,2025.18379291428,2025.28493150685,CHIKV_RUN_S39b69_2025,55.662882,-21.341066
3466,1025,REU.2.3_1,REU.2.3_1,0.0988852980629182,0.737884387828238,0.63899908976532,2025.18604620879,2025.28493150685,CHIKV_RUN_S39b36_2025,55.451909,-20.892271
3234,1653,REU.3.5_1,REU.2.4_1,0.0956331701190767,0.737884387828238,0.642251217709161,2025.18929833673,2025.28493150685,CHIKV_RUN_S39b17_2025,55.520113,-20.940545
4397,572,REU.4.3_1,REU.4.8_1,0.0947696346201559,0.737884387828238,0.643114753208082,2025.19016187223,2025.28493150685,CHIKV_RUN_S39b55_2025,55.475368,-21.326873
5693,2632,REU.2.3_1,REU.1.1_1,0.0901477083545616,0.737884387828238,0.647736679473677,2025.19478379849,2025.28493150685,CHIKV_RUN_S40b93_2025,55.650124,-20.977217
6008,2850,REU.2.3_1,REU.2.1_1,0.0769948776872078,0.737884387828238,0.66088951014103,2025.20793662916,2025.28493150685,CHIKV_RUN_S52b54_2025,55.330992,-20.948085
4735,194,REU.2.3_1,REU.2.3_1,0.0729713475962308,0.737884387828238,0.664913040232007,2025.21196015925,2025.28493150685,CHIKV_RUN_S52b04_2025,55.455976,-20.891687
5242,2066,REU.4.5_1,REU.4.6_1,0.0674693520033719,0.737884387828238,0.670415035824866,2025.21746215485,2025.28493150685,CHIKV_RUN_S39b52_2025,55.436329,-21.244515
3223,1663,REU.4.3_1,REU.4.8_1,0.0666632952349766,0.737884387828238,0.671221092593261,2025.21826821161,2025.28493150685,CHIKV_RUN_S39b86_2025,55.47888,-21.320298
3215,1672,REU.4.3_1,REU.4.3_1,0.064171576788392,0.737884387828238,0.673712811039846,2025.22075993006,2025.28493150685,CHIKV_RUN_S39b35_2025,55.512403,-21.241733
5917,2147,REU.4.8_1,REU.2.4_1,0.0498395840587922,0.737884387828238,0.688044803769446,2025.23509192279,2025.28493150685,CHIKV_RUN_S39b21_2025,55.568487,-20.894745
3886,1258,REU.4.4_1,REU.4.4_1,0.0462066596457513,0.737884387828238,0.691677728182487,2025.2387248472,2025.28493150685,CHIKV_RUN_S52b06_2025,55.558984,-21.335959
5552,2190,REU.4.8_1,REU.4.8_1,0.0407499589863336,0.737884387828238,0.697134428841905,2025.24418154786,2025.28493150685,CHIKV_RUN_S39b63_2025,55.474105,-21.340409
5627,2011,REU.4.8_1,REU.4.8_1,0.0400068805872144,0.737884387828238,0.697877507241024,2025.24492462626,2025.28493150685,CHIKV_RUN_S39b74_2025,55.494293,-21.348909
3484,945,REU.2.4_1,REU.2.4_1,0.0376065500220225,0.737884387828238,0.700277837806216,2025.24732495683,2025.28493150685,CHIKV_RUN_S39b54_2025,55.520905,-20.918113
5268,2081,REU.4.8_1,REU.4.5_1,0.0374588518973331,0.737884387828238,0.700425535930905,2025.24747265495,2025.28493150685,CHIKV_RUN_S50b77_2025,55.631318,-21.375297
5285,2116,REU.4.5_1,REU.4.6_1,0.0310241322780089,0.737884387828238,0.706860255550229,2025.25390737457,2025.28493150685,CHIKV_RUN_S39b33_2025,55.404308,-21.276694
4688,1297,REU.3.5_1,REU.3.5_1,0.0302835859073014,0.737884387828238,0.707600801920937,2025.25464792094,2025.28493150685,CHIKV_RUN_S39b20_2025,55.295871,-21.020646
5739,2772,REU.4.6_1,REU.4.6_1,0.0067709623792106,0.737884387828238,0.731113425449028,2025.27816054447,2025.28493150685,CHIKV_RUN_S39b80_2025,55.415905,-21.278574
6216,3026,REU.4.8_1,REU.4.8_1,0.005869162452103,0.737884387828238,0.732015225376135,2025.2790623444,2025.28493150685,CHIKV_RUN_S39b72_2025,55.455264,-21.30967
3170,3171,REU.3.1_1,REU.4.8_1,0.254519960900519,0.738254172644486,0.483734211743967,2025.03078133076,2025.28530129167,NA,NA,NA
3302,3303,REU.2.3_1,REU.2.3_1,0.0883461493893996,0.738803742777416,0.650457593388016,2025.19750471241,2025.2858508618,NA,NA,NA
4192,496,REU.4.3_1,REU.2.5_1,0.243284541751861,0.740624113855596,0.497339572103735,2025.04438669112,2025.28767123288,CHIKV_RUN_S39b91_2025,55.596283,-20.910227
5011,2386,REU.3.1_1,REU.4.8_1,0.243081262455706,0.740624113855596,0.497542851399889,2025.04458997042,2025.28767123288,CHIKV_RUN_S39b85_2025,55.473462,-21.312593
3247,1120,REU.4.3_1,REU.4.2_1,0.194549138074586,0.740624113855596,0.546074975781009,2025.0931220948,2025.28767123288,CHIKV_RUN_S40b27_2025,55.480321,-21.236938
5987,3006,REU.4.6_1,REU.4.6_1,0.179777608600289,0.740624113855596,0.560846505255306,2025.10789362428,2025.28767123288,CHIKV_RUN_S40b04_2025,55.401791,-21.289581
4269,427,REU.4.3_1,REU.4.5_1,0.173594234648786,0.740624113855596,0.56702987920681,2025.11407699823,2025.28767123288,CHIKV_RUN_S40b16_2025,55.616541,-21.370151
3694,809,REU.4.3_1,REU.4.2_1,0.172975087032276,0.740624113855596,0.567649026823319,2025.11469614584,2025.28767123288,CHIKV_RUN_S40b18_2025,55.493326,-21.241301
6081,2917,REU.2.3_1,REU.2.3_1,0.16198774147055,0.740624113855595,0.578636372385046,2025.12568349141,2025.28767123288,CHIKV_RUN_S39b84_2025,55.456676,-20.889094
4131,1704,REU.4.3_1,REU.4.8_1,0.159135470744224,0.740624113855596,0.581488643111371,2025.12853576213,2025.28767123288,CHIKV_RUN_S40b20_2025,55.475796,-21.338963
3320,2688,REU.3.5_1,REU.4.8_1,0.15790558487749,0.740624113855596,0.582718528978105,2025.129765648,2025.28767123288,CHIKV_RUN_S39b70_2025,55.487308,-21.339267
5316,2102,REU.4.5_1,REU.2.3_1,0.156173963538922,0.740624113855596,0.584450150316673,2025.13149726934,2025.28767123288,CHIKV_RUN_S39b87_2025,55.48831,-20.893197
3216,1670,REU.4.4_1,REU.4.4_1,0.144348055126958,0.740624113855596,0.596276058728637,2025.14332317775,2025.28767123288,CHIKV_RUN_S40b30_2025,55.561835,-21.338211
3949,1301,REU.4.3_1,REU.3.1_1,0.144067723035292,0.740624113855596,0.596556390820303,2025.14360350984,2025.28767123288,CHIKV_RUN_S39b82_2025,55.373136,-21.267465
5391,2465,REU.3.4_1,REU.3.4_1,0.131214320027791,0.740624113855596,0.609409793827805,2025.15645691285,2025.28767123288,CHIKV_RUN_S40b14_2025,55.303485,-21.194965
4075,1475,REU.4.8_1,REU.2.3_1,0.12405620496325,0.740624113855596,0.616567908892346,2025.16361502791,2025.28767123288,CHIKV_RUN_S39b45_2025,55.417004,-20.892115
4814,87,REU.3.3_1,REU.1.3_1,0.123056214671222,0.740624113855596,0.617567899184374,2025.16461501821,2025.28767123288,CHIKV_RUN_S39b67_2025,55.649451,-20.938514
5748,3046,REU.4.8_1,REU.4.6_1,0.121327242044273,0.740624113855596,0.619296871811322,2025.16634399083,2025.28767123288,CHIKV_RUN_S40b28_2025,55.443635,-21.241308
5064,1896,REU.4.4_1,REU.1.1_1,0.117209236795979,0.740624113855596,0.623414877059616,2025.17046199608,2025.28767123288,CHIKV_RUN_S39b79_2025,55.647413,-20.976557
5409,2352,REU.4.5_1,REU.2.3_1,0.092074186009948,0.740624113855596,0.648549927845648,2025.19559704687,2025.28767123288,CHIKV_RUN_S39b56_2025,55.479955,-20.892462
5529,2532,REU.4.1_1,REU.4.1_1,0.0920659583140575,0.740624113855596,0.648558155541538,2025.19560527456,2025.28767123288,CHIKV_RUN_S39b88_2025,55.468294,-21.148248
4864,1147,REU.2.3_1,REU.2.3_1,0.0879292940191928,0.740624113855596,0.652694819836403,2025.19974193886,2025.28767123288,CHIKV_RUN_S39b73_2025,55.433168,-20.923119
3945,1336,REU.4.8_1,REU.4.8_1,0.079819416941575,0.740624113855596,0.660804696914021,2025.20785181594,2025.28767123288,CHIKV_RUN_S39b64_2025,55.478455,-21.316046
4702,99,REU.4.8_1,REU.4.8_1,0.0787633455559408,0.740624113855596,0.661860768299655,2025.20890788732,2025.28767123288,CHIKV_RUN_S40b19_2025,55.474877,-21.327411
3263,1107,REU.4.3_1,REU.4.6_1,0.0709314213649479,0.740624113855596,0.669692692490648,2025.21673981151,2025.28767123288,CHIKV_RUN_S40b36_2025,55.420886,-21.250588
4852,1140,REU.2.3_1,REU.3.5_1,0.0702015249095133,0.740624113855596,0.670422588946082,2025.21746970797,2025.28767123288,CHIKV_RUN_S39b75_2025,55.2618,-21.050424
5313,2106,REU.4.8_1,REU.4.4_1,0.0698101580225405,0.740624113855596,0.670813955833055,2025.21786107485,2025.28767123288,CHIKV_RUN_S40b13_2025,55.567864,-21.368298
5549,2192,REU.4.3_1,REU.4.8_1,0.0686516796702286,0.740624113855596,0.671972434185367,2025.21901955321,2025.28767123288,CHIKV_RUN_S39b65_2025,55.538041,-21.338609
4715,182,REU.4.4_1,REU.4.4_1,0.0602552919409012,0.740624113855596,0.680368821914694,2025.22741594094,2025.28767123288,CHIKV_RUN_S39b66_2025,55.554889,-21.369655
3471,1022,REU.2.3_1,REU.2.3_1,0.0600770835717243,0.740624113855596,0.680547030283871,2025.2275941493,2025.28767123288,CHIKV_RUN_S39b68_2025,55.44588,-20.891759
5951,2974,REU.2.3_1,REU.2.3_1,0.0482616939611455,0.740624113855596,0.69236241989445,2025.23940953892,2025.28767123288,CHIKV_RUN_S39b81_2025,55.461223,-20.916203
4236,484,REU.2.3_1,REU.2.3_1,0.0456787460641435,0.740624113855596,0.694945367791452,2025.24199248681,2025.28767123288,CHIKV_RUN_S39b58_2025,55.49909,-20.909516
5627,2013,REU.4.8_1,REU.4.5_1,0.0427466066145717,0.740624113855596,0.697877507241024,2025.24492462626,2025.28767123288,CHIKV_RUN_S39b94_2025,55.61101,-21.37986
5751,1932,REU.4.6_1,REU.4.6_1,0.0309047053259098,0.740624113855596,0.709719408529686,2025.25676652755,2025.28767123288,CHIKV_RUN_S40b10_2025,55.435737,-21.269448
4713,184,REU.4.5_1,REU.4.5_1,0.0269183895976257,0.740624113855596,0.71370572425797,2025.26075284328,2025.28767123288,CHIKV_RUN_S40b29_2025,55.666161,-21.374805
5706,5707,REU.2.3_1,REU.1.3_1,0.0745679961226919,0.740938294909532,0.66637029878684,2025.21341741781,2025.28798541393,NA,NA,NA
4594,4650,REU.4.3_1,REU.2.3_1,0.330808012498326,0.74137514474908,0.410567132250754,2024.95761425127,2025.28842226377,NA,NA,NA
6072,6073,REU.2.3_1,REU.3.5_1,0.110576958824896,0.742826535309267,0.632249576484372,2025.17929669551,2025.28987365433,NA,NA,NA
4287,432,REU.4.3_1,REU.4.3_1,0.209737572543862,0.74336383988318,0.533626267339319,2025.08067338636,2025.2904109589,CHIKV_RUN_S40b67_2025,55.531006,-21.264591
4723,192,REU.4.5_1,REU.4.5_1,0.204719871825653,0.74336383988318,0.538643968057528,2025.08569108708,2025.2904109589,CHIKV_RUN_S39b93_2025,55.623169,-21.378321
4330,460,REU.4.3_1,REU.4.5_1,0.18765588748112,0.74336383988318,0.55570795240206,2025.10275507142,2025.2904109589,CHIKV_RUN_S40b60_2025,55.68368,-21.355686
3793,718,REU.4.3_1,REU.4.8_1,0.165045351318076,0.74336383988318,0.578318488565105,2025.12536560759,2025.2904109589,CHIKV_RUN_S40b03_2025,55.520265,-21.331271
3217,1673,REU.4.3_1,REU.4.3_1,0.155939967369202,0.74336383988318,0.587423872513978,2025.13447099153,2025.2904109589,CHIKV_RUN_S41b94_2025,55.537049,-21.252713
4349,518,REU.4.3_1,REU.4.3_1,0.155194265773372,0.74336383988318,0.588169574109808,2025.13521669313,2025.2904109589,CHIKV_RUN_S39b92_2025,55.528609,-21.250653
4782,241,REU.4.8_1,REU.4.5_1,0.154055686382276,0.74336383988318,0.589308153500905,2025.13635527252,2025.2904109589,CHIKV_RUN_S40b35_2025,55.629918,-21.333714
3445,1005,REU.2.3_1,REU.2.3_1,0.148987705607138,0.74336383988318,0.594376134276042,2025.1414232533,2025.2904109589,CHIKV_RUN_S40b01_2025,55.448217,-20.884803
3708,818,REU.4.6_1,REU.4.6_1,0.1475110999116,0.74336383988318,0.59585273997158,2025.14289985899,2025.2904109589,CHIKV_RUN_S40b15_2025,55.418116,-21.281106
4022,1053,REU.2.3_1,REU.2.4_1,0.144850652031937,0.74336383988318,0.598513187851243,2025.14556030687,2025.2904109589,CHIKV_RUN_S40b38_2025,55.539417,-20.931825
3862,1214,REU.4.4_1,REU.4.6_1,0.138180858894144,0.74336383988318,0.605182980989036,2025.15223010001,2025.2904109589,CHIKV_RUN_S40b66_2025,55.444695,-21.278153
3625,793,REU.4.8_1,REU.4.8_1,0.13416028354169,0.74336383988318,0.60920355634149,2025.15625067536,2025.2904109589,CHIKV_RUN_S41b89_2025,55.509576,-21.349659
4886,1365,REU.2.4_1,REU.2.4_1,0.133817177183356,0.74336383988318,0.609546662699824,2025.15659378172,2025.2904109589,CHIKV_RUN_S40b11_2025,55.52873,-20.919731
3282,356,REU.2.3_1,REU.2.3_1,0.129278880017854,0.74336383988318,0.614084959865326,2025.16113207889,2025.2904109589,CHIKV_RUN_S40b45_2025,55.446471,-20.892798
5699,2555,REU.4.3_1,REU.4.3_1,0.128184507652529,0.74336383988318,0.615179332230651,2025.16222645125,2025.2904109589,CHIKV_RUN_S40b07_2025,55.516054,-21.278681
3308,322,REU.4.3_1,REU.4.3_1,0.116702893541531,0.74336383988318,0.62666094634165,2025.17370806536,2025.2904109589,CHIKV_RUN_S40b49_2025,55.515884,-21.262394
4029,1080,REU.4.3_1,REU.4.3_1,0.113648811068244,0.74336383988318,0.629715028814936,2025.17676214784,2025.2904109589,CHIKV_RUN_S40b40_2025,55.513193,-21.245227
3863,1199,REU.4.3_1,REU.2.3_1,0.10925187317075,0.74336383988318,0.63411196671243,2025.18115908573,2025.2904109589,CHIKV_RUN_S40b31_2025,55.495592,-20.896745
5537,2533,REU.4.1_1,REU.4.1_1,0.102966284006615,0.74336383988318,0.640397555876566,2025.1874446749,2025.2904109589,CHIKV_RUN_S40b26_2025,55.467806,-21.137405
4317,428,REU.2.3_1,REU.2.4_1,0.101027181343021,0.74336383988318,0.642336658540159,2025.18938377756,2025.2904109589,CHIKV_RUN_S40b46_2025,55.531964,-20.935119
5289,2096,REU.4.5_1,REU.4.5_1,0.0943103758501904,0.74336383988318,0.64905346403299,2025.19610058305,2025.2904109589,CHIKV_RUN_S40b71_2025,55.644286,-21.380714
3753,726,REU.2.3_1,REU.2.3_1,0.0893435150977481,0.74336383988318,0.654020324785432,2025.20106744381,2025.2904109589,CHIKV_RUN_S40b37_2025,55.458044,-20.904445
4854,1137,REU.2.3_1,REU.2.3_1,0.0891393191708061,0.74336383988318,0.654224520712374,2025.20127163973,2025.2904109589,CHIKV_RUN_S40b08_2025,55.462496,-20.894064
3945,1340,REU.4.8_1,REU.4.8_1,0.0825591429691598,0.74336383988318,0.660804696914021,2025.20785181594,2025.2904109589,CHIKV_RUN_S40b25_2025,55.476379,-21.333452
5626,2012,REU.4.8_1,REU.4.8_1,0.0813623312760572,0.74336383988318,0.662001508607123,2025.20904862763,2025.2904109589,CHIKV_RUN_S41b90_2025,55.47952,-21.335084
6170,2015,REU.4.8_1,REU.3.1_1,0.0766774630458664,0.74336383988318,0.666686376837314,2025.21373349586,2025.2904109589,CHIKV_RUN_S40b51_2025,55.370465,-21.271405
3727,759,REU.4.2_1,REU.4.6_1,0.0713890781096123,0.74336383988318,0.671974761773568,2025.21902188079,2025.2904109589,CHIKV_RUN_S40b05_2025,55.446566,-21.270643
5486,2656,REU.3.1_1,REU.2.2_1,0.0710206228455077,0.74336383988318,0.672343217037673,2025.21939033606,2025.2904109589,CHIKV_RUN_S49b72_2025,55.295433,-20.931909
5522,2534,REU.3.2_1,REU.3.2_1,0.0636630926705988,0.74336383988318,0.679700747212582,2025.22674786623,2025.2904109589,CHIKV_RUN_S40b12_2025,55.335907,-21.237617
5161,4,REU.4.3_1,REU.4.3_1,0.05511007979669,0.74336383988318,0.68825376008649,2025.23530087911,2025.2904109589,CHIKV_RUN_S40b68_2025,55.523401,-21.293741
3748,732,REU.4.3_1,REU.4.8_1,0.054736605122038,0.74336383988318,0.688627234761143,2025.23567435378,2025.2904109589,CHIKV_RUN_S39b95_2025,55.511515,-21.353132
4667,1723,REU.3.5_1,REU.3.5_1,0.0475828706602903,0.74336383988318,0.69578096922289,2025.24282808824,2025.2904109589,CHIKV_RUN_S40b06_2025,55.270797,-21.013133
3947,1339,REU.3.5_1,REU.2.3_1,0.0457158833360524,0.74336383988318,0.697647956547128,2025.24469507557,2025.2904109589,CHIKV_RUN_S40b23_2025,55.451421,-20.876196
3939,1179,REU.4.8_1,REU.4.8_1,0.0351568583048256,0.74336383988318,0.708206981578355,2025.2552541006,2025.2904109589,CHIKV_RUN_S40b44_2025,55.471691,-21.288172
6045,2865,REU.2.3_1,REU.2.3_1,0.0341866407981991,0.74336383988318,0.709177199084981,2025.25622431811,2025.2904109589,CHIKV_RUN_S40b34_2025,55.441189,-20.880932
5074,1825,REU.4.5_1,REU.2.3_1,0.020576597611019,0.74336383988318,0.722787242272161,2025.26983436129,2025.2904109589,CHIKV_RUN_S40b47_2025,55.467496,-20.885487
3303,334,REU.2.3_1,REU.2.3_1,0.00456009710576455,0.74336383988318,0.738803742777416,2025.2858508618,2025.2904109589,CHIKV_RUN_S40b02_2025,55.457671,-20.890602
6073,6074,REU.3.5_1,REU.3.5_1,0.000734481478982141,0.74356101678825,0.742826535309267,2025.28987365433,2025.29060813581,NA,NA,NA
4526,4527,REU.2.3_1,REU.2.3_1,0.0383136141074105,0.744876111544216,0.706562497436805,2025.25360961646,2025.29192323057,NA,NA,NA
6195,6196,REU.2.3_1,REU.2.4_1,0.206373353623707,0.744916746249116,0.538543392625409,2025.08559051165,2025.29196386527,NA,NA,NA
5110,2285,REU.4.3_1,REU.3.5_1,0.259386259656443,0.746103565910538,0.486717306254095,2025.03376442528,2025.29315068493,CHIKV_RUN_S41b78_2025,55.28727,-21.046325
4958,264,REU.3.4_1,REU.4.2_1,0.258387317735064,0.746103565910538,0.487716248175473,2025.0347633672,2025.29315068493,CHIKV_RUN_S40b62_2025,55.471505,-21.247267
4560,924,REU.2.3_1,REU.2.3_1,0.199027836434093,0.746103565910538,0.547075729476445,2025.0941228485,2025.29315068493,CHIKV_RUN_S41b18_2025,55.463424,-20.891969
5328,2429,REU.3.4_1,REU.2.3_1,0.159914483083667,0.746103565910538,0.586189082826871,2025.13323620185,2025.29315068493,CHIKV_RUN_S41b31_2025,55.422173,-20.877883
3444,1415,REU.2.3_1,REU.2.3_1,0.158604416406121,0.746103565910538,0.587499149504417,2025.13454626853,2025.29315068493,CHIKV_RUN_S41b32_2025,55.451207,-20.891934
5878,3097,REU.4.6_1,REU.4.1_1,0.154311716737776,0.746103565910538,0.591791849172761,2025.13883896819,2025.29315068493,CHIKV_RUN_S41b79_2025,55.474564,-21.135781
3383,1289,REU.4.3_1,REU.2.3_1,0.154300690566683,0.746103565910538,0.591802875343854,2025.13884999436,2025.29315068493,CHIKV_RUN_S40b21_2025,55.458194,-20.881127
4150,3083,REU.4.3_1,REU.2.4_1,0.153723120110819,0.746103565910538,0.592380445799719,2025.13942756482,2025.29315068493,CHIKV_RUN_S40b58_2025,55.558628,-20.897551
4377,528,REU.4.3_1,REU.3.4_1,0.153221008962491,0.746103565910538,0.592882556948046,2025.13992967597,2025.29315068493,CHIKV_RUN_S40b63_2025,55.332702,-21.17301
4825,1447,REU.4.5_1,REU.4.5_1,0.14488696923447,0.746103565910538,0.601216596676068,2025.1482637157,2025.29315068493,CHIKV_RUN_S41b41_2025,55.640773,-21.308567
4151,1698,REU.4.3_1,REU.2.3_1,0.143550288459342,0.746103565910538,0.602553277451196,2025.14960039647,2025.29315068493,CHIKV_RUN_S40b41_2025,55.458769,-20.886937
4095,890,REU.2.1_1,REU.2.1_1,0.142575180998718,0.746103565910538,0.60352838491182,2025.15057550393,2025.29315068493,CHIKV_RUN_S41b08_2025,55.332299,-20.949834
4383,582,REU.4.3_1,REU.4.3_1,0.141392698759531,0.746103565910538,0.604710867151007,2025.15175798617,2025.29315068493,CHIKV_RUN_S41b88_2025,55.510641,-21.23141
5666,2610,REU.3.5_1,REU.2.5_1,0.133239428468101,0.746103565910538,0.612864137442437,2025.15991125646,2025.29315068493,CHIKV_RUN_S40b53_2025,55.597665,-20.901435
3783,684,REU.4.3_1,REU.2.3_1,0.124187400791087,0.746103565910538,0.621916165119451,2025.16896328414,2025.29315068493,CHIKV_RUN_S41b22_2025,55.491125,-20.936082
4811,73,REU.3.3_1,REU.1.3_1,0.118759977628279,0.746103565910538,0.627343588282258,2025.1743907073,2025.29315068493,CHIKV_RUN_S40b57_2025,55.658816,-20.94524
3863,1211,REU.4.3_1,REU.4.3_1,0.111991599198108,0.746103565910538,0.63411196671243,2025.18115908573,2025.29315068493,CHIKV_RUN_S42b06_2025,55.542984,-21.28055
3315,1582,REU.3.5_1,REU.2.4_1,0.10646470363892,0.746103565910538,0.639638862271618,2025.18668598129,2025.29315068493,CHIKV_RUN_S41b30_2025,55.532011,-20.943623
4730,195,REU.4.5_1,REU.2.3_1,0.104735536477496,0.746103565910538,0.641368029433042,2025.18841514845,2025.29315068493,CHIKV_RUN_S41b57_2025,55.456567,-20.885699
3607,1321,REU.4.3_1,REU.2.3_1,0.0956959734969327,0.746103565910538,0.650407592413605,2025.19745471143,2025.29315068493,CHIKV_RUN_S40b32_2025,55.479676,-20.906832
3802,697,REU.4.5_1,REU.4.5_1,0.0955422505903976,0.746103565910538,0.65056131532014,2025.19760843434,2025.29315068493,CHIKV_RUN_S40b65_2025,55.607201,-21.331197
4965,1915,REU.3.1_1,REU.3.4_1,0.0944894386330335,0.746103565910538,0.651614127277504,2025.1986612463,2025.29315068493,CHIKV_RUN_S41b10_2025,55.309655,-21.220139
6065,2922,REU.2.3_1,REU.2.4_1,0.0943374711698208,0.746103565910538,0.651766094740717,2025.19881321376,2025.29315068493,CHIKV_RUN_S40b39_2025,55.543872,-20.940658
6024,2893,REU.2.3_1,REU.2.3_1,0.0934843530051113,0.746103565910538,0.652619212905426,2025.19966633193,2025.29315068493,CHIKV_RUN_S40b64_2025,55.45723,-20.922458
5729,2775,REU.4.8_1,REU.4.8_1,0.0912020845694155,0.746103565910538,0.654901481341122,2025.20194860036,2025.29315068493,CHIKV_RUN_S40b69_2025,55.470868,-21.290801
4264,497,REU.2.3_1,REU.1.1_1,0.0910099186747048,0.746103565910538,0.655093647235833,2025.20214076626,2025.29315068493,CHIKV_RUN_S39b90_2025,55.666465,-20.990704
5366,2406,REU.3.4_1,REU.3.4_1,0.0839019711525031,0.746103565910538,0.662201594758034,2025.20924871378,2025.29315068493,CHIKV_RUN_S40b70_2025,55.324467,-21.159459
4620,1541,REU.4.8_1,REU.4.3_1,0.0838384937137308,0.746103565910538,0.662265072196807,2025.20931219122,2025.29315068493,CHIKV_RUN_S41b13_2025,55.512133,-21.283914
4589,1590,REU.4.8_1,REU.4.8_1,0.0834864694577675,0.746103565910538,0.66261709645277,2025.20966421547,2025.29315068493,CHIKV_RUN_S41b93_2025,55.455261,-21.299657
5212,45,REU.2.3_1,REU.2.3_1,0.080505992980495,0.746103565910538,0.665597572930043,2025.21264469195,2025.29315068493,CHIKV_RUN_S40b56_2025,55.481867,-20.888266
3434,993,REU.2.3_1,REU.2.3_1,0.0796159708367494,0.746103565910538,0.666487595073789,2025.21353471409,2025.29315068493,CHIKV_RUN_S41b23_2025,55.480315,-20.914897
3263,1112,REU.4.3_1,REU.4.8_1,0.0764108734198901,0.746103565910538,0.669692692490648,2025.21673981151,2025.29315068493,CHIKV_RUN_S40b61_2025,55.496302,-21.32687
5549,2193,REU.4.3_1,REU.4.3_1,0.0741311317251707,0.746103565910538,0.671972434185367,2025.21901955321,2025.29315068493,CHIKV_RUN_S41b29_2025,55.524636,-21.239183
3220,1662,REU.4.3_1,REU.4.3_1,0.044703895872089,0.746103565910538,0.701399670038449,2025.24844678906,2025.29315068493,CHIKV_RUN_S41b09_2025,55.528369,-21.256002
4335,449,REU.2.3_1,REU.2.3_1,0.0258817161740317,0.746103565910538,0.720221849736506,2025.26726896876,2025.29315068493,CHIKV_RUN_S40b55_2025,55.495393,-20.911879
3472,1021,REU.2.3_1,REU.2.3_1,0.0214085810274852,0.746103565910538,0.724694984883053,2025.2717421039,2025.29315068493,CHIKV_RUN_S40b54_2025,55.493236,-20.91037
4546,1037,REU.2.3_1,REU.2.3_1,0.0156268174399443,0.746103565910538,0.730476748470593,2025.27752386749,2025.29315068493,CHIKV_RUN_S40b52_2025,55.489045,-20.932198
5437,1962,REU.4.6_1,REU.4.6_1,0.00901833720242129,0.746103565910538,0.737085228708116,2025.28413234773,2025.29315068493,CHIKV_RUN_S41b71_2025,55.446609,-21.271805
5629,1841,REU.4.6_1,REU.4.6_1,0.188758485811958,0.748843291937895,0.560084806125937,2025.10713192515,2025.29589041096,CHIKV_RUN_S41b73_2025,55.403202,-21.282202
5721,2778,REU.4.3_1,REU.4.8_1,0.183893667247729,0.748843291937895,0.564949624690166,2025.11199674371,2025.29589041096,CHIKV_RUN_S42b03_2025,55.55965,-21.308647
5476,2655,REU.3.1_1,REU.1.3_1,0.1642501454703,0.748843291937895,0.584593146467595,2025.13164026549,2025.29589041096,CHIKV_RUN_S45b71_2025,55.653639,-20.963897
5295,2131,REU.4.5_1,REU.4.5_1,0.16297480767328,0.748843291937895,0.585868484264615,2025.13291560329,2025.29589041096,CHIKV_RUN_S41b77_2025,55.628374,-21.37595
5878,1865,REU.4.6_1,REU.1.3_1,0.157051442765134,0.748843291937895,0.591791849172761,2025.13883896819,2025.29589041096,CHIKV_RUN_S41b28_2025,55.675389,-20.9503
5381,2445,REU.4.8_1,REU.4.6_1,0.151002155122019,0.748843291937895,0.597841136815876,2025.14488825584,2025.29589041096,CHIKV_RUN_S41b65_2025,55.428434,-21.265036
4364,523,REU.4.8_1,REU.2.3_1,0.144418709706845,0.748843291937895,0.60442458223105,2025.15147170125,2025.29589041096,CHIKV_RUN_S41b24_2025,55.463673,-20.88693
5392,2408,REU.3.4_1,REU.2.3_1,0.125718619185443,0.748843291937895,0.623124672752452,2025.17017179177,2025.29589041096,CHIKV_RUN_S41b15_2025,55.464831,-20.8845
3967,1433,REU.4.3_1,REU.4.3_1,0.125092301118961,0.748843291937895,0.623750990818934,2025.17079810984,2025.29589041096,CHIKV_RUN_S42b02_2025,55.495395,-21.245602
4934,1828,REU.4.8_1,REU.4.8_1,0.124995600577767,0.748843291937895,0.623847691360128,2025.17089481038,2025.29589041096,CHIKV_RUN_S41b52_2025,55.471935,-21.336928
3352,871,REU.4.3_1,REU.4.5_1,0.124193134134476,0.748843291937895,0.624650157803419,2025.17169727682,2025.29589041096,CHIKV_RUN_S41b81_2025,55.642354,-21.306947
5249,2054,REU.4.8_1,REU.4.8_1,0.122359551726191,0.748843291937895,0.626483740211704,2025.17353085923,2025.29589041096,CHIKV_RUN_S41b76_2025,55.483178,-21.341399
5908,1862,REU.4.3_1,REU.4.8_1,0.121339132509187,0.748843291937895,0.627504159428708,2025.17455127845,2025.29589041096,CHIKV_RUN_S41b51_2025,55.425412,-21.310795
5312,2107,REU.4.5_1,REU.4.5_1,0.120767622746868,0.748843291937895,0.628075669191027,2025.17512278821,2025.29589041096,CHIKV_RUN_S42b01_2025,55.649646,-21.379741
4762,217,REU.4.8_1,REU.2.3_1,0.120256467275481,0.748843291937895,0.628586824662414,2025.17563394368,2025.29589041096,CHIKV_RUN_S41b21_2025,55.493119,-20.900371
3672,750,REU.4.8_1,REU.4.5_1,0.12013080544579,0.748843291937895,0.628712486492105,2025.17575960551,2025.29589041096,CHIKV_RUN_S41b74_2025,55.617493,-21.370243
6048,2888,REU.2.3_1,REU.2.5_1,0.118537748007515,0.748843291937895,0.63030554393038,2025.17735266295,2025.29589041096,CHIKV_RUN_S41b49_2025,55.638549,-20.936778
5602,2028,REU.4.8_1,REU.2.3_1,0.107539223446324,0.748843291937895,0.641304068491571,2025.18835118751,2025.29589041096,CHIKV_RUN_S41b25_2025,55.443521,-20.903046
3974,1561,REU.4.3_1,REU.2.1_1,0.102443582435223,0.748843291937895,0.646399709502672,2025.19344682852,2025.29589041096,CHIKV_RUN_S41b45_2025,55.334003,-20.933946
4766,207,REU.4.5_1,REU.4.5_1,0.095175710526537,0.748843291937895,0.653667581411358,2025.20071470043,2025.29589041096,CHIKV_RUN_S41b70_2025,55.641709,-21.380293
3380,1426,REU.4.8_1,REU.3.4_1,0.0941543818543269,0.748843291937895,0.654688910083568,2025.2017360291,2025.29589041096,CHIKV_RUN_S41b72_2025,55.32269,-21.158741
4874,1300,REU.3.5_1,REU.1.3_1,0.0939924383275782,0.748843291937895,0.654850853610317,2025.20189797263,2025.29589041096,CHIKV_RUN_S41b39_2025,55.656622,-20.973549
3608,1056,REU.4.3_1,REU.4.8_1,0.0860192730320569,0.748843291937895,0.662824018905838,2025.20987113793,2025.29589041096,CHIKV_RUN_S41b42_2025,55.469701,-21.289229
3608,1308,REU.4.3_1,REU.4.3_1,0.0860192730320569,0.748843291937895,0.662824018905838,2025.20987113793,2025.29589041096,CHIKV_RUN_S42b07_2025,55.520975,-21.283743
4016,1047,REU.2.5_1,REU.1.3_1,0.077945297192576,0.748843291937895,0.670897994745319,2025.21794511377,2025.29589041096,CHIKV_RUN_S45b69_2025,55.651409,-20.936077
3433,991,REU.2.3_1,REU.2.3_1,0.0656794875363998,0.748843291937895,0.683163804401495,2025.23021092342,2025.29589041096,CHIKV_RUN_S41b16_2025,55.428162,-20.892498
5709,2565,REU.4.8_1,REU.4.6_1,0.0511901211260387,0.748843291937895,0.697653170811856,2025.24470028983,2025.29589041096,CHIKV_RUN_S41b34_2025,55.413323,-21.283104
5268,2037,REU.4.8_1,REU.2.3_1,0.0484177560069901,0.748843291937895,0.700425535930905,2025.24747265495,2025.29589041096,CHIKV_RUN_S41b17_2025,55.409349,-20.887798
4275,495,REU.2.3_1,REU.2.3_1,0.0289195088336718,0.748843291937895,0.719923783104223,2025.26697090213,2025.29589041096,CHIKV_RUN_S41b40_2025,55.456081,-20.8831
4841,877,REU.2.3_1,REU.2.3_1,0.0234120062091688,0.748843291937895,0.725431285728726,2025.27247840475,2025.29589041096,CHIKV_RUN_S41b36_2025,55.453028,-20.875096
5239,2053,REU.4.5_1,REU.4.5_1,0.190747562814374,0.751583017965253,0.560835455150879,2025.10788257417,2025.29863013699,CHIKV_RUN_S41b84_2025,55.615038,-21.375754
6158,3051,REU.4.6_1,REU.4.8_1,0.190687825356268,0.751583017965253,0.560895192608985,2025.10794231163,2025.29863013699,CHIKV_RUN_S41b69_2025,55.47146,-21.33744
5354,2470,REU.4.6_1,REU.4.6_1,0.17898622652909,0.751583017965253,0.572596791436162,2025.11964391046,2025.29863013699,CHIKV_RUN_S42b05_2025,55.427497,-21.287308
4020,1054,REU.2.5_1,REU.2.5_1,0.178910510128276,0.751583017965253,0.572672507836977,2025.11971962686,2025.29863013699,CHIKV_RUN_S45b79_2025,55.639802,-20.933908
5936,2987,REU.3.4_1,REU.4.8_1,0.175279315779433,0.751583017965253,0.576303702185819,2025.12335082121,2025.29863013699,CHIKV_RUN_S41b26_2025,55.458025,-21.307213
5727,2779,REU.4.8_1,REU.2.4_1,0.165845596937106,0.751583017965253,0.585737421028146,2025.13278454005,2025.29863013699,CHIKV_RUN_S41b33_2025,55.532431,-20.915553
5234,2068,REU.4.8_1,REU.4.1_1,0.155662627181977,0.751583017965253,0.595920390783276,2025.1429675098,2025.29863013699,CHIKV_RUN_S42b44_2025,55.469645,-21.138693
5725,2789,REU.4.3_1,REU.4.3_1,0.153188038520757,0.751583017965252,0.598394979444495,2025.14544209847,2025.29863013699,CHIKV_RUN_S42b57_2025,55.538998,-21.259315
3910,1267,REU.4.4_1,REU.4.8_1,0.152833722584169,0.751583017965253,0.598749295381083,2025.1457964144,2025.29863013699,CHIKV_RUN_S42b51_2025,55.549534,-21.308479
4024,1051,REU.2.3_1,REU.2.3_1,0.146216616992555,0.751583017965252,0.605366400972697,2025.15241351999,2025.29863013699,CHIKV_RUN_S41b27_2025,55.459148,-20.880311
5989,3002,REU.4.6_1,REU.4.2_1,0.145002137510281,0.751583017965253,0.606580880454972,2025.15362799948,2025.29863013699,CHIKV_RUN_S42b34_2025,55.478681,-21.245561
5825,3045,REU.4.6_1,REU.4.6_1,0.133629600056507,0.751583017965253,0.617953417908746,2025.16500053693,2025.29863013699,CHIKV_RUN_S42b59_2025,55.410198,-21.281834
3762,643,REU.4.3_1,REU.2.5_1,0.125940334295161,0.751583017965253,0.625642683670091,2025.17268980269,2025.29863013699,CHIKV_RUN_S45b78_2025,55.597457,-20.902143
3898,1222,REU.4.5_1,REU.4.6_1,0.11927130301159,0.751583017965253,0.632311714953663,2025.17935883397,2025.29863013699,CHIKV_RUN_S42b19_2025,55.432739,-21.252887
4125,1346,REU.4.3_1,REU.4.5_1,0.119248586261084,0.751583017965253,0.632334431704169,2025.17938155073,2025.29863013699,CHIKV_RUN_S42b30_2025,55.6065,-21.327549
5562,1780,REU.3.1_1,REU.3.1_1,0.113385605844155,0.751583017965253,0.638197412121097,2025.18524453114,2025.29863013699,CHIKV_RUN_S42b38_2025,55.367875,-21.245034
4058,1397,REU.4.3_1,REU.4.6_1,0.101912803432746,0.751583017965253,0.649670214532507,2025.19671733355,2025.29863013699,CHIKV_RUN_S42b67_2025,55.408326,-21.208657
3232,1655,REU.4.8_1,REU.4.6_1,0.0957845076747744,0.751583017965253,0.655798510290478,2025.20284562931,2025.29863013699,CHIKV_RUN_S42b47_2025,55.45081,-21.275619
4469,149,REU.2.3_1,REU.2.3_1,0.0873427353893649,0.751583017965253,0.664240282575888,2025.2112874016,2025.29863013699,CHIKV_RUN_S41b35_2025,55.460488,-20.891133
5237,2080,REU.4.8_1,REU.2.3_1,0.0694527717837443,0.751583017965253,0.682130246181508,2025.2291773652,2025.29863013699,CHIKV_RUN_S41b50_2025,55.491871,-20.898602
4205,492,REU.2.3_1,REU.2.3_1,0.0515077570304278,0.751583017965252,0.700075260934825,2025.24712237996,2025.29863013699,CHIKV_RUN_S41b38_2025,55.481596,-20.888233
6035,6036,REU.2.3_1,REU.4.8_1,0.113104134917826,0.753858554509295,0.640754419591469,2025.18780153861,2025.30090567353,NA,NA,NA
4007,278,REU.4.3_1,REU.1.4_1,0.330538300921049,0.75432274399261,0.42378444307156,2024.97083156209,2025.30136986301,CHIKV_RUN_S45b70_2025,55.718993,-21.040178
5395,3090,REU.3.1_1,REU.4.6_1,0.2732660847671,0.75432274399261,0.48105665922551,2025.02810377825,2025.30136986301,CHIKV_RUN_S42b60_2025,55.438577,-21.271314
5227,2067,REU.4.5_1,REU.4.5_1,0.194380935340511,0.75432274399261,0.559941808652099,2025.10698892767,2025.30136986301,CHIKV_RUN_S42b29_2025,55.616743,-21.375864
3883,1251,REU.4.4_1,REU.4.3_1,0.150159180061976,0.75432274399261,0.604163563930634,2025.15121068295,2025.30136986301,CHIKV_RUN_S41b54_2025,55.515961,-21.260349
4351,567,REU.4.3_1,REU.2.2_1,0.14816799887132,0.75432274399261,0.60615474512129,2025.15320186414,2025.30136986301,CHIKV_RUN_S42b39_2025,55.296268,-20.945685
4315,394,REU.2.3_1,REU.4.5_1,0.144553271394009,0.75432274399261,0.609769472598601,2025.15681659162,2025.30136986301,CHIKV_RUN_S42b52_2025,55.629844,-21.334186
5978,2952,REU.3.4_1,REU.4.8_1,0.141711171439793,0.75432274399261,0.612611572552817,2025.15965869157,2025.30136986301,CHIKV_RUN_S42b69_2025,55.468905,-21.341369
5625,1839,REU.4.8_1,REU.2.3_1,0.141056110264422,0.75432274399261,0.613266633728188,2025.16031375275,2025.30136986301,CHIKV_RUN_S41b62_2025,55.485696,-20.915107
5737,2633,REU.3.1_1,REU.1.3_1,0.12266926472749,0.75432274399261,0.63165347926512,2025.17870059829,2025.30136986301,CHIKV_RUN_S45b95_2025,55.644655,-20.96318
4167,1434,REU.4.8_1,REU.1.3_1,0.117557728152627,0.75432274399261,0.636765015839982,2025.18381213486,2025.30136986301,CHIKV_RUN_S41b55_2025,55.667219,-20.944035
6106,1972,REU.3.1_1,REU.2.3_1,0.116482156488147,0.75432274399261,0.637840587504463,2025.18488770653,2025.30136986301,CHIKV_RUN_S41b56_2025,55.468092,-20.886199
3585,1384,REU.1.4_1,REU.1.4_1,0.115403689618111,0.75432274399261,0.638919054374499,2025.1859661734,2025.30136986301,CHIKV_RUN_S45b72_2025,55.71933,-21.048889
3794,661,REU.4.5_1,REU.4.5_1,0.105332928157292,0.75432274399261,0.648989815835318,2025.19603693486,2025.30136986301,CHIKV_RUN_S42b28_2025,55.652715,-21.379973
4618,1490,REU.4.3_1,REU.4.5_1,0.105245857983735,0.75432274399261,0.649076886008875,2025.19612400503,2025.30136986301,CHIKV_RUN_S42b32_2025,55.672474,-21.368331
5563,2200,REU.2.3_1,REU.2.3_1,0.0973517810320746,0.75432274399261,0.656970962960535,2025.20401808198,2025.30136986301,CHIKV_RUN_S41b53_2025,55.48204,-20.914114
3822,853,REU.2.3_1,REU.2.3_1,0.0852728987920434,0.75432274399261,0.669049845200566,2025.21609696422,2025.30136986301,CHIKV_RUN_S41b43_2025,55.480779,-20.90572
4518,1343,REU.4.8_1,REU.4.1_1,0.0834925409182948,0.75432274399261,0.670830203074315,2025.2178773221,2025.30136986301,CHIKV_RUN_S42b24_2025,55.467437,-21.141826
5214,46,REU.2.3_1,REU.2.3_1,0.0809923392242948,0.75432274399261,0.673330404768315,2025.22037752379,2025.30136986301,CHIKV_RUN_S41b60_2025,55.487447,-20.898073
4588,1592,REU.4.8_1,REU.4.6_1,0.0777550448884275,0.75432274399261,0.676567699104182,2025.22361481813,2025.30136986301,CHIKV_RUN_S42b46_2025,55.418635,-21.286778
5488,2647,REU.3.1_1,REU.4.6_1,0.0758667828021425,0.75432274399261,0.678455961190467,2025.22550308021,2025.30136986301,CHIKV_RUN_S42b22_2025,55.41153,-21.202996
5827,3074,REU.4.6_1,REU.4.6_1,0.0717218456069912,0.75432274399261,0.682600898385619,2025.22964801741,2025.30136986301,CHIKV_RUN_S42b31_2025,55.438962,-21.267631
4652,312,REU.4.8_1,REU.4.4_1,0.263386216803621,0.757062470019967,0.493676253216346,2025.04072337224,2025.30410958904,CHIKV_RUN_S42b92_2025,55.541731,-21.363656
4960,2763,REU.3.4_1,REU.2.3_1,0.223733756754052,0.757062470019967,0.533328713265915,2025.08037583229,2025.30410958904,CHIKV_RUN_S42b61_2025,55.39834,-20.920783
6134,1869,REU.3.2_1,REU.3.2_1,0.207421092656735,0.757062470019967,0.549641377363232,2025.09668849638,2025.30410958904,CHIKV_RUN_S42b21_2025,55.353664,-21.218052
4467,159,REU.3.5_1,REU.3.5_1,0.192429772282947,0.757062470019967,0.56463269773702,2025.11167981676,2025.30410958904,CHIKV_RUN_S42b63_2025,55.261747,-21.071325
4318,470,REU.2.3_1,REU.2.3_1,0.184200616409799,0.757062470019967,0.572861853610168,2025.11990897263,2025.30410958904,CHIKV_RUN_S42b37_2025,55.477939,-20.901451
3155,1836,REU.4.3_1,REU.2.3_1,0.172008633557939,0.757062470019967,0.585053836462028,2025.13210095548,2025.30410958904,CHIKV_RUN_S42b33_2025,55.448206,-20.904277
4933,1826,REU.4.8_1,REU.2.3_1,0.171175514174785,0.757062470019967,0.585886955845182,2025.13293407487,2025.30410958904,CHIKV_RUN_S41b61_2025,55.455655,-20.893011
4062,1400,REU.4.3_1,REU.4.8_1,0.163991697984862,0.757062470019967,0.593070772035106,2025.14011789106,2025.30410958904,CHIKV_RUN_S42b40_2025,55.474821,-21.32618
3338,1708,REU.4.8_1,REU.1.3_1,0.154482191404347,0.757062470019967,0.60258027861562,2025.14962739764,2025.30410958904,CHIKV_RUN_S42b27_2025,55.654162,-20.970374
4891,1363,REU.2.4_1,REU.2.5_1,0.141339426807245,0.757062470019967,0.615723043212723,2025.16277016223,2025.30410958904,CHIKV_RUN_S42b45_2025,55.588951,-20.909448
3258,1101,REU.4.8_1,REU.4.4_1,0.140349371626231,0.757062470019967,0.616713098393737,2025.16376021741,2025.30410958904,CHIKV_RUN_S42b72_2025,55.553722,-21.368863
4528,1711,REU.2.3_1,REU.1.3_1,0.139276656856224,0.757062470019967,0.617785813163744,2025.16483293218,2025.30410958904,CHIKV_RUN_S44b86_2025,55.64373,-20.928813
5342,2428,REU.2.3_1,REU.2.3_1,0.136743406790441,0.757062470019967,0.620319063229526,2025.16736618225,2025.30410958904,CHIKV_RUN_S42b68_2025,55.471788,-20.922861
3677,754,REU.4.3_1,REU.4.3_1,0.135032822458612,0.757062470019967,0.622029647561355,2025.16907676658,2025.30410958904,CHIKV_RUN_S42b80_2025,55.555835,-21.22434
6044,2864,REU.2.3_1,REU.2.3_1,0.133997552501854,0.757062470019967,0.623064917518113,2025.17011203654,2025.30410958904,CHIKV_RUN_S42b65_2025,55.461845,-20.89769
4170,936,REU.4.3_1,REU.2.3_1,0.133070288295716,0.757062470019967,0.623992181724252,2025.17103930075,2025.30410958904,CHIKV_RUN_S42b50_2025,55.455655,-20.893011
6016,2878,REU.2.3_1,REU.2.4_1,0.132204577593975,0.757062470019967,0.624857892425993,2025.17190501145,2025.30410958904,CHIKV_RUN_S42b35_2025,55.529498,-20.93784
3894,1244,REU.4.6_1,REU.4.6_1,0.120100224578498,0.757062470019967,0.636962245441469,2025.18400936446,2025.30410958904,CHIKV_RUN_S42b54_2025,55.40632,-21.20457
4472,147,REU.4.8_1,REU.2.4_1,0.120055871391034,0.757062470019967,0.637006598628933,2025.18405371765,2025.30410958904,CHIKV_RUN_S42b58_2025,55.56448,-20.896393
6054,2932,REU.2.3_1,REU.2.3_1,0.116892706048807,0.757062470019967,0.64016976397116,2025.18721688299,2025.30410958904,CHIKV_RUN_S42b41_2025,55.462836,-20.888784
5634,1786,REU.2.3_1,REU.2.3_1,0.109743544007679,0.757062470019967,0.647318926012288,2025.19436604503,2025.30410958904,CHIKV_RUN_S42b73_2025,55.496071,-20.916317
3592,1387,REU.4.8_1,REU.4.3_1,0.107925043941356,0.757062470019967,0.649137426078611,2025.1961845451,2025.30410958904,CHIKV_RUN_S42b81_2025,55.518843,-21.227866
4428,129,REU.2.3_1,REU.2.3_1,0.104342660366227,0.757062470019967,0.65271980965374,2025.19976692867,2025.30410958904,CHIKV_RUN_S41b58_2025,55.499586,-20.909236
4865,1136,REU.2.3_1,REU.1.2_1,0.10250824213673,0.757062470019967,0.654554227883237,2025.2016013469,2025.30410958904,CHIKV_RUN_S44b83_2025,55.642645,-21.12284
3473,1023,REU.2.3_1,REU.1.6_1,0.0984871478452373,0.757062470019967,0.65857532217473,2025.2056224412,2025.30410958904,CHIKV_RUN_S44b85_2025,55.522958,-21.063445
4928,2031,REU.4.8_1,REU.4.2_1,0.0888640985422129,0.757062470019967,0.668198371477754,2025.2152454905,2025.30410958904,CHIKV_RUN_S42b42_2025,55.468504,-21.24505
6076,2915,REU.2.3_1,REU.2.3_1,0.0827084112709724,0.757062470019967,0.674354058748995,2025.22140117777,2025.30410958904,CHIKV_RUN_S42b64_2025,55.480779,-20.90572
4967,1917,REU.4.8_1,REU.4.8_1,0.0764460401452584,0.757062470019967,0.680616429874709,2025.2276635489,2025.30410958904,CHIKV_RUN_S42b90_2025,55.478179,-21.330232
4633,1540,REU.4.3_1,REU.1.4_1,0.0759779283286454,0.757062470019967,0.681084541691322,2025.22813166071,2025.30410958904,CHIKV_RUN_S44b84_2025,55.715118,-21.04335
5302,2127,REU.4.5_1,REU.4.5_1,0.06482555357247,0.757062470019967,0.692236916447497,2025.23928403547,2025.30410958904,CHIKV_RUN_S42b77_2025,55.608871,-21.337083
5500,1921,REU.4.3_1,REU.2.3_1,0.0621267868146538,0.757062470019967,0.694935683205314,2025.24198280223,2025.30410958904,CHIKV_RUN_S42b74_2025,55.458226,-20.88853
4231,443,REU.2.3_1,REU.2.3_1,0.0599696208846008,0.757062470019967,0.697092849135367,2025.24413996816,2025.30410958904,CHIKV_RUN_S42b56_2025,55.445896,-20.887405
4841,4842,REU.2.3_1,REU.2.3_1,0.0337062011057533,0.75913748683448,0.725431285728726,2025.27247840475,2025.30618460586,NA,NA,NA
4226,4227,REU.4.8_1,REU.4.6_1,0.173775550733883,0.759403991612822,0.585628440878939,2025.1326755599,2025.30645111063,NA,NA,NA
4417,504,REU.2.3_1,REU.2.3_1,0.234654602587879,0.759802196047552,0.525147593459673,2025.07219471248,2025.30684931507,CHIKV_RUN_S42b89_2025,55.492069,-20.925129
3260,1108,REU.4.3_1,REU.4.3_1,0.188759451799592,0.759802196047552,0.57104274424796,2025.11808986327,2025.30684931507,CHIKV_RUN_S43b39_2025,55.511764,-21.25098
5756,2731,REU.4.8_1,REU.2.3_1,0.185683949547585,0.759802196047552,0.574118246499967,2025.12116536552,2025.30684931507,CHIKV_RUN_S42b95_2025,55.454106,-20.875879
6005,2892,REU.2.4_1,REU.2.4_1,0.182380749807772,0.759802196047552,0.57742144623978,2025.12446856526,2025.30684931507,CHIKV_RUN_S43b06_2025,55.572363,-20.907932
5576,1844,REU.3.4_1,REU.2.3_1,0.181268099101922,0.759802196047552,0.57853409694563,2025.12558121597,2025.30684931507,CHIKV_RUN_S42b53_2025,55.487561,-20.90542
5482,2643,REU.3.1_1,REU.2.4_1,0.176136533182203,0.759802196047552,0.583665662865349,2025.13071278189,2025.30684931507,CHIKV_RUN_S42b85_2025,55.555458,-20.899665
5439,2026,REU.2.3_1,REU.4.5_1,0.171509046586151,0.759802196047552,0.588293149461401,2025.13534026848,2025.30684931507,CHIKV_RUN_S42b82_2025,55.659285,-21.378574
5790,2817,REU.2.3_1,REU.1.1_1,0.165632925856613,0.759802196047552,0.594169270190939,2025.14121638921,2025.30684931507,CHIKV_RUN_S50b80_2025,55.676734,-20.995195
5649,2602,REU.4.8_1,REU.1.2_1,0.162848887016184,0.759802196047552,0.596953309031368,2025.14400042805,2025.30684931507,CHIKV_RUN_S50b83_2025,55.63814,-21.124493
5036,2679,REU.4.6_1,REU.3.4_1,0.160191342356521,0.759802196047552,0.599610853691031,2025.14665797271,2025.30684931507,CHIKV_RUN_S52b15_2025,55.330731,-21.231704
3920,1183,REU.4.4_1,REU.2.3_1,0.149145944946397,0.759802196047552,0.610656251101155,2025.15770337012,2025.30684931507,CHIKV_RUN_S43b10_2025,55.491997,-20.936205
4319,453,REU.2.3_1,REU.2.3_1,0.145677506223074,0.759802196047552,0.614124689824478,2025.16117180885,2025.30684931507,CHIKV_RUN_S42b93_2025,55.463469,-20.892429
5651,2593,REU.4.8_1,REU.4.5_1,0.143981595085233,0.759802196047552,0.615820600962319,2025.16286771998,2025.30684931507,CHIKV_RUN_S43b12_2025,55.632684,-21.345545
6084,2924,REU.2.3_1,REU.2.5_1,0.14271820415154,0.759802196047552,0.617083991896012,2025.16413111092,2025.30684931507,CHIKV_RUN_S50b75_2025,55.63222,-20.940286
3815,838,REU.4.3_1,REU.4.5_1,0.136098078765357,0.759802196047552,0.623704117282195,2025.1707512363,2025.30684931507,CHIKV_RUN_S43b04_2025,55.62546,-21.291986
5360,2460,REU.2.3_1,REU.2.3_1,0.133893952323912,0.759802196047552,0.62590824372364,2025.17295536274,2025.30684931507,CHIKV_RUN_S42b94_2025,55.483768,-20.909138
5958,2986,REU.3.4_1,REU.2.5_1,0.132706508644342,0.759802196047552,0.62709568740321,2025.17414280642,2025.30684931507,CHIKV_RUN_S50b79_2025,55.606734,-20.93692
4068,1610,REU.4.8_1,REU.4.8_1,0.131599127174704,0.759802196047552,0.628203068872848,2025.17525018789,2025.30684931507,CHIKV_RUN_S43b31_2025,55.540325,-21.316388
5215,33,REU.2.3_1,REU.2.3_1,0.130647563429172,0.759802196047552,0.62915463261838,2025.17620175164,2025.30684931507,CHIKV_RUN_S42b88_2025,55.458226,-20.88853
3673,747,REU.4.8_1,REU.4.5_1,0.125993593232445,0.759802196047552,0.633808602815107,2025.18085572184,2025.30684931507,CHIKV_RUN_S42b87_2025,55.667526,-21.378275
5380,2443,REU.4.6_1,REU.1.5_1,0.112272479793938,0.759802196047552,0.647529716253614,2025.19457683527,2025.30684931507,CHIKV_RUN_S45b94_2025,55.754403,-21.114225
4283,371,REU.4.5_1,REU.4.5_1,0.108436502502376,0.759802196047552,0.651365693545176,2025.19841281257,2025.30684931507,CHIKV_RUN_S43b23_2025,55.665316,-21.335168
4766,206,REU.4.5_1,REU.2.3_1,0.106134614636194,0.759802196047552,0.653667581411358,2025.20071470043,2025.30684931507,CHIKV_RUN_S43b03_2025,55.452548,-20.874329
6026,2885,REU.2.3_1,REU.2.3_1,0.105793427249963,0.759802196047552,0.654008768797589,2025.20105588782,2025.30684931507,CHIKV_RUN_S43b14_2025,55.475059,-20.893399
5828,3068,REU.4.6_1,REU.4.8_1,0.100785278663928,0.759802196047552,0.659016917383625,2025.2060640364,2025.30684931507,CHIKV_RUN_S43b22_2025,55.453322,-21.304666
3929,1249,REU.4.5_1,REU.4.7_1,0.100672955684954,0.759802196047552,0.659129240362598,2025.20617635938,2025.30684931507,CHIKV_RUN_S43b47_2025,55.715877,-21.371038
5152,2255,REU.4.8_1,REU.4.8_1,0.0989081534534013,0.759802196047552,0.660894042594151,2025.20794116162,2025.30684931507,CHIKV_RUN_S50b78_2025,55.465102,-21.292476
5461,2173,REU.2.3_1,REU.2.2_1,0.0946507335413217,0.759802196047552,0.66515146250623,2025.21219858153,2025.30684931507,CHIKV_RUN_S52b07_2025,55.288486,-20.942095
3215,1671,REU.4.3_1,REU.4.3_1,0.0860893850077059,0.759802196047552,0.673712811039846,2025.22075993006,2025.30684931507,CHIKV_RUN_S42b84_2025,55.506978,-21.234008
6076,2907,REU.2.3_1,REU.2.2_1,0.0854481372985572,0.759802196047552,0.674354058748995,2025.22140117777,2025.30684931507,CHIKV_RUN_S42b78_2025,55.295705,-20.942446
5652,2592,REU.3.5_1,REU.2.3_1,0.0825365908509609,0.759802196047552,0.677265605196591,2025.22431272422,2025.30684931507,CHIKV_RUN_S42b75_2025,55.456027,-20.877565
4878,1766,REU.3.4_1,REU.3.4_1,0.0809747835864547,0.759802196047552,0.678827412461097,2025.22587453148,2025.30684931507,CHIKV_RUN_S43b17_2025,55.328071,-21.164531
3479,949,REU.3.5_1,REU.4.8_1,0.0725680535541463,0.759802196047552,0.687234142493406,2025.23428126151,2025.30684931507,CHIKV_RUN_S52b08_2025,55.512078,-21.298447
4856,1143,REU.4.8_1,REU.1.3_1,0.0667107264431348,0.759802196047552,0.693091469604417,2025.24013858863,2025.30684931507,CHIKV_RUN_S42b36_2025,55.672325,-20.936321
3402,1693,REU.4.3_1,REU.4.3_1,0.0643479724805249,0.759802196047552,0.695454223567027,2025.24250134259,2025.30684931507,CHIKV_RUN_S52b20_2025,55.540081,-21.240846
4867,1148,REU.2.3_1,REU.2.3_1,0.0556574085029825,0.759802196047552,0.70414478754457,2025.25119190657,2025.30684931507,CHIKV_RUN_S43b16_2025,55.432599,-20.925495
3987,1607,REU.2.3_1,REU.2.4_1,0.0553577728684381,0.759802196047552,0.704444423179114,2025.2514915422,2025.30684931507,CHIKV_RUN_S42b71_2025,55.519605,-20.921157
3891,1266,REU.2.3_1,REU.2.5_1,0.0397800480548477,0.759802196047552,0.720022147992704,2025.26706926701,2025.30684931507,CHIKV_RUN_S43b11_2025,55.606242,-20.904694
4335,494,REU.2.3_1,REU.2.5_1,0.039580346311046,0.759802196047552,0.720221849736506,2025.26726896876,2025.30684931507,CHIKV_RUN_S42b79_2025,55.580248,-20.92783
5248,2087,REU.4.6_1,REU.4.6_1,0.0377199081072905,0.759802196047552,0.722082287940262,2025.26912940696,2025.30684931507,CHIKV_RUN_S43b02_2025,55.430936,-21.245486
5707,2570,REU.1.3_1,REU.1.3_1,0.0188639011380196,0.759802196047552,0.740938294909532,2025.28798541393,2025.30684931507,CHIKV_RUN_S43b09_2025,55.691993,-20.963449
4354,543,REU.4.3_1,REU.4.3_1,0.236080571629743,0.76254192207491,0.526461350445167,2025.07350846947,2025.3095890411,CHIKV_RUN_S43b40_2025,55.53781,-21.279869
4257,469,REU.4.8_1,REU.1.4_1,0.222882637711346,0.76254192207491,0.539659284363563,2025.08670640338,2025.3095890411,CHIKV_RUN_S43b29_2025,55.691303,-21.047669
6167,2759,REU.4.8_1,REU.4.8_1,0.217640982441286,0.76254192207491,0.544900939633623,2025.09194805865,2025.3095890411,CHIKV_RUN_S43b35_2025,55.486825,-21.257066
4344,515,REU.4.8_1,REU.4.8_1,0.21584578513683,0.76254192207491,0.54669613693808,2025.09374325596,2025.3095890411,CHIKV_RUN_S43b18_2025,55.523585,-21.355116
4485,1622,REU.3.5_1,REU.3.5_1,0.204776680652157,0.76254192207491,0.557765241422752,2025.10481236044,2025.3095890411,CHIKV_RUN_S43b21_2025,55.322,-20.979051
5430,1858,REU.4.6_1,REU.4.6_1,0.199673939702288,0.76254192207491,0.562867982372621,2025.10991510139,2025.3095890411,CHIKV_RUN_S43b44_2025,55.402844,-21.214963
4580,2264,REU.4.3_1,REU.4.5_1,0.182800046215698,0.76254192207491,0.579741875859211,2025.12678899488,2025.3095890411,CHIKV_RUN_S43b43_2025,55.664875,-21.375389
6010,2854,REU.2.3_1,REU.3.5_1,0.166409880004263,0.76254192207491,0.596132042070646,2025.14317916109,2025.3095890411,CHIKV_RUN_S43b45_2025,55.271736,-21.05334
5834,2767,REU.2.2_1,REU.2.2_1,0.139018236515986,0.76254192207491,0.623523685558923,2025.17057080458,2025.3095890411,CHIKV_RUN_S43b52_2025,55.307526,-20.939137
4780,232,REU.4.8_1,REU.4.5_1,0.13317489523624,0.76254192207491,0.629367026838669,2025.17641414586,2025.3095890411,CHIKV_RUN_S43b33_2025,55.618947,-21.374112
5890,1957,REU.2.3_1,REU.1.3_1,0.108914957465508,0.76254192207491,0.653626964609402,2025.20067408363,2025.3095890411,CHIKV_RUN_S43b34_2025,55.671916,-20.937037
4016,1046,REU.2.5_1,REU.2.5_1,0.0916439273295904,0.76254192207491,0.670897994745319,2025.21794511377,2025.3095890411,CHIKV_RUN_S43b32_2025,55.622448,-20.91444
5552,2191,REU.4.8_1,REU.2.3_1,0.0654074932330049,0.76254192207491,0.697134428841905,2025.24418154786,2025.3095890411,CHIKV_RUN_S43b46_2025,55.455493,-20.878646
4327,473,REU.2.4_1,REU.2.4_1,0.0623778761314117,0.762541922074909,0.700164045943498,2025.24721116496,2025.3095890411,CHIKV_RUN_S43b30_2025,55.53116,-20.896205
3561,1345,REU.4.8_1,REU.4.3_1,0.0507547944152167,0.76254192207491,0.711787127659693,2025.25883424668,2025.3095890411,CHIKV_RUN_S43b36_2025,55.518558,-21.2827
6074,2910,REU.3.5_1,REU.3.5_1,0.0189809052866599,0.76254192207491,0.74356101678825,2025.29060813581,2025.3095890411,CHIKV_RUN_S43b15_2025,55.293668,-20.985029
3422,1416,REU.2.3_1,REU.2.3_1,0.239008673911116,0.765281648102267,0.526272974191151,2025.07332009321,2025.31232876712,CHIKV_RUN_S43b58_2025,55.484763,-20.908604
3124,2493,REU.3.1_1,REU.4.6_1,0.209524934991057,0.765281648102267,0.55575671311121,2025.10280383213,2025.31232876712,CHIKV_RUN_S43b55_2025,55.432788,-21.272683
3751,733,REU.4.3_1,REU.2.3_1,0.194621456870192,0.765281648102267,0.570660191232075,2025.11770731025,2025.31232876712,CHIKV_RUN_S43b86_2025,55.435986,-20.920401
4648,1528,REU.4.3_1,REU.4.3_1,0.176841120557558,0.765281648102267,0.588440527544709,2025.13548764657,2025.31232876712,CHIKV_RUN_S44b28_2025,55.492687,-21.257881
3937,1180,REU.4.4_1,REU.4.8_1,0.173332368713565,0.765281648102267,0.591949279388701,2025.13899639841,2025.31232876712,CHIKV_RUN_S44b04_2025,55.491803,-21.307722
3456,1012,REU.3.5_1,REU.2.3_1,0.163948186420859,0.765281648102267,0.601333461681408,2025.1483805807,2025.31232876712,CHIKV_RUN_S43b53_2025,55.462846,-20.901711
4749,246,REU.4.5_1,REU.1.4_1,0.162543649280135,0.765281648102267,0.602737998822131,2025.14978511784,2025.31232876712,CHIKV_RUN_S45b56_2025,55.697826,-21.022855
5367,2412,REU.3.4_1,REU.4.5_1,0.162482844014069,0.765281648102267,0.602798804088198,2025.14984592311,2025.31232876712,CHIKV_RUN_S43b41_2025,55.592063,-21.37423
5390,2458,REU.3.4_1,REU.1.3_1,0.1590672701046,0.765281648102267,0.606214377997667,2025.15326149702,2025.31232876712,CHIKV_RUN_S43b51_2025,55.652295,-20.962029
4412,526,REU.4.3_1,REU.2.3_1,0.1555272149586,0.765281648102267,0.609754433143667,2025.15680155216,2025.31232876712,CHIKV_RUN_S43b83_2025,55.496885,-20.912528
4771,212,REU.4.5_1,REU.4.5_1,0.15189994050817,0.765281648102267,0.613381707594097,2025.16042882662,2025.31232876712,CHIKV_RUN_S43b62_2025,55.676816,-21.371135
5045,2798,REU.3.1_1,REU.3.1_1,0.15084819226748,0.765281648102267,0.614433455834787,2025.16148057486,2025.31232876712,CHIKV_RUN_S43b91_2025,55.363118,-21.24073
5908,2171,REU.4.3_1,REU.4.6_1,0.137777488673559,0.765281648102267,0.627504159428708,2025.17455127845,2025.31232876712,CHIKV_RUN_S43b56_2025,55.430714,-21.281664
4171,1275,REU.4.3_1,REU.4.4_1,0.133958736179495,0.765281648102267,0.631322911922771,2025.17837003094,2025.31232876712,CHIKV_RUN_S44b36_2025,55.572416,-21.354753
5781,2539,REU.2.3_1,REU.2.4_1,0.123663690585529,0.765281648102267,0.641617957516737,2025.18866507654,2025.31232876712,CHIKV_RUN_S43b77_2025,55.543627,-20.937879
4061,1411,REU.4.3_1,REU.2.4_1,0.120697307097643,0.765281648102267,0.644584341004624,2025.19163146003,2025.31232876712,CHIKV_RUN_S43b74_2025,55.518694,-20.951394
3318,1550,REU.4.3_1,REU.4.3_1,0.118566173849342,0.765281648102267,0.646715474252925,2025.19376259327,2025.31232876712,CHIKV_RUN_S43b92_2025,55.51119,-21.252464
4703,622,REU.4.8_1,REU.4.8_1,0.118077459004174,0.765281648102267,0.647204189098093,2025.19425130812,2025.31232876712,CHIKV_RUN_S44b01_2025,55.464468,-21.335334
3928,1246,REU.4.5_1,REU.4.5_1,0.111049124450825,0.765281648102267,0.654232523651442,2025.20127964267,2025.31232876712,CHIKV_RUN_S43b28_2025,55.637204,-21.370715
4124,918,REU.2.3_1,REU.2.3_1,0.0839159597702848,0.765281648102267,0.681365688331982,2025.22841280735,2025.31232876712,CHIKV_RUN_S43b84_2025,55.465971,-20.896976
3987,1441,REU.2.3_1,REU.2.3_1,0.0608372249231529,0.765281648102267,0.704444423179114,2025.2514915422,2025.31232876712,CHIKV_RUN_S43b27_2025,55.461113,-20.893827
4895,1364,REU.2.3_1,REU.2.3_1,0.0518219335587623,0.765281648102267,0.713459714543504,2025.26050683356,2025.31232876712,CHIKV_RUN_S43b25_2025,55.464564,-20.892562
6061,2920,REU.2.3_1,REU.2.3_1,0.0421184219910109,0.765281648102267,0.723163226111256,2025.27021034513,2025.31232876712,CHIKV_RUN_S43b59_2025,55.485524,-20.893173
4545,602,REU.2.3_1,REU.4.8_1,0.0417013775184669,0.765281648102267,0.7235802705838,2025.2706273896,2025.31232876712,CHIKV_RUN_S43b37_2025,55.475245,-21.327782
4746,235,REU.4.5_1,REU.4.5_1,0.0327912695177051,0.765281648102267,0.732490378584562,2025.27953749761,2025.31232876712,CHIKV_RUN_S44b24_2025,55.643,-21.333331
4650,1542,REU.2.3_1,REU.2.3_1,0.0239065033531867,0.765281648102267,0.74137514474908,2025.28842226377,2025.31232876712,CHIKV_RUN_S43b82_2025,55.463072,-20.893303
3718,695,REU.4.3_1,REU.4.6_1,0.254168451134915,0.768021374129624,0.513852922994709,2025.06090004202,2025.31506849315,CHIKV_RUN_S44b23_2025,55.392258,-21.241048
4136,821,REU.2.3_1,REU.2.3_1,0.246125041126473,0.768021374129624,0.521896333003151,2025.06894345202,2025.31506849315,CHIKV_RUN_S43b60_2025,55.498306,-20.927335
3936,1182,REU.4.4_1,REU.4.8_1,0.203834252959924,0.768021374129624,0.564187121169701,2025.11123424019,2025.31506849315,CHIKV_RUN_S44b21_2025,55.471103,-21.339643
5056,2744,REU.4.8_1,REU.4.8_1,0.190310507765824,0.768021374129624,0.5777108663638,2025.12475798538,2025.31506849315,CHIKV_RUN_S44b02_2025,55.465106,-21.285957
4065,1350,REU.4.3_1,REU.4.5_1,0.180720696652445,0.768021374129624,0.587300677477179,2025.1343477965,2025.31506849315,CHIKV_RUN_S44b11_2025,55.595486,-21.35952
4815,83,REU.4.8_1,REU.2.3_1,0.179880411304773,0.768021374129624,0.588140962824851,2025.13518808185,2025.31506849315,CHIKV_RUN_S43b65_2025,55.448262,-20.904018
5553,2195,REU.4.3_1,REU.4.3_1,0.165608994167182,0.768021374129624,0.602412379962442,2025.14945949898,2025.31506849315,CHIKV_RUN_S44b05_2025,55.540435,-21.255486
4319,448,REU.2.3_1,REU.4.5_1,0.153896684305147,0.768021374129624,0.614124689824478,2025.16117180885,2025.31506849315,CHIKV_RUN_S44b15_2025,55.623306,-21.375791
3369,1160,REU.3.5_1,REU.3.5_1,0.146557019853873,0.768021374129624,0.621464354275751,2025.1685114733,2025.31506849315,CHIKV_RUN_S43b66_2025,55.284232,-20.993313
3537,311,REU.4.3_1,REU.4.8_1,0.140283583404308,0.768021374129624,0.627737790725316,2025.17478490975,2025.31506849315,CHIKV_RUN_S43b95_2025,55.478771,-21.329134
4729,190,REU.2.3_1,REU.2.3_1,0.134123429536748,0.768021374129624,0.633897944592876,2025.18094506361,2025.31506849315,CHIKV_RUN_S43b61_2025,55.484786,-20.896085
5891,1811,REU.2.3_1,REU.2.3_1,0.131817395055693,0.768021374129624,0.636203979073931,2025.18325109809,2025.31506849315,CHIKV_RUN_S43b63_2025,55.442466,-20.911117
4195,1547,REU.2.3_1,REU.2.3_1,0.131400397713983,0.768021374129624,0.636620976415642,2025.18366809544,2025.31506849315,CHIKV_RUN_S43b64_2025,55.410091,-20.899655
5615,2839,REU.3.1_1,REU.4.4_1,0.129676711256976,0.768021374129624,0.638344662872648,2025.18539178189,2025.31506849315,CHIKV_RUN_S44b08_2025,55.561443,-21.348306
3674,742,REU.4.8_1,REU.4.3_1,0.126888773694341,0.768021374129624,0.641132600435283,2025.18817971946,2025.31506849315,CHIKV_RUN_S43b90_2025,55.528118,-21.289878
3802,667,REU.4.5_1,REU.2.3_1,0.117460058809484,0.768021374129624,0.65056131532014,2025.19760843434,2025.31506849315,CHIKV_RUN_S43b67_2025,55.462045,-20.883862
4053,1409,REU.3.5_1,REU.3.5_1,0.103195471611696,0.768021374129624,0.664825902517928,2025.21187302154,2025.31506849315,CHIKV_RUN_S43b50_2025,55.308014,-21.033469
4726,172,REU.4.5_1,REU.2.3_1,0.0800897127023144,0.768021374129624,0.68793166142731,2025.23497878045,2025.31506849315,CHIKV_RUN_S43b79_2025,55.490131,-20.891287
5127,2277,REU.2.3_1,REU.2.3_1,0.0676981757920094,0.768021374129624,0.700323198337615,2025.24737031736,2025.31506849315,CHIKV_RUN_S43b71_2025,55.484731,-20.888907
4895,1370,REU.2.3_1,REU.2.3_1,0.0545616595861197,0.768021374129624,0.713459714543504,2025.26050683356,2025.31506849315,CHIKV_RUN_S43b69_2025,55.446658,-20.903307
5408,2345,REU.4.5_1,REU.4.5_1,0.0523717442140603,0.768021374129624,0.715649629915564,2025.26269674894,2025.31506849315,CHIKV_RUN_S44b07_2025,55.629292,-21.345183
3583,1095,REU.4.6_1,REU.4.6_1,0.0369949199684726,0.768021374129624,0.731026454161152,2025.27807357318,2025.31506849315,CHIKV_RUN_S43b73_2025,55.447482,-21.267759
4650,1543,REU.2.3_1,REU.2.3_1,0.0266462293805441,0.768021374129624,0.74137514474908,2025.28842226377,2025.31506849315,CHIKV_RUN_S43b85_2025,55.463241,-20.888788
4362,556,REU.4.3_1,REU.4.3_1,0.268159985690637,0.770761100156982,0.502601114466345,2025.04964823349,2025.31780821918,CHIKV_RUN_S44b61_2025,55.519866,-21.235969
4294,436,REU.4.3_1,REU.4.8_1,0.241134184960467,0.770761100156982,0.529626915196514,2025.07667403422,2025.31780821918,CHIKV_RUN_S44b57_2025,55.503523,-21.294266
3567,1081,REU.4.3_1,REU.4.8_1,0.237237582568015,0.770761100156982,0.533523517588967,2025.08057063661,2025.31780821918,CHIKV_RUN_S44b03_2025,55.478749,-21.330553
5580,1795,REU.4.8_1,REU.4.6_1,0.199787817723216,0.770761100156982,0.570973282433766,2025.11802040145,2025.31780821918,CHIKV_RUN_S48b47_2025,55.414973,-21.284378
5332,2413,REU.4.3_1,REU.2.3_1,0.196140426334808,0.770761100156982,0.574620673822174,2025.12166779284,2025.31780821918,CHIKV_RUN_S44b18_2025,55.465618,-20.910961
5316,2094,REU.4.5_1,REU.4.3_1,0.186310949840308,0.770761100156982,0.584450150316673,2025.13149726934,2025.31780821918,CHIKV_RUN_S43b26_2025,55.524068,-21.232749
3707,847,REU.4.6_1,REU.4.6_1,0.176291702349086,0.770761100156982,0.594469397807896,2025.14151651683,2025.31780821918,CHIKV_RUN_S44b56_2025,55.438978,-21.282538
5079,1968,REU.4.6_1,REU.2.3_1,0.165199662433437,0.770761100156982,0.605561437723545,2025.15260855674,2025.31780821918,CHIKV_RUN_S44b13_2025,55.448193,-20.886543
5817,2313,REU.4.8_1,REU.4.8_1,0.162594162623134,0.770761100156982,0.608166937533847,2025.15521405655,2025.31780821918,CHIKV_RUN_S44b53_2025,55.472216,-21.338658
4228,456,REU.2.3_1,REU.2.3_1,0.158764837528998,0.770761100156982,0.611996262627983,2025.15904338165,2025.31780821918,CHIKV_RUN_S44b16_2025,55.407267,-20.90192
5589,3016,REU.4.3_1,REU.4.6_1,0.158513053832985,0.770761100156982,0.612248046323997,2025.15929516534,2025.31780821918,CHIKV_RUN_S43b89_2025,55.438431,-21.238295
3145,2325,REU.3.1_1,REU.4.6_1,0.155221655202398,0.770761100156982,0.615539444954583,2025.16258656398,2025.31780821918,CHIKV_RUN_S44b51_2025,55.407709,-21.289577
3352,1319,REU.4.3_1,REU.4.3_1,0.146110942353562,0.770761100156982,0.624650157803419,2025.17169727682,2025.31780821918,CHIKV_RUN_S44b55_2025,55.524989,-21.237814
3362,598,REU.4.3_1,REU.2.3_1,0.139443259209074,0.770761100156982,0.631317840947907,2025.17836495997,2025.31780821918,CHIKV_RUN_S44b32_2025,55.459891,-20.882291
4907,921,REU.4.3_1,REU.2.3_1,0.134884012969227,0.770761100156982,0.635877087187755,2025.18292420621,2025.31780821918,CHIKV_RUN_S44b17_2025,55.482141,-20.886785
5073,2734,REU.4.8_1,REU.3.2_1,0.123435173955562,0.770761100156982,0.647325926201419,2025.19437304522,2025.31780821918,CHIKV_RUN_S44b47_2025,55.332912,-21.238244
6095,3072,REU.4.3_1,REU.4.4_1,0.122112963270482,0.770761100156982,0.648648136886499,2025.19569525591,2025.31780821918,CHIKV_RUN_S44b62_2025,55.577641,-21.33765
4253,397,REU.2.3_1,REU.2.3_1,0.121084904669436,0.770761100156982,0.649676195487546,2025.19672331451,2025.31780821918,CHIKV_RUN_S43b80_2025,55.39983,-20.903139
3832,709,REU.4.3_1,REU.4.8_1,0.119076605100606,0.770761100156982,0.651684495056376,2025.19873161408,2025.31780821918,CHIKV_RUN_S44b58_2025,55.456949,-21.289824
3431,979,REU.2.3_1,REU.2.3_1,0.114677642428695,0.770761100156982,0.656083457728287,2025.20313057675,2025.31780821918,CHIKV_RUN_S44b12_2025,55.444744,-20.879371
6009,2852,REU.2.3_1,REU.2.3_1,0.106141546849478,0.770761100156982,0.664619553307504,2025.21166667233,2025.31780821918,CHIKV_RUN_S43b57_2025,55.399823,-20.907076
4928,1832,REU.4.8_1,REU.2.4_1,0.102562728679227,0.770761100156982,0.668198371477754,2025.2152454905,2025.31780821918,CHIKV_RUN_S44b37_2025,55.523806,-20.927211
5607,2142,REU.3.5_1,REU.2.4_1,0.102087195574597,0.770761100156982,0.668673904582384,2025.2157210236,2025.31780821918,CHIKV_RUN_S43b70_2025,55.516828,-20.953862
4186,276,REU.4.5_1,REU.2.3_1,0.0896950430674742,0.770761100156982,0.681066057089507,2025.22811317611,2025.31780821918,CHIKV_RUN_S44b19_2025,55.456559,-20.890627
6218,3039,REU.3.5_1,REU.4.8_1,0.0757462002557154,0.770761100156982,0.695014899901266,2025.24206201892,2025.31780821918,CHIKV_RUN_S44b10_2025,55.507747,-21.351413
5845,2319,REU.4.6_1,REU.2.4_1,0.0724232447198794,0.770761100156982,0.698337855437102,2025.24538497446,2025.31780821918,CHIKV_RUN_S43b75_2025,55.529498,-20.93784
3819,827,REU.4.3_1,REU.2.3_1,0.252387539061251,0.773500826184566,0.521113287123316,2025.06816040614,2025.32054794521,CHIKV_RUN_S44b38_2025,55.402023,-20.911056
4194,383,REU.2.3_1,REU.2.4_1,0.187298885504873,0.773500826184566,0.586201940679694,2025.1332490597,2025.32054794521,CHIKV_RUN_S43b94_2025,55.5586,-20.897771
4009,1744,REU.2.3_1,REU.1.4_1,0.181076722159766,0.773500826184566,0.5924241040248,2025.13947122305,2025.32054794521,CHIKV_RUN_S44b33_2025,55.74115,-21.075513
4721,176,REU.4.7_1,REU.2.3_1,0.170953741495068,0.773500826184567,0.602547084689498,2025.14959420371,2025.32054794521,CHIKV_RUN_S44b44_2025,55.407448,-20.889144
4697,1700,REU.4.3_1,REU.4.3_1,0.168961035038219,0.773500826184566,0.604539791146347,2025.15158691017,2025.32054794521,CHIKV_RUN_S44b39_2025,55.494809,-21.246103
5618,1857,REU.3.5_1,REU.2.3_1,0.15261788037637,0.773500826184566,0.620882945808197,2025.16793006483,2025.32054794521,CHIKV_RUN_S44b31_2025,55.427048,-20.877814
3386,1718,REU.4.8_1,REU.2.3_1,0.138572215602285,0.773500826184566,0.634928610582281,2025.1819757296,2025.32054794521,CHIKV_RUN_S44b41_2025,55.399151,-20.903693
5769,1950,REU.2.3_1,REU.2.3_1,0.137468949978018,0.773500826184566,0.636031876206548,2025.18307899523,2025.32054794521,CHIKV_RUN_S44b43_2025,55.480881,-20.897793
5708,2566,REU.4.8_1,REU.1.6_1,0.12974236087092,0.773500826184566,0.643758465313647,2025.19080558433,2025.32054794521,CHIKV_RUN_S45b40_2025,55.520108,-21.062986
3318,101,REU.4.3_1,REU.4.3_1,0.126785351931641,0.773500826184566,0.646715474252925,2025.19376259327,2025.32054794521,CHIKV_RUN_S44b64_2025,55.498761,-21.245356
4326,472,REU.2.4_1,REU.2.3_1,0.123147191335578,0.773500826184566,0.650353634848989,2025.19740075387,2025.32054794521,CHIKV_RUN_S44b68_2025,55.486243,-20.907702
3302,351,REU.2.3_1,REU.2.3_1,0.12304323279655,0.773500826184566,0.650457593388016,2025.19750471241,2025.32054794521,CHIKV_RUN_S44b46_2025,55.439447,-20.91464
3336,259,REU.4.8_1,REU.4.5_1,0.11798346959039,0.773500826184566,0.655517356594177,2025.20256447562,2025.32054794521,CHIKV_RUN_S44b50_2025,55.599642,-21.335121
4385,583,REU.2.3_1,REU.2.3_1,0.114504903424741,0.773500826184566,0.658995922759826,2025.20604304178,2025.32054794521,CHIKV_RUN_S44b45_2025,55.451558,-20.890875
4051,1403,REU.2.3_1,REU.1.6_1,0.108628830829328,0.773500826184566,0.664871995355239,2025.21191911438,2025.32054794521,CHIKV_RUN_S45b39_2025,55.511993,-21.065407
4379,578,REU.4.8_1,REU.2.3_1,0.106738195644594,0.773500826184567,0.666762630539972,2025.21380974956,2025.32054794521,CHIKV_RUN_S44b34_2025,55.477786,-20.919818
4066,634,REU.4.3_1,REU.2.4_1,0.104407131183274,0.773500826184566,0.669093695001292,2025.21614081402,2025.32054794521,CHIKV_RUN_S44b67_2025,55.521356,-20.907013
3298,343,REU.2.2_1,REU.2.2_1,0.0976164574702929,0.773500826184566,0.675884368714273,2025.22293148774,2025.32054794521,CHIKV_RUN_S44b66_2025,55.294376,-20.943347
5917,3011,REU.4.8_1,REU.1.6_1,0.0854560224151204,0.773500826184566,0.688044803769446,2025.23509192279,2025.32054794521,CHIKV_RUN_S45b41_2025,55.519882,-21.066416
4511,912,REU.1.3_1,REU.1.3_1,0.0785891269340269,0.773500826184566,0.69491169925054,2025.24195881827,2025.32054794521,CHIKV_RUN_S44b42_2025,55.689479,-20.9713
5216,35,REU.2.3_1,REU.1.3_1,0.0728305641914085,0.773500826184566,0.700670261993158,2025.24771738101,2025.32054794521,CHIKV_RUN_S45b38_2025,55.650141,-20.967483
4402,561,REU.3.4_1,REU.4.8_1,0.0684507013013314,0.773500826184566,0.705050124883235,2025.2520972439,2025.32054794521,CHIKV_RUN_S44b52_2025,55.471826,-21.314619
5248,2074,REU.4.6_1,REU.2.3_1,0.0514185382443049,0.773500826184566,0.722082287940262,2025.26912940696,2025.32054794521,CHIKV_RUN_S44b20_2025,55.411429,-20.889585
5707,2569,REU.1.3_1,REU.1.3_1,0.0325625312750339,0.773500826184566,0.740938294909532,2025.28798541393,2025.32054794521,CHIKV_RUN_S45b33_2025,55.657514,-20.945141
4227,481,REU.4.6_1,REU.4.6_1,0.0140968345717446,0.773500826184566,0.759403991612822,2025.30645111063,2025.32054794521,CHIKV_RUN_S44b65_2025,55.441485,-21.275033
4227,382,REU.4.6_1,REU.4.3_1,0.0140968345717446,0.773500826184566,0.759403991612822,2025.30645111063,2025.32054794521,CHIKV_RUN_S44b76_2025,55.519611,-21.242728
4579,1440,REU.4.3_1,REU.2.3_1,0.209240086373882,0.776240552211924,0.567000465838042,2025.11404758486,2025.32328767123,CHIKV_RUN_S44b29_2025,55.473512,-20.912882
3669,748,REU.4.3_1,REU.2.4_1,0.204740402628417,0.776240552211924,0.571500149583506,2025.1185472686,2025.32328767123,CHIKV_RUN_S44b26_2025,55.523203,-20.9284
3747,731,REU.4.3_1,REU.1.4_1,0.204373208588435,0.776240552211924,0.571867343623489,2025.11891446264,2025.32328767123,CHIKV_RUN_S45b34_2025,55.718339,-21.039957
3702,714,REU.4.3_1,REU.4.8_1,0.191531697001016,0.776240552211924,0.584708855210908,2025.13175597423,2025.32328767123,CHIKV_RUN_S45b02_2025,55.495455,-21.298404
4249,476,REU.2.3_1,REU.2.3_1,0.179745232862317,0.776240552211924,0.596495319349607,2025.14354243837,2025.32328767123,CHIKV_RUN_S44b30_2025,55.478949,-20.891822
5235,2097,REU.4.8_1,REU.4.8_1,0.177091036776106,0.776240552211924,0.599149515435818,2025.14619663446,2025.32328767123,CHIKV_RUN_S45b20_2025,55.459303,-21.338147
6126,2198,REU.4.8_1,REU.2.3_1,0.171225043047992,0.776240552211924,0.605015509163932,2025.15206262818,2025.32328767123,CHIKV_RUN_S44b72_2025,55.457007,-20.888438
5938,2982,REU.2.3_1,REU.3.5_1,0.162796896304033,0.776240552211924,0.613443655907891,2025.16049077493,2025.32328767123,CHIKV_RUN_S44b80_2025,55.30314,-21.022636
3677,752,REU.4.3_1,REU.2.3_1,0.154210904650569,0.776240552211924,0.622029647561355,2025.16907676658,2025.32328767123,CHIKV_RUN_S44b70_2025,55.504931,-20.911832
3308,323,REU.4.3_1,REU.4.5_1,0.149579605870274,0.776240552211924,0.62666094634165,2025.17370806536,2025.32328767123,CHIKV_RUN_S44b77_2025,55.675107,-21.343496
3977,1560,REU.4.3_1,REU.4.8_1,0.148689689099941,0.776240552211924,0.627550863111983,2025.17459798213,2025.32328767123,CHIKV_RUN_S45b05_2025,55.447227,-21.29722
5530,2523,REU.4.1_1,REU.4.1_1,0.139618356344988,0.776240552211924,0.636622195866936,2025.18366931489,2025.32328767123,CHIKV_RUN_S44b79_2025,55.475002,-21.170039
5781,2546,REU.2.3_1,REU.1.5_1,0.134622594695186,0.776240552211924,0.641617957516737,2025.18866507654,2025.32328767123,CHIKV_RUN_S45b32_2025,55.776504,-21.128389
4061,1410,REU.4.3_1,REU.4.3_1,0.1316562112073,0.776240552211924,0.644584341004624,2025.19163146003,2025.32328767123,CHIKV_RUN_S44b69_2025,55.509677,-21.248002
4745,237,REU.4.5_1,REU.2.3_1,0.124382616943789,0.776240552211924,0.651857935268135,2025.19890505429,2025.32328767123,CHIKV_RUN_S45b08_2025,55.467548,-20.886781
3468,1019,REU.2.3_1,REU.2.3_1,0.116270815511445,0.776240552211924,0.659969736700478,2025.20701685572,2025.32328767123,CHIKV_RUN_S44b71_2025,55.464623,-20.884003
5146,2248,REU.4.3_1,REU.4.3_1,0.115411460164666,0.776240552211924,0.660829092047258,2025.20787621107,2025.32328767123,CHIKV_RUN_S45b23_2025,55.521032,-21.281443
3178,2690,REU.3.5_1,REU.4.8_1,0.115127400567632,0.776240552211924,0.661113151644292,2025.20816027067,2025.32328767123,CHIKV_RUN_S45b24_2025,55.504356,-21.343072
3157,3107,REU.2.4_1,REU.1.4_1,0.0948539661704076,0.776240552211924,0.681386586041516,2025.22843370506,2025.32328767123,CHIKV_RUN_S45b35_2025,55.703499,-21.072378
4159,927,REU.4.8_1,REU.2.4_1,0.0827042381184956,0.776240552211924,0.693536314093428,2025.24058343311,2025.32328767123,CHIKV_RUN_S44b81_2025,55.523497,-20.951795
3220,1661,REU.4.3_1,REU.4.8_1,0.0748408821734751,0.776240552211924,0.701399670038449,2025.24844678906,2025.32328767123,CHIKV_RUN_S44b75_2025,55.498171,-21.304796
4512,913,REU.1.3_1,REU.1.1_1,0.0716145753576622,0.776240552211924,0.704625976854262,2025.25167309588,2025.32328767123,CHIKV_RUN_S45b31_2025,55.692447,-21.002626
6125,2792,REU.4.6_1,REU.4.6_1,0.0715319364581846,0.776240552211924,0.704708615753739,2025.25175573477,2025.32328767123,CHIKV_RUN_S45b18_2025,55.402125,-21.286722
3891,1265,REU.2.3_1,REU.1.4_1,0.0562184042192194,0.776240552211924,0.720022147992704,2025.26706926701,2025.32328767123,CHIKV_RUN_S44b35_2025,55.746031,-21.089123
4881,1366,REU.2.3_1,REU.1.4_1,0.272486952081679,0.778980278239281,0.506493326157602,2025.05354044518,2025.32602739726,CHIKV_RUN_S46b16_2025,55.702635,-21.053707
3496,952,REU.3.5_1,REU.3.5_1,0.271593107693105,0.778980278239281,0.507387170546176,2025.05443428957,2025.32602739726,CHIKV_RUN_S45b26_2025,55.263877,-21.050301
3505,956,REU.3.5_1,REU.2.3_1,0.267002170976617,0.778980278239281,0.511978107262664,2025.05902522628,2025.32602739726,CHIKV_RUN_S44b73_2025,55.47622,-20.918317
6161,1849,REU.4.8_1,REU.4.8_1,0.221171407912011,0.778980278239281,0.557808870327271,2025.10485598935,2025.32602739726,CHIKV_RUN_S52b11_2025,55.505999,-21.298362
6163,2712,REU.4.8_1,REU.1.4_1,0.218862313121328,0.778980278239281,0.560117965117954,2025.10716508414,2025.32602739726,CHIKV_RUN_S46b11_2025,55.708628,-21.03643
5687,2362,REU.3.1_1,REU.3.2_1,0.210277624659964,0.778980278239281,0.568702653579317,2025.1157497726,2025.32602739726,CHIKV_RUN_S45b28_2025,55.362151,-21.212749
4905,1731,REU.4.3_1,REU.2.3_1,0.192151200689761,0.778980278239281,0.58682907754952,2025.13387619657,2025.32602739726,CHIKV_RUN_S46b07_2025,55.486279,-20.908921
3344,1330,REU.3.5_1,REU.3.5_1,0.186425362700477,0.778980278239281,0.592554915538804,2025.13960203456,2025.32602739726,CHIKV_RUN_S52b09_2025,55.265842,-21.023734
3984,1248,REU.4.3_1,REU.2.3_1,0.179223208436798,0.778980278239281,0.599757069802484,2025.14680418882,2025.32602739726,CHIKV_RUN_S45b29_2025,55.480162,-20.909965
4413,551,REU.4.3_1,REU.3.4_1,0.166429597583899,0.778980278239281,0.612550680655382,2025.15959779968,2025.32602739726,CHIKV_RUN_S52b14_2025,55.2906,-21.182918
4393,555,REU.3.5_1,REU.2.3_1,0.166422163331857,0.778980278239281,0.612558114907424,2025.15960523393,2025.32602739726,CHIKV_RUN_S45b06_2025,55.485217,-20.894954
4168,624,REU.4.8_1,REU.4.5_1,0.166390294390778,0.778980278239281,0.612589983848504,2025.15963710287,2025.32602739726,CHIKV_RUN_S46b05_2025,55.607186,-21.377177
4169,1075,REU.4.8_1,REU.2.3_1,0.1651973579072,0.778980278239281,0.613782920332081,2025.16083003935,2025.32602739726,CHIKV_RUN_S52b13_2025,55.445273,-20.903065
5336,2433,REU.3.4_1,REU.2.4_1,0.164485861056572,0.778980278239281,0.614494417182709,2025.1615415362,2025.32602739726,CHIKV_RUN_S45b07_2025,55.541827,-20.932939
5584,3079,REU.4.6_1,REU.4.5_1,0.158402770981978,0.778980278239281,0.620577507257303,2025.16762462628,2025.32602739726,CHIKV_RUN_S45b16_2025,55.614446,-21.322777
5990,3005,REU.4.6_1,REU.4.6_1,0.15438827902735,0.778980278239281,0.624591999211931,2025.17163911823,2025.32602739726,CHIKV_RUN_S46b31_2025,55.405237,-21.273488
4508,1616,REU.4.8_1,REU.4.8_1,0.145824516035632,0.778980278239281,0.633155762203649,2025.18020288122,2025.32602739726,CHIKV_RUN_S45b12_2025,55.488886,-21.275653
3687,716,REU.4.3_1,REU.2.3_1,0.142031271999714,0.778980278239281,0.636949006239567,2025.18399612526,2025.32602739726,CHIKV_RUN_S44b74_2025,55.49377,-20.915757
5843,2320,REU.4.6_1,REU.4.7_1,0.136911992123857,0.778980278239281,0.642068286115424,2025.18911540514,2025.32602739726,CHIKV_RUN_S52b10_2025,55.767435,-21.360376
3482,940,REU.3.5_1,REU.2.4_1,0.136265638809678,0.778980278239281,0.642714639429603,2025.18976175845,2025.32602739726,CHIKV_RUN_S52b23_2025,55.516346,-20.913937
4509,1719,REU.4.8_1,REU.3.5_1,0.135225315858413,0.778980278239281,0.643754962380868,2025.1908020814,2025.32602739726,CHIKV_RUN_S45b22_2025,55.295169,-20.984617
5570,2637,REU.3.5_1,REU.3.5_1,0.129977634669993,0.778980278239281,0.649002643569288,2025.19604976259,2025.32602739726,CHIKV_RUN_S45b21_2025,55.298098,-21.039301
6026,2887,REU.2.3_1,REU.2.4_1,0.124971509441693,0.778980278239281,0.654008768797589,2025.20105588782,2025.32602739726,CHIKV_RUN_S46b08_2025,55.555652,-20.899051
5778,2544,REU.2.3_1,REU.1.3_1,0.106435852484641,0.778980278239281,0.67254442575464,2025.21959154478,2025.32602739726,CHIKV_RUN_S52b12_2025,55.660391,-20.977486
5214,43,REU.2.3_1,REU.2.3_1,0.105649873470966,0.778980278239281,0.673330404768315,2025.22037752379,2025.32602739726,CHIKV_RUN_S46b15_2025,55.432064,-20.924806
3433,987,REU.2.3_1,REU.1.5_1,0.0958164738377859,0.778980278239281,0.683163804401495,2025.23021092342,2025.32602739726,CHIKV_RUN_S52b24_2025,55.776409,-21.126799
3655,766,REU.4.6_1,REU.4.6_1,0.0922774673932972,0.778980278239281,0.686702810845984,2025.23374992987,2025.32602739726,CHIKV_RUN_S46b42_2025,55.414846,-21.273036
5252,2075,REU.2.3_1,REU.4.5_1,0.0812103701406719,0.778980278239281,0.697769908098609,2025.24481702712,2025.32602739726,CHIKV_RUN_S45b11_2025,55.623625,-21.379174
3853,1192,REU.4.8_1,REU.4.8_1,0.0789132991714615,0.778980278239281,0.70006697906782,2025.24711409809,2025.32602739726,CHIKV_RUN_S46b04_2025,55.463909,-21.340889
5074,1880,REU.4.5_1,REU.4.5_1,0.0561930359671199,0.778980278239281,0.722787242272161,2025.26983436129,2025.32602739726,CHIKV_RUN_S52b22_2025,55.660554,-21.358985
3887,1208,REU.4.4_1,REU.4.4_1,0.0513136846822231,0.778980278239281,0.727666593557058,2025.27471371258,2025.32602739726,CHIKV_RUN_S52b16_2025,55.577699,-21.338229
3996,1569,REU.4.3_1,REU.2.3_1,0.296624640157744,0.781720004266639,0.485095364108894,2025.03214248313,2025.32876712329,CHIKV_RUN_S46b13_2025,55.457295,-20.885927
6039,2871,REU.2.3_1,REU.2.4_1,0.221922911897131,0.781720004266639,0.559797092369508,2025.10684421139,2025.32876712329,CHIKV_RUN_S46b01_2025,55.518955,-20.92515
4940,2175,REU.3.1_1,REU.1.3_1,0.21805794558958,0.781720004266639,0.563662058677059,2025.1107091777,2025.32876712329,CHIKV_RUN_S46b60_2025,55.667219,-20.944035
4932,1827,REU.4.8_1,REU.4.8_1,0.215132152576949,0.781720004266639,0.56658785168969,2025.11363497071,2025.32876712329,CHIKV_RUN_S46b19_2025,55.481425,-21.329833
5992,3000,REU.4.6_1,REU.4.8_1,0.198773094992071,0.781720004266639,0.582946909274567,2025.1299940283,2025.32876712329,CHIKV_RUN_S46b32_2025,55.472123,-21.334047
3257,1100,REU.4.8_1,REU.4.4_1,0.191717470198554,0.781720004266639,0.590002534068084,2025.13704965309,2025.32876712329,CHIKV_RUN_S46b51_2025,55.548159,-21.32095
5055,2745,REU.4.8_1,REU.3.2_1,0.182085712380578,0.781720004266638,0.59963429188606,2025.14668141091,2025.32876712329,CHIKV_RUN_S31b05_2025,55.347124,-21.241432
3814,843,REU.4.3_1,REU.4.8_1,0.181322500260584,0.781720004266639,0.600397504006054,2025.14744462303,2025.32876712329,CHIKV_RUN_S46b28_2025,55.513461,-21.341591
5079,2676,REU.4.6_1,REU.3.4_1,0.176158566543094,0.781720004266639,0.605561437723545,2025.15260855674,2025.32876712329,CHIKV_RUN_S46b56_2025,55.301903,-21.145266
4447,167,REU.4.8_1,REU.2.3_1,0.175485645071984,0.781720004266639,0.606234359194654,2025.15328147822,2025.32876712329,CHIKV_RUN_S46b10_2025,55.49492,-20.923776
5200,21,REU.2.3_1,REU.2.3_1,0.174391333138174,0.781720004266639,0.607328671128465,2025.15437579015,2025.32876712329,CHIKV_RUN_S46b02_2025,55.47541,-20.899806
5990,3004,REU.4.6_1,REU.4.5_1,0.157128005054707,0.781720004266639,0.624591999211931,2025.17163911823,2025.32876712329,CHIKV_RUN_S46b22_2025,55.64542,-21.383028
5493,2145,REU.4.8_1,REU.1.3_1,0.140396479387822,0.781720004266639,0.641323524878816,2025.1883706439,2025.32876712329,CHIKV_RUN_S46b55_2025,55.620824,-20.957573
4145,1284,REU.4.5_1,REU.4.5_1,0.115997855423235,0.781720004266639,0.665722148843404,2025.21276926786,2025.32876712329,CHIKV_RUN_S46b43_2025,55.661586,-21.34821
6099,2029,REU.4.3_1,REU.4.6_1,0.113578656987108,0.781720004266639,0.668141347279531,2025.2151884663,2025.32876712329,CHIKV_RUN_S46b41_2025,55.418581,-21.28615
5607,2794,REU.3.5_1,REU.4.6_1,0.113046099684254,0.781720004266639,0.668673904582384,2025.2157210236,2025.32876712329,CHIKV_RUN_S46b29_2025,55.405237,-21.273488
4588,1593,REU.4.8_1,REU.4.8_1,0.105152305162456,0.781720004266639,0.676567699104182,2025.22361481813,2025.32876712329,CHIKV_RUN_S46b20_2025,55.472671,-21.334853
4234,429,REU.2.3_1,REU.4.5_1,0.0962599928213479,0.781720004266639,0.685460011445291,2025.23250713047,2025.32876712329,CHIKV_RUN_S46b33_2025,55.663895,-21.377773
5025,2584,REU.4.8_1,REU.2.3_1,0.0938367337543151,0.781720004266639,0.687883270512323,2025.23493038953,2025.32876712329,CHIKV_RUN_S46b61_2025,55.459891,-20.882291
5126,2281,REU.2.3_1,REU.2.3_1,0.0852396638219468,0.781720004266639,0.696480340444692,2025.24352745947,2025.32876712329,CHIKV_RUN_S46b03_2025,55.45772,-20.888454
4995,1977,REU.2.3_1,REU.2.3_1,0.052878971179303,0.781720004266639,0.728841033087336,2025.27588815211,2025.32876712329,CHIKV_RUN_S45b27_2025,55.48074,-20.904086
4097,1606,REU.4.3_1,REU.2.3_1,0.277679409996168,0.784459730293996,0.506780320297828,2025.05382743932,2025.33150684932,CHIKV_RUN_S46b53_2025,55.489244,-20.893019
5757,2331,REU.4.8_1,REU.2.5_1,0.208461654938954,0.784459730293996,0.575998075355042,2025.12304519438,2025.33150684932,CHIKV_RUN_S46b39_2025,55.63396,-20.942711
6014,2859,REU.2.3_1,REU.2.3_1,0.1952997355908,0.784459730293996,0.589159994703196,2025.13620711372,2025.33150684932,CHIKV_RUN_S46b57_2025,55.467671,-20.906133
4322,373,REU.2.3_1,REU.2.5_1,0.189971032112815,0.784459730293996,0.594488698181181,2025.1415358172,2025.33150684932,CHIKV_RUN_S46b34_2025,55.606376,-20.905031
3597,1335,REU.4.8_1,REU.2.3_1,0.185077738858766,0.784459730293996,0.59938199143523,2025.14642911046,2025.33150684932,CHIKV_RUN_S46b25_2025,55.480311,-20.890322
5805,2831,REU.3.1_1,REU.4.8_1,0.179892028194488,0.784459730293996,0.604567702099508,2025.15161482112,2025.33150684932,CHIKV_RUN_S46b44_2025,55.463867,-21.337096
4432,133,REU.2.3_1,REU.2.3_1,0.176519991037295,0.784459730293996,0.6079397392567,2025.15498685828,2025.33150684932,CHIKV_RUN_S46b58_2025,55.470159,-20.901542
6056,2928,REU.2.3_1,REU.2.3_1,0.174444427087208,0.784459730293996,0.610015303206788,2025.15706242223,2025.33150684932,CHIKV_RUN_S46b18_2025,55.410678,-20.886879
4773,210,REU.4.5_1,REU.4.5_1,0.16444441341997,0.784459730293996,0.620015316874026,2025.1670624359,2025.33150684932,CHIKV_RUN_S46b46_2025,55.677205,-21.373066
5207,27,REU.2.3_1,REU.2.3_1,0.156757803970046,0.784459730293996,0.62770192632395,2025.17474904534,2025.33150684932,CHIKV_RUN_S46b17_2025,55.461891,-20.899423
5254,2060,REU.4.8_1,REU.4.1_1,0.147951170663413,0.784459730293996,0.636508559630583,2025.18355567865,2025.33150684932,CHIKV_RUN_S46b40_2025,55.467439,-21.133346
3894,1243,REU.4.6_1,REU.4.6_1,0.147497484852527,0.784459730293996,0.636962245441469,2025.18400936446,2025.33150684932,CHIKV_RUN_S46b71_2025,55.406057,-21.273203
3464,1003,REU.2.3_1,REU.2.5_1,0.140914474379675,0.784459730293996,0.643545255914321,2025.19059237494,2025.33150684932,CHIKV_RUN_S46b21_2025,55.629583,-20.936142
5768,1952,REU.2.3_1,REU.2.3_1,0.140440031039145,0.784459730293996,0.644019699254851,2025.19106681828,2025.33150684932,CHIKV_RUN_S46b26_2025,55.43303,-20.88394
4446,128,REU.4.3_1,REU.4.8_1,0.125082020875541,0.784459730293996,0.659377709418455,2025.20642482844,2025.33150684932,CHIKV_RUN_S46b38_2025,55.475804,-21.327807
4791,88,REU.2.3_1,REU.2.3_1,0.121470445033103,0.784459730293996,0.662989285260893,2025.21003640428,2025.33150684932,CHIKV_RUN_S46b36_2025,55.44669,-20.903369
5023,2582,REU.4.8_1,REU.2.3_1,0.119092368642887,0.784459730293996,0.665367361651109,2025.21241448067,2025.33150684932,CHIKV_RUN_S46b30_2025,55.456567,-20.885699
5961,2994,REU.4.6_1,REU.4.6_1,0.117480535310566,0.784459730293996,0.66697919498343,2025.214026314,2025.33150684932,CHIKV_RUN_S48b86_2025,55.429575,-21.283692
6098,2684,REU.4.8_1,REU.3.2_1,0.115465423546125,0.784459730293996,0.668994306747871,2025.21604142577,2025.33150684932,CHIKV_RUN_S46b54_2025,55.361057,-21.214202
4774,213,REU.4.8_1,REU.4.4_1,0.113154038057403,0.784459730293996,0.671305692236593,2025.21835281126,2025.33150684932,CHIKV_RUN_S46b65_2025,55.544666,-21.35309
4436,117,REU.2.3_1,REU.2.3_1,0.112469988331717,0.784459730293996,0.671989741962279,2025.21903686098,2025.33150684932,CHIKV_RUN_S46b49_2025,55.471554,-20.910018
5338,2431,REU.4.6_1,REU.4.6_1,0.111851828340932,0.784459730293996,0.672607901953064,2025.21965502097,2025.33150684932,CHIKV_RUN_S48b64_2025,55.408152,-21.286438
5241,2059,REU.4.5_1,REU.4.1_1,0.10300131142739,0.784459730293996,0.681458418866606,2025.22850553789,2025.33150684932,CHIKV_RUN_S46b35_2025,55.466392,-21.137632
3377,1640,REU.2.3_1,REU.2.3_1,0.0846828682544477,0.784459730293996,0.699776862039548,2025.24682398106,2025.33150684932,CHIKV_RUN_S46b23_2025,55.502897,-20.901088
3329,922,REU.2.3_1,REU.2.3_1,0.0720920753243532,0.784459730293996,0.712367654969643,2025.25941477399,2025.33150684932,CHIKV_RUN_S46b37_2025,55.45897,-20.894212
3887,1207,REU.4.4_1,REU.4.4_1,0.0567931367369379,0.784459730293996,0.727666593557058,2025.27471371258,2025.33150684932,CHIKV_RUN_S46b52_2025,55.578756,-21.33845
4546,630,REU.2.3_1,REU.2.3_1,0.0539829818234026,0.784459730293996,0.730476748470593,2025.27752386749,2025.33150684932,CHIKV_RUN_S46b45_2025,55.457436,-20.888307
5401,2349,REU.4.5_1,REU.4.6_1,0.264078656296646,0.787199456321353,0.523120800024708,2025.07016791905,2025.33424657534,CHIKV_RUN_S46b64_2025,55.419454,-21.277604
3247,1127,REU.4.3_1,REU.2.4_1,0.241124480540344,0.787199456321353,0.546074975781009,2025.0931220948,2025.33424657534,CHIKV_RUN_S46b59_2025,55.556227,-20.898491
5913,3047,REU.4.3_1,REU.4.6_1,0.183702521585484,0.787199456321353,0.60349693473587,2025.15054405376,2025.33424657534,CHIKV_RUN_S49b29_2025,55.418187,-21.285398
3662,814,REU.4.8_1,REU.1.1_1,0.164622888294718,0.787199456321353,0.622576568026636,2025.16962368705,2025.33424657534,CHIKV_RUN_S49b94_2025,55.678687,-20.997433
3784,689,REU.4.3_1,REU.2.3_1,0.161603152070902,0.787199456321353,0.625596304250452,2025.17264342327,2025.33424657534,CHIKV_RUN_S46b68_2025,55.485717,-20.895541
4385,581,REU.2.3_1,REU.1.4_1,0.128203533561528,0.787199456321353,0.658995922759826,2025.20604304178,2025.33424657534,CHIKV_RUN_S49b95_2025,55.700612,-21.033578
4087,1035,REU.4.5_1,REU.4.8_1,0.118438513936099,0.787199456321353,0.668760942385255,2025.21580806141,2025.33424657534,CHIKV_RUN_S49b30_2025,55.466833,-21.284527
4124,1579,REU.2.3_1,REU.1.3_1,0.105833767989371,0.787199456321353,0.681365688331982,2025.22841280735,2025.33424657534,CHIKV_RUN_S48b66_2025,55.647533,-20.932677
5456,1924,REU.4.5_1,REU.4.5_1,0.0878755909295779,0.787199456321353,0.699323865391775,2025.24637098441,2025.33424657534,CHIKV_RUN_S49b11_2025,55.657541,-21.336291
5388,2411,REU.3.4_1,REU.2.3_1,0.187618057807342,0.789939182348938,0.602321124541596,2025.14936824356,2025.33698630137,CHIKV_RUN_S46b69_2025,55.465751,-20.904131
3739,866,REU.4.3_1,REU.4.2_1,0.187001239247625,0.789939182348938,0.602937943101314,2025.14998506212,2025.33698630137,CHIKV_RUN_S48b55_2025,55.478262,-21.248038
3902,1221,REU.4.5_1,REU.1.4_1,0.181330379601624,0.789939182348938,0.608608802747314,2025.15565592177,2025.33698630137,CHIKV_RUN_S48b74_2025,55.703498,-21.053052
3333,263,REU.2.3_1,REU.1.1_1,0.165281676904614,0.789939182348938,0.624657505444324,2025.17170462447,2025.33698630137,CHIKV_RUN_S48b61_2025,55.642996,-20.979927
5815,2822,REU.4.8_1,REU.2.3_1,0.132176250354953,0.789939182348938,0.657762931993985,2025.20481005102,2025.33698630137,CHIKV_RUN_S49b07_2025,55.399736,-20.908226
5500,2210,REU.4.3_1,REU.4.6_1,0.0950034991436246,0.789939182348938,0.694935683205314,2025.24198280223,2025.33698630137,CHIKV_RUN_S48b72_2025,55.402364,-21.215314
5259,2098,REU.4.5_1,REU.4.8_1,0.234063185768843,0.792678908376296,0.558615722607453,2025.10566284163,2025.3397260274,CHIKV_RUN_S49b21_2025,55.510941,-21.342221
5799,2809,REU.3.1_1,REU.1.4_1,0.221460381773297,0.792678908376295,0.571218526602999,2025.11826564562,2025.3397260274,CHIKV_RUN_S48b81_2025,55.739852,-21.0772
5324,2435,REU.3.4_1,REU.2.3_1,0.190672383249593,0.792678908376296,0.602006525126703,2025.14905364415,2025.3397260274,CHIKV_RUN_S48b79_2025,55.485524,-20.893173
5087,1816,REU.3.1_1,REU.4.8_1,0.189240373057303,0.792678908376296,0.603438535318992,2025.15048565434,2025.3397260274,CHIKV_RUN_S48b83_2025,55.482231,-21.312792
3416,1425,REU.4.3_1,REU.2.3_1,0.186604751884137,0.792678908376296,0.606074156492158,2025.15312127551,2025.3397260274,CHIKV_RUN_S49b19_2025,55.444835,-20.880299
3416,1057,REU.4.3_1,REU.4.3_1,0.186604751884137,0.792678908376296,0.606074156492158,2025.15312127551,2025.3397260274,CHIKV_RUN_S49b28_2025,55.510599,-21.273324
3189,3105,REU.3.5_1,REU.2.3_1,0.177301894669122,0.792678908376296,0.615377013707173,2025.16242413273,2025.3397260274,CHIKV_RUN_S48b91_2025,55.475821,-20.923253
4171,633,REU.4.3_1,REU.2.3_1,0.161355996453524,0.792678908376296,0.631322911922771,2025.17837003094,2025.3397260274,CHIKV_RUN_S48b90_2025,55.478005,-20.896493
5831,1874,REU.4.3_1,REU.4.3_1,0.159872727684745,0.792678908376296,0.63280618069155,2025.17985329971,2025.3397260274,CHIKV_RUN_S48b76_2025,55.539861,-21.241747
5528,2512,REU.4.1_1,REU.4.1_1,0.157858731165661,0.792678908376296,0.634820177210635,2025.18186729623,2025.3397260274,CHIKV_RUN_S49b10_2025,55.480356,-21.130718
4076,1158,REU.4.8_1,REU.3.1_1,0.15397749645935,0.792678908376296,0.638701411916946,2025.18574853094,2025.3397260274,CHIKV_RUN_S48b69_2025,55.39105,-21.255145
4889,1374,REU.2.4_1,REU.1.3_1,0.153321110345785,0.792678908376296,0.63935779803051,2025.18640491705,2025.3397260274,CHIKV_RUN_S48b60_2025,55.653711,-20.964363
5494,2491,REU.2.1_1,REU.4.6_1,0.138459725538691,0.792678908376296,0.654219182837605,2025.20126630186,2025.3397260274,CHIKV_RUN_S48b63_2025,55.403736,-21.282235
6037,2890,REU.2.3_1,REU.1.4_1,0.137198474540474,0.792678908376296,0.655480433835821,2025.20252755286,2025.3397260274,CHIKV_RUN_S48b70_2025,55.704649,-21.05163
4053,1412,REU.3.5_1,REU.2.4_1,0.127853005858367,0.792678908376295,0.664825902517928,2025.21187302154,2025.3397260274,CHIKV_RUN_S48b84_2025,55.528289,-20.936442
5456,1923,REU.4.5_1,REU.4.5_1,0.09335504298452,0.792678908376296,0.699323865391775,2025.24637098441,2025.3397260274,CHIKV_RUN_S48b89_2025,55.657541,-21.336291
4527,1715,REU.2.3_1,REU.1.2_1,0.0478027968320798,0.792678908376296,0.744876111544216,2025.29192323057,2025.3397260274,CHIKV_RUN_S50b61_2025,55.611984,-21.140664
6036,2863,REU.4.8_1,REU.3.3_1,0.0388203538670001,0.792678908376296,0.753858554509295,2025.30090567353,2025.3397260274,CHIKV_RUN_S48b78_2025,55.260059,-21.115842
4950,2375,REU.4.6_1,REU.2.1_1,0.287617707575281,0.795418634403653,0.507800926828372,2025.05484804585,2025.34246575342,CHIKV_RUN_S49b79_2025,55.318053,-20.957706
6022,2857,REU.2.3_1,REU.2.3_1,0.268654935319434,0.795418634403653,0.526763699084218,2025.0738108181,2025.34246575342,CHIKV_RUN_S49b27_2025,55.489244,-20.893019
4342,512,REU.3.5_1,REU.4.8_1,0.174571704344244,0.795418634403653,0.620846930059409,2025.16789404908,2025.34246575342,CHIKV_RUN_S49b77_2025,55.557789,-21.309666
4992,1985,REU.2.3_1,REU.2.3_1,0.159861887021529,0.795418634403653,0.635556747382124,2025.1826038664,2025.34246575342,CHIKV_RUN_S48b62_2025,55.467935,-20.895237
4325,446,REU.4.8_1,REU.3.5_1,0.158635486579051,0.795418634403653,0.636783147824602,2025.18383026685,2025.34246575342,CHIKV_RUN_S50b15_2025,55.267825,-21.036111
5374,2452,REU.3.4_1,REU.2.3_1,0.15785352526812,0.795418634403653,0.637565109135533,2025.18461222816,2025.34246575342,CHIKV_RUN_S49b04_2025,55.409798,-20.894944
3435,1026,REU.2.3_1,REU.2.1_1,0.149578972540902,0.795418634403653,0.64583966186275,2025.19288678088,2025.34246575342,CHIKV_RUN_S49b18_2025,55.332299,-20.949834
4669,1420,REU.3.5_1,REU.2.4_1,0.133635716434391,0.795418634403653,0.661782917969262,2025.20883003699,2025.34246575342,CHIKV_RUN_S50b11_2025,55.577194,-20.928358
3946,1338,REU.3.5_1,REU.3.5_1,0.120013954721216,0.795418634403653,0.675404679682437,2025.2224517987,2025.34246575342,CHIKV_RUN_S50b21_2025,55.270959,-21.026086
5922,2201,REU.3.4_1,REU.2.5_1,0.117921785651222,0.795418634403653,0.677496848752431,2025.22454396777,2025.34246575342,CHIKV_RUN_S50b08_2025,55.613507,-20.908727
5302,2126,REU.4.5_1,REU.4.5_1,0.103181717956156,0.795418634403653,0.692236916447497,2025.23928403547,2025.34246575342,CHIKV_RUN_S48b57_2025,55.632393,-21.331723
5376,2455,REU.2.3_1,REU.2.3_1,0.0914652005319139,0.795418634403653,0.703953433871739,2025.25100055289,2025.34246575342,CHIKV_RUN_S49b16_2025,55.457204,-20.885385
4571,1716,REU.4.8_1,REU.3.4_1,0.0864981883121744,0.795418634403653,0.708920446091479,2025.25596756511,2025.34246575342,CHIKV_RUN_S49b20_2025,55.276741,-21.148361
5559,2733,REU.3.1_1,REU.4.6_1,0.0801945832675628,0.795418634403653,0.71522405113609,2025.26227117016,2025.34246575342,CHIKV_RUN_S49b09_2025,55.404162,-21.276649
4192,385,REU.4.3_1,REU.2.3_1,0.300818788327275,0.79815836043101,0.497339572103735,2025.04438669112,2025.34520547945,CHIKV_RUN_S49b06_2025,55.479358,-20.907661
6194,1893,REU.2.3_1,REU.4.5_1,0.290611377624967,0.79815836043101,0.507546982806043,2025.05459410183,2025.34520547945,CHIKV_RUN_S49b05_2025,55.632391,-21.296924
5075,1843,REU.3.1_1,REU.2.3_1,0.254616100987269,0.79815836043101,0.543542259443741,2025.09058937846,2025.34520547945,CHIKV_RUN_S50b60_2025,55.485603,-20.893484
6046,2867,REU.2.3_1,REU.2.3_1,0.222323440965152,0.79815836043101,0.575834919465858,2025.12288203849,2025.34520547945,CHIKV_RUN_S48b77_2025,55.446709,-20.890196
5356,2471,REU.4.6_1,REU.4.6_1,0.179776366265603,0.79815836043101,0.618381994165408,2025.16542911319,2025.34520547945,CHIKV_RUN_S50b55_2025,55.401378,-21.287179
4427,153,REU.2.3_1,REU.2.3_1,0.171111824641985,0.79815836043101,0.627046535789025,2025.17409365481,2025.34520547945,CHIKV_RUN_S48b75_2025,55.458056,-20.895514
3376,1442,REU.2.3_1,REU.1.5_1,0.170323500133804,0.79815836043101,0.627834860297206,2025.17488197932,2025.34520547945,CHIKV_RUN_S50b52_2025,55.776737,-21.127743
4455,146,REU.2.3_1,REU.2.4_1,0.151784108274892,0.79815836043101,0.646374252156118,2025.19342137118,2025.34520547945,CHIKV_RUN_S48b95_2025,55.519218,-20.957323
3324,1157,REU.4.3_1,REU.3.5_1,0.145964126492362,0.79815836043101,0.652194233938648,2025.19924135296,2025.34520547945,CHIKV_RUN_S49b24_2025,55.307677,-21.036376
5146,2246,REU.4.3_1,REU.4.5_1,0.137329268383752,0.79815836043101,0.660829092047258,2025.20787621107,2025.34520547945,CHIKV_RUN_S50b57_2025,55.61417,-21.350315
5486,2668,REU.3.1_1,REU.2.3_1,0.125815143393338,0.79815836043101,0.672343217037673,2025.21939033606,2025.34520547945,CHIKV_RUN_S48b82_2025,55.475376,-20.889346
5818,2332,REU.4.8_1,REU.3.2_1,0.124951398988954,0.79815836043101,0.673206961442056,2025.22025408046,2025.34520547945,CHIKV_RUN_S50b53_2025,55.342839,-21.224859
4983,1995,REU.2.3_1,REU.1.3_1,0.11185191837693,0.79815836043101,0.68630644205408,2025.23335356108,2025.34520547945,CHIKV_RUN_S49b26_2025,55.660734,-20.953315
4863,1153,REU.1.3_1,REU.1.3_1,0.107613411609504,0.79815836043101,0.690544948821506,2025.23759206784,2025.34520547945,CHIKV_RUN_S49b15_2025,55.647471,-20.943439
3169,1861,REU.4.8_1,REU.2.3_1,0.104464495302831,0.79815836043101,0.693693865128179,2025.24074098415,2025.34520547945,CHIKV_RUN_S50b59_2025,55.485603,-20.893484
3402,1692,REU.4.3_1,REU.3.5_1,0.102704136863983,0.79815836043101,0.695454223567027,2025.24250134259,2025.34520547945,CHIKV_RUN_S47b77_2025,55.273959,-21.10216
3636,789,REU.4.6_1,REU.4.6_1,0.102678678640707,0.79815836043101,0.695479681790304,2025.24252680081,2025.34520547945,CHIKV_RUN_S48b54_2025,55.433357,-21.258567
6092,6093,REU.4.8_1,REU.4.8_1,0.175746267516204,0.799782661356121,0.624036393839916,2025.17108351286,2025.34682978038,NA,NA,NA
4026,289,REU.4.3_1,REU.3.5_1,0.263441797752165,0.800898086458368,0.537456288706203,2025.08450340773,2025.34794520548,CHIKV_RUN_S49b14_2025,55.343071,-20.979026
5440,1840,REU.4.8_1,REU.2.5_1,0.254404606612607,0.800898086458368,0.546493479845761,2025.09354059887,2025.34794520548,CHIKV_RUN_S49b03_2025,55.603885,-20.958892
3850,1201,REU.4.8_1,REU.4.8_1,0.217063470454749,0.800898086458368,0.583834616003619,2025.13088173502,2025.34794520548,CHIKV_RUN_S47b16_2025,55.474091,-21.342737
4359,540,REU.2.3_1,REU.2.3_1,0.151011384419187,0.800898086458368,0.649886702039181,2025.19693382106,2025.34794520548,CHIKV_RUN_S48b73_2025,55.485222,-20.918912
5832,1835,REU.4.8_1,REU.4.3_1,0.24496046587393,0.803637812485725,0.558677346611796,2025.10572446563,2025.35068493151,CHIKV_RUN_S49b13_2025,55.539411,-21.238334
5122,2280,REU.4.8_1,REU.1.3_1,0.220016753596406,0.803637812485725,0.583621058889319,2025.13066817791,2025.35068493151,CHIKV_RUN_S48b67_2025,55.624718,-20.963069
4293,433,REU.4.3_1,REU.4.3_1,0.202592710986138,0.803637812485725,0.601045101499587,2025.14809222052,2025.35068493151,CHIKV_RUN_S47b29_2025,55.534709,-21.260523
5879,3096,REU.4.8_1,REU.3.4_1,0.19799594227059,0.803637812485725,0.605641870215135,2025.15268898924,2025.35068493151,CHIKV_RUN_S46b92_2025,55.335026,-21.222045
3616,642,REU.4.8_1,REU.4.8_1,0.192758163257779,0.803637812485725,0.610879649227946,2025.15792676825,2025.35068493151,CHIKV_RUN_S49b25_2025,55.476251,-21.332312
3909,1252,REU.4.4_1,REU.4.8_1,0.183424306876708,0.803637812485725,0.620213505609017,2025.16726062463,2025.35068493151,CHIKV_RUN_S47b34_2025,55.472216,-21.338658
4445,150,REU.4.8_1,REU.4.8_1,0.15583497246391,0.803637812485725,0.647802840021815,2025.19484995904,2025.35068493151,CHIKV_RUN_S46b72_2025,55.47316,-21.331994
5021,2575,REU.2.3_1,REU.2.4_1,0.117159881488425,0.803637812485725,0.6864779309973,2025.23352505002,2025.35068493151,CHIKV_RUN_S47b33_2025,55.55095,-20.898189
3636,796,REU.4.6_1,REU.4.3_1,0.108158130695422,0.803637812485725,0.695479681790304,2025.24252680081,2025.35068493151,CHIKV_RUN_S48b88_2025,55.543011,-21.25124
5739,2146,REU.4.6_1,REU.3.2_1,0.0725243870366975,0.803637812485725,0.731113425449028,2025.27816054447,2025.35068493151,CHIKV_RUN_S46b83_2025,55.352595,-21.215902
6196,1895,REU.2.4_1,REU.2.4_1,0.0587210662366093,0.803637812485725,0.744916746249116,2025.29196386527,2025.35068493151,CHIKV_RUN_S50b62_2025,55.51499,-20.916225
5315,2112,REU.4.8_1,REU.4.5_1,0.223174534548944,0.80637753851331,0.583203003964366,2025.13025012299,2025.35342465753,CHIKV_RUN_S47b15_2025,55.655034,-21.336033
5122,2278,REU.4.8_1,REU.3.4_1,0.222756479623991,0.80637753851331,0.583621058889319,2025.13066817791,2025.35342465753,CHIKV_RUN_S46b80_2025,55.326002,-21.226865
4786,93,REU.2.3_1,REU.2.4_1,0.215387343171503,0.80637753851331,0.590990195341807,2025.13803731436,2025.35342465753,CHIKV_RUN_S49b02_2025,55.544449,-20.937051
4295,441,REU.4.8_1,REU.1.3_1,0.21267606111456,0.80637753851331,0.59370147739875,2025.14074859642,2025.35342465753,CHIKV_RUN_S47b20_2025,55.654465,-20.961128
5919,2024,REU.4.6_1,REU.4.8_1,0.20029091842316,0.80637753851331,0.60608662009015,2025.15313373911,2025.35342465753,CHIKV_RUN_S46b91_2025,55.453675,-21.299911
4232,503,REU.2.3_1,REU.2.2_1,0.171376865483943,0.80637753851331,0.635000673029366,2025.18204779205,2025.35342465753,CHIKV_RUN_S48b53_2025,55.303736,-20.953125
5828,3069,REU.4.6_1,REU.2.3_1,0.147360621129686,0.80637753851331,0.659016917383625,2025.2060640364,2025.35342465753,CHIKV_RUN_S48b94_2025,55.469891,-20.899035
3696,811,REU.4.3_1,REU.4.3_1,0.141561784454746,0.80637753851331,0.664815754058564,2025.21186287308,2025.35342465753,CHIKV_RUN_S47b11_2025,55.530898,-21.262583
3278,358,REU.2.3_1,REU.2.3_1,0.0961465813602603,0.80637753851331,0.71023095715305,2025.25727807617,2025.35342465753,CHIKV_RUN_S47b22_2025,55.463357,-20.884354
3568,1082,REU.4.3_1,REU.4.8_1,0.219752611471303,0.809117264540667,0.589364653069364,2025.13641177209,2025.35616438356,CHIKV_RUN_S47b05_2025,55.46773,-21.28387
3778,674,REU.4.3_1,REU.4.8_1,0.217782210968226,0.809117264540667,0.591335053572441,2025.13838217259,2025.35616438356,CHIKV_RUN_S46b73_2025,55.454721,-21.302751
5269,2049,REU.4.8_1,REU.4.7_1,0.195947387771013,0.809117264540667,0.613169876769654,2025.16021699579,2025.35616438356,CHIKV_RUN_S46b95_2025,55.769749,-21.361922
4523,600,REU.2.3_1,REU.2.3_1,0.176004916162575,0.809117264540667,0.633112348378092,2025.1801594674,2025.35616438356,CHIKV_RUN_S47b36_2025,55.459694,-20.888721
3148,2726,REU.4.8_1,REU.1.3_1,0.175478862159799,0.809117264540667,0.633638402380868,2025.1806855214,2025.35616438356,CHIKV_RUN_S46b81_2025,55.668995,-20.967702
4067,1090,REU.4.3_1,REU.4.3_1,0.13929781587649,0.809117264540667,0.669819448664177,2025.21686656769,2025.35616438356,CHIKV_RUN_S47b10_2025,55.518124,-21.241627
4179,313,REU.4.8_1,REU.2.5_1,0.133272785427046,0.809117264540667,0.675844479113622,2025.22289159813,2025.35616438356,CHIKV_RUN_S46b74_2025,55.614384,-20.909928
4519,1313,REU.4.3_1,REU.2.3_1,0.131082515912741,0.809117264540667,0.678034748627926,2025.22508186765,2025.35616438356,CHIKV_RUN_S46b90_2025,55.446522,-20.881455
6114,3109,REU.3.1_1,REU.2.3_1,0.122387427965432,0.809117264540667,0.686729836575235,2025.2337769556,2025.35616438356,CHIKV_RUN_S47b30_2025,55.443947,-20.878838
4275,393,REU.2.3_1,REU.2.5_1,0.0891934814364439,0.809117264540667,0.719923783104223,2025.26697090213,2025.35616438356,CHIKV_RUN_S47b31_2025,55.604424,-20.903172
4798,1430,REU.3.5_1,REU.2.3_1,0.0847196982812642,0.809117264540667,0.724397566259403,2025.27144468528,2025.35616438356,CHIKV_RUN_S47b35_2025,55.458913,-20.880306
6196,1894,REU.2.4_1,REU.1.4_1,0.0642005182915515,0.809117264540667,0.744916746249116,2025.29196386527,2025.35616438356,CHIKV_RUN_S47b23_2025,55.720041,-21.04402
5445,3059,REU.3.1_1,REU.4.2_1,0.335599462641097,0.811856990568025,0.476257527926928,2025.02330464695,2025.35890410959,CHIKV_RUN_S52b35_2025,55.474517,-21.249044
5995,2936,REU.3.4_1,REU.1.4_1,0.279638673882178,0.811856990568025,0.532218316685847,2025.07926543571,2025.35890410959,CHIKV_RUN_S52b36_2025,55.685876,-21.050445
3957,1069,REU.2.2_1,REU.2.2_1,0.247307897372958,0.811856990568025,0.564549093195067,2025.11159621222,2025.35890410959,CHIKV_RUN_S52b45_2025,55.303339,-20.937709
5960,2983,REU.3.4_1,REU.2.5_1,0.230726217124163,0.811856990568025,0.581130773443861,2025.12817789246,2025.35890410959,CHIKV_RUN_S52b46_2025,55.59501,-20.91233
3246,1119,REU.4.3_1,REU.2.3_1,0.228545007239731,0.811856990568025,0.583311983328293,2025.13035910235,2025.35890410959,CHIKV_RUN_S47b28_2025,55.457535,-20.921192
5491,2649,REU.4.8_1,REU.3.5_1,0.224731862020988,0.811856990568025,0.587125128547036,2025.13417224757,2025.35890410959,CHIKV_RUN_S52b52_2025,55.257114,-21.107114
6019,2883,REU.2.3_1,REU.2.4_1,0.215307848293211,0.811856990568025,0.596549142274813,2025.1435962613,2025.35890410959,CHIKV_RUN_S47b37_2025,55.533877,-20.948495
3273,337,REU.4.3_1,REU.2.3_1,0.21446108654375,0.811856990568025,0.597395904024274,2025.14444302305,2025.35890410959,CHIKV_RUN_S52b50_2025,55.440639,-20.91336
3540,305,REU.4.8_1,REU.4.5_1,0.19653077259771,0.811856990568025,0.615326217970315,2025.16237333699,2025.35890410959,CHIKV_RUN_S52b51_2025,55.622714,-21.368541
5460,2330,REU.2.3_1,REU.4.8_1,0.193719019808971,0.811856990568025,0.618137970759054,2025.16518508978,2025.35890410959,CHIKV_RUN_S46b86_2025,55.51635,-21.339097
4140,1381,REU.2.3_1,REU.1.1_1,0.193476266772742,0.811856990568025,0.618380723795283,2025.16542784282,2025.35890410959,CHIKV_RUN_S47b67_2025,55.654374,-21.006785
4102,1291,REU.4.8_1,REU.4.3_1,0.193372025405735,0.811856990568025,0.618484965162289,2025.16553208418,2025.35890410959,CHIKV_RUN_S52b44_2025,55.525973,-21.237487
5618,2500,REU.3.5_1,REU.1.6_1,0.190974044759828,0.811856990568025,0.620882945808197,2025.16793006483,2025.35890410959,CHIKV_RUN_S47b62_2025,55.506252,-21.027748
4094,895,REU.2.3_1,REU.1.3_1,0.182336056432482,0.811856990568025,0.629520934135543,2025.17656805316,2025.35890410959,CHIKV_RUN_S52b18_2025,55.667219,-20.944035
5029,2341,REU.4.8_1,REU.2.2_1,0.174225702509254,0.811856990568025,0.63763128805877,2025.18467840708,2025.35890410959,CHIKV_RUN_S52b47_2025,55.295425,-20.941715
3741,692,REU.4.3_1,REU.4.3_1,0.161230226365257,0.811856990568024,0.650626764202767,2025.19767388322,2025.35890410959,CHIKV_RUN_S47b13_2025,55.517356,-21.286397
6030,2862,REU.2.3_1,REU.2.4_1,0.15223448587202,0.811856990568025,0.659622504696004,2025.20666962372,2025.35890410959,CHIKV_RUN_S52b26_2025,55.543385,-20.942383
5686,2084,REU.3.1_1,REU.3.4_1,0.144588014101477,0.811856990568024,0.667268976466548,2025.21431609549,2025.35890410959,CHIKV_RUN_S52b56_2025,55.278367,-21.145209
4774,221,REU.4.8_1,REU.4.8_1,0.140551298331431,0.811856990568025,0.671305692236593,2025.21835281126,2025.35890410959,CHIKV_RUN_S47b64_2025,55.474303,-21.332315
5818,1793,REU.4.8_1,REU.4.3_1,0.138650029125968,0.811856990568025,0.673206961442056,2025.22025408046,2025.35890410959,CHIKV_RUN_S47b12_2025,55.50598,-21.242793
4478,1231,REU.4.8_1,REU.4.4_1,0.126482752574692,0.811856990568025,0.685374237993332,2025.23242135701,2025.35890410959,CHIKV_RUN_S47b27_2025,55.562062,-21.35078
4885,1376,REU.2.4_1,REU.2.4_1,0.108891551815043,0.811856990568025,0.702965438752982,2025.25001255777,2025.35890410959,CHIKV_RUN_S47b38_2025,55.545779,-20.930942
5751,1931,REU.4.6_1,REU.4.6_1,0.102137582038339,0.811856990568025,0.709719408529686,2025.25676652755,2025.35890410959,CHIKV_RUN_S47b26_2025,55.402986,-21.208086
3472,1017,REU.2.3_1,REU.1.1_1,0.0871620056849721,0.811856990568025,0.724694984883053,2025.2717421039,2025.35890410959,CHIKV_RUN_S47b63_2025,55.690945,-21.001511
4770,215,REU.4.5_1,REU.1.4_1,0.0811429380710943,0.811856990568025,0.73071405249693,2025.27776117152,2025.35890410959,CHIKV_RUN_S47b66_2025,55.714139,-21.042258
5821,2204,REU.4.8_1,REU.3.3_1,0.297479260970587,0.814596716595382,0.517117455624795,2025.06416457465,2025.36164383562,CHIKV_RUN_S47b40_2025,55.299717,-21.102325
4485,1621,REU.3.5_1,REU.2.3_1,0.25683147517263,0.814596716595382,0.557765241422752,2025.10481236044,2025.36164383562,CHIKV_RUN_S46b94_2025,55.47374,-20.909245
4028,617,REU.4.3_1,REU.2.3_1,0.247986513692175,0.814596716595382,0.566610202903207,2025.11365732192,2025.36164383562,CHIKV_RUN_S46b89_2025,55.490213,-20.899952
6012,2896,REU.2.3_1,REU.2.3_1,0.244783456895107,0.814596716595382,0.569813259700275,2025.11686037872,2025.36164383562,CHIKV_RUN_S47b25_2025,55.499711,-20.900307
5866,2303,REU.3.1_1,REU.4.2_1,0.234852517338667,0.814596716595382,0.579744199256715,2025.12679131828,2025.36164383562,CHIKV_RUN_S52b31_2025,55.470239,-21.246889
3666,739,REU.3.1_1,REU.4.8_1,0.213921753384692,0.814596716595382,0.60067496321069,2025.14772208223,2025.36164383562,CHIKV_RUN_S47b42_2025,55.508249,-21.292707
5458,1900,REU.3.4_1,REU.4.8_1,0.20895438939864,0.814596716595382,0.605642327196742,2025.15268944622,2025.36164383562,CHIKV_RUN_S52b19_2025,55.456644,-21.296338
4539,1742,REU.4.8_1,REU.1.3_1,0.205502543826004,0.814596716595382,0.609094172769378,2025.15614129179,2025.36164383562,CHIKV_RUN_S47b39_2025,55.632622,-20.982068
3166,1940,REU.3.4_1,REU.1.4_1,0.203199885391665,0.814596716595382,0.611396831203717,2025.15844395022,2025.36164383562,CHIKV_RUN_S48b12_2025,55.720073,-21.080948
3685,779,REU.4.3_1,REU.1.4_1,0.194284730667947,0.814596716595382,0.620311985927435,2025.16735910495,2025.36164383562,CHIKV_RUN_S47b65_2025,55.738166,-21.090335
5998,2958,REU.3.4_1,REU.4.5_1,0.185830250870183,0.814596716595382,0.628766465725199,2025.17581358475,2025.36164383562,CHIKV_RUN_S47b07_2025,55.610269,-21.333414
5563,2337,REU.2.3_1,REU.3.5_1,0.157625753634847,0.814596716595382,0.656970962960535,2025.20401808198,2025.36164383562,CHIKV_RUN_S47b01_2025,55.283562,-21.029574
3657,771,REU.4.8_1,REU.4.8_1,0.14113223895407,0.814596716595382,0.673464477641312,2025.22051159666,2025.36164383562,CHIKV_RUN_S47b54_2025,55.463099,-21.290283
4519,1479,REU.4.3_1,REU.4.6_1,0.136561967967456,0.814596716595382,0.678034748627926,2025.22508186765,2025.36164383562,CHIKV_RUN_S47b53_2025,55.407108,-21.271001
3874,1175,REU.1.1_1,REU.1.1_1,0.111175139488611,0.814596716595382,0.703421577106771,2025.25046869613,2025.36164383562,CHIKV_RUN_S48b10_2025,55.643544,-20.979662
6045,2898,REU.2.3_1,REU.2.4_1,0.105419517510401,0.814596716595382,0.709177199084981,2025.25622431811,2025.36164383562,CHIKV_RUN_S47b47_2025,55.526551,-20.921139
4640,1493,REU.4.3_1,REU.4.6_1,0.240419579313623,0.817336442622739,0.576916863309117,2025.12396398233,2025.36438356164,CHIKV_RUN_S47b44_2025,55.406605,-21.202573
3455,996,REU.2.3_1,REU.2.3_1,0.233518200906035,0.81733644262274,0.583818241716704,2025.13086536074,2025.36438356164,CHIKV_RUN_S47b51_2025,55.486874,-20.916265
4827,1453,REU.4.8_1,REU.4.8_1,0.219622510487729,0.817336442622739,0.59771393213501,2025.14476105116,2025.36438356164,CHIKV_RUN_S47b55_2025,55.433389,-21.287845
5509,1796,REU.4.8_1,REU.4.1_1,0.202843153050956,0.817336442622739,0.614493289571784,2025.16154040859,2025.36438356164,CHIKV_RUN_S47b50_2025,55.479222,-21.133967
3337,1424,REU.4.8_1,REU.1.4_1,0.192853313614473,0.817336442622739,0.624483129008266,2025.17153024803,2025.36438356164,CHIKV_RUN_S48b26_2025,55.744322,-21.08959
4538,1548,REU.4.8_1,REU.2.3_1,0.184290338335305,0.817336442622739,0.633046104287435,2025.18009322331,2025.36438356164,CHIKV_RUN_S46b79_2025,55.500998,-20.907777
4907,1645,REU.4.3_1,REU.3.5_1,0.181459355434985,0.817336442622739,0.635877087187755,2025.18292420621,2025.36438356164,CHIKV_RUN_S52b25_2025,55.282331,-21.032172
4655,1553,REU.1.4_1,REU.1.4_1,0.178422471215025,0.817336442622739,0.638913971407715,2025.18596109043,2025.36438356164,CHIKV_RUN_S48b11_2025,55.721519,-21.118339
4736,202,REU.2.3_1,REU.2.3_1,0.170332882577966,0.81733644262274,0.647003560044773,2025.19405067907,2025.36438356164,CHIKV_RUN_S47b41_2025,55.459188,-20.883245
4848,1152,REU.1.1_1,REU.1.1_1,0.121646495616167,0.817336442622739,0.695689947006572,2025.24273706603,2025.36438356164,CHIKV_RUN_S48b09_2025,55.640548,-20.98183
3812,842,REU.4.3_1,REU.4.4_1,0.228533031524673,0.820076168650097,0.591543137125423,2025.13859025615,2025.36712328767,CHIKV_RUN_S48b25_2025,55.560499,-21.346699
4400,563,REU.3.1_1,REU.4.3_1,0.154947616992819,0.820076168650097,0.665128551657278,2025.21217567068,2025.36712328767,CHIKV_RUN_S47b43_2025,55.514792,-21.279418
6074,2908,REU.3.5_1,REU.2.4_1,0.0765151518618472,0.820076168650097,0.74356101678825,2025.29060813581,2025.36712328767,CHIKV_RUN_S47b45_2025,55.570605,-20.902969
5113,2249,REU.4.3_1,REU.2.3_1,0.284653285911233,0.822815894677682,0.538162608766449,2025.08520972779,2025.3698630137,CHIKV_RUN_S48b33_2025,55.481397,-20.898042
4471,151,REU.3.5_1,REU.2.2_1,0.267946088345222,0.822815894677682,0.554869806332459,2025.10191692535,2025.3698630137,CHIKV_RUN_S49b75_2025,55.295457,-20.937496
5086,2215,REU.3.1_1,REU.2.3_1,0.222644095320759,0.822815894677682,0.600171799356923,2025.14721891838,2025.3698630137,CHIKV_RUN_S48b39_2025,55.48753,-20.916189
4023,1045,REU.2.3_1,REU.2.3_1,0.220734447077515,0.822815894677681,0.602081447600166,2025.14912856662,2025.3698630137,CHIKV_RUN_S47b61_2025,55.480087,-20.913939
5473,2646,REU.3.1_1,REU.4.6_1,0.203684385614396,0.822815894677682,0.619131509063285,2025.16617862808,2025.3698630137,CHIKV_RUN_S48b46_2025,55.438414,-21.28331
5953,2990,REU.3.4_1,REU.2.3_1,0.20001226597776,0.822815894677682,0.622803628699921,2025.16985074772,2025.3698630137,CHIKV_RUN_S48b40_2025,55.476207,-20.889687
4125,315,REU.4.3_1,REU.3.5_1,0.190481462973513,0.822815894677682,0.632334431704169,2025.17938155073,2025.3698630137,CHIKV_RUN_S48b41_2025,55.284344,-21.027984
3134,2694,REU.3.1_1,REU.3.4_1,0.190372458685643,0.822815894677682,0.632443435992039,2025.17949055501,2025.3698630137,CHIKV_RUN_S49b76_2025,55.326576,-21.166496
5477,2659,REU.3.1_1,REU.2.2_1,0.172838733288022,0.822815894677682,0.649977161389659,2025.19702428041,2025.3698630137,CHIKV_RUN_S50b18_2025,55.308364,-20.934647
5686,2083,REU.3.1_1,REU.4.8_1,0.155546918211134,0.822815894677681,0.667268976466548,2025.21431609549,2025.3698630137,CHIKV_RUN_S48b37_2025,55.528773,-21.361784
5499,1937,REU.4.3_1,REU.3.5_1,0.138896826300208,0.822815894677682,0.683919068377474,2025.2309661874,2025.3698630137,CHIKV_RUN_S50b06_2025,55.30303,-21.044177
3853,1191,REU.4.8_1,REU.4.8_1,0.122748915609862,0.822815894677682,0.70006697906782,2025.24711409809,2025.3698630137,CHIKV_RUN_S48b35_2025,55.478056,-21.339525
3171,3010,REU.4.8_1,REU.1.3_1,0.0845617220331956,0.822815894677682,0.738254172644486,2025.28530129167,2025.3698630137,CHIKV_RUN_S48b42_2025,55.647471,-20.943439
4842,876,REU.2.3_1,REU.2.4_1,0.063678407843202,0.822815894677682,0.75913748683448,2025.30618460586,2025.3698630137,CHIKV_RUN_S47b60_2025,55.527055,-20.898568
5611,2022,REU.3.1_1,REU.4.8_1,0.299608809529035,0.825555620705039,0.525946811176004,2025.0729939302,2025.37260273973,CHIKV_RUN_S48b30_2025,55.469273,-21.285393
4265,462,REU.4.8_1,REU.4.3_1,0.240035416814065,0.825555620705039,0.585520203890973,2025.13256732291,2025.37260273973,CHIKV_RUN_S48b38_2025,55.513249,-21.278521
5940,2988,REU.3.4_1,REU.3.4_1,0.228983376888454,0.825555620705039,0.596572243816585,2025.14361936284,2025.37260273973,CHIKV_RUN_S48b36_2025,55.327673,-21.176501
3836,819,REU.4.3_1,REU.2.3_1,0.218437624853075,0.825555620705039,0.607117995851964,2025.15416511487,2025.37260273973,CHIKV_RUN_S48b43_2025,55.484194,-20.895845
4501,100,REU.4.8_1,REU.1.4_1,0.204195332700084,0.825555620705039,0.621360288004955,2025.16840740703,2025.37260273973,CHIKV_RUN_S49b92_2025,55.745242,-21.083996
5984,2954,REU.3.4_1,REU.2.3_1,0.172037373767726,0.825555620705039,0.653518246937313,2025.20056536596,2025.37260273973,CHIKV_RUN_S41b06_2025,55.399225,-20.917746
5066,3110,REU.3.5_1,REU.1.4_1,0.302637956819977,0.828295346732396,0.525657389912419,2025.07270450893,2025.37534246575,CHIKV_RUN_S49b93_2025,55.734761,-21.094209
5983,2949,REU.3.4_1,REU.2.3_1,0.214206325156026,0.828295346732396,0.61408902157637,2025.1611361406,2025.37534246575,CHIKV_RUN_S48b27_2025,55.458323,-20.882487
4414,553,REU.4.3_1,REU.4.3_1,0.189389761679861,0.828295346732396,0.638905585052535,2025.18595270407,2025.37534246575,CHIKV_RUN_S48b18_2025,55.534597,-21.269296
3493,960,REU.3.5_1,REU.4.6_1,0.187066129239752,0.828295346732396,0.641229217492645,2025.18827633651,2025.37534246575,CHIKV_RUN_S48b17_2025,55.427837,-21.251552
5869,2306,REU.2.3_1,REU.2.5_1,0.165484639944708,0.828295346732396,0.662810706787689,2025.20985782581,2025.37534246575,CHIKV_RUN_S48b20_2025,55.583002,-20.936276
5854,2727,REU.4.8_1,REU.1.3_1,0.144646260330804,0.828295346732396,0.683649086401593,2025.23069620542,2025.37534246575,CHIKV_RUN_S48b29_2025,55.647702,-20.962536
5464,1971,REU.3.1_1,REU.3.4_1,0.293390738735618,0.831035072759754,0.537644334024135,2025.08469145305,2025.37808219178,CHIKV_RUN_S52b30_2025,55.329649,-21.200971
3804,845,REU.4.3_1,REU.1.1_1,0.231313740135631,0.831035072759754,0.599721332624122,2025.14676845165,2025.37808219178,CHIKV_RUN_S49b90_2025,55.690736,-21.000927
5369,2466,REU.3.4_1,REU.1.4_1,0.216379422226787,0.831035072759754,0.614655650532967,2025.16170276955,2025.37808219178,CHIKV_RUN_S49b87_2025,55.747032,-21.088069
4292,431,REU.4.8_1,REU.4.5_1,0.2133829744461,0.831035072759754,0.617652098313653,2025.16469921733,2025.37808219178,CHIKV_RUN_S52b29_2025,55.625387,-21.372977
5653,2612,REU.4.8_1,REU.4.4_1,0.209742546466254,0.831035072759754,0.6212925262935,2025.16833964531,2025.37808219178,CHIKV_RUN_S48b05_2025,55.5613,-21.34565
6083,2902,REU.2.3_1,REU.2.4_1,0.209624529527569,0.831035072759754,0.621410543232185,2025.16845766225,2025.37808219178,CHIKV_RUN_S52b37_2025,55.53645,-20.950015
3556,1597,REU.4.8_1,REU.4.8_1,0.202351845850379,0.831035072759754,0.628683226909375,2025.17573034593,2025.37808219178,CHIKV_RUN_S52b42_2025,55.500196,-21.276363
5728,2776,REU.4.8_1,REU.3.5_1,0.197147123146381,0.831035072759754,0.633887949613372,2025.18093506863,2025.37808219178,CHIKV_RUN_S50b01_2025,55.31066,-21.052333
5835,2768,REU.2.2_1,REU.2.2_1,0.19191391853833,0.831035072759754,0.639121154221424,2025.18616827324,2025.37808219178,CHIKV_RUN_S52b41_2025,55.29596,-20.938744
4058,1398,REU.4.3_1,REU.3.5_1,0.181364858227247,0.831035072759754,0.649670214532507,2025.19671733355,2025.37808219178,CHIKV_RUN_S49b82_2025,55.309647,-21.077068
5761,1883,REU.4.8_1,REU.1.3_1,0.175015632444202,0.831035072759754,0.656019440315552,2025.20306655934,2025.37808219178,CHIKV_RUN_S52b34_2025,55.644021,-20.963012
5229,2085,REU.4.5_1,REU.4.3_1,0.161078314909083,0.831035072759754,0.669956757850671,2025.21700387687,2025.37808219178,CHIKV_RUN_S48b22_2025,55.528908,-21.255459
3387,1747,REU.3.5_1,REU.4.1_1,0.150775546555617,0.831035072759754,0.680259526204137,2025.22730664523,2025.37808219178,CHIKV_RUN_S48b23_2025,55.46974,-21.139651
6073,2906,REU.3.5_1,REU.3.5_1,0.0882085374504863,0.831035072759754,0.742826535309267,2025.28987365433,2025.37808219178,CHIKV_RUN_S48b13_2025,55.307555,-21.067372
6186,6187,REU.3.5_1,REU.2.2_1,0.157365278596848,0.832365344099508,0.67500006550266,2025.22204718452,2025.37941246312,NA,NA,NA
3614,826,REU.4.8_1,REU.4.3_1,0.348646879631682,0.833774798787111,0.485127919155429,2025.03217503818,2025.38082191781,CHIKV_RUN_S49b34_2025,55.52532,-21.245804
4243,491,REU.4.3_1,REU.1.2_1,0.245518829705699,0.833774798787111,0.588255969081412,2025.1353030881,2025.38082191781,CHIKV_RUN_S49b88_2025,55.619488,-21.138177
5426,3058,REU.3.1_1,REU.3.2_1,0.240233196055874,0.833774798787111,0.593541602731237,2025.14058872175,2025.38082191781,CHIKV_RUN_S48b04_2025,55.346993,-21.247794
5297,2130,REU.4.5_1,REU.4.5_1,0.232410265382154,0.833774798787111,0.601364533404957,2025.14841165243,2025.38082191781,CHIKV_RUN_S48b03_2025,55.63063,-21.350217
4060,1404,REU.4.3_1,REU.3.5_1,0.231428728660332,0.833774798787111,0.602346070126779,2025.14939318915,2025.38082191781,CHIKV_RUN_S50b09_2025,55.284238,-21.053788
4547,314,REU.4.8_1,REU.4.4_1,0.216185176170637,0.833774798787111,0.617589622616474,2025.16463674164,2025.38082191781,CHIKV_RUN_S52b38_2025,55.566076,-21.367788
4492,1615,REU.3.5_1,REU.1.4_1,0.203632517173082,0.833774798787111,0.630142281614029,2025.17718940064,2025.38082191781,CHIKV_RUN_S49b91_2025,55.720678,-21.044949
3989,597,REU.4.5_1,REU.1.5_1,0.191565457260196,0.833774798787111,0.642209341526915,2025.18925646055,2025.38082191781,CHIKV_RUN_S49b86_2025,55.792678,-21.127829
4127,1173,REU.2.3_1,REU.1.1_1,0.18934068435026,0.833774798787111,0.644434114436852,2025.19148123346,2025.38082191781,CHIKV_RUN_S52b40_2025,55.694196,-20.999109
6095,3073,REU.4.3_1,REU.3.5_1,0.185126661900612,0.833774798787111,0.648648136886499,2025.19569525591,2025.38082191781,CHIKV_RUN_S50b14_2025,55.30736,-21.065368
5984,2948,REU.3.4_1,REU.4.6_1,0.180256551849798,0.833774798787111,0.653518246937313,2025.20056536596,2025.38082191781,CHIKV_RUN_S49b40_2025,55.397826,-21.292583
5729,2786,REU.4.8_1,REU.2.1_1,0.178873317445989,0.833774798787111,0.654901481341122,2025.20194860036,2025.38082191781,CHIKV_RUN_S49b84_2025,55.318626,-20.96267
6176,2495,REU.4.6_1,REU.4.6_1,0.176213949829344,0.833774798787111,0.657560848957768,2025.20460796798,2025.38082191781,CHIKV_RUN_S49b31_2025,55.43084,-21.276654
5313,2105,REU.4.8_1,REU.3.5_1,0.162960842954056,0.833774798787111,0.670813955833055,2025.21786107485,2025.38082191781,CHIKV_RUN_S50b12_2025,55.274209,-21.082443
3710,862,REU.4.8_1,REU.1.6_1,0.159820385821937,0.833774798787111,0.673954412965174,2025.22100153199,2025.38082191781,CHIKV_RUN_S49b89_2025,55.530264,-21.035182
4848,1151,REU.1.1_1,REU.1.1_1,0.138084851780539,0.833774798787111,0.695689947006572,2025.24273706603,2025.38082191781,CHIKV_RUN_S49b83_2025,55.64213,-20.982587
3855,1193,REU.4.8_1,REU.4.8_1,0.137982863719802,0.833774798787111,0.69579193506731,2025.24283905409,2025.38082191781,CHIKV_RUN_S52b39_2025,55.461478,-21.339447
3329,1033,REU.2.3_1,REU.1.5_1,0.121407143817468,0.833774798787111,0.712367654969643,2025.25941477399,2025.38082191781,CHIKV_RUN_S49b85_2025,55.802298,-21.131387
4798,69,REU.3.5_1,REU.3.5_1,0.109377232527708,0.833774798787111,0.724397566259403,2025.27144468528,2025.38082191781,CHIKV_RUN_S52b33_2025,55.293737,-21.072393
4842,878,REU.2.3_1,REU.4.3_1,0.0746373119526316,0.833774798787111,0.75913748683448,2025.30618460586,2025.38082191781,CHIKV_RUN_S48b14_2025,55.558252,-21.220444
3931,1216,REU.4.4_1,REU.4.7_1,0.245251586858277,0.836514524814696,0.591262937956419,2025.13831005698,2025.38356164384,CHIKV_RUN_S49b46_2025,55.788637,-21.352903
6222,3036,REU.4.3_1,REU.4.3_1,0.19584975125966,0.836514524814696,0.640664773555036,2025.18771189258,2025.38356164384,CHIKV_RUN_S49b36_2025,55.500752,-21.239421
4616,1537,REU.4.3_1,REU.4.5_1,0.191434254473988,0.836514524814696,0.645080270340708,2025.19212738936,2025.38356164384,CHIKV_RUN_S49b38_2025,55.658044,-21.357004
4829,1450,REU.4.8_1,REU.2.2_1,0.16725123622639,0.836514524814696,0.669263288588306,2025.21631040761,2025.38356164384,CHIKV_RUN_S49b81_2025,55.292477,-20.94354
4995,1976,REU.2.3_1,REU.2.3_1,0.10767349172736,0.836514524814696,0.728841033087336,2025.27588815211,2025.38356164384,CHIKV_RUN_S49b32_2025,55.487122,-20.911792
5840,2316,REU.4.6_1,REU.4.3_1,0.309309174392571,0.839254250842053,0.529945076449483,2025.07699219547,2025.38630136986,CHIKV_RUN_S49b45_2025,55.524611,-21.235575
6078,2913,REU.2.3_1,REU.2.3_1,0.197392879084954,0.839254250842053,0.6418613717571,2025.18890849078,2025.38630136986,CHIKV_RUN_S49b49_2025,55.458913,-20.880306
5760,1794,REU.4.8_1,REU.2.2_1,0.185667239860966,0.839254250842053,0.653587010981087,2025.20063413,2025.38630136986,CHIKV_RUN_S49b80_2025,55.287605,-20.942448
3242,1123,REU.3.5_1,REU.2.3_1,0.176798552731195,0.839254250842053,0.662455698110858,2025.20950281713,2025.38630136986,CHIKV_RUN_S49b43_2025,55.416913,-20.897763
5864,2296,REU.3.1_1,REU.4.6_1,0.140658274914707,0.839254250842053,0.698595975927347,2025.24564309495,2025.38630136986,CHIKV_RUN_S49b47_2025,55.410629,-21.206406
3134,2693,REU.3.1_1,REU.3.4_1,0.21229026690473,0.844733702896768,0.632443435992039,2025.17949055501,2025.39178082192,CHIKV_RUN_S50b49_2025,55.325581,-21.15502
4855,1135,REU.2.3_1,REU.1.3_1,0.186394760353582,0.844733702896768,0.658338942543186,2025.20538606156,2025.39178082192,CHIKV_RUN_S49b58_2025,55.622499,-20.952803
3245,1117,REU.2.3_1,REU.2.4_1,0.157734199804244,0.844733702896768,0.686999503092524,2025.23404662211,2025.39178082192,CHIKV_RUN_S49b54_2025,55.546058,-20.898264
3360,1646,REU.4.3_1,REU.1.1_1,0.289553311276019,0.847473428924125,0.557920117648106,2025.10496723667,2025.39452054795,CHIKV_RUN_S50b19_2025,55.687116,-21.002327
3374,298,REU.4.3_1,REU.4.3_1,0.188657541439357,0.847473428924125,0.658815887484768,2025.20586300651,2025.39452054795,CHIKV_RUN_S49b53_2025,55.518578,-21.28155
4605,1511,REU.3.5_1,REU.2.2_1,0.169050945526629,0.847473428924125,0.678422483397497,2025.22546960242,2025.39452054795,CHIKV_RUN_S50b54_2025,55.314825,-20.959487
3874,1176,REU.1.1_1,REU.1.1_1,0.144051851817355,0.847473428924125,0.703421577106771,2025.25046869613,2025.39452054795,CHIKV_RUN_S49b73_2025,55.643351,-20.978925
4746,236,REU.4.5_1,REU.1.5_1,0.114983050339564,0.847473428924125,0.732490378584562,2025.27953749761,2025.39452054795,CHIKV_RUN_S50b17_2025,55.82185,-21.157829
6134,1868,REU.3.2_1,REU.4.3_1,0.300571777588251,0.850213154951483,0.549641377363232,2025.09668849638,2025.39726027397,CHIKV_RUN_S49b65_2025,55.539287,-21.256112
5637,1806,REU.4.6_1,REU.4.6_1,0.294425139999205,0.850213154951483,0.555788014952277,2025.10283513397,2025.39726027397,CHIKV_RUN_S49b70_2025,55.418761,-21.285063
4502,277,REU.4.3_1,REU.1.5_1,0.280380186974678,0.850213154951483,0.569832967976805,2025.116880087,2025.39726027397,CHIKV_RUN_S49b74_2025,55.766447,-21.125331
5365,2462,REU.3.4_1,REU.4.1_1,0.24193551407572,0.850213154951483,0.608277640875763,2025.1553247599,2025.39726027397,CHIKV_RUN_S49b63_2025,55.471215,-21.137154
3975,1565,REU.4.3_1,REU.4.8_1,0.176483312209632,0.850213154951483,0.673729842741851,2025.22077696176,2025.39726027397,CHIKV_RUN_S49b71_2025,55.472488,-21.333883
3486,942,REU.3.5_1,REU.2.3_1,0.153860618859049,0.850213154951483,0.696352536092434,2025.24339965511,2025.39726027397,CHIKV_RUN_S49b61_2025,55.459403,-20.8827
3486,943,REU.3.5_1,REU.2.3_1,0.153860618859049,0.850213154951483,0.696352536092434,2025.24339965511,2025.39726027397,CHIKV_RUN_S49b59_2025,55.457295,-20.885927
5845,2318,REU.4.6_1,REU.4.8_1,0.151875299514381,0.850213154951483,0.698337855437102,2025.24538497446,2025.39726027397,CHIKV_RUN_S49b64_2025,55.46001,-21.300896
3763,825,REU.4.8_1,REU.2.3_1,0.339384190787704,0.852952880979068,0.513568690191364,2025.06061580921,2025.4,CHIKV_RUN_S49b62_2025,55.476964,-20.906636
3151,2504,REU.4.8_1,REU.3.5_1,0.252764330601404,0.852952880979068,0.600188550377664,2025.1472356694,2025.4,CHIKV_RUN_S50b87_2025,55.312584,-21.044144
5738,1922,REU.3.1_1,REU.3.5_1,0.177258386773278,0.852952880979068,0.67569449420579,2025.22274161323,2025.4,CHIKV_RUN_S52b28_2025,55.304019,-21.061157
4278,458,REU.2.3_1,REU.2.5_1,0.193440962696782,0.855692607006425,0.662251644309643,2025.20929876333,2025.40273972603,CHIKV_RUN_S49b69_2025,55.639905,-20.938812
4450,138,REU.2.3_1,REU.2.3_1,0.165134630127097,0.855692607006425,0.690557976879329,2025.2376050959,2025.40273972603,CHIKV_RUN_S50b07_2025,55.462846,-20.901711
4057,1407,REU.4.3_1,REU.2.3_1,0.240506110528737,0.858432333033782,0.617926222505045,2025.16497334153,2025.40547945205,CHIKV_RUN_S50b32_2025,55.485036,-20.893624
5275,2071,REU.4.5_1,REU.4.6_1,0.237965552274648,0.858432333033782,0.620466780759135,2025.16751389978,2025.40547945205,CHIKV_RUN_S50b28_2025,55.390862,-21.238667
6225,3034,REU.4.3_1,REU.3.4_1,0.23169059882793,0.858432333033782,0.626741734205853,2025.17378885323,2025.40547945205,CHIKV_RUN_S50b24_2025,55.335026,-21.222045
3938,1181,REU.4.4_1,REU.4.8_1,0.196880946088884,0.858432333033782,0.661551386944898,2025.20859850597,2025.40547945205,CHIKV_RUN_S50b26_2025,55.473769,-21.339783
4715,181,REU.4.4_1,REU.2.3_1,0.178063511119088,0.858432333033782,0.680368821914694,2025.22741594094,2025.40547945205,CHIKV_RUN_S50b02_2025,55.482141,-20.886785
3471,1018,REU.2.3_1,REU.2.4_1,0.177885302749911,0.858432333033782,0.680547030283871,2025.2275941493,2025.40547945205,CHIKV_RUN_S50b23_2025,55.569605,-20.907787
3157,2681,REU.2.4_1,REU.2.4_1,0.177045746992266,0.858432333033782,0.681386586041516,2025.22843370506,2025.40547945205,CHIKV_RUN_S50b22_2025,55.5589,-20.899424
3232,1668,REU.4.8_1,REU.4.8_1,0.205373548770662,0.86117205906114,0.655798510290478,2025.20284562931,2025.40821917808,CHIKV_RUN_S50b31_2025,55.456711,-21.306219
4791,91,REU.2.3_1,REU.2.4_1,0.198182773800247,0.86117205906114,0.662989285260893,2025.21003640428,2025.40821917808,CHIKV_RUN_S50b13_2025,55.532041,-20.938463
5999,2955,REU.1.4_1,REU.1.4_1,0.20783654453101,0.866651511115855,0.658814966584845,2025.20586208561,2025.41369863014,CHIKV_RUN_S50b88_2025,55.740408,-21.108704
4540,1743,REU.4.8_1,REU.1.4_1,0.25935589353778,0.869391237143439,0.61003534360566,2025.15708246263,2025.41643835616,CHIKV_RUN_S50b92_2025,55.712927,-21.048536
6028,2870,REU.2.3_1,REU.1.4_1,0.349037514203299,0.872130963170797,0.523093448967498,2025.07014056799,2025.41917808219,CHIKV_RUN_S50b91_2025,55.704526,-21.068496
6219,3035,REU.4.3_1,REU.1.6_1,0.298833018707872,0.872130963170797,0.573297944462925,2025.12034506348,2025.41917808219,CHIKV_RUN_S50b95_2025,55.505737,-21.029322
6056,2929,REU.2.3_1,REU.3.5_1,0.262115659964009,0.872130963170797,0.610015303206788,2025.15706242223,2025.41917808219,CHIKV_RUN_S50b36_2025,55.312983,-21.039052
4018,1044,REU.2.3_1,REU.1.3_1,0.247632808252568,0.872130963170797,0.624498154918229,2025.17154527394,2025.41917808219,CHIKV_RUN_S52b55_2025,55.652404,-20.963707
3183,2224,REU.3.1_1,REU.4.8_1,0.336538257922338,0.874870689198154,0.538332431275816,2025.0853795503,2025.42191780822,CHIKV_RUN_S50b33_2025,55.480629,-21.346253
4305,425,REU.2.3_1,REU.1.4_1,0.31795535940464,0.874870689198154,0.556915329793515,2025.10396244881,2025.42191780822,CHIKV_RUN_S50b93_2025,55.743861,-21.090455
4493,1627,REU.3.5_1,REU.1.6_1,0.247142990143421,0.874870689198154,0.627727699054733,2025.17477481808,2025.42191780822,CHIKV_RUN_S50b94_2025,55.532838,-21.028124
5761,3086,REU.4.8_1,REU.3.2_1,0.218851248882602,0.874870689198154,0.656019440315552,2025.20306655934,2025.42191780822,CHIKV_RUN_S50b35_2025,55.354855,-21.211461
4744,204,REU.4.5_1,REU.2.3_1,0.305371561771354,0.877610415225512,0.572238853454158,2025.11928597248,2025.42465753425,CHIKV_RUN_S50b37_2025,55.463037,-20.897941
5150,2253,REU.2.3_1,REU.2.3_1,0.276656909464443,0.877610415225512,0.600953505761069,2025.14800062478,2025.42465753425,CHIKV_RUN_S50b40_2025,55.456959,-20.881232
4380,576,REU.4.8_1,REU.1.3_1,0.147927008519432,0.877610415225512,0.72968340670608,2025.27673052573,2025.42465753425,CHIKV_RUN_S50b34_2025,55.667219,-20.944035
4021,1055,REU.2.5_1,REU.3.5_1,0.305330468435848,0.880350141252869,0.575019672817021,2025.12206679184,2025.42739726027,CHIKV_RUN_S50b89_2025,55.328243,-21.00007
4078,1470,REU.4.8_1,REU.3.5_1,0.280969951025804,0.880350141252869,0.599380190227065,2025.14642730925,2025.42739726027,CHIKV_RUN_S50b86_2025,55.299916,-20.976778
3581,1096,REU.4.8_1,REU.4.1_1,0.236437788124276,0.880350141252869,0.643912353128593,2025.19095947215,2025.42739726027,CHIKV_RUN_S50b71_2025,55.477603,-21.13326
6036,2875,REU.4.8_1,REU.2.3_1,0.126491586743574,0.880350141252869,0.753858554509295,2025.30090567353,2025.42739726027,CHIKV_RUN_S50b68_2025,55.461919,-20.894404
3420,1015,REU.2.3_1,REU.2.3_1,0.287599714709469,0.883089867280454,0.595490152570985,2025.14253727159,2025.4301369863,CHIKV_RUN_S52b82_2025,55.443586,-20.898292
5963,2996,REU.3.4_1,REU.2.3_1,0.258528330698215,0.885829593307811,0.627301262609596,2025.17434838163,2025.43287671233,CHIKV_RUN_S50b64_2025,55.48244,-20.91848
4565,103,REU.4.8_1,REU.3.5_1,0.3271905821145,0.888569319335168,0.561378737220668,2025.10842585624,2025.43561643836,CHIKV_RUN_S50b84_2025,55.299916,-20.976778
3430,980,REU.2.3_1,REU.1.4_1,0.257281866567404,0.888569319335169,0.631287452767764,2025.17833457179,2025.43561643836,CHIKV_RUN_S50b67_2025,55.697135,-21.034256
5959,2977,REU.2.3_1,REU.2.2_1,0.236938440020206,0.888569319335168,0.651630879314962,2025.19867799834,2025.43561643836,CHIKV_RUN_S52b88_2025,55.300268,-20.950214
5922,2202,REU.3.4_1,REU.2.3_1,0.211072470582738,0.888569319335168,0.677496848752431,2025.22454396777,2025.43561643836,CHIKV_RUN_S50b85_2025,55.445517,-20.877895
5565,1930,REU.3.1_1,REU.4.8_1,0.464567736146557,0.891309045362526,0.426741309215969,2024.97378842824,2025.43835616438,CHIKV_RUN_S52b87_2025,55.486715,-21.342842
3188,2312,REU.3.5_1,REU.3.5_1,0.342014756070791,0.891309045362526,0.549294289291735,2025.09634140831,2025.43835616438,CHIKV_RUN_S52b84_2025,55.331197,-21.044703
3369,1316,REU.3.5_1,REU.2.4_1,0.269844691086775,0.891309045362526,0.621464354275751,2025.1685114733,2025.43835616438,CHIKV_RUN_S52b86_2025,55.529016,-20.92049
4658,1324,REU.2.3_1,REU.2.1_1,0.22954452623185,0.891309045362526,0.661764519130675,2025.20881163815,2025.43835616438,CHIKV_RUN_S53b18_2025,55.360185,-20.942008
5706,2568,REU.2.3_1,REU.1.2_1,0.224938746575685,0.891309045362526,0.66637029878684,2025.21341741781,2025.43835616438,CHIKV_RUN_S53b64_2025,55.642669,-21.122755
4067,1032,REU.4.3_1,REU.3.5_1,0.221489596698349,0.891309045362526,0.669819448664177,2025.21686656769,2025.43835616438,CHIKV_RUN_S52b85_2025,55.294828,-21.083649
4518,1038,REU.4.8_1,REU.1.3_1,0.220478842288211,0.891309045362526,0.670830203074315,2025.2178773221,2025.43835616438,CHIKV_RUN_S53b19_2025,55.673705,-20.951418
6114,2678,REU.3.1_1,REU.4.8_1,0.204579208787291,0.891309045362526,0.686729836575235,2025.2337769556,2025.43835616438,CHIKV_RUN_S50b72_2025,55.455381,-21.297715
3748,736,REU.4.3_1,REU.2.4_1,0.202681810601384,0.891309045362526,0.688627234761143,2025.23567435378,2025.43835616438,CHIKV_RUN_S50b70_2025,55.541941,-20.93172
6216,3023,REU.4.8_1,REU.2.2_1,0.159293819986391,0.891309045362526,0.732015225376135,2025.2790623444,2025.43835616438,CHIKV_RUN_S52b83_2025,55.294525,-20.9386
3303,336,REU.2.3_1,REU.2.3_1,0.15250530258511,0.891309045362526,0.738803742777416,2025.2858508618,2025.43835616438,CHIKV_RUN_S52b89_2025,55.490787,-20.89794
5804,2808,REU.3.1_1,REU.1.4_1,0.309228716759253,0.894048771389883,0.58482005463063,2025.13186717365,2025.44109589041,CHIKV_RUN_S52b57_2025,55.73921,-21.088822
3960,1728,REU.2.2_1,REU.3.5_1,0.230338825758593,0.894048771389883,0.66370994563129,2025.21075706465,2025.44109589041,CHIKV_RUN_S50b74_2025,55.278733,-21.005674
3325,1643,REU.4.3_1,REU.1.4_1,0.201172387164329,0.894048771389883,0.692876384225555,2025.23992350325,2025.44109589041,CHIKV_RUN_S52b49_2025,55.702635,-21.053707
4755,227,REU.4.5_1,REU.1.3_1,0.303570631093735,0.896788497417241,0.593217866323506,2025.14026498534,2025.44383561644,CHIKV_RUN_S52b21_2025,55.665572,-20.956543
5568,3067,REU.4.8_1,REU.1.4_1,0.284984412120786,0.896788497417241,0.611804085296455,2025.15885120432,2025.44383561644,CHIKV_RUN_S52b17_2025,55.713829,-21.051072
6093,1848,REU.4.8_1,REU.3.3_1,0.0970058360611198,0.896788497417241,0.799782661356121,2025.34682978038,2025.44383561644,CHIKV_RUN_S50b73_2025,55.301243,-21.122749
6187,2234,REU.2.2_1,REU.2.2_1,0.0644231533177324,0.89678849741724,0.832365344099508,2025.37941246312,2025.44383561644,CHIKV_RUN_S52b77_2025,55.304974,-20.946815
6187,2233,REU.2.2_1,REU.2.2_1,0.0644231533177324,0.89678849741724,0.832365344099508,2025.37941246312,2025.44383561644,CHIKV_RUN_S52b76_2025,55.304974,-20.946815
4919,2385,REU.4.8_1,REU.4.3_1,0.436066456243929,0.899528223444825,0.463461767200897,2025.01050888622,2025.44657534247,CHIKV_RUN_S53b16_2025,55.513796,-21.261606
4559,1484,REU.4.3_1,REU.2.2_1,0.340476865477118,0.899528223444826,0.559051357967707,2025.10609847699,2025.44657534247,CHIKV_RUN_S54b29_2025,55.28886,-20.947653
5861,2299,REU.3.1_1,REU.4.8_1,0.308072817933844,0.899528223444825,0.591455405510981,2025.13850252453,2025.44657534247,CHIKV_RUN_S52b74_2025,55.476546,-21.336671
5102,2847,REU.4.3_1,REU.4.3_1,0.299256548105589,0.899528223444825,0.600271675339236,2025.14731879436,2025.44657534247,CHIKV_RUN_S52b66_2025,55.513218,-21.261521
3816,841,REU.4.3_1,REU.4.3_1,0.221481594605965,0.899528223444825,0.67804662883886,2025.22509374786,2025.44657534247,CHIKV_RUN_S53b22_2025,55.518798,-21.278363
5004,1989,REU.2.5_1,REU.2.3_1,0.209405280013584,0.899528223444825,0.690122943431241,2025.23717006245,2025.44657534247,CHIKV_RUN_S53b21_2025,55.464094,-20.912149
3278,328,REU.2.3_1,REU.2.2_1,0.189297266291776,0.899528223444826,0.71023095715305,2025.25727807617,2025.44657534247,CHIKV_RUN_S52b81_2025,55.304974,-20.946815
6093,2231,REU.4.8_1,REU.2.3_1,0.0997455620887046,0.899528223444826,0.799782661356121,2025.34682978038,2025.44657534247,CHIKV_RUN_S53b17_2025,55.44305,-20.8988
3149,2673,REU.3.1_1,REU.4.6_1,0.347623483007992,0.902267949472183,0.554644466464191,2025.10169158549,2025.44931506849,CHIKV_RUN_S52b60_2025,55.443343,-21.280298
3828,654,REU.4.8_1,REU.3.1_1,0.313224266554438,0.902267949472183,0.589043682917745,2025.13609080194,2025.44931506849,CHIKV_RUN_S53b11_2025,55.362398,-21.254601
6198,1890,REU.3.5_1,REU.3.4_1,0.288565503542696,0.902267949472183,0.613702445929487,2025.16074956495,2025.44931506849,CHIKV_RUN_S53b05_2025,55.296659,-21.215211
3222,1660,REU.4.3_1,REU.4.8_1,0.262132033599055,0.902267949472183,0.640135915873127,2025.18718303489,2025.44931506849,CHIKV_RUN_S53b67_2025,55.470875,-21.306395
4285,435,REU.4.3_1,REU.4.6_1,0.404745661438413,0.907747401526897,0.503001740088485,2025.05004885911,2025.45479452055,CHIKV_RUN_S53b63_2025,55.433699,-21.259772
4014,2266,REU.2.3_1,REU.2.2_1,0.376297149226936,0.907747401526898,0.531450252299962,2025.07849737132,2025.45479452055,CHIKV_RUN_S52b78_2025,55.297483,-20.94245
6182,3044,REU.4.8_1,REU.2.2_1,0.355880247383953,0.907747401526898,0.551867154142945,2025.09891427316,2025.45479452055,CHIKV_RUN_S52b69_2025,55.305912,-20.938496
3256,1111,REU.4.3_1,REU.4.8_1,0.347188760831583,0.907747401526898,0.560558640695314,2025.10760575972,2025.45479452055,CHIKV_RUN_S53b09_2025,55.545844,-21.309253
5747,2685,REU.4.6_1,REU.2.1_1,0.306828473941094,0.907747401526898,0.600918927585803,2025.14796604661,2025.45479452055,CHIKV_RUN_S52b90_2025,55.338999,-20.951218
5655,2597,REU.4.5_1,REU.4.8_1,0.286951490566768,0.907747401526898,0.62079591096013,2025.16784302998,2025.45479452055,CHIKV_RUN_S52b59_2025,55.45088,-21.298006
6188,2236,REU.3.5_1,REU.2.2_1,0.261505140041641,0.907747401526897,0.646242261485256,2025.19328938051,2025.45479452055,CHIKV_RUN_S52b79_2025,55.304974,-20.946815
3542,250,REU.3.5_1,REU.3.5_1,0.260590472466013,0.907747401526898,0.647156929060885,2025.19420404808,2025.45479452055,CHIKV_RUN_S53b04_2025,55.284665,-20.984473
4434,139,REU.3.5_1,REU.3.4_1,0.256603170118909,0.907747401526898,0.651144231407989,2025.19819135043,2025.45479452055,CHIKV_RUN_S52b92_2025,55.307758,-21.136957
5961,2995,REU.4.6_1,REU.4.6_1,0.240768206543468,0.907747401526898,0.66697919498343,2025.214026314,2025.45479452055,CHIKV_RUN_S53b65_2025,55.433699,-21.259772
3130,2508,REU.2.3_1,REU.2.3_1,0.239621334475004,0.907747401526897,0.668126067051893,2025.21517318607,2025.45479452055,CHIKV_RUN_S53b10_2025,55.497815,-20.924368
3705,865,REU.4.3_1,REU.4.1_1,0.236206259167638,0.907747401526898,0.67154114235926,2025.21858826138,2025.45479452055,CHIKV_RUN_S53b69_2025,55.466952,-21.147761
3710,817,REU.4.8_1,REU.1.4_1,0.233792988561723,0.907747401526897,0.673954412965174,2025.22100153199,2025.45479452055,CHIKV_RUN_S52b32_2025,55.703276,-21.072697
4450,116,REU.2.3_1,REU.1.3_1,0.217189424647569,0.907747401526898,0.690557976879329,2025.2376050959,2025.45479452055,CHIKV_RUN_S53b12_2025,55.673595,-20.951936
4541,1740,REU.2.1_1,REU.3.5_1,0.216344411763177,0.907747401526898,0.691402989763721,2025.23845010878,2025.45479452055,CHIKV_RUN_S52b80_2025,55.286441,-20.982459
5802,2804,REU.4.8_1,REU.3.5_1,0.211897110875393,0.907747401526897,0.695850290651505,2025.24289740967,2025.45479452055,CHIKV_RUN_S52b67_2025,55.325435,-20.978911
5437,1963,REU.4.6_1,REU.2.3_1,0.170662172818781,0.907747401526898,0.737085228708116,2025.28413234773,2025.45479452055,CHIKV_RUN_S53b24_2025,55.444853,-20.894799
4527,1710,REU.2.3_1,REU.4.6_1,0.162871289982682,0.907747401526898,0.744876111544216,2025.29192323057,2025.45479452055,CHIKV_RUN_S52b65_2025,55.4064,-21.202185
5674,3012,REU.3.1_1,REU.2.3_1,0.570427292203177,0.910487127554255,0.340059835351078,2024.88710695437,2025.45753424658,CHIKV_RUN_S53b02_2025,55.510912,-20.919807
4918,2032,REU.3.1_1,REU.3.1_1,0.491308226956648,0.910487127554255,0.419178900597607,2024.96622601962,2025.45753424658,CHIKV_RUN_S53b70_2025,55.367615,-21.228519
3194,1966,REU.4.8_1,REU.2.1_1,0.315076502501185,0.910487127554255,0.59541062505307,2025.14245774407,2025.45753424658,CHIKV_RUN_S53b06_2025,55.389341,-20.985753
5084,2343,REU.3.1_1,REU.3.1_1,0.306593901406434,0.910487127554255,0.603893226147821,2025.15094034517,2025.45753424658,CHIKV_RUN_S52b72_2025,55.375287,-21.257008
5083,2497,REU.3.1_1,REU.4.6_1,0.296295762191658,0.910487127554255,0.614191365362597,2025.16123848438,2025.45753424658,CHIKV_RUN_S53b07_2025,55.434474,-21.27351
3703,641,REU.4.3_1,REU.4.5_1,0.282267487860816,0.910487127554255,0.628219639693439,2025.17526675871,2025.45753424658,CHIKV_RUN_S53b13_2025,55.632465,-21.373177
3585,1385,REU.1.4_1,REU.1.4_1,0.271568073179756,0.910487127554255,0.638919054374499,2025.1859661734,2025.45753424658,CHIKV_RUN_S54b31_2025,55.727447,-21.114257
3592,609,REU.4.8_1,REU.2.3_1,0.261349701475644,0.910487127554255,0.649137426078611,2025.1961845451,2025.45753424658,CHIKV_RUN_S52b75_2025,55.411435,-20.912094
5383,2442,REU.4.8_1,REU.3.3_1,0.253275684536403,0.910487127554255,0.657211443017852,2025.20425856204,2025.45753424658,CHIKV_RUN_S53b71_2025,55.304623,-21.115611
4409,569,REU.4.3_1,REU.4.8_1,0.252990733868097,0.910487127554255,0.657496393686158,2025.20454351271,2025.45753424658,CHIKV_RUN_S52b91_2025,55.558465,-21.309273
3583,1094,REU.4.6_1,REU.4.6_1,0.179460673393103,0.910487127554255,0.731026454161152,2025.27807357318,2025.45753424658,CHIKV_RUN_S52b94_2025,55.450271,-21.278875
5431,3106,REU.4.6_1,REU.3.4_1,0.363904329585466,0.913226853581612,0.549322523996146,2025.09636964302,2025.4602739726,CHIKV_RUN_S53b15_2025,55.303331,-21.196947
3176,1842,REU.3.5_1,REU.4.6_1,0.334142370338344,0.913226853581612,0.579084483243268,2025.12613160226,2025.4602739726,CHIKV_RUN_S53b66_2025,55.434496,-21.245111
3954,1132,REU.4.3_1,REU.3.5_1,0.326711641733073,0.913226853581612,0.586515211848539,2025.13356233087,2025.4602739726,CHIKV_RUN_S53b23_2025,55.324997,-20.992186
5628,2309,REU.3.5_1,REU.3.5_1,0.317473179261355,0.913226853581612,0.595753674320257,2025.14280079334,2025.4602739726,CHIKV_RUN_S52b95_2025,55.27272,-21.007811
4100,1468,REU.4.3_1,REU.2.3_1,0.285336524263413,0.913226853581612,0.6278903293182,2025.17493744834,2025.4602739726,CHIKV_RUN_S53b03_2025,55.457941,-20.886181
4793,67,REU.2.1_1,REU.2.1_1,0.283896088746918,0.913226853581612,0.629330764834694,2025.17637788386,2025.4602739726,CHIKV_RUN_S53b08_2025,55.340959,-20.954251
4712,177,REU.4.4_1,REU.1.1_1,0.281906788117763,0.913226853581612,0.63132006546385,2025.17836718448,2025.4602739726,CHIKV_RUN_S52b93_2025,55.689891,-20.973409
3674,741,REU.4.8_1,REU.2.3_1,0.272094253146329,0.913226853581612,0.641132600435283,2025.18817971946,2025.4602739726,CHIKV_RUN_S53b14_2025,55.485603,-20.893484
3986,297,REU.3.5_1,REU.3.5_1,0.270760967340027,0.913226853581612,0.642465886241585,2025.18951300526,2025.4602739726,CHIKV_RUN_S53b26_2025,55.32315,-21.009505
3325,1736,REU.4.3_1,REU.4.8_1,0.220350469356058,0.913226853581612,0.692876384225555,2025.23992350325,2025.4602739726,CHIKV_RUN_S52b62_2025,55.48438,-21.290362
4591,1588,REU.4.8_1,REU.4.6_1,0.324861735769124,0.915966579609197,0.591104843840074,2025.13815196286,2025.46301369863,CHIKV_RUN_S53b68_2025,55.433699,-21.259772
3506,972,REU.3.5_1,REU.2.3_1,0.307957973009686,0.915966579609197,0.608008606599511,2025.15505572562,2025.46301369863,CHIKV_RUN_S52b64_2025,55.495601,-20.899736
3392,1694,REU.4.3_1,REU.4.5_1,0.366950875427438,0.921446031663912,0.554495156236473,2025.10154227526,2025.46849315068,CHIKV_RUN_S53b20_2025,55.615647,-21.372166
3601,1730,REU.4.3_1,REU.2.1_1,0.288348520164582,0.926925483718627,0.638576963554045,2025.18562408258,2025.47397260274,CHIKV_RUN_S52b58_2025,55.356121,-20.932601
5509,2226,REU.4.8_1,REU.3.4_1,0.315171920174428,0.929665209746211,0.614493289571784,2025.16154040859,2025.47671232877,CHIKV_RUN_S53b32_2025,55.288421,-21.184104
4887,1373,REU.2.4_1,REU.2.4_1,0.311273664318364,0.929665209746211,0.618391545427848,2025.16543866445,2025.47671232877,CHIKV_RUN_S53b33_2025,55.554335,-20.898786
5690,2369,REU.3.1_1,REU.4.3_1,0.278377380637639,0.929665209746211,0.651287829108573,2025.19833494813,2025.47671232877,CHIKV_RUN_S52b68_2025,55.510699,-21.264852
4856,1146,REU.4.8_1,REU.3.4_1,0.236573740141794,0.929665209746212,0.693091469604417,2025.24013858863,2025.47671232877,CHIKV_RUN_S53b34_2025,55.310615,-21.219586
4392,558,REU.4.3_1,REU.4.3_1,0.317507008611957,0.935144661800926,0.617637653188969,2025.16468477221,2025.48219178082,CHIKV_RUN_S53b25_2025,55.528093,-21.266688
5306,2129,REU.4.5_1,REU.2.4_1,0.285334856346521,0.935144661800926,0.649809805454406,2025.19685692448,2025.48219178082,CHIKV_RUN_S53b36_2025,55.54609,-20.895585
5376,2454,REU.2.3_1,REU.4.3_1,0.233930953956545,0.937884387828284,0.703953433871739,2025.25100055289,2025.48493150685,CHIKV_RUN_S53b29_2025,55.527546,-21.236426
4770,216,REU.4.5_1,REU.2.3_1,0.207170335331353,0.937884387828284,0.73071405249693,2025.27776117152,2025.48493150685,CHIKV_RUN_S53b39_2025,55.395366,-20.907296
5505,1802,REU.4.8_1,REU.3.2_1,0.304743464338631,0.940624113855641,0.63588064951701,2025.18292776854,2025.48767123288,CHIKV_RUN_S52b71_2025,55.345057,-21.217678
6146,2721,REU.3.1_1,REU.2.3_1,0.540193615234151,0.946103565910583,0.405909950676432,2024.9529570697,2025.49315068493,CHIKV_RUN_S54b34_2025,55.500579,-20.907042
3361,605,REU.4.3_1,REU.4.6_1,0.359987584022896,0.946103565910583,0.586115981887687,2025.13316310091,2025.49315068493,CHIKV_RUN_S54b39_2025,55.432855,-21.25574
4280,370,REU.4.5_1,REU.4.3_1,0.347966514760242,0.946103565910583,0.598137051150341,2025.14518417017,2025.49315068493,CHIKV_RUN_S54b37_2025,55.519635,-21.284749
5662,2598,REU.4.5_1,REU.1.3_1,0.287995251416525,0.946103565910583,0.658108314494058,2025.20515543352,2025.49315068493,CHIKV_RUN_S54b36_2025,55.647533,-20.932677
4967,1916,REU.4.8_1,REU.1.5_1,0.265487136035874,0.946103565910583,0.680616429874709,2025.2276635489,2025.49315068493,CHIKV_RUN_S52b73_2025,55.792295,-21.130409
5765,1954,REU.2.3_1,REU.2.3_1,0.393254092659813,0.948843291937941,0.555589199278128,2025.1026363183,2025.49589041096,CHIKV_RUN_S54b40_2025,55.457211,-20.889417
5425,2538,REU.3.1_1,REU.1.4_1,0.410273901042494,0.954322743992655,0.544048842950162,2025.09109596197,2025.50136986301,CHIKV_RUN_S54b35_2025,55.7161,-21.111304
4980,2394,REU.3.1_1,REU.3.5_1,0.339198696145692,0.954322743992655,0.615124047846964,2025.16217116687,2025.50136986301,CHIKV_RUN_S54b42_2025,55.230438,-21.027807
3317,928,REU.4.3_1,REU.2.3_1,0.308671516487436,0.954322743992655,0.64565122750522,2025.19269834653,2025.50136986301,CHIKV_RUN_S54b41_2025,55.437121,-20.923859
4667,1283,REU.3.5_1,REU.3.5_1,0.258541774769765,0.954322743992655,0.69578096922289,2025.24282808824,2025.50136986301,CHIKV_RUN_S54b38_2025,55.328107,-20.97611
3171,2770,REU.4.8_1,REU.1.4_1,0.232506927512541,0.970761100157027,0.738254172644486,2025.28530129167,2025.51780821918,CHIKV_RUN_S54b43_2025,55.683352,-21.051656
3297,344,REU.4.8_1,REU.2.1_1,0.340876643974176,0.998158360431056,0.657281716456879,2025.20432883548,2025.54520547945,CHIKV_RUN_S54b44_2025,55.325934,-20.963165
5145,2245,REU.4.3_1,REU.3.5_1,0.465859896278773,1.00911726454071,0.543257368261939,2025.09030448728,2025.55616438356,CHIKV_RUN_S54b47_2025,55.301159,-21.03638
5352,2457,REU.3.4_1,REU.4.4_1,0.425866562211583,1.00911726454071,0.58325070232913,2025.13029782135,2025.55616438356,CHIKV_RUN_S54b46_2025,55.566737,-21.368159
5176,61,REU.3.1_1,REU.4.8_1,0.535014110190757,1.04747342892417,0.512459318733414,2025.05950643775,2025.59452054795,CHIKV_RUN_S54b48_2025,55.526603,-21.356887
