node1,node2,startLoc,endLoc,length,endNodeL,startNodeL,startYear,endYear,tipLabel,endLon,endLat
3115,3116,REU.3.5_1,REU.3.5_1,0.01989563408456,0.01989563408456,0,2024.58372257679,2024.60361821088,NA,NA,NA
3116,3117,REU.3.5_1,REU.3.5_1,0.0102193639809993,0.0301149980655593,0.01989563408456,2024.60361821088,2024.61383757486,NA,NA,NA
3116,1,REU.3.5_1,REU.3.5_1,0.0138681279195465,0.0337637620041065,0.01989563408456,2024.60361821088,2024.6174863388,CHIKV_RUN_S06b01_2024,55.222994,-21.03531
3117,3118,REU.3.5_1,REU.3.5_1,0.0368817274078436,0.0669967254734029,0.0301149980655593,2024.61383757486,2024.65071930227,NA,NA,NA
3118,2,REU.3.5_1,REU.3.5_1,0.00228616221379851,0.0692828876872014,0.0669967254734029,2024.65071930227,2024.65300546448,CHIKV_RUN_S2b92_2024,55.222994,-21.03531
3117,3119,REU.3.5_1,REU.3.1_1,0.0414044992040413,0.0715194972696006,0.0301149980655593,2024.61383757486,2024.65524207406,NA,NA,NA
3118,2588,REU.3.5_1,REU.3.5_1,0.021411845273909,0.0884085707473119,0.0669967254734029,2024.65071930227,2024.67213114754,CHIKV_RUN_S2b93_2024,55.223179,-21.035738
3115,6227,REU.3.5_1,REU.3.5_1,0.0929876462492782,0.0929876462492782,0,2024.58372257679,2024.67671022304,NA,NA,NA
3119,3665,REU.3.1_1,REU.3.1_1,0.027437330015542,0.0989568272851427,0.0715194972696006,2024.65524207406,2024.68267940408,NA,NA,NA
3119,3120,REU.3.1_1,REU.3.1_1,0.0342814866617653,0.105800983931366,0.0715194972696006,2024.65524207406,2024.68952356073,NA,NA,NA
6227,3114,REU.3.5_1,REU.3.5_1,0.0200110884323965,0.112998734681675,0.0929876462492782,2024.67671022304,2024.69672131148,CHIKV_RUN_S3b83_2024,55.222489,-21.036097
6227,1769,REU.3.5_1,REU.3.4_1,0.0309400501811286,0.123927696430407,0.0929876462492782,2024.67671022304,2024.70765027322,CHIKV_RUN_S3b82_2024,55.288681,-21.171711
3665,3668,REU.3.1_1,REU.3.1_1,0.0306475002333156,0.129604327518458,0.0989568272851427,2024.68267940408,2024.71332690431,NA,NA,NA
3120,3121,REU.3.1_1,REU.3.1_1,0.0291216719834787,0.134922655914845,0.105800983931366,2024.68952356073,2024.71864523271,NA,NA,NA
3668,3669,REU.3.1_1,REU.3.1_1,0.0188428391562445,0.148447166674703,0.129604327518458,2024.71332690431,2024.73216974347,NA,NA,NA
3669,3670,REU.3.1_1,REU.3.1_1,0.0012165416738591,0.149663708348562,0.148447166674703,2024.73216974347,2024.73338628514,NA,NA,NA
3121,2399,REU.3.1_1,REU.3.5_1,0.0163274448870512,0.151250100801896,0.134922655914845,2024.71864523271,2024.7349726776,CHIKV_RUN_S12b41_2024,55.224204,-21.078267
3670,3697,REU.3.1_1,REU.3.1_1,0.0168996584542772,0.166563366802839,0.149663708348562,2024.73338628514,2024.7502859436,NA,NA,NA
3670,3671,REU.3.1_1,REU.3.1_1,0.0209005913718654,0.170564299720427,0.149663708348562,2024.73338628514,2024.75428687651,NA,NA,NA
3697,3699,REU.3.1_1,REU.4.3_1,0.010978275018547,0.177541641821386,0.166563366802839,2024.7502859436,2024.76126421861,NA,NA,NA
3665,3666,REU.3.1_1,REU.3.1_1,0.104844150485209,0.203800977770351,0.0989568272851427,2024.68267940408,2024.78752355456,NA,NA,NA
3699,5048,REU.4.3_1,REU.4.3_1,0.0303270353188002,0.207868677140186,0.177541641821386,2024.76126421861,2024.79159125393,NA,NA,NA
3699,3700,REU.4.3_1,REU.4.3_1,0.0355466345253482,0.213088276346734,0.177541641821386,2024.76126421861,2024.79681085314,NA,NA,NA
3700,3701,REU.4.3_1,REU.4.3_1,0.00613222094864907,0.219220497295383,0.213088276346734,2024.79681085314,2024.80294307409,NA,NA,NA
3121,3122,REU.3.1_1,REU.3.1_1,0.084446393104764,0.219369049019609,0.134922655914845,2024.71864523271,2024.80309162581,NA,NA,NA
3122,3123,REU.3.1_1,REU.3.1_1,0.00210107659985725,0.221470125619466,0.219369049019609,2024.80309162581,2024.80519270241,NA,NA,NA
3669,5412,REU.3.1_1,REU.3.1_1,0.0763488135008707,0.224795980175574,0.148447166674703,2024.73216974347,2024.80851855697,NA,NA,NA
3701,3702,REU.4.3_1,REU.4.3_1,0.00713659939978251,0.226357096695166,0.219220497295383,2024.80294307409,2024.81007967349,NA,NA,NA
5048,5049,REU.4.3_1,REU.4.3_1,0.0188456778789432,0.22671435501913,0.207868677140186,2024.79159125393,2024.81043693181,NA,NA,NA
5049,5050,REU.4.3_1,REU.4.3_1,0.000213913375553543,0.226928268394683,0.22671435501913,2024.81043693181,2024.81065084519,NA,NA,NA
5412,5413,REU.3.1_1,REU.3.1_1,0.00337878457309015,0.228174764748664,0.224795980175574,2024.80851855697,2024.81189734154,NA,NA,NA
3666,2587,REU.3.1_1,REU.3.5_1,0.0266840957091128,0.230485073479464,0.203800977770351,2024.78752355456,2024.81420765027,CHIKV_RUN_S4b3_2024,55.231193,-21.051375
3702,3703,REU.4.3_1,REU.4.3_1,0.00927748942746931,0.235634586122635,0.226357096695166,2024.81007967349,2024.81935716292,NA,NA,NA
3668,5514,REU.3.1_1,REU.3.1_1,0.107047771418333,0.236652098936791,0.129604327518458,2024.71332690431,2024.82037467573,NA,NA,NA
3703,3704,REU.4.3_1,REU.4.3_1,0.00107991618242143,0.236714502305057,0.235634586122635,2024.81935716292,2024.8204370791,NA,NA,NA
5050,5051,REU.4.3_1,REU.4.3_1,0.0155647049587556,0.242492973353439,0.226928268394683,2024.81065084519,2024.82621555015,NA,NA,NA
3704,3705,REU.4.3_1,REU.4.3_1,0.00595224151528106,0.242666743820338,0.236714502305057,2024.8204370791,2024.82638932061,NA,NA,NA
3704,4033,REU.4.3_1,REU.4.3_1,0.00997173351181602,0.246686235816873,0.236714502305057,2024.8204370791,2024.83040881261,NA,NA,NA
5514,5817,REU.3.1_1,REU.3.1_1,0.0115212589601164,0.248173357896908,0.236652098936791,2024.82037467573,2024.83189593469,NA,NA,NA
3705,3857,REU.4.3_1,REU.4.3_1,0.00928313720731178,0.251949881027649,0.242666743820338,2024.82638932061,2024.83567245782,NA,NA,NA
5817,5909,REU.3.1_1,REU.3.1_1,0.00588736733735373,0.254060725234261,0.248173357896908,2024.83189593469,2024.83778330203,NA,NA,NA
3123,3124,REU.3.1_1,REU.3.1_1,0.0328676924475793,0.254337818067045,0.221470125619466,2024.80519270241,2024.83806039486,NA,NA,NA
5412,5424,REU.3.1_1,REU.3.1_1,0.0320829844640399,0.256878964639613,0.224795980175574,2024.80851855697,2024.84060154143,NA,NA,NA
5514,5515,REU.3.1_1,REU.3.1_1,0.0224140153645247,0.259066114301316,0.236652098936791,2024.82037467573,2024.8427886911,NA,NA,NA
5909,5958,REU.3.1_1,REU.3.1_1,0.00545833914585969,0.259519064380121,0.254060725234261,2024.83778330203,2024.84324164117,NA,NA,NA
5048,637,REU.4.3_1,REU.3.5_1,0.0526710411481204,0.260539718288307,0.207868677140186,2024.79159125393,2024.84426229508,CHIKV_RUN_S5b01_2024,55.223821,-21.079274
5909,5910,REU.3.1_1,REU.3.1_1,0.00815221848560577,0.262212943719867,0.254060725234261,2024.83778330203,2024.84593552051,NA,NA,NA
3124,3170,REU.3.1_1,REU.3.1_1,0.01086521375625,0.265203031823295,0.254337818067045,2024.83806039486,2024.84892560862,NA,NA,NA
5049,5411,REU.4.3_1,REU.3.5_1,0.0385171375875516,0.265231492606681,0.22671435501913,2024.81043693181,2024.8489540694,NA,NA,NA
4033,4034,REU.4.3_1,REU.4.3_1,0.01985684685142,0.266543082668293,0.246686235816873,2024.83040881261,2024.85026565946,NA,NA,NA
3702,4539,REU.4.3_1,REU.4.3_1,0.0428805208564171,0.269237617551583,0.226357096695166,2024.81007967349,2024.85296019435,NA,NA,NA
5515,5516,REU.3.1_1,REU.3.1_1,0.0123898735615782,0.271455987862894,0.259066114301316,2024.8427886911,2024.85517856466,NA,NA,NA
3170,3393,REU.3.1_1,REU.3.1_1,0.00879961830281439,0.27400265012611,0.265203031823295,2024.84892560862,2024.85772522692,NA,NA,NA
3671,3676,REU.3.1_1,REU.3.1_1,0.104023047628982,0.274587347349409,0.170564299720427,2024.75428687651,2024.85830992414,NA,NA,NA
3393,3394,REU.3.1_1,REU.3.1_1,0.00288056907251399,0.276883219198624,0.27400265012611,2024.85772522692,2024.86060579599,NA,NA,NA
3170,3171,REU.3.1_1,REU.3.1_1,0.011771148750127,0.276974180573422,0.265203031823295,2024.84892560862,2024.86069675737,NA,NA,NA
3124,3125,REU.3.1_1,REU.3.1_1,0.0244442512087091,0.278782069275754,0.254337818067045,2024.83806039486,2024.86250464607,NA,NA,NA
5958,5959,REU.3.1_1,REU.3.1_1,0.0194971488029866,0.279016213183108,0.259519064380121,2024.84324164117,2024.86273878998,NA,NA,NA
3857,3937,REU.4.3_1,REU.4.3_1,0.0273281950534761,0.279278076081126,0.251949881027649,2024.83567245782,2024.86300065287,NA,NA,NA
5910,5931,REU.3.1_1,REU.3.1_1,0.0182079762497895,0.280420919969657,0.262212943719867,2024.84593552051,2024.86414349676,NA,NA,NA
5424,5439,REU.3.1_1,REU.3.1_1,0.0242576563181283,0.281136620957742,0.256878964639613,2024.84060154143,2024.86485919775,NA,NA,NA
4034,4330,REU.4.3_1,REU.4.3_1,0.0170913979930997,0.283634480661392,0.266543082668293,2024.85026565946,2024.86735705746,NA,NA,NA
5411,1699,REU.3.5_1,REU.3.5_1,0.0198983896159884,0.28512988222267,0.265231492606681,2024.8489540694,2024.86885245902,CHIKV_RUN_S5b06_2024,55.225315,-21.079569
5931,5932,REU.3.1_1,REU.3.1_1,0.00579386194667786,0.286214781916335,0.280420919969657,2024.86414349676,2024.86993735871,NA,NA,NA
3394,3400,REU.3.1_1,REU.3.1_1,0.0126975058281908,0.289580725026814,0.276883219198624,2024.86060579599,2024.87330330182,NA,NA,NA
3666,3667,REU.3.1_1,REU.3.1_1,0.0860417110340079,0.289842688804359,0.203800977770351,2024.78752355456,2024.8735652656,NA,NA,NA
4033,1755,REU.4.3_1,REU.4.3_1,0.0439081272800492,0.290594363096922,0.246686235816873,2024.83040881261,2024.87431693989,CHIKV_RUN_S12b01_2024,55.507669,-21.286309
5516,5659,REU.3.1_1,REU.3.1_1,0.0207604137264376,0.292216401589332,0.271455987862894,2024.85517856466,2024.87593897838,NA,NA,NA
3400,3557,REU.3.1_1,REU.3.1_1,0.00292452362600115,0.292505248652816,0.289580725026814,2024.87330330182,2024.87622782545,NA,NA,NA
5439,5485,REU.3.1_1,REU.3.1_1,0.0127328096444771,0.293869430602219,0.281136620957742,2024.86485919775,2024.8775920074,NA,NA,NA
3697,3698,REU.3.1_1,REU.3.1_1,0.128312496590637,0.294875863393476,0.166563366802839,2024.7502859436,2024.87859844019,NA,NA,NA
3698,1919,REU.3.1_1,REU.3.1_1,0.00118298057792576,0.296058843971402,0.294875863393476,2024.87859844019,2024.87978142077,CHIKV_RUN_S5b09_2024,55.365166,-21.257606
3171,3184,REU.3.1_1,REU.3.1_1,0.0195890207521384,0.296563201325561,0.276974180573422,2024.86069675737,2024.88028577812,NA,NA,NA
3122,3660,REU.3.1_1,REU.3.1_1,0.0804381676174232,0.299807216637032,0.219369049019609,2024.80309162581,2024.88352979343,NA,NA,NA
5959,6036,REU.3.1_1,REU.3.1_1,0.0212441246908498,0.300260337873957,0.279016213183108,2024.86273878998,2024.88398291467,NA,NA,NA
5659,5660,REU.3.1_1,REU.3.1_1,0.00848831616648804,0.30070471775582,0.292216401589332,2024.87593897838,2024.88442729455,NA,NA,NA
5660,5679,REU.3.1_1,REU.3.1_1,0.000451087644646853,0.301155805400467,0.30070471775582,2024.88442729455,2024.88487838219,NA,NA,NA
3557,3560,REU.3.1_1,REU.3.1_1,0.00918031244905726,0.301685561101873,0.292505248652816,2024.87622782545,2024.8854081379,NA,NA,NA
3705,3706,REU.4.3_1,REU.4.3_1,0.0590202451374803,0.301686988957818,0.242666743820338,2024.82638932061,2024.88540956575,NA,NA,NA
3560,3561,REU.3.1_1,REU.3.1_1,0.000669261319948156,0.302354822421821,0.301685561101873,2024.8854081379,2024.88607739922,NA,NA,NA
5932,5933,REU.3.1_1,REU.3.1_1,0.0162132851504514,0.302428067066786,0.286214781916335,2024.86993735871,2024.88615064386,NA,NA,NA
5516,5517,REU.3.1_1,REU.3.1_1,0.0310038418098683,0.302459829672762,0.271455987862894,2024.85517856466,2024.88618240647,NA,NA,NA
5958,6223,REU.3.1_1,REU.3.1_1,0.0436343377107489,0.30315340209087,0.259519064380121,2024.84324164117,2024.88687597888,NA,NA,NA
5517,5518,REU.3.1_1,REU.3.1_1,0.000851356999242103,0.303311186672005,0.302459829672762,2024.88618240647,2024.88703376347,NA,NA,NA
3561,3577,REU.3.1_1,REU.3.1_1,0.00235647620905321,0.304711298630874,0.302354822421821,2024.88607739922,2024.88843387542,NA,NA,NA
6036,6037,REU.3.1_1,REU.3.1_1,0.0046273675315015,0.304887705405459,0.300260337873957,2024.88398291467,2024.8886102822,NA,NA,NA
3184,3364,REU.3.1_1,REU.3.1_1,0.0118548947423324,0.308418096067893,0.296563201325561,2024.88028577812,2024.89214067286,NA,NA,NA
5817,5818,REU.3.1_1,REU.3.1_1,0.0603777731174105,0.308551131014318,0.248173357896908,2024.83189593469,2024.89227370781,NA,NA,NA
3364,3376,REU.3.1_1,REU.3.1_1,0.000689763569238,0.309107859637131,0.308418096067893,2024.89214067286,2024.89283043643,NA,NA,NA
6036,2701,REU.3.1_1,REU.3.1_1,0.00945970828307496,0.309720046157032,0.300260337873957,2024.88398291467,2024.89344262295,CHIKV_RUN_S8b03_2024,55.367555,-21.25695
3701,4593,REU.4.3_1,REU.4.3_1,0.0909353673240736,0.310155864619457,0.219220497295383,2024.80294307409,2024.89387844141,NA,NA,NA
3184,3185,REU.3.1_1,REU.3.1_1,0.014797180170947,0.311360381496508,0.296563201325561,2024.88028577812,2024.89508295829,NA,NA,NA
3185,3186,REU.3.1_1,REU.3.1_1,0.00104743825646147,0.312407819752969,0.311360381496508,2024.89508295829,2024.89613039655,NA,NA,NA
6037,6038,REU.3.1_1,REU.3.1_1,0.00773328691482722,0.312620992320286,0.304887705405459,2024.8886102822,2024.89634356911,NA,NA,NA
4034,4035,REU.4.3_1,REU.4.3_1,0.0469564939170657,0.313499576585358,0.266543082668293,2024.85026565946,2024.89722215338,NA,NA,NA
4035,4237,REU.4.3_1,REU.4.3_1,0.00140859691734629,0.314908173502705,0.313499576585358,2024.89722215338,2024.8986307503,NA,NA,NA
5933,2703,REU.3.1_1,REU.3.1_1,0.0127564599647262,0.315184527031512,0.302428067066786,2024.88615064386,2024.89890710383,CHIKV_RUN_S8b01_2024,55.365339,-21.256825
3857,3858,REU.4.3_1,REU.4.5_1,0.0634923052280086,0.315442186255658,0.251949881027649,2024.83567245782,2024.89916476305,NA,NA,NA
3660,3662,REU.3.1_1,REU.3.1_1,0.0157078723831494,0.315515089020181,0.299807216637032,2024.88352979343,2024.89923766581,NA,NA,NA
3577,3578,REU.3.1_1,REU.3.1_1,0.0124774987686952,0.317188797399569,0.304711298630874,2024.88843387542,2024.90091137419,NA,NA,NA
6038,6039,REU.3.1_1,REU.3.1_1,0.00628449124395536,0.318905483564242,0.312620992320286,2024.89634356911,2024.90262806036,NA,NA,NA
3400,3401,REU.3.1_1,REU.3.1_1,0.0293277717002495,0.318908496727064,0.289580725026814,2024.87330330182,2024.90263107352,NA,NA,NA
3557,3558,REU.3.1_1,REU.3.1_1,0.026403272201402,0.318908520854218,0.292505248652816,2024.87622782545,2024.90263109765,NA,NA,NA
5818,5849,REU.3.1_1,REU.3.1_1,0.0110559024286143,0.319607033442933,0.308551131014318,2024.89227370781,2024.90332961024,NA,NA,NA
5050,5184,REU.4.3_1,REU.4.3_1,0.0927579385272581,0.319686206921941,0.226928268394683,2024.81065084519,2024.90340878372,NA,NA,NA
5517,5526,REU.3.1_1,REU.3.1_1,0.0175472179225831,0.320007047595345,0.302459829672762,2024.88618240647,2024.90372962439,NA,NA,NA
3394,3395,REU.3.1_1,REU.3.1_1,0.04335247068016,0.320235689878784,0.276883219198624,2024.86060579599,2024.90395826667,NA,NA,NA
3700,4821,REU.4.3_1,REU.4.3_1,0.107456345347118,0.320544621693853,0.213088276346734,2024.79681085314,2024.90426719849,NA,NA,NA
5849,2400,REU.3.1_1,REU.3.1_1,0.00104197446283194,0.320649007905764,0.319607033442933,2024.90332961024,2024.9043715847,CHIKV_RUN_S8b06_2024,55.364925,-21.256758
5515,5800,REU.3.1_1,REU.3.1_1,0.065600013931561,0.324666128232877,0.259066114301316,2024.8427886911,2024.90838870503,NA,NA,NA
5679,5682,REU.3.1_1,REU.3.1_1,0.0238003143993898,0.324956119799856,0.301155805400467,2024.88487838219,2024.90867869659,NA,NA,NA
5184,5185,REU.4.3_1,REU.4.3_1,0.0059636577509844,0.325649864672926,0.319686206921941,2024.90340878372,2024.90937244147,NA,NA,NA
3171,3172,REU.3.1_1,REU.3.1_1,0.0486926238050591,0.325666804378481,0.276974180573422,2024.86069675737,2024.90938938117,NA,NA,NA
4237,1768,REU.4.3_1,REU.4.3_1,0.0112053152773122,0.326113488780017,0.314908173502705,2024.8986307503,2024.90983606557,CHIKV_RUN_S8b04_2024,55.55342,-21.215457
4593,4594,REU.4.3_1,REU.4.3_1,0.0160061621486732,0.32616202676813,0.310155864619457,2024.89387844141,2024.90988460356,NA,NA,NA
5849,5850,REU.3.1_1,REU.3.1_1,0.00705236549652966,0.326659398939462,0.319607033442933,2024.90332961024,2024.91038197573,NA,NA,NA
3577,3579,REU.3.1_1,REU.3.1_1,0.0220729788547037,0.326784277485578,0.304711298630874,2024.88843387542,2024.91050685428,NA,NA,NA
5051,5052,REU.4.3_1,REU.4.4_1,0.0857723258948088,0.328265299248247,0.242492973353439,2024.82621555015,2024.91198787604,NA,NA,NA
5413,5414,REU.3.1_1,REU.4.8_1,0.10046011485684,0.328634879605503,0.228174764748664,2024.81189734154,2024.9123574564,NA,NA,NA
3662,2003,REU.3.1_1,REU.3.1_1,0.0133306401969617,0.328845729217143,0.315515089020181,2024.89923766581,2024.91256830601,CHIKV_RUN_S8b07_2024,55.3668,-21.2598
5424,5425,REU.3.1_1,REU.3.1_1,0.0722044594937822,0.329083424133396,0.256878964639613,2024.84060154143,2024.91280600093,NA,NA,NA
4821,4895,REU.4.3_1,REU.4.3_1,0.00878550337006101,0.329330125063914,0.320544621693853,2024.90426719849,2024.91305270186,NA,NA,NA
4035,4036,REU.4.3_1,REU.4.3_1,0.0173235513408674,0.330823127926226,0.313499576585358,2024.89722215338,2024.91454570472,NA,NA,NA
3395,3398,REU.3.1_1,REU.3.1_1,0.011770800389685,0.332006490268469,0.320235689878784,2024.90395826667,2024.91572906706,NA,NA,NA
3660,3661,REU.3.1_1,REU.3.1_1,0.0327727244903112,0.332579941127343,0.299807216637032,2024.88352979343,2024.91630251792,NA,NA,NA
5425,5429,REU.3.1_1,REU.3.1_1,0.00351802895611253,0.332601453089508,0.329083424133396,2024.91280600093,2024.91632402988,NA,NA,NA
4237,4238,REU.4.3_1,REU.4.3_1,0.0181643007080223,0.333072474210727,0.314908173502705,2024.8986307503,2024.916795051,NA,NA,NA
5682,5683,REU.3.1_1,REU.3.1_1,0.00822488181469216,0.333181001614549,0.324956119799856,2024.90867869659,2024.91690357841,NA,NA,NA
3706,266,REU.4.3_1,REU.4.3_1,0.0326232211338047,0.334310210091623,0.301686988957818,2024.88540956575,2024.91803278689,CHIKV_RUN_S12b56_2024,55.50965,-21.285721
5425,5426,REU.3.1_1,REU.3.1_1,0.00550635870733229,0.334589782840728,0.329083424133396,2024.91280600093,2024.91831235963,NA,NA,NA
5052,5094,REU.4.4_1,REU.4.4_1,0.00680573343444013,0.335071032682688,0.328265299248247,2024.91198787604,2024.91879360948,NA,NA,NA
3706,3707,REU.4.3_1,REU.4.3_1,0.0334564175718013,0.335143406529619,0.301686988957818,2024.88540956575,2024.91886598332,NA,NA,NA
4330,4331,REU.4.3_1,REU.4.3_1,0.0522282929367532,0.335862773598146,0.283634480661392,2024.86735705746,2024.91958535039,NA,NA,NA
5850,5907,REU.3.1_1,REU.3.1_1,0.00953232645145585,0.336191725390918,0.326659398939462,2024.91038197573,2024.91991430218,NA,NA,NA
3578,1818,REU.3.1_1,REU.3.1_1,0.0198536531291794,0.337042450528749,0.317188797399569,2024.90091137419,2024.92076502732,CHIKV_RUN_S8b10_2024,55.366226,-21.25806
5184,5236,REU.4.3_1,REU.4.3_1,0.0173565368128251,0.337042743734766,0.319686206921941,2024.90340878372,2024.92076532053,NA,NA,NA
3186,3187,REU.3.1_1,REU.3.1_1,0.0258969539358165,0.338304773688786,0.312407819752969,2024.89613039655,2024.92202735048,NA,NA,NA
5185,5186,REU.4.3_1,REU.4.3_1,0.0127177689040114,0.338367633576937,0.325649864672926,2024.90937244147,2024.92209021037,NA,NA,NA
3558,3559,REU.3.1_1,REU.3.1_1,0.0207054783416601,0.339613999195878,0.318908520854218,2024.90263109765,2024.92333657599,NA,NA,NA
3120,1814,REU.3.1_1,REU.4.6_1,0.233973707034509,0.339774690965875,0.105800983931366,2024.68952356073,2024.92349726776,CHIKV_RUN_S8b13_2024,55.450236,-21.274307
5426,2735,REU.3.1_1,REU.3.1_1,0.00518490812514705,0.339774690965875,0.334589782840728,2024.91831235963,2024.92349726776,CHIKV_RUN_S12b70_2024,55.36742,-21.260008
3125,3126,REU.3.1_1,REU.3.4_1,0.061242111816088,0.340024181091842,0.278782069275754,2024.86250464607,2024.92374675789,NA,NA,NA
3703,4464,REU.4.3_1,REU.4.3_1,0.104612129477172,0.340246715599807,0.235634586122635,2024.81935716292,2024.92396929239,NA,NA,NA
3125,3138,REU.3.1_1,REU.3.1_1,0.06284737973191,0.341629449007664,0.278782069275754,2024.86250464607,2024.9253520258,NA,NA,NA
4330,4430,REU.4.3_1,REU.4.3_1,0.0585126907097733,0.342147171371166,0.283634480661392,2024.86735705746,2024.92586974816,NA,NA,NA
3393,2702,REU.3.1_1,REU.3.1_1,0.0685042812768916,0.342506931403001,0.27400265012611,2024.85772522692,2024.9262295082,CHIKV_RUN_S12b75_2024,55.366999,-21.260304
3667,2642,REU.3.1_1,REU.3.1_1,0.0526642425986419,0.342506931403001,0.289842688804359,2024.8735652656,2024.9262295082,CHIKV_RUN_S12b57_2024,55.375341,-21.265219
4594,4633,REU.4.3_1,REU.4.3_1,0.0174879704040621,0.343649997172192,0.32616202676813,2024.90988460356,2024.92737257397,NA,NA,NA
5236,5280,REU.4.3_1,REU.4.3_1,0.00670009660484217,0.343742840339608,0.337042743734766,2024.92076532053,2024.92746541713,NA,NA,NA
3560,3647,REU.3.1_1,REU.3.1_1,0.0420701271852996,0.343755688287172,0.301685561101873,2024.8854081379,2024.92747826508,NA,NA,NA
3676,3677,REU.3.1_1,REU.3.1_1,0.0694633238536939,0.344050671203103,0.274587347349409,2024.85830992414,2024.927773248,NA,NA,NA
5959,5960,REU.3.1_1,REU.3.1_1,0.0651963443403596,0.344212557523467,0.279016213183108,2024.86273878998,2024.92793513432,NA,NA,NA
5429,5430,REU.3.1_1,REU.3.1_1,0.012142605610926,0.344744058700434,0.332601453089508,2024.91632402988,2024.92846663549,NA,NA,NA
5526,5527,REU.3.1_1,REU.3.1_1,0.0247623852831792,0.344769432878525,0.320007047595345,2024.90372962439,2024.92849200967,NA,NA,NA
3172,3182,REU.3.1_1,REU.3.1_1,0.0191347886034791,0.34480159298196,0.325666804378481,2024.90938938117,2024.92852416978,NA,NA,NA
3671,3672,REU.3.1_1,REU.3.1_1,0.174279868883629,0.344844168604056,0.170564299720427,2024.75428687651,2024.9285667454,NA,NA,NA
3559,1771,REU.3.1_1,REU.3.1_1,0.00562517264424955,0.345239171840127,0.339613999195878,2024.92333657599,2024.92896174863,CHIKV_RUN_S8b15_2024,55.366468,-21.260281
3647,2736,REU.3.1_1,REU.3.1_1,0.00148348355295491,0.345239171840127,0.343755688287172,2024.92747826508,2024.92896174863,CHIKV_RUN_S8b14_2024,55.3668,-21.2598
4633,4634,REU.4.3_1,REU.4.3_1,0.00191629885936673,0.345566296031559,0.343649997172192,2024.92737257397,2024.92928887283,NA,NA,NA
3401,3402,REU.3.1_1,REU.3.1_1,0.0271068127358023,0.346015309462866,0.318908496727064,2024.90263107352,2024.92973788626,NA,NA,NA
4036,4076,REU.4.3_1,REU.4.3_1,0.0156199898750452,0.346443117801271,0.330823127926226,2024.91454570472,2024.9301656946,NA,NA,NA
3937,3938,REU.4.3_1,REU.4.3_1,0.067416916599151,0.346694992680276,0.279278076081126,2024.86300065287,2024.93041756947,NA,NA,NA
4539,4540,REU.4.3_1,REU.4.3_1,0.0777312245526679,0.346968842104251,0.269237617551583,2024.85296019435,2024.9306914189,NA,NA,NA
4464,4465,REU.4.3_1,REU.4.3_1,0.00699543092649957,0.347242146526307,0.340246715599807,2024.92396929239,2024.93096472332,NA,NA,NA
3185,3291,REU.3.1_1,REU.3.4_1,0.0359961893280825,0.34735657082459,0.311360381496508,2024.89508295829,2024.93107914762,NA,NA,NA
3398,3088,REU.3.1_1,REU.3.1_1,0.0159649220087849,0.347971412277253,0.332006490268469,2024.91572906706,2024.93169398907,CHIKV_RUN_S8b17_2024,55.367306,-21.258026
5907,63,REU.3.1_1,REU.3.1_1,0.0117796868863355,0.347971412277253,0.336191725390918,2024.91991430218,2024.93169398907,CHIKV_RUN_S12b81_2024,55.366316,-21.258659
3561,3562,REU.3.1_1,REU.3.1_1,0.0463999446177441,0.348754767039565,0.302354822421821,2024.88607739922,2024.93247734383,NA,NA,NA
5280,5281,REU.4.3_1,REU.4.3_1,0.00519839831587743,0.348941238655486,0.343742840339608,2024.92746541713,2024.93266381545,NA,NA,NA
4895,4896,REU.4.3_1,REU.4.3_1,0.0201744563391913,0.349504581403105,0.329330125063914,2024.91305270186,2024.9332271582,NA,NA,NA
4539,4591,REU.4.3_1,REU.4.3_1,0.0806646082442893,0.349902225795872,0.269237617551583,2024.85296019435,2024.93362480259,NA,NA,NA
4238,4279,REU.4.3_1,REU.4.3_1,0.0171871887167094,0.350259662927436,0.333072474210727,2024.916795051,2024.93398223972,NA,NA,NA
5683,5684,REU.3.1_1,REU.3.1_1,0.0171744450110135,0.350355446625562,0.333181001614549,2024.91690357841,2024.93407802342,NA,NA,NA
5850,5851,REU.3.1_1,REU.3.1_1,0.0238763901418939,0.350535789081356,0.326659398939462,2024.91038197573,2024.93425836587,NA,NA,NA
4465,4466,REU.4.3_1,REU.4.3_1,0.00359613261793712,0.350838279144244,0.347242146526307,2024.93096472332,2024.93456085594,NA,NA,NA
3676,3678,REU.3.1_1,REU.3.1_1,0.0773247094128022,0.351912056762212,0.274587347349409,2024.85830992414,2024.93563463356,NA,NA,NA
4331,4332,REU.4.3_1,REU.4.8_1,0.0166935856014676,0.352556359199613,0.335862773598146,2024.91958535039,2024.93627893599,NA,NA,NA
6039,6040,REU.3.1_1,REU.3.1_1,0.0341325941797649,0.353038077744006,0.318905483564242,2024.90262806036,2024.93676065454,NA,NA,NA
3707,3757,REU.4.3_1,REU.4.3_1,0.0179745851563139,0.353117991685933,0.335143406529619,2024.91886598332,2024.93684056848,NA,NA,NA
4896,4897,REU.4.3_1,REU.4.3_1,0.00389555753365722,0.353400138936762,0.349504581403105,2024.9332271582,2024.93712271573,NA,NA,NA
3579,3598,REU.3.1_1,REU.3.1_1,0.0272613098547624,0.35404558734034,0.326784277485578,2024.91050685428,2024.93776816413,NA,NA,NA
4076,4077,REU.4.3_1,REU.4.3_1,0.0078150507455913,0.354258168546862,0.346443117801271,2024.9301656946,2024.93798074534,NA,NA,NA
5186,5187,REU.4.3_1,REU.4.3_1,0.0163190391562146,0.354686672733152,0.338367633576937,2024.92209021037,2024.93840924953,NA,NA,NA
6223,6224,REU.3.1_1,REU.3.1_1,0.0517814206743126,0.354934822765183,0.30315340209087,2024.88687597888,2024.93865739956,NA,NA,NA
5679,5680,REU.3.1_1,REU.3.1_1,0.0539194192782293,0.355075224678696,0.301155805400467,2024.88487838219,2024.93879780147,NA,NA,NA
5960,5961,REU.3.1_1,REU.3.1_1,0.0115402190139621,0.355752776537429,0.344212557523467,2024.92793513432,2024.93947535333,NA,NA,NA
5527,5557,REU.3.1_1,REU.3.1_1,0.0125798109744496,0.357349243852974,0.344769432878525,2024.92849200967,2024.94107182065,NA,NA,NA
3138,3139,REU.3.1_1,REU.3.1_1,0.0163277400015571,0.357957189009221,0.341629449007664,2024.9253520258,2024.9416797658,NA,NA,NA
4593,4724,REU.4.3_1,REU.4.3_1,0.048565534728958,0.358721399348415,0.310155864619457,2024.89387844141,2024.94244397614,NA,NA,NA
5682,2669,REU.3.1_1,REU.3.1_1,0.0339442542261291,0.358900374025986,0.324956119799856,2024.90867869659,2024.94262295082,CHIKV_RUN_S12b78_2024,55.366999,-21.260304
3402,3403,REU.3.1_1,REU.4.5_1,0.0133142060296204,0.359329515492487,0.346015309462866,2024.92973788626,2024.94305209229,NA,NA,NA
5527,5528,REU.3.1_1,REU.3.1_1,0.014573435367728,0.359342868246253,0.344769432878525,2024.92849200967,2024.94306544504,NA,NA,NA
3402,3503,REU.3.1_1,REU.3.1_1,0.0135678334953115,0.359583142958178,0.346015309462866,2024.92973788626,2024.94330571975,NA,NA,NA
5684,5685,REU.3.1_1,REU.3.1_1,0.0098374093362158,0.360192855961778,0.350355446625562,2024.93407802342,2024.94391543276,NA,NA,NA
5430,5431,REU.3.1_1,REU.3.1_1,0.0154600339224661,0.3602040926229,0.344744058700434,2024.92846663549,2024.94392666942,NA,NA,NA
5684,5767,REU.3.1_1,REU.3.1_1,0.00994559862920463,0.360301045254767,0.350355446625562,2024.93407802342,2024.94402362205,NA,NA,NA
5818,5819,REU.3.1_1,REU.3.1_1,0.051822343195232,0.36037347420955,0.308551131014318,2024.89227370781,2024.944096051,NA,NA,NA
5526,5633,REU.3.1_1,REU.3.1_1,0.0405194100570442,0.36052645765239,0.320007047595345,2024.90372962439,2024.94424903445,NA,NA,NA
5932,5934,REU.3.1_1,REU.3.1_1,0.0744714596941427,0.360686241610477,0.286214781916335,2024.86993735871,2024.9444088184,NA,NA,NA
4897,4898,REU.4.3_1,REU.4.3_1,0.00796605273624351,0.361366191673006,0.353400138936762,2024.93712271573,2024.94508876847,NA,NA,NA
6038,3007,REU.3.1_1,REU.3.1_1,0.0490116221428255,0.361632614463112,0.312620992320286,2024.89634356911,2024.94535519126,CHIKV_RUN_S8b26_2024,55.367536,-21.255162
3677,2172,REU.3.1_1,REU.3.1_1,0.0175819432600083,0.361632614463112,0.344050671203103,2024.927773248,2024.94535519126,CHIKV_RUN_S12b63_2024,55.335646,-21.271694
3403,3404,REU.4.5_1,REU.4.5_1,0.00256338021421287,0.3618928957067,0.359329515492487,2024.94305209229,2024.9456154725,NA,NA,NA
5685,5686,REU.3.1_1,REU.3.1_1,0.00200383259715942,0.362196688558937,0.360192855961778,2024.94391543276,2024.94591926535,NA,NA,NA
5187,5188,REU.4.3_1,REU.4.3_1,0.00776892476658098,0.362455597499733,0.354686672733152,2024.93840924953,2024.94617817429,NA,NA,NA
5281,5305,REU.4.3_1,REU.4.3_1,0.0139935234598006,0.362934762115287,0.348941238655486,2024.93266381545,2024.94665733891,NA,NA,NA
5910,5911,REU.3.1_1,REU.4.3_1,0.100874320449387,0.363087264169254,0.262212943719867,2024.84593552051,2024.94680984096,NA,NA,NA
3398,3399,REU.3.1_1,REU.3.1_1,0.0310958698142831,0.363102360082752,0.332006490268469,2024.91572906706,2024.94682493688,NA,NA,NA
3376,2589,REU.3.1_1,REU.3.1_1,0.0552569952631069,0.364364854900238,0.309107859637131,2024.89283043643,2024.94808743169,CHIKV_RUN_S9b19_2025,55.366333,-21.258894
5430,2241,REU.3.1_1,REU.3.1_1,0.0196207961998037,0.364364854900238,0.344744058700434,2024.92846663549,2024.94808743169,CHIKV_RUN_S8b24_2024,55.365547,-21.258072
4332,363,REU.4.8_1,REU.4.8_1,0.0118084957006247,0.364364854900238,0.352556359199613,2024.93627893599,2024.94808743169,CHIKV_RUN_S12b54_2024,55.496277,-21.271636
5431,2293,REU.3.1_1,REU.3.1_1,0.00416076227733764,0.364364854900238,0.3602040926229,2024.94392666942,2024.94808743169,CHIKV_RUN_S8b25_2024,55.365547,-21.258072
5767,5768,REU.3.1_1,REU.3.1_1,0.00478716475334551,0.365088210008112,0.360301045254767,2024.94402362205,2024.9488107868,NA,NA,NA
5185,5231,REU.4.3_1,REU.4.3_1,0.0395532919051302,0.365203156578056,0.325649864672926,2024.90937244147,2024.94892573337,NA,NA,NA
5633,5634,REU.3.1_1,REU.3.1_1,0.00473825672698558,0.365264714379375,0.36052645765239,2024.94424903445,2024.94898729117,NA,NA,NA
5439,5440,REU.3.1_1,REU.4.3_1,0.0841847041194191,0.365321325077161,0.281136620957742,2024.86485919775,2024.94904390187,NA,NA,NA
4821,4822,REU.4.3_1,REU.4.3_1,0.0448592752555184,0.365403896949371,0.320544621693853,2024.90426719849,2024.94912647374,NA,NA,NA
5281,5282,REU.4.3_1,REU.4.3_1,0.0174853753225968,0.366426613978083,0.348941238655486,2024.93266381545,2024.95014919077,NA,NA,NA
5851,5891,REU.3.1_1,REU.3.1_1,0.015904657929478,0.366440447010834,0.350535789081356,2024.93425836587,2024.9501630238,NA,NA,NA
3139,3140,REU.3.1_1,REU.3.1_1,0.00865286541207988,0.366610054421301,0.357957189009221,2024.9416797658,2024.95033263121,NA,NA,NA
5305,5306,REU.4.3_1,REU.4.3_1,0.00384975797321585,0.366784520088502,0.362934762115287,2024.94665733891,2024.95050709688,NA,NA,NA
3364,3365,REU.3.1_1,REU.3.1_1,0.0584485135748313,0.366866609642724,0.308418096067893,2024.89214067286,2024.95058918644,NA,NA,NA
4898,4950,REU.4.3_1,REU.4.3_1,0.00555791252666216,0.366924104199668,0.361366191673006,2024.94508876847,2024.95064668099,NA,NA,NA
5094,5107,REU.4.4_1,REU.4.4_1,0.0319764898042308,0.367047522486918,0.335071032682688,2024.91879360948,2024.95077009928,NA,NA,NA
5659,2675,REU.3.1_1,REU.3.1_1,0.0748806937480323,0.367097095337364,0.292216401589332,2024.87593897838,2024.95081967213,CHIKV_RUN_S9b27_2025,55.365944,-21.258234
3578,2738,REU.3.1_1,REU.3.1_1,0.0499082979377946,0.367097095337364,0.317188797399569,2024.90091137419,2024.95081967213,CHIKV_RUN_S8b29_2024,55.367755,-21.255332
4238,4239,REU.4.3_1,REU.4.3_1,0.0349194985401859,0.367991972750913,0.333072474210727,2024.916795051,2024.95171454954,NA,NA,NA
4077,4117,REU.4.3_1,REU.2.3_1,0.013825489259799,0.368083657806661,0.354258168546862,2024.93798074534,2024.9518062346,NA,NA,NA
4466,4467,REU.4.3_1,REU.4.3_1,0.0176364793724754,0.368474758516719,0.350838279144244,2024.93456085594,2024.95219733531,NA,NA,NA
5961,5962,REU.3.1_1,REU.3.1_1,0.0128336745123825,0.368586451049812,0.355752776537429,2024.93947535333,2024.95230902784,NA,NA,NA
5686,5687,REU.3.1_1,REU.3.1_1,0.0065998968837131,0.36879658544265,0.362196688558937,2024.94591926535,2024.95251916224,NA,NA,NA
3187,3188,REU.3.1_1,REU.3.1_1,0.0305215240225803,0.368826297711366,0.338304773688786,2024.92202735048,2024.9525488745,NA,NA,NA
5660,5661,REU.3.1_1,REU.3.1_1,0.0685252113740518,0.369229929129872,0.30070471775582,2024.88442729455,2024.95295250592,NA,NA,NA
5685,5698,REU.3.1_1,REU.3.1_1,0.00904512048561579,0.369237976447394,0.360192855961778,2024.94391543276,2024.95296055324,NA,NA,NA
3503,3543,REU.3.1_1,REU.3.1_1,0.00968813783548628,0.369271280793664,0.359583142958178,2024.94330571975,2024.95299385759,NA,NA,NA
5819,5820,REU.3.1_1,REU.3.1_1,0.00938236455040642,0.369755838759957,0.36037347420955,2024.944096051,2024.95347841555,NA,NA,NA
3757,3758,REU.4.3_1,REU.4.3_1,0.0169477785892432,0.370065770275176,0.353117991685933,2024.93684056848,2024.95378834707,NA,NA,NA
4634,4635,REU.4.3_1,REU.4.3_1,0.0248026725072608,0.37036896853882,0.345566296031559,2024.92928887283,2024.95409154533,NA,NA,NA
6039,6128,REU.3.1_1,REU.3.4_1,0.0514929563043316,0.370398439868573,0.318905483564242,2024.90262806036,2024.95412101666,NA,NA,NA
3543,3544,REU.3.1_1,REU.3.1_1,0.00164211817936444,0.370913398973028,0.369271280793664,2024.95299385759,2024.95463597577,NA,NA,NA
3291,3292,REU.3.4_1,REU.3.4_1,0.0236338549577021,0.370990425782292,0.34735657082459,2024.93107914762,2024.95471300258,NA,NA,NA
5634,5635,REU.3.1_1,REU.3.1_1,0.00574610099677308,0.371010815376148,0.365264714379375,2024.94898729117,2024.95473339217,NA,NA,NA
4950,4951,REU.4.3_1,REU.4.3_1,0.00433268091469385,0.371256785114362,0.366924104199668,2024.95064668099,2024.95497936191,NA,NA,NA
4540,4549,REU.4.3_1,REU.4.3_1,0.0245300217360355,0.371498863840286,0.346968842104251,2024.9306914189,2024.95522144063,NA,NA,NA
4465,4492,REU.4.3_1,REU.4.3_1,0.0253125159411977,0.372554662467504,0.347242146526307,2024.93096472332,2024.95627723926,NA,NA,NA
6224,2240,REU.3.1_1,REU.3.1_1,0.0176267534466612,0.372561576211844,0.354934822765183,2024.93865739956,2024.95628415301,CHIKV_RUN_S8b34_2024,55.360735,-21.261353
3399,2292,REU.3.1_1,REU.3.1_1,0.00945921612909195,0.372561576211844,0.363102360082752,2024.94682493688,2024.95628415301,CHIKV_RUN_S12b62_2024,55.368633,-21.256765
4239,1460,REU.4.3_1,REU.4.8_1,0.00456960346093083,0.372561576211844,0.367991972750913,2024.95171454954,2024.95628415301,CHIKV_RUN_S12b53_2024,55.494449,-21.268551
4822,4823,REU.4.3_1,REU.4.3_1,0.00718302064221787,0.372586917591589,0.365403896949371,2024.94912647374,2024.95630949439,NA,NA,NA
5911,5912,REU.4.3_1,REU.4.3_1,0.00962317102321442,0.372710435192468,0.363087264169254,2024.94680984096,2024.95643301199,NA,NA,NA
3188,3196,REU.3.1_1,REU.3.1_1,0.00432225672451514,0.373148554435881,0.368826297711366,2024.9525488745,2024.95687113123,NA,NA,NA
3196,3227,REU.3.1_1,REU.3.1_1,3.07091871782905e-05,0.373179263623059,0.373148554435881,2024.95687113123,2024.95690184042,NA,NA,NA
6040,6043,REU.3.1_1,REU.2.3_1,0.0202529469271355,0.373291024671142,0.353038077744006,2024.93676065454,2024.95701360146,NA,NA,NA
3579,3580,REU.3.1_1,REU.3.1_1,0.0466853271770011,0.373469604662579,0.326784277485578,2024.91050685428,2024.95719218146,NA,NA,NA
5891,5892,REU.3.1_1,REU.3.1_1,0.00747212619816617,0.373912573209,0.366440447010834,2024.9501630238,2024.95763515,NA,NA,NA
5305,5335,REU.4.3_1,REU.4.3_1,0.0119990491398388,0.374933811255125,0.362934762115287,2024.94665733891,2024.95865638805,NA,NA,NA
4951,4952,REU.4.3_1,REU.4.3_1,0.00385320453233584,0.375109989646698,0.371256785114362,2024.95497936191,2024.95883256644,NA,NA,NA
3404,3405,REU.4.5_1,REU.4.5_1,0.0133048633332555,0.375197759039955,0.3618928957067,2024.9456154725,2024.95892033583,NA,NA,NA
5280,1480,REU.4.3_1,REU.4.3_1,0.0315509763093614,0.37529381664897,0.343742840339608,2024.92746541713,2024.95901639344,CHIKV_RUN_S8b54_2024,55.507856,-21.286776
5961,2549,REU.3.1_1,REU.3.1_1,0.0195410401115406,0.37529381664897,0.355752776537429,2024.93947535333,2024.95901639344,CHIKV_RUN_S12b14_2025,55.36634,-21.257965
3598,3599,REU.3.1_1,REU.3.1_1,0.0213107366937408,0.375356324034081,0.35404558734034,2024.93776816413,2024.95907890083,NA,NA,NA
4549,4551,REU.4.3_1,REU.4.3_1,0.00429141577669534,0.375790279616982,0.371498863840286,2024.95522144063,2024.95951285641,NA,NA,NA
3580,3581,REU.3.1_1,REU.3.1_1,0.0028377265802163,0.376307331242795,0.373469604662579,2024.95719218146,2024.96002990804,NA,NA,NA
3858,3859,REU.4.5_1,REU.4.5_1,0.0609164606940668,0.376358646949725,0.315442186255658,2024.89916476305,2024.96008122374,NA,NA,NA
4332,4333,REU.4.8_1,REU.4.8_1,0.0241339701038698,0.376690329303483,0.352556359199613,2024.93627893599,2024.9604129061,NA,NA,NA
3140,3148,REU.3.1_1,REU.3.1_1,0.0103987163016445,0.377008770722946,0.366610054421301,2024.95033263121,2024.96073134752,NA,NA,NA
5188,5189,REU.4.3_1,REU.4.8_1,0.0148150009770582,0.377270598476791,0.362455597499733,2024.94617817429,2024.96099317527,NA,NA,NA
5431,5432,REU.3.1_1,REU.3.1_1,0.0171597630265212,0.377363855649421,0.3602040926229,2024.94392666942,2024.96108643244,NA,NA,NA
5189,5190,REU.4.8_1,REU.4.8_1,0.000313667442056742,0.377584265918848,0.377270598476791,2024.96099317527,2024.96130684271,NA,NA,NA
3140,3141,REU.3.1_1,REU.3.1_1,0.0111641704964937,0.377774224917795,0.366610054421301,2024.95033263121,2024.96149680171,NA,NA,NA
3292,3293,REU.3.4_1,REU.3.4_1,0.00687816048861534,0.377868586270907,0.370990425782292,2024.95471300258,2024.96159116306,NA,NA,NA
3698,2737,REU.3.1_1,REU.3.1_1,0.0831501936926202,0.378026057086096,0.294875863393476,2024.87859844019,2024.96174863388,CHIKV_RUN_S9b28_2025,55.366973,-21.260719
3558,2790,REU.3.1_1,REU.3.1_1,0.0591175362318784,0.378026057086096,0.318908520854218,2024.90263109765,2024.96174863388,CHIKV_RUN_S9b46_2025,55.367704,-21.256858
3138,3087,REU.3.1_1,REU.3.1_1,0.0363966080784318,0.378026057086096,0.341629449007664,2024.9253520258,2024.96174863388,CHIKV_RUN_S9b50_2025,55.367266,-21.257385
6224,2239,REU.3.1_1,REU.3.1_1,0.0230912343209135,0.378026057086096,0.354934822765183,2024.93865739956,2024.96174863388,CHIKV_RUN_S9b49_2025,55.363511,-21.258699
5557,2150,REU.3.1_1,REU.3.1_1,0.0206768132331218,0.378026057086096,0.357349243852974,2024.94107182065,2024.96174863388,CHIKV_RUN_S12b15_2025,55.365944,-21.258234
3399,2004,REU.3.1_1,REU.3.1_1,0.0149236970033443,0.378026057086096,0.363102360082752,2024.94682493688,2024.96174863388,CHIKV_RUN_S9b42_2025,55.368633,-21.256765
5190,1361,REU.4.8_1,REU.1.3_1,0.000441791167248518,0.378026057086096,0.377584265918848,2024.96130684271,2024.96174863388,CHIKV_RUN_S12b21_2025,55.65664,-20.958424
3141,2205,REU.3.1_1,REU.3.1_1,0.000251832168301158,0.378026057086096,0.377774224917795,2024.96149680171,2024.96174863388,CHIKV_RUN_S12b20_2025,55.365206,-21.258791
4036,4037,REU.4.3_1,REU.4.3_1,0.0474375355046769,0.378260663430903,0.330823127926226,2024.91454570472,2024.96198324022,NA,NA,NA
3938,3939,REU.4.3_1,REU.4.3_1,0.0317041438350939,0.37839913651537,0.346694992680276,2024.93041756947,2024.96212171331,NA,NA,NA
4037,4068,REU.4.3_1,REU.4.3_1,0.00024708315809141,0.378507746588994,0.378260663430903,2024.96198324022,2024.96223032338,NA,NA,NA
5440,5472,REU.4.3_1,REU.4.3_1,0.0133880808071393,0.3787094058843,0.365321325077161,2024.94904390187,2024.96243198268,NA,NA,NA
5485,5499,REU.3.1_1,REU.3.1_1,0.0849476922344957,0.378817122836715,0.293869430602219,2024.8775920074,2024.96253969963,NA,NA,NA
3293,3294,REU.3.4_1,REU.3.4_1,0.000993537195215222,0.378862123466123,0.377868586270907,2024.96159116306,2024.96258470026,NA,NA,NA
4333,4334,REU.4.8_1,REU.4.8_1,0.00274257645587972,0.379432905759363,0.376690329303483,2024.9604129061,2024.96315548255,NA,NA,NA
4076,4175,REU.4.3_1,REU.4.3_1,0.033230847370123,0.379673965171394,0.346443117801271,2024.9301656946,2024.96339654197,NA,NA,NA
5661,5662,REU.3.1_1,REU.3.1_1,0.010620948396476,0.379850877526347,0.369229929129872,2024.95295250592,2024.96357345432,NA,NA,NA
5282,5301,REU.4.3_1,REU.4.3_1,0.0134781620283773,0.37990477600646,0.366426613978083,2024.95014919077,2024.9636273528,NA,NA,NA
3707,3708,REU.4.3_1,REU.4.3_1,0.0447690819197414,0.379912488449361,0.335143406529619,2024.91886598332,2024.96363506524,NA,NA,NA
3292,3331,REU.3.4_1,REU.3.4_1,0.00917697579645382,0.380167401578746,0.370990425782292,2024.95471300258,2024.96388997837,NA,NA,NA
3757,1459,REU.4.3_1,REU.4.3_1,0.027640305837289,0.380758297523222,0.353117991685933,2024.93684056848,2024.96448087432,CHIKV_RUN_S8b91_2025,55.507853,-21.286538
4467,1034,REU.4.3_1,REU.4.3_1,0.0122835390065031,0.380758297523222,0.368474758516719,2024.95219733531,2024.96448087432,CHIKV_RUN_S8b43_2024,55.562342,-21.222214
5301,1754,REU.4.3_1,REU.4.3_1,0.000853521516762323,0.380758297523222,0.37990477600646,2024.9636273528,2024.96448087432,CHIKV_RUN_S8b68_2024,55.521081,-21.28097
4175,4181,REU.4.3_1,REU.4.3_1,0.00141069035847785,0.381084655529872,0.379673965171394,2024.96339654197,2024.96480723232,NA,NA,NA
4551,4552,REU.4.3_1,REU.4.3_1,0.00552967840191243,0.381319958018894,0.375790279616982,2024.95951285641,2024.96504253481,NA,NA,NA
3678,3679,REU.3.1_1,REU.3.1_1,0.030086546484634,0.381998603246846,0.351912056762212,2024.93563463356,2024.96572118004,NA,NA,NA
5820,5825,REU.3.1_1,REU.3.1_1,0.0126738388478362,0.382429677607793,0.369755838759957,2024.95347841555,2024.9661522544,NA,NA,NA
5485,5486,REU.3.1_1,REU.2.3_1,0.0887853960206985,0.382654826622917,0.293869430602219,2024.8775920074,2024.96637740342,NA,NA,NA
4279,4280,REU.4.3_1,REU.4.3_1,0.0324965511176393,0.382756214045076,0.350259662927436,2024.93398223972,2024.96647879084,NA,NA,NA
3196,3197,REU.3.1_1,REU.3.1_1,0.00995426129248389,0.383102815728365,0.373148554435881,2024.95687113123,2024.96682539252,NA,NA,NA
3758,3787,REU.4.3_1,REU.4.3_1,0.0130555954805873,0.383121365755764,0.370065770275176,2024.95378834707,2024.96684394255,NA,NA,NA
4724,4725,REU.4.3_1,REU.4.3_1,0.0245358245748731,0.383257223923288,0.358721399348415,2024.94244397614,2024.96697980072,NA,NA,NA
3559,3020,REU.3.1_1,REU.3.1_1,0.0438765387644706,0.383490537960348,0.339613999195878,2024.92333657599,2024.96721311475,CHIKV_RUN_S12b11_2025,55.362512,-21.256727
5557,5558,REU.3.1_1,REU.3.1_1,0.0262485928627616,0.383597836715736,0.357349243852974,2024.94107182065,2024.96732041351,NA,NA,NA
6040,6041,REU.3.1_1,REU.3.1_1,0.0310077877533099,0.384045865497316,0.353038077744006,2024.93676065454,2024.96776844229,NA,NA,NA
5768,5769,REU.3.1_1,REU.3.1_1,0.0190826041423301,0.384170814150442,0.365088210008112,2024.9488107868,2024.96789339094,NA,NA,NA
5558,5563,REU.3.1_1,REU.3.1_1,0.000957850248870074,0.384555686964606,0.383597836715736,2024.96732041351,2024.96827826376,NA,NA,NA
4552,4553,REU.4.3_1,REU.4.3_1,0.00324312490156242,0.384563082920457,0.381319958018894,2024.96504253481,2024.96828565971,NA,NA,NA
5819,5840,REU.3.1_1,REU.3.1_1,0.0243359445194433,0.384709418728994,0.36037347420955,2024.944096051,2024.96843199552,NA,NA,NA
5231,5232,REU.4.3_1,REU.4.3_1,0.0197346022546222,0.384937758832678,0.365203156578056,2024.94892573337,2024.96866033563,NA,NA,NA
4181,4184,REU.4.3_1,REU.4.3_1,0.0042759883499206,0.385360643879792,0.381084655529872,2024.96480723232,2024.96908322067,NA,NA,NA
3182,3183,REU.3.1_1,REU.3.1_1,0.0410887791914912,0.385890372173452,0.34480159298196,2024.92852416978,2024.96961294897,NA,NA,NA
4898,4899,REU.4.3_1,REU.4.3_1,0.0245517466032792,0.385917938276285,0.361366191673006,2024.94508876847,2024.96964051507,NA,NA,NA
6128,6136,REU.3.4_1,REU.3.4_1,0.015795417849622,0.386193857718195,0.370398439868573,2024.95412101666,2024.96991643451,NA,NA,NA
5892,5896,REU.3.1_1,REU.3.1_1,0.0122918225676598,0.38620439577666,0.373912573209,2024.95763515,2024.96992697257,NA,NA,NA
5499,2550,REU.3.1_1,REU.3.1_1,0.00740565556076,0.386222778397475,0.378817122836715,2024.96253969963,2024.96994535519,CHIKV_RUN_S12b22_2025,55.366468,-21.260281
4724,4775,REU.4.3_1,REU.4.3_1,0.0276916710488131,0.386413070397228,0.358721399348415,2024.94244397614,2024.97013564719,NA,NA,NA
5683,5784,REU.3.1_1,REU.3.1_1,0.0532409419225607,0.386421943537109,0.333181001614549,2024.91690357841,2024.97014452033,NA,NA,NA
3197,3202,REU.3.1_1,REU.3.1_1,0.00348279273459928,0.386585608462964,0.383102815728365,2024.96682539252,2024.97030818526,NA,NA,NA
5426,5427,REU.3.1_1,REU.3.1_1,0.0520361534720849,0.386625936312813,0.334589782840728,2024.91831235963,2024.97034851311,NA,NA,NA
5301,5302,REU.4.3_1,REU.4.3_1,0.00704436160147681,0.386949137607937,0.37990477600646,2024.9636273528,2024.9706717144,NA,NA,NA
3503,3504,REU.3.1_1,REU.4.6_1,0.0278742940985418,0.38745743705672,0.359583142958178,2024.94330571975,2024.97118001385,NA,NA,NA
3403,3478,REU.4.5_1,REU.4.5_1,0.0291698606572168,0.388499376149703,0.359329515492487,2024.94305209229,2024.97222195294,NA,NA,NA
4181,4182,REU.4.3_1,REU.4.3_1,0.00746695673406517,0.388551612263937,0.381084655529872,2024.96480723232,2024.97227418906,NA,NA,NA
6043,6080,REU.2.3_1,REU.2.3_1,0.0157818356878296,0.389072860358972,0.373291024671142,2024.95701360146,2024.97279543715,NA,NA,NA
5698,5720,REU.3.1_1,REU.3.1_1,0.0200801826275926,0.389318159074986,0.369237976447394,2024.95296055324,2024.97304073587,NA,NA,NA
5335,5374,REU.4.3_1,REU.4.3_1,0.0144300309281606,0.389363842183286,0.374933811255125,2024.95865638805,2024.97308641898,NA,NA,NA
3187,3287,REU.3.1_1,REU.3.1_1,0.0513026747145465,0.389607448403332,0.338304773688786,2024.92202735048,2024.9733300252,NA,NA,NA
5232,5233,REU.4.3_1,REU.4.3_1,0.00475160611410252,0.38968936494678,0.384937758832678,2024.96866033563,2024.97341194174,NA,NA,NA
3562,3564,REU.3.1_1,REU.3.1_1,0.0415408273552937,0.390295594394859,0.348754767039565,2024.93247734383,2024.97401817119,NA,NA,NA
3672,3673,REU.3.1_1,REU.3.1_1,0.0455491881183954,0.390393356722452,0.344844168604056,2024.9285667454,2024.97411593352,NA,NA,NA
3376,3377,REU.3.1_1,REU.3.1_1,0.0812856979197484,0.390393557556879,0.309107859637131,2024.89283043643,2024.97411613435,NA,NA,NA
3787,3788,REU.4.3_1,REU.4.3_1,0.00728538723278072,0.390406752988544,0.383121365755764,2024.96684394255,2024.97412932978,NA,NA,NA
3377,3387,REU.3.1_1,REU.3.1_1,0.00012670570628659,0.390520263263166,0.390393557556879,2024.97411613435,2024.97424284006,NA,NA,NA
5374,5375,REU.4.3_1,REU.4.3_1,0.00134892586709479,0.390712768050381,0.389363842183286,2024.97308641898,2024.97443534484,NA,NA,NA
5825,5826,REU.3.1_1,REU.3.1_1,0.00867228532383713,0.39110196293163,0.382429677607793,2024.9661522544,2024.97482453973,NA,NA,NA
5440,5441,REU.4.3_1,REU.4.3_1,0.0261658649915515,0.391487190068712,0.365321325077161,2024.94904390187,2024.97520976686,NA,NA,NA
3661,1999,REU.3.1_1,REU.3.1_1,0.0591073181446112,0.391687259271954,0.332579941127343,2024.91630251792,2024.97540983607,CHIKV_RUN_S12b28_2025,55.366778,-21.260717
5528,2397,REU.3.1_1,REU.3.1_1,0.0323443910257015,0.391687259271954,0.359342868246253,2024.94306544504,2024.97540983607,CHIKV_RUN_S8b75_2025,55.366258,-21.259718
5413,5423,REU.3.1_1,REU.4.3_1,0.163565656998542,0.391740421747205,0.228174764748664,2024.81189734154,2024.97546299854,NA,NA,NA
5335,5336,REU.4.3_1,REU.4.3_1,0.0169995599283042,0.39193337118343,0.374933811255125,2024.95865638805,2024.97565594798,NA,NA,NA
5851,5852,REU.3.1_1,REU.3.1_1,0.0415512112445242,0.39208700032588,0.350535789081356,2024.93425836587,2024.97580957712,NA,NA,NA
5441,5442,REU.4.3_1,REU.4.3_1,0.000754038546462832,0.392241228615175,0.391487190068712,2024.97520976686,2024.97596380541,NA,NA,NA
6136,6147,REU.3.4_1,REU.3.4_1,0.00621803914770591,0.392411896865901,0.386193857718195,2024.96991643451,2024.97613447366,NA,NA,NA
5190,5191,REU.4.8_1,REU.4.3_1,0.0148327745852875,0.392417040504135,0.377584265918848,2024.96130684271,2024.9761396173,NA,NA,NA
4430,4431,REU.4.3_1,REU.4.8_1,0.0503668846531028,0.392514056024268,0.342147171371166,2024.92586974816,2024.97623663282,NA,NA,NA
4823,4826,REU.4.3_1,REU.4.3_1,0.0199431877538041,0.392530105345393,0.372586917591589,2024.95630949439,2024.97625268214,NA,NA,NA
3939,3940,REU.4.3_1,REU.4.3_1,0.0144104046586451,0.392809541174015,0.37839913651537,2024.96212171331,2024.97653211797,NA,NA,NA
3859,3900,REU.4.5_1,REU.4.5_1,0.0174691858443194,0.393827832794044,0.376358646949725,2024.96008122374,2024.97755040959,NA,NA,NA
5720,5721,REU.3.1_1,REU.3.1_1,0.00492877862997054,0.394246937704957,0.389318159074986,2024.97304073587,2024.9779695145,NA,NA,NA
6080,6081,REU.2.3_1,REU.2.3_1,0.00532163202080926,0.394394492379781,0.389072860358972,2024.97279543715,2024.97811706917,NA,NA,NA
3937,1030,REU.4.3_1,REU.4.3_1,0.115141423627955,0.39441949970908,0.279278076081126,2024.86300065287,2024.9781420765,CHIKV_RUN_S12b67_2024,55.495944,-21.267947
5933,2197,REU.3.1_1,REU.3.1_1,0.0919914326422945,0.39441949970908,0.302428067066786,2024.88615064386,2024.9781420765,CHIKV_RUN_S9b56_2025,55.367755,-21.255332
3677,1770,REU.3.1_1,REU.3.1_1,0.050368828505977,0.39441949970908,0.344050671203103,2024.927773248,2024.9781420765,CHIKV_RUN_S12b13_2025,55.366971,-21.25879
5442,5443,REU.4.3_1,REU.4.3_1,0.00217934348174331,0.394420572096918,0.392241228615175,2024.97596380541,2024.97814314889,NA,NA,NA
6147,6148,REU.3.4_1,REU.3.4_1,0.00257916996590679,0.394991066831808,0.392411896865901,2024.97613447366,2024.97871364363,NA,NA,NA
4826,4827,REU.4.3_1,REU.4.3_1,0.00339871587898743,0.39592882122438,0.392530105345393,2024.97625268214,2024.97965139802,NA,NA,NA
4725,4726,REU.4.3_1,REU.4.3_1,0.0127300993908807,0.395987323314169,0.383257223923288,2024.96697980072,2024.97970990011,NA,NA,NA
3647,3648,REU.3.1_1,REU.4.8_1,0.0522579094017613,0.396013597688934,0.343755688287172,2024.92747826508,2024.97973617448,NA,NA,NA
5784,5785,REU.3.1_1,REU.3.1_1,0.00984003611189999,0.396261979649009,0.386421943537109,2024.97014452033,2024.97998455644,NA,NA,NA
5852,5855,REU.3.1_1,REU.3.1_1,0.0045916521175744,0.396678652443455,0.39208700032588,2024.97580957712,2024.98040122924,NA,NA,NA
4594,4595,REU.4.3_1,REU.4.3_1,0.0705471942246322,0.396709220992762,0.32616202676813,2024.90988460356,2024.98043179779,NA,NA,NA
5528,5529,REU.3.1_1,REU.3.1_1,0.0378168465347736,0.397159714781026,0.359342868246253,2024.94306544504,2024.98088229157,NA,NA,NA
4827,4854,REU.4.3_1,REU.4.3_1,0.00170403088941107,0.397632852113792,0.39592882122438,2024.97965139802,2024.98135542891,NA,NA,NA
4595,4609,REU.4.3_1,REU.4.3_1,0.000980500055626887,0.397689721048389,0.396709220992762,2024.98043179779,2024.98141229784,NA,NA,NA
5336,5337,REU.4.3_1,REU.4.3_1,0.0061952292288856,0.398128600412315,0.39193337118343,2024.97565594798,2024.98185117721,NA,NA,NA
5472,5484,REU.4.3_1,REU.4.3_1,0.0195087445832591,0.398218150467559,0.3787094058843,2024.96243198268,2024.98194072726,NA,NA,NA
3758,3759,REU.4.3_1,REU.4.3_1,0.0281957097858625,0.398261480061039,0.370065770275176,2024.95378834707,2024.98198405685,NA,NA,NA
3788,3789,REU.4.3_1,REU.4.3_1,0.00789506975209731,0.398301822740642,0.390406752988544,2024.97412932978,2024.98202439953,NA,NA,NA
5191,5192,REU.4.3_1,REU.4.3_1,0.00590364129202947,0.398320681796165,0.392417040504135,2024.9761396173,2024.98204325859,NA,NA,NA
6037,6197,REU.3.1_1,REU.3.1_1,0.0940983354116943,0.398986040817153,0.304887705405459,2024.8886102822,2024.98270861761,NA,NA,NA
4552,4576,REU.4.3_1,REU.4.3_1,0.0178728955587021,0.399192853577596,0.381319958018894,2024.96504253481,2024.98291543037,NA,NA,NA
4553,4554,REU.4.3_1,REU.4.3_1,0.0150871142999236,0.39965019722038,0.384563082920457,2024.96828565971,2024.98337277401,NA,NA,NA
5563,5564,REU.3.1_1,REU.3.1_1,0.0151103848116366,0.399666071776243,0.384555686964606,2024.96827826376,2024.98338864857,NA,NA,NA
5336,5352,REU.4.3_1,REU.4.3_1,0.00775660272242229,0.399689973905852,0.39193337118343,2024.97565594798,2024.9834125507,NA,NA,NA
3661,1998,REU.3.1_1,REU.3.1_1,0.0673040394559897,0.399883980583333,0.332579941127343,2024.91630251792,2024.98360655738,CHIKV_RUN_S9b23_2025,55.367444,-21.261771
5634,2700,REU.3.1_1,REU.3.1_1,0.0346192662039575,0.399883980583333,0.365264714379375,2024.94898729117,2024.98360655738,CHIKV_RUN_S9b21_2025,55.368293,-21.260142
3543,2018,REU.3.1_1,REU.3.1_1,0.0306126997896687,0.399883980583333,0.369271280793664,2024.95299385759,2024.98360655738,CHIKV_RUN_S12b18_2025,55.367335,-21.259965
5635,1855,REU.3.1_1,REU.3.1_1,0.0288731652071844,0.399883980583333,0.371010815376148,2024.95473339217,2024.98360655738,CHIKV_RUN_S8b77_2025,55.367906,-21.259218
5432,1872,REU.3.1_1,REU.3.1_1,0.0225201249339113,0.399883980583333,0.377363855649421,2024.96108643244,2024.98360655738,CHIKV_RUN_S9b47_2025,55.367704,-21.256858
4068,1351,REU.4.3_1,REU.4.8_1,0.0213762339943387,0.399883980583333,0.378507746588994,2024.96223032338,2024.98360655738,CHIKV_RUN_S9b34_2025,55.474916,-21.333905
6041,2964,REU.3.1_1,REU.3.1_1,0.0158381150860164,0.399883980583333,0.384045865497316,2024.96776844229,2024.98360655738,CHIKV_RUN_S9b24_2025,55.367755,-21.255332
3183,1813,REU.3.1_1,REU.3.1_1,0.0139936084098812,0.399883980583333,0.385890372173452,2024.96961294897,2024.98360655738,CHIKV_RUN_S9b20_2025,55.364644,-21.257538
5427,2705,REU.3.1_1,REU.3.1_1,0.0132580442705199,0.399883980583333,0.386625936312813,2024.97034851311,2024.98360655738,CHIKV_RUN_S9b22_2025,55.366258,-21.259718
5051,5155,REU.4.3_1,REU.4.3_1,0.157419171045272,0.39991214439871,0.242492973353439,2024.82621555015,2024.98363472119,NA,NA,NA
6136,6137,REU.3.4_1,REU.3.4_1,0.0139210529252715,0.400114910643467,0.386193857718195,2024.96991643451,2024.98383748744,NA,NA,NA
5337,5347,REU.4.3_1,REU.4.3_1,0.00243271687185154,0.400561317284167,0.398128600412315,2024.98185117721,2024.98428389408,NA,NA,NA
5429,5435,REU.3.1_1,REU.3.1_1,0.0683212811759997,0.400922734265508,0.332601453089508,2024.91632402988,2024.98464531106,NA,NA,NA
3186,1819,REU.3.1_1,REU.3.1_1,0.0902084012674899,0.402616221020459,0.312407819752969,2024.89613039655,2024.98633879781,CHIKV_RUN_S12b31_2025,55.370469,-21.279948
4492,1169,REU.4.3_1,REU.4.3_1,0.0300615585529547,0.402616221020459,0.372554662467504,2024.95627723926,2024.98633879781,CHIKV_RUN_S8b88_2025,55.531014,-21.256219
3599,1854,REU.3.1_1,REU.3.1_1,0.0272598969863778,0.402616221020459,0.375356324034081,2024.95907890083,2024.98633879781,CHIKV_RUN_S12b26_2025,55.36449,-21.257887
3581,1884,REU.3.1_1,REU.3.1_1,0.0263088897776635,0.402616221020459,0.376307331242795,2024.96002990804,2024.98633879781,CHIKV_RUN_S12b29_2025,55.3668,-21.2598
5486,2548,REU.2.3_1,REU.1.3_1,0.0199613943975416,0.402616221020459,0.382654826622917,2024.96637740342,2024.98633879781,CHIKV_RUN_S8b79_2025,55.673705,-20.951418
5840,2398,REU.3.1_1,REU.3.1_1,0.0179068022914654,0.402616221020459,0.384709418728994,2024.96843199552,2024.98633879781,CHIKV_RUN_S8b41_2024,55.366671,-21.258766
4726,588,REU.4.3_1,REU.4.3_1,0.00662889770629016,0.402616221020459,0.395987323314169,2024.97970990011,2024.98633879781,CHIKV_RUN_S8b82_2025,55.521211,-21.284099
3789,1360,REU.4.3_1,REU.4.8_1,0.00431439827981717,0.402616221020459,0.398301822740642,2024.98202439953,2024.98633879781,CHIKV_RUN_S8b46_2024,55.494515,-21.268085
4576,1443,REU.4.3_1,REU.4.8_1,0.00342336744286265,0.402616221020459,0.399192853577596,2024.98291543037,2024.98633879781,CHIKV_RUN_S8b45_2024,55.484767,-21.341844
5564,2619,REU.3.1_1,REU.3.1_1,0.00295014924421633,0.402616221020459,0.399666071776243,2024.98338864857,2024.98633879781,CHIKV_RUN_S12b25_2025,55.368106,-21.256429
4726,4727,REU.4.3_1,REU.4.3_1,0.00674965087326651,0.402736974187435,0.395987323314169,2024.97970990011,2024.98645955098,NA,NA,NA
5892,5893,REU.3.1_1,REU.4.8_1,0.0293276570385675,0.403240230247568,0.373912573209,2024.95763515,2024.98696280704,NA,NA,NA
4609,4625,REU.4.3_1,REU.4.3_1,0.00572620399441115,0.4034159250428,0.397689721048389,2024.98141229784,2024.98713850184,NA,NA,NA
5443,5444,REU.4.3_1,REU.4.3_1,0.00942554922420324,0.403846121321122,0.394420572096918,2024.97814314889,2024.98756869811,NA,NA,NA
3708,3716,REU.4.3_1,REU.4.3_1,0.0250767612089614,0.404989249658322,0.379912488449361,2024.96363506524,2024.98871182645,NA,NA,NA
3126,3127,REU.3.4_1,REU.3.4_1,0.0650988784714662,0.405123059563308,0.340024181091842,2024.92374675789,2024.98884563636,NA,NA,NA
5563,5577,REU.3.1_1,REU.3.1_1,0.0207198502004369,0.405275537165043,0.384555686964606,2024.96827826376,2024.98899811396,NA,NA,NA
5411,1544,REU.3.5_1,REU.1.3_1,0.140116968850904,0.405348461457585,0.265231492606681,2024.8489540694,2024.98907103825,CHIKV_RUN_S8b87_2025,55.656723,-20.957975
3401,3093,REU.3.1_1,REU.4.8_1,0.0864399647305212,0.405348461457585,0.318908496727064,2024.90263107352,2024.98907103825,CHIKV_RUN_S9b57_2025,55.479401,-21.33674
5680,2754,REU.3.1_1,REU.3.1_1,0.0502732367788892,0.405348461457585,0.355075224678696,2024.93879780147,2024.98907103825,CHIKV_RUN_S8b90_2025,55.367343,-21.259531
4554,1070,REU.4.3_1,REU.4.3_1,0.00569826423720488,0.405348461457585,0.39965019722038,2024.98337277401,2024.98907103825,CHIKV_RUN_S8b86_2025,55.508302,-21.286593
5893,62,REU.4.8_1,REU.3.5_1,0.00210823121001724,0.405348461457585,0.403240230247568,2024.98696280704,2024.98907103825,CHIKV_RUN_S8b89_2025,55.239684,-21.09315
3127,2379,REU.3.4_1,REU.3.4_1,0.000225401894276667,0.405348461457585,0.405123059563308,2024.98884563636,2024.98907103825,CHIKV_RUN_S9b26_2025,55.297344,-21.157499
4077,4078,REU.4.3_1,REU.4.3_1,0.051158074968533,0.405416243515395,0.354258168546862,2024.93798074534,2024.98913882031,NA,NA,NA
4952,4953,REU.4.3_1,REU.4.3_1,0.0303565700989552,0.405466559745653,0.375109989646698,2024.95883256644,2024.98918913654,NA,NA,NA
5720,5738,REU.3.1_1,REU.3.1_1,0.0161714936033972,0.405489652678383,0.389318159074986,2024.97304073587,2024.98921222947,NA,NA,NA
3789,3790,REU.4.3_1,REU.4.3_1,0.00722289074082694,0.405524713481469,0.398301822740642,2024.98202439953,2024.98924729028,NA,NA,NA
5577,5598,REU.3.1_1,REU.3.1_1,0.000256370812884765,0.405531907977928,0.405275537165043,2024.98899811396,2024.98925448477,NA,NA,NA
4827,4828,REU.4.3_1,REU.4.3_1,0.00967581837497466,0.405604639599355,0.39592882122438,2024.97965139802,2024.98932721639,NA,NA,NA
3900,3908,REU.4.5_1,REU.4.5_1,0.0117779375409781,0.405605770335022,0.393827832794044,2024.97755040959,2024.98932834713,NA,NA,NA
4953,4964,REU.4.3_1,REU.4.3_1,0.000315698260357822,0.405782258006011,0.405466559745653,2024.98918913654,2024.9895048348,NA,NA,NA
5306,5307,REU.4.3_1,REU.4.3_1,0.0391090780639812,0.405893598152484,0.366784520088502,2024.95050709688,2024.98961617495,NA,NA,NA
6147,6151,REU.3.4_1,REU.3.4_1,0.0135656765557308,0.405977573421632,0.392411896865901,2024.97613447366,2024.98970015022,NA,NA,NA
4078,4079,REU.4.3_1,REU.4.3_1,0.000947876694496474,0.406364120209892,0.405416243515395,2024.98913882031,2024.990086697,NA,NA,NA
4635,4643,REU.4.3_1,REU.4.3_1,0.0364089380443737,0.406777906583194,0.37036896853882,2024.95409154533,2024.99050048338,NA,NA,NA
5912,5913,REU.4.3_1,REU.4.8_1,0.0340854642266318,0.4067958994191,0.372710435192468,2024.95643301199,2024.99051847621,NA,NA,NA
3478,3479,REU.4.5_1,REU.4.5_1,0.0186743776561601,0.407173753805864,0.388499376149703,2024.97222195294,2024.9908963306,NA,NA,NA
5236,5237,REU.4.3_1,REU.4.3_1,0.070415699118345,0.407458442853111,0.337042743734766,2024.92076532053,2024.99118101965,NA,NA,NA
5826,5827,REU.3.1_1,REU.3.1_1,0.0166454500588957,0.407747412990526,0.39110196293163,2024.97482453973,2024.99146998978,NA,NA,NA
4079,4080,REU.4.3_1,REU.4.3_1,0.00161131432692418,0.407975434536816,0.406364120209892,2024.990086697,2024.99169801133,NA,NA,NA
3227,3228,REU.3.1_1,REU.3.1_1,0.034800263715968,0.407979527339027,0.373179263623059,2024.95690184042,2024.99170210413,NA,NA,NA
5768,5776,REU.3.1_1,REU.3.1_1,0.0431190091939372,0.408207219202049,0.365088210008112,2024.9488107868,2024.991929796,NA,NA,NA
3581,3582,REU.3.1_1,REU.4.6_1,0.0322031573414948,0.40851048858429,0.376307331242795,2024.96002990804,2024.99223306538,NA,NA,NA
5687,5690,REU.3.1_1,REU.3.1_1,0.0398132825202108,0.408609867962861,0.36879658544265,2024.95251916224,2024.99233244476,NA,NA,NA
6081,6095,REU.2.3_1,REU.2.3_1,0.0142681399123035,0.408662632292084,0.394394492379781,2024.97811706917,2024.99238520909,NA,NA,NA
3716,3726,REU.4.3_1,REU.4.3_1,0.00379154808847115,0.408780797746793,0.404989249658322,2024.98871182645,2024.99250337454,NA,NA,NA
5427,5428,REU.3.1_1,REU.3.1_1,0.0221861585750798,0.408812094887893,0.386625936312813,2024.97034851311,2024.99253467168,NA,NA,NA
4280,4281,REU.4.3_1,REU.4.8_1,0.0265883985688529,0.409344612613929,0.382756214045076,2024.96647879084,2024.99306718941,NA,NA,NA
5662,5664,REU.3.1_1,REU.4.3_1,0.0299115701719814,0.409762447698329,0.379850877526347,2024.96357345432,2024.99348502449,NA,NA,NA
5698,5699,REU.3.1_1,REU.3.1_1,0.0406005899526077,0.409838566400001,0.369237976447394,2024.95296055324,2024.99356114319,NA,NA,NA
4897,5027,REU.4.3_1,REU.4.3_1,0.0565521700092813,0.409952308946044,0.353400138936762,2024.93712271573,2024.99367488574,NA,NA,NA
5282,5283,REU.4.3_1,REU.4.3_1,0.0435281115321232,0.409954725510206,0.366426613978083,2024.95014919077,2024.9936773023,NA,NA,NA
5721,5731,REU.3.1_1,REU.3.1_1,0.0158705693721927,0.410117507077149,0.394246937704957,2024.9779695145,2024.99384008387,NA,NA,NA
3708,3709,REU.4.3_1,REU.4.3_1,0.0302727213725331,0.410185209821894,0.379912488449361,2024.96363506524,2024.99390778662,NA,NA,NA
5107,5108,REU.4.4_1,REU.4.4_1,0.0436968893583153,0.410744411845234,0.367047522486918,2024.95077009928,2024.99446698864,NA,NA,NA
4334,896,REU.4.8_1,REU.4.8_1,0.0313800365727022,0.410812942332065,0.379432905759363,2024.96315548255,2024.99453551913,CHIKV_RUN_S8b92_2025,55.494703,-21.268366
5192,608,REU.4.3_1,REU.4.3_1,0.0124922605359002,0.410812942332065,0.398320681796165,2024.98204325859,2024.99453551913,CHIKV_RUN_S8b84_2025,55.499751,-21.239745
5826,5830,REU.3.1_1,REU.3.1_1,0.0197797539714217,0.410881716903052,0.39110196293163,2024.97482453973,2024.9946042937,NA,NA,NA
5283,5293,REU.4.3_1,REU.4.3_1,0.000940691912940772,0.410895417423147,0.409954725510206,2024.9936773023,2024.99461799422,NA,NA,NA
4854,4855,REU.4.3_1,REU.4.3_1,0.0134536337172693,0.411086485831061,0.397632852113792,2024.98135542891,2024.99480906262,NA,NA,NA
5233,5235,REU.4.3_1,REU.4.8_1,0.0215440928573306,0.411233457804111,0.38968936494678,2024.97341194174,2024.9949560346,NA,NA,NA
3908,3917,REU.4.5_1,REU.4.5_1,0.00581019824285534,0.411415968577878,0.405605770335022,2024.98932834713,2024.99513854537,NA,NA,NA
5187,5196,REU.4.3_1,REU.4.3_1,0.0570453748458087,0.41173204757896,0.354686672733152,2024.93840924953,2024.99545462437,NA,NA,NA
5306,5319,REU.4.3_1,REU.4.3_1,0.0454972252406955,0.412281745329198,0.366784520088502,2024.95050709688,2024.99600432212,NA,NA,NA
4466,4481,REU.4.3_1,REU.4.3_1,0.0615334366051272,0.412371715749371,0.350838279144244,2024.93456085594,2024.99609429254,NA,NA,NA
4331,4373,REU.4.3_1,REU.4.3_1,0.0765478929579492,0.412410666556095,0.335862773598146,2024.91958535039,2024.99613324335,NA,NA,NA
3726,3729,REU.4.3_1,REU.4.3_1,0.00377369896718061,0.412554496713974,0.408780797746793,2024.99250337454,2024.99627707351,NA,NA,NA
5196,5197,REU.4.3_1,REU.4.3_1,0.000966390003321438,0.412698437582282,0.41173204757896,2024.99545462437,2024.99642101438,NA,NA,NA
3291,3338,REU.3.4_1,REU.3.4_1,0.0654198589142156,0.412776429738806,0.34735657082459,2024.93107914762,2024.99649900653,NA,NA,NA
5375,5376,REU.4.3_1,REU.4.3_1,0.0221025063876066,0.412815274437987,0.390712768050381,2024.97443534484,2024.99653785123,NA,NA,NA
4899,4932,REU.4.3_1,REU.4.3_1,0.027130133534604,0.413048071810889,0.385917938276285,2024.96964051507,2024.9967706486,NA,NA,NA
3679,3680,REU.3.1_1,REU.4.6_1,0.0313182970469886,0.413316900293834,0.381998603246846,2024.96572118004,2024.99703947709,NA,NA,NA
5529,5530,REU.3.1_1,REU.3.1_1,0.0163060481757485,0.413465762956775,0.397159714781026,2024.98088229157,2024.99718833975,NA,NA,NA
4333,4337,REU.4.8_1,REU.4.3_1,0.0369428696005931,0.413633198904076,0.376690329303483,2024.9604129061,2024.9973557757,NA,NA,NA
4467,4468,REU.4.3_1,REU.4.3_1,0.0456354687422419,0.414110227258961,0.368474758516719,2024.95219733531,2024.99783280405,NA,NA,NA
4951,5006,REU.4.3_1,REU.4.3_1,0.0430051584695893,0.414261943583951,0.371256785114362,2024.95497936191,2024.99798452038,NA,NA,NA
5896,5897,REU.3.1_1,REU.3.5_1,0.0283430753193652,0.414547471096025,0.38620439577666,2024.96992697257,2024.99827004789,NA,NA,NA
5374,5388,REU.4.3_1,REU.4.8_1,0.025280831207727,0.414644673391013,0.389363842183286,2024.97308641898,2024.99836725018,NA,NA,NA
3395,3396,REU.3.1_1,REU.3.1_1,0.0945153123893544,0.414751002268138,0.320235689878784,2024.90395826667,2024.99847357906,NA,NA,NA
5825,5838,REU.3.1_1,REU.3.1_1,0.0325325265344929,0.414962204142286,0.382429677607793,2024.9661522544,2024.99868478094,NA,NA,NA
3940,3941,REU.4.3_1,REU.4.3_1,0.0221616171956898,0.414971158369705,0.392809541174015,2024.97653211797,2024.99869373516,NA,NA,NA
6137,6145,REU.3.4_1,REU.3.4_1,0.0151813319079331,0.4152962425514,0.400114910643467,2024.98383748744,2024.99901881935,NA,NA,NA
5598,5599,REU.3.1_1,REU.3.1_1,0.0098330720040587,0.415364979981986,0.405531907977928,2024.98925448477,2024.99908755678,NA,NA,NA
5598,5622,REU.3.1_1,REU.3.1_1,0.0103763477901149,0.415908255768042,0.405531907977928,2024.98925448477,2024.99963083256,NA,NA,NA
4775,4778,REU.4.3_1,REU.4.3_1,0.0299923391953655,0.416405409592594,0.386413070397228,2024.97013564719,2025.00012798639,NA,NA,NA
4117,4118,REU.2.3_1,REU.2.3_1,0.0483536116016107,0.416437269408272,0.368083657806661,2024.9518062346,2025.0001598462,NA,NA,NA
3228,3240,REU.3.1_1,REU.3.1_1,0.00899795104064238,0.41697747837967,0.407979527339027,2024.99170210413,2025.00070005517,NA,NA,NA
3387,3392,REU.3.1_1,REU.3.1_1,0.0267433850904677,0.417263648353634,0.390520263263166,2024.97424284006,2025.00098622515,NA,NA,NA
3396,3397,REU.3.1_1,REU.3.1_1,0.00274242312739403,0.417493425395532,0.414751002268138,2024.99847357906,2025.00121600219,NA,NA,NA
5577,5578,REU.3.1_1,REU.3.1_1,0.012609823744033,0.417885360909076,0.405275537165043,2024.98899811396,2025.0016079377,NA,NA,NA
6081,6082,REU.2.3_1,REU.2.3_1,0.0235013814202524,0.417895873800033,0.394394492379781,2024.97811706917,2025.00161845059,NA,NA,NA
5599,5600,REU.3.1_1,REU.3.1_1,0.00278996556128908,0.418154945543275,0.415364979981986,2024.99908755678,2025.00187752234,NA,NA,NA
5188,1753,REU.4.3_1,REU.4.3_1,0.056561551733942,0.419017149233675,0.362455597499733,2024.94617817429,2025.00273972603,CHIKV_RUN_S12b72_2025,55.536778,-21.195583
3679,2213,REU.3.1_1,REU.3.1_1,0.0370185459868287,0.419017149233675,0.381998603246846,2024.96572118004,2025.00273972603,CHIKV_RUN_S12b23_2025,55.36694,-21.261172
5235,168,REU.4.8_1,REU.4.8_1,0.00778369142956337,0.419017149233675,0.411233457804111,2024.9949560346,2025.00273972603,CHIKV_RUN_S9b06_2025,55.493406,-21.305081
5622,2378,REU.3.1_1,REU.3.2_1,0.00310889346563203,0.419017149233675,0.415908255768042,2024.99963083256,2025.00273972603,CHIKV_RUN_S8b49_2025,55.350482,-21.215183
5578,1772,REU.3.1_1,REU.3.1_1,0.0011317883245987,0.419017149233675,0.417885360909076,2025.0016079377,2025.00273972603,CHIKV_RUN_S9b04_2025,55.368499,-21.25689
3227,3256,REU.3.1_1,REU.3.1_1,0.0458640443852064,0.419043308008266,0.373179263623059,2024.95690184042,2025.0027658848,NA,NA,NA
5600,5601,REU.3.1_1,REU.3.1_1,0.00138273666961986,0.419537682212895,0.418154945543275,2025.00187752234,2025.00326025901,NA,NA,NA
5155,5173,REU.4.3_1,REU.4.3_1,0.0196654429323054,0.419577587331016,0.39991214439871,2024.98363472119,2025.00330016412,NA,NA,NA
5962,5963,REU.3.1_1,REU.3.1_1,0.0510009287265443,0.419587379776356,0.368586451049812,2024.95230902784,2025.00330995657,NA,NA,NA
4118,4124,REU.2.3_1,REU.2.3_1,0.00315724244600202,0.419594511854274,0.416437269408272,2025.0001598462,2025.00331708865,NA,NA,NA
5155,5156,REU.4.3_1,REU.4.3_1,0.0197179118762618,0.419630056274972,0.39991214439871,2024.98363472119,2025.00335263307,NA,NA,NA
3858,3920,REU.4.5_1,REU.4.5_1,0.104262647727089,0.419704833982748,0.315442186255658,2024.89916476305,2025.00342741078,NA,NA,NA
3859,3860,REU.4.5_1,REU.4.5_1,0.0436065507463492,0.419965197696074,0.376358646949725,2024.96008122374,2025.00368777449,NA,NA,NA
3726,3727,REU.4.3_1,REU.4.3_1,0.011289316511769,0.420070114258562,0.408780797746793,2024.99250337454,2025.00379269105,NA,NA,NA
3599,3600,REU.3.1_1,REU.3.1_1,0.045126086257705,0.420482410291786,0.375356324034081,2024.95907890083,2025.00420498709,NA,NA,NA
5414,5415,REU.4.8_1,REU.4.8_1,0.0922282265669772,0.420863106172481,0.328634879605503,2024.9123574564,2025.00458568297,NA,NA,NA
3667,2168,REU.3.1_1,REU.3.1_1,0.131914186456673,0.421756875261032,0.289842688804359,2024.8735652656,2025.00547945205,CHIKV_RUN_S8b93_2025,55.368764,-21.255057
4551,635,REU.4.3_1,REU.4.3_1,0.0459665956440501,0.421756875261032,0.375790279616982,2024.95951285641,2025.00547945205,CHIKV_RUN_S8b57_2025,55.50038,-21.26625
3397,2704,REU.3.1_1,REU.3.1_1,0.00426344986549987,0.421756875261032,0.417493425395532,2025.00121600219,2025.00547945205,CHIKV_RUN_S12b24_2025,55.368617,-21.255999
4953,4954,REU.4.3_1,REU.4.3_1,0.0163543346349114,0.421820894380564,0.405466559745653,2024.98918913654,2025.00554347117,NA,NA,NA
5578,5579,REU.3.1_1,REU.3.1_1,0.00410828358030402,0.42199364448938,0.417885360909076,2025.0016079377,2025.00571622128,NA,NA,NA
3908,3909,REU.4.5_1,REU.4.5_1,0.0167589407167074,0.42236471105173,0.405605770335022,2024.98932834713,2025.00608728785,NA,NA,NA
3939,4015,REU.4.3_1,REU.4.3_1,0.044791125649769,0.423190262165139,0.37839913651537,2024.96212171331,2025.00691283896,NA,NA,NA
5388,5389,REU.4.8_1,REU.2.3_1,0.0085552617336716,0.423199935124685,0.414644673391013,2024.99836725018,2025.00692251192,NA,NA,NA
4899,4900,REU.4.3_1,REU.4.3_1,0.0374235420495002,0.423341480325785,0.385917938276285,2024.96964051507,2025.00706405712,NA,NA,NA
4822,4879,REU.4.3_1,REU.4.3_1,0.0579683025632929,0.423372199512664,0.365403896949371,2024.94912647374,2025.00709477631,NA,NA,NA
3544,3545,REU.3.1_1,REU.4.6_1,0.0525850578155812,0.42349845678861,0.370913398973028,2024.95463597577,2025.00722103358,NA,NA,NA
3648,3649,REU.4.8_1,REU.4.8_1,0.0277260726556133,0.423739670344547,0.396013597688934,2024.97973617448,2025.00746224714,NA,NA,NA
3860,3867,REU.4.5_1,REU.4.5_1,0.00378098711936392,0.423746184815438,0.419965197696074,2025.00368777449,2025.00746876161,NA,NA,NA
4828,4839,REU.4.3_1,REU.4.3_1,0.018220993793363,0.423825633392718,0.405604639599355,2024.98932721639,2025.00754821019,NA,NA,NA
5428,1959,REU.3.1_1,REU.3.1_1,0.0156845064007241,0.424496601288617,0.408812094887893,2024.99253467168,2025.00821917808,CHIKV_RUN_S9b11_2025,55.366735,-21.258484
5197,5199,REU.4.3_1,REU.4.3_1,0.0118835534377586,0.42458199102004,0.412698437582282,2024.99642101438,2025.00830456781,NA,NA,NA
3293,3318,REU.3.4_1,REU.3.4_1,0.046831748251177,0.424700334522084,0.377868586270907,2024.96159116306,2025.00842291132,NA,NA,NA
4950,5018,REU.4.3_1,REU.4.3_1,0.057786799295927,0.424710903495595,0.366924104199668,2024.95064668099,2025.00843348029,NA,NA,NA
5635,5636,REU.3.1_1,REU.2.5_1,0.0538439974028297,0.424854812778978,0.371010815376148,2024.95473339217,2025.00857738957,NA,NA,NA
5601,5604,REU.3.1_1,REU.3.1_1,0.00543825030672096,0.424975932519616,0.419537682212895,2025.00326025901,2025.00869850931,NA,NA,NA
3729,3730,REU.4.3_1,REU.4.3_1,0.0127500212375362,0.42530451795151,0.412554496713974,2024.99627707351,2025.00902709475,NA,NA,NA
3600,3614,REU.3.1_1,REU.3.1_1,0.00516361145446831,0.425646021746254,0.420482410291786,2025.00420498709,2025.00936859854,NA,NA,NA
4828,4829,REU.4.3_1,REU.4.3_1,0.0200942159734092,0.425698855572764,0.405604639599355,2024.98932721639,2025.00942143237,NA,NA,NA
5529,5551,REU.3.1_1,REU.3.1_1,0.0285744085445443,0.425734123325571,0.397159714781026,2024.98088229157,2025.00945670012,NA,NA,NA
3377,3378,REU.3.1_1,REU.3.1_1,0.0353851588734482,0.425778716430327,0.390393557556879,2024.97411613435,2025.00950129322,NA,NA,NA
4778,4779,REU.4.3_1,REU.4.3_1,0.0094014087787504,0.425806818371344,0.416405409592594,2025.00012798639,2025.00952939516,NA,NA,NA
5636,5654,REU.2.5_1,REU.2.5_1,0.00105602008751005,0.425910832866488,0.424854812778978,2025.00857738957,2025.00963340966,NA,NA,NA
4727,4767,REU.4.3_1,REU.4.3_1,0.0233511086640692,0.426088082851504,0.402736974187435,2024.98645955098,2025.00981065965,NA,NA,NA
5579,5582,REU.3.1_1,REU.3.1_1,0.00470208792389548,0.426695732413275,0.42199364448938,2025.00571622128,2025.01041830921,NA,NA,NA
4015,4021,REU.4.3_1,REU.4.3_1,0.00415208212682072,0.42734234429196,0.423190262165139,2025.00691283896,2025.01106492109,NA,NA,NA
4373,4374,REU.4.3_1,REU.4.3_1,0.0151608759188572,0.427571542474952,0.412410666556095,2024.99613324335,2025.01129411927,NA,NA,NA
4595,4596,REU.4.3_1,REU.4.3_1,0.0309433505922575,0.42765257158502,0.396709220992762,2024.98043179779,2025.01137514838,NA,NA,NA
4643,4655,REU.4.3_1,REU.4.3_1,0.0211125578148265,0.42789046439802,0.406777906583194,2024.99050048338,2025.01161304119,NA,NA,NA
3788,3825,REU.4.3_1,REU.4.3_1,0.0375332221744712,0.427939975163016,0.390406752988544,2024.97412932978,2025.01166255196,NA,NA,NA
5302,5303,REU.4.3_1,REU.4.3_1,0.0409950315910411,0.427944169198978,0.386949137607937,2024.9706717144,2025.01166674599,NA,NA,NA
3867,3868,REU.4.5_1,REU.4.5_1,0.00427565236326655,0.428021837178705,0.423746184815438,2025.00746876161,2025.01174441397,NA,NA,NA
3504,3518,REU.4.6_1,REU.4.6_1,0.0406839165414341,0.428141353598154,0.38745743705672,2024.97118001385,2025.01186393039,NA,NA,NA
3256,3262,REU.3.1_1,REU.3.1_1,0.00983755106253892,0.428880859070805,0.419043308008266,2025.0027658848,2025.01260343586,NA,NA,NA
5307,5308,REU.4.3_1,REU.4.3_1,0.0230463460719116,0.428939944224395,0.405893598152484,2024.98961617495,2025.01266252102,NA,NA,NA
5636,5637,REU.2.5_1,REU.2.5_1,0.00418173539672551,0.429036548175704,0.424854812778978,2025.00857738957,2025.01275912497,NA,NA,NA
4964,4965,REU.4.3_1,REU.4.3_1,0.023350688308004,0.429132946314015,0.405782258006011,2024.9895048348,2025.01285552311,NA,NA,NA
3405,3421,REU.4.5_1,REU.4.5_1,0.0540402434452221,0.429238002485177,0.375197759039955,2024.95892033583,2025.01296057928,NA,NA,NA
3478,3490,REU.4.5_1,REU.4.5_1,0.0408073502240853,0.429306726373789,0.388499376149703,2024.97222195294,2025.01302930317,NA,NA,NA
3709,3713,REU.4.3_1,REU.4.3_1,0.0192695770722972,0.429454786894191,0.410185209821894,2024.99390778662,2025.01317736369,NA,NA,NA
3139,3169,REU.3.1_1,REU.3.1_1,0.0715366397206302,0.429493828729852,0.357957189009221,2024.9416797658,2025.01321640552,NA,NA,NA
6197,1783,REU.3.1_1,REU.3.1_1,0.0309900125261782,0.429976053343331,0.398986040817153,2024.98270861761,2025.01369863014,CHIKV_RUN_S10b67_2025,55.368489,-21.256659
5776,2393,REU.3.1_1,REU.3.1_1,0.0217688341412821,0.429976053343331,0.408207219202049,2024.991929796,2025.01369863014,CHIKV_RUN_S9b03_2025,55.35882,-21.240599
4767,594,REU.4.3_1,REU.4.3_1,0.00388797049182699,0.429976053343331,0.426088082851504,2025.00981065965,2025.01369863014,CHIKV_RUN_S8b51_2025,55.582002,-21.275874
3713,897,REU.4.3_1,REU.2.3_1,0.000521266449140523,0.429976053343331,0.429454786894191,2025.01317736369,2025.01369863014,CHIKV_RUN_S12b64_2025,55.459069,-20.8973
3262,3263,REU.3.1_1,REU.3.1_1,0.00113412361784737,0.430014982688652,0.428880859070805,2025.01260343586,2025.01373755948,NA,NA,NA
6145,6146,REU.3.4_1,REU.3.4_1,0.0149285459458478,0.430224788497248,0.4152962425514,2024.99901881935,2025.01394736529,NA,NA,NA
5108,5110,REU.4.4_1,REU.4.4_1,0.0195134209779032,0.430257832823137,0.410744411845234,2024.99446698864,2025.01398040962,NA,NA,NA
3920,3935,REU.4.5_1,REU.4.5_1,0.0106170530437071,0.430321887026455,0.419704833982748,2025.00342741078,2025.01404446382,NA,NA,NA
3294,3295,REU.3.4_1,REU.3.4_1,0.0514709297463265,0.430333053212449,0.378862123466123,2024.96258470026,2025.01405563001,NA,NA,NA
3504,3505,REU.4.6_1,REU.4.6_1,0.0436314747101182,0.431088911766838,0.38745743705672,2024.97118001385,2025.01481148856,NA,NA,NA
4280,4294,REU.4.3_1,REU.4.3_1,0.0487768276188201,0.431533041663896,0.382756214045076,2024.96647879084,2025.01525561846,NA,NA,NA
3614,3615,REU.3.1_1,REU.3.1_1,0.00600953229407586,0.43165555404033,0.425646021746254,2025.00936859854,2025.01537813083,NA,NA,NA
5530,5531,REU.3.1_1,REU.3.1_1,0.0182359799517501,0.431701742908525,0.413465762956775,2024.99718833975,2025.0154243197,NA,NA,NA
5564,5565,REU.3.1_1,REU.4.8_1,0.0321559203278095,0.431821992104052,0.399666071776243,2024.98338864857,2025.0155445689,NA,NA,NA
4896,5045,REU.4.3_1,REU.4.3_1,0.0823474016834753,0.43185198308658,0.349504581403105,2024.9332271582,2025.01557455988,NA,NA,NA
4655,4657,REU.4.3_1,REU.4.3_1,0.00400502700344574,0.431895491401466,0.42789046439802,2025.01161304119,2025.0156180682,NA,NA,NA
5052,5053,REU.4.4_1,REU.4.4_1,0.10363608057624,0.431901379824488,0.328265299248247,2024.91198787604,2025.01562395662,NA,NA,NA
5441,5467,REU.4.3_1,REU.4.3_1,0.0405214379317336,0.432008628000446,0.391487190068712,2024.97520976686,2025.01573120479,NA,NA,NA
4779,4806,REU.4.3_1,REU.4.3_1,0.00628811436125576,0.4320949327326,0.425806818371344,2025.00952939516,2025.01581750953,NA,NA,NA
4117,4162,REU.2.3_1,REU.2.3_1,0.064165858278457,0.432249516085118,0.368083657806661,2024.9518062346,2025.01597209288,NA,NA,NA
3518,3524,REU.4.6_1,REU.4.6_1,0.004152387569201,0.432293741167355,0.428141353598154,2025.01186393039,2025.01601631796,NA,NA,NA
3730,3731,REU.4.3_1,REU.4.3_1,0.0071712112810135,0.432475729232524,0.42530451795151,2025.00902709475,2025.01619830603,NA,NA,NA
4337,4357,REU.4.3_1,REU.4.3_1,0.0189958427134801,0.432629041617556,0.413633198904076,2024.9973557757,2025.01635161841,NA,NA,NA
3182,2586,REU.3.1_1,REU.3.1_1,0.0879141863887285,0.432715779370689,0.34480159298196,2024.92852416978,2025.01643835616,CHIKV_RUN_S9b14_2025,55.368418,-21.257105
5934,2622,REU.3.1_1,REU.3.1_1,0.0720295377602116,0.432715779370689,0.360686241610477,2024.9444088184,2025.01643835616,CHIKV_RUN_S9b05_2025,55.365654,-21.258541
5911,2553,REU.4.3_1,REU.4.3_1,0.0696285152014349,0.432715779370689,0.363087264169254,2024.94680984096,2025.01643835616,CHIKV_RUN_S8b59_2025,55.523946,-21.237275
5423,2384,REU.4.3_1,REU.2.1_1,0.0409753576234835,0.432715779370689,0.391740421747205,2024.97546299854,2025.01643835616,CHIKV_RUN_S54b32_2025,55.385431,-20.986796
5827,2801,REU.3.1_1,REU.3.1_1,0.0249683663801631,0.432715779370689,0.407747412990526,2024.99146998978,2025.01643835616,CHIKV_RUN_S9b12_2025,55.367555,-21.25695
5018,5020,REU.4.3_1,REU.4.3_1,0.00810100942822678,0.432811912923822,0.424710903495595,2025.00843348029,2025.01653448972,NA,NA,NA
6128,6129,REU.3.4_1,REU.4.6_1,0.0626050880435818,0.433003527912155,0.370398439868573,2024.95412101666,2025.01672610471,NA,NA,NA
4657,4658,REU.4.3_1,REU.4.3_1,0.00118667389919713,0.433082165300663,0.431895491401466,2025.0156180682,2025.01680474209,NA,NA,NA
5173,5174,REU.4.3_1,REU.4.3_1,0.0137234362616406,0.433301023592656,0.419577587331016,2025.00330016412,2025.01702360039,NA,NA,NA
4657,4671,REU.4.3_1,REU.4.3_1,0.00220407565013958,0.434099567051605,0.431895491401466,2025.0156180682,2025.01782214385,NA,NA,NA
5053,5070,REU.4.4_1,REU.4.4_1,0.0022557796887982,0.434157159513286,0.431901379824488,2025.01562395662,2025.01787973631,NA,NA,NA
5690,5691,REU.3.1_1,REU.3.1_1,0.0255727992593772,0.434182667222238,0.408609867962861,2024.99233244476,2025.01790524402,NA,NA,NA
5699,5708,REU.3.1_1,REU.3.1_1,0.024355066153228,0.434193632553229,0.409838566400001,2024.99356114319,2025.01791620935,NA,NA,NA
5110,5119,REU.4.4_1,REU.4.4_1,0.00457800043170897,0.434835833254846,0.430257832823137,2025.01398040962,2025.01855841005,NA,NA,NA
5912,5921,REU.4.3_1,REU.4.3_1,0.0625082875014372,0.435218722693906,0.372710435192468,2024.95643301199,2025.01894129949,NA,NA,NA
4727,4728,REU.4.3_1,REU.4.3_1,0.0325511002211253,0.435288074408561,0.402736974187435,2024.98645955098,2025.0190106512,NA,NA,NA
5896,16,REU.3.1_1,REU.3.1_1,0.0492511096213861,0.435455505398046,0.38620439577666,2024.96992697257,2025.01917808219,CHIKV_RUN_S9b07_2025,55.373644,-21.266206
3392,2618,REU.3.1_1,REU.3.1_1,0.0181918570444126,0.435455505398046,0.417263648353634,2025.00098622515,2025.01917808219,CHIKV_RUN_S9b13_2025,55.365414,-21.258661
5199,5205,REU.4.3_1,REU.4.3_1,0.0109280365905697,0.43551002761061,0.42458199102004,2025.00830456781,2025.0192326044,NA,NA,NA
5237,5270,REU.4.3_1,REU.4.3_1,0.0282903593374842,0.435748802190596,0.407458442853111,2024.99118101965,2025.01947137898,NA,NA,NA
3790,3794,REU.4.3_1,REU.4.3_1,0.0303797545449471,0.435904468026416,0.405524713481469,2024.98924729028,2025.01962704482,NA,NA,NA
5699,5700,REU.3.1_1,REU.3.1_1,0.0262176282821739,0.436056194682175,0.409838566400001,2024.99356114319,2025.01977877148,NA,NA,NA
6151,6152,REU.3.4_1,REU.3.4_1,0.0305355583908236,0.436513131812455,0.405977573421632,2024.98970015022,2025.02023570861,NA,NA,NA
4464,4510,REU.4.3_1,REU.4.3_1,0.0963603944446578,0.436607110044465,0.340246715599807,2024.92396929239,2025.02032968684,NA,NA,NA
3141,3142,REU.3.1_1,REU.2.3_1,0.0589961415261396,0.436770366443935,0.377774224917795,2024.96149680171,2025.02049294324,NA,NA,NA
4184,4206,REU.4.3_1,REU.4.3_1,0.0514811270425188,0.436841770922311,0.385360643879792,2024.96908322067,2025.02056434772,NA,NA,NA
5174,5175,REU.4.3_1,REU.4.3_1,0.00374051058111302,0.437041534173769,0.433301023592656,2025.01702360039,2025.02076411097,NA,NA,NA
3287,3288,REU.3.1_1,REU.3.1_1,0.0474384955656905,0.437045943969023,0.389607448403332,2024.9733300252,2025.02076852076,NA,NA,NA
4373,4394,REU.4.3_1,REU.4.3_1,0.0248042993016954,0.43721496585779,0.412410666556095,2024.99613324335,2025.02093754265,NA,NA,NA
3941,3942,REU.4.3_1,REU.4.3_1,0.0224012218787712,0.437372380248476,0.414971158369705,2024.99869373516,2025.02109495704,NA,NA,NA
5237,5238,REU.4.3_1,REU.4.3_1,0.0301249852961217,0.437583428149233,0.407458442853111,2024.99118101965,2025.02130600494,NA,NA,NA
6095,6107,REU.2.3_1,REU.2.4_1,0.028977262372373,0.437639894664457,0.408662632292084,2024.99238520909,2025.02136247146,NA,NA,NA
3940,3960,REU.4.3_1,REU.4.3_1,0.045045243808441,0.437854784982456,0.392809541174015,2024.97653211797,2025.02157736178,NA,NA,NA
3169,2552,REU.3.1_1,REU.3.1_1,0.00870140269555209,0.438195231425404,0.429493828729852,2025.01321640552,2025.02191780822,CHIKV_RUN_S9b44_2025,55.365035,-21.259783
3295,3296,REU.3.4_1,REU.3.4_1,0.00788805578368068,0.43822110899613,0.430333053212449,2025.01405563001,2025.02194368579,NA,NA,NA
4954,4955,REU.4.3_1,REU.4.3_1,0.0164046964489724,0.438225590829537,0.421820894380564,2025.00554347117,2025.02194816762,NA,NA,NA
4854,4869,REU.4.3_1,REU.4.3_1,0.0406769384792223,0.438309790593014,0.397632852113792,2024.98135542891,2025.02203236739,NA,NA,NA
4879,4880,REU.4.3_1,REU.4.3_1,0.0150466903681362,0.4384188898808,0.423372199512664,2025.00709477631,2025.02214146667,NA,NA,NA
5708,5709,REU.3.1_1,REU.3.1_1,0.00428913112254448,0.438482763675774,0.434193632553229,2025.01791620935,2025.02220534047,NA,NA,NA
4394,4395,REU.4.3_1,REU.4.3_1,0.00131880728651734,0.438533773144307,0.43721496585779,2025.02093754265,2025.02225634994,NA,NA,NA
5307,5311,REU.4.3_1,REU.4.3_1,0.0327947936637872,0.438688391816271,0.405893598152484,2024.98961617495,2025.02241096861,NA,NA,NA
3421,3438,REU.4.5_1,REU.4.5_1,0.00960955711642686,0.438847559601604,0.429238002485177,2025.01296057928,2025.0225701364,NA,NA,NA
5006,5009,REU.4.3_1,REU.4.3_1,0.0247153081830188,0.43897725176697,0.414261943583951,2024.99798452038,2025.02269982856,NA,NA,NA
4162,4163,REU.2.3_1,REU.2.3_1,0.00693968699080116,0.439189203075919,0.432249516085118,2025.01597209288,2025.02291177987,NA,NA,NA
5156,5157,REU.4.3_1,REU.4.3_1,0.0199862503505724,0.439616306625545,0.419630056274972,2025.00335263307,2025.02333888342,NA,NA,NA
3338,3339,REU.3.4_1,REU.3.4_1,0.0268511697462859,0.439627599485092,0.412776429738806,2024.99649900653,2025.02335017628,NA,NA,NA
5293,5296,REU.4.3_1,REU.4.3_1,0.0290925995190583,0.439988016942205,0.410895417423147,2024.99461799422,2025.02371059374,NA,NA,NA
3240,3247,REU.3.1_1,REU.3.1_1,0.0232459841527731,0.440223462532443,0.41697747837967,2025.00070005517,2025.02394603933,NA,NA,NA
3564,3566,REU.3.1_1,REU.3.1_1,0.049937395208688,0.440232989603547,0.390295594394859,2024.97401817119,2025.0239555664,NA,NA,NA
3148,3155,REU.3.1_1,REU.3.1_1,0.0634404751518595,0.440449245874805,0.377008770722946,2024.96073134752,2025.02417182267,NA,NA,NA
5283,5284,REU.4.3_1,REU.4.3_1,0.0305589272127001,0.440513652722906,0.409954725510206,2024.9936773023,2025.02423622952,NA,NA,NA
3545,3548,REU.4.6_1,REU.4.6_1,0.017111253574332,0.440609710362942,0.42349845678861,2025.00722103358,2025.02433228716,NA,NA,NA
5558,5559,REU.3.1_1,REU.4.3_1,0.0571144306506185,0.440712267366354,0.383597836715736,2024.96732041351,2025.02443484416,NA,NA,NA
3582,1815,REU.4.6_1,REU.4.6_1,0.0324244688686982,0.440934957452988,0.40851048858429,2024.99223306538,2025.02465753425,CHIKV_RUN_S15b64_2025,55.440285,-21.263275
3680,2795,REU.4.6_1,REU.4.6_1,0.027618057159154,0.440934957452988,0.413316900293834,2024.99703947709,2025.02465753425,CHIKV_RUN_S12b06_2025,55.437936,-21.26189
5838,3070,REU.3.1_1,REU.3.1_1,0.0259727533107026,0.440934957452988,0.414962204142286,2024.99868478094,2025.02465753425,CHIKV_RUN_S12b51_2025,55.363068,-21.255442
3615,3043,REU.3.1_1,REU.3.1_1,0.00927940341265809,0.440934957452988,0.43165555404033,2025.01537813083,2025.02465753425,CHIKV_RUN_S9b35_2025,55.357447,-21.258959
3338,3347,REU.3.4_1,REU.3.4_1,0.0283266804525667,0.441103110191372,0.412776429738806,2024.99649900653,2025.02482568698,NA,NA,NA
4037,4038,REU.4.3_1,REU.4.3_1,0.0629785763249332,0.441239239755836,0.378260663430903,2024.96198324022,2025.02496181655,NA,NA,NA
4609,4610,REU.4.3_1,REU.4.3_1,0.0435754781104992,0.441265199158889,0.397689721048389,2024.98141229784,2025.02498777595,NA,NA,NA
5444,5450,REU.4.3_1,REU.4.3_1,0.0375032135443318,0.441349334865454,0.403846121321122,2024.98756869811,2025.02507191166,NA,NA,NA
4671,4672,REU.4.3_1,REU.4.3_1,0.00730215416466573,0.441401721216271,0.434099567051605,2025.01782214385,2025.02512429801,NA,NA,NA
4576,4577,REU.4.3_1,REU.4.3_1,0.0423390439548448,0.441531897532441,0.399192853577596,2024.98291543037,2025.02525447433,NA,NA,NA
3730,3735,REU.4.3_1,REU.4.3_1,0.0162477345074317,0.441552252458942,0.42530451795151,2025.00902709475,2025.02527482925,NA,NA,NA
6197,6198,REU.3.1_1,REU.4.8_1,0.0427450819426981,0.441731122759851,0.398986040817153,2024.98270861761,2025.02545369955,NA,NA,NA
4206,4207,REU.4.3_1,REU.4.3_1,0.00491131592909289,0.441753086851404,0.436841770922311,2025.02056434772,2025.02547566365,NA,NA,NA
5472,5473,REU.4.3_1,REU.4.3_1,0.0630571946329482,0.441766600517248,0.3787094058843,2024.96243198268,2025.02548917731,NA,NA,NA
3155,3156,REU.3.1_1,REU.3.1_1,0.00149399929762661,0.441943245172432,0.440449245874805,2025.02417182267,2025.02566582197,NA,NA,NA
3598,3622,REU.3.1_1,REU.4.1_1,0.0883284024126096,0.44237398975295,0.35404558734034,2024.93776816413,2025.02609656655,NA,NA,NA
4394,4423,REU.4.3_1,REU.4.3_1,0.00544504661575307,0.442660012473543,0.43721496585779,2025.02093754265,2025.02638258927,NA,NA,NA
4728,4729,REU.4.3_1,REU.4.3_1,0.00740453988784995,0.44269261429641,0.435288074408561,2025.0190106512,2025.02641519109,NA,NA,NA
6043,6044,REU.2.3_1,REU.2.3_1,0.0694243392926265,0.442715363963768,0.373291024671142,2024.95701360146,2025.02643794076,NA,NA,NA
5238,5242,REU.4.3_1,REU.4.3_1,0.00545343636632911,0.443036864515562,0.437583428149233,2025.02130600494,2025.02675944131,NA,NA,NA
3404,3460,REU.4.5_1,REU.4.5_1,0.0816495229737506,0.44354241868045,0.3618928957067,2024.9456154725,2025.02726499547,NA,NA,NA
4596,4597,REU.4.3_1,REU.4.3_1,0.0160435881730482,0.443696159758068,0.42765257158502,2025.01137514838,2025.02741873655,NA,NA,NA
4281,4286,REU.4.8_1,REU.4.8_1,0.0344480531696075,0.443792665783536,0.409344612613929,2024.99306718941,2025.02751524258,NA,NA,NA
4634,4714,REU.4.3_1,REU.4.4_1,0.0984846281025257,0.444050924134085,0.345566296031559,2024.92928887283,2025.02777350093,NA,NA,NA
5931,5942,REU.3.1_1,REU.4.6_1,0.163662211125154,0.444083131094811,0.280420919969657,2024.86414349676,2025.02780570789,NA,NA,NA
5156,5159,REU.4.3_1,REU.4.3_1,0.0246692532569834,0.444299309531956,0.419630056274972,2025.00335263307,2025.02802188633,NA,NA,NA
3942,3944,REU.4.3_1,REU.4.3_1,0.00733139259625359,0.44470377284473,0.437372380248476,2025.02109495704,2025.02842634964,NA,NA,NA
6044,6045,REU.2.3_1,REU.2.3_1,0.00202671411472921,0.444742078078498,0.442715363963768,2025.02643794076,2025.02846465487,NA,NA,NA
6044,6053,REU.2.3_1,REU.2.3_1,0.00246106982206462,0.445176433785833,0.442715363963768,2025.02643794076,2025.02889901058,NA,NA,NA
4728,4755,REU.4.3_1,REU.4.3_1,0.00989419298543015,0.445182267393991,0.435288074408561,2025.0190106512,2025.02890484419,NA,NA,NA
6053,6054,REU.2.3_1,REU.2.3_1,0.000298710890473397,0.445475144676306,0.445176433785833,2025.02889901058,2025.02919772147,NA,NA,NA
3460,3471,REU.4.5_1,REU.4.5_1,0.00205687302304669,0.445599291703497,0.44354241868045,2025.02726499547,2025.0293218685,NA,NA,NA
5963,5964,REU.3.1_1,REU.3.1_1,0.0262069884411604,0.445794368217517,0.419587379776356,2025.00330995657,2025.02951694501,NA,NA,NA
5840,5841,REU.3.1_1,REU.3.1_1,0.0612310792260062,0.445940497955,0.384709418728994,2024.96843199552,2025.02966307475,NA,NA,NA
3938,4024,REU.4.3_1,REU.4.3_1,0.0992919821260991,0.445986974806376,0.346694992680276,2024.93041756947,2025.0297095516,NA,NA,NA
4206,4214,REU.4.3_1,REU.4.3_1,0.00920073571058744,0.446042506632899,0.436841770922311,2025.02056434772,2025.02976508343,NA,NA,NA
5094,5095,REU.4.4_1,REU.4.8_1,0.111005819964616,0.446076852647303,0.335071032682688,2024.91879360948,2025.02979942944,NA,NA,NA
6129,6130,REU.4.6_1,REU.4.6_1,0.0132811619582652,0.44628468987042,0.433003527912155,2025.01672610471,2025.03000726666,NA,NA,NA
5934,5935,REU.3.1_1,REU.3.1_1,0.085784373312364,0.446470614922841,0.360686241610477,2024.9444088184,2025.03019319172,NA,NA,NA
4214,4215,REU.4.3_1,REU.4.3_1,0.000551036264251015,0.44659354289715,0.446042506632899,2025.02976508343,2025.03031611969,NA,NA,NA
4672,4673,REU.4.3_1,REU.4.3_1,0.00523632735098922,0.44663804856726,0.441401721216271,2025.02512429801,2025.03036062536,NA,NA,NA
5027,5028,REU.4.3_1,REU.4.8_1,0.0367091939277081,0.446661502873752,0.409952308946044,2024.99367488574,2025.03038407967,NA,NA,NA
4952,4994,REU.4.3_1,REU.4.3_1,0.0717966808479108,0.446906670494608,0.375109989646698,2024.95883256644,2025.03062924729,NA,NA,NA
4510,4511,REU.4.3_1,REU.4.3_1,0.0104730418562025,0.447080151900667,0.436607110044465,2025.02032968684,2025.03080272869,NA,NA,NA
3729,3745,REU.4.3_1,REU.2.3_1,0.0346155811221061,0.44717007783608,0.412554496713974,2024.99627707351,2025.03089265463,NA,NA,NA
3759,3760,REU.4.3_1,REU.4.3_1,0.0489560838794468,0.447217563940486,0.398261480061039,2024.98198405685,2025.03094014073,NA,NA,NA
4869,4870,REU.4.3_1,REU.4.3_1,0.0090241753681285,0.447333965961142,0.438309790593014,2025.02203236739,2025.03105654275,NA,NA,NA
5242,5247,REU.4.3_1,REU.4.3_1,0.00440055572247466,0.447437420238037,0.443036864515562,2025.02675944131,2025.03115999703,NA,NA,NA
4596,4605,REU.4.3_1,REU.4.3_1,0.0197946634794002,0.44744723506442,0.42765257158502,2025.01137514838,2025.03116981186,NA,NA,NA
3263,3275,REU.3.1_1,REU.3.1_1,0.0175844346913656,0.447599417380018,0.430014982688652,2025.01373755948,2025.03132199417,NA,NA,NA
5559,5561,REU.4.3_1,REU.4.3_1,0.00698061153873542,0.44769287890509,0.440712267366354,2025.02443484416,2025.0314154557,NA,NA,NA
5785,5798,REU.3.1_1,REU.4.6_1,0.0518630656768819,0.448125045325891,0.396261979649009,2024.97998455644,2025.03184762212,NA,NA,NA
4900,4905,REU.4.3_1,REU.4.3_1,0.0251352832865283,0.448476763612313,0.423341480325785,2025.00706405712,2025.03219934041,NA,NA,NA
5855,5884,REU.3.1_1,REU.3.1_1,0.0518755767422112,0.448554229185666,0.396678652443455,2024.98040122924,2025.03227680598,NA,NA,NA
5247,5254,REU.4.3_1,REU.4.3_1,0.00113432763442656,0.448571747872463,0.447437420238037,2025.03115999703,2025.03229432467,NA,NA,NA
5199,5200,REU.4.3_1,REU.4.3_1,0.0242130115206196,0.44879500254066,0.42458199102004,2025.00830456781,2025.03251757933,NA,NA,NA
6107,6109,REU.2.4_1,REU.2.4_1,0.0111720060614945,0.448811900725952,0.437639894664457,2025.02136247146,2025.03253447752,NA,NA,NA
3825,3829,REU.4.3_1,REU.3.5_1,0.0209044615223306,0.448844436685346,0.427939975163016,2025.01166255196,2025.03256701348,NA,NA,NA
3649,3650,REU.4.8_1,REU.4.8_1,0.0252635271610057,0.449003197505553,0.423739670344547,2025.00746224714,2025.0327257743,NA,NA,NA
5820,5821,REU.3.1_1,REU.4.6_1,0.0792916661789669,0.449047504938924,0.369755838759957,2024.95347841555,2025.03277008173,NA,NA,NA
4729,4730,REU.4.3_1,REU.4.3_1,0.00636379703664136,0.449056411333052,0.44269261429641,2025.02641519109,2025.03277898813,NA,NA,NA
3397,2636,REU.3.1_1,REU.3.1_1,0.0316607101395285,0.449154135535061,0.417493425395532,2025.00121600219,2025.03287671233,CHIKV_RUN_S9b41_2025,55.36684,-21.253691
5708,1920,REU.3.1_1,REU.4.8_1,0.0149605029818312,0.449154135535061,0.434193632553229,2025.01791620935,2025.03287671233,CHIKV_RUN_S10b66_2025,55.463444,-21.340653
3288,2009,REU.3.1_1,REU.3.1_1,0.012108191566038,0.449154135535061,0.437045943969023,2025.02076852076,2025.03287671233,CHIKV_RUN_S9b55_2025,55.369315,-21.25742
4577,1455,REU.4.3_1,REU.4.3_1,0.00762223800261952,0.449154135535061,0.441531897532441,2025.02525447433,2025.03287671233,CHIKV_RUN_S8b64_2025,55.511546,-21.290774
3339,3340,REU.3.4_1,REU.3.4_1,0.00958294978680663,0.449210549271898,0.439627599485092,2025.02335017628,2025.03293312607,NA,NA,NA
4577,4578,REU.4.3_1,REU.4.3_1,0.00773346270040776,0.449265360232849,0.441531897532441,2025.02525447433,2025.03298793703,NA,NA,NA
3760,3780,REU.4.3_1,REU.4.3_1,0.00217111548682825,0.449388679427314,0.447217563940486,2025.03094014073,2025.03311125622,NA,NA,NA
5473,5474,REU.4.3_1,REU.4.3_1,0.00773308551633611,0.449499686033584,0.441766600517248,2025.02548917731,2025.03322226283,NA,NA,NA
5319,5320,REU.4.3_1,REU.4.3_1,0.0373118448486635,0.449593590177861,0.412281745329198,2024.99600432212,2025.03331616697,NA,NA,NA
5691,5692,REU.3.1_1,REU.3.1_1,0.0157173970863589,0.449900064308597,0.434182667222238,2025.01790524402,2025.0336226411,NA,NA,NA
4239,4240,REU.4.3_1,REU.4.3_1,0.0819541088889294,0.449946081639842,0.367991972750913,2024.95171454954,2025.03366865843,NA,NA,NA
5884,5885,REU.3.1_1,REU.3.1_1,0.00157493337066461,0.45012916255633,0.448554229185666,2025.03227680598,2025.03385173935,NA,NA,NA
5053,5054,REU.4.4_1,REU.4.4_1,0.0185464830798631,0.450447862904351,0.431901379824488,2025.01562395662,2025.0341704397,NA,NA,NA
5841,5842,REU.3.1_1,REU.3.1_1,0.00478419880329639,0.450724696758296,0.445940497955,2025.02966307475,2025.03444727355,NA,NA,NA
6151,6164,REU.3.4_1,REU.3.4_1,0.0451322716435399,0.451109845065172,0.405977573421632,2024.98970015022,2025.03483242186,NA,NA,NA
3829,3836,REU.3.5_1,REU.3.5_1,0.00251441822686194,0.451358854912208,0.448844436685346,2025.03256701348,2025.03508143171,NA,NA,NA
5582,5583,REU.3.1_1,REU.3.1_1,0.0246953671388626,0.451391099552138,0.426695732413275,2025.01041830921,2025.03511367635,NA,NA,NA
3868,3870,REU.4.5_1,REU.4.5_1,0.023440537672615,0.45146237485132,0.428021837178705,2025.01174441397,2025.03518495165,NA,NA,NA
5254,5264,REU.4.3_1,REU.4.3_1,0.0032012122765247,0.451772960148988,0.448571747872463,2025.03229432467,2025.03549553694,NA,NA,NA
4286,4287,REU.4.8_1,REU.4.8_1,0.00799217454260193,0.451784840326138,0.443792665783536,2025.02751524258,2025.03550741712,NA,NA,NA
3275,3276,REU.3.1_1,REU.3.1_1,0.00426434319061675,0.451863760570634,0.447599417380018,2025.03132199417,2025.03558633736,NA,NA,NA
5189,1352,REU.4.8_1,REU.4.8_1,0.0746232630856272,0.451893861562418,0.377270598476791,2024.96099317527,2025.03561643836,CHIKV_RUN_S9b52_2025,55.481378,-21.286908
5484,2263,REU.4.3_1,REU.4.3_1,0.0536757110948587,0.451893861562418,0.398218150467559,2024.98194072726,2025.03561643836,CHIKV_RUN_S10b64_2025,55.535637,-21.312182
3169,2551,REU.3.1_1,REU.4.3_1,0.0224000328325664,0.451893861562418,0.429493828729852,2025.01321640552,2025.03561643836,CHIKV_RUN_S12b07_2025,55.521114,-21.238608
3735,898,REU.4.3_1,REU.4.3_1,0.0103416091034763,0.451893861562418,0.441552252458942,2025.02527482925,2025.03561643836,CHIKV_RUN_S9b83_2025,55.530559,-21.194993
4215,249,REU.4.3_1,REU.4.3_1,0.00530031866526826,0.451893861562418,0.44659354289715,2025.03031611969,2025.03561643836,CHIKV_RUN_S10b65_2025,55.530559,-21.194993
5028,828,REU.4.8_1,REU.4.8_1,0.00523235868866634,0.451893861562418,0.446661502873752,2025.03038407967,2025.03561643836,CHIKV_RUN_S9b40_2025,55.478977,-21.283245
5798,2359,REU.4.6_1,REU.4.6_1,0.00376881623652681,0.451893861562418,0.448125045325891,2025.03184762212,2025.03561643836,CHIKV_RUN_S9b31_2025,55.439303,-21.261898
4994,4995,REU.4.3_1,REU.4.3_1,0.00500574850189373,0.451912418996502,0.446906670494608,2025.03062924729,2025.03563499579,NA,NA,NA
3172,3173,REU.3.1_1,REU.4.8_1,0.126301045505587,0.451967849884068,0.325666804378481,2024.90938938117,2025.03569042668,NA,NA,NA
6198,6199,REU.4.8_1,REU.4.8_1,0.0103863919847522,0.452117514744604,0.441731122759851,2025.02545369955,2025.03584009154,NA,NA,NA
4215,4216,REU.4.3_1,REU.4.3_1,0.00565821780360065,0.45225176070075,0.44659354289715,2025.03031611969,2025.03597433749,NA,NA,NA
4806,4807,REU.4.3_1,REU.4.3_1,0.0210319801437246,0.453126912876324,0.4320949327326,2025.01581750953,2025.03684948967,NA,NA,NA
4778,4815,REU.4.3_1,REU.4.3_1,0.0368286302945469,0.45323403988714,0.416405409592594,2025.00012798639,2025.03695661668,NA,NA,NA
5254,5255,REU.4.3_1,REU.4.3_1,0.00466604018129102,0.453237788053754,0.448571747872463,2025.03229432467,2025.03696036485,NA,NA,NA
5738,5749,REU.3.1_1,REU.3.1_1,0.0477982232533437,0.453287875931727,0.405489652678383,2024.98921222947,2025.03701045273,NA,NA,NA
5785,5786,REU.3.1_1,REU.3.1_1,0.0572386490884709,0.45350062873748,0.396261979649009,2024.97998455644,2025.03722320553,NA,NA,NA
4730,4731,REU.4.3_1,REU.4.3_1,0.0045685785395001,0.453624989872552,0.449056411333052,2025.03277898813,2025.03734756667,NA,NA,NA
4965,4977,REU.4.3_1,REU.4.3_1,0.0245283725089367,0.453661318822951,0.429132946314015,2025.01285552311,2025.03738389562,NA,NA,NA
5443,5461,REU.4.3_1,REU.4.3_1,0.0594973563371641,0.453917928434083,0.394420572096918,2024.97814314889,2025.03764050523,NA,NA,NA
3829,3830,REU.3.5_1,REU.3.5_1,0.00514381080262338,0.45398824748797,0.448844436685346,2025.03256701348,2025.03771082428,NA,NA,NA
5461,5462,REU.4.3_1,REU.4.3_1,0.000279906012497722,0.45419783444658,0.453917928434083,2025.03764050523,2025.03792041124,NA,NA,NA
5964,5968,REU.3.1_1,REU.3.1_1,0.00852702429198415,0.454321392509501,0.445794368217517,2025.02951694501,2025.0380439693,NA,NA,NA
6164,6185,REU.3.4_1,REU.3.4_1,0.00334868463364313,0.454458529698815,0.451109845065172,2025.03483242186,2025.03818110649,NA,NA,NA
3365,2613,REU.3.1_1,REU.3.1_1,0.0877669779470511,0.454633587589775,0.366866609642724,2024.95058918644,2025.03835616438,CHIKV_RUN_S9b81_2025,55.366189,-21.2601
4024,888,REU.4.3_1,REU.4.3_1,0.00864661278339973,0.454633587589775,0.445986974806376,2025.0297095516,2025.03835616438,CHIKV_RUN_S9b84_2025,55.50038,-21.26625
3836,3846,REU.3.5_1,REU.3.5_1,0.00341521227613439,0.454774067188343,0.451358854912208,2025.03508143171,2025.03849664398,NA,NA,NA
4755,4756,REU.4.3_1,REU.4.3_1,0.00969180755749166,0.454874074951482,0.445182267393991,2025.02890484419,2025.03859665175,NA,NA,NA
5913,5914,REU.4.8_1,REU.4.8_1,0.0481623945057171,0.454958293924817,0.4067958994191,2024.99051847621,2025.03868087072,NA,NA,NA
4879,4889,REU.4.3_1,REU.4.3_1,0.0316201276448368,0.454992327157501,0.423372199512664,2025.00709477631,2025.03871490395,NA,NA,NA
4431,4432,REU.4.8_1,REU.3.3_1,0.0624864418400937,0.455000497864362,0.392514056024268,2024.97623663282,2025.03872307466,NA,NA,NA
6053,6057,REU.2.3_1,REU.2.3_1,0.0100637091304075,0.455240142916241,0.445176433785833,2025.02889901058,2025.03896271971,NA,NA,NA
5070,5072,REU.4.4_1,REU.4.4_1,0.021510264355702,0.455667423868988,0.434157159513286,2025.01787973631,2025.03939000066,NA,NA,NA
4905,4913,REU.4.3_1,REU.4.8_1,0.00740048184537512,0.455877245457688,0.448476763612313,2025.03219934041,2025.03959982225,NA,NA,NA
4807,4808,REU.4.3_1,REU.4.3_1,0.00275387305614239,0.455880785932467,0.453126912876324,2025.03684948967,2025.03960336273,NA,NA,NA
5119,5120,REU.4.4_1,REU.4.4_1,0.0210863805935181,0.455922213848364,0.434835833254846,2025.01855841005,2025.03964479064,NA,NA,NA
4511,4515,REU.4.3_1,REU.4.3_1,0.00891925344925426,0.455999405349922,0.447080151900667,2025.03080272869,2025.03972198214,NA,NA,NA
4038,4045,REU.4.3_1,REU.4.3_1,0.0148103638509098,0.456049603606746,0.441239239755836,2025.02496181655,2025.0397721804,NA,NA,NA
6199,6202,REU.4.8_1,REU.4.8_1,0.00415946443197135,0.456276979176575,0.452117514744604,2025.03584009154,2025.03999955597,NA,NA,NA
5270,5271,REU.4.3_1,REU.4.3_1,0.0205760683239116,0.456324870514507,0.435748802190596,2025.01947137898,2025.04004744731,NA,NA,NA
4643,4644,REU.4.3_1,REU.4.3_1,0.0496884146805525,0.456466321263746,0.406777906583194,2024.99050048338,2025.04018889806,NA,NA,NA
5664,5666,REU.4.3_1,REU.4.3_1,0.0468383470258084,0.456600794724137,0.409762447698329,2024.99348502449,2025.04032337152,NA,NA,NA
4515,4516,REU.4.3_1,REU.4.3_1,0.00065539321719077,0.456654798567112,0.455999405349922,2025.03972198214,2025.04037737536,NA,NA,NA
5518,5519,REU.3.1_1,REU.4.3_1,0.153364370144909,0.456675556816913,0.303311186672005,2024.88703376347,2025.04039813361,NA,NA,NA
6164,6165,REU.3.4_1,REU.3.4_1,0.00565454646658758,0.456764391531759,0.451109845065172,2025.03483242186,2025.04048696833,NA,NA,NA
6082,6083,REU.2.3_1,REU.2.3_1,0.0389774568120697,0.456873330612103,0.417895873800033,2025.00161845059,2025.04059590741,NA,NA,NA
4216,4217,REU.4.3_1,REU.4.3_1,0.00465835139758319,0.456910112098334,0.45225176070075,2025.03597433749,2025.04063268889,NA,NA,NA
3490,3491,REU.4.5_1,REU.4.5_1,0.0277449251276585,0.457051651501447,0.429306726373789,2025.01302930317,2025.0407742283,NA,NA,NA
4729,4740,REU.4.3_1,REU.4.3_1,0.0143605171112839,0.457053131407694,0.44269261429641,2025.02641519109,2025.0407757082,NA,NA,NA
4839,4840,REU.4.3_1,REU.4.3_1,0.03348873527257,0.457314368665288,0.423825633392718,2025.00754821019,2025.04103694546,NA,NA,NA
5885,5886,REU.3.1_1,REU.3.1_1,0.00721315298413616,0.457342315540467,0.45012916255633,2025.03385173935,2025.04106489233,NA,NA,NA
5664,5665,REU.4.3_1,REU.4.3_1,0.0478170097862655,0.457579457484594,0.409762447698329,2024.99348502449,2025.04130203428,NA,NA,NA
4240,4241,REU.4.3_1,REU.4.3_1,0.00765882007873098,0.457604901718573,0.449946081639842,2025.03366865843,2025.04132747851,NA,NA,NA
4068,4069,REU.4.3_1,REU.4.3_1,0.0791375863105661,0.45764533289956,0.378507746588994,2024.96223032338,2025.04136790969,NA,NA,NA
3460,3461,REU.4.5_1,REU.4.5_1,0.0144487622760979,0.457991180956548,0.44354241868045,2025.02726499547,2025.04171375775,NA,NA,NA
3518,3519,REU.4.6_1,REU.4.6_1,0.0302924779059517,0.458433831504105,0.428141353598154,2025.01186393039,2025.0421564083,NA,NA,NA
4808,4809,REU.4.3_1,REU.4.3_1,0.00263559251857248,0.458516378451039,0.455880785932467,2025.03960336273,2025.04223895524,NA,NA,NA
5767,5777,REU.3.1_1,REU.3.1_1,0.0986950051399631,0.45899605039473,0.360301045254767,2024.94402362205,2025.04271862719,NA,NA,NA
4553,4565,REU.4.3_1,REU.4.3_1,0.0745212835270183,0.459084366447475,0.384563082920457,2024.96828565971,2025.04280694324,NA,NA,NA
4895,5047,REU.4.3_1,REU.4.8_1,0.129824752627661,0.459154877691574,0.329330125063914,2024.91305270186,2025.04287745449,NA,NA,NA
3960,3961,REU.4.3_1,REU.3.5_1,0.0214352238443447,0.459290008826801,0.437854784982456,2025.02157736178,2025.04301258562,NA,NA,NA
4045,4046,REU.4.3_1,REU.4.3_1,0.00326771341947296,0.459317317026219,0.456049603606746,2025.0397721804,2025.04303989382,NA,NA,NA
3126,3130,REU.3.4_1,REU.3.4_1,0.11942286463382,0.459447045725662,0.340024181091842,2024.92374675789,2025.04316962252,NA,NA,NA
6130,6133,REU.4.6_1,REU.4.6_1,0.0132455361928221,0.459530226063242,0.44628468987042,2025.03000726666,2025.04325280286,NA,NA,NA
5692,5693,REU.3.1_1,REU.3.1_1,0.0101134241066887,0.460013488415286,0.449900064308597,2025.0336226411,2025.04373606521,NA,NA,NA
4287,1639,REU.4.8_1,REU.4.4_1,0.00832819931857953,0.460113039644718,0.451784840326138,2025.03550741712,2025.04383561644,CHIKV_RUN_S8b67_2025,55.56018,-21.342402
4932,4933,REU.4.3_1,REU.4.3_1,0.0473631253466361,0.460411197157525,0.413048071810889,2024.9967706486,2025.04413377395,NA,NA,NA
5450,5456,REU.4.3_1,REU.4.3_1,0.019104819441173,0.460454154306627,0.441349334865454,2025.02507191166,2025.0441767311,NA,NA,NA
3760,3761,REU.4.3_1,REU.4.3_1,0.0132817978369985,0.460499361777484,0.447217563940486,2025.03094014073,2025.04422193857,NA,NA,NA
5192,5193,REU.4.3_1,REU.4.3_1,0.0623982892131227,0.460718971009287,0.398320681796165,2024.98204325859,2025.0444415478,NA,NA,NA
3600,3601,REU.3.1_1,REU.4.3_1,0.0402543924088424,0.460736802700629,0.420482410291786,2025.00420498709,2025.04445937949,NA,NA,NA
5942,5943,REU.4.6_1,REU.4.6_1,0.0166700510867133,0.460753182181524,0.444083131094811,2025.02780570789,2025.04447575898,NA,NA,NA
5599,5615,REU.3.1_1,REU.4.8_1,0.0454812756775742,0.46084625565956,0.415364979981986,2024.99908755678,2025.04456883245,NA,NA,NA
5786,5787,REU.3.1_1,REU.3.1_1,0.00739146523105005,0.46089209396853,0.45350062873748,2025.03722320553,2025.04461467076,NA,NA,NA
5284,5285,REU.4.3_1,REU.4.3_1,0.0204134201908991,0.460927072913805,0.440513652722906,2025.02423622952,2025.04464964971,NA,NA,NA
3438,3452,REU.4.5_1,REU.4.5_1,0.0222088617691338,0.461056421370738,0.438847559601604,2025.0225701364,2025.04477899816,NA,NA,NA
5885,5887,REU.3.1_1,REU.3.1_1,0.011250405038148,0.461379567594479,0.45012916255633,2025.03385173935,2025.04510214439,NA,NA,NA
4900,4901,REU.4.3_1,REU.4.3_1,0.0382070486136549,0.46154852893944,0.423341480325785,2025.00706405712,2025.04527110573,NA,NA,NA
4357,4358,REU.4.3_1,REU.4.3_1,0.0290541515618549,0.461683193179411,0.432629041617556,2025.01635161841,2025.04540576997,NA,NA,NA
5255,5256,REU.4.3_1,REU.4.3_1,0.00861137362204811,0.461849161675802,0.453237788053754,2025.03696036485,2025.04557173847,NA,NA,NA
5749,5758,REU.3.1_1,REU.3.1_1,0.00860471992788125,0.461892595859608,0.453287875931727,2025.03701045273,2025.04561517265,NA,NA,NA
3155,3161,REU.3.1_1,REU.3.1_1,0.021512425517732,0.461961671392537,0.440449245874805,2025.02417182267,2025.04568424819,NA,NA,NA
5519,5520,REU.4.3_1,REU.4.3_1,0.00529062287805437,0.461966179694968,0.456675556816913,2025.04039813361,2025.04568875649,NA,NA,NA
4358,4359,REU.4.3_1,REU.4.3_1,0.000397336425128736,0.46208052960454,0.461683193179411,2025.04540576997,2025.0458031064,NA,NA,NA
4658,4659,REU.4.3_1,REU.4.3_1,0.0290187368829828,0.462100902183646,0.433082165300663,2025.01680474209,2025.04582347898,NA,NA,NA
4932,4937,REU.4.3_1,REU.4.3_1,0.0490655018614642,0.462113573672353,0.413048071810889,2024.9967706486,2025.04583615047,NA,NA,NA
3941,3950,REU.4.3_1,REU.4.3_1,0.047265066975304,0.462236225345009,0.414971158369705,2024.99869373516,2025.04595880214,NA,NA,NA
5738,5739,REU.3.1_1,REU.3.1_1,0.0568488441524644,0.462338496830848,0.405489652678383,2024.98921222947,2025.04606107362,NA,NA,NA
4829,4830,REU.4.3_1,REU.4.3_1,0.036699858486111,0.462398714058875,0.425698855572764,2025.00942143237,2025.04612129085,NA,NA,NA
5520,5525,REU.4.3_1,REU.4.3_1,0.00143305091635493,0.463399230611323,0.461966179694968,2025.04568875649,2025.0471218074,NA,NA,NA
3745,3746,REU.2.3_1,REU.2.3_1,0.0162393461888495,0.463409424024929,0.44717007783608,2025.03089265463,2025.04713200082,NA,NA,NA
5583,5584,REU.3.1_1,REU.3.1_1,0.0121153014025281,0.463506400954666,0.451391099552138,2025.03511367635,2025.04722897775,NA,NA,NA
4395,4402,REU.4.3_1,REU.4.3_1,0.0249888381516811,0.463522611295988,0.438533773144307,2025.02225634994,2025.04724518809,NA,NA,NA
4124,4125,REU.2.3_1,REU.2.3_1,0.0443386380084061,0.46393314986268,0.419594511854274,2025.00331708865,2025.04765572666,NA,NA,NA
3680,3681,REU.4.6_1,REU.4.6_1,0.0506173221124989,0.463934222406333,0.413316900293834,2024.99703947709,2025.0476567992,NA,NA,NA
4839,4841,REU.4.3_1,REU.4.3_1,0.0402722958729221,0.46409792926564,0.423825633392718,2025.00754821019,2025.04782050606,NA,NA,NA
4610,4621,REU.4.3_1,REU.4.3_1,0.022916227702594,0.464181426861483,0.441265199158889,2025.02498777595,2025.04790400366,NA,NA,NA
3870,3871,REU.4.5_1,REU.4.5_1,0.0128537302834125,0.464316105134732,0.45146237485132,2025.03518495165,2025.04803868193,NA,NA,NA
4046,4047,REU.4.3_1,REU.4.3_1,0.00509761052663671,0.464414927552855,0.459317317026219,2025.04303989382,2025.04813750435,NA,NA,NA
3622,3638,REU.4.1_1,REU.4.1_1,0.0223474642791347,0.464721454032085,0.44237398975295,2025.02609656655,2025.04844403083,NA,NA,NA
4880,4881,REU.4.3_1,REU.4.3_1,0.0264725367758871,0.464891426656687,0.4384188898808,2025.02214146667,2025.04861400345,NA,NA,NA
3276,3277,REU.3.1_1,REU.3.1_1,0.0130654634351409,0.464929224005775,0.451863760570634,2025.03558633736,2025.0486518008,NA,NA,NA
4125,4126,REU.2.3_1,REU.2.3_1,0.00105414370840029,0.46498729357108,0.46393314986268,2025.04765572666,2025.04870987036,NA,NA,NA
5531,5533,REU.3.1_1,REU.3.1_1,0.0333229551131549,0.46502469802168,0.431701742908525,2025.0154243197,2025.04874727482,NA,NA,NA
5027,5029,REU.4.3_1,REU.4.3_1,0.055194403164938,0.465146712110981,0.409952308946044,2024.99367488574,2025.0488692889,NA,NA,NA
4756,4763,REU.4.3_1,REU.4.3_1,0.0103864604290443,0.465260535380527,0.454874074951482,2025.03859665175,2025.04898311217,NA,NA,NA
4047,4049,REU.4.3_1,REU.4.3_1,0.00100495705011461,0.46541988460297,0.464414927552855,2025.04813750435,2025.0491424614,NA,NA,NA
4374,4375,REU.4.3_1,REU.4.8_1,0.0379337844289526,0.465505326903904,0.427571542474952,2025.01129411927,2025.0492279037,NA,NA,NA
4830,755,REU.4.3_1,REU.4.3_1,0.00319377764055695,0.465592491699432,0.462398714058875,2025.04612129085,2025.04931506849,CHIKV_RUN_S8b66_2025,55.510821,-21.285867
4287,4288,REU.4.8_1,REU.4.8_1,0.0139963237270555,0.465781164053193,0.451784840326138,2025.03550741712,2025.04950374085,NA,NA,NA
4024,4025,REU.4.3_1,REU.4.3_1,0.0198584682870422,0.465845443093418,0.445986974806376,2025.0297095516,2025.04956801989,NA,NA,NA
4671,4703,REU.4.3_1,REU.4.3_1,0.0319352494684719,0.466034816520077,0.434099567051605,2025.01782214385,2025.04975739331,NA,NA,NA
4038,4039,REU.4.3_1,REU.4.3_1,0.0248184053146721,0.466057645070508,0.441239239755836,2025.02496181655,2025.04978022186,NA,NA,NA
4554,4555,REU.4.3_1,REU.4.3_1,0.0664482370277863,0.466098434248167,0.39965019722038,2024.98337277401,2025.04982101104,NA,NA,NA
5296,5297,REU.4.3_1,REU.4.3_1,0.0261536118867814,0.466141628828986,0.439988016942205,2025.02371059374,2025.04986420562,NA,NA,NA
3909,3910,REU.4.5_1,REU.4.7_1,0.0438683415147763,0.466233052566506,0.42236471105173,2025.00608728785,2025.04995562936,NA,NA,NA
3452,3455,REU.4.5_1,REU.4.5_1,0.00528167587353401,0.466338097244272,0.461056421370738,2025.04477899816,2025.05006067404,NA,NA,NA
5680,5681,REU.3.1_1,REU.4.8_1,0.111421875601946,0.466497100280642,0.355075224678696,2024.93879780147,2025.05021967707,NA,NA,NA
5293,5294,REU.4.3_1,REU.4.3_1,0.055777264043035,0.466672681466182,0.410895417423147,2024.99461799422,2025.05039525826,NA,NA,NA
4540,4541,REU.4.3_1,REU.4.3_1,0.119879782170993,0.466848624275244,0.346968842104251,2024.9306914189,2025.05057120107,NA,NA,NA
4714,4720,REU.4.4_1,REU.4.4_1,0.0228014423593791,0.466852366493464,0.444050924134085,2025.02777350093,2025.05057494329,NA,NA,NA
3142,3143,REU.2.3_1,REU.2.3_1,0.0301455108907872,0.466915877334722,0.436770366443935,2025.02049294324,2025.05063845413,NA,NA,NA
4703,4704,REU.4.3_1,REU.4.3_1,0.000899750004548228,0.466934566524626,0.466034816520077,2025.04975739331,2025.05065714332,NA,NA,NA
3564,3565,REU.3.1_1,REU.3.4_1,0.0769557885529941,0.467251382947853,0.390295594394859,2024.97401817119,2025.05097395974,NA,NA,NA
3421,3422,REU.4.5_1,REU.4.5_1,0.0380150928396386,0.467253095324816,0.429238002485177,2025.01296057928,2025.05097567212,NA,NA,NA
4025,4026,REU.4.3_1,REU.4.3_1,0.00142879238577187,0.46727423547919,0.465845443093418,2025.04956801989,2025.05099681227,NA,NA,NA
4375,4382,REU.4.8_1,REU.4.8_1,0.00182332688686249,0.467328653790767,0.465505326903904,2025.0492279037,2025.05105123058,NA,NA,NA
4294,4295,REU.4.3_1,REU.4.3_1,0.0358160232070808,0.467349064870976,0.431533041663896,2025.01525561846,2025.05107164166,NA,NA,NA
3794,3795,REU.4.3_1,REU.4.3_1,0.0314736733770782,0.467378141403494,0.435904468026416,2025.01962704482,2025.0511007182,NA,NA,NA
4913,4914,REU.4.8_1,REU.4.8_1,0.0115010949070349,0.467378340364723,0.455877245457688,2025.03959982225,2025.05110091716,NA,NA,NA
3836,3837,REU.3.5_1,REU.3.5_1,0.0161188224481034,0.467477677360312,0.451358854912208,2025.03508143171,2025.05120025415,NA,NA,NA
4184,4185,REU.4.3_1,REU.4.3_1,0.0821175084163551,0.467478152296148,0.385360643879792,2024.96908322067,2025.05120072909,NA,NA,NA
4432,4434,REU.3.3_1,REU.3.3_1,0.0127237125745081,0.46772421043887,0.455000497864362,2025.03872307466,2025.05144678723,NA,NA,NA
4964,4980,REU.4.3_1,REU.4.3_1,0.0619805787777553,0.467762836783766,0.405782258006011,2024.9895048348,2025.05148541358,NA,NA,NA
4980,4981,REU.4.3_1,REU.4.3_1,0.000263832263883157,0.468026669047649,0.467762836783766,2025.05148541358,2025.05174924584,NA,NA,NA
3455,3456,REU.4.5_1,REU.4.5_1,0.00174837876990763,0.468086476014179,0.466338097244272,2025.05006067404,2025.05180905281,NA,NA,NA
4625,4626,REU.4.3_1,REU.4.3_1,0.0646806380346848,0.468096563077485,0.4034159250428,2024.98713850184,2025.05181913987,NA,NA,NA
4779,4780,REU.4.3_1,REU.4.3_1,0.0424195816106463,0.46822639998199,0.425806818371344,2025.00952939516,2025.05194897678,NA,NA,NA
5159,5160,REU.4.3_1,REU.4.3_1,0.0239277228911857,0.468227032423141,0.444299309531956,2025.02802188633,2025.05194960922,NA,NA,NA
5235,938,REU.4.8_1,REU.4.3_1,0.0570987599226785,0.46833221772679,0.411233457804111,2024.9949560346,2025.05205479452,CHIKV_RUN_S10b70_2025,55.495923,-21.267607
3490,2086,REU.4.5_1,REU.4.5_1,0.0390254913530009,0.46833221772679,0.429306726373789,2025.01302930317,2025.05205479452,CHIKV_RUN_S10b74_2025,55.635655,-21.3416
5285,1568,REU.4.3_1,REU.4.3_1,0.0074051448129846,0.46833221772679,0.460927072913805,2025.04464964971,2025.05205479452,CHIKV_RUN_S10b75_2025,55.510689,-21.284803
4720,378,REU.4.4_1,REU.4.4_1,0.00147985123332584,0.46833221772679,0.466852366493464,2025.05057494329,2025.05205479452,CHIKV_RUN_S9b73_2025,55.545941,-21.325712
3505,3513,REU.4.6_1,REU.4.6_1,0.03731513515112,0.468404046917958,0.431088911766838,2025.01481148856,2025.05212662371,NA,NA,NA
4481,4486,REU.4.3_1,REU.4.3_1,0.0561890415472404,0.468560757296611,0.412371715749371,2024.99609429254,2025.05228333409,NA,NA,NA
4080,4081,REU.4.3_1,REU.4.3_1,0.0606098343033597,0.468585268840175,0.407975434536816,2024.99169801133,2025.05230784563,NA,NA,NA
3622,3623,REU.4.1_1,REU.4.1_1,0.0266329081017533,0.469006897854703,0.44237398975295,2025.02609656655,2025.05272947465,NA,NA,NA
3188,3189,REU.3.1_1,REU.4.3_1,0.100373245523407,0.469199543234773,0.368826297711366,2024.9525488745,2025.05292212003,NA,NA,NA
3566,3573,REU.3.1_1,REU.3.1_1,0.0290502516038461,0.469283241207393,0.440232989603547,2025.0239555664,2025.053005818,NA,NA,NA
3870,3887,REU.4.5_1,REU.4.5_1,0.0178787144209557,0.469341089272275,0.45146237485132,2025.03518495165,2025.05306366607,NA,NA,NA
4965,4966,REU.4.3_1,REU.4.3_1,0.0403723772653024,0.469505323579317,0.429132946314015,2025.01285552311,2025.05322790037,NA,NA,NA
3601,3602,REU.4.3_1,REU.4.3_1,0.00896550659189677,0.469702309292525,0.460736802700629,2025.04445937949,2025.05342488609,NA,NA,NA
5551,5552,REU.3.1_1,REU.3.1_1,0.0440978330083757,0.469831956333946,0.425734123325571,2025.00945670012,2025.05355453313,NA,NA,NA
4185,4186,REU.4.3_1,REU.4.3_1,0.00248257686349951,0.469960729159647,0.467478152296148,2025.05120072909,2025.05368330595,NA,NA,NA
5787,5792,REU.3.1_1,REU.3.1_1,0.00913303477139638,0.470025128739927,0.46089209396853,2025.04461467076,2025.05374770553,NA,NA,NA
4175,4176,REU.4.3_1,REU.4.3_1,0.0903537300900466,0.47002769526144,0.379673965171394,2024.96339654197,2025.05375027206,NA,NA,NA
4294,4301,REU.4.3_1,REU.4.3_1,0.038586176496145,0.470119218160041,0.431533041663896,2025.01525561846,2025.05384179495,NA,NA,NA
4933,4934,REU.4.3_1,REU.4.3_1,0.00988531501653522,0.47029651217406,0.460411197157525,2025.04413377395,2025.05401908897,NA,NA,NA
3471,3474,REU.4.5_1,REU.4.5_1,0.0247641816845735,0.47036347338807,0.445599291703497,2025.0293218685,2025.05408605018,NA,NA,NA
4337,4338,REU.4.3_1,REU.4.3_1,0.056862083923692,0.470495282827768,0.413633198904076,2024.9973557757,2025.05421785962,NA,NA,NA
4359,4360,REU.4.3_1,REU.4.3_1,0.00843481405691349,0.470515343661453,0.46208052960454,2025.0458031064,2025.05423792046,NA,NA,NA
4481,4482,REU.4.3_1,REU.4.3_1,0.0581439106013985,0.470515626350769,0.412371715749371,2024.99609429254,2025.05423820314,NA,NA,NA
5622,5623,REU.3.1_1,REU.3.4_1,0.0548079257089301,0.470716181476973,0.415908255768042,2024.99963083256,2025.05443875827,NA,NA,NA
3582,3583,REU.4.6_1,REU.4.6_1,0.0625565177247893,0.47106700630908,0.40851048858429,2024.99223306538,2025.0547895831,NA,NA,NA
3339,2438,REU.3.4_1,REU.3.4_1,0.0314443442692829,0.471071943754374,0.439627599485092,2025.02335017628,2025.05479452055,CHIKV_RUN_S9b79_2025,55.314822,-21.220641
4731,498,REU.4.3_1,REU.4.3_1,0.0174469538818225,0.471071943754374,0.453624989872552,2025.03734756667,2025.05479452055,CHIKV_RUN_S10b72_2025,55.514204,-21.283936
4046,623,REU.4.3_1,REU.2.3_1,0.0117546267281559,0.471071943754374,0.459317317026219,2025.04303989382,2025.05479452055,CHIKV_RUN_S10b73_2025,55.459243,-20.89727
5623,5629,REU.3.4_1,REU.3.4_1,0.000463423321060641,0.471179604798033,0.470716181476973,2025.05443875827,2025.05490218159,NA,NA,NA
4756,4757,REU.4.3_1,REU.4.3_1,0.0166839413494678,0.47155801630095,0.454874074951482,2025.03859665175,2025.05528059309,NA,NA,NA
4995,4996,REU.4.3_1,REU.4.3_1,0.020032612787401,0.471945031783903,0.451912418996502,2025.03563499579,2025.05566760858,NA,NA,NA
3746,3750,REU.2.3_1,REU.2.3_1,0.00856555743306497,0.471974981457994,0.463409424024929,2025.04713200082,2025.05569755825,NA,NA,NA
3318,3324,REU.3.4_1,REU.4.3_1,0.0473509343394434,0.472051268861528,0.424700334522084,2025.00842291132,2025.05577384566,NA,NA,NA
5582,5596,REU.3.1_1,REU.4.8_1,0.0453993489185971,0.472095081331872,0.426695732413275,2025.01041830921,2025.05581765813,NA,NA,NA
4295,4296,REU.4.3_1,REU.4.3_1,0.00489124586451795,0.472240310735494,0.467349064870976,2025.05107164166,2025.05596288753,NA,NA,NA
4078,4109,REU.4.3_1,REU.3.5_1,0.0668743786382063,0.472290622153602,0.405416243515395,2024.98913882031,2025.05601319895,NA,NA,NA
5963,5993,REU.3.1_1,REU.3.1_1,0.0527429774424495,0.472330357218806,0.419587379776356,2025.00330995657,2025.05605293401,NA,NA,NA
5855,5856,REU.3.1_1,REU.2.3_1,0.0756937257953956,0.47237237823885,0.396678652443455,2024.98040122924,2025.05609495503,NA,NA,NA
4720,4721,REU.4.4_1,REU.4.4_1,0.00552428203798661,0.47237664853145,0.466852366493464,2025.05057494329,2025.05609922533,NA,NA,NA
5271,5273,REU.4.3_1,REU.4.3_1,0.0160593647607048,0.472384235275212,0.456324870514507,2025.04004744731,2025.05610681207,NA,NA,NA
5800,5810,REU.3.1_1,REU.4.8_1,0.148038744506166,0.472704872739043,0.324666128232877,2024.90838870503,2025.05642744953,NA,NA,NA
3505,3506,REU.4.6_1,REU.4.6_1,0.0417315359350946,0.472820447701932,0.431088911766838,2025.01481148856,2025.0565430245,NA,NA,NA
5810,5811,REU.4.8_1,REU.4.8_1,0.000154240448194232,0.472859113187238,0.472704872739043,2025.05642744953,2025.05658168998,NA,NA,NA
4240,4263,REU.4.3_1,REU.4.3_1,0.0229289503123752,0.472875031952217,0.449946081639842,2025.03366865843,2025.05659760875,NA,NA,NA
4565,4570,REU.4.3_1,REU.4.3_1,0.0137986644360391,0.472883030883514,0.459084366447475,2025.04280694324,2025.05660560768,NA,NA,NA
6057,6061,REU.2.3_1,REU.2.3_1,0.0176611098268331,0.472901252743074,0.455240142916241,2025.03896271971,2025.05662382954,NA,NA,NA
4125,4127,REU.2.3_1,REU.2.3_1,0.00897873963223028,0.47291188949491,0.46393314986268,2025.04765572666,2025.05663446629,NA,NA,NA
5200,5204,REU.4.3_1,REU.4.3_1,0.0241519048596676,0.472946907400328,0.44879500254066,2025.03251757933,2025.05666948419,NA,NA,NA
5018,5019,REU.4.3_1,REU.4.3_1,0.0482694264350702,0.472980329930665,0.424710903495595,2025.00843348029,2025.05670290672,NA,NA,NA
4338,4339,REU.4.3_1,REU.4.3_1,0.00252949477715347,0.473024777604921,0.470495282827768,2025.05421785962,2025.0567473544,NA,NA,NA
3681,3682,REU.4.6_1,REU.4.6_1,0.0092166990039958,0.473150921410329,0.463934222406333,2025.0476567992,2025.0568734982,NA,NA,NA
5009,5010,REU.4.3_1,REU.4.3_1,0.0341850734561849,0.473162325223155,0.43897725176697,2025.02269982856,2025.05688490202,NA,NA,NA
3161,3162,REU.3.1_1,REU.3.1_1,0.0113135827044329,0.47327525409697,0.461961671392537,2025.04568424819,2025.05699783089,NA,NA,NA
5629,5630,REU.3.4_1,REU.3.4_1,0.00220722558271991,0.473386830380753,0.471179604798033,2025.05490218159,2025.05710940717,NA,NA,NA
5072,5073,REU.4.4_1,REU.4.4_1,0.0177673356148201,0.473434759483808,0.455667423868988,2025.03939000066,2025.05715733628,NA,NA,NA
3438,3439,REU.4.5_1,REU.4.5_1,0.0346470761195914,0.473494635721195,0.438847559601604,2025.0225701364,2025.05721721251,NA,NA,NA
3961,3962,REU.3.5_1,REU.3.5_1,0.0142667957594165,0.473556804586218,0.459290008826801,2025.04301258562,2025.05727938138,NA,NA,NA
5914,2562,REU.4.8_1,REU.4.8_1,0.0188533758569145,0.473811669781732,0.454958293924817,2025.03868087072,2025.05753424658,CHIKV_RUN_S9b80_2025,55.469145,-21.276392
5792,5793,REU.3.1_1,REU.4.6_1,0.00402940355688408,0.474054532296811,0.470025128739927,2025.05374770553,2025.05777710909,NA,NA,NA
4555,4556,REU.4.3_1,REU.4.3_1,0.00800679058722054,0.474105224835387,0.466098434248167,2025.04982101104,2025.05782780163,NA,NA,NA
4402,4403,REU.4.3_1,REU.4.3_1,0.0106005372119449,0.474123148507933,0.463522611295988,2025.04724518809,2025.0578457253,NA,NA,NA
6061,6062,REU.2.3_1,REU.2.3_1,0.00137092489578827,0.474272177638862,0.472901252743074,2025.05662382954,2025.05799475443,NA,NA,NA
4382,4383,REU.4.8_1,REU.4.8_1,0.00716715979941696,0.474495813590184,0.467328653790767,2025.05105123058,2025.05821839038,NA,NA,NA
4610,4611,REU.4.3_1,REU.4.3_1,0.0332392616136611,0.47450446077255,0.441265199158889,2025.02498777595,2025.05822703757,NA,NA,NA
5273,5274,REU.4.3_1,REU.4.3_1,0.00213295693642335,0.474517192211635,0.472384235275212,2025.05610681207,2025.05823976901,NA,NA,NA
5045,5046,REU.4.3_1,REU.4.3_1,0.0428562246178541,0.474708207704434,0.43185198308658,2025.01557455988,2025.0584307845,NA,NA,NA
4021,4022,REU.4.3_1,REU.4.3_1,0.0473738458581773,0.474716190150137,0.42734234429196,2025.01106492109,2025.05843876694,NA,NA,NA
4740,4741,REU.4.3_1,REU.4.3_1,0.0176665946303971,0.474719726038092,0.457053131407694,2025.0407757082,2025.05844230283,NA,NA,NA
3544,3549,REU.3.1_1,REU.4.8_1,0.103858440731624,0.474771839704653,0.370913398973028,2024.95463597577,2025.0584944165,NA,NA,NA
3471,3472,REU.4.5_1,REU.4.5_1,0.0291824826901049,0.474781774393602,0.445599291703497,2025.0293218685,2025.05850435119,NA,NA,NA
5565,5571,REU.4.8_1,REU.4.8_1,0.0430083572279611,0.474830349332013,0.431821992104052,2025.0155445689,2025.05855292613,NA,NA,NA
3580,3584,REU.3.1_1,REU.3.1_1,0.101388291353638,0.474857896016217,0.373469604662579,2024.95719218146,2025.05858047281,NA,NA,NA
3197,3198,REU.3.1_1,REU.4.6_1,0.0917687491300564,0.474871564858421,0.383102815728365,2024.96682539252,2025.05859414165,NA,NA,NA
3746,3747,REU.2.3_1,REU.2.3_1,0.0115744418572629,0.474983865882192,0.463409424024929,2025.04713200082,2025.05870644268,NA,NA,NA
4079,4100,REU.4.3_1,REU.4.3_1,0.0687126466700051,0.475076766879897,0.406364120209892,2024.990086697,2025.05879934367,NA,NA,NA
4241,4242,REU.4.3_1,REU.4.3_1,0.017615538308119,0.475220440026692,0.457604901718573,2025.04132747851,2025.05894301682,NA,NA,NA
4127,4128,REU.2.3_1,REU.2.3_1,0.00233021186380289,0.475242101358713,0.47291188949491,2025.05663446629,2025.05896467815,NA,NA,NA
4829,4832,REU.4.3_1,REU.4.3_1,0.0495520561766558,0.47525091174942,0.425698855572764,2025.00942143237,2025.05897348854,NA,NA,NA
3524,3525,REU.4.6_1,REU.4.8_1,0.0430288751368544,0.475322616304209,0.432293741167355,2025.01601631796,2025.0590451931,NA,NA,NA
4128,4129,REU.2.3_1,REU.2.3_1,0.000110165878965951,0.475352267237679,0.475242101358713,2025.05896467815,2025.05907484403,NA,NA,NA
5721,5722,REU.3.1_1,REU.4.3_1,0.0814199423468912,0.475666880051848,0.394246937704957,2024.9779695145,2025.05938945685,NA,NA,NA
4468,4469,REU.4.3_1,REU.4.3_1,0.061794750468766,0.475904977727727,0.414110227258961,2024.99783280405,2025.05962755452,NA,NA,NA
3247,3250,REU.3.1_1,REU.3.4_1,0.0358460517724476,0.47606951430489,0.440223462532443,2025.02394603933,2025.0597920911,NA,NA,NA
3871,3872,REU.4.5_1,REU.4.5_1,0.0118137985214076,0.47612990365614,0.464316105134732,2025.04803868193,2025.05985248045,NA,NA,NA
5913,5919,REU.4.8_1,REU.4.8_1,0.0694358495229772,0.476231748942077,0.4067958994191,2024.99051847621,2025.05995432574,NA,NA,NA
4403,4404,REU.4.3_1,REU.4.3_1,0.00218510827206575,0.476308256779999,0.474123148507933,2025.0578457253,2025.06003083357,NA,NA,NA
3228,3229,REU.3.1_1,REU.4.8_1,0.0685303139876106,0.476509841326638,0.407979527339027,2024.99170210413,2025.06023241812,NA,NA,NA
3566,3567,REU.3.1_1,REU.3.1_1,0.0362900426381976,0.476523032241744,0.440232989603547,2025.0239555664,2025.06024560904,NA,NA,NA
5311,254,REU.4.3_1,REU.3.4_1,0.0378630039928184,0.476551395809089,0.438688391816271,2025.02241096861,2025.0602739726,CHIKV_RUN_S9b66_2025,55.28587,-21.158538
3673,3674,REU.3.1_1,REU.3.1_1,0.0862209597625441,0.476614316484996,0.390393356722452,2024.97411593352,2025.06033689328,NA,NA,NA
5432,5433,REU.3.1_1,REU.4.3_1,0.0993987238469545,0.476762579496376,0.377363855649421,2024.96108643244,2025.06048515629,NA,NA,NA
5709,5710,REU.3.1_1,REU.3.1_1,0.0384541442303099,0.476936907906084,0.438482763675774,2025.02220534047,2025.0606594847,NA,NA,NA
6185,6194,REU.3.4_1,REU.3.4_1,0.0225029885364645,0.476961518235279,0.454458529698815,2025.03818110649,2025.06068409503,NA,NA,NA
4263,4265,REU.4.3_1,REU.4.3_1,0.004174300691693,0.47704933264391,0.472875031952217,2025.05659760875,2025.06077190944,NA,NA,NA
3681,3686,REU.4.6_1,REU.4.6_1,0.0131529880966823,0.477087210503016,0.463934222406333,2025.0476567992,2025.0608097873,NA,NA,NA
3474,3475,REU.4.5_1,REU.4.5_1,0.00672494759746345,0.477088420985534,0.47036347338807,2025.05408605018,2025.06081099778,NA,NA,NA
3378,3379,REU.3.1_1,REU.3.1_1,0.0513896107342785,0.477168327164606,0.425778716430327,2025.00950129322,2025.06089090396,NA,NA,NA
4757,4758,REU.4.3_1,REU.4.3_1,0.00562407723542491,0.477182093536375,0.47155801630095,2025.05528059309,2025.06090467033,NA,NA,NA
5559,5560,REU.4.3_1,REU.4.3_1,0.0365349586328383,0.477247225999193,0.440712267366354,2025.02443484416,2025.06096980279,NA,NA,NA
4578,4579,REU.4.3_1,REU.4.3_1,0.0280199568465008,0.47728531707935,0.449265360232849,2025.03298793703,2025.06100789387,NA,NA,NA
4870,4871,REU.4.3_1,REU.4.3_1,0.0299880190440934,0.477321985005236,0.447333965961142,2025.03105654275,2025.0610445618,NA,NA,NA
5456,5460,REU.4.3_1,REU.4.3_1,0.016869881706534,0.477324036013161,0.460454154306627,2025.0441767311,2025.06104661281,NA,NA,NA
5456,5457,REU.4.3_1,REU.4.8_1,0.0168939907942232,0.47734814510085,0.460454154306627,2025.0441767311,2025.06107072189,NA,NA,NA
3962,3963,REU.3.5_1,REU.3.5_1,0.00415110539901986,0.477707909985237,0.473556804586218,2025.05727938138,2025.06143048678,NA,NA,NA
5722,5723,REU.4.3_1,REU.4.3_1,0.00218506670361507,0.477851946755463,0.475666880051848,2025.05938945685,2025.06157452355,NA,NA,NA
5700,5701,REU.3.1_1,REU.3.1_1,0.0418129003528378,0.477869095035013,0.436056194682175,2025.01977877148,2025.06159167183,NA,NA,NA
3790,3791,REU.4.3_1,REU.4.3_1,0.0724001347043891,0.477924848185858,0.405524713481469,2024.98924729028,2025.06164742498,NA,NA,NA
5935,5936,REU.3.1_1,REU.3.1_1,0.0317095780392574,0.478180192962099,0.446470614922841,2025.03019319172,2025.06190276976,NA,NA,NA
4966,4967,REU.4.3_1,REU.4.3_1,0.00874501163558439,0.478250335214901,0.469505323579317,2025.05322790037,2025.06197291201,NA,NA,NA
4996,4998,REU.4.3_1,REU.4.3_1,0.00635900320412064,0.478304034988024,0.471945031783903,2025.05566760858,2025.06202661178,NA,NA,NA
4889,4890,REU.4.3_1,REU.4.3_1,0.0233424321136911,0.478334759271192,0.454992327157501,2025.03871490395,2025.06205733606,NA,NA,NA
5943,5944,REU.4.6_1,REU.4.6_1,0.0176431253443589,0.478396307525883,0.460753182181524,2025.04447575898,2025.06211888432,NA,NA,NA
3961,4001,REU.3.5_1,REU.3.5_1,0.0193008874817185,0.47859089630852,0.459290008826801,2025.04301258562,2025.0623134731,NA,NA,NA
5856,5874,REU.2.3_1,REU.2.3_1,0.00625992415532461,0.478632302394175,0.47237237823885,2025.05609495503,2025.06235487919,NA,NA,NA
3602,3603,REU.4.3_1,REU.4.3_1,0.00898585875462055,0.478688168047146,0.469702309292525,2025.05342488609,2025.06241074484,NA,NA,NA
3650,3655,REU.4.8_1,REU.4.8_1,0.0297486571906116,0.478751854696164,0.449003197505553,2025.0327257743,2025.06247443149,NA,NA,NA
4049,4050,REU.4.3_1,REU.4.3_1,0.0133556719644278,0.478775556567398,0.46541988460297,2025.0491424614,2025.06249813336,NA,NA,NA
4069,4070,REU.4.3_1,REU.4.3_1,0.0212321702665355,0.478877503166096,0.45764533289956,2025.04136790969,2025.06260007996,NA,NA,NA
4301,4306,REU.4.3_1,REU.4.3_1,0.00876381022536787,0.478883028385409,0.470119218160041,2025.05384179495,2025.06260560518,NA,NA,NA
5308,270,REU.4.3_1,REU.4.3_1,0.0503511776120514,0.479291121836447,0.428939944224395,2025.01266252102,2025.06301369863,CHIKV_RUN_S9b65_2025,55.525635,-21.281006
4955,850,REU.4.3_1,REU.4.3_1,0.04106553100691,0.479291121836447,0.438225590829537,2025.02194816762,2025.06301369863,CHIKV_RUN_S9b62_2025,55.521447,-21.281511
4402,1522,REU.4.3_1,REU.4.3_1,0.0157685105404581,0.479291121836447,0.463522611295988,2025.04724518809,2025.06301369863,CHIKV_RUN_S9b64_2025,55.5149,-21.268858
6194,2965,REU.3.4_1,REU.3.4_1,0.00232960360116719,0.479291121836447,0.476961518235279,2025.06068409503,2025.06301369863,CHIKV_RUN_S9b61_2025,55.32904,-21.163219
6152,6153,REU.3.4_1,REU.3.4_1,0.0428826204192468,0.479395752231702,0.436513131812455,2025.02023570861,2025.06311832903,NA,NA,NA
4431,4445,REU.4.8_1,REU.4.8_1,0.0869019376499832,0.479415993674252,0.392514056024268,2024.97623663282,2025.06313857047,NA,NA,NA
4049,4058,REU.4.3_1,REU.4.8_1,0.0142424390376811,0.479662323640651,0.46541988460297,2025.0491424614,2025.06338490043,NA,NA,NA
5467,5468,REU.4.3_1,REU.4.3_1,0.0476712939235814,0.479679921924027,0.432008628000446,2025.01573120479,2025.06340249872,NA,NA,NA
4579,4582,REU.4.3_1,REU.4.3_1,0.00241135950849092,0.479696676587841,0.47728531707935,2025.06100789387,2025.06341925338,NA,NA,NA
4626,4627,REU.4.3_1,REU.4.3_1,0.0116052243747614,0.479701787452247,0.468096563077485,2025.05181913987,2025.06342436425,NA,NA,NA
4967,4968,REU.4.3_1,REU.4.3_1,0.00158213916957406,0.479832474384476,0.478250335214901,2025.06197291201,2025.06355505118,NA,NA,NA
3872,3873,REU.4.5_1,REU.4.5_1,0.00371055183149904,0.479840455487639,0.47612990365614,2025.05985248045,2025.06356303228,NA,NA,NA
4780,4792,REU.4.3_1,REU.4.3_1,0.0117657298676137,0.479992129849604,0.46822639998199,2025.05194897678,2025.06371470664,NA,NA,NA
4001,4002,REU.3.5_1,REU.3.5_1,0.00140492111447188,0.479995817422992,0.47859089630852,2025.0623134731,2025.06371839422,NA,NA,NA
4469,4472,REU.4.3_1,REU.4.3_1,0.00416784791476033,0.480072825642487,0.475904977727727,2025.05962755452,2025.06379540244,NA,NA,NA
4357,4367,REU.4.3_1,REU.4.3_1,0.0477661110351993,0.480395152652755,0.432629041617556,2025.01635161841,2025.06411772945,NA,NA,NA
4339,4341,REU.4.3_1,REU.4.3_1,0.00740718619739966,0.480431963802321,0.473024777604921,2025.0567473544,2025.0641545406,NA,NA,NA
5710,5711,REU.3.1_1,REU.3.1_1,0.00354891600699836,0.480485823913082,0.476936907906084,2025.0606594847,2025.06420840071,NA,NA,NA
5095,5096,REU.4.8_1,REU.4.8_1,0.0344276480349153,0.480504500682218,0.446076852647303,2025.02979942944,2025.06422707748,NA,NA,NA
5264,5265,REU.4.3_1,REU.4.3_1,0.0288037272253525,0.480576687374341,0.451772960148988,2025.03549553694,2025.06429926417,NA,NA,NA
4644,4645,REU.4.3_1,REU.4.3_1,0.0241346080369514,0.480600929300698,0.456466321263746,2025.04018889806,2025.06432350609,NA,NA,NA
4432,4433,REU.3.3_1,REU.3.3_1,0.0258491591758484,0.48084965704021,0.455000497864362,2025.03872307466,2025.06457223383,NA,NA,NA
3162,3163,REU.3.1_1,REU.3.1_1,0.00767336098084248,0.480948615077813,0.47327525409697,2025.05699783089,2025.06467119187,NA,NA,NA
4914,4915,REU.4.8_1,REU.4.8_1,0.0135993615204114,0.480977701885135,0.467378340364723,2025.05110091716,2025.06470027868,NA,NA,NA
5531,5532,REU.3.1_1,REU.4.8_1,0.0492808008608181,0.480982543769343,0.431701742908525,2025.0154243197,2025.06470512056,NA,NA,NA
5175,5176,REU.4.3_1,REU.4.8_1,0.0440600255195255,0.481101559693295,0.437041534173769,2025.02076411097,2025.06482413649,NA,NA,NA
5777,5778,REU.3.1_1,REU.3.1_1,0.0221536886280385,0.481149739022768,0.45899605039473,2025.04271862719,2025.06487231582,NA,NA,NA
4981,4984,REU.4.3_1,REU.4.3_1,0.0131444110891474,0.481171080136797,0.468026669047649,2025.05174924584,2025.06489365693,NA,NA,NA
5993,5994,REU.3.1_1,REU.3.1_1,0.00913934952943252,0.481469706748238,0.472330357218806,2025.05605293401,2025.06519228354,NA,NA,NA
5073,5074,REU.4.4_1,REU.4.4_1,0.00811147485367125,0.481546234337479,0.473434759483808,2025.05715733628,2025.06526881113,NA,NA,NA
5701,5703,REU.3.1_1,REU.3.1_1,0.00375487198225966,0.481623967017273,0.477869095035013,2025.06159167183,2025.06534654381,NA,NA,NA
4039,4041,REU.4.3_1,REU.4.3_1,0.0156656827844899,0.481723327854998,0.466057645070508,2025.04978022186,2025.06544590465,NA,NA,NA
3263,3264,REU.3.1_1,REU.3.1_1,0.0517299707820218,0.481744953470674,0.430014982688652,2025.01373755948,2025.06546753026,NA,NA,NA
4823,4824,REU.4.3_1,REU.4.3_1,0.109210738644093,0.481797656235682,0.372586917591589,2024.95630949439,2025.06552023303,NA,NA,NA
3202,3203,REU.3.1_1,REU.4.8_1,0.0952418965935323,0.481827505056497,0.386585608462964,2024.97030818526,2025.06555008185,NA,NA,NA
4881,4883,REU.4.3_1,REU.4.3_1,0.017040162392845,0.481931589049532,0.464891426656687,2025.04861400345,2025.06565416584,NA,NA,NA
4549,4550,REU.4.3_1,REU.4.3_1,0.110492966674975,0.481991830515262,0.371498863840286,2024.95522144063,2025.06571440731,NA,NA,NA
3909,226,REU.4.5_1,REU.4.7_1,0.0596661368120742,0.482030847863804,0.42236471105173,2025.00608728785,2025.06575342466,CHIKV_RUN_S9b63_2025,55.7704,-21.359617
3525,3527,REU.4.8_1,REU.4.8_1,0.00676191909459423,0.482084535398803,0.475322616304209,2025.0590451931,2025.06580711219,NA,NA,NA
5120,5121,REU.4.4_1,REU.4.4_1,0.0262192858136193,0.482141499661983,0.455922213848364,2025.03964479064,2025.06586407646,NA,NA,NA
3963,3983,REU.3.5_1,REU.3.5_1,0.00447673651449332,0.482184646499731,0.477707909985237,2025.06143048678,2025.06590722329,NA,NA,NA
5285,5286,REU.4.3_1,REU.4.3_1,0.0213885123893788,0.482315585303184,0.460927072913805,2025.04464964971,2025.0660381621,NA,NA,NA
5666,5672,REU.4.3_1,REU.4.3_1,0.025729544687202,0.482330339411339,0.456600794724137,2025.04032337152,2025.0660529162,NA,NA,NA
5499,5500,REU.3.1_1,REU.4.5_1,0.103529271898761,0.482346394735475,0.378817122836715,2024.96253969963,2025.06606897153,NA,NA,NA
5800,5801,REU.3.1_1,REU.3.1_1,0.157708153078153,0.48237428131103,0.324666128232877,2024.90838870503,2025.0660968581,NA,NA,NA
4217,4219,REU.4.3_1,REU.4.3_1,0.0255035859974044,0.482413698095738,0.456910112098334,2025.04063268889,2025.06613627489,NA,NA,NA
3475,3476,REU.4.5_1,REU.4.5_1,0.0055543079768352,0.482642728962369,0.477088420985534,2025.06081099778,2025.06636530576,NA,NA,NA
3648,3658,REU.4.8_1,REU.4.6_1,0.0867552309878823,0.482768828676816,0.396013597688934,2024.97973617448,2025.06649140547,NA,NA,NA
4966,4971,REU.4.3_1,REU.4.3_1,0.0137535786259574,0.483258902205274,0.469505323579317,2025.05322790037,2025.066981479,NA,NA,NA
6153,6154,REU.3.4_1,REU.3.4_1,0.00392441598491589,0.483320168216618,0.479395752231702,2025.06311832903,2025.06704274501,NA,NA,NA
4627,4628,REU.4.3_1,REU.4.3_1,0.00366292506095434,0.483364712513201,0.479701787452247,2025.06342436425,2025.06708728931,NA,NA,NA
3378,3382,REU.3.1_1,REU.3.1_1,0.057673288991827,0.483452005422154,0.425778716430327,2025.00950129322,2025.06717458222,NA,NA,NA
4219,4223,REU.4.3_1,REU.4.3_1,0.00132718826705203,0.48374088636279,0.482413698095738,2025.06613627489,2025.06746346316,NA,NA,NA
4176,4177,REU.4.3_1,REU.4.3_1,0.0138145362276838,0.483842231489124,0.47002769526144,2025.05375027206,2025.06756480828,NA,NA,NA
4758,4759,REU.4.3_1,REU.4.3_1,0.0070641878361426,0.484246281372518,0.477182093536375,2025.06090467033,2025.06796885817,NA,NA,NA
4937,4941,REU.4.3_1,REU.4.3_1,0.0222613583257583,0.484374931998111,0.462113573672353,2025.04583615047,2025.06809750879,NA,NA,NA
4841,4843,REU.4.3_1,REU.4.3_1,0.0205211471116452,0.484619076377285,0.46409792926564,2025.04782050606,2025.06834165317,NA,NA,NA
4058,1133,REU.4.8_1,REU.4.8_1,0.00510825025051043,0.484770573891161,0.479662323640651,2025.06338490043,2025.06849315068,CHIKV_RUN_S9b59_2025,55.506982,-21.290194
4338,4350,REU.4.3_1,REU.4.3_1,0.0143017761629611,0.484797058990729,0.470495282827768,2025.05421785962,2025.06851963578,NA,NA,NA
3506,3507,REU.4.6_1,REU.4.6_1,0.0120528746940155,0.484873322395948,0.472820447701932,2025.0565430245,2025.06859589919,NA,NA,NA
3638,3643,REU.4.1_1,REU.4.1_1,0.0201638334591766,0.484885287491261,0.464721454032085,2025.04844403083,2025.06860786429,NA,NA,NA
3658,3659,REU.4.6_1,REU.4.6_1,0.00217755137319597,0.484946380050012,0.482768828676816,2025.06649140547,2025.06866895684,NA,NA,NA
5964,5965,REU.3.1_1,REU.3.1_1,0.0393109589203396,0.485105327137856,0.445794368217517,2025.02951694501,2025.06882790393,NA,NA,NA
5944,5953,REU.4.6_1,REU.4.6_1,0.00671498363418677,0.485111291160069,0.478396307525883,2025.06211888432,2025.06883386795,NA,NA,NA
5159,5170,REU.4.3_1,REU.4.3_1,0.0408378065576964,0.485137116089652,0.444299309531956,2025.02802188633,2025.06885969288,NA,NA,NA
4994,4999,REU.4.3_1,REU.4.3_1,0.0382517420460795,0.485158412540688,0.446906670494608,2025.03062924729,2025.06888098933,NA,NA,NA
3203,3204,REU.4.8_1,REU.4.8_1,0.00337349589188729,0.485201000948384,0.481827505056497,2025.06555008185,2025.06892357774,NA,NA,NA
5196,5211,REU.4.3_1,REU.3.5_1,0.0734814113317532,0.485213458910714,0.41173204757896,2024.99545462437,2025.0689360357,NA,NA,NA
5723,5726,REU.4.3_1,REU.4.3_1,0.00741201413395887,0.485263960889422,0.477851946755463,2025.06157452355,2025.06898653768,NA,NA,NA
5637,5638,REU.2.5_1,REU.2.5_1,0.0563152377084495,0.485351785884153,0.429036548175704,2025.01275912497,2025.06907436268,NA,NA,NA
5500,5501,REU.4.5_1,REU.4.5_1,0.00323302637743683,0.485579421112912,0.482346394735475,2025.06606897153,2025.06930199791,NA,NA,NA
4792,4793,REU.4.3_1,REU.4.3_1,0.00576292155390423,0.485755051403508,0.479992129849604,2025.06371470664,2025.0694776282,NA,NA,NA
5921,5923,REU.4.3_1,REU.4.3_1,0.0505717977315387,0.485790520425444,0.435218722693906,2025.01894129949,2025.06951309722,NA,NA,NA
4981,4982,REU.4.3_1,REU.4.3_1,0.0177729843323301,0.485799653379979,0.468026669047649,2025.05174924584,2025.06952223017,NA,NA,NA
4672,4697,REU.4.3_1,REU.4.3_1,0.0444177232805457,0.485819444496817,0.441401721216271,2025.02512429801,2025.06954202129,NA,NA,NA
4890,4891,REU.4.3_1,REU.4.3_1,0.00754438273339264,0.485879142004584,0.478334759271192,2025.06205733606,2025.0696017188,NA,NA,NA
4982,4983,REU.4.3_1,REU.4.3_1,0.000121553388305551,0.485921206768285,0.485799653379979,2025.06952223017,2025.06964378356,NA,NA,NA
3887,3890,REU.4.5_1,REU.4.5_1,0.016633336351013,0.485974425623288,0.469341089272275,2025.05306366607,2025.06969700242,NA,NA,NA
5841,5845,REU.3.1_1,REU.3.1_1,0.0400472403159066,0.485987738270906,0.445940497955,2025.02966307475,2025.06971031506,NA,NA,NA
6095,6096,REU.2.3_1,REU.2.3_1,0.0774593485709212,0.486121980863006,0.408662632292084,2024.99238520909,2025.06984455766,NA,NA,NA
4281,4282,REU.4.8_1,REU.4.8_1,0.0769441365760407,0.486288749189969,0.409344612613929,2024.99306718941,2025.07001132598,NA,NA,NA
4185,4192,REU.4.3_1,REU.4.3_1,0.0188931987082875,0.486371351004435,0.467478152296148,2025.05120072909,2025.0700939278,NA,NA,NA
4730,4735,REU.4.3_1,REU.4.3_1,0.0373561841778128,0.486412595510865,0.449056411333052,2025.03277898813,2025.0701351723,NA,NA,NA
3846,3853,REU.3.5_1,REU.3.5_1,0.0317140859802625,0.486488153168605,0.454774067188343,2025.03849664398,2025.07021072996,NA,NA,NA
5852,5853,REU.3.1_1,REU.3.1_1,0.0946926670722574,0.486779667398138,0.39208700032588,2024.97580957712,2025.07050224419,NA,NA,NA
4192,4201,REU.4.3_1,REU.4.3_1,0.000629066265729672,0.487000417270165,0.486371351004435,2025.0700939278,2025.07072299406,NA,NA,NA
5029,5032,REU.4.3_1,REU.4.8_1,0.0218558882081736,0.487002600319155,0.465146712110981,2025.0488692889,2025.07072517711,NA,NA,NA
4265,4277,REU.4.3_1,REU.4.3_1,0.00995521672941368,0.487004549373324,0.47704933264391,2025.06077190944,2025.07072712617,NA,NA,NA
3709,3710,REU.4.3_1,REU.4.8_1,0.0769269232948977,0.487112133116791,0.410185209821894,2024.99390778662,2025.07083470991,NA,NA,NA
4843,4844,REU.4.3_1,REU.4.8_1,0.00253502764257296,0.487154104019858,0.484619076377285,2025.06834165317,2025.07087668081,NA,NA,NA
5054,5060,REU.4.4_1,REU.4.4_1,0.0367088779140977,0.487156740818448,0.450447862904351,2025.0341704397,2025.07087931761,NA,NA,NA
3163,3164,REU.3.1_1,REU.3.1_1,0.00621654172939112,0.487165156807204,0.480948615077813,2025.06467119187,2025.0708877336,NA,NA,NA
6062,6063,REU.2.3_1,REU.2.3_1,0.0129915425965929,0.487263720235455,0.474272177638862,2025.05799475443,2025.07098629703,NA,NA,NA
4081,4082,REU.4.3_1,REU.4.3_1,0.0187829665727314,0.487368235412907,0.468585268840175,2025.05230784563,2025.07109081221,NA,NA,NA
4445,4446,REU.4.8_1,REU.4.8_1,0.00800074797317307,0.487416741647425,0.479415993674252,2025.06313857047,2025.07113931844,NA,NA,NA
4516,4522,REU.4.3_1,REU.4.3_1,0.0307625502874427,0.487417348854555,0.456654798567112,2025.04037737536,2025.07113992565,NA,NA,NA
3950,3954,REU.4.3_1,REU.4.3_1,0.0252655590993851,0.487501784444394,0.462236225345009,2025.04595880214,2025.07122436124,NA,NA,NA
5633,2488,REU.3.1_1,REU.3.4_1,0.126983842266357,0.487510299918746,0.36052645765239,2024.94424903445,2025.07123287671,CHIKV_RUN_S15b49_2025,55.309488,-21.16991
3787,317,REU.4.3_1,REU.4.8_1,0.104388934162982,0.487510299918746,0.383121365755764,2024.96684394255,2025.07123287671,CHIKV_RUN_S15b36_2025,55.491803,-21.307722
5428,2843,REU.3.1_1,REU.4.3_1,0.0786982050308536,0.487510299918746,0.408812094887893,2024.99253467168,2025.07123287671,CHIKV_RUN_S15b43_2025,55.551621,-21.272343
6145,2959,REU.3.4_1,REU.3.4_1,0.0722140573673464,0.487510299918746,0.4152962425514,2024.99901881935,2025.07123287671,CHIKV_RUN_S12b45_2025,55.30615,-21.16494
3794,1752,REU.4.3_1,REU.4.4_1,0.0516058318923304,0.487510299918746,0.435904468026416,2025.01962704482,2025.07123287671,CHIKV_RUN_S15b08_2025,55.561293,-21.342422
4126,974,REU.2.3_1,REU.4.8_1,0.0225230063476659,0.487510299918746,0.46498729357108,2025.04870987036,2025.07123287671,CHIKV_RUN_S15b27_2025,55.487095,-21.27371
5533,3071,REU.3.1_1,REU.3.1_1,0.0224856018970664,0.487510299918746,0.46502469802168,2025.04874727482,2025.07123287671,CHIKV_RUN_S15b56_2025,55.366553,-21.258276
4763,593,REU.4.3_1,REU.4.3_1,0.0222497645382195,0.487510299918746,0.465260535380527,2025.04898311217,2025.07123287671,CHIKV_RUN_S9b67_2025,55.522667,-21.287677
3910,225,REU.4.7_1,REU.4.7_1,0.0212772473522401,0.487510299918746,0.466233052566506,2025.04995562936,2025.07123287671,CHIKV_RUN_S15b42_2025,55.787996,-21.351312
4176,287,REU.4.3_1,REU.4.3_1,0.0174826046573057,0.487510299918746,0.47002769526144,2025.05375027206,2025.07123287671,CHIKV_RUN_S9b70_2025,55.524018,-21.28018
5810,1781,REU.4.8_1,REU.4.4_1,0.0148054271797029,0.487510299918746,0.472704872739043,2025.05642744953,2025.07123287671,CHIKV_RUN_S12b82_2025,55.563741,-21.359648
5073,1185,REU.4.4_1,REU.4.3_1,0.0140755404349382,0.487510299918746,0.473434759483808,2025.05715733628,2025.07123287671,CHIKV_RUN_S15b16_2025,55.524533,-21.252621
5274,319,REU.4.3_1,REU.4.3_1,0.0129931077071109,0.487510299918746,0.474517192211635,2025.05823976901,2025.07123287671,CHIKV_RUN_S15b25_2025,55.504538,-21.23339
5710,5716,REU.3.1_1,REU.3.1_1,0.0106345096364687,0.487571417542553,0.476936907906084,2025.0606594847,2025.07129399434,NA,NA,NA
3562,3563,REU.3.1_1,REU.3.1_1,0.13909479597844,0.487849563018005,0.348754767039565,2024.93247734383,2025.07157213981,NA,NA,NA
4980,4992,REU.4.3_1,REU.4.3_1,0.0200883446870809,0.487851181470847,0.467762836783766,2025.05148541358,2025.07157375826,NA,NA,NA
4999,5000,REU.4.3_1,REU.4.3_1,0.0030316312388865,0.488190043779574,0.485158412540688,2025.06888098933,2025.07191262057,NA,NA,NA
4472,4473,REU.4.3_1,REU.4.3_1,0.00819131884798263,0.48826414449047,0.480072825642487,2025.06379540244,2025.07198672128,NA,NA,NA
4809,4811,REU.4.3_1,REU.4.3_1,0.0298462792834092,0.488362657734448,0.458516378451039,2025.04223895524,2025.07208523453,NA,NA,NA
5120,5133,REU.4.4_1,REU.4.4_1,0.0325088046475284,0.488431018495892,0.455922213848364,2025.03964479064,2025.07215359529,NA,NA,NA
3491,3492,REU.4.5_1,REU.4.5_1,0.0316009137041467,0.488652565205594,0.457051651501447,2025.0407742283,2025.072375142,NA,NA,NA
5711,5712,REU.3.1_1,REU.3.1_1,0.00819508497642896,0.488680908889511,0.480485823913082,2025.06420840071,2025.07240348568,NA,NA,NA
5020,5021,REU.4.3_1,REU.4.3_1,0.0558713161260018,0.488683229049824,0.432811912923822,2025.01653448972,2025.07240580584,NA,NA,NA
3519,3520,REU.4.6_1,REU.4.6_1,0.0303296768641718,0.488763508368277,0.458433831504105,2025.0421564083,2025.07248608516,NA,NA,NA
5320,5321,REU.4.3_1,REU.4.3_1,0.0393845159931396,0.488978106171001,0.449593590177861,2025.03331616697,2025.07270068296,NA,NA,NA
5107,5148,REU.4.4_1,REU.4.4_1,0.122078977514431,0.48912650000135,0.367047522486918,2024.95077009928,2025.0728490768,NA,NA,NA
5054,5055,REU.4.4_1,REU.4.8_1,0.0387092714233672,0.489157134327718,0.450447862904351,2025.0341704397,2025.07287971112,NA,NA,NA
3439,3440,REU.4.5_1,REU.4.5_1,0.0156996605358846,0.48919429625708,0.473494635721195,2025.05721721251,2025.07291687305,NA,NA,NA
4002,4003,REU.3.5_1,REU.3.5_1,0.00944078988996056,0.489436607312952,0.479995817422992,2025.06371839422,2025.07315918411,NA,NA,NA
3324,3330,REU.4.3_1,REU.3.5_1,0.0176674197310359,0.489718688592564,0.472051268861528,2025.05577384566,2025.07344126539,NA,NA,NA
3524,3533,REU.4.6_1,REU.4.6_1,0.0574342204585175,0.489727961625872,0.432293741167355,2025.01601631796,2025.07345053842,NA,NA,NA
4891,4892,REU.4.3_1,REU.4.3_1,0.00385609233132833,0.489735234335913,0.485879142004584,2025.0696017188,2025.07345781113,NA,NA,NA
4100,4103,REU.4.3_1,REU.4.3_1,0.0147108704620051,0.489787637341902,0.475076766879897,2025.05879934367,2025.07351021414,NA,NA,NA
3872,3878,REU.4.5_1,REU.4.5_1,0.0138217203577248,0.489951624013864,0.47612990365614,2025.05985248045,2025.07367420081,NA,NA,NA
4374,4384,REU.4.3_1,REU.4.3_1,0.0624922209256904,0.490063763400642,0.427571542474952,2025.01129411927,2025.07378634019,NA,NA,NA
4914,4926,REU.4.8_1,REU.4.8_1,0.022704248910118,0.490082589274841,0.467378340364723,2025.05110091716,2025.07380516607,NA,NA,NA
4591,1765,REU.4.3_1,REU.4.3_1,0.140347800150231,0.490250025946104,0.349902225795872,2024.93362480259,2025.07397260274,CHIKV_RUN_S12b43_2025,55.526981,-21.282393
5731,2506,REU.3.1_1,REU.4.8_1,0.0801325188689541,0.490250025946104,0.410117507077149,2024.99384008387,2025.07397260274,CHIKV_RUN_S15b34_2025,55.471696,-21.279283
5047,719,REU.4.8_1,REU.4.3_1,0.0310951482545293,0.490250025946104,0.459154877691574,2025.04287745449,2025.07397260274,CHIKV_RUN_S9b09_2025,55.563831,-21.236379
3507,3018,REU.4.6_1,REU.4.6_1,0.00537670355015574,0.490250025946104,0.484873322395948,2025.06859589919,2025.07397260274,CHIKV_RUN_S9b78_2025,55.428137,-21.243151
4282,1128,REU.4.8_1,REU.4.8_1,0.00396127675613434,0.490250025946104,0.486288749189969,2025.07001132598,2025.07397260274,CHIKV_RUN_S15b28_2025,55.495244,-21.269828
5060,1218,REU.4.4_1,REU.4.4_1,0.00309328512765517,0.490250025946104,0.487156740818448,2025.07087931761,2025.07397260274,CHIKV_RUN_S9b75_2025,55.56083,-21.341381
4423,4424,REU.4.3_1,REU.4.3_1,0.0476100047028792,0.490270017176422,0.442660012473543,2025.02638258927,2025.07399259397,NA,NA,NA
5530,5535,REU.3.1_1,REU.3.1_1,0.0768228249743004,0.490288587931075,0.413465762956775,2024.99718833975,2025.07401116472,NA,NA,NA
4941,4946,REU.4.3_1,REU.4.3_1,0.00595661139144388,0.490331543389555,0.484374931998111,2025.06809750879,2025.07405412018,NA,NA,NA
6202,6203,REU.4.8_1,REU.4.3_1,0.034324317778572,0.490601296955147,0.456276979176575,2025.03999955597,2025.07432387375,NA,NA,NA
3750,3751,REU.2.3_1,REU.2.3_1,0.0187184199028383,0.490693401360833,0.471974981457994,2025.05569755825,2025.07441597815,NA,NA,NA
5247,5248,REU.4.3_1,REU.4.3_1,0.0432975780289993,0.490734998267036,0.447437420238037,2025.03115999703,2025.07445757506,NA,NA,NA
5442,5466,REU.4.3_1,REU.4.3_1,0.0985241716989521,0.490765400314127,0.392241228615175,2024.97596380541,2025.07448797711,NA,NA,NA
5337,5338,REU.4.3_1,REU.4.3_1,0.0928479153749097,0.490976515787225,0.398128600412315,2024.98185117721,2025.07469909258,NA,NA,NA
3603,3604,REU.4.3_1,REU.4.3_1,0.012320770018972,0.491008938066118,0.478688168047146,2025.06241074484,2025.07473151486,NA,NA,NA
5923,5927,REU.4.3_1,REU.4.3_1,0.0057855112477444,0.491576031673189,0.485790520425444,2025.06951309722,2025.07529860847,NA,NA,NA
5211,5212,REU.3.5_1,REU.3.5_1,0.00638685258411231,0.491600311494826,0.485213458910714,2025.0689360357,2025.07532288829,NA,NA,NA
5693,5694,REU.3.1_1,REU.3.1_1,0.0316016961556903,0.491615184570976,0.460013488415286,2025.04373606521,2025.07533776136,NA,NA,NA
5637,5642,REU.2.5_1,REU.2.5_1,0.0626313868650822,0.491667935040786,0.429036548175704,2025.01275912497,2025.07539051183,NA,NA,NA
5297,5298,REU.4.3_1,REU.4.4_1,0.0255266643711028,0.491668293200089,0.466141628828986,2025.04986420562,2025.07539086999,NA,NA,NA
3716,3717,REU.4.3_1,REU.4.3_1,0.0866874434636369,0.491676693121959,0.404989249658322,2024.98871182645,2025.07539926992,NA,NA,NA
3130,3131,REU.3.4_1,REU.3.4_1,0.0324193657170013,0.491866411442663,0.459447045725662,2025.04316962252,2025.07558898824,NA,NA,NA
6109,6112,REU.2.4_1,REU.2.4_1,0.0431018221958539,0.491913722921806,0.448811900725952,2025.03253447752,2025.07563629972,NA,NA,NA
4360,4361,REU.4.3_1,REU.4.3_1,0.0214111858401895,0.491926529501643,0.470515343661453,2025.05423792046,2025.0756491063,NA,NA,NA
5450,5451,REU.4.3_1,REU.4.3_1,0.0506202132661063,0.49196954813156,0.441349334865454,2025.02507191166,2025.07569212493,NA,NA,NA
5486,5487,REU.2.3_1,REU.2.3_1,0.109347568692208,0.492002395315125,0.382654826622917,2024.96637740342,2025.07572497211,NA,NA,NA
4635,4636,REU.4.3_1,REU.4.3_1,0.121743892348716,0.492112860887535,0.37036896853882,2024.95409154533,2025.07583543768,NA,NA,NA
3422,3423,REU.4.5_1,REU.4.5_1,0.0250652743972104,0.492318369722026,0.467253095324816,2025.05097567212,2025.07604094652,NA,NA,NA
5160,5168,REU.4.3_1,REU.4.3_1,0.0241478029903095,0.492374835413451,0.468227032423141,2025.05194960922,2025.07609741221,NA,NA,NA
3655,3656,REU.4.8_1,REU.4.8_1,0.0136489090675731,0.492400763763737,0.478751854696164,2025.06247443149,2025.07612334056,NA,NA,NA
3745,3754,REU.2.3_1,REU.2.5_1,0.0453367295171282,0.492506807353208,0.44717007783608,2025.03089265463,2025.07622938415,NA,NA,NA
4279,4320,REU.4.3_1,REU.4.8_1,0.142273367306241,0.492533030233677,0.350259662927436,2024.93398223972,2025.07625560703,NA,NA,NA
4219,4220,REU.4.3_1,REU.4.3_1,0.0101426939195985,0.492556392015337,0.482413698095738,2025.06613627489,2025.07627896881,NA,NA,NA
3795,3817,REU.4.3_1,REU.4.3_1,0.0252246174033978,0.492602758806892,0.467378141403494,2025.0511007182,2025.0763253356,NA,NA,NA
3379,3380,REU.3.1_1,REU.3.1_1,0.015451867084459,0.492620194249065,0.477168327164606,2025.06089090396,2025.07634277104,NA,NA,NA
3295,3302,REU.3.4_1,REU.3.4_1,0.0623476754824858,0.492680728694935,0.430333053212449,2025.01405563001,2025.07640330549,NA,NA,NA
3148,3149,REU.3.1_1,REU.3.1_1,0.115680867921345,0.492689638644291,0.377008770722946,2024.96073134752,2025.07641221544,NA,NA,NA
5842,5843,REU.3.1_1,REU.3.1_1,0.0420334733186901,0.492758170076986,0.450724696758296,2025.03444727355,2025.07648074687,NA,NA,NA
3123,3019,REU.3.1_1,REU.3.3_1,0.271519626353995,0.492989751973461,0.221470125619466,2024.80519270241,2025.07671232877,CHIKV_RUN_S15b67_2025,55.28611,-21.111972
5604,2739,REU.3.1_1,REU.3.4_1,0.0680138194538448,0.492989751973461,0.424975932519616,2025.00869850931,2025.07671232877,CHIKV_RUN_S15b44_2025,55.304322,-21.173555
5615,1947,REU.4.8_1,REU.4.8_1,0.0321434963139005,0.492989751973461,0.46084625565956,2025.04456883245,2025.07671232877,CHIKV_RUN_S15b35_2025,55.464589,-21.335637
4628,412,REU.4.3_1,REU.3.3_1,0.00962503946025994,0.492989751973461,0.483364712513201,2025.06708728931,2025.07671232877,CHIKV_RUN_S10b11_2025,55.28611,-21.111972
5055,1217,REU.4.8_1,REU.2.1_1,0.00383261764574305,0.492989751973461,0.489157134327718,2025.07287971112,2025.07671232877,CHIKV_RUN_S14b95_2025,55.342359,-20.955052
3795,3796,REU.4.3_1,REU.4.3_1,0.025621852402027,0.492999993805521,0.467378141403494,2025.0511007182,2025.0767225706,NA,NA,NA
3837,3838,REU.3.5_1,REU.4.8_1,0.0255745143107645,0.493052191671076,0.467477677360312,2025.05120025415,2025.07677476846,NA,NA,NA
4492,4493,REU.4.3_1,REU.2.4_1,0.120582467453907,0.493137129921412,0.372554662467504,2024.95627723926,2025.07685970672,NA,NA,NA
4843,4848,REU.4.3_1,REU.4.3_1,0.00859973873296116,0.493218815110247,0.484619076377285,2025.06834165317,2025.0769413919,NA,NA,NA
3830,3831,REU.3.5_1,REU.3.5_1,0.0392977083273742,0.493285955815344,0.45398824748797,2025.03771082428,2025.07700853261,NA,NA,NA
5444,5445,REU.4.3_1,REU.4.3_1,0.0895249851887956,0.493371106509917,0.403846121321122,2024.98756869811,2025.0770936833,NA,NA,NA
4541,4542,REU.4.3_1,REU.4.3_1,0.0267478503724656,0.493596474647709,0.466848624275244,2025.05057120107,2025.07731905144,NA,NA,NA
5006,5007,REU.4.3_1,REU.4.3_1,0.079461115626024,0.493723059209975,0.414261943583951,2024.99798452038,2025.077445636,NA,NA,NA
6165,6180,REU.3.4_1,REU.3.4_1,0.0370296360177164,0.493794027549476,0.456764391531759,2025.04048696833,2025.07751660434,NA,NA,NA
4780,4781,REU.4.3_1,REU.4.3_1,0.0255826439940453,0.493809043976036,0.46822639998199,2025.05194897678,2025.07753162077,NA,NA,NA
4522,4526,REU.4.3_1,REU.4.3_1,0.00671945005749452,0.49413679891205,0.487417348854555,2025.07113992565,2025.07785937571,NA,NA,NA
4515,4535,REU.4.3_1,REU.4.3_1,0.0382164284898969,0.494215833839818,0.455999405349922,2025.03972198214,2025.07793841063,NA,NA,NA
5953,5957,REU.4.6_1,REU.4.6_1,0.00913604926950806,0.494247340429578,0.485111291160069,2025.06883386795,2025.07796991722,NA,NA,NA
4855,4868,REU.4.3_1,REU.4.8_1,0.0831818705951002,0.494268356426161,0.411086485831061,2024.99480906262,2025.07799093322,NA,NA,NA
3567,3569,REU.3.1_1,REU.3.1_1,0.0177762675598272,0.494299299801572,0.476523032241744,2025.06024560904,2025.0780218766,NA,NA,NA
3761,3779,REU.4.3_1,REU.4.3_1,0.0339131245300733,0.494412486307558,0.460499361777484,2025.04422193857,2025.0781350631,NA,NA,NA
5286,5287,REU.4.3_1,REU.4.3_1,0.0122830835577179,0.494598668860902,0.482315585303184,2025.0660381621,2025.07832124565,NA,NA,NA
4704,4712,REU.4.3_1,REU.4.3_1,0.0277858828645366,0.494720449389162,0.466934566524626,2025.05065714332,2025.07844302618,NA,NA,NA
4001,4008,REU.3.5_1,REU.3.5_1,0.0161542730124364,0.494745169320956,0.47859089630852,2025.0623134731,2025.07846774611,NA,NA,NA
5352,5353,REU.4.3_1,REU.4.8_1,0.0951092640141776,0.49479923792003,0.399689973905852,2024.9834125507,2025.07852181471,NA,NA,NA
5821,5822,REU.4.6_1,REU.4.6_1,0.0460322328043005,0.495079737743224,0.449047504938924,2025.03277008173,2025.07880231454,NA,NA,NA
4793,4794,REU.4.3_1,REU.4.3_1,0.0093390671761594,0.495094118579668,0.485755051403508,2025.0694776282,2025.07881669537,NA,NA,NA
4493,4494,REU.2.4_1,REU.2.4_1,0.00196121395389126,0.495098343875303,0.493137129921412,2025.07685970672,2025.07882092067,NA,NA,NA
5897,5905,REU.3.5_1,REU.3.5_1,0.0805511870783625,0.495098658174388,0.414547471096025,2024.99827004789,2025.07882123497,NA,NA,NA
4934,4935,REU.4.3_1,REU.4.3_1,0.0248390836199006,0.495135595793961,0.47029651217406,2025.05401908897,2025.07885817259,NA,NA,NA
5121,5129,REU.4.4_1,REU.4.4_1,0.0129944910461235,0.495135990708107,0.482141499661983,2025.06586407646,2025.0788585675,NA,NA,NA
4781,4782,REU.4.3_1,REU.4.3_1,0.00135598285534921,0.495165026831385,0.493809043976036,2025.07753162077,2025.07888760363,NA,NA,NA
4468,4480,REU.4.3_1,REU.4.3_1,0.0810666829079809,0.495176910166942,0.414110227258961,2024.99783280405,2025.07889948696,NA,NA,NA
4721,4722,REU.4.4_1,REU.4.8_1,0.0228250306594838,0.495201679190934,0.47237664853145,2025.05609922533,2025.07892425598,NA,NA,NA
5666,5667,REU.4.3_1,REU.4.3_1,0.0386121059976658,0.495212900721803,0.456600794724137,2025.04032337152,2025.07893547752,NA,NA,NA
3479,3480,REU.4.5_1,REU.4.5_1,0.0881171603891173,0.495290914194981,0.407173753805864,2024.9908963306,2025.07901349099,NA,NA,NA
3198,3199,REU.4.6_1,REU.4.6_1,0.0205380936148003,0.495409658473222,0.474871564858421,2025.05859414165,2025.07913223527,NA,NA,NA
4901,4902,REU.4.3_1,REU.4.3_1,0.0341254352510207,0.495673964190461,0.46154852893944,2025.04527110573,2025.07939654098,NA,NA,NA
3673,2380,REU.3.1_1,REU.4.8_1,0.105336121278367,0.495729478000818,0.390393356722452,2024.97411593352,2025.07945205479,CHIKV_RUN_S15b17_2025,55.462048,-21.340179
5376,1042,REU.4.3_1,REU.2.3_1,0.082914203562831,0.495729478000818,0.412815274437987,2024.99653785123,2025.07945205479,CHIKV_RUN_S15b21_2025,55.444474,-20.878636
4358,1354,REU.4.3_1,REU.4.3_1,0.0340462848214074,0.495729478000818,0.461683193179411,2025.04540576997,2025.07945205479,CHIKV_RUN_S15b22_2025,55.502179,-21.267121
5532,2361,REU.4.8_1,REU.4.8_1,0.0147469342314753,0.495729478000818,0.480982543769343,2025.06470512056,2025.07945205479,CHIKV_RUN_S14b93_2025,55.473125,-21.282041
3779,939,REU.4.3_1,REU.4.3_1,0.00131699169326083,0.495729478000818,0.494412486307558,2025.0781350631,2025.07945205479,CHIKV_RUN_S15b40_2025,55.524675,-21.282069
3779,286,REU.4.3_1,REU.4.3_1,0.00131699169326083,0.495729478000818,0.494412486307558,2025.0781350631,2025.07945205479,CHIKV_RUN_S10b03_2025,55.507933,-21.286409
4712,519,REU.4.3_1,REU.4.3_1,0.00100902861165619,0.495729478000818,0.494720449389162,2025.07844302618,2025.07945205479,CHIKV_RUN_S17b19_2025,55.520854,-21.281548
4722,417,REU.4.8_1,REU.4.8_1,0.000527798809884072,0.495729478000818,0.495201679190934,2025.07892425598,2025.07945205479,CHIKV_RUN_S15b20_2025,55.528958,-21.327563
3143,3144,REU.2.3_1,REU.2.3_1,0.0288607609749413,0.495776638309663,0.466915877334722,2025.05063845413,2025.0794992151,NA,NA,NA
4941,4942,REU.4.3_1,REU.4.3_1,0.0114398237601757,0.495814755758287,0.484374931998111,2025.06809750879,2025.07953733255,NA,NA,NA
4242,4244,REU.4.3_1,REU.4.3_1,0.020597255562028,0.49581769558872,0.475220440026692,2025.05894301682,2025.07954027238,NA,NA,NA
5212,5213,REU.3.5_1,REU.3.5_1,0.00427706382486481,0.495877375319691,0.491600311494826,2025.07532288829,2025.07959995211,NA,NA,NA
5661,5674,REU.3.1_1,REU.3.1_1,0.126660542141129,0.495890471271,0.369229929129872,2024.95295250592,2025.07961304806,NA,NA,NA
3302,3303,REU.3.4_1,REU.3.4_1,0.00326542872494573,0.495946157419881,0.492680728694935,2025.07640330549,2025.07966873421,NA,NA,NA
5501,5502,REU.4.5_1,REU.4.5_1,0.0104193463371693,0.495998767450081,0.485579421112912,2025.06930199791,2025.07972134424,NA,NA,NA
3890,3891,REU.4.5_1,REU.4.5_1,0.0100696115527498,0.496044037176038,0.485974425623288,2025.06969700242,2025.07976661397,NA,NA,NA
4244,4245,REU.4.3_1,REU.4.3_1,0.000284396398888442,0.496102091987609,0.49581769558872,2025.07954027238,2025.07982466878,NA,NA,NA
5211,5226,REU.3.5_1,REU.2.3_1,0.0109266870157547,0.496140145926468,0.485213458910714,2025.0689360357,2025.07986272272,NA,NA,NA
5927,5928,REU.4.3_1,REU.4.3_1,0.0045887290785408,0.49616476075173,0.491576031673189,2025.07529860847,2025.07988733755,NA,NA,NA
5758,5760,REU.3.1_1,REU.3.1_1,0.0342846683999978,0.496177264259606,0.461892595859608,2025.04561517265,2025.07989984105,NA,NA,NA
3891,3892,REU.4.5_1,REU.4.5_1,0.000206981141772755,0.496251018317811,0.496044037176038,2025.07976661397,2025.07997359511,NA,NA,NA
4296,4297,REU.4.3_1,REU.4.3_1,0.0240771434066753,0.49631745414217,0.472240310735494,2025.05596288753,2025.08004003094,NA,NA,NA
3761,3762,REU.4.3_1,REU.4.3_1,0.0358911736848693,0.496390535462353,0.460499361777484,2025.04422193857,2025.08011311226,NA,NA,NA
3920,3921,REU.4.5_1,REU.4.5_1,0.0768752772174613,0.496580111200209,0.419704833982748,2025.00342741078,2025.08030268799,NA,NA,NA
3527,3528,REU.4.8_1,REU.4.8_1,0.0145057492713634,0.496590284670167,0.482084535398803,2025.06580711219,2025.08031286146,NA,NA,NA
5467,5469,REU.4.3_1,REU.4.3_1,0.064629690227696,0.496638318228142,0.432008628000446,2025.01573120479,2025.08036089502,NA,NA,NA
3549,3550,REU.4.8_1,REU.4.8_1,0.0218977197589554,0.496669559463608,0.474771839704653,2025.0584944165,2025.08039213626,NA,NA,NA
3405,3406,REU.4.5_1,REU.4.5_1,0.121713877038032,0.496911636077987,0.375197759039955,2024.95892033583,2025.08063421287,NA,NA,NA
5389,5391,REU.2.3_1,REU.2.3_1,0.0737475301632309,0.496947465287915,0.423199935124685,2025.00692251192,2025.08067004208,NA,NA,NA
4424,4425,REU.4.3_1,REU.4.3_1,0.00672415312949226,0.496994170305915,0.490270017176422,2025.07399259397,2025.0807167471,NA,NA,NA
5319,5322,REU.4.3_1,REU.4.3_1,0.0847410231943914,0.497022768523589,0.412281745329198,2024.99600432212,2025.08074534532,NA,NA,NA
5133,5134,REU.4.4_1,REU.4.4_1,0.0085933942602574,0.49702441275615,0.488431018495892,2025.07215359529,2025.08074698955,NA,NA,NA
6137,6138,REU.3.4_1,REU.3.4_1,0.0970670736668402,0.497181984310307,0.400114910643467,2024.98383748744,2025.0809045611,NA,NA,NA
5148,5149,REU.4.4_1,REU.4.4_1,0.00822654571781845,0.497353045719168,0.48912650000135,2025.0728490768,2025.08107562251,NA,NA,NA
5928,5929,REU.4.3_1,REU.4.3_1,0.00126835722326402,0.497433117974994,0.49616476075173,2025.07988733755,2025.08115569477,NA,NA,NA
3149,3152,REU.3.1_1,REU.3.1_1,0.00477101157599358,0.497460650220284,0.492689638644291,2025.07641221544,2025.08118322701,NA,NA,NA
5674,5675,REU.3.1_1,REU.3.1_1,0.00161793635089702,0.497508407621897,0.495890471271,2025.07961304806,2025.08123098442,NA,NA,NA
5856,5857,REU.2.3_1,REU.2.3_1,0.0251936377381262,0.497566015976976,0.47237237823885,2025.05609495503,2025.08128859277,NA,NA,NA
5134,5140,REU.4.4_1,REU.4.4_1,0.00054859788260464,0.497573010638754,0.49702441275615,2025.08074698955,2025.08129558743,NA,NA,NA
3423,3424,REU.4.5_1,REU.4.5_1,0.00528050024815307,0.497598869970179,0.492318369722026,2025.07604094652,2025.08132144676,NA,NA,NA
5311,5312,REU.4.3_1,REU.4.3_1,0.0589110635972122,0.497599455413483,0.438688391816271,2025.02241096861,2025.08132203221,NA,NA,NA
3838,3839,REU.4.8_1,REU.4.8_1,0.00465860020885278,0.497710791879929,0.493052191671076,2025.07677476846,2025.08143336867,NA,NA,NA
5110,5111,REU.4.4_1,REU.4.3_1,0.067488237580737,0.497746070403874,0.430257832823137,2025.01398040962,2025.0814686472,NA,NA,NA
4216,4232,REU.4.3_1,REU.4.8_1,0.0455395497493026,0.497791310450053,0.45225176070075,2025.03597433749,2025.08151388724,NA,NA,NA
3643,3645,REU.4.1_1,REU.4.1_1,0.0130056072316764,0.497890894722938,0.484885287491261,2025.06860786429,2025.08161347152,NA,NA,NA
5265,5266,REU.4.3_1,REU.4.3_1,0.0173710382622445,0.497947725636585,0.480576687374341,2025.06429926417,2025.08167030243,NA,NA,NA
5074,5075,REU.4.4_1,REU.4.4_1,0.0164981070740686,0.498044341411548,0.481546234337479,2025.06526881113,2025.08176691821,NA,NA,NA
4673,4679,REU.4.3_1,REU.4.3_1,0.0514467858135311,0.498084834380791,0.44663804856726,2025.03036062536,2025.08180741117,NA,NA,NA
4935,4936,REU.4.3_1,REU.4.3_1,0.0029674669872819,0.498103062781243,0.495135595793961,2025.07885817259,2025.08182563957,NA,NA,NA
3550,3551,REU.4.8_1,REU.4.8_1,0.00146098283391916,0.498130542297527,0.496669559463608,2025.08039213626,2025.08185311909,NA,NA,NA
3406,3409,REU.4.5_1,REU.4.5_1,0.00133280232713762,0.498244438405125,0.496911636077987,2025.08063421287,2025.0819670152,NA,NA,NA
4905,4906,REU.4.3_1,REU.4.3_1,0.0497883247236786,0.498265088335992,0.448476763612313,2025.03219934041,2025.08198766513,NA,NA,NA
5338,5343,REU.4.3_1,REU.4.3_1,0.00732169699104956,0.498298212778274,0.490976515787225,2025.07469909258,2025.08202078957,NA,NA,NA
5338,5339,REU.4.3_1,REU.4.3_1,0.00732550303064761,0.498302018817872,0.490976515787225,2025.07469909258,2025.08202459561,NA,NA,NA
5032,5038,REU.4.8_1,REU.4.8_1,0.0113389464866938,0.498341546805849,0.487002600319155,2025.07072517711,2025.0820641236,NA,NA,NA
4008,4009,REU.3.5_1,REU.3.5_1,0.00361625667382259,0.498361425994779,0.494745169320956,2025.07846774611,2025.08208400279,NA,NA,NA
5731,5732,REU.3.1_1,REU.3.1_1,0.088245854920014,0.498363361997163,0.410117507077149,2024.99384008387,2025.08208593879,NA,NA,NA
4826,712,REU.4.3_1,REU.4.3_1,0.105939098682783,0.498469204028176,0.392530105345393,2024.97625268214,2025.08219178082,CHIKV_RUN_S15b45_2025,55.535437,-21.261063
4955,855,REU.4.3_1,REU.4.3_1,0.0602436131986391,0.498469204028176,0.438225590829537,2025.02194816762,2025.08219178082,CHIKV_RUN_S15b47_2025,55.522092,-21.281134
5320,1333,REU.4.3_1,REU.4.3_1,0.0488756138503144,0.498469204028176,0.449593590177861,2025.03331616697,2025.08219178082,CHIKV_RUN_S15b31_2025,55.517344,-21.285296
5255,352,REU.4.3_1,REU.4.3_1,0.0452314159744214,0.498469204028176,0.453237788053754,2025.03696036485,2025.08219178082,CHIKV_RUN_S15b18_2025,55.500942,-21.266688
5462,2262,REU.4.3_1,REU.4.3_1,0.0442713695815954,0.498469204028176,0.45419783444658,2025.03792041124,2025.08219178082,CHIKV_RUN_S15b38_2025,55.515682,-21.297533
5047,720,REU.4.8_1,REU.4.8_1,0.0393143263366015,0.498469204028176,0.459154877691574,2025.04287745449,2025.08219178082,CHIKV_RUN_S15b46_2025,55.475677,-21.288946
5297,607,REU.4.3_1,REU.4.8_1,0.0323275751991894,0.498469204028176,0.466141628828986,2025.04986420562,2025.08219178082,CHIKV_RUN_S15b51_2025,55.469808,-21.283919
5294,1062,REU.4.3_1,REU.4.3_1,0.0317965225619942,0.498469204028176,0.466672681466182,2025.05039525826,2025.08219178082,CHIKV_RUN_S17b12_2025,55.50893,-21.288346
4295,1461,REU.4.3_1,REU.4.3_1,0.0311201391571992,0.498469204028176,0.467349064870976,2025.05107164166,2025.08219178082,CHIKV_RUN_S15b41_2025,55.510902,-21.287473
5629,3064,REU.3.4_1,REU.3.2_1,0.0272895992301425,0.498469204028176,0.471179604798033,2025.05490218159,2025.08219178082,CHIKV_RUN_S17b13_2025,55.340476,-21.244221
5468,2282,REU.4.3_1,REU.4.3_1,0.0187892821041484,0.498469204028176,0.479679921924027,2025.06340249872,2025.08219178082,CHIKV_RUN_S15b29_2025,55.535921,-21.312265
4992,693,REU.4.3_1,REU.4.8_1,0.0106180225573289,0.498469204028176,0.487851181470847,2025.07157375826,2025.08219178082,CHIKV_RUN_S15b53_2025,55.474593,-21.288804
5822,2396,REU.4.6_1,REU.4.6_1,0.00338946628495174,0.498469204028176,0.495079737743224,2025.07880231454,2025.08219178082,CHIKV_RUN_S15b33_2025,55.438869,-21.262742
5266,345,REU.4.3_1,REU.4.2_1,0.000521478391590668,0.498469204028176,0.497947725636585,2025.08167030243,2025.08219178082,CHIKV_RUN_S14b91_2025,55.502797,-21.234483
3584,3585,REU.3.1_1,REU.3.1_1,0.0236618395422724,0.49851973555849,0.474857896016217,2025.05858047281,2025.08224231235,NA,NA,NA
3839,3840,REU.4.8_1,REU.4.8_1,0.000959316219558914,0.498670108099488,0.497710791879929,2025.08143336867,2025.08239268489,NA,NA,NA
4395,4396,REU.4.3_1,REU.4.3_1,0.060144225215859,0.498677998360166,0.438533773144307,2025.02225634994,2025.08240057515,NA,NA,NA
3240,3241,REU.3.1_1,REU.3.1_1,0.0817170418386107,0.49869452021828,0.41697747837967,2025.00070005517,2025.08241709701,NA,NA,NA
5642,5643,REU.2.5_1,REU.2.5_1,0.0071404280965085,0.498808363137294,0.491667935040786,2025.07539051183,2025.08253093993,NA,NA,NA
3472,3473,REU.4.5_1,REU.4.5_1,0.0241541970536956,0.498935971447297,0.474781774393602,2025.05850435119,2025.08265854824,NA,NA,NA
4288,4289,REU.4.8_1,REU.2.2_1,0.0331565812524189,0.498937745305612,0.465781164053193,2025.04950374085,2025.0826603221,NA,NA,NA
5936,5938,REU.3.1_1,REU.4.6_1,0.0207621430375502,0.498942335999649,0.478180192962099,2025.06190276976,2025.08266491279,NA,NA,NA
5962,6007,REU.3.1_1,REU.3.1_1,0.130429943236833,0.499016394286645,0.368586451049812,2024.95230902784,2025.08273897108,NA,NA,NA
4759,4760,REU.4.3_1,REU.4.3_1,0.0147859351206877,0.499032216493205,0.484246281372518,2025.06796885817,2025.08275479329,NA,NA,NA
3491,3498,REU.4.5_1,REU.4.5_1,0.0420933047240157,0.499144956225463,0.457051651501447,2025.0407742283,2025.08286753302,NA,NA,NA
5938,5939,REU.4.6_1,REU.4.6_1,0.00033836562931433,0.499280701628963,0.498942335999649,2025.08266491279,2025.08300327842,NA,NA,NA
3409,3410,REU.4.5_1,REU.4.5_1,0.00104039110056908,0.499284829505694,0.498244438405125,2025.0819670152,2025.0830074063,NA,NA,NA
3717,3718,REU.4.3_1,REU.4.3_1,0.00772798977048072,0.49940468289244,0.491676693121959,2025.07539926992,2025.08312725969,NA,NA,NA
5874,5883,REU.2.3_1,REU.2.3_1,0.0208208683885843,0.499453170782759,0.478632302394175,2025.06235487919,2025.08317574758,NA,NA,NA
4542,4543,REU.4.3_1,REU.4.3_1,0.00586937122800413,0.499465845875714,0.493596474647709,2025.07731905144,2025.08318842267,NA,NA,NA
4265,4266,REU.4.3_1,REU.4.3_1,0.0224190489590159,0.499468381602926,0.47704933264391,2025.06077190944,2025.0831909584,NA,NA,NA
5072,5083,REU.4.4_1,REU.4.4_1,0.0438477506130646,0.499515174482052,0.455667423868988,2025.03939000066,2025.08323775128,NA,NA,NA
3152,3153,REU.3.1_1,REU.3.1_1,0.00223288380330167,0.499693534023586,0.497460650220284,2025.08118322701,2025.08341611082,NA,NA,NA
4069,4075,REU.4.3_1,REU.4.3_1,0.0421473474303536,0.499792680329914,0.45764533289956,2025.04136790969,2025.08351525712,NA,NA,NA
5884,5890,REU.3.1_1,REU.3.1_1,0.0512432870474699,0.499797516233136,0.448554229185666,2025.03227680598,2025.08352009303,NA,NA,NA
4570,4571,REU.4.3_1,REU.3.5_1,0.0270118443897787,0.499894875273293,0.472883030883514,2025.05660560768,2025.08361745207,NA,NA,NA
4384,4385,REU.4.3_1,REU.4.3_1,0.00994474864054384,0.500008512041186,0.490063763400642,2025.07378634019,2025.08373108883,NA,NA,NA
5487,5494,REU.2.3_1,REU.2.3_1,0.00829753910157849,0.500299934416704,0.492002395315125,2025.07572497211,2025.08402251121,NA,NA,NA
3533,3534,REU.4.6_1,REU.4.6_1,0.0109252333528518,0.500653194978724,0.489727961625872,2025.07345053842,2025.08437577177,NA,NA,NA
4954,4956,REU.4.3_1,REU.4.3_1,0.078842783886425,0.500663678266989,0.421820894380564,2025.00554347117,2025.08438625506,NA,NA,NA
3498,3499,REU.4.5_1,REU.4.5_1,0.00160301869733459,0.500747974922798,0.499144956225463,2025.08286753302,2025.08447055172,NA,NA,NA
5811,5812,REU.4.8_1,REU.4.8_1,0.0279454608103786,0.500804573997616,0.472859113187238,2025.05658168998,2025.08452715079,NA,NA,NA
3796,3797,REU.4.3_1,REU.4.3_1,0.00780663842551732,0.500806632231038,0.492999993805521,2025.0767225706,2025.08452920902,NA,NA,NA
5960,6019,REU.3.1_1,REU.4.8_1,0.156618958962248,0.500831516485715,0.344212557523467,2024.92793513432,2025.08455409328,NA,NA,NA
5830,5831,REU.3.1_1,REU.3.1_1,0.0900782107329641,0.500959927636016,0.410881716903052,2024.9946042937,2025.08468250443,NA,NA,NA
4792,4800,REU.4.3_1,REU.4.3_1,0.0209960091506909,0.500988139000295,0.479992129849604,2025.06371470664,2025.08471071579,NA,NA,NA
3963,3964,REU.3.5_1,REU.4.8_1,0.0234631506331536,0.501171060618391,0.477707909985237,2025.06143048678,2025.08489363741,NA,NA,NA
5596,2729,REU.4.8_1,REU.3.5_1,0.0291138487236607,0.501208930055533,0.472095081331872,2025.05581765813,2025.08493150685,CHIKV_RUN_S17b01_2025,55.22012,-21.044644
3476,2091,REU.4.5_1,REU.4.5_1,0.0185662010931642,0.501208930055533,0.482642728962369,2025.06636530576,2025.08493150685,CHIKV_RUN_S17b33_2025,55.628806,-21.360568
3164,2836,REU.3.1_1,REU.3.1_1,0.0140437732483294,0.501208930055533,0.487165156807204,2025.0708877336,2025.08493150685,CHIKV_RUN_S10b04_2025,55.362987,-21.255502
3718,595,REU.4.3_1,REU.4.2_1,0.00180424716309346,0.501208930055533,0.49940468289244,2025.08312725969,2025.08493150685,CHIKV_RUN_S15b23_2025,55.496559,-21.240158
6082,6090,REU.2.3_1,REU.4.8_1,0.0834043245106351,0.501300198310668,0.417895873800033,2025.00161845059,2025.0850227751,NA,NA,NA
4578,4588,REU.4.3_1,REU.4.3_1,0.0520561135836376,0.501321473816486,0.449265360232849,2025.03298793703,2025.08504405061,NA,NA,NA
3499,3500,REU.4.5_1,REU.4.5_1,0.000750634073885426,0.501498608996683,0.500747974922798,2025.08447055172,2025.08522118579,NA,NA,NA
6045,6048,REU.2.3_1,REU.2.3_1,0.0567759280947151,0.501518006173213,0.444742078078498,2025.02846465487,2025.08524058297,NA,NA,NA
3331,3336,REU.3.4_1,REU.2.3_1,0.121419247223426,0.501586648802172,0.380167401578746,2024.96388997837,2025.0853092256,NA,NA,NA
3203,3212,REU.4.8_1,REU.4.8_1,0.0198597881937715,0.501687293250268,0.481827505056497,2025.06555008185,2025.08540987004,NA,NA,NA
4192,4193,REU.4.3_1,REU.4.3_1,0.0153338852241506,0.501705236228586,0.486371351004435,2025.0700939278,2025.08542781302,NA,NA,NA
4320,4322,REU.4.8_1,REU.4.8_1,0.00920450625516933,0.501737536488847,0.492533030233677,2025.07625560703,2025.08546011328,NA,NA,NA
4244,4246,REU.4.3_1,REU.4.3_1,0.00598933676906033,0.501807032357781,0.49581769558872,2025.07954027238,2025.08552960915,NA,NA,NA
4597,4599,REU.4.3_1,REU.4.8_1,0.0581700570275,0.501866216785568,0.443696159758068,2025.02741873655,2025.08558879358,NA,NA,NA
4361,4364,REU.4.3_1,REU.4.3_1,0.0100644272939293,0.501990956795572,0.491926529501643,2025.0756491063,2025.08571353359,NA,NA,NA
6007,6008,REU.3.1_1,REU.3.1_1,0.00305733571800915,0.502073730004654,0.499016394286645,2025.08273897108,2025.0857963068,NA,NA,NA
4582,4584,REU.4.3_1,REU.4.3_1,0.0224085706942914,0.502105247282132,0.479696676587841,2025.06341925338,2025.08582782408,NA,NA,NA
6165,6166,REU.3.4_1,REU.3.4_1,0.0454198843302143,0.502184275861974,0.456764391531759,2025.04048696833,2025.08590685266,NA,NA,NA
5551,5555,REU.3.1_1,REU.3.1_1,0.0764642998525554,0.502198423178126,0.425734123325571,2025.00945670012,2025.08592099997,NA,NA,NA
4584,4587,REU.4.3_1,REU.4.3_1,0.000109071075144906,0.502214318357277,0.502105247282132,2025.08582782408,2025.08593689515,NA,NA,NA
4022,4023,REU.4.3_1,REU.4.3_1,0.0275659504073034,0.502282140557441,0.474716190150137,2025.05843876694,2025.08600471735,NA,NA,NA
3623,3635,REU.4.1_1,REU.4.1_1,0.0333578758736154,0.502364773728319,0.469006897854703,2025.05272947465,2025.08608735052,NA,NA,NA
3347,3348,REU.3.4_1,REU.3.4_1,0.0616168778364852,0.502719988027858,0.441103110191372,2025.02482568698,2025.08644256482,NA,NA,NA
5769,5770,REU.3.1_1,REU.3.4_1,0.118552482167997,0.502723296318439,0.384170814150442,2024.96789339094,2025.08644587311,NA,NA,NA
5965,5966,REU.3.1_1,REU.4.6_1,0.0177480412434701,0.502853368381326,0.485105327137856,2025.06882790393,2025.08657594517,NA,NA,NA
3480,3481,REU.4.5_1,REU.4.5_1,0.00757976828821161,0.502870682483192,0.495290914194981,2025.07901349099,2025.08659325928,NA,NA,NA
3638,3639,REU.4.1_1,REU.4.1_1,0.0381595598576312,0.502881013889716,0.464721454032085,2025.04844403083,2025.08660359068,NA,NA,NA
3479,3487,REU.4.5_1,REU.4.5_1,0.0957452890201892,0.502919042826053,0.407173753805864,2024.9908963306,2025.08664161962,NA,NA,NA
5662,5663,REU.3.1_1,REU.3.1_1,0.123092479798042,0.502943357324389,0.379850877526347,2024.96357345432,2025.08666593412,NA,NA,NA
5343,5345,REU.4.3_1,REU.4.3_1,0.00478245201645322,0.503080664794728,0.498298212778274,2025.08202078957,2025.08680324159,NA,NA,NA
5469,5470,REU.4.3_1,REU.4.3_1,0.00650792079364804,0.50314623902179,0.496638318228142,2025.08036089502,2025.08686881582,NA,NA,NA
3422,3432,REU.4.5_1,REU.4.5_1,0.0359809098714912,0.503234005196307,0.467253095324816,2025.05097567212,2025.08695658199,NA,NA,NA
3189,3190,REU.4.3_1,REU.4.3_1,0.0342465579211493,0.503446101155922,0.469199543234773,2025.05292212003,2025.08716867795,NA,NA,NA
5968,5969,REU.3.1_1,REU.3.1_1,0.0491967397812652,0.503518132290766,0.454321392509501,2025.0380439693,2025.08724070908,NA,NA,NA
5312,5313,REU.4.3_1,REU.4.3_1,0.00599823436727154,0.503597689780755,0.497599455413483,2025.08132203221,2025.08732026657,NA,NA,NA
6203,6204,REU.4.3_1,REU.4.3_1,0.0130417462040718,0.503643043159219,0.490601296955147,2025.07432387375,2025.08736561995,NA,NA,NA
5535,5536,REU.3.1_1,REU.3.1_1,0.0133827376663227,0.503671325597398,0.490288587931075,2025.07401116472,2025.08739390239,NA,NA,NA
3549,3555,REU.4.8_1,REU.4.6_1,0.0289596938944534,0.503731533599106,0.474771839704653,2025.0584944165,2025.08745411039,NA,NA,NA
3838,3845,REU.4.8_1,REU.4.8_1,0.0107817878976314,0.503833979568707,0.493052191671076,2025.07677476846,2025.08755655636,NA,NA,NA
4385,4386,REU.4.3_1,REU.4.3_1,0.00385861304222235,0.503867125083408,0.500008512041186,2025.08373108883,2025.08758970188,NA,NA,NA
5571,5572,REU.4.8_1,REU.4.8_1,0.0291616776867805,0.503992027018794,0.474830349332013,2025.05855292613,2025.08771460381,NA,NA,NA
4915,4918,REU.4.8_1,REU.4.8_1,0.0230250116129072,0.504002713498042,0.480977701885135,2025.06470027868,2025.08772529029,NA,NA,NA
3921,3923,REU.4.5_1,REU.4.5_1,0.00755607106655565,0.504136182266765,0.496580111200209,2025.08030268799,2025.08785875906,NA,NA,NA
4201,4202,REU.4.3_1,REU.4.3_1,0.0171365413669822,0.504136958637147,0.487000417270165,2025.07072299406,2025.08785953543,NA,NA,NA
4971,4975,REU.4.3_1,REU.4.3_1,0.0208826861663404,0.504141588371615,0.483258902205274,2025.066981479,2025.08786416517,NA,NA,NA
5874,5875,REU.2.3_1,REU.2.3_1,0.025533905052475,0.50416620744665,0.478632302394175,2025.06235487919,2025.08788878424,NA,NA,NA
3860,3861,REU.4.5_1,REU.4.5_1,0.0842487118854359,0.50421390958151,0.419965197696074,2025.00368777449,2025.08793648638,NA,NA,NA
5060,5061,REU.4.4_1,REU.4.4_1,0.0170734914386379,0.504230232257086,0.487156740818448,2025.07087931761,2025.08795280905,NA,NA,NA
3250,3251,REU.3.4_1,REU.3.4_1,0.0282083801830371,0.504277894487927,0.47606951430489,2025.0597920911,2025.08800047128,NA,NA,NA
3534,3537,REU.4.6_1,REU.4.6_1,0.00386219147625089,0.504515386454975,0.500653194978724,2025.08437577177,2025.08823796325,NA,NA,NA
4800,4801,REU.4.3_1,REU.4.3_1,0.00359160429525796,0.504579743295553,0.500988139000295,2025.08471071579,2025.08830232009,NA,NA,NA
5200,5201,REU.4.3_1,REU.4.3_1,0.0558652483014085,0.504660250842068,0.44879500254066,2025.03251757933,2025.08838282764,NA,NA,NA
5502,5504,REU.4.5_1,REU.4.5_1,0.00869625205602798,0.504695019506109,0.495998767450081,2025.07972134424,2025.0884175963,NA,NA,NA
3983,3988,REU.3.5_1,REU.3.5_1,0.0226723465295052,0.504856993029236,0.482184646499731,2025.06590722329,2025.08857956982,NA,NA,NA
5827,5828,REU.3.1_1,REU.4.5_1,0.0972593716116541,0.50500678460218,0.407747412990526,2024.99146998978,2025.0887293614,NA,NA,NA
5501,5508,REU.4.5_1,REU.4.5_1,0.0195342698258869,0.505113690938799,0.485579421112912,2025.06930199791,2025.08883626773,NA,NA,NA
4246,4247,REU.4.3_1,REU.4.3_1,0.00335460387486297,0.505161636232644,0.501807032357781,2025.08552960915,2025.08888421303,NA,NA,NA
6063,6064,REU.2.3_1,REU.2.3_1,0.0179069129962659,0.505170633231721,0.487263720235455,2025.07098629703,2025.08889321003,NA,NA,NA
4434,4435,REU.3.3_1,REU.3.3_1,0.0375645095421494,0.50528871998102,0.46772421043887,2025.05144678723,2025.08901129677,NA,NA,NA
5584,5585,REU.3.1_1,REU.3.1_1,0.0418007527200498,0.505307153674716,0.463506400954666,2025.04722897775,2025.08902973047,NA,NA,NA
5435,5436,REU.3.1_1,REU.3.4_1,0.104421514811015,0.505344249076523,0.400922734265508,2024.98464531106,2025.08906682587,NA,NA,NA
3873,3875,REU.4.5_1,REU.4.5_1,0.0255105959059881,0.505351051393627,0.479840455487639,2025.06356303228,2025.08907362819,NA,NA,NA
5391,5398,REU.2.3_1,REU.2.3_1,0.00853681105230775,0.505484276340223,0.496947465287915,2025.08067004208,2025.08920685313,NA,NA,NA
3506,3509,REU.4.6_1,REU.4.8_1,0.032695311777129,0.505515759479061,0.472820447701932,2025.0565430245,2025.08923833627,NA,NA,NA
4844,4845,REU.4.8_1,REU.4.8_1,0.0184024349181959,0.505556538938054,0.487154104019858,2025.07087668081,2025.08927911573,NA,NA,NA
5801,5802,REU.3.1_1,REU.3.1_1,0.0233176221479353,0.505691903458965,0.48237428131103,2025.0660968581,2025.08941448025,NA,NA,NA
3348,3352,REU.3.4_1,REU.3.4_1,0.00298328807550841,0.505703276103366,0.502719988027858,2025.08644256482,2025.0894258529,NA,NA,NA
5923,5924,REU.4.3_1,REU.4.3_1,0.0199167536911746,0.505707274116619,0.485790520425444,2025.06951309722,2025.08942985091,NA,NA,NA
4588,4589,REU.4.3_1,REU.4.3_1,0.00454105811425187,0.505862531930738,0.501321473816486,2025.08504405061,2025.08958510872,NA,NA,NA
5256,5260,REU.4.3_1,REU.2.3_1,0.0441069392658539,0.505956100941656,0.461849161675802,2025.04557173847,2025.08967867774,NA,NA,NA
4659,4660,REU.4.3_1,REU.4.3_1,0.043917286242394,0.50601818842604,0.462100902183646,2025.04582347898,2025.08974076522,NA,NA,NA
3365,3366,REU.3.1_1,REU.4.5_1,0.139195563839944,0.506062173482668,0.366866609642724,2024.95058918644,2025.08978475028,NA,NA,NA
3456,3457,REU.4.5_1,REU.4.5_1,0.0380677571462213,0.506154233160401,0.468086476014179,2025.05180905281,2025.08987680995,NA,NA,NA
5723,5724,REU.4.3_1,REU.4.3_1,0.0283051226578831,0.506157069413346,0.477851946755463,2025.06157452355,2025.08987964621,NA,NA,NA
5508,5512,REU.4.5_1,REU.4.5_1,0.00134990216885367,0.506463593107653,0.505113690938799,2025.08883626773,2025.0901861699,NA,NA,NA
4403,4422,REU.4.3_1,REU.4.3_1,0.0323975374691017,0.506520685977035,0.474123148507933,2025.0578457253,2025.09024326277,NA,NA,NA
5615,5616,REU.4.8_1,REU.4.8_1,0.0457402519886358,0.506586507648196,0.46084625565956,2025.04456883245,2025.09030908444,NA,NA,NA
5205,5209,REU.4.3_1,REU.4.3_1,0.0711100721668828,0.506620099777493,0.43551002761061,2025.0192326044,2025.09034267657,NA,NA,NA
3173,1812,REU.4.8_1,REU.3.4_1,0.0547205322264074,0.506688382110475,0.451967849884068,2025.03569042668,2025.0904109589,CHIKV_RUN_S17b18_2025,55.335333,-21.202203
3379,2606,REU.3.1_1,REU.2.3_1,0.0295200549458693,0.506688382110475,0.477168327164606,2025.06089090396,2025.0904109589,CHIKV_RUN_S10b14_2025,55.476821,-20.900549
3476,2118,REU.4.5_1,REU.4.5_1,0.0240456531481064,0.506688382110475,0.482642728962369,2025.06636530576,2025.0904109589,CHIKV_RUN_S17b42_2025,55.629379,-21.3518
4220,1353,REU.4.3_1,REU.4.3_1,0.0141319900951388,0.506688382110475,0.492556392015337,2025.07627896881,2025.0904109589,CHIKV_RUN_S17b34_2025,55.530935,-21.257714
5905,15,REU.3.5_1,REU.2.3_1,0.0115897239360875,0.506688382110475,0.495098658174388,2025.07882123497,2025.0904109589,CHIKV_RUN_S17b22_2025,55.48129,-20.916907
5667,2188,REU.4.3_1,REU.4.3_1,0.0114754813886722,0.506688382110475,0.495212900721803,2025.07893547752,2025.0904109589,CHIKV_RUN_S17b17_2025,55.52056,-21.281449
4266,1756,REU.4.3_1,REU.2.5_1,0.0072200005075489,0.506688382110475,0.499468381602926,2025.0831909584,2025.0904109589,CHIKV_RUN_S10b05_2025,55.640541,-20.932497
6064,2899,REU.2.3_1,REU.2.3_1,0.00151774887875455,0.506688382110475,0.505170633231721,2025.08889321003,2025.0904109589,CHIKV_RUN_S17b35_2025,55.502793,-20.911217
3410,3411,REU.4.5_1,REU.4.5_1,0.00741972737450591,0.5067045568802,0.499284829505694,2025.0830074063,2025.09042713367,NA,NA,NA
3686,3695,REU.4.6_1,REU.4.6_1,0.0296210244708104,0.506708234973826,0.477087210503016,2025.0608097873,2025.09043081177,NA,NA,NA
3635,3636,REU.4.1_1,REU.4.1_1,0.00437284428253748,0.506737618010856,0.502364773728319,2025.08608735052,2025.0904601948,NA,NA,NA
5494,5495,REU.2.3_1,REU.2.3_1,0.00665770355936324,0.506957637976067,0.500299934416704,2025.08402251121,2025.09068021477,NA,NA,NA
3846,3847,REU.3.5_1,REU.3.5_1,0.0525231816480066,0.507297248836349,0.454774067188343,2025.03849664398,2025.09101982563,NA,NA,NA
3831,3832,REU.3.5_1,REU.3.5_1,0.0140183206846852,0.507304276500029,0.493285955815344,2025.07700853261,2025.09102685329,NA,NA,NA
3584,3591,REU.3.1_1,REU.3.1_1,0.032491479749417,0.507349375765634,0.474857896016217,2025.05858047281,2025.09107195256,NA,NA,NA
6048,6049,REU.2.3_1,REU.2.3_1,0.00592318035583672,0.507441186529049,0.501518006173213,2025.08524058297,2025.09116376332,NA,NA,NA
5339,5342,REU.4.3_1,REU.4.8_1,0.00921305485019819,0.507515073668071,0.498302018817872,2025.08202459561,2025.09123765046,NA,NA,NA
6203,6212,REU.4.3_1,REU.4.3_1,0.0169407595602113,0.507542056515358,0.490601296955147,2025.07432387375,2025.09126463331,NA,NA,NA
5213,5214,REU.3.5_1,REU.3.5_1,0.0119401801985152,0.507817555518206,0.495877375319691,2025.07959995211,2025.09154013231,NA,NA,NA
4186,4188,REU.4.3_1,REU.4.3_1,0.0378612025752538,0.507821931734901,0.469960729159647,2025.05368330595,2025.09154450853,NA,NA,NA
5083,5086,REU.4.4_1,REU.4.4_1,0.0084215257138931,0.507936700195946,0.499515174482052,2025.08323775128,2025.09165927699,NA,NA,NA
5536,5537,REU.3.1_1,REU.3.1_1,0.00440648447561043,0.508077810073008,0.503671325597398,2025.08739390239,2025.09180038687,NA,NA,NA
3509,3512,REU.4.8_1,REU.4.8_1,0.00265177538776729,0.508167534866829,0.505515759479061,2025.08923833627,2025.09189011166,NA,NA,NA
4163,4171,REU.2.3_1,REU.2.3_1,0.0693354304365268,0.508524633512446,0.439189203075919,2025.02291177987,2025.09224721031,NA,NA,NA
5070,5071,REU.4.4_1,REU.4.4_1,0.0743949481171673,0.508552107630453,0.434157159513286,2025.01787973631,2025.09227468442,NA,NA,NA
3440,3441,REU.4.5_1,REU.4.5_1,0.0193701075467542,0.508564403803834,0.48919429625708,2025.07291687305,2025.0922869806,NA,NA,NA
5845,5846,REU.3.1_1,REU.3.1_1,0.0225894060480311,0.508577144318937,0.485987738270906,2025.06971031506,2025.09229972111,NA,NA,NA
4599,4602,REU.4.8_1,REU.4.8_1,0.00673569259704143,0.50860190938261,0.501866216785568,2025.08558879358,2025.09232448618,NA,NA,NA
5086,5091,REU.4.4_1,REU.4.4_1,0.000696870625172763,0.508633570821118,0.507936700195946,2025.09165927699,2025.09235614761,NA,NA,NA
3264,3267,REU.3.1_1,REU.4.8_1,0.026912941851262,0.508657895321936,0.481744953470674,2025.06546753026,2025.09238047212,NA,NA,NA
4645,4646,REU.4.3_1,REU.4.3_1,0.0280863015963925,0.50868723089709,0.480600929300698,2025.06432350609,2025.09240980769,NA,NA,NA
3212,3213,REU.4.8_1,REU.4.8_1,0.00704147566594615,0.508728768916214,0.501687293250268,2025.08540987004,2025.09245134571,NA,NA,NA
4289,4290,REU.2.2_1,REU.2.2_1,0.00981718320405389,0.508754928509666,0.498937745305612,2025.0826603221,2025.0924775053,NA,NA,NA
3964,3973,REU.4.8_1,REU.4.8_1,0.00759178768284163,0.508762848301233,0.501171060618391,2025.08489363741,2025.0924854251,NA,NA,NA
4526,4527,REU.4.3_1,REU.4.3_1,0.0146782705346299,0.508815069446679,0.49413679891205,2025.07785937571,2025.09253764624,NA,NA,NA
4644,4652,REU.4.3_1,REU.4.3_1,0.0524184894991042,0.50888481076285,0.456466321263746,2025.04018889806,2025.09260738756,NA,NA,NA
5266,5267,REU.4.3_1,REU.4.3_1,0.0109676628897845,0.50891538852637,0.497947725636585,2025.08167030243,2025.09263796532,NA,NA,NA
5596,5597,REU.4.8_1,REU.4.8_1,0.0368504243785374,0.50894550571041,0.472095081331872,2025.05581765813,2025.0926680825,NA,NA,NA
4570,4575,REU.4.3_1,REU.4.3_1,0.0362992835465782,0.509182314430092,0.472883030883514,2025.05660560768,2025.09290489122,NA,NA,NA
3331,3332,REU.3.4_1,REU.4.6_1,0.129022878276598,0.509190279855344,0.380167401578746,2024.96388997837,2025.09291285665,NA,NA,NA
4493,4495,REU.2.4_1,REU.2.4_1,0.0161706950460342,0.509307824967446,0.493137129921412,2025.07685970672,2025.09303040176,NA,NA,NA
5232,1419,REU.4.3_1,REU.3.5_1,0.124490349305155,0.509428108137833,0.384937758832678,2024.96866033563,2025.09315068493,CHIKV_RUN_S10b19_2025,55.274867,-21.026481
3276,2818,REU.3.1_1,REU.3.1_1,0.0575643475671983,0.509428108137833,0.451863760570634,2025.03558633736,2025.09315068493,CHIKV_RUN_S16b88_2025,55.3619,-21.255328
3198,3113,REU.4.6_1,REU.4.6_1,0.0345565432794114,0.509428108137833,0.474871564858421,2025.05859414165,2025.09315068493,CHIKV_RUN_S17b38_2025,55.43888,-21.269082
5457,2272,REU.4.8_1,REU.4.8_1,0.0320799630369829,0.509428108137833,0.47734814510085,2025.06107072189,2025.09315068493,CHIKV_RUN_S17b15_2025,55.535126,-21.315144
4811,418,REU.4.3_1,REU.4.3_1,0.0210654504033843,0.509428108137833,0.488362657734448,2025.07208523453,2025.09315068493,CHIKV_RUN_S14b90_2025,55.542606,-21.243523
4023,869,REU.4.3_1,REU.4.3_1,0.00714596758039199,0.509428108137833,0.502282140557441,2025.08600471735,2025.09315068493,CHIKV_RUN_S10b20_2025,55.496192,-21.267121
4575,636,REU.4.3_1,REU.4.3_1,0.000245793707740583,0.509428108137833,0.509182314430092,2025.09290489122,2025.09315068493,CHIKV_RUN_S17b28_2025,55.510051,-21.291905
5969,5970,REU.3.1_1,REU.3.1_1,0.00605933633844202,0.509577468629208,0.503518132290766,2025.08724070908,2025.09330004542,NA,NA,NA
4301,4302,REU.4.3_1,REU.4.3_1,0.0395774289689076,0.509696647128948,0.470119218160041,2025.05384179495,2025.09341922392,NA,NA,NA
4731,4732,REU.4.3_1,REU.4.3_1,0.0561104241166241,0.509735413989176,0.453624989872552,2025.03734756667,2025.09345799078,NA,NA,NA
4758,4761,REU.4.3_1,REU.4.3_1,0.0326851869662375,0.509867280502613,0.477182093536375,2025.06090467033,2025.0935898573,NA,NA,NA
6057,6058,REU.2.3_1,REU.2.3_1,0.0547570154999409,0.509997158416182,0.455240142916241,2025.03896271971,2025.09371973521,NA,NA,NA
5643,5644,REU.2.5_1,REU.2.5_1,0.011189642686007,0.509998005823301,0.498808363137294,2025.08253093993,2025.09372058262,NA,NA,NA
4188,4189,REU.4.3_1,REU.4.3_1,0.00225217914211928,0.51007411087702,0.507821931734901,2025.09154450853,2025.09379668767,NA,NA,NA
5944,5945,REU.4.6_1,REU.4.6_1,0.0317113232643466,0.510107630790229,0.478396307525883,2025.06211888432,2025.09383020758,NA,NA,NA
3424,3428,REU.4.5_1,REU.4.5_1,0.0125713115343994,0.510170181504578,0.497598869970179,2025.08132144676,2025.0938927583,NA,NA,NA
3142,3147,REU.2.3_1,REU.2.3_1,0.0735785809772755,0.51034894742121,0.436770366443935,2025.02049294324,2025.09407152421,NA,NA,NA
6153,6156,REU.3.4_1,REU.3.4_1,0.0309793969433911,0.510375149175093,0.479395752231702,2025.06311832903,2025.09409772597,NA,NA,NA
3830,3835,REU.3.5_1,REU.3.5_1,0.0564328205341118,0.510421068022081,0.45398824748797,2025.03771082428,2025.09414364482,NA,NA,NA
5701,5702,REU.3.1_1,REU.3.4_1,0.0326229408522657,0.510492035887279,0.477869095035013,2025.06159167183,2025.09421461268,NA,NA,NA
5398,5399,REU.2.3_1,REU.2.3_1,0.00505336309945037,0.510537639439674,0.505484276340223,2025.08920685313,2025.09426021623,NA,NA,NA
3853,3854,REU.3.5_1,REU.3.5_1,0.0240662770664863,0.510554430235091,0.486488153168605,2025.07021072996,2025.09427700703,NA,NA,NA
4404,4405,REU.4.3_1,REU.4.3_1,0.0342788080909668,0.510587064870966,0.476308256779999,2025.06003083357,2025.09430964166,NA,NA,NA
3759,3782,REU.4.3_1,REU.2.1_1,0.112391024693417,0.510652504754456,0.398261480061039,2024.98198405685,2025.09437508155,NA,NA,NA
4446,4447,REU.4.8_1,REU.4.8_1,0.0232908358468695,0.510707577494294,0.487416741647425,2025.07113931844,2025.09443015429,NA,NA,NA
4926,4930,REU.4.8_1,REU.4.8_1,0.0208454195726826,0.510928008847524,0.490082589274841,2025.07380516607,2025.09465058564,NA,NA,NA
3294,3315,REU.3.4_1,REU.3.4_1,0.132077140899017,0.51093926436514,0.378862123466123,2024.96258470026,2025.09466184116,NA,NA,NA
3545,3546,REU.4.6_1,REU.4.6_1,0.0875451332587541,0.511043590047364,0.42349845678861,2025.00722103358,2025.09476616684,NA,NA,NA
3645,3646,REU.4.1_1,REU.4.1_1,0.0131678196000151,0.511058714322953,0.497890894722938,2025.08161347152,2025.09478129112,NA,NA,NA
3229,3238,REU.4.8_1,REU.4.8_1,0.0345632127310179,0.511073054057656,0.476509841326638,2025.06023241812,2025.09479563085,NA,NA,NA
5732,5734,REU.3.1_1,REU.3.1_1,0.0127487523603986,0.511112114357562,0.498363361997163,2025.08208593879,2025.09483469115,NA,NA,NA
4297,4298,REU.4.3_1,REU.4.3_1,0.0148195449443351,0.511136999086505,0.49631745414217,2025.08004003094,2025.09485957588,NA,NA,NA
5749,5750,REU.3.1_1,REU.3.1_1,0.0579540989493665,0.511241974881094,0.453287875931727,2025.03701045273,2025.09496455167,NA,NA,NA
5520,5521,REU.4.3_1,REU.4.8_1,0.0493374612116798,0.511303640906648,0.461966179694968,2025.04568875649,2025.0950262177,NA,NA,NA
5623,5624,REU.3.4_1,REU.3.4_1,0.0406202830691382,0.511336464546111,0.470716181476973,2025.05443875827,2025.09505904134,NA,NA,NA
5812,5813,REU.4.8_1,REU.4.8_1,0.0105572345392801,0.511361808536896,0.500804573997616,2025.08452715079,2025.09508438533,NA,NA,NA
5739,5740,REU.3.1_1,REU.3.1_1,0.0491069095769374,0.511445406407785,0.462338496830848,2025.04606107362,2025.0951679832,NA,NA,NA
6202,6213,REU.4.8_1,REU.4.8_1,0.0552429181674207,0.511519897343996,0.456276979176575,2025.03999955597,2025.09524247414,NA,NA,NA
4404,4420,REU.4.3_1,REU.4.3_1,0.0352126910674109,0.51152094784741,0.476308256779999,2025.06003083357,2025.09524352464,NA,NA,NA
4597,4598,REU.4.3_1,REU.4.3_1,0.0678610028418855,0.511557162599954,0.443696159758068,2025.02741873655,2025.09527973939,NA,NA,NA
3340,3341,REU.3.4_1,REU.3.4_1,0.0624101921137015,0.5116207413856,0.449210549271898,2025.03293312607,2025.09534331818,NA,NA,NA
3710,3712,REU.4.8_1,REU.4.8_1,0.024586104445297,0.511698237562088,0.487112133116791,2025.07083470991,2025.09542081436,NA,NA,NA
3573,3574,REU.3.1_1,REU.4.8_1,0.0424381625194198,0.511721403726813,0.469283241207393,2025.053005818,2025.09544398052,NA,NA,NA
3861,3863,REU.4.5_1,REU.4.5_1,0.00753078039138078,0.511744689972891,0.50421390958151,2025.08793648638,2025.09546726677,NA,NA,NA
4579,4580,REU.4.3_1,REU.4.3_1,0.0345263767436752,0.511811693823025,0.47728531707935,2025.06100789387,2025.09553427062,NA,NA,NA
5242,5243,REU.4.3_1,REU.4.3_1,0.0688837934259249,0.511920657941487,0.443036864515562,2025.02675944131,2025.09564323474,NA,NA,NA
4177,4178,REU.4.3_1,REU.4.8_1,0.02818849376304,0.512030725252164,0.483842231489124,2025.06756480828,2025.09575330205,NA,NA,NA
3731,3732,REU.4.3_1,REU.4.3_1,0.079593556502984,0.512069285735508,0.432475729232524,2025.01619830603,2025.09579186253,NA,NA,NA
4761,4762,REU.4.3_1,REU.4.3_1,0.00222099974172107,0.512088280244334,0.509867280502613,2025.0935898573,2025.09581085704,NA,NA,NA
4555,1749,REU.4.3_1,REU.4.4_1,0.0460693999170235,0.51216783416519,0.466098434248167,2025.04982101104,2025.09589041096,CHIKV_RUN_S10b26_2025,55.560539,-21.342963
3455,2062,REU.4.5_1,REU.4.5_1,0.0458297369209183,0.51216783416519,0.466338097244272,2025.05006067404,2025.09589041096,CHIKV_RUN_S17b39_2025,55.59222,-21.37455
4982,806,REU.4.3_1,REU.4.3_1,0.0263681807852109,0.51216783416519,0.485799653379979,2025.06952223017,2025.09589041096,CHIKV_RUN_S10b25_2025,55.503697,-21.272324
3410,2119,REU.4.5_1,REU.4.3_1,0.012883004659496,0.51216783416519,0.499284829505694,2025.0830074063,2025.09589041096,CHIKV_RUN_S10b18_2025,55.498016,-21.254205
5770,1798,REU.3.4_1,REU.3.4_1,0.00944453784675092,0.51216783416519,0.502723296318439,2025.08644587311,2025.09589041096,CHIKV_RUN_S10b24_2025,55.289455,-21.17725
3615,3616,REU.3.1_1,REU.4.3_1,0.0805344870087016,0.512190041049032,0.43165555404033,2025.01537813083,2025.09591261784,NA,NA,NA
4732,4733,REU.4.3_1,REU.4.3_1,0.00247200053549002,0.512207414524666,0.509735413989176,2025.09345799078,2025.09592999132,NA,NA,NA
5811,5816,REU.4.8_1,REU.4.8_1,0.0394292158522205,0.512288329039458,0.472859113187238,2025.05658168998,2025.09601090583,NA,NA,NA
4482,4483,REU.4.3_1,REU.4.3_1,0.0417742710661541,0.512289897416923,0.470515626350769,2025.05423820314,2025.09601247421,NA,NA,NA
4447,4448,REU.4.8_1,REU.4.8_1,0.00161287911613817,0.512320456610432,0.510707577494294,2025.09443015429,2025.0960430334,NA,NA,NA
4845,4846,REU.4.8_1,REU.4.8_1,0.00677025626891536,0.51232679520697,0.505556538938054,2025.08927911573,2025.096049372,NA,NA,NA
4396,4397,REU.4.3_1,REU.4.3_1,0.0138170362214856,0.512495034581652,0.498677998360166,2025.08240057515,2025.09621761138,NA,NA,NA
5571,5574,REU.4.8_1,REU.4.8_1,0.0377025437747613,0.512532893106775,0.474830349332013,2025.05855292613,2025.0962554699,NA,NA,NA
5095,5098,REU.4.8_1,REU.4.8_1,0.0665312742508881,0.512608126898191,0.446076852647303,2025.02979942944,2025.09633070369,NA,NA,NA
5521,5522,REU.4.8_1,REU.4.8_1,0.00135803266221579,0.512661673568863,0.511303640906648,2025.0950262177,2025.09638425036,NA,NA,NA
4241,4250,REU.4.3_1,REU.4.8_1,0.0552011499544617,0.512806051673035,0.457604901718573,2025.04132747851,2025.09652862847,NA,NA,NA
4446,4452,REU.4.8_1,REU.4.8_1,0.0255246921282168,0.512941433775641,0.487416741647425,2025.07113931844,2025.09666401057,NA,NA,NA
5801,5807,REU.3.1_1,REU.3.1_1,0.0305837550785217,0.512958036389552,0.48237428131103,2025.0660968581,2025.09668061318,NA,NA,NA
5098,5102,REU.4.8_1,REU.4.8_1,0.000396944354174034,0.513005071252365,0.512608126898191,2025.09633070369,2025.09672764805,NA,NA,NA
3296,3297,REU.3.4_1,REU.3.4_1,0.0748120396957273,0.513033148691857,0.43822110899613,2025.02194368579,2025.09675572549,NA,NA,NA
5802,5804,REU.3.1_1,REU.3.1_1,0.00758276257619162,0.513274666035157,0.505691903458965,2025.08941448025,2025.09699724283,NA,NA,NA
3817,3820,REU.4.3_1,REU.4.3_1,0.0207039891860724,0.513306747992964,0.492602758806892,2025.0763253356,2025.09702932479,NA,NA,NA
5970,5975,REU.3.1_1,REU.3.1_1,0.00379336845533995,0.513370837084548,0.509577468629208,2025.09330004542,2025.09709341388,NA,NA,NA
3878,3883,REU.4.5_1,REU.4.5_1,0.0235485042721664,0.513500128286031,0.489951624013864,2025.07367420081,2025.09722270508,NA,NA,NA
5214,5215,REU.3.5_1,REU.3.5_1,0.00570511645544136,0.513522671973647,0.507817555518206,2025.09154013231,2025.09724524877,NA,NA,NA
3528,3529,REU.4.8_1,REU.4.8_1,0.0170442880744067,0.513634572744573,0.496590284670167,2025.08031286146,2025.09735714954,NA,NA,NA
4375,4376,REU.4.8_1,REU.4.8_1,0.0482157261851814,0.513721053089086,0.465505326903904,2025.0492279037,2025.09744362988,NA,NA,NA
4522,4523,REU.4.3_1,REU.4.3_1,0.0263147552468007,0.513732104101356,0.487417348854555,2025.07113992565,2025.0974546809,NA,NA,NA
4386,4387,REU.4.3_1,REU.4.3_1,0.00987845782772412,0.513745582911133,0.503867125083408,2025.08758970188,2025.0974681597,NA,NA,NA
6198,6217,REU.4.8_1,REU.4.8_1,0.0720393809936252,0.513770503753477,0.441731122759851,2025.02545369955,2025.09749308055,NA,NA,NA
5238,5239,REU.4.3_1,REU.2.3_1,0.0761882223261787,0.513771650475412,0.437583428149233,2025.02130600494,2025.09749422727,NA,NA,NA
6166,6167,REU.3.4_1,REU.3.4_1,0.0115973536192326,0.513781629481206,0.502184275861974,2025.08590685266,2025.09750420627,NA,NA,NA
4178,4179,REU.4.8_1,REU.4.8_1,0.00181698978052081,0.513847715032685,0.512030725252164,2025.09575330205,2025.09757029183,NA,NA,NA
6217,6218,REU.4.8_1,REU.4.8_1,0.000264099907287818,0.514034603660764,0.513770503753477,2025.09749308055,2025.09775718045,NA,NA,NA
5802,5803,REU.3.1_1,REU.3.5_1,0.00843772333884651,0.514129626797812,0.505691903458965,2025.08941448025,2025.09785220359,NA,NA,NA
3264,3265,REU.3.1_1,REU.2.3_1,0.032396069779186,0.51414102324986,0.481744953470674,2025.06546753026,2025.09786360004,NA,NA,NA
4741,4742,REU.4.3_1,REU.4.3_1,0.0394422293589918,0.514161955397083,0.474719726038092,2025.05844230283,2025.09788453219,NA,NA,NA
4070,4071,REU.4.3_1,REU.4.3_1,0.0353109023872735,0.514188405553369,0.478877503166096,2025.06260007996,2025.09791098235,NA,NA,NA
4806,4814,REU.4.3_1,REU.4.5_1,0.0821173498684497,0.514212282601049,0.4320949327326,2025.01581750953,2025.09793485939,NA,NA,NA
4782,4783,REU.4.3_1,REU.4.3_1,0.0191379320199534,0.514302958851338,0.495165026831385,2025.07888760363,2025.09802553565,NA,NA,NA
4350,4355,REU.4.3_1,REU.4.3_1,0.0295748799385689,0.514371938929298,0.484797058990729,2025.06851963578,2025.09809451572,NA,NA,NA
4420,4421,REU.4.3_1,REU.4.3_1,0.00291034458410044,0.51443129243151,0.51152094784741,2025.09524352464,2025.09815386923,NA,NA,NA
4009,4010,REU.3.5_1,REU.3.5_1,0.0162103472856526,0.514571773280431,0.498361425994779,2025.08208400279,2025.09829435007,NA,NA,NA
3204,3207,REU.4.8_1,REU.4.8_1,0.0295155928589066,0.51471659380729,0.485201000948384,2025.06892357774,2025.0984391706,NA,NA,NA
3820,3821,REU.4.3_1,REU.4.3_1,0.00141325110307966,0.514719999096044,0.513306747992964,2025.09702932479,2025.09844257589,NA,NA,NA
5843,5844,REU.3.1_1,REU.3.1_1,0.0220039568416628,0.514762126918649,0.492758170076986,2025.07648074687,2025.09848470371,NA,NA,NA
5098,5099,REU.4.8_1,REU.4.8_1,0.00216974355134925,0.51477787044954,0.512608126898191,2025.09633070369,2025.09850044724,NA,NA,NA
4800,4803,REU.4.3_1,REU.4.3_1,0.0138840485679836,0.514872187568278,0.500988139000295,2025.08471071579,2025.09859476436,NA,NA,NA
5691,2230,REU.3.1_1,REU.4.3_1,0.0807248929703092,0.514907560192547,0.434182667222238,2025.01790524402,2025.09863013699,CHIKV_RUN_S10b32_2025,55.525455,-21.285424
5074,1255,REU.4.4_1,REU.4.4_1,0.0333613258550682,0.514907560192547,0.481546234337479,2025.06526881113,2025.09863013699,CHIKV_RUN_S10b37_2025,55.561393,-21.340955
5321,271,REU.4.3_1,REU.4.4_1,0.0259294540215464,0.514907560192547,0.488978106171001,2025.07270068296,2025.09863013699,CHIKV_RUN_S10b34_2025,55.55304,-21.350416
4542,1750,REU.4.3_1,REU.4.5_1,0.0213110855448381,0.514907560192547,0.493596474647709,2025.07731905144,2025.09863013699,CHIKV_RUN_S10b27_2025,55.596459,-21.333171
5807,3065,REU.3.1_1,REU.3.1_1,0.00194952380299585,0.514907560192547,0.512958036389552,2025.09668061318,2025.09863013699,CHIKV_RUN_S10b23_2025,55.353503,-21.259858
4421,1521,REU.4.3_1,REU.4.3_1,0.000476267761037041,0.514907560192547,0.51443129243151,2025.09815386923,2025.09863013699,CHIKV_RUN_S10b31_2025,55.513787,-21.267717
5375,5380,REU.4.3_1,REU.4.3_1,0.124217552612634,0.514930320663014,0.390712768050381,2024.97443534484,2025.09865289746,NA,NA,NA
4445,4461,REU.4.8_1,REU.4.8_1,0.0355724815266935,0.514988475200945,0.479415993674252,2025.06313857047,2025.09871105199,NA,NA,NA
4956,4957,REU.4.3_1,REU.4.3_1,0.0144973701947768,0.515161048461766,0.500663678266989,2025.08438625506,2025.09888362526,NA,NA,NA
3513,3514,REU.4.6_1,REU.4.6_1,0.0467794583055997,0.515183505223557,0.468404046917958,2025.05212662371,2025.09890608202,NA,NA,NA
4047,4048,REU.4.3_1,REU.4.3_1,0.0507778968753868,0.515192824428242,0.464414927552855,2025.04813750435,2025.09891540122,NA,NA,NA
5994,5995,REU.3.1_1,REU.3.1_1,0.0338199775093968,0.515289684257635,0.481469706748238,2025.06519228354,2025.09901226105,NA,NA,NA
5793,5794,REU.4.6_1,REU.4.6_1,0.0412668995040044,0.515321431800815,0.474054532296811,2025.05777710909,2025.09904400859,NA,NA,NA
4832,4833,REU.4.3_1,REU.4.3_1,0.0402105354317059,0.515461447181126,0.47525091174942,2025.05897348854,2025.09918402397,NA,NA,NA
5831,5832,REU.3.1_1,REU.3.1_1,0.0145738077871685,0.515533735423184,0.500959927636016,2025.08468250443,2025.09925631222,NA,NA,NA
3341,3342,REU.3.4_1,REU.3.4_1,0.00405653244687498,0.515677273832475,0.5116207413856,2025.09534331818,2025.09939985063,NA,NA,NA
4571,4572,REU.3.5_1,REU.3.5_1,0.0159413037605443,0.515836179033837,0.499894875273293,2025.08361745207,2025.09955875583,NA,NA,NA
4625,4631,REU.4.3_1,REU.4.3_1,0.112461179999113,0.515877105041914,0.4034159250428,2024.98713850184,2025.09959968184,NA,NA,NA
4250,4256,REU.4.8_1,REU.4.8_1,0.00314942115274086,0.515955472825776,0.512806051673035,2025.09652862847,2025.09967804962,NA,NA,NA
4302,4303,REU.4.3_1,REU.4.3_1,0.0063598953524554,0.516056542481404,0.509696647128948,2025.09341922392,2025.09977911928,NA,NA,NA
4207,4208,REU.4.3_1,REU.4.3_1,0.0744142649638836,0.516167351815288,0.441753086851404,2025.02547566365,2025.09988992861,NA,NA,NA
6019,6020,REU.4.8_1,REU.4.8_1,0.0153493072577068,0.516180823743422,0.500831516485715,2025.08455409328,2025.09990340054,NA,NA,NA
4697,4698,REU.4.3_1,REU.4.3_1,0.0304024531625003,0.516221897659317,0.485819444496817,2025.06954202129,2025.09994447445,NA,NA,NA
4803,4805,REU.4.3_1,REU.4.3_1,0.00138319592724923,0.516255383495528,0.514872187568278,2025.09859476436,2025.09997796029,NA,NA,NA
6112,6113,REU.2.4_1,REU.2.4_1,0.0243619509380529,0.516275673859859,0.491913722921806,2025.07563629972,2025.09999825065,NA,NA,NA
3173,3174,REU.4.8_1,REU.4.8_1,0.0643247015728899,0.516292551456958,0.451967849884068,2025.03569042668,2025.10001512825,NA,NA,NA
4915,4916,REU.4.8_1,REU.4.8_1,0.0353173351253012,0.516295037010436,0.480977701885135,2025.06470027868,2025.1000176138,NA,NA,NA
3202,3214,REU.3.1_1,REU.3.1_1,0.129893717856484,0.516479326319448,0.386585608462964,2024.97030818526,2025.10020190311,NA,NA,NA
5857,5858,REU.2.3_1,REU.2.3_1,0.0189815567665809,0.516547572743557,0.497566015976976,2025.08128859277,2025.10027014954,NA,NA,NA
3520,3523,REU.4.6_1,REU.4.2_1,0.027800600643538,0.516564109011815,0.488763508368277,2025.07248608516,2025.10028668581,NA,NA,NA
3250,3255,REU.3.4_1,REU.3.4_1,0.0405039112802824,0.516573425585173,0.47606951430489,2025.0597920911,2025.10029600238,NA,NA,NA
5007,5008,REU.4.3_1,REU.4.3_1,0.0230266637664056,0.516749722976381,0.493723059209975,2025.077445636,2025.10047229977,NA,NA,NA
4082,4083,REU.4.3_1,REU.4.3_1,0.0294459344973191,0.516814169910226,0.487368235412907,2025.07109081221,2025.1005367467,NA,NA,NA
4202,4203,REU.4.3_1,REU.4.8_1,0.012724976447276,0.516861935084423,0.504136958637147,2025.08785953543,2025.10058451188,NA,NA,NA
5504,5505,REU.4.5_1,REU.4.5_1,0.0123800909793526,0.517075110485462,0.504695019506109,2025.0884175963,2025.10079768728,NA,NA,NA
3499,3502,REU.4.5_1,REU.4.5_1,0.0166350163537169,0.517382991276514,0.500747974922798,2025.08447055172,2025.10110556807,NA,NA,NA
4306,4307,REU.4.3_1,REU.4.3_1,0.0385182374479669,0.517401265833376,0.478883028385409,2025.06260560518,2025.10112384263,NA,NA,NA
6008,6009,REU.3.1_1,REU.3.1_1,0.0153459480444319,0.517419678049086,0.502073730004654,2025.0857963068,2025.10114225484,NA,NA,NA
5451,5452,REU.4.3_1,REU.4.3_1,0.0254525358111665,0.517422083942726,0.49196954813156,2025.07569212493,2025.10114466074,NA,NA,NA
5055,5056,REU.4.8_1,REU.4.3_1,0.0282775145660101,0.517434648893728,0.489157134327718,2025.07287971112,2025.10115722569,NA,NA,NA
4742,4749,REU.4.3_1,REU.4.3_1,0.00335137245767592,0.517513327854759,0.514161955397083,2025.09788453219,2025.10123590465,NA,NA,NA
3406,3407,REU.4.5_1,REU.4.5_1,0.0206034131480722,0.51751504922606,0.496911636077987,2025.08063421287,2025.10123762602,NA,NA,NA
5694,5695,REU.3.1_1,REU.3.1_1,0.025905516767882,0.517520701338858,0.491615184570976,2025.07533776136,2025.10124327813,NA,NA,NA
3366,3367,REU.4.5_1,REU.4.5_1,0.0114849745538532,0.517547148036521,0.506062173482668,2025.08978475028,2025.10126972483,NA,NA,NA
5936,5937,REU.3.1_1,REU.3.1_1,0.0393713301968887,0.517551523158987,0.478180192962099,2025.06190276976,2025.10127409995,NA,NA,NA
5264,318,REU.4.3_1,REU.4.3_1,0.0658743260709168,0.517647286219905,0.451772960148988,2025.03549553694,2025.10136986301,CHIKV_RUN_S10b33_2025,55.500237,-21.26577
5193,1682,REU.4.3_1,REU.4.3_1,0.0569283152106176,0.517647286219905,0.460718971009287,2025.0444415478,2025.10136986301,CHIKV_RUN_S10b10_2025,55.526003,-21.281414
5525,2335,REU.4.3_1,REU.4.3_1,0.0542480556085821,0.517647286219905,0.463399230611323,2025.0471218074,2025.10136986301,CHIKV_RUN_S10b35_2025,55.511614,-21.285498
5828,2167,REU.4.5_1,REU.4.5_1,0.012640501617725,0.517647286219905,0.50500678460218,2025.0887293614,2025.10136986301,CHIKV_RUN_S10b36_2025,55.607893,-21.328191
4598,506,REU.4.3_1,REU.4.3_1,0.00609012361995132,0.517647286219905,0.511557162599954,2025.09527973939,2025.10136986301,CHIKV_RUN_S10b39_2025,55.520725,-21.265353
6007,6015,REU.3.1_1,REU.3.1_1,0.0186361089131279,0.517652503199773,0.499016394286645,2025.08273897108,2025.10137507999,NA,NA,NA
6180,6181,REU.3.4_1,REU.3.4_1,0.0239025312801329,0.517696558829609,0.493794027549476,2025.07751660434,2025.10141913562,NA,NA,NA
4208,4209,REU.4.3_1,REU.4.3_1,0.00157458837967162,0.517741940194959,0.516167351815288,2025.09988992861,2025.10146451699,NA,NA,NA
4306,4315,REU.4.3_1,REU.4.3_1,0.0389570468892535,0.517840075274662,0.478883028385409,2025.06260560518,2025.10156265207,NA,NA,NA
4673,4674,REU.4.3_1,REU.2.3_1,0.0712315514937942,0.517869600061055,0.44663804856726,2025.03036062536,2025.10159217685,NA,NA,NA
3944,3945,REU.4.3_1,REU.4.3_1,0.0732585835404806,0.517962356385211,0.44470377284473,2025.02842634964,2025.10168493318,NA,NA,NA
3735,3736,REU.4.3_1,REU.4.3_1,0.0764183905151985,0.51797064297414,0.441552252458942,2025.02527482925,2025.10169321977,NA,NA,NA
4824,4825,REU.4.3_1,REU.4.3_1,0.0362358555843042,0.518033511819986,0.481797656235682,2025.06552023303,2025.10175608861,NA,NA,NA
4193,4199,REU.4.3_1,REU.4.3_1,0.0163597171661181,0.518064953394704,0.501705236228586,2025.08542781302,2025.10178753019,NA,NA,NA
3718,3719,REU.4.3_1,REU.4.3_1,0.0187469380637733,0.518151620956213,0.49940468289244,2025.08312725969,2025.10187419775,NA,NA,NA
6009,6013,REU.3.1_1,REU.3.1_1,0.000765546699183606,0.51818522474827,0.517419678049086,2025.10114225484,2025.10190780154,NA,NA,NA
4209,4210,REU.4.3_1,REU.4.3_1,0.000504324482519358,0.518246264677479,0.517741940194959,2025.10146451699,2025.10196884147,NA,NA,NA
3241,3242,REU.3.1_1,REU.4.8_1,0.0196090006790148,0.518303520897295,0.49869452021828,2025.08241709701,2025.10202609769,NA,NA,NA
5226,5228,REU.2.3_1,REU.2.5_1,0.0222460098826722,0.51838615580914,0.496140145926468,2025.07986272272,2025.1021087326,NA,NA,NA
5160,5161,REU.4.3_1,REU.4.3_1,0.0502614940433259,0.518488526466467,0.468227032423141,2025.05194960922,2025.10221110326,NA,NA,NA
4881,4882,REU.4.3_1,REU.4.3_1,0.0536045336709265,0.518495960327614,0.464891426656687,2025.04861400345,2025.10221853712,NA,NA,NA
6213,6214,REU.4.8_1,REU.4.8_1,0.00704317762086726,0.518563074964863,0.511519897343996,2025.09524247414,2025.10228565176,NA,NA,NA
4405,4406,REU.4.3_1,REU.4.3_1,0.00811390438862847,0.518700969259594,0.510587064870966,2025.09430964166,2025.10242354605,NA,NA,NA
4058,4059,REU.4.8_1,REU.4.8_1,0.0391683444267807,0.518830668067432,0.479662323640651,2025.06338490043,2025.10255324486,NA,NA,NA
3942,3943,REU.4.3_1,REU.2.3_1,0.081567353665715,0.518939733914191,0.437372380248476,2025.02109495704,2025.10266231071,NA,NA,NA
6080,6119,REU.2.3_1,REU.2.4_1,0.129955860532077,0.519028720891048,0.389072860358972,2024.97279543715,2025.10275129768,NA,NA,NA
5061,5062,REU.4.4_1,REU.4.4_1,0.0148459350122269,0.519076167269313,0.504230232257086,2025.08795280905,2025.10279874406,NA,NA,NA
4714,4715,REU.4.4_1,REU.2.3_1,0.0750349076822286,0.519085831816313,0.444050924134085,2025.02777350093,2025.10280840861,NA,NA,NA
5667,5668,REU.4.3_1,REU.4.3_1,0.0240445856174361,0.519257486339239,0.495212900721803,2025.07893547752,2025.10298006313,NA,NA,NA
4977,4979,REU.4.3_1,REU.4.3_1,0.0656262481056201,0.519287566928571,0.453661318822951,2025.03738389562,2025.10301014372,NA,NA,NA
5897,5898,REU.3.5_1,REU.3.5_1,0.104811333346542,0.519358804442567,0.414547471096025,2024.99827004789,2025.10308138124,NA,NA,NA
4511,4512,REU.4.3_1,REU.4.3_1,0.072315222474575,0.519395374375242,0.447080151900667,2025.03080272869,2025.10311795117,NA,NA,NA
5832,5833,REU.3.1_1,REU.3.1_1,0.00394112752647802,0.519474862949662,0.515533735423184,2025.09925631222,2025.10319743974,NA,NA,NA
6166,6168,REU.3.4_1,REU.3.4_1,0.0173239050440303,0.519508180906004,0.502184275861974,2025.08590685266,2025.1032307577,NA,NA,NA
3603,3605,REU.4.3_1,REU.4.3_1,0.040863768898715,0.519551936945861,0.478688168047146,2025.06241074484,2025.10327451374,NA,NA,NA
4602,4603,REU.4.8_1,REU.4.8_1,0.0110138603536646,0.519615769736274,0.50860190938261,2025.09232448618,2025.10333834653,NA,NA,NA
3156,3158,REU.3.1_1,REU.4.5_1,0.0776823899576968,0.519625635130129,0.441943245172432,2025.02566582197,2025.10334821192,NA,NA,NA
6020,6023,REU.4.8_1,REU.4.8_1,0.0034557059763014,0.519636529719723,0.516180823743422,2025.09990340054,2025.10335910651,NA,NA,NA
5353,5362,REU.4.8_1,REU.4.3_1,0.0250348156281973,0.519834053548227,0.49479923792003,2025.07852181471,2025.10355663034,NA,NA,NA
6083,6085,REU.2.3_1,REU.2.3_1,0.0631109979206318,0.519984328532735,0.456873330612103,2025.04059590741,2025.10370690533,NA,NA,NA
6168,6171,REU.3.4_1,REU.3.4_1,0.000482849512870143,0.519991030418874,0.519508180906004,2025.1032307577,2025.10371360721,NA,NA,NA
5239,5240,REU.2.3_1,REU.2.3_1,0.00639830714819345,0.520169957623605,0.513771650475412,2025.09749422727,2025.10389253442,NA,NA,NA
3797,3801,REU.4.3_1,REU.4.3_1,0.0193815193036427,0.520188151534681,0.500806632231038,2025.08452920902,2025.10391072833,NA,NA,NA
4364,4366,REU.4.3_1,REU.4.3_1,0.0182396670584862,0.520230623854058,0.501990956795572,2025.08571353359,2025.10395320065,NA,NA,NA
4127,4148,REU.2.3_1,REU.2.3_1,0.0474192962639105,0.520331185758821,0.47291188949491,2025.05663446629,2025.10405376255,NA,NA,NA
3492,2110,REU.4.5_1,REU.4.5_1,0.0317344470418957,0.52038701224749,0.488652565205594,2025.072375142,2025.10410958904,CHIKV_RUN_S10b29_2025,55.599125,-21.377223
5843,2571,REU.3.1_1,REU.3.1_1,0.0276288421705033,0.52038701224749,0.492758170076986,2025.07648074687,2025.10410958904,CHIKV_RUN_S17b03_2025,55.367185,-21.258408
3537,2010,REU.4.6_1,REU.4.6_1,0.0158716257925148,0.52038701224749,0.504515386454975,2025.08823796325,2025.10410958904,CHIKV_RUN_S15b60_2025,55.440135,-21.262738
5495,2542,REU.2.3_1,REU.2.3_1,0.0134293742714228,0.52038701224749,0.506957637976067,2025.09068021477,2025.10410958904,CHIKV_RUN_S10b71_2025,55.477508,-20.902553
5214,1630,REU.3.5_1,REU.4.8_1,0.0125694567292838,0.52038701224749,0.507817555518206,2025.09154013231,2025.10410958904,CHIKV_RUN_S10b51_2025,55.476533,-21.340631
4448,70,REU.4.8_1,REU.3.1_1,0.00806655563705727,0.52038701224749,0.512320456610432,2025.0960430334,2025.10410958904,CHIKV_RUN_S16b93_2025,55.371867,-21.27096
4846,777,REU.4.8_1,REU.4.8_1,0.00806021704051996,0.52038701224749,0.51232679520697,2025.096049372,2025.10410958904,CHIKV_RUN_S15b52_2025,55.474593,-21.288804
4805,592,REU.4.3_1,REU.4.3_1,0.00413162875196194,0.52038701224749,0.516255383495528,2025.09997796029,2025.10410958904,CHIKV_RUN_S10b30_2025,55.527133,-21.260637
4674,525,REU.2.3_1,REU.2.3_1,0.00251741218643509,0.52038701224749,0.517869600061055,2025.10159217685,2025.10410958904,CHIKV_RUN_S10b45_2025,55.401742,-20.902126
5260,5262,REU.2.3_1,REU.2.3_1,0.0144827000635528,0.520438801005209,0.505956100941656,2025.08967867774,2025.1041613778,NA,NA,NA
5487,5488,REU.2.3_1,REU.2.3_1,0.0285940445291206,0.520596439844246,0.492002395315125,2025.07572497211,2025.10431901664,NA,NA,NA
5712,5713,REU.3.1_1,REU.3.1_1,0.031945942098505,0.520626850988016,0.488680908889511,2025.07240348568,2025.10434942778,NA,NA,NA
3551,3552,REU.4.8_1,REU.4.8_1,0.0224966224016361,0.520627164699163,0.498130542297527,2025.08185311909,2025.10434974149,NA,NA,NA
3923,3930,REU.4.5_1,REU.4.5_1,0.0165182495884418,0.520654431855206,0.504136182266765,2025.08785875906,2025.10437700865,NA,NA,NA
5572,5573,REU.4.8_1,REU.4.8_1,0.0166850681141633,0.520677095132957,0.503992027018794,2025.08771460381,2025.10439967193,NA,NA,NA
4083,4087,REU.4.3_1,REU.4.3_1,0.00390544279624172,0.520719612706468,0.516814169910226,2025.1005367467,2025.1044421895,NA,NA,NA
4984,4985,REU.4.3_1,REU.4.3_1,0.0396492815365528,0.520820361673349,0.481171080136797,2025.06489365693,2025.10454293847,NA,NA,NA
3164,3165,REU.3.1_1,REU.4.3_1,0.0336983296340401,0.520863486441244,0.487165156807204,2025.0708877336,2025.10458606323,NA,NA,NA
3623,3624,REU.4.1_1,REU.4.1_1,0.0518802957037059,0.520887193558409,0.469006897854703,2025.05272947465,2025.10460977035,NA,NA,NA
5585,5586,REU.3.1_1,REU.3.1_1,0.0156240599065769,0.520931213581293,0.505307153674716,2025.08902973047,2025.10465379037,NA,NA,NA
3643,3644,REU.4.1_1,REU.4.1_1,0.036315410488908,0.521200697980169,0.484885287491261,2025.06860786429,2025.10492327477,NA,NA,NA
3267,3268,REU.4.8_1,REU.4.8_1,0.0125668955908037,0.52122479091274,0.508657895321936,2025.09238047212,2025.10494736771,NA,NA,NA
4461,4462,REU.4.8_1,REU.4.8_1,0.00624554385098253,0.521234019051928,0.514988475200945,2025.09871105199,2025.10495659585,NA,NA,NA
3514,3515,REU.4.6_1,REU.4.6_1,0.00606323623579064,0.521246741459348,0.515183505223557,2025.09890608202,2025.10496931825,NA,NA,NA
5995,5996,REU.3.1_1,REU.3.1_1,0.00598720976339517,0.52127689402103,0.515289684257635,2025.09901226105,2025.10499947081,NA,NA,NA
3601,3606,REU.4.3_1,REU.4.3_1,0.060544627150793,0.521281429851422,0.460736802700629,2025.04445937949,2025.10500400665,NA,NA,NA
6185,6186,REU.3.4_1,REU.3.4_1,0.066822920268056,0.521281449966871,0.454458529698815,2025.03818110649,2025.10500402676,NA,NA,NA
3591,3592,REU.3.1_1,REU.3.1_1,0.0139504481745243,0.521299823940159,0.507349375765634,2025.09107195256,2025.10502240073,NA,NA,NA
3847,3848,REU.3.5_1,REU.3.5_1,0.0141941890122322,0.521491437848581,0.507297248836349,2025.09101982563,2025.10521401464,NA,NA,NA
3440,3448,REU.4.5_1,REU.4.5_1,0.0323222320922871,0.521516528349367,0.48919429625708,2025.07291687305,2025.10523910514,NA,NA,NA
4704,4705,REU.4.3_1,REU.4.3_1,0.0546000978957922,0.521534664420418,0.466934566524626,2025.05065714332,2025.10525724121,NA,NA,NA
4298,4299,REU.4.3_1,REU.4.3_1,0.0104269815663414,0.521563980652846,0.511136999086505,2025.09485957588,2025.10528655745,NA,NA,NA
4527,4528,REU.4.3_1,REU.4.3_1,0.0128596473791652,0.521674716825845,0.508815069446679,2025.09253764624,2025.10539729362,NA,NA,NA
5462,5463,REU.4.3_1,REU.4.3_1,0.0675061302444294,0.52170396469101,0.45419783444658,2025.03792041124,2025.10542654148,NA,NA,NA
3242,3243,REU.4.8_1,REU.4.8_1,0.00348721921960915,0.521790740116904,0.518303520897295,2025.10202609769,2025.10551331691,NA,NA,NA
3825,3826,REU.4.3_1,REU.3.5_1,0.093861714780313,0.521801689943329,0.427939975163016,2025.01166255196,2025.10552426674,NA,NA,NA
5086,5087,REU.4.4_1,REU.4.4_1,0.0138746963224315,0.521811396518377,0.507936700195946,2025.09165927699,2025.10553397331,NA,NA,NA
4232,4233,REU.4.8_1,REU.4.8_1,0.0240545494320992,0.521845859882152,0.497791310450053,2025.08151388724,2025.10556843668,NA,NA,NA
3923,3924,REU.4.5_1,REU.4.5_1,0.0177461531160782,0.521882335382843,0.504136182266765,2025.08785875906,2025.10560491218,NA,NA,NA
3983,3984,REU.3.5_1,REU.3.5_1,0.0397168109281203,0.521901457427851,0.482184646499731,2025.06590722329,2025.10562403422,NA,NA,NA
4266,4267,REU.4.3_1,REU.4.3_1,0.0224555122746529,0.521923893877579,0.499468381602926,2025.0831909584,2025.10564647067,NA,NA,NA
4189,4190,REU.4.3_1,REU.4.3_1,0.0119165043223072,0.521990615199327,0.51007411087702,2025.09379668767,2025.10571319199,NA,NA,NA
5969,5988,REU.3.1_1,REU.3.1_1,0.0184940951798571,0.522012227470623,0.503518132290766,2025.08724070908,2025.10573480426,NA,NA,NA
5970,5971,REU.3.1_1,REU.3.1_1,0.0124372960895771,0.522014764718785,0.509577468629208,2025.09330004542,2025.10573734151,NA,NA,NA
3277,3278,REU.3.1_1,REU.3.3_1,0.0570943357929807,0.522023559798756,0.464929224005775,2025.0486518008,2025.10574613659,NA,NA,NA
5845,5847,REU.3.1_1,REU.3.1_1,0.0360504974967645,0.522038235767671,0.485987738270906,2025.06971031506,2025.10576081256,NA,NA,NA
3448,3449,REU.4.5_1,REU.4.5_1,0.000539569213481972,0.522056097562849,0.521516528349367,2025.10523910514,2025.10577867436,NA,NA,NA
5111,5112,REU.4.3_1,REU.4.3_1,0.0243419691218161,0.52208803952569,0.497746070403874,2025.0814686472,2025.10581061632,NA,NA,NA
4735,4736,REU.4.3_1,REU.4.3_1,0.0357154081204776,0.522128003631342,0.486412595510865,2025.0701351723,2025.10585058043,NA,NA,NA
3315,3316,REU.3.4_1,REU.3.4_1,0.0113939009342936,0.522333165299433,0.51093926436514,2025.09466184116,2025.10605574209,NA,NA,NA
3500,3501,REU.4.5_1,REU.4.5_1,0.0209121064041556,0.522410715400839,0.501498608996683,2025.08522118579,2025.10613329219,NA,NA,NA
5140,5142,REU.4.4_1,REU.4.4_1,0.0248615217406382,0.522434532379393,0.497573010638754,2025.08129558743,2025.10615710917,NA,NA,NA
5032,5033,REU.4.8_1,REU.4.8_1,0.0355274767613046,0.52253007708046,0.487002600319155,2025.07072517711,2025.10625265387,NA,NA,NA
5380,5382,REU.4.3_1,REU.4.3_1,0.00762228335476589,0.52255260401778,0.514930320663014,2025.09865289746,2025.10627518081,NA,NA,NA
3189,3195,REU.4.3_1,REU.4.5_1,0.0533819858234162,0.522581529058189,0.469199543234773,2025.05292212003,2025.10630410585,NA,NA,NA
4109,4110,REU.3.5_1,REU.3.5_1,0.0503431015326584,0.52263372368626,0.472290622153602,2025.05601319895,2025.10635630048,NA,NA,NA
4087,4088,REU.4.3_1,REU.4.3_1,0.00196719841508108,0.522686811121549,0.520719612706468,2025.1044421895,2025.10640938792,NA,NA,NA
5616,5617,REU.4.8_1,REU.4.8_1,0.0161095057354902,0.522696013383687,0.506586507648196,2025.09030908444,2025.10641859018,NA,NA,NA
3348,3349,REU.3.4_1,REU.3.4_1,0.0199954337645393,0.522715421792397,0.502719988027858,2025.08644256482,2025.10643799859,NA,NA,NA
4871,4872,REU.4.3_1,REU.4.3_1,0.0454961378838952,0.522818122889131,0.477321985005236,2025.0610445618,2025.10654069968,NA,NA,NA
5695,5696,REU.3.1_1,REU.3.1_1,0.00531534207020712,0.522836043409065,0.517520701338858,2025.10124327813,2025.1065586202,NA,NA,NA
5939,5940,REU.4.6_1,REU.4.6_1,0.0235988917608616,0.522879593389825,0.499280701628963,2025.08300327842,2025.10660217018,NA,NA,NA
4071,4072,REU.4.3_1,REU.4.3_1,0.0088935140752403,0.523081919628609,0.514188405553369,2025.09791098235,2025.10680449642,NA,NA,NA
4882,681,REU.4.3_1,REU.4.3_1,0.00463077794723321,0.523126738274847,0.518495960327614,2025.10221853712,2025.10684931507,CHIKV_RUN_S10b38_2025,55.525735,-21.280463
3624,2510,REU.4.1_1,REU.4.1_1,0.00223954471643784,0.523126738274847,0.520887193558409,2025.10460977035,2025.10684931507,CHIKV_RUN_S10b28_2025,55.474882,-21.169926
5586,5588,REU.3.1_1,REU.3.1_1,0.00220720299378119,0.523138416575074,0.520931213581293,2025.10465379037,2025.10686099337,NA,NA,NA
3229,3230,REU.4.8_1,REU.4.8_1,0.0467151573444101,0.523224998671048,0.476509841326638,2025.06023241812,2025.10694757546,NA,NA,NA
5248,5249,REU.4.3_1,REU.4.3_1,0.0326495089725036,0.52338450723954,0.490734998267036,2025.07445757506,2025.10710708403,NA,NA,NA
5075,5077,REU.4.4_1,REU.4.4_1,0.0254356004139776,0.523479941825525,0.498044341411548,2025.08176691821,2025.10720251862,NA,NA,NA
5579,5580,REU.3.1_1,REU.3.1_1,0.101501813722531,0.52349545821191,0.42199364448938,2025.00571622128,2025.10721803501,NA,NA,NA
4110,4112,REU.3.5_1,REU.3.5_1,0.000898146387088405,0.523531870073348,0.52263372368626,2025.10635630048,2025.10725444687,NA,NA,NA
3614,3619,REU.3.1_1,REU.4.3_1,0.0978994907888415,0.523545512535096,0.425646021746254,2025.00936859854,2025.10726808933,NA,NA,NA
4223,4224,REU.4.3_1,REU.4.3_1,0.0398302581348954,0.523571144497685,0.48374088636279,2025.06746346316,2025.10729372129,NA,NA,NA
5452,5453,REU.4.3_1,REU.4.3_1,0.00619065434251842,0.523612738285245,0.517422083942726,2025.10114466074,2025.10733531508,NA,NA,NA
5604,5605,REU.3.1_1,REU.3.1_1,0.0987729029178354,0.523748835437452,0.424975932519616,2025.00869850931,2025.10747141223,NA,NA,NA
4582,4583,REU.4.3_1,REU.4.3_1,0.0440567715801554,0.523753448167996,0.479696676587841,2025.06341925338,2025.10747602496,NA,NA,NA
4083,4084,REU.4.3_1,REU.4.8_1,0.00704333245046163,0.523857502360688,0.516814169910226,2025.1005367467,2025.10758007915,NA,NA,NA
6156,6159,REU.3.4_1,REU.3.4_1,0.0135347406605004,0.523909889835594,0.510375149175093,2025.09409772597,2025.10763246663,NA,NA,NA
5831,5835,REU.3.1_1,REU.3.4_1,0.0229730922364572,0.523933019872473,0.500959927636016,2025.08468250443,2025.10765559667,NA,NA,NA
5552,5553,REU.3.1_1,REU.3.1_1,0.0541747175383668,0.524006673872313,0.469831956333946,2025.05355453313,2025.10772925067,NA,NA,NA
3848,3849,REU.3.5_1,REU.3.5_1,0.00252516410945036,0.524016601958032,0.521491437848581,2025.10521401464,2025.10773917875,NA,NA,NA
5149,5150,REU.4.4_1,REU.4.4_1,0.0267467778773187,0.524099823596487,0.497353045719168,2025.08107562251,2025.10782240039,NA,NA,NA
4646,4647,REU.4.3_1,REU.4.3_1,0.0154519314952595,0.52413916239235,0.50868723089709,2025.09240980769,2025.10786173919,NA,NA,NA
5995,6001,REU.3.1_1,REU.3.1_1,0.00888868626856121,0.524178370526196,0.515289684257635,2025.09901226105,2025.10790094732,NA,NA,NA
5010,5014,REU.4.3_1,REU.4.3_1,0.0510683667398112,0.524230691962966,0.473162325223155,2025.05688490202,2025.10795326876,NA,NA,NA
3230,3231,REU.4.8_1,REU.4.8_1,0.00104027304086696,0.524265271711915,0.523224998671048,2025.10694757546,2025.10798784851,NA,NA,NA
3606,3608,REU.4.3_1,REU.4.3_1,0.00298643514534003,0.524267864996762,0.521281429851422,2025.10500400665,2025.10799044179,NA,NA,NA
4452,4453,REU.4.8_1,REU.4.8_1,0.0114214641357193,0.524362897911361,0.512941433775641,2025.09666401057,2025.1080854747,NA,NA,NA
4977,4978,REU.4.3_1,REU.4.3_1,0.0707708127205938,0.524432131543545,0.453661318822951,2025.03738389562,2025.10815470834,NA,NA,NA
3528,3530,REU.4.8_1,REU.4.8_1,0.0278609950546723,0.524451279724839,0.496590284670167,2025.08031286146,2025.10817385652,NA,NA,NA
3268,3269,REU.4.8_1,REU.4.8_1,0.00327608729777873,0.524500878210518,0.52122479091274,2025.10494736771,2025.108223455,NA,NA,NA
4848,4849,REU.4.3_1,REU.4.3_1,0.0314259917034294,0.524644806813676,0.493218815110247,2025.0769413919,2025.10836738361,NA,NA,NA
3821,3822,REU.4.3_1,REU.4.3_1,0.00998080726624639,0.52470080636229,0.514719999096044,2025.09844257589,2025.10842338316,NA,NA,NA
4103,4107,REU.4.3_1,REU.4.8_1,0.0349314171861518,0.524719054528054,0.489787637341902,2025.07351021414,2025.10844163132,NA,NA,NA
5504,5507,REU.4.5_1,REU.4.8_1,0.0201063565358794,0.524801376041989,0.504695019506109,2025.0884175963,2025.10852395284,NA,NA,NA
5945,5949,REU.4.6_1,REU.4.6_1,0.0147449917324229,0.524852622522652,0.510107630790229,2025.09383020758,2025.10857519932,NA,NA,NA
5988,5989,REU.3.1_1,REU.3.1_1,0.00293246936540714,0.52494469683603,0.522012227470623,2025.10573480426,2025.10866727363,NA,NA,NA
6113,6114,REU.2.4_1,REU.2.4_1,0.00871457855004487,0.524990252409903,0.516275673859859,2025.09999825065,2025.1087128292,NA,NA,NA
5233,5234,REU.4.3_1,REU.3.1_1,0.135679931052512,0.525369295999292,0.38968936494678,2024.97341194174,2025.10909187279,NA,NA,NA
3513,3516,REU.4.6_1,REU.4.6_1,0.0570078047743888,0.525411851692346,0.468404046917958,2025.05212662371,2025.10913442849,NA,NA,NA
5502,5503,REU.4.5_1,REU.4.5_1,0.0295500526986215,0.525548820148703,0.495998767450081,2025.07972134424,2025.10927139694,NA,NA,NA
5583,5589,REU.3.1_1,REU.3.1_1,0.074189597963544,0.525580697515682,0.451391099552138,2025.03511367635,2025.10930327431,NA,NA,NA
4674,4675,REU.2.3_1,REU.2.3_1,0.0077555626570287,0.525625162718083,0.517869600061055,2025.10159217685,2025.10934773951,NA,NA,NA
3231,3232,REU.4.8_1,REU.4.8_1,0.00138950429490758,0.525654776006823,0.524265271711915,2025.10798784851,2025.1093773528,NA,NA,NA
6138,6139,REU.3.4_1,REU.3.4_1,0.0285621419700387,0.525744126280346,0.497181984310307,2025.0809045611,2025.10946670307,NA,NA,NA
4021,1061,REU.4.3_1,REU.4.8_1,0.0985241200102444,0.525866464302204,0.42734234429196,2025.01106492109,2025.1095890411,CHIKV_RUN_S16b89_2025,55.495703,-21.302606
4995,849,REU.4.3_1,REU.4.8_1,0.0739540453057023,0.525866464302204,0.451912418996502,2025.03563499579,2025.1095890411,CHIKV_RUN_S17b66_2025,55.481127,-21.345224
4840,663,REU.4.3_1,REU.4.3_1,0.0685520956369163,0.525866464302204,0.457314368665288,2025.04103694546,2025.1095890411,CHIKV_RUN_S15b58_2025,55.552986,-21.229051
3519,2761,REU.4.6_1,REU.4.6_1,0.0674326327980991,0.525866464302204,0.458433831504105,2025.0421564083,2025.1095890411,CHIKV_RUN_S17b11_2025,55.451053,-21.266485
5584,1910,REU.3.1_1,REU.3.1_1,0.0623600633475384,0.525866464302204,0.463506400954666,2025.04722897775,2025.1095890411,CHIKV_RUN_S15b54_2025,55.371189,-21.258903
4934,757,REU.4.3_1,REU.4.3_1,0.0555699521281441,0.525866464302204,0.47029651217406,2025.05401908897,2025.1095890411,CHIKV_RUN_S17b10_2025,55.512086,-21.290132
4611,493,REU.4.3_1,REU.2.3_1,0.0513620035296548,0.525866464302204,0.47450446077255,2025.05822703757,2025.1095890411,CHIKV_RUN_S10b47_2025,55.42069,-20.888008
3472,2135,REU.4.5_1,REU.4.8_1,0.0510846899086027,0.525866464302204,0.474781774393602,2025.05850435119,2025.1095890411,CHIKV_RUN_S17b77_2025,55.475277,-21.328819
4433,79,REU.3.3_1,REU.3.3_1,0.045016807261994,0.525866464302204,0.48084965704021,2025.06457223383,2025.1095890411,CHIKV_RUN_S15b57_2025,55.288043,-21.10829
3659,2377,REU.4.6_1,REU.4.6_1,0.0409200842521924,0.525866464302204,0.484946380050012,2025.06866895684,2025.1095890411,CHIKV_RUN_S15b62_2025,55.439999,-21.264258
4844,703,REU.4.8_1,REU.4.8_1,0.038712360282346,0.525866464302204,0.487154104019858,2025.07087668081,2025.1095890411,CHIKV_RUN_S15b55_2025,55.472524,-21.29284
4892,679,REU.4.3_1,REU.4.3_1,0.0361312299662916,0.525866464302204,0.489735234335913,2025.07345781113,2025.1095890411,CHIKV_RUN_S17b70_2025,55.522647,-21.282954
5466,2284,REU.4.3_1,REU.4.3_1,0.0351010639880771,0.525866464302204,0.490765400314127,2025.07448797711,2025.1095890411,CHIKV_RUN_S17b14_2025,55.534937,-21.312812
5957,3017,REU.4.6_1,REU.4.6_1,0.0316191238726269,0.525866464302204,0.494247340429578,2025.07796991722,2025.1095890411,CHIKV_RUN_S17b16_2025,55.437123,-21.260763
4782,377,REU.4.3_1,REU.4.3_1,0.0307014374708197,0.525866464302204,0.495165026831385,2025.07888760363,2025.1095890411,CHIKV_RUN_S17b64_2025,55.52116,-21.28895
4480,1602,REU.4.3_1,REU.4.3_1,0.0306895541352625,0.525866464302204,0.495176910166942,2025.07889948696,2025.1095890411,CHIKV_RUN_S10b43_2025,55.525029,-21.280821
4936,702,REU.4.3_1,REU.4.3_1,0.0277634015209616,0.525866464302204,0.498103062781243,2025.08182563957,2025.1095890411,CHIKV_RUN_S18b28_2025,55.50356,-21.27167
3241,3103,REU.3.1_1,REU.3.1_1,0.027171944083924,0.525866464302204,0.49869452021828,2025.08241709701,2025.1095890411,CHIKV_RUN_S16b87_2025,55.357306,-21.260615
4588,1445,REU.4.3_1,REU.4.3_1,0.024544990485718,0.525866464302204,0.501321473816486,2025.08504405061,2025.1095890411,CHIKV_RUN_S18b40_2025,55.527121,-21.273073
4171,986,REU.2.3_1,REU.2.3_1,0.0173418307897583,0.525866464302204,0.508524633512446,2025.09224721031,2025.1095890411,CHIKV_RUN_S10b40_2025,55.445288,-20.894055
4762,405,REU.4.3_1,REU.4.3_1,0.0137781840578708,0.525866464302204,0.512088280244334,2025.09581085704,2025.1095890411,CHIKV_RUN_S10b42_2025,55.52283,-21.287008
4523,1675,REU.4.3_1,REU.4.3_1,0.0121343602008487,0.525866464302204,0.513732104101356,2025.0974546809,2025.1095890411,CHIKV_RUN_S17b24_2025,55.527338,-21.255487
6214,2782,REU.4.8_1,REU.4.3_1,0.00730338933734154,0.525866464302204,0.518563074964863,2025.10228565176,2025.1095890411,CHIKV_RUN_S16b81_2025,55.50439,-21.281993
3195,2740,REU.4.5_1,REU.4.5_1,0.00328493524401541,0.525866464302204,0.522581529058189,2025.10630410585,2025.1095890411,CHIKV_RUN_S10b46_2025,55.607303,-21.320451
5940,2219,REU.4.6_1,REU.4.6_1,0.00298687091237959,0.525866464302204,0.522879593389825,2025.10660217018,2025.1095890411,CHIKV_RUN_S16b95_2025,55.437372,-21.261606
4072,880,REU.4.3_1,REU.4.3_1,0.00278454467359501,0.525866464302204,0.523081919628609,2025.10680449642,2025.1095890411,CHIKV_RUN_S16b90_2025,55.510858,-21.23651
4583,1446,REU.4.3_1,REU.4.3_1,0.00211301613420845,0.525866464302204,0.523753448167996,2025.10747602496,2025.1095890411,CHIKV_RUN_S10b44_2025,55.511462,-21.290096
5553,2484,REU.3.1_1,REU.3.1_1,0.00185979042989137,0.525866464302204,0.524006673872313,2025.10772925067,2025.1095890411,CHIKV_RUN_S16b86_2025,55.364006,-21.258249
3231,2214,REU.4.8_1,REU.4.6_1,0.00160119259028946,0.525866464302204,0.524265271711915,2025.10798784851,2025.1095890411,CHIKV_RUN_S17b27_2025,55.433789,-21.27205
3332,3333,REU.4.6_1,REU.4.6_1,0.0166875811672641,0.525877861022608,0.509190279855344,2025.09291285665,2025.10960043782,NA,NA,NA
3930,3931,REU.4.5_1,REU.4.5_1,0.005225159895904,0.52587959175111,0.520654431855206,2025.10437700865,2025.10960216854,NA,NA,NA
3710,3711,REU.4.8_1,REU.4.8_1,0.0387714055158469,0.525883538632638,0.487112133116791,2025.07083470991,2025.10960611543,NA,NA,NA
4100,4101,REU.4.3_1,REU.4.8_1,0.0508144552269074,0.525891222106804,0.475076766879897,2025.05879934367,2025.1096137989,NA,NA,NA
5835,5836,REU.3.4_1,REU.3.4_1,0.00197683489147016,0.525909854763943,0.523933019872473,2025.10765559667,2025.10963243156,NA,NA,NA
5274,5275,REU.4.3_1,REU.4.8_1,0.0514076208480106,0.525924813059646,0.474517192211635,2025.05823976901,2025.10964738985,NA,NA,NA
5687,5688,REU.3.1_1,REU.4.2_1,0.15713385757288,0.525930443015531,0.36879658544265,2024.95251916224,2025.10965301981,NA,NA,NA
5940,5941,REU.4.6_1,REU.4.6_1,0.00305562964045258,0.525935223030277,0.522879593389825,2025.10660217018,2025.10965779982,NA,NA,NA
4193,4194,REU.4.3_1,REU.4.3_1,0.0243377299076957,0.526042966136281,0.501705236228586,2025.08542781302,2025.10976554293,NA,NA,NA
5996,5997,REU.3.1_1,REU.3.1_1,0.00478347568590409,0.526060369706934,0.52127689402103,2025.10499947081,2025.1097829465,NA,NA,NA
6186,6187,REU.3.4_1,REU.3.4_1,0.00488301581428696,0.526164465781158,0.521281449966871,2025.10500402676,2025.10988704257,NA,NA,NA
4679,4686,REU.4.3_1,REU.4.3_1,0.0281291884804528,0.526214022861244,0.498084834380791,2025.08180741117,2025.10993659965,NA,NA,NA
5362,5363,REU.4.3_1,REU.4.8_1,0.00645989990220952,0.526293953450436,0.519834053548227,2025.10355663034,2025.11001653024,NA,NA,NA
3277,3279,REU.3.1_1,REU.3.1_1,0.0614257447596664,0.526354968765442,0.464929224005775,2025.0486518008,2025.11007754556,NA,NA,NA
5463,5464,REU.4.3_1,REU.4.3_1,0.00469373491054825,0.526397699601558,0.52170396469101,2025.10542654148,2025.1101202764,NA,NA,NA
4556,4557,REU.4.3_1,REU.4.3_1,0.0523191722078205,0.526424397043208,0.474105224835387,2025.05782780163,2025.11014697384,NA,NA,NA
4968,4969,REU.4.3_1,REU.4.3_1,0.0466307416668751,0.526463216051351,0.479832474384476,2025.06355505118,2025.11018579284,NA,NA,NA
5732,5733,REU.3.1_1,REU.4.3_1,0.0281009124428989,0.526464274440062,0.498363361997163,2025.08208593879,2025.11018685123,NA,NA,NA
4946,4947,REU.4.3_1,REU.4.3_1,0.0363429057780743,0.52667444916763,0.490331543389555,2025.07405412018,2025.11039702596,NA,NA,NA
4002,4006,REU.3.5_1,REU.3.5_1,0.0467924408893948,0.526788258312386,0.479995817422992,2025.06371839422,2025.11051083511,NA,NA,NA
4194,4196,REU.4.3_1,REU.4.3_1,0.000787430269757583,0.526830396406039,0.526042966136281,2025.10976554293,2025.1105529732,NA,NA,NA
5038,5039,REU.4.8_1,REU.4.8_1,0.0284926184928154,0.526834165298664,0.498341546805849,2025.0820641236,2025.11055674209,NA,NA,NA
5436,5437,REU.3.4_1,REU.3.4_1,0.0215498147201973,0.526894063796721,0.505344249076523,2025.08906682587,2025.11061664059,NA,NA,NA
3387,3388,REU.3.1_1,REU.2.3_1,0.136444997696357,0.526965260959523,0.390520263263166,2024.97424284006,2025.11068783775,NA,NA,NA
4406,4416,REU.4.3_1,REU.4.3_1,0.00827797548850062,0.526978944748095,0.518700969259594,2025.10242354605,2025.11070152154,NA,NA,NA
4473,4476,REU.4.3_1,REU.4.8_1,0.0387374502154478,0.527001594705918,0.48826414449047,2025.07198672128,2025.1107241715,NA,NA,NA
4118,4119,REU.2.3_1,REU.2.3_1,0.11060102562883,0.527038295037102,0.416437269408272,2025.0001598462,2025.11076087183,NA,NA,NA
5260,5261,REU.2.3_1,REU.2.3_1,0.0211862972179092,0.527142398159566,0.505956100941656,2025.08967867774,2025.11086497495,NA,NA,NA
4387,4389,REU.4.3_1,REU.4.3_1,0.0134875183981831,0.527233101309316,0.513745582911133,2025.0974681597,2025.1109556781,NA,NA,NA
3762,3777,REU.4.3_1,REU.4.3_1,0.0308607947603354,0.527251330222689,0.496390535462353,2025.08011311226,2025.11097390702,NA,NA,NA
4705,4706,REU.4.3_1,REU.4.3_1,0.00579032420293646,0.527324988623354,0.521534664420418,2025.10525724121,2025.11104756542,NA,NA,NA
5362,5367,REU.4.3_1,REU.4.3_1,0.00749649487691995,0.527330548425147,0.519834053548227,2025.10355663034,2025.11105312522,NA,NA,NA
3251,3252,REU.3.4_1,REU.2.3_1,0.0230766455606063,0.527354540048534,0.504277894487927,2025.08800047128,2025.11107711684,NA,NA,NA
3606,3607,REU.4.3_1,REU.4.3_1,0.00619154151637569,0.527472971367797,0.521281429851422,2025.10500400665,2025.11119554816,NA,NA,NA
6020,6021,REU.4.8_1,REU.4.8_1,0.0113010281357251,0.527481851879147,0.516180823743422,2025.09990340054,2025.11120442867,NA,NA,NA
5853,5854,REU.3.1_1,REU.4.3_1,0.0407325264670492,0.527512193865187,0.486779667398138,2025.07050224419,2025.11123477066,NA,NA,NA
4224,4225,REU.4.3_1,REU.4.3_1,0.00394384575920548,0.527514990256891,0.523571144497685,2025.10729372129,2025.11123756705,NA,NA,NA
4072,4073,REU.4.3_1,REU.4.3_1,0.00453368215797112,0.52761560178658,0.523081919628609,2025.10680449642,2025.11133817858,NA,NA,NA
3569,3570,REU.3.1_1,REU.3.1_1,0.0333696913989834,0.527668991200555,0.494299299801572,2025.0780218766,2025.11139156799,NA,NA,NA
5453,5454,REU.4.3_1,REU.4.6_1,0.00431388107534214,0.527926619360587,0.523612738285245,2025.10733531508,2025.11164919615,NA,NA,NA
5091,5092,REU.4.4_1,REU.4.4_1,0.0192960871789873,0.527929658000106,0.508633570821118,2025.09235614761,2025.11165223479,NA,NA,NA
5975,5976,REU.3.1_1,REU.3.1_1,0.0145862861720445,0.527957123256592,0.513370837084548,2025.09709341388,2025.11167970005,NA,NA,NA
5642,5650,REU.2.5_1,REU.2.5_1,0.0363256635632225,0.527993598604008,0.491667935040786,2025.07539051183,2025.1117161754,NA,NA,NA
5807,5808,REU.3.1_1,REU.3.1_1,0.0150867036498874,0.528044740039439,0.512958036389552,2025.09668061318,2025.11176731683,NA,NA,NA
4557,4558,REU.4.3_1,REU.4.3_1,0.00170203225817056,0.528126429301378,0.526424397043208,2025.11014697384,2025.1118490061,NA,NA,NA
3324,3325,REU.4.3_1,REU.4.8_1,0.0560883511049995,0.528139619966527,0.472051268861528,2025.05577384566,2025.11186219676,NA,NA,NA
3174,3176,REU.4.8_1,REU.4.8_1,0.0118508627125975,0.528143414169555,0.516292551456958,2025.10001512825,2025.11186599096,NA,NA,NA
6186,6190,REU.3.4_1,REU.3.4_1,0.00692315759797713,0.528204607564848,0.521281449966871,2025.10500402676,2025.11192718436,NA,NA,NA
6096,6097,REU.2.3_1,REU.2.3_1,0.042219754475432,0.528341735338438,0.486121980863006,2025.06984455766,2025.11206431213,NA,NA,NA
6171,6174,REU.3.4_1,REU.3.4_1,0.00836840042200471,0.528359430840879,0.519991030418874,2025.10371360721,2025.11208200763,NA,NA,NA
5787,5788,REU.3.1_1,REU.4.8_1,0.0674874835607513,0.528379577529281,0.46089209396853,2025.04461467076,2025.11210215432,NA,NA,NA
4119,4120,REU.2.3_1,REU.2.3_1,0.00136874174010759,0.52840703677721,0.527038295037102,2025.11076087183,2025.11212961357,NA,NA,NA
3441,3442,REU.4.5_1,REU.4.5_1,0.0199363984364199,0.528500802240254,0.508564403803834,2025.0922869806,2025.11222337903,NA,NA,NA
3461,3462,REU.4.5_1,REU.4.5_1,0.0705582941923804,0.528549475148928,0.457991180956548,2025.04171375775,2025.11227205194,NA,NA,NA
4605,4606,REU.4.3_1,REU.4.3_1,0.0811071678021813,0.528554402866601,0.44744723506442,2025.03116981186,2025.11227697966,NA,NA,NA
4430,1611,REU.4.3_1,REU.4.5_1,0.186459018958396,0.528606190329562,0.342147171371166,2024.92586974816,2025.11232876712,CHIKV_RUN_S10b69_2025,55.6195,-21.36422
5231,1417,REU.4.3_1,REU.4.3_1,0.163403033751506,0.528606190329562,0.365203156578056,2024.94892573337,2025.11232876712,CHIKV_RUN_S18b22_2025,55.506018,-21.280928
5284,1088,REU.4.3_1,REU.4.3_1,0.0880925376066558,0.528606190329562,0.440513652722906,2025.02423622952,2025.11232876712,CHIKV_RUN_S15b63_2025,55.509417,-21.289059
5019,653,REU.4.3_1,REU.4.8_1,0.0556258603988967,0.528606190329562,0.472980329930665,2025.05670290672,2025.11232876712,CHIKV_RUN_S17b02_2025,55.473472,-21.281852
4550,104,REU.4.3_1,REU.4.8_1,0.0466143598143002,0.528606190329562,0.481991830515262,2025.06571440731,2025.11232876712,CHIKV_RUN_S17b67_2025,55.482991,-21.320514
3659,2376,REU.4.6_1,REU.4.6_1,0.0436598102795498,0.528606190329562,0.484946380050012,2025.06866895684,2025.11232876712,CHIKV_RUN_S16b94_2025,55.439932,-21.264201
4794,391,REU.4.3_1,REU.2.3_1,0.0335120717498942,0.528606190329562,0.495094118579668,2025.07881669537,2025.11232876712,CHIKV_RUN_S10b55_2025,55.421516,-20.888239
3480,2055,REU.4.5_1,REU.4.5_1,0.033315276134581,0.528606190329562,0.495290914194981,2025.07901349099,2025.11232876712,CHIKV_RUN_S10b61_2025,55.631218,-21.374233
3473,2108,REU.4.5_1,REU.4.5_1,0.0296702188822645,0.528606190329562,0.498935971447297,2025.08265854824,2025.11232876712,CHIKV_RUN_S18b27_2025,55.602468,-21.363129
4956,836,REU.4.3_1,REU.4.3_1,0.0279425120625726,0.528606190329562,0.500663678266989,2025.08438625506,2025.11232876712,CHIKV_RUN_S18b18_2025,55.522865,-21.253903
3616,3032,REU.4.3_1,REU.4.3_1,0.0164161492805299,0.528606190329562,0.512190041049032,2025.09591261784,2025.11232876712,CHIKV_RUN_S18b31_2025,55.525863,-21.262906
4199,1732,REU.4.3_1,REU.4.3_1,0.0105412369348581,0.528606190329562,0.518064953394704,2025.10178753019,2025.11232876712,CHIKV_RUN_S18b29_2025,55.49999,-21.267453
5668,2196,REU.4.3_1,REU.4.3_1,0.00934870399032262,0.528606190329562,0.519257486339239,2025.10298006313,2025.11232876712,CHIKV_RUN_S18b25_2025,55.520693,-21.281605
5996,1791,REU.3.1_1,REU.3.5_1,0.00732929630853174,0.528606190329562,0.52127689402103,2025.10499947081,2025.11232876712,CHIKV_RUN_S10b53_2025,55.243917,-21.099544
3984,140,REU.3.5_1,REU.3.5_1,0.0067047329017107,0.528606190329562,0.521901457427851,2025.10562403422,2025.11232876712,CHIKV_RUN_S10b56_2025,55.264558,-21.078907
4793,4795,REU.4.3_1,REU.2.3_1,0.0428972637634923,0.528652315167,0.485755051403508,2025.0694776282,2025.11237489196,NA,NA,NA
4992,4993,REU.4.3_1,REU.4.3_1,0.0408759318770578,0.528727113347905,0.487851181470847,2025.07157375826,2025.11244969014,NA,NA,NA
4706,4707,REU.4.3_1,REU.4.3_1,0.00141036167103126,0.528735350294385,0.527324988623354,2025.11104756542,2025.11245792709,NA,NA,NA
3442,3443,REU.4.5_1,REU.4.5_1,0.000253529896659055,0.528754332136913,0.528500802240254,2025.11222337903,2025.11247690893,NA,NA,NA
5858,5861,REU.2.3_1,REU.2.3_1,0.0122921818093882,0.528839754552946,0.516547572743557,2025.10027014954,2025.11256233135,NA,NA,NA
3279,3280,REU.3.1_1,REU.3.1_1,0.00257459323996223,0.528929562005404,0.526354968765442,2025.11007754556,2025.1126521388,NA,NA,NA
5495,5496,REU.2.3_1,REU.2.3_1,0.0219720726698758,0.528929710645943,0.506957637976067,2025.09068021477,2025.11265228744,NA,NA,NA
5313,5314,REU.4.3_1,REU.4.3_1,0.0253799264309635,0.528977616211718,0.503597689780755,2025.08732026657,2025.11270019301,NA,NA,NA
6113,6118,REU.2.4_1,REU.2.4_1,0.0128053758134847,0.529081049673343,0.516275673859859,2025.09999825065,2025.11280362647,NA,NA,NA
5975,5981,REU.3.1_1,REU.3.1_1,0.015768770334357,0.529139607418905,0.513370837084548,2025.09709341388,2025.11286218421,NA,NA,NA
4397,4398,REU.4.3_1,REU.4.3_1,0.0167622347381721,0.529257269319824,0.512495034581652,2025.09621761138,2025.11297984611,NA,NA,NA
5000,5001,REU.4.3_1,REU.4.3_1,0.0411672812454577,0.529357325025032,0.488190043779574,2025.07191262057,2025.11307990182,NA,NA,NA
3256,3257,REU.3.1_1,REU.4.8_1,0.110388728628375,0.52943203663664,0.419043308008266,2025.0027658848,2025.11315461343,NA,NA,NA
3619,3621,REU.4.3_1,REU.4.3_1,0.00593784668347663,0.529483359218573,0.523545512535096,2025.10726808933,2025.11320593601,NA,NA,NA
4652,4654,REU.4.3_1,REU.4.3_1,0.0206211709712525,0.529505981734103,0.50888481076285,2025.09260738756,2025.11322855853,NA,NA,NA
5056,5058,REU.4.3_1,REU.4.3_1,0.0120721807081783,0.529506829601906,0.517434648893728,2025.10115722569,2025.1132294064,NA,NA,NA
3411,3412,REU.4.5_1,REU.4.5_1,0.0228260516964052,0.529530608576605,0.5067045568802,2025.09042713367,2025.11325318537,NA,NA,NA
3474,3477,REU.4.5_1,REU.4.5_1,0.0592324763837143,0.529595949771785,0.47036347338807,2025.05408605018,2025.11331852657,NA,NA,NA
5353,5354,REU.4.8_1,REU.4.8_1,0.0347979071541398,0.529597145074169,0.49479923792003,2025.07852181471,2025.11331972187,NA,NA,NA
3367,3368,REU.4.5_1,REU.4.5_1,0.0120905850125486,0.52963773304907,0.517547148036521,2025.10126972483,2025.11336030984,NA,NA,NA
5600,5610,REU.3.1_1,REU.4.3_1,0.111490686752837,0.529645632296113,0.418154945543275,2025.00187752234,2025.11336820909,NA,NA,NA
4883,4884,REU.4.3_1,REU.4.3_1,0.0477984401765877,0.52973002922612,0.481931589049532,2025.06565416584,2025.11345260602,NA,NA,NA
4196,4197,REU.4.3_1,REU.4.3_1,0.00292616123974032,0.529756557645779,0.526830396406039,2025.1105529732,2025.11347913444,NA,NA,NA
3616,3617,REU.4.3_1,REU.4.3_1,0.0176592936640371,0.529849334713069,0.512190041049032,2025.09591261784,2025.11357191151,NA,NA,NA
6148,6149,REU.3.4_1,REU.3.4_1,0.134928550183381,0.529919617015189,0.394991066831808,2024.97871364363,2025.11364219381,NA,NA,NA
6154,6155,REU.3.4_1,REU.3.4_1,0.0466445414509251,0.529964709667543,0.483320168216618,2025.06704274501,2025.11368728646,NA,NA,NA
4307,4310,REU.4.3_1,REU.4.3_1,0.012741189967836,0.530142455801212,0.517401265833376,2025.10112384263,2025.1138650326,NA,NA,NA
4891,4893,REU.4.3_1,REU.4.3_1,0.0442650029303884,0.530144144934973,0.485879142004584,2025.0696017188,2025.11386672173,NA,NA,NA
4256,4257,REU.4.8_1,REU.4.8_1,0.0142642019992327,0.530219674825009,0.515955472825776,2025.09967804962,2025.11394225162,NA,NA,NA
3457,3458,REU.4.5_1,REU.4.5_1,0.0240987735923817,0.530253006752782,0.506154233160401,2025.08987680995,2025.11397558355,NA,NA,NA
5740,5741,REU.3.1_1,REU.3.1_1,0.0189638252507354,0.530409231658521,0.511445406407785,2025.0951679832,2025.11413180845,NA,NA,NA
3719,3720,REU.4.3_1,REU.4.3_1,0.0122673637704447,0.530418984726658,0.518151620956213,2025.10187419775,2025.11414156152,NA,NA,NA
6049,6050,REU.2.3_1,REU.2.3_1,0.0230116203123659,0.530452806841415,0.507441186529049,2025.09116376332,2025.11417538364,NA,NA,NA
4242,4243,REU.4.3_1,REU.4.3_1,0.0552531519321309,0.530473591958823,0.475220440026692,2025.05894301682,2025.11419616875,NA,NA,NA
4707,4708,REU.4.3_1,REU.4.3_1,0.00176497807811427,0.5305003283725,0.528735350294385,2025.11245792709,2025.11422290517,NA,NA,NA
4073,4074,REU.4.3_1,REU.4.3_1,0.00289963151768757,0.530515233304268,0.52761560178658,2025.11133817858,2025.1142378101,NA,NA,NA
5861,5865,REU.2.3_1,REU.2.3_1,0.0017206078029357,0.530560362355881,0.528839754552946,2025.11256233135,2025.11428293915,NA,NA,NA
4376,4378,REU.4.8_1,REU.4.8_1,0.0168537027927325,0.530574755881818,0.513721053089086,2025.09744362988,2025.11429733268,NA,NA,NA
4059,4063,REU.4.8_1,REU.4.8_1,0.0119167958842545,0.530747463951686,0.518830668067432,2025.10255324486,2025.11447004075,NA,NA,NA
5092,5093,REU.4.4_1,REU.4.4_1,0.00283707433366409,0.53076673233377,0.527929658000106,2025.11165223479,2025.11448930913,NA,NA,NA
3279,3284,REU.3.1_1,REU.3.1_1,0.00445035160810636,0.530805320373548,0.526354968765442,2025.11007754556,2025.11452789717,NA,NA,NA
3492,3493,REU.4.5_1,REU.4.8_1,0.0421756253673786,0.530828190572973,0.488652565205594,2025.072375142,2025.11455076737,NA,NA,NA
3910,3911,REU.4.7_1,REU.4.4_1,0.0646368822628293,0.530869934829335,0.466233052566506,2025.04995562936,2025.11459251162,NA,NA,NA
5267,5268,REU.4.3_1,REU.4.3_1,0.0221150053629044,0.531030393889274,0.50891538852637,2025.09263796532,2025.11475297068,NA,NA,NA
5414,5416,REU.4.8_1,REU.3.5_1,0.202467037391621,0.531101916997124,0.328634879605503,2024.9123574564,2025.11482449379,NA,NA,NA
3988,3995,REU.3.5_1,REU.3.5_1,0.02626558586523,0.531122578894466,0.504856993029236,2025.08857956982,2025.11484515569,NA,NA,NA
4322,4324,REU.4.8_1,REU.4.8_1,0.0294630748183655,0.531200611307212,0.501737536488847,2025.08546011328,2025.1149231881,NA,NA,NA
5061,5066,REU.4.4_1,REU.4.4_1,0.0271019509493189,0.531332183206405,0.504230232257086,2025.08795280905,2025.11505476,NA,NA,NA
5886,58,REU.3.1_1,REU.3.1_1,0.0740036008164525,0.531345916356919,0.457342315540467,2025.04106489233,2025.11506849315,CHIKV_RUN_S15b50_2025,55.335277,-21.266739
4757,406,REU.4.3_1,REU.4.3_1,0.059787900055969,0.531345916356919,0.47155801630095,2025.05528059309,2025.11506849315,CHIKV_RUN_S18b23_2025,55.528288,-21.285944
4556,1578,REU.4.3_1,REU.4.3_1,0.0572406915215321,0.531345916356919,0.474105224835387,2025.05782780163,2025.11506849315,CHIKV_RUN_S18b10_2025,55.524274,-21.282466
4070,886,REU.4.3_1,REU.4.3_1,0.0524684131908236,0.531345916356919,0.478877503166096,2025.06260007996,2025.11506849315,CHIKV_RUN_S17b20_2025,55.509373,-21.238331
3382,2601,REU.3.1_1,REU.3.1_1,0.0478939109347647,0.531345916356919,0.483452005422154,2025.06717458222,2025.11506849315,CHIKV_RUN_S17b25_2025,55.364827,-21.260966
6180,2970,REU.3.4_1,REU.3.4_1,0.0375518888074434,0.531345916356919,0.493794027549476,2025.07751660434,2025.11506849315,CHIKV_RUN_S17b76_2025,55.305385,-21.165123
5287,1570,REU.4.3_1,REU.4.3_1,0.0367472474960174,0.531345916356919,0.494598668860902,2025.07832124565,2025.11506849315,CHIKV_RUN_S10b60_2025,55.510793,-21.284123
5928,2554,REU.4.3_1,REU.4.3_1,0.0351811556051896,0.531345916356919,0.49616476075173,2025.07988733755,2025.11506849315,CHIKV_RUN_S18b09_2025,55.513589,-21.27456
5537,3102,REU.3.1_1,REU.4.6_1,0.0232681062839108,0.531345916356919,0.508077810073008,2025.09180038687,2025.11506849315,CHIKV_RUN_S10b59_2025,55.437551,-21.261414
5521,1856,REU.4.8_1,REU.4.1_1,0.0200422754502716,0.531345916356919,0.511303640906648,2025.0950262177,2025.11506849315,CHIKV_RUN_S17b05_2025,55.468576,-21.139971
5574,2756,REU.4.8_1,REU.3.3_1,0.0188130232501447,0.531345916356919,0.512532893106775,2025.0962554699,2025.11506849315,CHIKV_RUN_S15b61_2025,55.30341,-21.115527
3514,2156,REU.4.6_1,REU.4.6_1,0.0161624111333618,0.531345916356919,0.515183505223557,2025.09890608202,2025.11506849315,CHIKV_RUN_S16b92_2025,55.448834,-21.274102
3255,2221,REU.3.4_1,REU.3.4_1,0.0147724907717464,0.531345916356919,0.516573425585173,2025.10029600238,2025.11506849315,CHIKV_RUN_S10b57_2025,55.309708,-21.169576
3165,3100,REU.4.3_1,REU.3.5_1,0.0104824299156754,0.531345916356919,0.520863486441244,2025.10458606323,2025.11506849315,CHIKV_RUN_S10b58_2025,55.262402,-21.059818
5988,2653,REU.3.1_1,REU.3.1_1,0.00933368888629626,0.531345916356919,0.522012227470623,2025.10573480426,2025.11506849315,CHIKV_RUN_S17b09_2025,55.362398,-21.254601
3269,2807,REU.4.8_1,REU.3.2_1,0.00684503814640092,0.531345916356919,0.524500878210518,2025.108223455,2025.11506849315,CHIKV_RUN_S17b06_2025,55.335342,-21.245019
5503,2355,REU.4.5_1,REU.4.7_1,0.00579709620821633,0.531345916356919,0.525548820148703,2025.10927139694,2025.11506849315,CHIKV_RUN_S17b04_2025,55.765257,-21.36123
6021,2021,REU.4.8_1,REU.3.2_1,0.00386406447777254,0.531345916356919,0.527481851879147,2025.11120442867,2025.11506849315,CHIKV_RUN_S18b11_2025,55.322143,-21.250985
5454,2261,REU.4.6_1,REU.4.6_1,0.00341929699633237,0.531345916356919,0.527926619360587,2025.11164919615,2025.11506849315,CHIKV_RUN_S17b07_2025,55.427562,-21.265081
3284,2806,REU.3.1_1,REU.3.1_1,0.000540595983371084,0.531345916356919,0.530805320373548,2025.11452789717,2025.11506849315,CHIKV_RUN_S10b54_2025,55.334621,-21.265962
5650,5651,REU.2.5_1,REU.2.5_1,0.00338548288531071,0.531379081489319,0.527993598604008,2025.1117161754,2025.11510165828,NA,NA,NA
4367,4368,REU.4.3_1,REU.4.3_1,0.0510002151779638,0.531395367830719,0.480395152652755,2025.06411772945,2025.11511794462,NA,NA,NA
5083,5084,REU.4.4_1,REU.4.4_1,0.0318869153819975,0.53140208986405,0.499515174482052,2025.08323775128,2025.11512466666,NA,NA,NA
4453,4454,REU.4.8_1,REU.2.3_1,0.00704597207028923,0.53140886998165,0.524362897911361,2025.1080854747,2025.11513144678,NA,NA,NA
4006,4007,REU.3.5_1,REU.3.5_1,0.00468661621115019,0.531474874523537,0.526788258312386,2025.11051083511,2025.11519745132,NA,NA,NA
3214,3215,REU.3.1_1,REU.3.1_1,0.0150043637910685,0.531483690110517,0.516479326319448,2025.10020190311,2025.1152062669,NA,NA,NA
3747,3749,REU.2.3_1,REU.2.3_1,0.0565319494272013,0.531515815309394,0.474983865882192,2025.05870644268,2025.1152383921,NA,NA,NA
3762,3763,REU.4.3_1,REU.4.3_1,0.0352627126483152,0.531653248110669,0.496390535462353,2025.08011311226,2025.1153758249,NA,NA,NA
4045,4067,REU.4.3_1,REU.4.3_1,0.0756339505118542,0.5316835541186,0.456049603606746,2025.0397721804,2025.11540613091,NA,NA,NA
5561,5562,REU.4.3_1,REU.4.3_1,0.0839958590236314,0.531688737928721,0.44769287890509,2025.0314154557,2025.11541131472,NA,NA,NA
4686,4688,REU.4.3_1,REU.4.3_1,0.00549568638360498,0.531709709244849,0.526214022861244,2025.10993659965,2025.11543228604,NA,NA,NA
3303,3305,REU.3.4_1,REU.3.4_1,0.0357858284119765,0.531731985831857,0.495946157419881,2025.07966873421,2025.11545456263,NA,NA,NA
4658,4666,REU.4.3_1,REU.4.3_1,0.0987105762649263,0.531792741565589,0.433082165300663,2025.01680474209,2025.11551531836,NA,NA,NA
4833,4835,REU.4.3_1,REU.4.3_1,0.0163513892510256,0.531812836432152,0.515461447181126,2025.09918402397,2025.11553541323,NA,NA,NA
5536,5539,REU.3.1_1,REU.3.1_1,0.0281819167889164,0.531853242386314,0.503671325597398,2025.08739390239,2025.11557581918,NA,NA,NA
4120,4121,REU.2.3_1,REU.2.3_1,0.00344867745789446,0.531855714235104,0.52840703677721,2025.11212961357,2025.11557829103,NA,NA,NA
5433,5434,REU.4.3_1,REU.4.3_1,0.0551159099749505,0.531878489471326,0.476762579496376,2025.06048515629,2025.11560106627,NA,NA,NA
3713,3714,REU.4.3_1,REU.4.3_1,0.102469431098757,0.531924217992948,0.429454786894191,2025.01317736369,2025.11564679479,NA,NA,NA
4250,4251,REU.4.8_1,REU.4.8_1,0.0191227302103375,0.531928781883372,0.512806051673035,2025.09652862847,2025.11565135868,NA,NA,NA
4297,4300,REU.4.3_1,REU.4.3_1,0.0356655618595081,0.531983016001678,0.49631745414217,2025.08004003094,2025.1157055928,NA,NA,NA
5191,5194,REU.4.3_1,REU.3.1_1,0.13962383762449,0.532040878128625,0.392417040504135,2024.9761396173,2025.11576345492,NA,NA,NA
5000,5004,REU.4.3_1,REU.4.3_1,0.0440508991445966,0.532240942924171,0.488190043779574,2025.07191262057,2025.11596351972,NA,NA,NA
4454,4455,REU.2.3_1,REU.2.3_1,0.000884644577915927,0.532293514559566,0.53140886998165,2025.11513144678,2025.11601609135,NA,NA,NA
5981,5982,REU.3.1_1,REU.3.1_1,0.00319509737500545,0.53233470479391,0.529139607418905,2025.11286218421,2025.11605728159,NA,NA,NA
5066,5067,REU.4.4_1,REU.4.4_1,0.00104196188517325,0.532374145091578,0.531332183206405,2025.11505476,2025.11609672189,NA,NA,NA
6114,6115,REU.2.4_1,REU.2.4_1,0.00750390219565289,0.532494154605556,0.524990252409903,2025.1087128292,2025.1162167314,NA,NA,NA
5508,5509,REU.4.5_1,REU.4.5_1,0.0274320571418614,0.53254574808066,0.505113690938799,2025.08883626773,2025.11626832487,NA,NA,NA
5589,5590,REU.3.1_1,REU.3.1_1,0.00704533752299852,0.53262603503868,0.525580697515682,2025.10930327431,2025.11634861183,NA,NA,NA
6001,6002,REU.3.1_1,REU.3.1_1,0.00848356096279568,0.532661931488992,0.524178370526196,2025.10790094732,2025.11638450828,NA,NA,NA
3530,3531,REU.4.8_1,REU.4.8_1,0.00825003230499566,0.532701312029835,0.524451279724839,2025.10817385652,2025.11642388882,NA,NA,NA
3214,3219,REU.3.1_1,REU.3.1_1,0.0162344422988944,0.532713768618343,0.516479326319448,2025.10020190311,2025.11643634541,NA,NA,NA
4101,4102,REU.4.8_1,REU.4.8_1,0.0068711936662309,0.532762415773035,0.525891222106804,2025.1096137989,2025.11648499257,NA,NA,NA
4406,4407,REU.4.3_1,REU.4.3_1,0.0140672082396088,0.532768177499203,0.518700969259594,2025.10242354605,2025.11649075429,NA,NA,NA
5565,5566,REU.4.8_1,REU.3.5_1,0.100960500326504,0.532782492430556,0.431821992104052,2025.0155445689,2025.11650506922,NA,NA,NA
4473,4474,REU.4.3_1,REU.4.3_1,0.0447019932208664,0.532966137711336,0.48826414449047,2025.07198672128,2025.1166887145,NA,NA,NA
4179,4180,REU.4.8_1,REU.4.8_1,0.0191700808391376,0.533017795871823,0.513847715032685,2025.09757029183,2025.11674037267,NA,NA,NA
4937,4938,REU.4.3_1,REU.4.3_1,0.0709734847849481,0.533087058457301,0.462113573672353,2025.04583615047,2025.11680963525,NA,NA,NA
4389,4390,REU.4.3_1,REU.4.3_1,0.00591251573420115,0.533145617043517,0.527233101309316,2025.1109556781,2025.11686819384,NA,NA,NA
6139,6140,REU.3.4_1,REU.3.4_1,0.00748462015098661,0.533228746431332,0.525744126280346,2025.10946670307,2025.11695132323,NA,NA,NA
5616,5621,REU.4.8_1,REU.4.8_1,0.0267301806631223,0.533316688311319,0.506586507648196,2025.09030908444,2025.1170392651,NA,NA,NA
5075,5076,REU.4.4_1,REU.4.4_1,0.0353297578123408,0.533374099223889,0.498044341411548,2025.08176691821,2025.11709667602,NA,NA,NA
3732,3734,REU.4.3_1,REU.4.8_1,0.0213690020879937,0.533438287823501,0.512069285735508,2025.09579186253,2025.11716086462,NA,NA,NA
4679,4680,REU.4.3_1,REU.4.3_1,0.035373196181483,0.533458030562274,0.498084834380791,2025.08180741117,2025.11718060736,NA,NA,NA
3219,3221,REU.3.1_1,REU.3.1_1,0.00079175558886535,0.533505524207208,0.532713768618343,2025.11643634541,2025.117228101,NA,NA,NA
3887,3888,REU.4.5_1,REU.2.3_1,0.064254813757825,0.5335959030301,0.469341089272275,2025.05306366607,2025.11731847982,NA,NA,NA
5287,5288,REU.4.3_1,REU.4.3_1,0.0390088704853099,0.533607539346212,0.494598668860902,2025.07832124565,2025.11733011614,NA,NA,NA
4435,4436,REU.3.3_1,REU.3.3_1,0.0283707695404624,0.533659489521482,0.50528871998102,2025.08901129677,2025.11738206632,NA,NA,NA
4341,4346,REU.4.3_1,REU.4.3_1,0.0532570194885226,0.533688983290844,0.480431963802321,2025.0641545406,2025.11741156008,NA,NA,NA
5194,5195,REU.3.1_1,REU.3.1_1,0.0016509922646305,0.533691870393255,0.532040878128625,2025.11576345492,2025.11741444719,NA,NA,NA
4320,4321,REU.4.8_1,REU.4.8_1,0.0411893841263954,0.533722414360073,0.492533030233677,2025.07625560703,2025.11744499115,NA,NA,NA
5096,5097,REU.4.8_1,REU.4.8_1,0.0532347006050716,0.53373920128729,0.480504500682218,2025.06422707748,2025.11746177808,NA,NA,NA
4350,4351,REU.4.3_1,REU.4.3_1,0.0489478442981215,0.533744903288851,0.484797058990729,2025.06851963578,2025.11746748008,NA,NA,NA
3736,3740,REU.4.3_1,REU.4.3_1,0.0158135879678933,0.533784230942034,0.51797064297414,2025.10169321977,2025.11750680774,NA,NA,NA
4435,4441,REU.3.3_1,REU.3.3_1,0.0285286412117715,0.533817361192791,0.50528871998102,2025.08901129677,2025.11753993799,NA,NA,NA
3801,3805,REU.4.3_1,REU.4.3_1,0.0136478078220267,0.533835959356708,0.520188151534681,2025.10391072833,2025.11755853615,NA,NA,NA
6119,6120,REU.2.4_1,REU.2.4_1,0.0148154440946042,0.533844164985653,0.519028720891048,2025.10275129768,2025.11756674178,NA,NA,NA
6019,6024,REU.4.8_1,REU.4.8_1,0.0330635025582133,0.533895019043928,0.500831516485715,2025.08455409328,2025.11761759584,NA,NA,NA
3639,3640,REU.4.1_1,REU.4.1_1,0.0310268218353537,0.53390783572507,0.502881013889716,2025.08660359068,2025.11763041252,NA,NA,NA
3190,3191,REU.4.3_1,REU.4.8_1,0.0304727771033754,0.533918878259297,0.503446101155922,2025.08716867795,2025.11764145505,NA,NA,NA
3727,3728,REU.4.3_1,REU.4.8_1,0.11395368425449,0.534023798513052,0.420070114258562,2025.00379269105,2025.11774637531,NA,NA,NA
4103,4104,REU.4.3_1,REU.4.3_1,0.0442520853495214,0.534039722691423,0.489787637341902,2025.07351021414,2025.11776229949,NA,NA,NA
6146,2944,REU.3.4_1,REU.3.4_1,0.103860853887256,0.534085642384504,0.430224788497248,2025.01394736529,2025.11780821918,CHIKV_RUN_S17b73_2025,55.30892,-21.184486
5265,346,REU.4.3_1,REU.2.2_1,0.0535089550101634,0.534085642384504,0.480576687374341,2025.06429926417,2025.11780821918,CHIKV_RUN_S17b65_2025,55.316384,-20.955475
4814,452,REU.4.5_1,REU.4.5_1,0.0198733597834546,0.534085642384504,0.514212282601049,2025.09793485939,2025.11780821918,CHIKV_RUN_S10b08_2025,55.653767,-21.378893
5505,2357,REU.4.5_1,REU.4.7_1,0.0170105318990421,0.534085642384504,0.517075110485462,2025.10079768728,2025.11780821918,CHIKV_RUN_S17b74_2025,55.76408,-21.362277
4416,1491,REU.4.3_1,REU.2.3_1,0.00710669763640892,0.534085642384504,0.526978944748095,2025.11070152154,2025.11780821918,CHIKV_RUN_S10b93_2025,55.452125,-20.890654
5566,3054,REU.3.5_1,REU.3.5_1,0.00130314995394809,0.534085642384504,0.532782492430556,2025.11650506922,2025.11780821918,CHIKV_RUN_S17b68_2025,55.325677,-20.997915
5367,5368,REU.4.3_1,REU.4.3_1,0.00694468392778025,0.534275232352927,0.527330548425147,2025.11105312522,2025.11799780915,NA,NA,NA
4081,4094,REU.4.3_1,REU.4.3_1,0.0657046023086516,0.534289871148827,0.468585268840175,2025.05230784563,2025.11801244794,NA,NA,NA
6199,6200,REU.4.8_1,REU.4.8_1,0.0822982602284886,0.534415774973092,0.452117514744604,2025.03584009154,2025.11813835177,NA,NA,NA
5703,5704,REU.3.1_1,REU.3.1_1,0.0528080623969155,0.534432029414188,0.481623967017273,2025.06534654381,2025.11815460621,NA,NA,NA
5445,5448,REU.4.3_1,REU.2.3_1,0.0410857251311683,0.534456831641086,0.493371106509917,2025.0770936833,2025.11817940843,NA,NA,NA
4194,4195,REU.4.3_1,REU.4.8_1,0.00853267111922795,0.534575637255509,0.526042966136281,2025.10976554293,2025.11829821405,NA,NA,NA
4688,4689,REU.4.3_1,REU.4.3_1,0.00290265288862435,0.534612362133474,0.531709709244849,2025.11543228604,2025.11833493893,NA,NA,NA
3412,3413,REU.4.5_1,REU.4.5_1,0.00520766136107242,0.534738269937678,0.529530608576605,2025.11325318537,2025.11846084673,NA,NA,NA
4368,4369,REU.4.3_1,REU.4.3_1,0.00335649621417056,0.53475186404489,0.531395367830719,2025.11511794462,2025.11847444084,NA,NA,NA
5112,5113,REU.4.3_1,REU.4.3_1,0.0126940691483906,0.53478210867408,0.52208803952569,2025.10581061632,2025.11850468547,NA,NA,NA
5586,5587,REU.3.1_1,REU.3.1_1,0.0138525147284506,0.534783728309743,0.520931213581293,2025.10465379037,2025.1185063051,NA,NA,NA
5010,5011,REU.4.3_1,REU.4.3_1,0.0616861925281699,0.534848517751325,0.473162325223155,2025.05688490202,2025.11857109454,NA,NA,NA
3452,3453,REU.4.5_1,REU.4.5_1,0.0738257091221843,0.534882130492922,0.461056421370738,2025.04477899816,2025.11860470729,NA,NA,NA
4527,4530,REU.4.3_1,REU.4.3_1,0.0260881128006161,0.534903182247295,0.508815069446679,2025.09253764624,2025.11862575904,NA,NA,NA
4918,4919,REU.4.8_1,REU.4.8_1,0.0309284492135822,0.534931162711624,0.504002713498042,2025.08772529029,2025.11865373951,NA,NA,NA
4611,4612,REU.4.3_1,REU.4.3_1,0.06048725820886,0.53499171898141,0.47450446077255,2025.05822703757,2025.11871429578,NA,NA,NA
4835,4836,REU.4.3_1,REU.4.3_1,0.00344696226466423,0.535259798696816,0.531812836432152,2025.11553541323,2025.11898237549,NA,NA,NA
5205,5206,REU.4.3_1,REU.4.8_1,0.0998184172227376,0.535328444833348,0.43551002761061,2025.0192326044,2025.11905102163,NA,NA,NA
4523,4524,REU.4.3_1,REU.4.3_1,0.0216022606652125,0.535334364766568,0.513732104101356,2025.0974546809,2025.11905694156,NA,NA,NA
5322,5323,REU.4.3_1,REU.4.3_1,0.03835314473122,0.535375913254809,0.497022768523589,2025.08074534532,2025.11909849005,NA,NA,NA
5062,5063,REU.4.4_1,REU.4.4_1,0.0163034085287272,0.53537957579804,0.519076167269313,2025.10279874406,2025.11910215259,NA,NA,NA
5535,5547,REU.3.1_1,REU.4.6_1,0.0452941662147937,0.535582754145869,0.490288587931075,2025.07401116472,2025.11930533094,NA,NA,NA
5971,5973,REU.3.1_1,REU.3.1_1,0.0136217393760421,0.535636504094827,0.522014764718785,2025.10573734151,2025.11935908089,NA,NA,NA
4369,4370,REU.4.3_1,REU.4.3_1,0.000932337520298088,0.535684201565188,0.53475186404489,2025.11847444084,2025.11940677836,NA,NA,NA
4870,4876,REU.4.3_1,REU.4.3_1,0.0883622757889128,0.535696241750055,0.447333965961142,2025.03105654275,2025.11941881854,NA,NA,NA
3840,3841,REU.4.8_1,REU.4.8_1,0.0370484847867187,0.535718592886206,0.498670108099488,2025.08239268489,2025.11944116968,NA,NA,NA
3287,3289,REU.3.1_1,REU.4.6_1,0.146122814485162,0.535730262888494,0.389607448403332,2024.9733300252,2025.11945283968,NA,NA,NA
3821,3824,REU.4.3_1,REU.4.3_1,0.021047339875083,0.535767338971127,0.514719999096044,2025.09844257589,2025.11948991576,NA,NA,NA
5833,5834,REU.3.1_1,REU.3.1_1,0.0162954901528023,0.535770353102465,0.519474862949662,2025.10319743974,2025.1194929299,NA,NA,NA
3624,3625,REU.4.1_1,REU.4.1_1,0.0149017450357958,0.535788938594205,0.520887193558409,2025.10460977035,2025.11951151539,NA,NA,NA
4190,4191,REU.4.3_1,REU.4.3_1,0.013852294311029,0.535842909510356,0.521990615199327,2025.10571319199,2025.1195654863,NA,NA,NA
5038,5042,REU.4.8_1,REU.4.8_1,0.0375264724047494,0.535868019210598,0.498341546805849,2025.0820641236,2025.119590596,NA,NA,NA
5624,5625,REU.3.4_1,REU.3.4_1,0.0246137215132641,0.535950186059375,0.511336464546111,2025.09505904134,2025.11967276285,NA,NA,NA
6058,6060,REU.2.3_1,REU.2.3_1,0.0262088155758855,0.536205973992067,0.509997158416182,2025.09371973521,2025.11992855079,NA,NA,NA
4558,4559,REU.4.3_1,REU.4.3_1,0.00815453148147516,0.536280960782853,0.528126429301378,2025.1118490061,2025.12000353758,NA,NA,NA
3763,3766,REU.4.3_1,REU.2.3_1,0.00490619083319621,0.536559438943865,0.531653248110669,2025.1153758249,2025.12028201574,NA,NA,NA
5286,5289,REU.4.3_1,REU.4.3_1,0.0542520341213274,0.536567619424511,0.482315585303184,2025.0660381621,2025.12029019622,NA,NA,NA
3954,3955,REU.4.3_1,REU.4.3_1,0.0490984256227481,0.536600210067142,0.487501784444394,2025.07122436124,2025.12032278686,NA,NA,NA
3269,3270,REU.4.8_1,REU.4.8_1,0.0121292469443501,0.536630125154868,0.524500878210518,2025.108223455,2025.12035270195,NA,NA,NA
4647,4648,REU.4.3_1,REU.4.3_1,0.0124993666391653,0.536638529031515,0.52413916239235,2025.10786173919,2025.12036110583,NA,NA,NA
4749,4750,REU.4.3_1,REU.4.8_1,0.0191784523849915,0.536691780239751,0.517513327854759,2025.10123590465,2025.12041435703,NA,NA,NA
5168,5169,REU.4.3_1,REU.4.3_1,0.0443836724087351,0.536758507822186,0.492374835413451,2025.07609741221,2025.12048108462,NA,NA,NA
3649,3657,REU.4.8_1,REU.4.8_1,0.113045079481439,0.536784749825986,0.423739670344547,2025.00746224714,2025.12050732662,NA,NA,NA
6156,6157,REU.3.4_1,REU.3.4_1,0.0264247817651191,0.536799930940212,0.510375149175093,2025.09409772597,2025.12052250773,NA,NA,NA
5484,2365,REU.4.3_1,REU.3.4_1,0.138607217944302,0.536825368411861,0.398218150467559,2024.98194072726,2025.12054794521,CHIKV_RUN_S10b86_2025,55.312033,-21.134693
5240,341,REU.2.3_1,REU.2.5_1,0.0166554107882562,0.536825368411861,0.520169957623605,2025.10389253442,2025.12054794521,CHIKV_RUN_S10b77_2025,55.642871,-20.932313
4366,1063,REU.4.3_1,REU.4.3_1,0.0165947445578031,0.536825368411861,0.520230623854058,2025.10395320065,2025.12054794521,CHIKV_RUN_S10b81_2025,55.527006,-21.238497
5580,1881,REU.3.1_1,REU.4.6_1,0.0133299101999509,0.536825368411861,0.52349545821191,2025.10721803501,2025.12054794521,CHIKV_RUN_S10b76_2025,55.438002,-21.263799
4453,71,REU.4.8_1,REU.3.3_1,0.0124624705005005,0.536825368411861,0.524362897911361,2025.1080854747,2025.12054794521,CHIKV_RUN_S10b87_2025,55.289283,-21.108928
5314,1751,REU.4.3_1,REU.4.3_1,0.00784775220014322,0.536825368411861,0.528977616211718,2025.11270019301,2025.12054794521,CHIKV_RUN_S10b85_2025,55.524773,-21.270816
5788,5790,REU.4.8_1,REU.4.8_1,0.00857136163944361,0.536950939168725,0.528379577529281,2025.11210215432,2025.12067351596,NA,NA,NA
4129,4130,REU.2.3_1,REU.2.3_1,0.0616473896954077,0.536999656933087,0.475352267237679,2025.05907484403,2025.12072223373,NA,NA,NA
4128,4139,REU.2.3_1,REU.2.3_1,0.0617614969741103,0.537003598332823,0.475242101358713,2025.05896467815,2025.12072617513,NA,NA,NA
6130,6131,REU.4.6_1,REU.4.8_1,0.090722692343571,0.537007382213991,0.44628468987042,2025.03000726666,2025.12072995901,NA,NA,NA
3973,3974,REU.4.8_1,REU.4.8_1,0.0283699696196841,0.537132817920917,0.508762848301233,2025.0924854251,2025.12085539471,NA,NA,NA
6085,6088,REU.2.3_1,REU.2.3_1,0.0172993033909884,0.537283631923723,0.519984328532735,2025.10370690533,2025.12100620872,NA,NA,NA
3650,3651,REU.4.8_1,REU.3.5_1,0.0882842725103045,0.537287470015857,0.449003197505553,2025.0327257743,2025.12101004681,NA,NA,NA
6187,6188,REU.3.4_1,REU.3.4_1,0.0111464558991132,0.537310921680271,0.526164465781158,2025.10988704257,2025.12103349847,NA,NA,NA
5376,5377,REU.4.3_1,REU.4.3_1,0.124509252621341,0.537324527059328,0.412815274437987,2024.99653785123,2025.12104710385,NA,NA,NA
3461,3469,REU.4.5_1,REU.4.5_1,0.0793410726345136,0.537332253591062,0.457991180956548,2025.04171375775,2025.12105483038,NA,NA,NA
5875,5878,REU.2.3_1,REU.2.3_1,0.0332358446693178,0.537402052115968,0.50416620744665,2025.08788878424,2025.12112462891,NA,NA,NA
5087,5088,REU.4.4_1,REU.4.4_1,0.0156203149314065,0.537431711449784,0.521811396518377,2025.10553397331,2025.12115428824,NA,NA,NA
3878,3879,REU.4.5_1,REU.4.7_1,0.0475027691233382,0.537454393137203,0.489951624013864,2025.07367420081,2025.12117696993,NA,NA,NA
6159,6161,REU.3.4_1,REU.3.4_1,0.0136168193290355,0.537526709164629,0.523909889835594,2025.10763246663,2025.12124928596,NA,NA,NA
3791,3793,REU.4.3_1,REU.4.3_1,0.0596428493252965,0.537567697511154,0.477924848185858,2025.06164742498,2025.1212902743,NA,NA,NA
5512,5513,REU.4.5_1,REU.4.5_1,0.0311315775196284,0.537595170627281,0.506463593107653,2025.0901861699,2025.12131774742,NA,NA,NA
4225,4226,REU.4.3_1,REU.4.3_1,0.0100928310923526,0.537607821349243,0.527514990256891,2025.11123756705,2025.12133039814,NA,NA,NA
3695,3696,REU.4.6_1,REU.4.6_1,0.0309129878049066,0.537621222778733,0.506708234973826,2025.09043081177,2025.12134379957,NA,NA,NA
4405,4417,REU.4.3_1,REU.4.3_1,0.0271678545605508,0.537754919431517,0.510587064870966,2025.09430964166,2025.12147749623,NA,NA,NA
4971,4972,REU.4.3_1,REU.4.3_1,0.0545046604400932,0.537763562645368,0.483258902205274,2025.066981479,2025.12148613944,NA,NA,NA
3973,3977,REU.4.8_1,REU.4.8_1,0.0290450790948072,0.53780792739604,0.508762848301233,2025.0924854251,2025.12153050419,NA,NA,NA
4783,4784,REU.4.3_1,REU.4.3_1,0.0236658817407955,0.537968840592134,0.514302958851338,2025.09802553565,2025.12169141739,NA,NA,NA
3879,3880,REU.4.7_1,REU.4.7_1,0.000520113503419961,0.537974506640623,0.537454393137203,2025.12117696993,2025.12169708343,NA,NA,NA
5836,5837,REU.3.4_1,REU.3.4_1,0.0121364527542616,0.538046307518205,0.525909854763943,2025.10963243156,2025.12176888431,NA,NA,NA
4495,4496,REU.2.4_1,REU.2.3_1,0.028749310734558,0.538057135702004,0.509307824967446,2025.09303040176,2025.1217797125,NA,NA,NA
6021,6022,REU.4.8_1,REU.4.8_1,0.0107161865103826,0.538198038389529,0.527481851879147,2025.11120442867,2025.12192061518,NA,NA,NA
3636,3637,REU.4.1_1,REU.4.1_1,0.0314696876043227,0.538207305615179,0.506737618010856,2025.0904601948,2025.12192988241,NA,NA,NA
4645,4651,REU.4.3_1,REU.4.3_1,0.0576206980286712,0.538221627329369,0.480600929300698,2025.06432350609,2025.12194420412,NA,NA,NA
3964,3965,REU.4.8_1,REU.4.8_1,0.037063005316624,0.538234065935015,0.501171060618391,2025.08489363741,2025.12195664273,NA,NA,NA
4251,4252,REU.4.8_1,REU.4.8_1,0.00644457248610397,0.538373354369476,0.531928781883372,2025.11565135868,2025.12209593116,NA,NA,NA
3156,3157,REU.3.1_1,REU.4.8_1,0.0964710713562288,0.538414316528661,0.441943245172432,2025.02566582197,2025.12213689332,NA,NA,NA
3625,3630,REU.4.1_1,REU.4.1_1,0.00275325097741397,0.538542189571619,0.535788938594205,2025.11951151539,2025.12226476637,NA,NA,NA
4985,4986,REU.4.3_1,REU.4.3_1,0.0177400569276847,0.538560418601034,0.520820361673349,2025.10454293847,2025.12228299539,NA,NA,NA
4706,4711,REU.4.3_1,REU.4.3_1,0.0112899847453576,0.538614973368712,0.527324988623354,2025.11104756542,2025.12233755016,NA,NA,NA
3754,3755,REU.2.5_1,REU.2.5_1,0.0462704981206056,0.538777305473814,0.492506807353208,2025.07622938415,2025.12249988227,NA,NA,NA
4263,4264,REU.4.3_1,REU.2.3_1,0.0659188398713222,0.53879387182354,0.472875031952217,2025.05659760875,2025.12251644862,NA,NA,NA
3550,3553,REU.4.8_1,REU.4.8_1,0.0421318531593731,0.538801412622981,0.496669559463608,2025.08039213626,2025.12252398942,NA,NA,NA
4708,4709,REU.4.3_1,REU.4.3_1,0.00841149061765212,0.538911818990152,0.5305003283725,2025.11422290517,2025.12263439578,NA,NA,NA
4725,4773,REU.4.3_1,REU.4.3_1,0.155862019242649,0.539119243165938,0.383257223923288,2024.96697980072,2025.12284181996,NA,NA,NA
3289,3290,REU.4.6_1,REU.4.6_1,0.00349012201386634,0.53922038490236,0.535730262888494,2025.11945283968,2025.1229429617,NA,NA,NA
5509,5510,REU.4.5_1,REU.4.5_1,0.00678756201188346,0.539333310092544,0.53254574808066,2025.11626832487,2025.12305588689,NA,NA,NA
4148,4149,REU.2.3_1,REU.2.3_1,0.0190496211884935,0.539380806947314,0.520331185758821,2025.10405376255,2025.12310338374,NA,NA,NA
3791,3792,REU.4.3_1,REU.4.3_1,0.0614747648324271,0.539399613018285,0.477924848185858,2025.06164742498,2025.12312218981,NA,NA,NA
6133,6134,REU.4.6_1,REU.4.6_1,0.0798716544938887,0.539401880557131,0.459530226063242,2025.04325280286,2025.12312445735,NA,NA,NA
3158,3159,REU.4.5_1,REU.4.5_1,0.0199235378836735,0.539549173013802,0.519625635130129,2025.10334821192,2025.12327174981,NA,NA,NA
4139,4141,REU.2.3_1,REU.2.3_1,0.00254568345050243,0.539549281783326,0.537003598332823,2025.12072617513,2025.12327185858,NA,NA,NA
4286,1757,REU.4.8_1,REU.2.3_1,0.0957724286556827,0.539565094439219,0.443792665783536,2025.02751524258,2025.12328767123,CHIKV_RUN_S18b26_2025,55.445029,-20.887177
3853,953,REU.3.5_1,REU.3.5_1,0.0530769412706137,0.539565094439219,0.486488153168605,2025.07021072996,2025.12328767123,CHIKV_RUN_S10b88_2025,55.272836,-21.023559
3585,2017,REU.3.1_1,REU.3.4_1,0.0410453588807291,0.539565094439219,0.49851973555849,2025.08224231235,2025.12328767123,CHIKV_RUN_S17b75_2025,55.304177,-21.172288
3636,2517,REU.4.1_1,REU.4.1_1,0.0328274764283626,0.539565094439219,0.506737618010856,2025.0904601948,2025.12328767123,CHIKV_RUN_S10b80_2025,55.480729,-21.168218
3529,2773,REU.4.8_1,REU.4.3_1,0.0259305216946454,0.539565094439219,0.513634572744573,2025.09735714954,2025.12328767123,CHIKV_RUN_S10b84_2025,55.529419,-21.267475
5008,666,REU.4.3_1,REU.4.3_1,0.0228153714628381,0.539565094439219,0.516749722976381,2025.10047229977,2025.12328767123,CHIKV_RUN_S10b78_2025,55.522725,-21.283887
4299,280,REU.4.3_1,REU.4.3_1,0.0180011137863725,0.539565094439219,0.521563980652846,2025.10528655745,2025.12328767123,CHIKV_RUN_S10b82_2025,55.501615,-21.246082
5314,935,REU.4.3_1,REU.4.3_1,0.0105874782275006,0.539565094439219,0.528977616211718,2025.11270019301,2025.12328767123,CHIKV_RUN_S10b79_2025,55.491615,-21.250807
3793,899,REU.4.3_1,REU.4.3_1,0.00199739692806444,0.539565094439219,0.537567697511154,2025.1212902743,2025.12328767123,CHIKV_RUN_S10b83_2025,55.526664,-21.257323
3347,3357,REU.3.4_1,REU.3.4_1,0.098746062332384,0.539849172523756,0.441103110191372,2025.02482568698,2025.12357174932,NA,NA,NA
5828,5829,REU.4.5_1,REU.4.8_1,0.0349239483747011,0.539930732976881,0.50500678460218,2025.0887293614,2025.12365330977,NA,NA,NA
4801,4802,REU.4.3_1,REU.4.3_1,0.0353528776400717,0.539932620935624,0.504579743295553,2025.08830232009,2025.12365519773,NA,NA,NA
4149,4150,REU.2.3_1,REU.2.3_1,0.000687978443796533,0.540068785391111,0.539380806947314,2025.12310338374,2025.12379136218,NA,NA,NA
3441,3447,REU.4.5_1,REU.4.5_1,0.0315473188630793,0.540111722666913,0.508564403803834,2025.0922869806,2025.12383429946,NA,NA,NA
3662,3663,REU.3.1_1,REU.3.1_1,0.224657475638261,0.540172564658442,0.315515089020181,2024.89923766581,2025.12389514145,NA,NA,NA
5878,5879,REU.2.3_1,REU.2.3_1,0.00292061865380755,0.540322670769775,0.537402052115968,2025.12112462891,2025.12404524756,NA,NA,NA
5161,5162,REU.4.3_1,REU.4.3_1,0.0218465981543332,0.5403351246208,0.518488526466467,2025.10221110326,2025.12405770141,NA,NA,NA
3382,3383,REU.3.1_1,REU.3.1_1,0.0569016856200586,0.540353691042213,0.483452005422154,2025.06717458222,2025.12407626784,NA,NA,NA
5197,5198,REU.4.3_1,REU.4.3_1,0.127741587378376,0.540440024960658,0.412698437582282,2024.99642101438,2025.12416260175,NA,NA,NA
4815,4819,REU.4.3_1,REU.4.3_1,0.0872297026221444,0.540463742509285,0.45323403988714,2025.03695661668,2025.1241863193,NA,NA,NA
6131,6132,REU.4.8_1,REU.4.8_1,0.00346617256312909,0.54047355477712,0.537007382213991,2025.12072995901,2025.12419613157,NA,NA,NA
5945,5946,REU.4.6_1,REU.4.6_1,0.0304063551806799,0.540513985970909,0.510107630790229,2025.09383020758,2025.12423656276,NA,NA,NA
4251,4255,REU.4.8_1,REU.4.8_1,0.00863839607063843,0.540567177954011,0.531928781883372,2025.11565135868,2025.12428975475,NA,NA,NA
5610,5611,REU.4.3_1,REU.4.3_1,0.0109582050654937,0.540603837361606,0.529645632296113,2025.11336820909,2025.12432641416,NA,NA,NA
5119,5146,REU.4.4_1,REU.4.4_1,0.105810063233394,0.54064589648824,0.434835833254846,2025.01855841005,2025.12436847328,NA,NA,NA
5201,5202,REU.4.3_1,REU.4.3_1,0.0360065907275516,0.54066684156962,0.504660250842068,2025.08838282764,2025.12438941836,NA,NA,NA
5347,5351,REU.4.3_1,REU.4.8_1,0.140121937747028,0.540683255031194,0.400561317284167,2024.98428389408,2025.12440583182,NA,NA,NA
5654,5657,REU.2.5_1,REU.2.5_1,0.114831188499705,0.540742021366193,0.425910832866488,2025.00963340966,2025.12446459816,NA,NA,NA
3280,3283,REU.3.1_1,REU.3.1_1,0.0118202897584829,0.540749851763887,0.528929562005404,2025.1126521388,2025.12447242856,NA,NA,NA
4986,4989,REU.4.3_1,REU.4.3_1,0.00219864423468419,0.540759062835718,0.538560418601034,2025.12228299539,2025.12448163963,NA,NA,NA
5399,5400,REU.2.3_1,REU.2.3_1,0.0303006128440416,0.540838252283715,0.510537639439674,2025.09426021623,2025.12456082908,NA,NA,NA
5474,5475,REU.4.3_1,REU.4.8_1,0.0913572138785098,0.540856899912094,0.449499686033584,2025.03322226283,2025.12457947671,NA,NA,NA
3357,3358,REU.3.4_1,REU.3.4_1,0.00101692941847631,0.540866101942233,0.539849172523756,2025.12357174932,2025.12458867874,NA,NA,NA
4226,4227,REU.4.3_1,REU.4.3_1,0.00340770926095524,0.541015530610199,0.537607821349243,2025.12133039814,2025.1247381074,NA,NA,NA
3469,3470,REU.4.5_1,REU.4.5_1,0.00396479245792825,0.54129704604899,0.537332253591062,2025.12105483038,2025.12501962284,NA,NA,NA
5289,5290,REU.4.3_1,REU.4.3_1,0.00483367967209458,0.541401299096606,0.536567619424511,2025.12029019622,2025.12512387589,NA,NA,NA
4599,4600,REU.4.8_1,REU.4.8_1,0.0395515995354354,0.541417816321003,0.501866216785568,2025.08558879358,2025.12514039311,NA,NA,NA
3318,3319,REU.3.4_1,REU.3.4_1,0.116808431461839,0.541508765983923,0.424700334522084,2025.00842291132,2025.12523134278,NA,NA,NA
5740,5744,REU.3.1_1,REU.2.3_1,0.0300946842506035,0.541540090658389,0.511445406407785,2025.0951679832,2025.12526266745,NA,NA,NA
6171,6172,REU.3.4_1,REU.3.4_1,0.0216638920321818,0.541654922451056,0.519991030418874,2025.10371360721,2025.12537749924,NA,NA,NA
4252,4253,REU.4.8_1,REU.4.8_1,0.00332946217739893,0.541702816546875,0.538373354369476,2025.12209593116,2025.12542539334,NA,NA,NA
6097,6098,REU.2.3_1,REU.2.3_1,0.0133809144791553,0.541722649817593,0.528341735338438,2025.11206431213,2025.12544522661,NA,NA,NA
4026,4027,REU.4.3_1,REU.4.3_1,0.0745810579336621,0.541855293412852,0.46727423547919,2025.05099681227,2025.12557787021,NA,NA,NA
4220,4221,REU.4.3_1,REU.4.3_1,0.0493512985508111,0.541907690566148,0.492556392015337,2025.07627896881,2025.12563026736,NA,NA,NA
4680,4682,REU.4.3_1,REU.4.3_1,0.00846933237414316,0.541927362936418,0.533458030562274,2025.11718060736,2025.12564993973,NA,NA,NA
3383,3384,REU.3.1_1,REU.3.1_1,0.00158173600073264,0.541935427042946,0.540353691042213,2025.12407626784,2025.12565800384,NA,NA,NA
4063,4064,REU.4.8_1,REU.4.8_1,0.0112157171204584,0.541963181072145,0.530747463951686,2025.11447004075,2025.12568575787,NA,NA,NA
5821,5823,REU.4.6_1,REU.4.6_1,0.0929417453692696,0.541989250308193,0.449047504938924,2025.03277008173,2025.1257118271,NA,NA,NA
3368,3370,REU.4.5_1,REU.4.5_1,0.0123637184788228,0.542001451527893,0.52963773304907,2025.11336030984,2025.12572402832,NA,NA,NA
5734,5735,REU.3.1_1,REU.3.1_1,0.0309141547489232,0.542026269106485,0.511112114357562,2025.09483469115,2025.1257488459,NA,NA,NA
4510,4538,REU.4.3_1,REU.4.3_1,0.105419692210125,0.54202680225459,0.436607110044465,2025.02032968684,2025.12574937905,NA,NA,NA
3854,3855,REU.3.5_1,REU.3.5_1,0.0314743763452218,0.542028806580313,0.510554430235091,2025.09427700703,2025.12575138337,NA,NA,NA
5610,5613,REU.4.3_1,REU.4.3_1,0.0123836855566134,0.542029317852726,0.529645632296113,2025.11336820909,2025.12575189465,NA,NA,NA
6120,6124,REU.2.4_1,REU.2.4_1,0.00823568274356801,0.542079847729221,0.533844164985653,2025.11756674178,2025.12580242452,NA,NA,NA
4512,4513,REU.4.3_1,REU.4.3_1,0.0227350950219549,0.542130469397197,0.519395374375242,2025.10311795117,2025.12585304619,NA,NA,NA
5778,5779,REU.3.1_1,REU.3.2_1,0.0610571818861806,0.542206920908949,0.481149739022768,2025.06487231582,2025.1259294977,NA,NA,NA
4094,4095,REU.4.3_1,REU.4.3_1,0.00792595744278612,0.542215828591613,0.534289871148827,2025.11801244794,2025.12593840539,NA,NA,NA
5020,647,REU.4.3_1,REU.4.3_1,0.109492907542754,0.542304820466576,0.432811912923822,2025.01653448972,2025.12602739726,CHIKV_RUN_S10b92_2025,55.522252,-21.278985
5560,1775,REU.4.3_1,REU.4.3_1,0.0650575944673835,0.542304820466576,0.477247225999193,2025.06096980279,2025.12602739726,CHIKV_RUN_S10b91_2025,55.510985,-21.286508
4512,1679,REU.4.3_1,REU.4.3_1,0.0229094460913338,0.542304820466576,0.519395374375242,2025.10311795117,2025.12602739726,CHIKV_RUN_S10b94_2025,55.527183,-21.256516
3714,252,REU.4.3_1,REU.4.3_1,0.0103806024736279,0.542304820466576,0.531924217992948,2025.11564679479,2025.12602739726,CHIKV_RUN_S10b89_2025,55.523069,-21.267089
5400,5401,REU.2.3_1,REU.2.3_1,0.00152916724407115,0.542367419527786,0.540838252283715,2025.12456082908,2025.12608999632,NA,NA,NA
3242,3245,REU.4.8_1,REU.4.8_1,0.0241223673515953,0.542425888248891,0.518303520897295,2025.10202609769,2025.12614846504,NA,NA,NA
3686,3687,REU.4.6_1,REU.4.6_1,0.0654487487204466,0.542535959223462,0.477087210503016,2025.0608097873,2025.12625853602,NA,NA,NA
4975,4976,REU.4.3_1,REU.4.3_1,0.0384938677914527,0.542635456163068,0.504141588371615,2025.08786416517,2025.12635803296,NA,NA,NA
4947,4948,REU.4.3_1,REU.4.3_1,0.0161523063994411,0.542826755567071,0.52667444916763,2025.11039702596,2025.12654933236,NA,NA,NA
5924,5925,REU.4.3_1,REU.4.3_1,0.0372563211317914,0.54296359524841,0.505707274116619,2025.08942985091,2025.12668617204,NA,NA,NA
3625,3626,REU.4.1_1,REU.4.1_1,0.00718682572883345,0.542975764323038,0.535788938594205,2025.11951151539,2025.12669834112,NA,NA,NA
3305,3306,REU.3.4_1,REU.3.4_1,0.0112485828618046,0.542980568693662,0.531731985831857,2025.11545456263,2025.12670314549,NA,NA,NA
4750,4751,REU.4.8_1,REU.4.8_1,0.00653274497447365,0.543224525214224,0.536691780239751,2025.12041435703,2025.12694710201,NA,NA,NA
4247,4248,REU.4.3_1,REU.4.3_1,0.0381656123927306,0.543327248625374,0.505161636232644,2025.08888421303,2025.12704982542,NA,NA,NA
4257,4258,REU.4.8_1,REU.4.8_1,0.0132182252878729,0.543437900112881,0.530219674825009,2025.11394225162,2025.12716047691,NA,NA,NA
4469,4470,REU.4.3_1,REU.4.3_1,0.0675465851206559,0.543451562848383,0.475904977727727,2025.05962755452,2025.12717413964,NA,NA,NA
6204,6207,REU.4.3_1,REU.4.3_1,0.0398250500917414,0.54346809325096,0.503643043159219,2025.08736561995,2025.12719067004,NA,NA,NA
4621,4622,REU.4.3_1,REU.4.8_1,0.079287481808783,0.543468908670266,0.464181426861483,2025.04790400366,2025.12719148546,NA,NA,NA
5399,5405,REU.2.3_1,REU.2.3_1,0.0329447185573781,0.543482357997052,0.510537639439674,2025.09426021623,2025.12720493479,NA,NA,NA
5555,5556,REU.3.1_1,REU.3.1_1,0.0413281868422377,0.543526610020364,0.502198423178126,2025.08592099997,2025.12724918681,NA,NA,NA
5758,5759,REU.3.1_1,REU.3.2_1,0.0816790280112838,0.543571623870892,0.461892595859608,2025.04561517265,2025.12729420066,NA,NA,NA
4322,4323,REU.4.8_1,REU.4.8_1,0.0418395350433542,0.543577071532201,0.501737536488847,2025.08546011328,2025.12729964833,NA,NA,NA
4307,4308,REU.4.3_1,REU.4.3_1,0.0262071033155817,0.543608369148957,0.517401265833376,2025.10112384263,2025.12733094594,NA,NA,NA
6174,6175,REU.3.4_1,REU.3.4_1,0.0152609233889254,0.543620354229804,0.528359430840879,2025.11208200763,2025.12734293102,NA,NA,NA
6114,6117,REU.2.4_1,REU.2.4_1,0.0186336108715055,0.543623863281409,0.524990252409903,2025.1087128292,2025.12734644008,NA,NA,NA
6194,6195,REU.3.4_1,REU.3.4_1,0.0667031740935117,0.543664692328791,0.476961518235279,2025.06068409503,2025.12738726912,NA,NA,NA
5638,5640,REU.2.5_1,REU.2.3_1,0.058353812553016,0.543705598437169,0.485351785884153,2025.06907436268,2025.12742817523,NA,NA,NA
4129,4134,REU.2.3_1,REU.2.3_1,0.0683826202070549,0.543734887444734,0.475352267237679,2025.05907484403,2025.12745746424,NA,NA,NA
4486,4489,REU.4.3_1,REU.4.3_1,0.075219027453372,0.543779784749983,0.468560757296611,2025.05228333409,2025.12750236154,NA,NA,NA
3340,3346,REU.3.4_1,REU.3.4_1,0.0945755400090579,0.543786089280956,0.449210549271898,2025.03293312607,2025.12750866607,NA,NA,NA
5949,5950,REU.4.6_1,REU.4.8_1,0.0190817891761124,0.543934411698765,0.524852622522652,2025.10857519932,2025.12765698849,NA,NA,NA
5313,5315,REU.4.3_1,REU.4.3_1,0.0403443234288665,0.543942013209621,0.503597689780755,2025.08732026657,2025.12766459,NA,NA,NA
5039,5040,REU.4.8_1,REU.4.8_1,0.0171175724872324,0.543951737785897,0.526834165298664,2025.11055674209,2025.12767431458,NA,NA,NA
4689,4690,REU.4.3_1,REU.4.3_1,0.00940698717116994,0.544019349304643,0.534612362133474,2025.11833493893,2025.1277419261,NA,NA,NA
4535,4536,REU.4.3_1,REU.4.3_1,0.0498969943271064,0.544112828166925,0.494215833839818,2025.07793841063,2025.12783540496,NA,NA,NA
6207,6208,REU.4.3_1,REU.4.3_1,0.000776321075039332,0.544244414326,0.54346809325096,2025.12719067004,2025.12796699112,NA,NA,NA
6119,6126,REU.2.4_1,REU.2.4_1,0.025422690309493,0.544451411200541,0.519028720891048,2025.10275129768,2025.12817398799,NA,NA,NA
3890,3893,REU.4.5_1,REU.4.5_1,0.0584782274374502,0.544452653060739,0.485974425623288,2025.06969700242,2025.12817522985,NA,NA,NA
5042,5043,REU.4.8_1,REU.4.8_1,0.0086035024228085,0.544471521633407,0.535868019210598,2025.119590596,2025.12819409843,NA,NA,NA
4308,4309,REU.4.3_1,REU.4.3_1,0.000863204906689674,0.544471574055647,0.543608369148957,2025.12733094594,2025.12819415085,NA,NA,NA
3950,3951,REU.4.3_1,REU.4.3_1,0.0823198309545958,0.544556056299605,0.462236225345009,2025.04595880214,2025.12827863309,NA,NA,NA
5088,5090,REU.4.4_1,REU.4.4_1,0.00718746784477542,0.544619179294559,0.537431711449784,2025.12115428824,2025.12834175609,NA,NA,NA
3370,3371,REU.4.5_1,REU.4.5_1,0.00265310371272265,0.544654555240615,0.542001451527893,2025.12572402832,2025.12837713203,NA,NA,NA
4675,4676,REU.2.3_1,REU.4.8_1,0.0190491438942695,0.544674306612353,0.525625162718083,2025.10934773951,2025.12839688341,NA,NA,NA
6013,6014,REU.3.1_1,REU.3.1_1,0.0265744855533083,0.544759710301578,0.51818522474827,2025.10190780154,2025.1284822871,NA,NA,NA
5162,5163,REU.4.3_1,REU.4.3_1,0.00444175059725482,0.544776875218055,0.5403351246208,2025.12405770141,2025.12849945201,NA,NA,NA
3130,3136,REU.3.4_1,REU.3.4_1,0.0854044493456437,0.544851495071305,0.459447045725662,2025.04316962252,2025.12857407186,NA,NA,NA
4708,4710,REU.4.3_1,REU.4.3_1,0.0144099534207095,0.544910281793209,0.5305003283725,2025.11422290517,2025.12863285859,NA,NA,NA
4919,4920,REU.4.8_1,REU.4.8_1,0.00998050647530646,0.544911669186931,0.534931162711624,2025.11865373951,2025.12863424598,NA,NA,NA
3432,3436,REU.4.5_1,REU.4.5_1,0.0417801345790304,0.545014139775337,0.503234005196307,2025.08695658199,2025.12873671657,NA,NA,NA
5174,1098,REU.4.3_1,REU.4.4_1,0.111743522901277,0.545044546493934,0.433301023592656,2025.01702360039,2025.12876712329,CHIKV_RUN_S27b52_2025,55.560218,-21.369913
4541,316,REU.4.3_1,REU.4.3_1,0.0781959222186898,0.545044546493934,0.466848624275244,2025.05057120107,2025.12876712329,CHIKV_RUN_S10b90_2025,55.523672,-21.279622
3143,1948,REU.2.3_1,REU.4.8_1,0.0781286691592118,0.545044546493934,0.466915877334722,2025.05063845413,2025.12876712329,CHIKV_RUN_S27b60_2025,55.524192,-21.324928
5500,2356,REU.4.5_1,REU.4.7_1,0.0626981517584584,0.545044546493934,0.482346394735475,2025.06606897153,2025.12876712329,CHIKV_RUN_S19b31_2025,55.763815,-21.361786
5168,1110,REU.4.3_1,REU.4.8_1,0.0526697110804827,0.545044546493934,0.492374835413451,2025.07609741221,2025.12876712329,CHIKV_RUN_S27b51_2025,55.489609,-21.331674
3891,169,REU.4.5_1,REU.4.7_1,0.0490005093178955,0.545044546493934,0.496044037176038,2025.07976661397,2025.12876712329,CHIKV_RUN_S18b95_2025,55.770578,-21.362172
5760,2223,REU.3.1_1,REU.4.3_1,0.0488672822343273,0.545044546493934,0.496177264259606,2025.07989984105,2025.12876712329,CHIKV_RUN_S12b90_2025,55.517047,-21.27658
3875,189,REU.4.5_1,REU.4.7_1,0.0396934951003066,0.545044546493934,0.505351051393627,2025.08907362819,2025.12876712329,CHIKV_RUN_S12b87_2025,55.720654,-21.370892
4048,1649,REU.4.3_1,REU.4.3_1,0.0298517220656914,0.545044546493934,0.515192824428242,2025.09891540122,2025.12876712329,CHIKV_RUN_S27b30_2025,55.520238,-21.268014
3502,2093,REU.4.5_1,REU.4.5_1,0.0276615552174191,0.545044546493934,0.517382991276514,2025.10110556807,2025.12876712329,CHIKV_RUN_S27b56_2025,55.629504,-21.375479
4749,434,REU.4.3_1,REU.4.3_1,0.0275312186391743,0.545044546493934,0.517513327854759,2025.10123590465,2025.12876712329,CHIKV_RUN_S27b29_2025,55.516227,-21.284258
5997,2623,REU.3.1_1,REU.3.1_1,0.0189841767869994,0.545044546493934,0.526060369706934,2025.1097829465,2025.12876712329,CHIKV_RUN_S12b88_2025,55.361177,-21.257752
3607,3033,REU.4.3_1,REU.4.3_1,0.0175715751261363,0.545044546493934,0.527472971367797,2025.11119554816,2025.12876712329,CHIKV_RUN_S27b40_2025,55.527201,-21.262726
4390,1513,REU.4.3_1,REU.4.3_1,0.0118989294504167,0.545044546493934,0.533145617043517,2025.11686819384,2025.12876712329,CHIKV_RUN_S27b31_2025,55.518872,-21.275556
3880,187,REU.4.7_1,REU.4.7_1,0.00707003985331089,0.545044546493934,0.537974506640623,2025.12169708343,2025.12876712329,CHIKV_RUN_S12b92_2025,55.726571,-21.370372
4989,823,REU.4.3_1,REU.4.3_1,0.00428548365821535,0.545044546493934,0.540759062835718,2025.12448163963,2025.12876712329,CHIKV_RUN_S12b93_2025,55.50798,-21.283212
4920,787,REU.4.8_1,REU.4.8_1,0.000132877307002954,0.545044546493934,0.544911669186931,2025.12863424598,2025.12876712329,CHIKV_RUN_S19b24_2025,55.476016,-21.288311
4039,4040,REU.4.3_1,REU.4.3_1,0.0789913001637154,0.545048945234223,0.466057645070508,2025.04978022186,2025.12877152203,NA,NA,NA
3822,3823,REU.4.3_1,REU.4.3_1,0.0204271650834704,0.545127971445761,0.52470080636229,2025.10842338316,2025.12885054824,NA,NA,NA
4364,4365,REU.4.3_1,REU.3.5_1,0.0431416178003687,0.545132574595941,0.501990956795572,2025.08571353359,2025.12885515139,NA,NA,NA
6200,6201,REU.4.8_1,REU.4.8_1,0.0107327085374704,0.545148483510563,0.534415774973092,2025.11813835177,2025.1288710603,NA,NA,NA
6190,6191,REU.3.4_1,REU.3.4_1,0.0169466982494932,0.545151305814341,0.528204607564848,2025.11192718436,2025.12887388261,NA,NA,NA
5997,5998,REU.3.1_1,REU.3.1_1,0.0191599396200195,0.545220309326954,0.526060369706934,2025.1097829465,2025.12894288612,NA,NA,NA
6064,6065,REU.2.3_1,REU.2.3_1,0.0401997982230785,0.545370431454799,0.505170633231721,2025.08889321003,2025.12909300825,NA,NA,NA
6223,6225,REU.3.1_1,REU.3.4_1,0.242238670182705,0.545392072273575,0.30315340209087,2024.88687597888,2025.12911464907,NA,NA,NA
3868,3869,REU.4.5_1,REU.4.5_1,0.117420328477472,0.545442165656177,0.428021837178705,2025.01174441397,2025.12916474245,NA,NA,NA
4407,4408,REU.4.3_1,REU.4.3_1,0.0126757463973891,0.545443923896592,0.532768177499203,2025.11649075429,2025.12916650069,NA,NA,NA
3911,3912,REU.4.4_1,REU.4.4_1,0.0146533475289473,0.545523282358283,0.530869934829335,2025.11459251162,2025.12924585915,NA,NA,NA
3592,3593,REU.3.1_1,REU.3.1_1,0.0242241180251799,0.545523941965338,0.521299823940159,2025.10502240073,2025.12924651876,NA,NA,NA
4869,4877,REU.4.3_1,REU.4.8_1,0.107250228709078,0.545560019302092,0.438309790593014,2025.02203236739,2025.1292825961,NA,NA,NA
3165,3166,REU.4.3_1,REU.4.3_1,0.0247071306290255,0.545570617070269,0.520863486441244,2025.10458606323,2025.12929319386,NA,NA,NA
5823,5824,REU.4.6_1,REU.4.6_1,0.00360684522852939,0.545596095536723,0.541989250308193,2025.1257118271,2025.12931867233,NA,NA,NA
4773,4774,REU.4.3_1,REU.4.3_1,0.00649040167072923,0.545609644836667,0.539119243165938,2025.12284181996,2025.12933222163,NA,NA,NA
3370,3372,REU.4.5_1,REU.4.5_1,0.00364860293133096,0.545650054459224,0.542001451527893,2025.12572402832,2025.12937263125,NA,NA,NA
4957,4958,REU.4.3_1,REU.4.3_1,0.0305360885387901,0.545697137000556,0.515161048461766,2025.09888362526,2025.12941971379,NA,NA,NA
5605,5609,REU.3.1_1,REU.4.6_1,0.022123801093759,0.545872636531211,0.523748835437452,2025.10747141223,2025.12959521332,NA,NA,NA
3840,3842,REU.4.8_1,REU.4.8_1,0.0472547999401792,0.545924908039667,0.498670108099488,2025.08239268489,2025.12964748483,NA,NA,NA
5965,5967,REU.3.1_1,REU.3.1_1,0.0608410909535776,0.545946418091434,0.485105327137856,2025.06882790393,2025.12966899489,NA,NA,NA
6063,6069,REU.2.3_1,REU.2.3_1,0.0588419082090172,0.546105628444472,0.487263720235455,2025.07098629703,2025.12982820524,NA,NA,NA
5473,5483,REU.4.3_1,REU.4.3_1,0.104410315223444,0.546176915740692,0.441766600517248,2025.02548917731,2025.12989949253,NA,NA,NA
4646,4650,REU.4.3_1,REU.4.3_1,0.0375508443284924,0.546238075225582,0.50868723089709,2025.09240980769,2025.12996065202,NA,NA,NA
3546,3547,REU.4.6_1,REU.4.6_1,0.0352246238733603,0.546268213920724,0.511043590047364,2025.09476616684,2025.12999079071,NA,NA,NA
3965,3966,REU.4.8_1,REU.4.8_1,0.00805345765307863,0.546287523588094,0.538234065935015,2025.12195664273,2025.13001010038,NA,NA,NA
6120,6121,REU.2.4_1,REU.2.3_1,0.0124575739843431,0.546301738969996,0.533844164985653,2025.11756674178,2025.13002431576,NA,NA,NA
5692,5697,REU.3.1_1,REU.2.3_1,0.0964071093795352,0.546307173688132,0.449900064308597,2025.0336226411,2025.13002975048,NA,NA,NA
3131,3132,REU.3.4_1,REU.2.3_1,0.0544644458828781,0.546330857325541,0.491866411442663,2025.07558898824,2025.13005343412,NA,NA,NA
6181,6183,REU.3.4_1,REU.3.4_1,0.0286360691031394,0.546332627932748,0.517696558829609,2025.10141913562,2025.13005520473,NA,NA,NA
5296,5299,REU.4.3_1,REU.4.8_1,0.10634507806676,0.546333095008965,0.439988016942205,2025.02371059374,2025.1300556718,NA,NA,NA
3413,3414,REU.4.5_1,REU.4.5_1,0.0116089428965575,0.546347212834235,0.534738269937678,2025.11846084673,2025.13006978963,NA,NA,NA
3591,3596,REU.3.1_1,REU.3.1_1,0.0390182031529482,0.546367578918582,0.507349375765634,2025.09107195256,2025.13009015571,NA,NA,NA
5475,5479,REU.4.8_1,REU.3.2_1,0.00565791148357064,0.546514811395665,0.540856899912094,2025.12457947671,2025.13023738819,NA,NA,NA
4398,4399,REU.4.3_1,REU.4.3_1,0.0172767832518892,0.546534052571713,0.529257269319824,2025.11297984611,2025.13025662937,NA,NA,NA
5176,5177,REU.4.8_1,REU.4.8_1,0.065453500948614,0.546555060641909,0.481101559693295,2025.06482413649,2025.13027763744,NA,NA,NA
3569,3572,REU.3.1_1,REU.3.1_1,0.0523740679654244,0.546673367766996,0.494299299801572,2025.0780218766,2025.13039594456,NA,NA,NA
6024,6028,REU.4.8_1,REU.4.8_1,0.0128329220300076,0.546727941073936,0.533895019043928,2025.11761759584,2025.13045051787,NA,NA,NA
5121,5122,REU.4.4_1,REU.4.4_1,0.0645889747976767,0.54673047445966,0.482141499661983,2025.06586407646,2025.13045305125,NA,NA,NA
5739,5745,REU.3.1_1,REU.3.1_1,0.0844931093262374,0.546831606157085,0.462338496830848,2025.04606107362,2025.13055418295,NA,NA,NA
5779,5780,REU.3.2_1,REU.3.2_1,0.00470024319996387,0.546907164108913,0.542206920908949,2025.1259294977,2025.1306297409,NA,NA,NA
3988,3989,REU.3.5_1,REU.3.5_1,0.0421493936681216,0.547006386697358,0.504856993029236,2025.08857956982,2025.13072896349,NA,NA,NA
3989,3990,REU.3.5_1,REU.3.5_1,0.000121935818368946,0.547128322515727,0.547006386697358,2025.13072896349,2025.13085089931,NA,NA,NA
3149,3150,REU.3.1_1,REU.4.1_1,0.0544535327043363,0.547143171348627,0.492689638644291,2025.07641221544,2025.13086574814,NA,NA,NA
3732,3733,REU.4.3_1,REU.4.3_1,0.0350827367838961,0.547152022519404,0.512069285735508,2025.09579186253,2025.13087459931,NA,NA,NA
5146,5147,REU.4.4_1,REU.4.4_1,0.0065189840803912,0.547164880568631,0.54064589648824,2025.12436847328,2025.13088745736,NA,NA,NA
3380,3381,REU.3.1_1,REU.3.1_1,0.0547754688434803,0.547395663092545,0.492620194249065,2025.07634277104,2025.13111823989,NA,NA,NA
4310,4311,REU.4.3_1,REU.4.3_1,0.0172763228616173,0.547418778662829,0.530142455801212,2025.1138650326,2025.13114135546,NA,NA,NA
5134,5135,REU.4.4_1,REU.4.4_1,0.0504172505878842,0.547441663344034,0.49702441275615,2025.08074698955,2025.13116424014,NA,NA,NA
4920,4921,REU.4.8_1,REU.4.8_1,0.00264993366860289,0.547561602855533,0.544911669186931,2025.12863424598,2025.13128417965,NA,NA,NA
5377,5378,REU.4.3_1,REU.4.3_1,0.010316137448666,0.547640664507994,0.537324527059328,2025.12104710385,2025.1313632413,NA,NA,NA
3221,3222,REU.3.1_1,REU.3.1_1,0.0142017781243117,0.54770730233152,0.533505524207208,2025.117228101,2025.13142987913,NA,NA,NA
3989,3994,REU.3.5_1,REU.3.5_1,0.000776988764342623,0.5477833754617,0.547006386697358,2025.13072896349,2025.13150595226,NA,NA,NA
3731,1059,REU.4.3_1,REU.4.4_1,0.115308543288767,0.547784272521291,0.432475729232524,2025.01619830603,2025.13150684931,CHIKV_RUN_S27b44_2025,55.573686,-21.352245
5028,704,REU.4.8_1,REU.4.5_1,0.101122769647539,0.547784272521291,0.446661502873752,2025.03038407967,2025.13150684931,CHIKV_RUN_S18b42_2025,55.602384,-21.346866
3275,2826,REU.3.1_1,REU.4.8_1,0.100184855141273,0.547784272521291,0.447599417380018,2025.03132199417,2025.13150684931,CHIKV_RUN_S19b13_2025,55.457515,-21.294591
5842,2750,REU.3.1_1,REU.4.3_1,0.0970595757629947,0.547784272521291,0.450724696758296,2025.03444727355,2025.13150684931,CHIKV_RUN_S12b83_2025,55.500873,-21.261366
5887,59,REU.3.1_1,REU.3.1_1,0.0864047049268124,0.547784272521291,0.461379567594479,2025.04510214439,2025.13150684931,CHIKV_RUN_S22b89_2025,55.390383,-21.254236
5560,1773,REU.4.3_1,REU.4.3_1,0.0705370465220982,0.547784272521291,0.477247225999193,2025.06096980279,2025.13150684931,CHIKV_RUN_S19b16_2025,55.510985,-21.286508
4998,652,REU.4.3_1,REU.4.8_1,0.0694802375332672,0.547784272521291,0.478304034988024,2025.06202661178,2025.13150684931,CHIKV_RUN_S19b14_2025,55.472524,-21.29284
5703,2837,REU.3.1_1,REU.3.2_1,0.0661603055040182,0.547784272521291,0.481623967017273,2025.06534654381,2025.13150684931,CHIKV_RUN_S19b20_2025,55.340367,-21.242575
3658,2374,REU.4.6_1,REU.4.6_1,0.0650154438444749,0.547784272521291,0.482768828676816,2025.06649140547,2025.13150684931,CHIKV_RUN_S18b34_2025,55.438314,-21.256521
4983,648,REU.4.3_1,REU.4.8_1,0.0618630657530062,0.547784272521291,0.485921206768285,2025.06964378356,2025.13150684931,CHIKV_RUN_S18b55_2025,55.47102,-21.294212
3563,2723,REU.3.1_1,REU.3.1_1,0.0599347095032862,0.547784272521291,0.487849563018005,2025.07157213981,2025.13150684931,CHIKV_RUN_S19b22_2025,55.334014,-21.273578
5694,1853,REU.3.1_1,REU.3.1_1,0.0561690879503147,0.547784272521291,0.491615184570976,2025.07533776136,2025.13150684931,CHIKV_RUN_S18b46_2025,55.358783,-21.260978
5298,281,REU.4.4_1,REU.4.4_1,0.0561159793212017,0.547784272521291,0.491668293200089,2025.07539086999,2025.13150684931,CHIKV_RUN_S27b42_2025,55.559982,-21.342492
4848,665,REU.4.3_1,REU.4.3_1,0.0545654574110443,0.547784272521291,0.493218815110247,2025.0769413919,2025.13150684931,CHIKV_RUN_S18b45_2025,55.521244,-21.281981
4494,1368,REU.2.4_1,REU.2.4_1,0.052685928645988,0.547784272521291,0.495098343875303,2025.07882092067,2025.13150684931,CHIKV_RUN_S27b63_2025,55.573728,-20.926079
3555,2710,REU.4.6_1,REU.4.6_1,0.0440527389221849,0.547784272521291,0.503731533599106,2025.08745411039,2025.13150684931,CHIKV_RUN_S19b08_2025,55.446532,-21.261029
5209,1758,REU.4.3_1,REU.4.3_1,0.041164172743798,0.547784272521291,0.506620099777493,2025.09034267657,2025.13150684931,CHIKV_RUN_S18b39_2025,55.532526,-21.258023
4355,1559,REU.4.3_1,REU.4.3_1,0.0334123335919929,0.547784272521291,0.514371938929298,2025.09809451572,2025.13150684931,CHIKV_RUN_S19b07_2025,55.532609,-21.256728
4631,415,REU.4.3_1,REU.2.5_1,0.0319071674793773,0.547784272521291,0.515877105041914,2025.09959968184,2025.13150684931,CHIKV_RUN_S13b08_2025,55.585197,-20.926529
5833,2368,REU.3.1_1,REU.3.1_1,0.0283094095716285,0.547784272521291,0.519474862949662,2025.10319743974,2025.13150684931,CHIKV_RUN_S18b43_2025,55.367307,-21.252013
5488,2547,REU.2.3_1,REU.1.3_1,0.0271878326770452,0.547784272521291,0.520596439844246,2025.10431901664,2025.13150684931,CHIKV_RUN_S13b64_2025,55.652414,-20.956324
4985,690,REU.4.3_1,REU.4.1_1,0.0269639108479416,0.547784272521291,0.520820361673349,2025.10454293847,2025.13150684931,CHIKV_RUN_S18b56_2025,55.43411,-21.160454
3826,951,REU.3.5_1,REU.3.5_1,0.0259825825779623,0.547784272521291,0.521801689943329,2025.10552426674,2025.13150684931,CHIKV_RUN_S12b94_2025,55.268916,-21.086747
5847,2339,REU.3.1_1,REU.4.6_1,0.0257460367536201,0.547784272521291,0.522038235767671,2025.10576081256,2025.13150684931,CHIKV_RUN_S19b15_2025,55.437328,-21.264116
5989,2648,REU.3.1_1,REU.3.1_1,0.0228395756852608,0.547784272521291,0.52494469683603,2025.10866727363,2025.13150684931,CHIKV_RUN_S18b50_2025,55.359469,-21.243756
5854,60,REU.4.3_1,REU.4.3_1,0.020272078656104,0.547784272521291,0.527512193865187,2025.11123477066,2025.13150684931,CHIKV_RUN_S27b68_2025,55.507241,-21.265242
4073,885,REU.4.3_1,REU.4.3_1,0.0201686707347103,0.547784272521291,0.52761560178658,2025.11133817858,2025.13150684931,CHIKV_RUN_S17b80_2025,55.508633,-21.233712
6174,2993,REU.3.4_1,REU.3.4_1,0.0194248416804121,0.547784272521291,0.528359430840879,2025.11208200763,2025.13150684931,CHIKV_RUN_S27b58_2025,55.304618,-21.171901
6118,2874,REU.2.4_1,REU.2.4_1,0.0187032228479476,0.547784272521291,0.529081049673343,2025.11280362647,2025.13150684931,CHIKV_RUN_S27b61_2025,55.523953,-20.945377
3720,1315,REU.4.3_1,REU.4.3_1,0.0173652877946333,0.547784272521291,0.530418984726658,2025.11414156152,2025.13150684931,CHIKV_RUN_S19b18_2025,55.510181,-21.238015
5416,1892,REU.3.5_1,REU.3.5_1,0.0166823555241669,0.547784272521291,0.531101916997124,2025.11482449379,2025.13150684931,CHIKV_RUN_S13b01_2025,55.270916,-21.010062
5982,2644,REU.3.1_1,REU.3.1_1,0.0154495677273806,0.547784272521291,0.53233470479391,2025.11605728159,2025.13150684931,CHIKV_RUN_S19b10_2025,55.359519,-21.24756
3728,1392,REU.4.8_1,REU.4.8_1,0.0137604740082389,0.547784272521291,0.534023798513052,2025.11774637531,2025.13150684931,CHIKV_RUN_S18b47_2025,55.467126,-21.283099
4195,282,REU.4.8_1,REU.4.8_1,0.0132086352657816,0.547784272521291,0.534575637255509,2025.11829821405,2025.13150684931,CHIKV_RUN_S18b35_2025,55.480704,-21.331683
4836,848,REU.4.3_1,REU.4.3_1,0.012524473824475,0.547784272521291,0.535259798696816,2025.11898237549,2025.13150684931,CHIKV_RUN_S19b28_2025,55.523739,-21.277885
4524,1656,REU.4.3_1,REU.4.3_1,0.0124499077547227,0.547784272521291,0.535334364766568,2025.11905694156,2025.13150684931,CHIKV_RUN_S18b37_2025,55.527058,-21.255759
3637,2519,REU.4.1_1,REU.4.1_1,0.00957696690611209,0.547784272521291,0.538207305615179,2025.12192988241,2025.13150684931,CHIKV_RUN_S18b36_2025,55.474892,-21.170353
4773,499,REU.4.3_1,REU.4.6_1,0.0086650293553534,0.547784272521291,0.539119243165938,2025.12284181996,2025.13150684931,CHIKV_RUN_S23b06_2025,55.418708,-21.287578
4802,457,REU.4.3_1,REU.4.3_1,0.00785165158566647,0.547784272521291,0.539932620935624,2025.12365519773,2025.13150684931,CHIKV_RUN_S12b91_2025,55.520611,-21.291756
5162,1099,REU.4.3_1,REU.4.3_1,0.00744914790049045,0.547784272521291,0.5403351246208,2025.12405770141,2025.13150684931,CHIKV_RUN_S18b01_2025,55.537393,-21.258241
6098,2881,REU.2.3_1,REU.2.3_1,0.00606162270369803,0.547784272521291,0.541722649817593,2025.12544522661,2025.13150684931,CHIKV_RUN_S27b69_2025,55.482739,-20.896065
4221,1761,REU.4.3_1,REU.4.8_1,0.00587658195514329,0.547784272521291,0.541907690566148,2025.12563026736,2025.13150684931,CHIKV_RUN_S19b09_2025,55.493337,-21.303477
3150,2157,REU.4.1_1,REU.4.1_1,0.000641101172663916,0.547784272521291,0.547143171348627,2025.13086574814,2025.13150684931,CHIKV_RUN_S19b34_2025,55.479226,-21.168233
4648,4649,REU.4.3_1,REU.4.3_1,0.011181399625855,0.54781992865737,0.536638529031515,2025.12036110583,2025.13154250545,NA,NA,NA
5989,5990,REU.3.1_1,REU.3.1_1,0.0228825257229865,0.547827222559017,0.52494469683603,2025.10866727363,2025.13154979935,NA,NA,NA
3911,3915,REU.4.4_1,REU.4.4_1,0.0170233729295751,0.54789330775891,0.530869934829335,2025.11459251162,2025.13161588455,NA,NA,NA
3520,3521,REU.4.6_1,REU.4.6_1,0.0591322025629406,0.547895710931218,0.488763508368277,2025.07248608516,2025.13161828772,NA,NA,NA
5363,5364,REU.4.8_1,REU.4.8_1,0.0216325748828543,0.547926528333291,0.526293953450436,2025.11001653024,2025.13164910513,NA,NA,NA
3585,3586,REU.3.1_1,REU.4.8_1,0.0494125063265641,0.547932241885054,0.49851973555849,2025.08224231235,2025.13165481868,NA,NA,NA
5202,5203,REU.4.3_1,REU.4.3_1,0.00736716518471969,0.54803400675434,0.54066684156962,2025.12438941836,2025.13175658355,NA,NA,NA
5029,5030,REU.4.3_1,REU.4.3_1,0.0828899200969827,0.548036632207964,0.465146712110981,2025.0488692889,2025.131759209,NA,NA,NA
5547,5548,REU.4.6_1,REU.4.6_1,0.012466800431183,0.548049554577052,0.535582754145869,2025.11930533094,2025.13177213137,NA,NA,NA
3805,3806,REU.4.3_1,REU.4.3_1,0.0142343854692981,0.548070344826006,0.533835959356708,2025.11755853615,2025.13179292162,NA,NA,NA
6028,6034,REU.4.8_1,REU.4.8_1,0.00134424521824961,0.548072186292185,0.546727941073936,2025.13045051787,2025.13179476309,NA,NA,NA
5290,5292,REU.4.3_1,REU.4.3_1,0.00677649559381488,0.548177794690421,0.541401299096606,2025.12512387589,2025.13190037148,NA,NA,NA
6034,6035,REU.4.8_1,REU.4.8_1,0.000125872233805335,0.548198058525991,0.548072186292185,2025.13179476309,2025.13192063532,NA,NA,NA
3270,3271,REU.4.8_1,REU.4.8_1,0.0115786894270449,0.548208814581913,0.536630125154868,2025.12035270195,2025.13193139138,NA,NA,NA
4182,4183,REU.4.3_1,REU.4.3_1,0.159689576953019,0.548241189216956,0.388551612263937,2024.97227418906,2025.13196376601,NA,NA,NA
5750,5754,REU.3.1_1,REU.2.3_1,0.0370254512715473,0.548267426152641,0.511241974881094,2025.09496455167,2025.13199000295,NA,NA,NA
5256,5257,REU.4.3_1,REU.4.3_1,0.0864286867473985,0.548277848423201,0.461849161675802,2025.04557173847,2025.13200042522,NA,NA,NA
4916,4917,REU.4.8_1,REU.4.8_1,0.0320005203424616,0.548295557352898,0.516295037010436,2025.1000176138,2025.13201813415,NA,NA,NA
4559,4562,REU.4.3_1,REU.4.3_1,0.0120600372382705,0.548340998021124,0.536280960782853,2025.12000353758,2025.13206357481,NA,NA,NA
4666,4669,REU.4.3_1,REU.4.3_1,0.0167909828391196,0.548583724404709,0.531792741565589,2025.11551531836,2025.1323063012,NA,NA,NA
3570,3571,REU.3.1_1,REU.3.1_1,0.0209327007713476,0.548601691971903,0.527668991200555,2025.11139156799,2025.13232426877,NA,NA,NA
5040,5041,REU.4.8_1,REU.4.8_1,0.00470610568462027,0.548657843470517,0.543951737785897,2025.12767431458,2025.13238042026,NA,NA,NA
5267,5269,REU.4.3_1,REU.4.3_1,0.0398670046287009,0.54878239315507,0.50891538852637,2025.09263796532,2025.13250496995,NA,NA,NA
5745,5746,REU.3.1_1,REU.3.1_1,0.00198926651646336,0.548820872673549,0.546831606157085,2025.13055418295,2025.13254344947,NA,NA,NA
5750,5751,REU.3.1_1,REU.4.8_1,0.037670101876754,0.548912076757848,0.511241974881094,2025.09496455167,2025.13263465355,NA,NA,NA
4027,4028,REU.4.3_1,REU.4.3_1,0.00709660004111556,0.548951893453967,0.541855293412852,2025.12557787021,2025.13267447025,NA,NA,NA
4163,4164,REU.2.3_1,REU.2.3_1,0.109813850423977,0.549003053499896,0.439189203075919,2025.02291177987,2025.13272563029,NA,NA,NA
5780,5783,REU.3.2_1,REU.3.2_1,0.00213222496602228,0.549039389074935,0.546907164108913,2025.1306297409,2025.13276196587,NA,NA,NA
5129,5131,REU.4.4_1,REU.4.4_1,0.0539593492840762,0.549095339992183,0.495135990708107,2025.0788585675,2025.13281791679,NA,NA,NA
5457,5458,REU.4.8_1,REU.4.8_1,0.0717494421227937,0.549097587223643,0.47734814510085,2025.06107072189,2025.13282016402,NA,NA,NA
4210,4211,REU.4.3_1,REU.4.3_1,0.0309482299261431,0.549194494603622,0.518246264677479,2025.10196884147,2025.1329170714,NA,NA,NA
3306,3307,REU.3.4_1,REU.3.4_1,0.00621968601016032,0.549200254703822,0.542980568693662,2025.12670314549,2025.1329228315,NA,NA,NA
5898,5901,REU.3.5_1,REU.3.5_1,0.0298574166083525,0.54921622105092,0.519358804442567,2025.10308138124,2025.13293879784,NA,NA,NA
5142,5143,REU.4.4_1,REU.4.4_1,0.0268197770305126,0.549254309409905,0.522434532379393,2025.10615710917,2025.1329768862,NA,NA,NA
3831,3834,REU.3.5_1,REU.3.5_1,0.0559900625964563,0.5492760184118,0.493285955815344,2025.07700853261,2025.13299859521,NA,NA,NA
3284,3285,REU.3.1_1,REU.3.1_1,0.0185169455682185,0.549322265941767,0.530805320373548,2025.11452789717,2025.13304484274,NA,NA,NA
5668,5669,REU.4.3_1,REU.4.3_1,0.0301039027626153,0.549361389101855,0.519257486339239,2025.10298006313,2025.1330839659,NA,NA,NA
4559,4560,REU.4.3_1,REU.4.3_1,0.0130813743732371,0.54936233515609,0.536280960782853,2025.12000353758,2025.13308491195,NA,NA,NA
5539,5541,REU.3.1_1,REU.4.8_1,0.017535785313292,0.549389027699606,0.531853242386314,2025.11557581918,2025.13311160449,NA,NA,NA
5354,5355,REU.4.8_1,REU.4.8_1,0.0198076362889006,0.54940478136307,0.529597145074169,2025.11331972187,2025.13312735816,NA,NA,NA
6121,6122,REU.2.3_1,REU.2.3_1,0.00311146512495775,0.549413204094954,0.546301738969996,2025.13002431576,2025.13313578089,NA,NA,NA
3977,3978,REU.4.8_1,REU.4.8_1,0.0116267656669201,0.54943469306296,0.53780792739604,2025.12153050419,2025.13315726986,NA,NA,NA
4926,4927,REU.4.8_1,REU.4.8_1,0.0593726338032431,0.549455223078084,0.490082589274841,2025.07380516607,2025.13317779987,NA,NA,NA
4203,4204,REU.4.8_1,REU.4.8_1,0.0327004038033086,0.549562338887732,0.516861935084423,2025.10058451188,2025.13328491568,NA,NA,NA
6109,6110,REU.2.4_1,REU.2.4_1,0.100759550044121,0.549571450770073,0.448811900725952,2025.03253447752,2025.13329402756,NA,NA,NA
3285,3286,REU.3.1_1,REU.3.1_1,0.000305175839857674,0.549627441781624,0.549322265941767,2025.13304484274,2025.13335001858,NA,NA,NA
4969,4970,REU.4.3_1,REU.4.3_1,0.0231832526670452,0.549646468718396,0.526463216051351,2025.11018579284,2025.13336904551,NA,NA,NA
5249,5250,REU.4.3_1,REU.4.3_1,0.0263020487128002,0.54968655595234,0.52338450723954,2025.10710708403,2025.13340913275,NA,NA,NA
3797,3798,REU.4.3_1,REU.4.3_1,0.0489162565298735,0.549722888760912,0.500806632231038,2025.08452920902,2025.13344546555,NA,NA,NA
4408,4413,REU.4.3_1,REU.4.3_1,0.00439520548232231,0.549839129378915,0.545443923896592,2025.12916650069,2025.13356170617,NA,NA,NA
5669,5670,REU.4.3_1,REU.4.3_1,0.000478814704325536,0.54984020380618,0.549361389101855,2025.1330839659,2025.1335627806,NA,NA,NA
4015,4016,REU.4.3_1,REU.4.3_1,0.126679864482799,0.549870126647938,0.423190262165139,2025.00691283896,2025.13359270344,NA,NA,NA
3319,3320,REU.3.4_1,REU.3.4_1,0.00837431526119015,0.549883081245113,0.541508765983923,2025.12523134278,2025.13360565804,NA,NA,NA
4795,4797,REU.2.3_1,REU.2.3_1,0.0212729496948906,0.549925264861891,0.528652315167,2025.11237489196,2025.13364784166,NA,NA,NA
6217,6220,REU.4.8_1,REU.4.3_1,0.0362265407332298,0.549997044486706,0.513770503753477,2025.09749308055,2025.13371962128,NA,NA,NA
5453,5455,REU.4.3_1,REU.4.3_1,0.0268115233976309,0.550424261682876,0.523612738285245,2025.10733531508,2025.13414683848,NA,NA,NA
3893,3894,REU.4.5_1,REU.4.5_1,0.0059770682399769,0.550429721300715,0.544452653060739,2025.12817522985,2025.13415229809,NA,NA,NA
3131,3135,REU.3.4_1,REU.3.4_1,0.0586047920825624,0.550471203525225,0.491866411442663,2025.07558898824,2025.13419378032,NA,NA,NA
3740,3742,REU.4.3_1,REU.4.3_1,0.0167117445130657,0.550495975455099,0.533784230942034,2025.11750680774,2025.13421855225,NA,NA,NA
3727,1393,REU.4.3_1,REU.4.8_1,0.130453884290313,0.550523998548876,0.420070114258562,2025.00379269105,2025.13424657534,CHIKV_RUN_S23b51_2025,55.469038,-21.284028
3583,3104,REU.4.6_1,REU.3.4_1,0.0794569922397962,0.550523998548876,0.47106700630908,2025.0547895831,2025.13424657534,CHIKV_RUN_S13b04_2025,55.337103,-21.199327
6062,2905,REU.2.3_1,REU.2.4_1,0.0762518209100137,0.550523998548876,0.474272177638862,2025.05799475443,2025.13424657534,CHIKV_RUN_S13b03_2025,55.523873,-20.949386
5722,1867,REU.4.3_1,REU.2.3_1,0.0748571184970277,0.550523998548876,0.475666880051848,2025.05938945685,2025.13424657534,CHIKV_RUN_S27b73_2025,55.458259,-20.896785
4998,698,REU.4.3_1,REU.4.3_1,0.0722199635608519,0.550523998548876,0.478304034988024,2025.06202661178,2025.13424657534,CHIKV_RUN_S19b26_2025,55.52638,-21.268283
4984,859,REU.4.3_1,REU.4.8_1,0.0693529184120791,0.550523998548876,0.481171080136797,2025.06489365693,2025.13424657534,CHIKV_RUN_S19b21_2025,55.475929,-21.289003
5133,1272,REU.4.4_1,REU.2.3_1,0.0620929800529834,0.550523998548876,0.488431018495892,2025.07215359529,2025.13424657534,CHIKV_RUN_S27b55_2025,55.506388,-20.923243
5822,2625,REU.4.6_1,REU.3.4_1,0.0554442608056517,0.550523998548876,0.495079737743224,2025.07880231454,2025.13424657534,CHIKV_RUN_S19b36_2025,55.30434,-21.171184
4935,805,REU.4.3_1,REU.4.8_1,0.0553884027549147,0.550523998548876,0.495135595793961,2025.07885817259,2025.13424657534,CHIKV_RUN_S23b55_2025,55.476564,-21.287283
3473,2045,REU.4.5_1,REU.3.1_1,0.0515880271015784,0.550523998548876,0.498935971447297,2025.08265854824,2025.13424657534,CHIKV_RUN_S23b49_2025,55.359209,-21.247912
5890,51,REU.3.1_1,REU.3.1_1,0.0507264823157398,0.550523998548876,0.499797516233136,2025.08352009303,2025.13424657534,CHIKV_RUN_S27b32_2025,55.337372,-21.27396
5890,50,REU.3.1_1,REU.3.1_1,0.0507264823157398,0.550523998548876,0.499797516233136,2025.08352009303,2025.13424657534,CHIKV_RUN_S13b09_2025,55.336864,-21.267742
4385,1509,REU.4.3_1,REU.4.3_1,0.0505154865076896,0.550523998548876,0.500008512041186,2025.08373108883,2025.13424657534,CHIKV_RUN_S17b81_2025,55.521425,-21.286557
5966,2674,REU.4.6_1,REU.4.6_1,0.0476706301675495,0.550523998548876,0.502853368381326,2025.08657594517,2025.13424657534,CHIKV_RUN_S18b33_2025,55.444541,-21.25901
3845,962,REU.4.8_1,REU.3.1_1,0.0466900189801682,0.550523998548876,0.503833979568707,2025.08755655636,2025.13424657534,CHIKV_RUN_S22b88_2025,55.374111,-21.256982
4420,1507,REU.4.3_1,REU.4.3_1,0.0390030507014657,0.550523998548876,0.51152094784741,2025.09524352464,2025.13424657534,CHIKV_RUN_S19b06_2025,55.51281,-21.269356
5937,3084,REU.3.1_1,REU.4.3_1,0.0329724753898883,0.550523998548876,0.517551523158987,2025.10127409995,2025.13424657534,CHIKV_RUN_S19b23_2025,55.542561,-21.235936
3644,2516,REU.4.1_1,REU.4.4_1,0.0293233005687065,0.550523998548876,0.521200697980169,2025.10492327477,2025.13424657534,CHIKV_RUN_S19b29_2025,55.560748,-21.34266
4528,1659,REU.4.3_1,REU.4.3_1,0.028849281723031,0.550523998548876,0.521674716825845,2025.10539729362,2025.13424657534,CHIKV_RUN_S23b46_2025,55.526932,-21.256132
4849,822,REU.4.3_1,REU.2.4_1,0.0258791917351997,0.550523998548876,0.524644806813676,2025.10836738361,2025.13424657534,CHIKV_RUN_S19b32_2025,55.526424,-20.916915
3711,2265,REU.4.8_1,REU.4.8_1,0.0246404599162373,0.550523998548876,0.525883538632638,2025.10960611543,2025.13424657534,CHIKV_RUN_S13b06_2025,55.490219,-21.272538
4416,1505,REU.4.3_1,REU.3.2_1,0.0235450538007806,0.550523998548876,0.526978944748095,2025.11070152154,2025.13424657534,CHIKV_RUN_S19b39_2025,55.34103,-21.228618
6155,2963,REU.3.4_1,REU.3.4_1,0.0205592888813324,0.550523998548876,0.529964709667543,2025.11368728646,2025.13424657534,CHIKV_RUN_S19b37_2025,55.304716,-21.165275
5067,1268,REU.4.4_1,REU.4.8_1,0.0181498534572972,0.550523998548876,0.532374145091578,2025.11609672189,2025.13424657534,CHIKV_RUN_S18b44_2025,55.514915,-21.355031
5621,2481,REU.4.8_1,REU.3.3_1,0.0172073102375571,0.550523998548876,0.533316688311319,2025.1170392651,2025.13424657534,CHIKV_RUN_S19b19_2025,55.293694,-21.099441
3805,106,REU.4.3_1,REU.4.3_1,0.016688039192168,0.550523998548876,0.533835959356708,2025.11755853615,2025.13424657534,CHIKV_RUN_S18b63_2025,55.520954,-21.25887
5011,778,REU.4.3_1,REU.4.3_1,0.015675480797551,0.550523998548876,0.534848517751325,2025.11857109454,2025.13424657534,CHIKV_RUN_S23b50_2025,55.50159,-21.262261
5625,3050,REU.3.4_1,REU.4.6_1,0.0145738124895007,0.550523998548876,0.535950186059375,2025.11967276285,2025.13424657534,CHIKV_RUN_S13b11_2025,55.435536,-21.257653
5878,26,REU.2.3_1,REU.4.8_1,0.013121946432908,0.550523998548876,0.537402052115968,2025.12112462891,2025.13424657534,CHIKV_RUN_S23b36_2025,55.50449,-21.295056
3696,1808,REU.4.6_1,REU.4.6_1,0.0129027757701431,0.550523998548876,0.537621222778733,2025.12134379957,2025.13424657534,CHIKV_RUN_S17b78_2025,55.439832,-21.265983
3630,2521,REU.4.1_1,REU.4.1_1,0.0119818089772566,0.550523998548876,0.538542189571619,2025.12226476637,2025.13424657534,CHIKV_RUN_S23b44_2025,55.4794,-21.16923
4264,1274,REU.2.3_1,REU.2.3_1,0.011730126725336,0.550523998548876,0.53879387182354,2025.12251644862,2025.13424657534,CHIKV_RUN_S23b15_2025,55.458141,-20.895445
6134,2999,REU.4.6_1,REU.4.6_1,0.0111221179917448,0.550523998548876,0.539401880557131,2025.12312445735,2025.13424657534,CHIKV_RUN_S19b17_2025,55.417009,-21.287892
4255,1687,REU.4.8_1,REU.4.8_1,0.0099568205948648,0.550523998548876,0.540567177954011,2025.12428975475,2025.13424657534,CHIKV_RUN_S23b52_2025,55.482481,-21.305879
3384,2614,REU.3.1_1,REU.3.1_1,0.00858857150592995,0.550523998548876,0.541935427042946,2025.12565800384,2025.13424657534,CHIKV_RUN_S19b38_2025,55.377324,-21.264243
5090,1228,REU.4.4_1,REU.4.4_1,0.00590481925431674,0.550523998548876,0.544619179294559,2025.12834175609,2025.13424657534,CHIKV_RUN_S19b35_2025,55.558329,-21.342406
4040,1739,REU.4.3_1,REU.4.3_1,0.00547505331465248,0.550523998548876,0.545048945234223,2025.12877152203,2025.13424657534,CHIKV_RUN_S23b47_2025,55.511287,-21.237062
3823,1604,REU.4.3_1,REU.4.3_1,0.00539602710311504,0.550523998548876,0.545127971445761,2025.12885054824,2025.13424657534,CHIKV_RUN_S18b64_2025,55.522895,-21.284184
5697,2216,REU.2.3_1,REU.2.4_1,0.00421682486074326,0.550523998548876,0.546307173688132,2025.13002975048,2025.13424657534,CHIKV_RUN_S19b30_2025,55.512272,-20.915952
3381,2590,REU.3.1_1,REU.3.3_1,0.0031283354563304,0.550523998548876,0.547395663092545,2025.13111823989,2025.13424657534,CHIKV_RUN_S18b38_2025,55.307354,-21.115926
5548,2141,REU.4.6_1,REU.4.6_1,0.00247444397182395,0.550523998548876,0.548049554577052,2025.13177213137,2025.13424657534,CHIKV_RUN_S19b11_2025,55.429417,-21.243485
4917,797,REU.4.8_1,REU.4.8_1,0.00222844119597809,0.550523998548876,0.548295557352898,2025.13201813415,2025.13424657534,CHIKV_RUN_S23b43_2025,55.476218,-21.288093
4028,292,REU.4.3_1,REU.4.3_1,0.00157210509490835,0.550523998548876,0.548951893453967,2025.13267447025,2025.13424657534,CHIKV_RUN_S13b13_2025,55.512674,-21.268748
4016,4017,REU.4.3_1,REU.4.3_1,0.000693311311232181,0.550563437959171,0.549870126647938,2025.13359270344,2025.13428601475,NA,NA,NA
5102,5103,REU.4.8_1,REU.4.8_1,0.0375864774481331,0.550591548700498,0.513005071252365,2025.09672764805,2025.13431412549,NA,NA,NA
3432,3433,REU.4.5_1,REU.4.5_1,0.0474715900665063,0.550705595262813,0.503234005196307,2025.08695658199,2025.13442817206,NA,NA,NA
5589,5593,REU.3.1_1,REU.3.1_1,0.0251384126881808,0.550719110203863,0.525580697515682,2025.10930327431,2025.134441687,NA,NA,NA
6069,6070,REU.2.3_1,REU.2.3_1,0.0046335293427836,0.550739157787256,0.546105628444472,2025.12982820524,2025.13446173458,NA,NA,NA
5861,5862,REU.2.3_1,REU.2.3_1,0.0219371948309135,0.550776949383859,0.528839754552946,2025.11256233135,2025.13449952618,NA,NA,NA
4612,4613,REU.4.3_1,REU.4.3_1,0.0158183494419787,0.550810068423388,0.53499171898141,2025.11871429578,2025.13453264522,NA,NA,NA
4017,4018,REU.4.3_1,REU.4.3_1,0.000274176679975424,0.550837614639146,0.550563437959171,2025.13428601475,2025.13456019143,NA,NA,NA
3863,3864,REU.4.5_1,REU.4.5_1,0.0391273135323736,0.550872003505264,0.511744689972891,2025.09546726677,2025.1345945803,NA,NA,NA
5950,5951,REU.4.8_1,REU.4.8_1,0.00696674673215469,0.550901158430919,0.543934411698765,2025.12765698849,2025.13462373522,NA,NA,NA
4921,4922,REU.4.8_1,REU.4.8_1,0.00353577820359807,0.551097381059132,0.547561602855533,2025.13128417965,2025.13481995785,NA,NA,NA
3608,3610,REU.4.3_1,REU.4.3_1,0.026836912774734,0.551104777771496,0.524267864996762,2025.10799044179,2025.13482735457,NA,NA,NA
3674,3675,REU.3.1_1,REU.4.8_1,0.074532159797257,0.551146476282253,0.476614316484996,2025.06033689328,2025.13486905308,NA,NA,NA
3481,3482,REU.4.5_1,REU.4.5_1,0.0483457685733201,0.551216451056513,0.502870682483192,2025.08659325928,2025.13493902785,NA,NA,NA
4408,4409,REU.4.3_1,REU.4.3_1,0.00587201631592327,0.551315940212516,0.545443923896592,2025.12916650069,2025.13503851701,NA,NA,NA
5566,5567,REU.3.5_1,REU.2.3_1,0.0186737428718554,0.551456235302411,0.532782492430556,2025.11650506922,2025.1351788121,NA,NA,NA
4141,4142,REU.2.3_1,REU.2.3_1,0.0119161643959595,0.551465446179285,0.539549281783326,2025.12327185858,2025.13518802297,NA,NA,NA
4107,4108,REU.4.8_1,REU.4.8_1,0.0267525623096081,0.551471616837662,0.524719054528054,2025.10844163132,2025.13519419363,NA,NA,NA
3798,3799,REU.4.3_1,REU.4.3_1,0.00187874161477186,0.551601630375684,0.549722888760912,2025.13344546555,2025.13532420717,NA,NA,NA
3349,3351,REU.3.4_1,REU.3.4_1,0.028894604063511,0.551610025855908,0.522715421792397,2025.10643799859,2025.13533260265,NA,NA,NA
3610,3611,REU.4.3_1,REU.4.3_1,0.000529292833654327,0.55163407060515,0.551104777771496,2025.13482735457,2025.1353566474,NA,NA,NA
3962,4000,REU.3.5_1,REU.4.8_1,0.0780871499346057,0.551643954520823,0.473556804586218,2025.05727938138,2025.13536653131,NA,NA,NA
4233,4234,REU.4.8_1,REU.4.8_1,0.0298047639982741,0.551650623880426,0.521845859882152,2025.10556843668,2025.13537320067,NA,NA,NA
3782,3784,REU.2.1_1,REU.2.1_1,0.0411577478730056,0.551810252627461,0.510652504754456,2025.09437508155,2025.13553282942,NA,NA,NA
4767,4768,REU.4.3_1,REU.4.5_1,0.125791612957002,0.551879695808506,0.426088082851504,2025.00981065965,2025.1356022726,NA,NA,NA
3883,3884,REU.4.5_1,REU.4.5_1,0.0384061484071787,0.55190627669321,0.513500128286031,2025.09722270508,2025.13562885349,NA,NA,NA
5547,5549,REU.4.6_1,REU.4.6_1,0.0163276906119196,0.551910444757788,0.535582754145869,2025.11930533094,2025.13563302155,NA,NA,NA
4819,4820,REU.4.3_1,REU.4.8_1,0.0115315623947948,0.55199530490408,0.540463742509285,2025.1241863193,2025.1357178817,NA,NA,NA
3766,3767,REU.2.3_1,REU.2.3_1,0.0154753578879376,0.552034796831802,0.536559438943865,2025.12028201574,2025.13575737363,NA,NA,NA
3801,3802,REU.4.3_1,REU.4.3_1,0.0318518261206026,0.552039977655284,0.520188151534681,2025.10391072833,2025.13576255445,NA,NA,NA
4223,4231,REU.4.3_1,REU.4.8_1,0.0683246765755242,0.552065562938314,0.48374088636279,2025.06746346316,2025.13578813973,NA,NA,NA
4631,4632,REU.4.3_1,REU.4.3_1,0.0362508030085057,0.552127908050419,0.515877105041914,2025.09959968184,2025.13585048484,NA,NA,NA
3215,3216,REU.3.1_1,REU.3.1_1,0.0207390861666904,0.552222776277207,0.531483690110517,2025.1152062669,2025.13594535307,NA,NA,NA
4855,4856,REU.4.3_1,REU.4.6_1,0.141228147089674,0.552314632920734,0.411086485831061,2024.99480906262,2025.13603720971,NA,NA,NA
6041,6042,REU.3.1_1,REU.3.4_1,0.168286370634731,0.552332236132047,0.384045865497316,2024.96776844229,2025.13605481293,NA,NA,NA
5271,5272,REU.4.3_1,REU.4.2_1,0.0960075237210983,0.552332394235605,0.456324870514507,2025.04004744731,2025.13605497103,NA,NA,NA
5760,5761,REU.3.1_1,REU.3.1_1,0.0562029046504293,0.552380168910035,0.496177264259606,2025.07989984105,2025.1361027457,NA,NA,NA
4334,4335,REU.4.8_1,REU.4.3_1,0.172971132856266,0.552404038615628,0.379432905759363,2024.96315548255,2025.13612661541,NA,NA,NA
4324,4325,REU.4.8_1,REU.4.8_1,0.0212445574995073,0.552445168806719,0.531200611307212,2025.1149231881,2025.1361677456,NA,NA,NA
5875,5876,REU.2.3_1,REU.2.3_1,0.048327325325075,0.552493532771725,0.50416620744665,2025.08788878424,2025.13621610957,NA,NA,NA
3409,3416,REU.4.5_1,REU.4.5_1,0.0542838739646149,0.55252831236974,0.498244438405125,2025.0819670152,2025.13625088916,NA,NA,NA
3720,3721,REU.4.3_1,REU.3.5_1,0.022157528782667,0.552576513509325,0.530418984726658,2025.11414156152,2025.1362990903,NA,NA,NA
4390,4391,REU.4.3_1,REU.4.3_1,0.0194998213887244,0.552645438432241,0.533145617043517,2025.11686819384,2025.13636801523,NA,NA,NA
4606,4607,REU.4.3_1,REU.2.3_1,0.0240951812947761,0.552649584161377,0.528554402866601,2025.11227697966,2025.13637216096,NA,NA,NA
4856,4857,REU.4.6_1,REU.4.6_1,0.000374755996297327,0.552689388917032,0.552314632920734,2025.13603720971,2025.13641196571,NA,NA,NA
4413,4414,REU.4.3_1,REU.4.3_1,0.00299028515841004,0.552829414537325,0.549839129378915,2025.13356170617,2025.13655199133,NA,NA,NA
3687,3692,REU.4.6_1,REU.4.6_1,0.0104661278678299,0.553002087091292,0.542535959223462,2025.12625853602,2025.13672466388,NA,NA,NA
4409,4411,REU.4.3_1,REU.4.3_1,0.00168932028129909,0.553005260493815,0.551315940212516,2025.13503851701,2025.13672783729,NA,NA,NA
6188,6189,REU.3.4_1,REU.3.4_1,0.0157262382022367,0.553037159882508,0.537310921680271,2025.12103349847,2025.13675973668,NA,NA,NA
6134,6135,REU.4.6_1,REU.4.6_1,0.0136541992554976,0.553056079812628,0.539401880557131,2025.12312445735,2025.13677865661,NA,NA,NA
3433,3434,REU.4.5_1,REU.4.5_1,0.00235167493256405,0.553057270195377,0.550705595262813,2025.13442817206,2025.13677984699,NA,NA,NA
5479,5480,REU.3.2_1,REU.3.2_1,0.00655981380314807,0.553074625198813,0.546514811395665,2025.13023738819,2025.13679720199,NA,NA,NA
5654,5655,REU.2.5_1,REU.2.5_1,0.127206159748539,0.553116992615027,0.425910832866488,2025.00963340966,2025.13683956941,NA,NA,NA
3861,3862,REU.4.5_1,REU.4.8_1,0.048965379097606,0.553179288679116,0.50421390958151,2025.08793648638,2025.13690186547,NA,NA,NA
3462,3463,REU.4.5_1,REU.4.5_1,0.024714076592689,0.553263551741617,0.528549475148928,2025.11227205194,2025.13698612854,NA,NA,NA
5045,713,REU.4.3_1,REU.4.3_1,0.121411741489653,0.553263724576233,0.43185198308658,2025.01557455988,2025.13698630137,CHIKV_RUN_S13b16_2025,55.498688,-21.266812
3565,2572,REU.3.4_1,REU.3.4_1,0.0860123416283801,0.553263724576233,0.467251382947853,2025.05097395974,2025.13698630137,CHIKV_RUN_S27b49_2025,55.302825,-21.172742
4382,1502,REU.4.8_1,REU.4.6_1,0.0859350707854661,0.553263724576233,0.467328653790767,2025.05105123058,2025.13698630137,CHIKV_RUN_S13b10_2025,55.43963,-21.275201
4968,699,REU.4.3_1,REU.4.8_1,0.0734312501917576,0.553263724576233,0.479832474384476,2025.06355505118,2025.13698630137,CHIKV_RUN_S13b17_2025,55.465843,-21.338615
4868,723,REU.4.8_1,REU.3.2_1,0.0589953681500721,0.553263724576233,0.494268356426161,2025.07799093322,2025.13698630137,CHIKV_RUN_S23b09_2025,55.348294,-21.250162
6138,2947,REU.3.4_1,REU.3.4_1,0.0560817402659263,0.553263724576233,0.497181984310307,2025.0809045611,2025.13698630137,CHIKV_RUN_S22b93_2025,55.302189,-21.155191
5770,1805,REU.3.4_1,REU.3.5_1,0.0505404282577939,0.553263724576233,0.502723296318439,2025.08644587311,2025.13698630137,CHIKV_RUN_S23b37_2025,55.225157,-21.049878
3712,2267,REU.4.8_1,REU.1.3_1,0.0415654870141446,0.553263724576233,0.511698237562088,2025.09542081436,2025.13698630137,CHIKV_RUN_S27b71_2025,55.646697,-20.962993
5243,361,REU.4.3_1,REU.4.3_1,0.0413430666347461,0.553263724576233,0.511920657941487,2025.09564323474,2025.13698630137,CHIKV_RUN_S27b62_2025,55.516227,-21.284258
4397,1525,REU.4.3_1,REU.4.6_1,0.0407686899945811,0.553263724576233,0.512495034581652,2025.09621761138,2025.13698630137,CHIKV_RUN_S13b24_2025,55.423689,-21.278184
6167,2992,REU.3.4_1,REU.3.4_1,0.0394820950950268,0.553263724576233,0.513781629481206,2025.09750420627,2025.13698630137,CHIKV_RUN_S23b05_2025,55.332328,-21.200933
4707,510,REU.4.3_1,REU.4.3_1,0.0245283742818477,0.553263724576233,0.528735350294385,2025.11245792709,2025.13698630137,CHIKV_RUN_S13b37_2025,55.519152,-21.283831
5981,2652,REU.3.1_1,REU.3.2_1,0.0241241171573282,0.553263724576233,0.529139607418905,2025.11286218421,2025.13698630137,CHIKV_RUN_S13b12_2025,55.345944,-21.243348
4310,1395,REU.4.3_1,REU.4.3_1,0.0231212687750216,0.553263724576233,0.530142455801212,2025.1138650326,2025.13698630137,CHIKV_RUN_S23b38_2025,55.500238,-21.272496
4300,1380,REU.4.3_1,REU.3.5_1,0.0212807085745552,0.553263724576233,0.531983016001678,2025.1157055928,2025.13698630137,CHIKV_RUN_S27b43_2025,55.291935,-21.023551
4612,404,REU.4.3_1,REU.2.3_1,0.0182720055948234,0.553263724576233,0.53499171898141,2025.11871429578,2025.13698630137,CHIKV_RUN_S27b59_2025,55.421652,-20.888192
3283,2819,REU.3.1_1,REU.3.1_1,0.0125138728123462,0.553263724576233,0.540749851763887,2025.12447242856,2025.13698630137,CHIKV_RUN_S22b78_2025,55.362398,-21.254601
6124,2856,REU.2.4_1,REU.2.4_1,0.0111838768470124,0.553263724576233,0.542079847729221,2025.12580242452,2025.13698630137,CHIKV_RUN_S22b79_2025,55.525772,-20.947701
6121,2869,REU.2.3_1,REU.2.3_1,0.0069619856062374,0.553263724576233,0.546301738969996,2025.13002431576,2025.13698630137,CHIKV_RUN_S23b08_2025,55.438508,-20.917408
5754,2489,REU.2.3_1,REU.2.3_1,0.00499629842359217,0.553263724576233,0.548267426152641,2025.13199000295,2025.13698630137,CHIKV_RUN_S13b07_2025,55.445317,-20.896568
4234,1599,REU.4.8_1,REU.4.8_1,0.00161310069580678,0.553263724576233,0.551650623880426,2025.13537320067,2025.13698630137,CHIKV_RUN_S13b05_2025,55.495701,-21.271895
5272,354,REU.4.2_1,REU.4.2_1,0.000931330340627645,0.553263724576233,0.552332394235605,2025.13605497103,2025.13698630137,CHIKV_RUN_S23b18_2025,55.467584,-21.239789
5480,2273,REU.3.2_1,REU.3.2_1,0.000189099377420066,0.553263724576233,0.553074625198813,2025.13679720199,2025.13698630137,CHIKV_RUN_S23b11_2025,55.329478,-21.236768
5290,5291,REU.4.3_1,REU.4.3_1,0.0120659858310882,0.553467284927694,0.541401299096606,2025.12512387589,2025.13718986172,NA,NA,NA
4134,4135,REU.2.3_1,REU.2.3_1,0.00973750074540869,0.553472388190143,0.543734887444734,2025.12745746424,2025.13719496498,NA,NA,NA
4346,4348,REU.4.3_1,REU.4.3_1,0.0198095248774769,0.553498508168321,0.533688983290844,2025.11741156008,2025.13722108496,NA,NA,NA
4715,4718,REU.2.3_1,REU.2.3_1,0.0344945671421792,0.553580398958493,0.519085831816313,2025.10280840861,2025.13730297575,NA,NA,NA
3222,3223,REU.3.1_1,REU.3.1_1,0.00603836035808003,0.5537456626896,0.54770730233152,2025.13142987913,2025.13746823948,NA,NA,NA
3199,3200,REU.4.6_1,REU.4.6_1,0.0583827936668474,0.553792452140069,0.495409658473222,2025.07913223527,2025.13751502893,NA,NA,NA
5541,5546,REU.4.8_1,REU.4.8_1,0.00461528800475508,0.554004315704361,0.549389027699606,2025.13311160449,2025.1377268925,NA,NA,NA
3742,3743,REU.4.3_1,REU.4.3_1,0.00354045191010377,0.554036427365203,0.550495975455099,2025.13421855225,2025.13775900416,NA,NA,NA
6009,6010,REU.3.1_1,REU.4.6_1,0.0366175348676203,0.554037212916706,0.517419678049086,2025.10114225484,2025.13775978971,NA,NA,NA
5368,5369,REU.4.3_1,REU.4.3_1,0.0198002435055089,0.554075475858436,0.534275232352927,2025.11799780915,2025.13779805265,NA,NA,NA
4124,4155,REU.2.3_1,REU.2.3_1,0.134482981258838,0.554077493113112,0.419594511854274,2025.00331708865,2025.13780006991,NA,NA,NA
4666,4667,REU.4.3_1,REU.4.3_1,0.0223243339371439,0.554117075502733,0.531792741565589,2025.11551531836,2025.1378396523,NA,NA,NA
4196,4198,REU.4.3_1,REU.4.3_1,0.0274040150444611,0.5542344114505,0.526830396406039,2025.1105529732,2025.13795698824,NA,NA,NA
5323,5324,REU.4.3_1,REU.4.3_1,0.0189179421597431,0.554293855414552,0.535375913254809,2025.11909849005,2025.13801643221,NA,NA,NA
3516,3517,REU.4.6_1,REU.4.6_1,0.0288926238043028,0.554304475496649,0.525411851692346,2025.10913442849,2025.13802705229,NA,NA,NA
5135,5136,REU.4.4_1,REU.4.4_1,0.00688997192223229,0.554331635266266,0.547441663344034,2025.13116424014,2025.13805421206,NA,NA,NA
4513,4514,REU.4.3_1,REU.4.3_1,0.012224101307949,0.554354570705146,0.542130469397197,2025.12585304619,2025.1380771475,NA,NA,NA
5953,5954,REU.4.6_1,REU.4.6_1,0.0694239905661115,0.554535281726181,0.485111291160069,2025.06883386795,2025.13825785852,NA,NA,NA
5389,5390,REU.2.3_1,REU.2.3_1,0.131395121620292,0.554595056744977,0.423199935124685,2025.00692251192,2025.13831763354,NA,NA,NA
4565,4566,REU.4.3_1,REU.4.8_1,0.0956145941746993,0.554698960622174,0.459084366447475,2025.04280694324,2025.13842153742,NA,NA,NA
3921,3922,REU.4.5_1,REU.4.6_1,0.0581515299854329,0.554731641185642,0.496580111200209,2025.08030268799,2025.13845421798,NA,NA,NA
5448,5449,REU.2.3_1,REU.2.3_1,0.0202991613589365,0.554755993000022,0.534456831641086,2025.11817940843,2025.13847856979,NA,NA,NA
6098,6099,REU.2.3_1,REU.2.3_1,0.0130641105555345,0.554786760373127,0.541722649817593,2025.12544522661,2025.13850933717,NA,NA,NA
3984,3985,REU.3.5_1,REU.3.5_1,0.0329349131872292,0.55483637061508,0.521901457427851,2025.10562403422,2025.13855894741,NA,NA,NA
3687,3688,REU.4.6_1,REU.2.3_1,0.0123331249434677,0.55486908416693,0.542535959223462,2025.12625853602,2025.13859166096,NA,NA,NA
4026,4031,REU.4.3_1,REU.4.3_1,0.0876564321203137,0.554930667599503,0.46727423547919,2025.05099681227,2025.13865324439,NA,NA,NA
5228,5229,REU.2.5_1,REU.2.5_1,0.0365913664328867,0.554977522242027,0.51838615580914,2025.1021087326,2025.13870009904,NA,NA,NA
5716,5717,REU.3.1_1,REU.3.1_1,0.0674307105109451,0.555002128053498,0.487571417542553,2025.07129399434,2025.13872470485,NA,NA,NA
5382,5384,REU.4.3_1,REU.4.3_1,0.0324543547434829,0.555006958761263,0.52255260401778,2025.10627518081,2025.13872953556,NA,NA,NA
4682,4683,REU.4.3_1,REU.4.3_1,0.0131219164903156,0.555049279426733,0.541927362936418,2025.12564993973,2025.13877185622,NA,NA,NA
6083,6084,REU.2.3_1,REU.2.3_1,0.0982908793030111,0.555164209915114,0.456873330612103,2025.04059590741,2025.13888678671,NA,NA,NA
4495,4505,REU.2.4_1,REU.2.4_1,0.0458747464779857,0.555182571445432,0.509307824967446,2025.09303040176,2025.13890514824,NA,NA,NA
3924,3927,REU.4.5_1,REU.4.5_1,0.0333764803133441,0.555258815696187,0.521882335382843,2025.10560491218,2025.13898139249,NA,NA,NA
4018,4019,REU.4.3_1,REU.4.3_1,0.00444654000309996,0.555284154642246,0.550837614639146,2025.13456019143,2025.13900673144,NA,NA,NA
3880,3881,REU.4.7_1,REU.4.7_1,0.017322904534867,0.55529741117549,0.537974506640623,2025.12169708343,2025.13901998797,NA,NA,NA
4311,4312,REU.4.3_1,REU.4.3_1,0.00811053134096684,0.555529310003796,0.547418778662829,2025.13114135546,2025.1392518868,NA,NA,NA
4267,4271,REU.4.3_1,REU.4.3_1,0.0336276456240384,0.555551539501618,0.521923893877579,2025.10564647067,2025.1392741163,NA,NA,NA
5951,5952,REU.4.8_1,REU.4.3_1,0.00467421536784995,0.555575373798769,0.550901158430919,2025.13462373522,2025.13929795059,NA,NA,NA
6204,6205,REU.4.3_1,REU.4.3_1,0.0519630192790882,0.555606062438307,0.503643043159219,2025.08736561995,2025.13932863923,NA,NA,NA
3966,3967,REU.4.8_1,REU.4.8_1,0.00944943343172255,0.555736957019816,0.546287523588094,2025.13001010038,2025.13945953381,NA,NA,NA
5437,5438,REU.3.4_1,REU.3.4_1,0.0288739489536626,0.555768012750383,0.526894063796721,2025.11061664059,2025.13949058954,NA,NA,NA
4833,4834,REU.4.3_1,REU.4.3_1,0.0403085154260365,0.555769962607163,0.515461447181126,2025.09918402397,2025.1394925394,NA,NA,NA
3766,3771,REU.2.3_1,REU.2.3_1,0.0192650525080129,0.555824491451878,0.536559438943865,2025.12028201574,2025.13954706825,NA,NA,NA
4942,4944,REU.4.3_1,REU.4.8_1,0.0600642303745472,0.555878986132834,0.495814755758287,2025.07953733255,2025.13960156293,NA,NA,NA
4134,4138,REU.2.3_1,REU.2.3_1,0.0121488867960654,0.555883774240799,0.543734887444734,2025.12745746424,2025.13960635103,NA,NA,NA
4095,4096,REU.4.3_1,REU.4.3_1,0.0137546352999971,0.55597046389161,0.542215828591613,2025.12593840539,2025.13969304069,NA,NA,NA
5968,2025,REU.3.1_1,REU.3.3_1,0.10168205809409,0.55600345060359,0.454321392509501,2025.0380439693,2025.1397260274,CHIKV_RUN_S27b41_2025,55.262517,-21.124253
5193,1733,REU.4.3_1,REU.4.3_1,0.0952844795943032,0.55600345060359,0.460718971009287,2025.0444415478,2025.1397260274,CHIKV_RUN_S13b34_2025,55.513356,-21.298012
3498,2070,REU.4.5_1,REU.4.5_1,0.0568584943781275,0.55600345060359,0.499144956225463,2025.08286753302,2025.1397260274,CHIKV_RUN_S23b16_2025,55.59718,-21.377097
5883,49,REU.2.3_1,REU.2.3_1,0.0565502798208313,0.55600345060359,0.499453170782759,2025.08317574758,2025.1397260274,CHIKV_RUN_S23b10_2025,55.463205,-20.90265
3153,1934,REU.3.1_1,REU.3.1_1,0.0563099165800045,0.55600345060359,0.499693534023586,2025.08341611082,2025.1397260274,CHIKV_RUN_S13b58_2025,55.335118,-21.265649
5071,1233,REU.4.4_1,REU.4.4_1,0.0474513429731374,0.55600345060359,0.508552107630453,2025.09227468442,2025.1397260274,CHIKV_RUN_S13b40_2025,55.558109,-21.324034
6167,2969,REU.3.4_1,REU.3.4_1,0.0422218211223842,0.55600345060359,0.513781629481206,2025.09750420627,2025.1397260274,CHIKV_RUN_S13b25_2025,55.334736,-21.20266
4825,701,REU.4.3_1,REU.4.3_1,0.0379699387836043,0.55600345060359,0.518033511819986,2025.10175608861,2025.1397260274,CHIKV_RUN_S23b03_2025,55.50785,-21.284289
4583,1454,REU.4.3_1,REU.4.3_1,0.0322500024355945,0.55600345060359,0.523753448167996,2025.10747602496,2025.1397260274,CHIKV_RUN_S22b94_2025,55.511103,-21.289659
5066,1264,REU.4.4_1,REU.4.4_1,0.0246712673971853,0.55600345060359,0.531332183206405,2025.11505476,2025.1397260274,CHIKV_RUN_S13b23_2025,55.561586,-21.343243
4474,362,REU.4.3_1,REU.4.3_1,0.0230373128922541,0.55600345060359,0.532966137711336,2025.1166887145,2025.1397260274,CHIKV_RUN_S13b28_2025,55.50899,-21.284725
5076,1235,REU.4.4_1,REU.4.4_1,0.0226293513797018,0.55600345060359,0.533374099223889,2025.11709667602,2025.1397260274,CHIKV_RUN_S13b15_2025,55.558008,-21.324226
3734,113,REU.4.8_1,REU.3.5_1,0.0225651627800891,0.55600345060359,0.533438287823501,2025.11716086462,2025.1397260274,CHIKV_RUN_S27b53_2025,55.272973,-21.026106
5513,2344,REU.4.5_1,REU.4.5_1,0.0184082799763096,0.55600345060359,0.537595170627281,2025.12131774742,2025.1397260274,CHIKV_RUN_S23b07_2025,55.630522,-21.371802
3319,2450,REU.3.4_1,REU.3.4_1,0.0144946846196674,0.55600345060359,0.541508765983923,2025.12523134278,2025.1397260274,CHIKV_RUN_S13b22_2025,55.313319,-21.218922
4253,1696,REU.4.8_1,REU.4.8_1,0.0143006340567153,0.556003450603591,0.541702816546875,2025.12542539334,2025.1397260274,CHIKV_RUN_S13b29_2025,55.493933,-21.296436
5613,2848,REU.4.3_1,REU.4.8_1,0.0139741327508646,0.55600345060359,0.542029317852726,2025.12575189465,2025.1397260274,CHIKV_RUN_S13b30_2025,55.459048,-21.298286
3966,141,REU.4.8_1,REU.2.1_1,0.00971592701549673,0.55600345060359,0.546287523588094,2025.13001010038,2025.1397260274,CHIKV_RUN_S27b28_2025,55.340034,-20.92723
3834,955,REU.3.5_1,REU.3.5_1,0.00672743219179028,0.55600345060359,0.5492760184118,2025.13299859521,2025.1397260274,CHIKV_RUN_S27b54_2025,55.272764,-21.02348
5455,2260,REU.4.3_1,REU.4.3_1,0.00557918892071474,0.55600345060359,0.550424261682876,2025.13414683848,2025.1397260274,CHIKV_RUN_S21b33_2025,55.535584,-21.313371
4411,1533,REU.4.3_1,REU.4.3_1,0.00299819010977587,0.556003450603591,0.553005260493815,2025.13672783729,2025.1397260274,CHIKV_RUN_S23b01_2025,55.513316,-21.271407
4019,868,REU.4.3_1,REU.2.3_1,0.000719295961344457,0.55600345060359,0.555284154642246,2025.13900673144,2025.1397260274,CHIKV_RUN_S27b38_2025,55.492347,-20.899551
5113,5114,REU.4.3_1,REU.4.3_1,0.0213271926863994,0.55610930136048,0.53478210867408,2025.11850468547,2025.13983187815,NA,NA,NA
4325,4326,REU.4.8_1,REU.4.8_1,0.00369931543640722,0.556144484243127,0.552445168806719,2025.1361677456,2025.13986706104,NA,NA,NA
4536,4537,REU.4.3_1,REU.4.3_1,0.0120552650712962,0.556168093238221,0.544112828166925,2025.12783540496,2025.13989067003,NA,NA,NA
5215,5216,REU.3.5_1,REU.3.5_1,0.0427091848904954,0.556231856864143,0.513522671973647,2025.09724524877,2025.13995443366,NA,NA,NA
3977,3981,REU.4.8_1,REU.3.5_1,0.018437343355356,0.556245270751396,0.53780792739604,2025.12153050419,2025.13996784754,NA,NA,NA
5157,5158,REU.4.3_1,REU.4.3_1,0.116657358599061,0.556273665224606,0.439616306625545,2025.02333888342,2025.13999624202,NA,NA,NA
5611,5612,REU.4.3_1,REU.4.3_1,0.0156944421026826,0.556298279464289,0.540603837361606,2025.12432641416,2025.14002085626,NA,NA,NA
4944,4945,REU.4.8_1,REU.4.8_1,0.000475651200832483,0.556354637333667,0.555878986132834,2025.13960156293,2025.14007721413,NA,NA,NA
3257,3258,REU.4.8_1,REU.4.8_1,0.0269360621333348,0.556368098769975,0.52943203663664,2025.11315461343,2025.14009067556,NA,NA,NA
4387,4388,REU.4.3_1,REU.4.3_1,0.0426272552612859,0.556372838172418,0.513745582911133,2025.0974681597,2025.14009541497,NA,NA,NA
4906,4908,REU.4.3_1,REU.4.3_1,0.0582176264690926,0.556482714805084,0.498265088335992,2025.08198766513,2025.1402052916,NA,NA,NA
4351,4353,REU.4.3_1,REU.4.3_1,0.0227662563912953,0.556511159680146,0.533744903288851,2025.11746748008,2025.14023373647,NA,NA,NA
5308,5309,REU.4.3_1,REU.4.3_1,0.127643393161612,0.556583337386007,0.428939944224395,2025.01266252102,2025.14030591418,NA,NA,NA
4130,4131,REU.2.3_1,REU.2.3_1,0.0197397253627166,0.556739382295803,0.536999656933087,2025.12072223373,2025.14046195909,NA,NA,NA
4104,4105,REU.4.3_1,REU.4.3_1,0.0227778703912009,0.556817593082624,0.534039722691423,2025.11776229949,2025.14054016988,NA,NA,NA
4524,4525,REU.4.3_1,REU.4.3_1,0.0215669842497906,0.556901349016359,0.535334364766568,2025.11905694156,2025.14062392581,NA,NA,NA
5704,5706,REU.3.1_1,REU.3.1_1,0.0224844144423202,0.556916443856508,0.534432029414188,2025.11815460621,2025.14063902065,NA,NA,NA
4434,4443,REU.3.3_1,REU.3.3_1,0.089229929339,0.55695413977787,0.46772421043887,2025.05144678723,2025.14067671657,NA,NA,NA
4282,4283,REU.4.8_1,REU.4.3_1,0.0707638056346466,0.557052554824616,0.486288749189969,2025.07001132598,2025.14077513162,NA,NA,NA
4566,4569,REU.4.8_1,REU.4.8_1,0.00243231728517235,0.557131277907347,0.554698960622174,2025.13842153742,2025.1408538547,NA,NA,NA
3900,3901,REU.4.5_1,REU.4.5_1,0.163354678435192,0.557182511229236,0.393827832794044,2024.97755040959,2025.14090508802,NA,NA,NA
3777,3778,REU.4.3_1,REU.4.8_1,0.0299753597752126,0.557226689997901,0.527251330222689,2025.11097390702,2025.14094926679,NA,NA,NA
5488,5489,REU.2.3_1,REU.2.3_1,0.0366453847894253,0.557241824633671,0.520596439844246,2025.10431901664,2025.14096440143,NA,NA,NA
3873,3874,REU.4.5_1,REU.4.6_1,0.077403021267731,0.55724347675537,0.479840455487639,2025.06356303228,2025.14096605355,NA,NA,NA
4742,4743,REU.4.3_1,REU.4.3_1,0.0431721784178496,0.557334133814933,0.514161955397083,2025.09788453219,2025.14105671061,NA,NA,NA
4253,4254,REU.4.8_1,REU.4.8_1,0.0157661469469392,0.557468963493815,0.541702816546875,2025.12542539334,2025.14119154029,NA,NA,NA
5954,5955,REU.4.6_1,REU.4.6_1,0.0030058008720828,0.557541082598264,0.554535281726181,2025.13825785852,2025.14126365939,NA,NA,NA
4543,4544,REU.4.3_1,REU.4.3_1,0.0581190859240555,0.557584931799769,0.499465845875714,2025.08318842267,2025.14130750859,NA,NA,NA
3144,3146,REU.2.3_1,REU.2.3_1,0.061893005479085,0.557669643788748,0.495776638309663,2025.0794992151,2025.14139222058,NA,NA,NA
4927,4928,REU.4.8_1,REU.4.8_1,0.00823982829523606,0.557695051373321,0.549455223078084,2025.13317779987,2025.14141762817,NA,NA,NA
6085,6086,REU.2.3_1,REU.2.3_1,0.0377240101788323,0.557708338711567,0.519984328532735,2025.10370690533,2025.14143091551,NA,NA,NA
3534,3535,REU.4.6_1,REU.4.6_1,0.0570907624657417,0.557743957444466,0.500653194978724,2025.08437577177,2025.14146653424,NA,NA,NA
5294,5295,REU.4.3_1,REU.4.3_1,0.0910812217797025,0.557753903245884,0.466672681466182,2025.05039525826,2025.14147648004,NA,NA,NA
5150,5152,REU.4.4_1,REU.2.3_1,0.0337938459755593,0.557893669572046,0.524099823596487,2025.10782240039,2025.14161624637,NA,NA,NA
4335,4336,REU.4.3_1,REU.4.3_1,0.00566266146781702,0.558066700083445,0.552404038615628,2025.13612661541,2025.14178927688,NA,NA,NA
5384,5385,REU.4.3_1,REU.4.3_1,0.0030925668240408,0.558099525585304,0.555006958761263,2025.13872953556,2025.14182210238,NA,NA,NA
3352,3356,REU.3.4_1,REU.2.3_1,0.0523972642390185,0.558100540342384,0.505703276103366,2025.0894258529,2025.14182311714,NA,NA,NA
5067,5068,REU.4.4_1,REU.4.4_1,0.0258360419675785,0.558210187059157,0.532374145091578,2025.11609672189,2025.14193276385,NA,NA,NA
4660,4661,REU.4.3_1,REU.4.8_1,0.0522627067823374,0.558280895208377,0.50601818842604,2025.08974076522,2025.142003472,NA,NA,NA
4096,4097,REU.4.3_1,REU.4.3_1,0.00233783271554433,0.558308296607155,0.55597046389161,2025.13969304069,2025.1420308734,NA,NA,NA
6024,6025,REU.4.8_1,REU.4.8_1,0.0244748846908702,0.558369903734798,0.533895019043928,2025.11761759584,2025.14209248053,NA,NA,NA
5921,5922,REU.4.3_1,REU.4.3_1,0.123254099740527,0.558472822434432,0.435218722693906,2025.01894129949,2025.14219539923,NA,NA,NA
5324,5326,REU.4.3_1,REU.4.3_1,0.00423032626328468,0.558524181677837,0.554293855414552,2025.13801643221,2025.14224675847,NA,NA,NA
4271,4272,REU.4.3_1,REU.4.3_1,0.00302658785943066,0.558578127361048,0.555551539501618,2025.1392741163,2025.14230070415,NA,NA,NA
4084,4085,REU.4.8_1,REU.1.4_1,0.0348807339356824,0.55873823629637,0.523857502360688,2025.10758007915,2025.14246081309,NA,NA,NA
4480,1292,REU.4.3_1,REU.4.3_1,0.063566266464006,0.558743176630948,0.495176910166942,2025.07889948696,2025.14246575342,CHIKV_RUN_S13b38_2025,55.500433,-21.268068
5675,2755,REU.3.1_1,REU.4.3_1,0.0612347690090504,0.558743176630948,0.497508407621897,2025.08123098442,2025.14246575342,CHIKV_RUN_S22b72_2025,55.503945,-21.272541
4845,668,REU.4.8_1,REU.4.8_1,0.0531866376928936,0.558743176630948,0.505556538938054,2025.08927911573,2025.14246575342,CHIKV_RUN_S13b31_2025,55.475168,-21.291116
6049,2931,REU.2.3_1,REU.1.3_1,0.0513019901018984,0.558743176630948,0.507441186529049,2025.09116376332,2025.14246575342,CHIKV_RUN_S22b68_2025,55.650143,-20.945776
4048,1462,REU.4.3_1,REU.4.5_1,0.0435503522027058,0.558743176630948,0.515192824428242,2025.09891540122,2025.14246575342,CHIKV_RUN_S22b73_2025,55.595541,-21.376879
4209,1161,REU.4.3_1,REU.3.5_1,0.0410012364359885,0.558743176630948,0.517741940194959,2025.10146451699,2025.14246575342,CHIKV_RUN_S22b71_2025,55.256024,-21.069379
3515,2151,REU.4.6_1,REU.4.6_1,0.0374964351715997,0.558743176630948,0.521246741459348,2025.10496931825,2025.14246575342,CHIKV_RUN_S22b19_2025,55.448136,-21.27193
3316,2409,REU.3.4_1,REU.3.4_1,0.0364100113315144,0.558743176630948,0.522333165299433,2025.10605574209,2025.14246575342,CHIKV_RUN_S22b65_2025,55.313137,-21.219563
5835,2367,REU.3.4_1,REU.3.4_1,0.0348101567584749,0.558743176630948,0.523933019872473,2025.10765559667,2025.14246575342,CHIKV_RUN_S22b69_2025,55.333643,-21.20512
6139,2945,REU.3.4_1,REU.3.4_1,0.0329990503506024,0.558743176630948,0.525744126280346,2025.10946670307,2025.14246575342,CHIKV_RUN_S21b68_2025,55.306796,-21.167113
5261,357,REU.2.3_1,REU.2.3_1,0.0316007784713823,0.558743176630948,0.527142398159566,2025.11086497495,2025.14246575342,CHIKV_RUN_S27b50_2025,55.489878,-20.901869
4243,364,REU.4.3_1,REU.4.3_1,0.0282695846721247,0.558743176630948,0.530473591958823,2025.11419616875,2025.14246575342,CHIKV_RUN_S22b80_2025,55.51826,-21.283594
5562,1774,REU.4.3_1,REU.4.3_1,0.0270544387022267,0.558743176630948,0.531688737928721,2025.11541131472,2025.14246575342,CHIKV_RUN_S22b52_2025,55.509157,-21.285937
5779,2322,REU.3.2_1,REU.3.2_1,0.016536255721999,0.558743176630948,0.542206920908949,2025.1259294977,2025.14246575342,CHIKV_RUN_S22b54_2025,55.350756,-21.250515
6175,2981,REU.3.4_1,REU.3.4_1,0.0151228224011437,0.558743176630948,0.543620354229804,2025.12734293102,2025.14246575342,CHIKV_RUN_S21b73_2025,55.305466,-21.164923
5043,743,REU.4.8_1,REU.2.3_1,0.0142716549975411,0.558743176630948,0.544471521633407,2025.12819409843,2025.14246575342,CHIKV_RUN_S27b37_2025,55.447153,-20.898216
4365,1278,REU.3.5_1,REU.3.5_1,0.0136106020350071,0.558743176630948,0.545132574595941,2025.12885515139,2025.14246575342,CHIKV_RUN_S13b75_2025,55.267193,-21.088881
3351,2410,REU.3.4_1,REU.3.4_1,0.00713315077504006,0.558743176630948,0.551610025855908,2025.13533260265,2025.14246575342,CHIKV_RUN_S21b87_2025,55.312945,-21.22104
5954,2482,REU.4.6_1,REU.4.6_1,0.00420789490476692,0.558743176630948,0.554535281726181,2025.13825785852,2025.14246575342,CHIKV_RUN_S13b33_2025,55.417117,-21.288149
3985,114,REU.3.5_1,REU.2.3_1,0.00390680601586757,0.558743176630948,0.55483637061508,2025.13855894741,2025.14246575342,CHIKV_RUN_S22b20_2025,55.485603,-20.893484
5717,2641,REU.3.1_1,REU.3.1_1,0.00374104857745028,0.558743176630948,0.555002128053498,2025.13872470485,2025.14246575342,CHIKV_RUN_S13b36_2025,55.361274,-21.254655
3927,248,REU.4.5_1,REU.4.7_1,0.00348436093476101,0.558743176630948,0.555258815696187,2025.13898139249,2025.14246575342,CHIKV_RUN_S13b39_2025,55.722794,-21.369702
5158,1114,REU.4.3_1,REU.4.3_1,0.00246951140634222,0.558743176630948,0.556273665224606,2025.13999624202,2025.14246575342,CHIKV_RUN_S22b53_2025,55.517289,-21.272915
4388,1512,REU.4.3_1,REU.4.3_1,0.00237033845852941,0.558743176630948,0.556372838172418,2025.14009541497,2025.14246575342,CHIKV_RUN_S21b66_2025,55.514184,-21.270686
3533,3540,REU.4.6_1,REU.4.4_1,0.0690234519710339,0.558751413596906,0.489727961625872,2025.07345053842,2025.14247399039,NA,NA,NA
3297,3298,REU.3.4_1,REU.3.4_1,0.0457850296285007,0.558818178320358,0.513033148691857,2025.09675572549,2025.14254075511,NA,NA,NA
5135,5138,REU.4.4_1,REU.4.4_1,0.0113842566553209,0.558825919999355,0.547441663344034,2025.13116424014,2025.14254849679,NA,NA,NA
3487,3488,REU.4.5_1,REU.4.5_1,0.0559490439857567,0.558868086811809,0.502919042826053,2025.08664161962,2025.14259066361,NA,NA,NA
3482,3486,REU.4.5_1,REU.4.5_1,0.00768457684283597,0.558901027899348,0.551216451056513,2025.13493902785,2025.14262360469,NA,NA,NA
4957,4961,REU.4.3_1,REU.4.3_1,0.0437483763643267,0.558909424826093,0.515161048461766,2025.09888362526,2025.14263200162,NA,NA,NA
4378,4379,REU.4.8_1,REU.4.3_1,0.0283821715122041,0.558956927394022,0.530574755881818,2025.11429733268,2025.14267950419,NA,NA,NA
3298,3299,REU.3.4_1,REU.3.4_1,0.000150789264617979,0.558968967584976,0.558818178320358,2025.14254075511,2025.14269154438,NA,NA,NA
5675,5676,REU.3.1_1,REU.3.1_1,0.0614719467166542,0.558980354338552,0.497508407621897,2025.08123098442,2025.14270293113,NA,NA,NA
4059,4060,REU.4.8_1,REU.4.8_1,0.0402642351159221,0.559094903183354,0.518830668067432,2025.10255324486,2025.14281747998,NA,NA,NA
5480,5481,REU.3.2_1,REU.3.2_1,0.0060214853417937,0.559096110540607,0.553074625198813,2025.13679720199,2025.14281868733,NA,NA,NA
3270,3272,REU.4.8_1,REU.4.8_1,0.0224670255322132,0.559097150687082,0.536630125154868,2025.12035270195,2025.14281972748,NA,NA,NA
4326,4327,REU.4.8_1,REU.4.8_1,0.0030168938659888,0.559161378109115,0.556144484243127,2025.13986706104,2025.1428839549,NA,NA,NA
5033,5034,REU.4.8_1,REU.3.1_1,0.0366435321600949,0.559173609240555,0.52253007708046,2025.10625265387,2025.14289618603,NA,NA,NA
4398,4400,REU.4.3_1,REU.4.3_1,0.0299443276920701,0.559201597011894,0.529257269319824,2025.11297984611,2025.14292417381,NA,NA,NA
4379,4380,REU.4.3_1,REU.4.3_1,0.00046350560683861,0.559420433000861,0.558956927394022,2025.14267950419,2025.14314300979,NA,NA,NA
4584,4585,REU.4.3_1,REU.4.3_1,0.0573337142589307,0.559438961541063,0.502105247282132,2025.08582782408,2025.14316153833,NA,NA,NA
3252,3253,REU.2.3_1,REU.3.5_1,0.0320920232917812,0.559446563340315,0.527354540048534,2025.11107711684,2025.14316914013,NA,NA,NA
3663,3664,REU.3.1_1,REU.3.1_1,0.0192989498472764,0.559471514505719,0.540172564658442,2025.12389514145,2025.1431940913,NA,NA,NA
4327,4329,REU.4.8_1,REU.4.8_1,0.000322676110240394,0.559484054219356,0.559161378109115,2025.1428839549,2025.14320663101,NA,NA,NA
4436,4437,REU.3.3_1,REU.3.3_1,0.0260959469758877,0.55975543649737,0.533659489521482,2025.11738206632,2025.14347801329,NA,NA,NA
4585,4586,REU.4.3_1,REU.4.3_1,0.000346103531398967,0.559785065072462,0.559438961541063,2025.14316153833,2025.14350764187,NA,NA,NA
4082,4091,REU.4.3_1,REU.4.8_1,0.0724224215295196,0.559790656942426,0.487368235412907,2025.07109081221,2025.14351323374,NA,NA,NA
3640,3641,REU.4.1_1,REU.4.1_1,0.0260077264686774,0.559915562193747,0.53390783572507,2025.11763041252,2025.14363813899,NA,NA,NA
3509,3510,REU.4.8_1,REU.4.8_1,0.0544360623000841,0.559951821779145,0.505515759479061,2025.08923833627,2025.14367439857,NA,NA,NA
3763,3764,REU.4.3_1,REU.4.3_1,0.0283324257477859,0.559985673858455,0.531653248110669,2025.1153758249,2025.14370825065,NA,NA,NA
3325,3326,REU.4.8_1,REU.4.8_1,0.0318859286840858,0.560025548650613,0.528139619966527,2025.11186219676,2025.14374812544,NA,NA,NA
4913,4931,REU.4.8_1,REU.4.8_1,0.104192520093691,0.56006976555138,0.455877245457688,2025.03959982225,2025.14379234235,NA,NA,NA
3736,3737,REU.4.3_1,REU.4.3_1,0.0421034164761713,0.560074059450312,0.51797064297414,2025.10169321977,2025.14379663624,NA,NA,NA
6069,6077,REU.2.3_1,REU.2.3_1,0.0140100406337851,0.560115669078257,0.546105628444472,2025.12982820524,2025.14383824587,NA,NA,NA
3682,3683,REU.4.6_1,REU.2.3_1,0.0870444062742044,0.560195327684534,0.473150921410329,2025.0568734982,2025.14391790448,NA,NA,NA
4857,4858,REU.4.6_1,REU.4.6_1,0.00757466979330923,0.560264058710341,0.552689388917032,2025.13641196571,2025.1439866355,NA,NA,NA
5378,5379,REU.4.3_1,REU.4.3_1,0.0126755440195793,0.560316208527573,0.547640664507994,2025.1313632413,2025.14403878532,NA,NA,NA
5496,5497,REU.2.3_1,REU.2.3_1,0.0315270413282908,0.560456751974233,0.528929710645943,2025.11265228744,2025.14417932877,NA,NA,NA
3995,3996,REU.3.5_1,REU.3.5_1,0.0294563601794313,0.560578939073897,0.531122578894466,2025.11484515569,2025.14430151587,NA,NA,NA
3951,3953,REU.4.3_1,REU.4.3_1,0.0160765642943912,0.560632620593996,0.544556056299605,2025.12827863309,2025.14435519739,NA,NA,NA
4267,4268,REU.4.3_1,REU.4.3_1,0.0389506905448637,0.560874584422443,0.521923893877579,2025.10564647067,2025.14459716122,NA,NA,NA
5173,5179,REU.4.3_1,REU.4.3_1,0.141309427703539,0.560887015034555,0.419577587331016,2025.00330016412,2025.14460959183,NA,NA,NA
5011,5012,REU.4.3_1,REU.4.5_1,0.0260777861833925,0.560926303934717,0.534848517751325,2025.11857109454,2025.14464888073,NA,NA,NA
3917,3919,REU.4.5_1,REU.4.5_1,0.149527797332262,0.56094376591014,0.411415968577878,2024.99513854537,2025.1446663427,NA,NA,NA
3540,3541,REU.4.4_1,REU.4.4_1,0.00222308146752292,0.560974495064429,0.558751413596906,2025.14247399039,2025.14469707186,NA,NA,NA
5990,5991,REU.3.1_1,REU.3.1_1,0.0131704696943618,0.560997692253378,0.547827222559017,2025.13154979935,2025.14472026905,NA,NA,NA
5865,5866,REU.2.3_1,REU.2.3_1,0.0304696043620416,0.561029966717923,0.530560362355881,2025.11428293915,2025.14475254351,NA,NA,NA
5014,5015,REU.4.3_1,REU.4.3_1,0.0368128414429862,0.561043533405952,0.524230691962966,2025.10795326876,2025.1447661102,NA,NA,NA
4505,4506,REU.2.4_1,REU.2.4_1,0.00587310424551835,0.56105567569095,0.555182571445432,2025.13890514824,2025.14477825248,NA,NA,NA
3416,3419,REU.4.5_1,REU.4.8_1,0.00864345690251356,0.561171769272253,0.55252831236974,2025.13625088916,2025.14489434607,NA,NA,NA
3784,3785,REU.2.1_1,REU.2.1_1,0.00955145609364161,0.561361708721103,0.551810252627461,2025.13553282942,2025.14508428551,NA,NA,NA
4676,4678,REU.4.8_1,REU.4.8_1,0.0166881064433118,0.561362413055664,0.544674306612353,2025.12839688341,2025.14508498985,NA,NA,NA
6205,6206,REU.4.3_1,REU.4.3_1,0.00577390720404569,0.561379969642353,0.555606062438307,2025.13932863923,2025.14510254644,NA,NA,NA
4908,4912,REU.4.3_1,REU.4.3_1,0.00499957836322451,0.561482293168309,0.556482714805084,2025.1402052916,2025.14520486996,NA,NA,NA
5525,1969,REU.4.3_1,REU.3.5_1,0.0980836720469825,0.561482902658305,0.463399230611323,2025.0471218074,2025.14520547945,CHIKV_RUN_S13b26_2025,55.285162,-21.044863
4288,1683,REU.4.8_1,REU.4.8_1,0.0957017386051118,0.561482902658305,0.465781164053193,2025.04950374085,2025.14520547945,CHIKV_RUN_S13b51_2025,55.448517,-21.296921
3754,1048,REU.2.5_1,REU.2.5_1,0.0689760953050972,0.561482902658305,0.492506807353208,2025.07622938415,2025.14520547945,CHIKV_RUN_S13b27_2025,55.635744,-20.942429
4760,407,REU.4.3_1,REU.4.3_1,0.0624506861650999,0.561482902658305,0.499032216493205,2025.08275479329,2025.14520547945,CHIKV_RUN_S13b49_2025,55.52406,-21.261906
5702,2211,REU.3.4_1,REU.3.4_1,0.0509908667710265,0.561482902658305,0.510492035887279,2025.09421461268,2025.14520547945,CHIKV_RUN_S13b76_2025,55.328353,-21.194489
3646,2515,REU.4.1_1,REU.4.5_1,0.0504241883353524,0.561482902658305,0.511058714322953,2025.09478129112,2025.14520547945,CHIKV_RUN_S13b46_2025,55.635273,-21.339571
3883,188,REU.4.5_1,REU.4.7_1,0.0479827743722744,0.561482902658305,0.513500128286031,2025.09722270508,2025.14520547945,CHIKV_RUN_S13b44_2025,55.721214,-21.371189
3529,2387,REU.4.8_1,REU.3.4_1,0.0478483299137319,0.561482902658305,0.513634572744573,2025.09735714954,2025.14520547945,CHIKV_RUN_S13b74_2025,55.297536,-21.199663
3501,2050,REU.4.5_1,REU.4.5_1,0.0390721872574666,0.561482902658305,0.522410715400839,2025.10613329219,2025.14520547945,CHIKV_RUN_S13b43_2025,55.615186,-21.380735
4243,1091,REU.4.3_1,REU.4.3_1,0.0310093106994821,0.561482902658305,0.530473591958823,2025.11419616875,2025.14520547945,CHIKV_RUN_S13b47_2025,55.508907,-21.288239
4191,1039,REU.4.3_1,REU.4.3_1,0.025639993147949,0.561482902658305,0.535842909510356,2025.1195654863,2025.14520547945,CHIKV_RUN_S13b32_2025,55.524101,-21.281978
4399,1488,REU.4.3_1,REU.4.6_1,0.014948850086592,0.561482902658305,0.546534052571713,2025.13025662937,2025.14520547945,CHIKV_RUN_S13b56_2025,55.438234,-21.275668
3222,2294,REU.3.1_1,REU.3.4_1,0.0137756003267854,0.561482902658305,0.54770730233152,2025.13142987913,2025.14520547945,CHIKV_RUN_S13b73_2025,55.301143,-21.224126
5257,340,REU.4.3_1,REU.4.3_1,0.0132050542351043,0.561482902658305,0.548277848423201,2025.13200042522,2025.14520547945,CHIKV_RUN_S13b62_2025,55.501479,-21.265295
5143,1202,REU.4.4_1,REU.4.4_1,0.0122285932484001,0.561482902658305,0.549254309409905,2025.1329768862,2025.14520547945,CHIKV_RUN_S13b61_2025,55.570236,-21.334491
4413,1529,REU.4.3_1,REU.4.3_1,0.0116437732793906,0.561482902658305,0.549839129378915,2025.13356170617,2025.14520547945,CHIKV_RUN_S13b41_2025,55.517542,-21.268791
4414,1535,REU.4.3_1,REU.4.3_1,0.00865348812098055,0.561482902658305,0.552829414537325,2025.13655199133,2025.14520547945,CHIKV_RUN_S13b35_2025,55.517542,-21.268791
3778,1309,REU.4.8_1,REU.4.8_1,0.00425621266040377,0.561482902658305,0.557226689997901,2025.14094926679,2025.14520547945,CHIKV_RUN_S13b52_2025,55.524076,-21.331375
4921,4925,REU.4.8_1,REU.4.8_1,0.0139873238561468,0.56154892671168,0.547561602855533,2025.13128417965,2025.14527150351,NA,NA,NA
4256,4261,REU.4.8_1,REU.3.5_1,0.0456486050605279,0.561604077886304,0.515955472825776,2025.09967804962,2025.14532665468,NA,NA,NA
3458,3459,REU.4.5_1,REU.4.5_1,0.0314199924781788,0.561672999230961,0.530253006752782,2025.11397558355,2025.14539557602,NA,NA,NA
5630,5632,REU.3.4_1,REU.3.4_1,0.0883279019187072,0.56171473229946,0.473386830380753,2025.05710940717,2025.14543730909,NA,NA,NA
3150,3151,REU.4.1_1,REU.4.4_1,0.0146018363402284,0.561745007688855,0.547143171348627,2025.13086574814,2025.14546758448,NA,NA,NA
5021,5023,REU.4.3_1,REU.4.3_1,0.0733279805720357,0.562011209621859,0.488683229049824,2025.07240580584,2025.14573378642,NA,NA,NA
4312,4314,REU.4.3_1,REU.4.3_1,0.00653466197444952,0.562063971978245,0.555529310003796,2025.1392518868,2025.14578654877,NA,NA,NA
4210,4212,REU.4.3_1,REU.4.3_1,0.0439378789179535,0.562184143595432,0.518246264677479,2025.10196884147,2025.14590672039,NA,NA,NA
5688,5689,REU.4.2_1,REU.4.2_1,0.0363031297550342,0.562233572770565,0.525930443015531,2025.10965301981,2025.14595614956,NA,NA,NA
5179,5180,REU.4.3_1,REU.4.3_1,0.00137088367058047,0.562257898705135,0.560887015034555,2025.14460959183,2025.1459804755,NA,NA,NA
4139,4140,REU.2.3_1,REU.2.3_1,0.0253177927253705,0.562321391058194,0.537003598332823,2025.12072617513,2025.14604396785,NA,NA,NA
3802,3803,REU.4.3_1,REU.4.3_1,0.0103684941865805,0.562408471841864,0.552039977655284,2025.13576255445,2025.14613104864,NA,NA,NA
3864,3865,REU.4.5_1,REU.4.5_1,0.0116221444033612,0.562494147908626,0.550872003505264,2025.1345945803,2025.1462167247,NA,NA,NA
5114,5115,REU.4.3_1,REU.4.3_1,0.0064706633355589,0.562579964696039,0.55610930136048,2025.13983187815,2025.14630254149,NA,NA,NA
5735,5736,REU.3.1_1,REU.3.1_1,0.0205626417428618,0.562588910849347,0.542026269106485,2025.1257488459,2025.14631148764,NA,NA,NA
3785,3786,REU.2.1_1,REU.2.1_1,0.0012390896804868,0.56260079840159,0.561361708721103,2025.14508428551,2025.1463233752,NA,NA,NA
4315,4318,REU.4.3_1,REU.4.3_1,0.0448010745550457,0.562641149829708,0.517840075274662,2025.10156265207,2025.14636372662,NA,NA,NA
6061,6078,REU.2.3_1,REU.2.3_1,0.0897535496432288,0.562654802386302,0.472901252743074,2025.05662382954,2025.14637737918,NA,NA,NA
3630,3631,REU.4.1_1,REU.4.1_1,0.0241380450124197,0.562680234584039,0.538542189571619,2025.12226476637,2025.14640281138,NA,NA,NA
5023,5024,REU.4.3_1,REU.4.3_1,0.000676512065665102,0.562687721687524,0.562011209621859,2025.14573378642,2025.14641029848,NA,NA,NA
4472,4478,REU.4.3_1,REU.4.4_1,0.0826840119272085,0.562756837569696,0.480072825642487,2025.06379540244,2025.14647941436,NA,NA,NA
3610,3612,REU.4.3_1,REU.4.3_1,0.0116824201813429,0.562787197952838,0.551104777771496,2025.13482735457,2025.14650977475,NA,NA,NA
4743,4744,REU.4.3_1,REU.4.3_1,0.00550159624726954,0.562835730062202,0.557334133814933,2025.14105671061,2025.14655830686,NA,NA,NA
4781,4785,REU.4.3_1,REU.2.3_1,0.06915149918144,0.562960543157476,0.493809043976036,2025.07753162077,2025.14668311995,NA,NA,NA
5790,5791,REU.4.8_1,REU.4.8_1,0.0260598750090233,0.563010814177748,0.536950939168725,2025.12067351596,2025.14673339097,NA,NA,NA
5865,5871,REU.2.3_1,REU.2.3_1,0.0325830197360606,0.563143382091942,0.530560362355881,2025.11428293915,2025.14686595889,NA,NA,NA
5445,5446,REU.4.3_1,REU.4.3_1,0.0700200460572603,0.563391152567178,0.493371106509917,2025.0770936833,2025.14711372936,NA,NA,NA
4516,4517,REU.4.3_1,REU.4.3_1,0.106742273253234,0.563397071820347,0.456654798567112,2025.04037737536,2025.14711964861,NA,NA,NA
6122,6123,REU.2.3_1,REU.2.3_1,0.0141239352611924,0.563537139356146,0.549413204094954,2025.13313578089,2025.14725971615,NA,NA,NA
3608,3609,REU.4.3_1,REU.4.3_1,0.0393479655135834,0.563615830510345,0.524267864996762,2025.10799044179,2025.1473384073,NA,NA,NA
5982,5983,REU.3.1_1,REU.3.1_1,0.0313178042439048,0.563652509037815,0.53233470479391,2025.11605728159,2025.14737508583,NA,NA,NA
4558,4564,REU.4.3_1,REU.4.3_1,0.0358137479930997,0.563940177294478,0.528126429301378,2025.1118490061,2025.14766275409,NA,NA,NA
3232,3233,REU.4.8_1,REU.4.8_1,0.0383679616639682,0.564022737670791,0.525654776006823,2025.1093773528,2025.14774531446,NA,NA,NA
3796,3810,REU.4.3_1,REU.4.3_1,0.0710608132335466,0.564060807039068,0.492999993805521,2025.0767225706,2025.14778338383,NA,NA,NA
5309,5310,REU.4.3_1,REU.4.3_1,0.0075304309648172,0.564113768350825,0.556583337386007,2025.14030591418,2025.14783634514,NA,NA,NA
5115,5116,REU.4.3_1,REU.4.3_1,0.00159552586107625,0.564175490557115,0.562579964696039,2025.14630254149,2025.14789806735,NA,NA,NA
5250,5251,REU.4.3_1,REU.4.3_1,0.0145255048483148,0.564212060800655,0.54968655595234,2025.13340913275,2025.14793463759,NA,NA,NA
3262,2805,REU.3.1_1,REU.3.3_1,0.135341769614858,0.564222628685663,0.428880859070805,2025.01260343586,2025.14794520548,CHIKV_RUN_S21b88_2025,55.294753,-21.109486
4807,502,REU.4.3_1,REU.4.5_1,0.111095715809338,0.564222628685663,0.453126912876324,2025.03684948967,2025.14794520548,CHIKV_RUN_S13b45_2025,55.634855,-21.338243
4763,445,REU.4.3_1,REU.4.3_1,0.098962093305136,0.564222628685663,0.465260535380527,2025.04898311217,2025.14794520548,CHIKV_RUN_S21b38_2025,55.517192,-21.289306
3655,2677,REU.4.8_1,REU.2.1_1,0.0854707739894983,0.564222628685663,0.478751854696164,2025.06247443149,2025.14794520548,CHIKV_RUN_S35b64_2025,55.336769,-20.930469
4384,1518,REU.4.3_1,REU.4.3_1,0.0741588652850204,0.564222628685663,0.490063763400642,2025.07378634019,2025.14794520548,CHIKV_RUN_S35b85_2025,55.514184,-21.270686
3892,193,REU.4.5_1,REU.4.6_1,0.0679716103678518,0.564222628685663,0.496251018317811,2025.07997359511,2025.14794520548,CHIKV_RUN_S21b62_2025,55.412307,-21.288231
4247,616,REU.4.3_1,REU.4.3_1,0.0590609924530191,0.564222628685663,0.505161636232644,2025.08888421303,2025.14794520548,CHIKV_RUN_S35b74_2025,55.52397,-21.27929
5724,3081,REU.4.3_1,REU.4.3_1,0.0580655592723165,0.564222628685663,0.506157069413346,2025.08987964621,2025.14794520548,CHIKV_RUN_S35b84_2025,55.516538,-21.280238
5597,2720,REU.4.8_1,REU.4.8_1,0.0552771229752529,0.564222628685663,0.50894550571041,2025.0926680825,2025.14794520548,CHIKV_RUN_S35b82_2025,55.496838,-21.272187
5816,2475,REU.4.8_1,REU.3.1_1,0.0519342996462047,0.564222628685663,0.512288329039458,2025.09601090583,2025.14794520548,CHIKV_RUN_S21b80_2025,55.366607,-21.253818
4698,575,REU.4.3_1,REU.4.3_1,0.0480007310263455,0.564222628685663,0.516221897659317,2025.09994447445,2025.14794520548,CHIKV_RUN_S21b16_2025,55.514525,-21.248457
3523,2719,REU.4.2_1,REU.2.3_1,0.0476585196738476,0.564222628685663,0.516564109011815,2025.10028668581,2025.14794520548,CHIKV_RUN_S21b72_2025,55.483066,-20.909951
3822,1071,REU.4.3_1,REU.4.3_1,0.0395218223233724,0.564222628685663,0.52470080636229,2025.10842338316,2025.14794520548,CHIKV_RUN_S21b14_2025,55.513955,-21.242682
6187,2971,REU.3.4_1,REU.4.2_1,0.0380581629045047,0.564222628685663,0.526164465781158,2025.10988704257,2025.14794520548,CHIKV_RUN_S35b83_2025,55.49,-21.239956
3325,2448,REU.4.8_1,REU.2.1_1,0.0360830087191353,0.564222628685663,0.528139619966527,2025.11186219676,2025.14794520548,CHIKV_RUN_S35b89_2025,55.337988,-20.936785
3443,2121,REU.4.5_1,REU.4.5_1,0.0354682965487496,0.564222628685663,0.528754332136913,2025.11247690893,2025.14794520548,CHIKV_RUN_S21b34_2025,55.628272,-21.338398
5058,1271,REU.4.3_1,REU.4.3_1,0.0347157990837562,0.564222628685663,0.529506829601906,2025.1132294064,2025.14794520548,CHIKV_RUN_S21b27_2025,55.533046,-21.247305
4876,671,REU.4.3_1,REU.4.3_1,0.0285263869356076,0.564222628685663,0.535696241750055,2025.11941881854,2025.14794520548,CHIKV_RUN_S13b68_2025,55.523902,-21.275298
6157,2946,REU.3.4_1,REU.3.4_1,0.0274226977454501,0.564222628685663,0.536799930940212,2025.12052250773,2025.14794520548,CHIKV_RUN_S21b65_2025,55.307185,-21.163728
4972,670,REU.4.3_1,REU.4.3_1,0.026459066040295,0.564222628685663,0.537763562645368,2025.12148613944,2025.14794520548,CHIKV_RUN_S35b63_2025,55.502146,-21.274582
3290,2206,REU.4.6_1,REU.4.6_1,0.0250022437833025,0.564222628685663,0.53922038490236,2025.1229429617,2025.14794520548,CHIKV_RUN_S13b54_2025,55.43806,-21.256328
4819,390,REU.4.3_1,REU.4.3_1,0.0237588861763779,0.564222628685663,0.540463742509285,2025.1241863193,2025.14794520548,CHIKV_RUN_S13b53_2025,55.524274,-21.282466
4227,279,REU.4.3_1,REU.4.3_1,0.023207098075464,0.564222628685663,0.541015530610199,2025.1247381074,2025.14794520548,CHIKV_RUN_S21b41_2025,55.509442,-21.238585
4538,1678,REU.4.3_1,REU.4.3_1,0.0221958264310723,0.564222628685663,0.54202680225459,2025.12574937905,2025.14794520548,CHIKV_RUN_S21b24_2025,55.525958,-21.256346
5040,745,REU.4.8_1,REU.3.1_1,0.020270890899766,0.564222628685663,0.543951737785897,2025.12767431458,2025.14794520548,CHIKV_RUN_S21b43_2025,55.366033,-21.264375
5090,1229,REU.4.4_1,REU.4.4_1,0.0196034493911037,0.564222628685663,0.544619179294559,2025.12834175609,2025.14794520548,CHIKV_RUN_S35b93_2025,55.558956,-21.341875
4774,501,REU.4.3_1,REU.4.3_1,0.0186129838489959,0.564222628685663,0.545609644836667,2025.12933222163,2025.14794520548,CHIKV_RUN_S35b87_2025,55.519139,-21.279495
5378,2212,REU.4.3_1,REU.4.3_1,0.0165819641776687,0.564222628685663,0.547640664507994,2025.1313632413,2025.14794520548,CHIKV_RUN_S21b69_2025,55.561177,-21.296153
5269,350,REU.4.3_1,REU.4.3_1,0.0154402355305923,0.564222628685663,0.54878239315507,2025.13250496995,2025.14794520548,CHIKV_RUN_S22b15_2025,55.506602,-21.236975
3834,954,REU.3.5_1,REU.3.5_1,0.0149466102738625,0.564222628685663,0.5492760184118,2025.13299859521,2025.14794520548,CHIKV_RUN_S35b56_2025,55.272975,-21.023558
3611,3029,REU.4.3_1,REU.4.3_1,0.0125885580805127,0.564222628685663,0.55163407060515,2025.1353566474,2025.14794520548,CHIKV_RUN_S35b70_2025,55.526031,-21.263312
6205,2788,REU.4.3_1,REU.4.3_1,0.00861656624735563,0.564222628685663,0.555606062438307,2025.13932863923,2025.14794520548,CHIKV_RUN_S35b81_2025,55.509868,-21.273835
5612,2846,REU.4.3_1,REU.4.3_1,0.00792434922137386,0.564222628685663,0.556298279464289,2025.14002085626,2025.14794520548,CHIKV_RUN_S22b64_2025,55.552755,-21.290964
4254,1695,REU.4.8_1,REU.4.8_1,0.00675366519184828,0.564222628685663,0.557468963493815,2025.14119154029,2025.14794520548,CHIKV_RUN_S13b59_2025,55.493725,-21.296335
5689,2706,REU.4.2_1,REU.4.2_1,0.00198905591509768,0.564222628685663,0.562233572770565,2025.14595614956,2025.14794520548,CHIKV_RUN_S21b52_2025,55.471684,-21.251072
5310,596,REU.4.3_1,REU.4.3_1,0.000108860334838035,0.564222628685663,0.564113768350825,2025.14783634514,2025.14794520548,CHIKV_RUN_S35b86_2025,55.515828,-21.265663
5754,5755,REU.2.3_1,REU.2.3_1,0.0160023683172146,0.564269794469856,0.548267426152641,2025.13199000295,2025.14799237126,NA,NA,NA
6218,6219,REU.4.8_1,REU.4.8_1,0.0502939788947694,0.564328582555534,0.514034603660764,2025.09775718045,2025.14805115935,NA,NA,NA
3996,3997,REU.3.5_1,REU.2.3_1,0.00377212698421281,0.56435106605811,0.560578939073897,2025.14430151587,2025.14807364285,NA,NA,NA
4221,4222,REU.4.3_1,REU.4.3_1,0.0224869739081002,0.564394664474248,0.541907690566148,2025.12563026736,2025.14811724127,NA,NA,NA
5343,5344,REU.4.3_1,REU.4.3_1,0.0661069785792113,0.564405191357486,0.498298212778274,2025.08202078957,2025.14812776815,NA,NA,NA
5058,5059,REU.4.3_1,REU.4.3_1,0.0349404631453498,0.564447292747256,0.529506829601906,2025.1132294064,2025.14816986954,NA,NA,NA
3688,3689,REU.2.3_1,REU.2.3_1,0.00968251563377309,0.564551599800703,0.55486908416693,2025.13859166096,2025.14827417659,NA,NA,NA
5216,5217,REU.3.5_1,REU.3.5_1,0.00847739077511533,0.564709247639258,0.556231856864143,2025.13995443366,2025.14843182443,NA,NA,NA
4155,4157,REU.2.3_1,REU.2.3_1,0.0106383350293789,0.564715828142491,0.554077493113112,2025.13780006991,2025.14843840494,NA,NA,NA
4400,4401,REU.4.3_1,REU.4.3_1,0.00565178591312709,0.564853382925021,0.559201597011894,2025.14292417381,2025.14857595972,NA,NA,NA
4234,4235,REU.4.8_1,REU.4.8_1,0.0132251659818471,0.564875789862273,0.551650623880426,2025.13537320067,2025.14859836666,NA,NA,NA
3894,3895,REU.4.5_1,REU.4.5_1,0.0144627528098894,0.564892474110605,0.550429721300715,2025.13415229809,2025.1486150509,NA,NA,NA
4496,4500,REU.2.3_1,REU.2.3_1,0.0270089426809337,0.565066078382938,0.538057135702004,2025.1217797125,2025.14878865518,NA,NA,NA
4849,4850,REU.4.3_1,REU.4.3_1,0.0404408396058413,0.565085646419517,0.524644806813676,2025.10836738361,2025.14880822321,NA,NA,NA
3223,3224,REU.3.1_1,REU.3.1_1,0.0113799478608474,0.565125610550447,0.5537456626896,2025.13746823948,2025.14884818734,NA,NA,NA
5761,5762,REU.3.1_1,REU.4.6_1,0.0127555813847994,0.565135750294835,0.552380168910035,2025.1361027457,2025.14885832709,NA,NA,NA
4110,4111,REU.3.5_1,REU.3.5_1,0.0425155040335758,0.565149227719836,0.52263372368626,2025.10635630048,2025.14887180451,NA,NA,NA
6175,6176,REU.3.4_1,REU.3.4_1,0.0216172429903769,0.565237597220181,0.543620354229804,2025.12734293102,2025.14896017401,NA,NA,NA
5946,5947,REU.4.6_1,REU.4.6_1,0.0247990900522199,0.565313076023129,0.540513985970909,2025.12423656276,2025.14903565282,NA,NA,NA
3721,3723,REU.3.5_1,REU.3.5_1,0.0127398713177735,0.565316384827098,0.552576513509325,2025.1362990903,2025.14903896162,NA,NA,NA
3586,3587,REU.4.8_1,REU.4.8_1,0.0174311371007488,0.565363378985803,0.547932241885054,2025.13165481868,2025.14908595578,NA,NA,NA
4832,4837,REU.4.3_1,REU.4.3_1,0.0901926919254104,0.56544360367483,0.47525091174942,2025.05897348854,2025.14916618047,NA,NA,NA
3626,3627,REU.4.1_1,REU.4.1_1,0.0225785804226892,0.565554344745728,0.542975764323038,2025.12669834112,2025.14927692154,NA,NA,NA
3974,3975,REU.4.8_1,REU.4.8_1,0.028434012119111,0.565566830040028,0.537132817920917,2025.12085539471,2025.14928940683,NA,NA,NA
3257,3261,REU.4.8_1,REU.4.8_1,0.0362632397560103,0.565695276392651,0.52943203663664,2025.11315461343,2025.14941785319,NA,NA,NA
4131,4132,REU.2.3_1,REU.2.3_1,0.00905730646819991,0.565796688764003,0.556739382295803,2025.14046195909,2025.14951926556,NA,NA,NA
4741,4753,REU.4.3_1,REU.2.3_1,0.0910801437881457,0.565799869826237,0.474719726038092,2025.05844230283,2025.14952244662,NA,NA,NA
6025,6026,REU.4.8_1,REU.4.8_1,0.00751086853181626,0.565880772266615,0.558369903734798,2025.14209248053,2025.14960334906,NA,NA,NA
4486,4487,REU.4.3_1,REU.2.3_1,0.0973274392932186,0.56588819658983,0.468560757296611,2025.05228333409,2025.14961077338,NA,NA,NA
5170,5171,REU.4.3_1,REU.4.4_1,0.0808186465926557,0.565955762682308,0.485137116089652,2025.06885969288,2025.14967833948,NA,NA,NA
5866,5869,REU.2.3_1,REU.2.3_1,0.00509672261329897,0.566126689331222,0.561029966717923,2025.14475254351,2025.14984926612,NA,NA,NA
5161,5164,REU.4.3_1,REU.4.8_1,0.0476719690038622,0.566160495470329,0.518488526466467,2025.10221110326,2025.14988307226,NA,NA,NA
4889,4894,REU.4.3_1,REU.4.3_1,0.111186920428471,0.566179247585971,0.454992327157501,2025.03871490395,2025.14990182438,NA,NA,NA
3416,3417,REU.4.5_1,REU.4.5_1,0.0137349477183655,0.566263260088105,0.55252831236974,2025.13625088916,2025.14998583688,NA,NA,NA
4603,4604,REU.4.8_1,REU.4.8_1,0.0466543386359263,0.5662701083722,0.519615769736274,2025.10333834653,2025.14999268517,NA,NA,NA
4489,4490,REU.4.3_1,REU.4.3_1,0.0225320585900021,0.566311843339985,0.543779784749983,2025.12750236154,2025.15003442013,NA,NA,NA
3555,3556,REU.4.6_1,REU.2.3_1,0.0626208388241211,0.566352372423227,0.503731533599106,2025.08745411039,2025.15007494922,NA,NA,NA
5567,5569,REU.2.3_1,REU.2.3_1,0.0149100369567083,0.56636627225912,0.551456235302411,2025.1351788121,2025.15008884905,NA,NA,NA
3799,3800,REU.4.3_1,REU.4.3_1,0.0147801388939542,0.566381769269638,0.551601630375684,2025.13532420717,2025.15010434606,NA,NA,NA
5004,5005,REU.4.3_1,REU.4.3_1,0.0342070766771283,0.566448019601299,0.532240942924171,2025.11596351972,2025.1501705964,NA,NA,NA
3449,3450,REU.4.5_1,REU.4.5_1,0.0444304286594871,0.566486526222336,0.522056097562849,2025.10577867436,2025.15020910302,NA,NA,NA
5326,5327,REU.4.3_1,REU.4.3_1,0.00799011414225848,0.566514295820095,0.558524181677837,2025.14224675847,2025.15023687261,NA,NA,NA
3865,3866,REU.4.5_1,REU.4.5_1,0.00409613557373989,0.566590283482366,0.562494147908626,2025.1462167247,2025.15031286028,NA,NA,NA
5838,5839,REU.3.1_1,REU.4.5_1,0.151632176743211,0.566594380885496,0.414962204142286,2024.99868478094,2025.15031695768,NA,NA,NA
4009,4011,REU.3.5_1,REU.3.5_1,0.0682555314420693,0.566616957436848,0.498361425994779,2025.08208400279,2025.15033953423,NA,NA,NA
4744,4746,REU.4.3_1,REU.4.3_1,0.00378152635337625,0.566617256415579,0.562835730062202,2025.14655830686,2025.15033983321,NA,NA,NA
5643,5647,REU.2.5_1,REU.2.5_1,0.0678341492947427,0.566642512432037,0.498808363137294,2025.08253093993,2025.15036508923,NA,NA,NA
4986,4987,REU.4.3_1,REU.4.3_1,0.0281081696571686,0.566668588258203,0.538560418601034,2025.12228299539,2025.15039116505,NA,NA,NA
6028,6029,REU.4.8_1,REU.3.5_1,0.0200612386693125,0.566789179743248,0.546727941073936,2025.13045051787,2025.15051175654,NA,NA,NA
3216,3218,REU.3.1_1,REU.3.1_1,0.0145867159839493,0.566809492261157,0.552222776277207,2025.13594535307,2025.15053206905,NA,NA,NA
6015,6016,REU.3.1_1,REU.3.2_1,0.0492204318023686,0.566872935002142,0.517652503199773,2025.10137507999,2025.1505955118,NA,NA,NA
4417,4418,REU.4.3_1,REU.4.3_1,0.0291283767230337,0.56688329615455,0.537754919431517,2025.12147749623,2025.15060587295,NA,NA,NA
4785,4788,REU.2.3_1,REU.2.3_1,0.00393165519301997,0.566892198350496,0.562960543157476,2025.14668311995,2025.15061477514,NA,NA,NA
5886,55,REU.3.1_1,REU.4.8_1,0.109620039172781,0.566962354713247,0.457342315540467,2025.04106489233,2025.15068493151,CHIKV_RUN_S22b27_2025,55.467087,-21.306099
4703,509,REU.4.3_1,REU.4.6_1,0.10092753819317,0.566962354713247,0.466034816520077,2025.04975739331,2025.15068493151,CHIKV_RUN_S21b19_2025,55.418728,-21.290946
4383,1500,REU.4.8_1,REU.4.8_1,0.0924665411230635,0.566962354713247,0.474495813590184,2025.05821839038,2025.15068493151,CHIKV_RUN_S21b74_2025,55.528609,-21.330834
4824,656,REU.4.3_1,REU.4.3_1,0.0851646984775655,0.566962354713247,0.481797656235682,2025.06552023303,2025.15068493151,CHIKV_RUN_S21b58_2025,55.512236,-21.291815
5853,57,REU.3.1_1,REU.3.1_1,0.0801826873151097,0.566962354713247,0.486779667398138,2025.07050224419,2025.15068493151,CHIKV_RUN_S21b29_2025,55.336113,-21.268849
5939,2169,REU.4.6_1,REU.4.6_1,0.0676816530842842,0.566962354713247,0.499280701628963,2025.08300327842,2025.15068493151,CHIKV_RUN_S21b17_2025,55.440381,-21.263707
4543,1706,REU.4.3_1,REU.4.8_1,0.0674965088375339,0.566962354713247,0.499465845875714,2025.08318842267,2025.15068493151,CHIKV_RUN_S21b55_2025,55.472824,-21.304821
4202,1341,REU.4.3_1,REU.4.3_1,0.0628253960761005,0.566962354713247,0.504136958637147,2025.08785953543,2025.15068493151,CHIKV_RUN_S13b70_2025,55.51631,-21.296854
3332,2468,REU.4.6_1,REU.4.6_1,0.0577720748579035,0.566962354713247,0.509190279855344,2025.09291285665,2025.15068493151,CHIKV_RUN_S22b18_2025,55.421074,-21.253782
4203,111,REU.4.8_1,REU.4.1_1,0.0501004196288245,0.566962354713247,0.516861935084423,2025.10058451188,2025.15068493151,CHIKV_RUN_S21b79_2025,55.466646,-21.144892
4462,65,REU.4.8_1,REU.3.3_1,0.0457283356613198,0.566962354713247,0.521234019051928,2025.10495659585,2025.15068493151,CHIKV_RUN_S21b37_2025,55.28447,-21.111307
4074,884,REU.4.3_1,REU.4.3_1,0.0364471214089792,0.566962354713247,0.530515233304268,2025.1142378101,2025.15068493151,CHIKV_RUN_S21b59_2025,55.510616,-21.236884
4102,1334,REU.4.8_1,REU.4.8_1,0.0341999389402122,0.566962354713247,0.532762415773035,2025.11648499257,2025.15068493151,CHIKV_RUN_S22b33_2025,55.482599,-21.277955
5076,1269,REU.4.4_1,REU.4.4_1,0.0335882554893587,0.566962354713247,0.533374099223889,2025.11709667602,2025.15068493151,CHIKV_RUN_S13b67_2025,55.562923,-21.35388
3734,1584,REU.4.8_1,REU.4.8_1,0.0335240668897461,0.566962354713247,0.533438287823501,2025.11716086462,2025.15068493151,CHIKV_RUN_S13b77_2025,55.462848,-21.334591
5288,1577,REU.4.3_1,REU.4.3_1,0.0333548153670358,0.566962354713247,0.533607539346212,2025.11733011614,2025.15068493151,CHIKV_RUN_S13b85_2025,55.511148,-21.283736
5195,1926,REU.3.1_1,REU.3.1_1,0.0332704843199922,0.566962354713247,0.533691870393255,2025.11741444719,2025.15068493151,CHIKV_RUN_S22b58_2025,55.388986,-21.25054
4321,1585,REU.4.8_1,REU.4.8_1,0.0332399403531748,0.566962354713247,0.533722414360073,2025.11744499115,2025.15068493151,CHIKV_RUN_S21b18_2025,55.473297,-21.335316
5097,1250,REU.4.8_1,REU.4.8_1,0.0332231534259574,0.566962354713247,0.53373920128729,2025.11746177808,2025.15068493151,CHIKV_RUN_S21b61_2025,55.459625,-21.292355
3640,2528,REU.4.1_1,REU.4.1_1,0.0330545189881779,0.566962354713247,0.53390783572507,2025.11763041252,2025.15068493151,CHIKV_RUN_S21b75_2025,55.477446,-21.169435
5587,1905,REU.3.1_1,REU.3.1_1,0.0321786264035041,0.566962354713247,0.534783728309743,2025.1185063051,2025.15068493151,CHIKV_RUN_S21b63_2025,55.335866,-21.273848
4530,1664,REU.4.3_1,REU.4.3_1,0.0320591724659519,0.566962354713247,0.534903182247295,2025.11862575904,2025.15068493151,CHIKV_RUN_S21b11_2025,55.537304,-21.252454
5834,1126,REU.3.1_1,REU.4.6_1,0.0311920016107828,0.566962354713248,0.535770353102465,2025.1194929299,2025.15068493151,CHIKV_RUN_S21b30_2025,55.438904,-21.269211
4750,442,REU.4.8_1,REU.4.1_1,0.0302705744734967,0.566962354713247,0.536691780239751,2025.12041435703,2025.15068493151,CHIKV_RUN_S22b34_2025,55.47275,-21.143112
3657,2624,REU.4.8_1,REU.4.8_1,0.030177604887261,0.566962354713247,0.536784749825986,2025.12050732662,2025.15068493151,CHIKV_RUN_S21b49_2025,55.478389,-21.285709
3290,2207,REU.4.6_1,REU.4.6_1,0.0277419698108873,0.566962354713248,0.53922038490236,2025.1229429617,2025.15068493151,CHIKV_RUN_S21b39_2025,55.440064,-21.256676
5351,256,REU.4.8_1,REU.4.8_1,0.0262790996820532,0.566962354713247,0.540683255031194,2025.12440583182,2025.15068493151,CHIKV_RUN_S21b28_2025,55.492018,-21.302727
4513,1658,REU.4.3_1,REU.4.3_1,0.0248318853160502,0.566962354713247,0.542130469397197,2025.12585304619,2025.15068493151,CHIKV_RUN_S22b14_2025,55.526059,-21.256546
6014,1784,REU.3.1_1,REU.4.6_1,0.0222026444116695,0.566962354713248,0.544759710301578,2025.1284822871,2025.15068493151,CHIKV_RUN_S21b56_2025,55.437328,-21.264116
4774,500,REU.4.3_1,REU.4.3_1,0.0213527098765807,0.566962354713247,0.545609644836667,2025.12933222163,2025.15068493151,CHIKV_RUN_S21b47_2025,55.523534,-21.238463
5609,2835,REU.4.6_1,REU.4.6_1,0.0210897181820369,0.566962354713247,0.545872636531211,2025.12959521332,2025.15068493151,CHIKV_RUN_S21b45_2025,55.440178,-21.260841
5697,2143,REU.2.3_1,REU.4.8_1,0.020655181025115,0.566962354713247,0.546307173688132,2025.13002975048,2025.15068493151,CHIKV_RUN_S35b65_2025,55.480522,-21.344532
6183,2984,REU.3.4_1,REU.4.8_1,0.0206297267804993,0.566962354713247,0.546332627932748,2025.13005520473,2025.15068493151,CHIKV_RUN_S35b59_2025,55.483149,-21.337769
3572,2576,REU.3.1_1,REU.3.1_1,0.0202889869462514,0.566962354713247,0.546673367766996,2025.13039594456,2025.15068493151,CHIKV_RUN_S21b31_2025,55.364818,-21.26293
4183,1302,REU.4.3_1,REU.4.3_1,0.0187211654962915,0.566962354713247,0.548241189216956,2025.13196376601,2025.15068493151,CHIKV_RUN_S13b71_2025,55.532668,-21.262135
3285,2827,REU.3.1_1,REU.2.3_1,0.0176400887714808,0.566962354713247,0.549322265941767,2025.13304484274,2025.15068493151,CHIKV_RUN_S35b69_2025,55.470775,-20.901613
5355,283,REU.4.8_1,REU.1.3_1,0.0175575733501776,0.566962354713247,0.54940478136307,2025.13312735816,2025.15068493151,CHIKV_RUN_S15b66_2025,55.653395,-20.973052
4204,102,REU.4.8_1,REU.1.2_1,0.0174000158255159,0.566962354713247,0.549562338887732,2025.13328491568,2025.15068493151,CHIKV_RUN_S15b68_2025,55.626601,-21.132939
5250,321,REU.4.3_1,REU.4.3_1,0.0172757987609076,0.566962354713247,0.54968655595234,2025.13340913275,2025.15068493151,CHIKV_RUN_S35b72_2025,55.523613,-21.261098
3135,2222,REU.3.4_1,REU.4.8_1,0.0164911511880219,0.566962354713247,0.550471203525225,2025.13419378032,2025.15068493151,CHIKV_RUN_S35b94_2025,55.467256,-21.34022
5549,1864,REU.4.6_1,REU.4.6_1,0.0150519099554589,0.566962354713247,0.551910444757788,2025.13563302155,2025.15068493151,CHIKV_RUN_S13b83_2025,55.412502,-21.279366
4325,1586,REU.4.8_1,REU.4.8_1,0.0145171859065281,0.566962354713247,0.552445168806719,2025.1361677456,2025.15068493151,CHIKV_RUN_S21b10_2025,55.458276,-21.297216
3434,2040,REU.4.5_1,REU.4.4_1,0.0139050845178703,0.566962354713247,0.553057270195377,2025.13677984699,2025.15068493151,CHIKV_RUN_S35b77_2025,55.564873,-21.358894
5546,2730,REU.4.8_1,REU.4.8_1,0.0129580390088859,0.566962354713247,0.554004315704361,2025.1377268925,2025.15068493151,CHIKV_RUN_S21b67_2025,55.498282,-21.299974
3922,233,REU.4.6_1,REU.4.6_1,0.0122307135276055,0.566962354713247,0.554731641185642,2025.13845421798,2025.15068493151,CHIKV_RUN_S21b86_2025,55.41854,-21.283393
3881,174,REU.4.7_1,REU.4.7_1,0.0116649435377578,0.566962354713247,0.55529741117549,2025.13901998797,2025.15068493151,CHIKV_RUN_S13b86_2025,55.717646,-21.371602
5216,1629,REU.3.5_1,REU.3.5_1,0.0107304978491048,0.566962354713247,0.556231856864143,2025.13995443366,2025.15068493151,CHIKV_RUN_S22b17_2025,55.3288,-20.998901
5309,1087,REU.4.3_1,REU.2.4_1,0.01037901732724,0.566962354713247,0.556583337386007,2025.14030591418,2025.15068493151,CHIKV_RUN_S15b65_2025,55.57527,-20.927587
4569,1482,REU.4.8_1,REU.4.8_1,0.0098310768059009,0.566962354713247,0.557131277907347,2025.1408538547,2025.15068493151,CHIKV_RUN_S21b32_2025,55.481352,-21.314278
4928,786,REU.4.8_1,REU.4.8_1,0.00926730333992687,0.566962354713247,0.557695051373321,2025.14141762817,2025.15068493151,CHIKV_RUN_S21b13_2025,55.474649,-21.286325
3664,2002,REU.3.1_1,REU.3.1_1,0.00749084020752855,0.566962354713247,0.559471514505719,2025.1431940913,2025.15068493151,CHIKV_RUN_S21b23_2025,55.363019,-21.250659
3764,2716,REU.4.3_1,REU.4.3_1,0.00697668085479286,0.566962354713247,0.559985673858455,2025.14370825065,2025.15068493151,CHIKV_RUN_S21b20_2025,55.524765,-21.270645
4931,782,REU.4.8_1,REU.4.8_1,0.00689258916186786,0.566962354713247,0.56006976555138,2025.14379234235,2025.15068493151,CHIKV_RUN_S21b21_2025,55.476804,-21.285892
5497,2540,REU.2.3_1,REU.1.1_1,0.00650560273901402,0.566962354713247,0.560456751974233,2025.14417932877,2025.15068493151,CHIKV_RUN_S15b69_2025,55.679974,-20.996331
5015,802,REU.4.3_1,REU.4.3_1,0.00591882130729515,0.566962354713247,0.561043533405952,2025.1447661102,2025.15068493151,CHIKV_RUN_S35b75_2025,55.503625,-21.273697
3419,2095,REU.4.8_1,REU.3.5_1,0.00579058544099398,0.566962354713247,0.561171769272253,2025.14489434607,2025.15068493151,CHIKV_RUN_S21b42_2025,55.26568,-21.025643
4678,520,REU.4.8_1,REU.4.6_1,0.00559994165758293,0.566962354713247,0.561362413055664,2025.14508498985,2025.15068493151,CHIKV_RUN_S21b64_2025,55.412307,-21.288231
5023,858,REU.4.3_1,REU.4.3_1,0.00495114509138816,0.566962354713247,0.562011209621859,2025.14573378642,2025.15068493151,CHIKV_RUN_S22b28_2025,55.539411,-21.238334
4140,1016,REU.2.3_1,REU.2.3_1,0.00464096365505351,0.566962354713247,0.562321391058194,2025.14604396785,2025.15068493151,CHIKV_RUN_S13b79_2025,55.444339,-20.895055
3786,891,REU.2.1_1,REU.2.1_1,0.0043615563116578,0.566962354713248,0.56260079840159,2025.1463233752,2025.15068493151,CHIKV_RUN_S35b88_2025,55.341718,-20.937803
3786,892,REU.2.1_1,REU.2.1_1,0.0043615563116578,0.566962354713248,0.56260079840159,2025.1463233752,2025.15068493151,CHIKV_RUN_S21b46_2025,55.331844,-20.958921
5251,325,REU.4.3_1,REU.4.3_1,0.00275029391259274,0.566962354713247,0.564212060800655,2025.14793463759,2025.15068493151,CHIKV_RUN_S13b78_2025,55.518063,-21.285981
5762,1797,REU.4.6_1,REU.4.6_1,0.00182660441841254,0.566962354713247,0.565135750294835,2025.14885832709,2025.15068493151,CHIKV_RUN_S35b68_2025,55.433726,-21.276805
5367,5371,REU.4.3_1,REU.4.8_1,0.0396383020780211,0.566968850503168,0.527330548425147,2025.11105312522,2025.1506914273,NA,NA,NA
6220,6222,REU.4.3_1,REU.4.3_1,0.0169941464206016,0.566991190907308,0.549997044486706,2025.13371962128,2025.1507137677,NA,NA,NA
3631,3633,REU.4.1_1,REU.4.1_1,0.00434952133641076,0.567029755920449,0.562680234584039,2025.14640281138,2025.15075233271,NA,NA,NA
5382,5383,REU.4.3_1,REU.4.2_1,0.0445278819153714,0.567080485933152,0.52255260401778,2025.10627518081,2025.15080306273,NA,NA,NA
4996,4997,REU.4.3_1,REU.4.3_1,0.0951629898357239,0.567108021619627,0.471945031783903,2025.05566760858,2025.15083059841,NA,NA,NA
5983,5984,REU.3.1_1,REU.3.1_1,0.00363425640318471,0.567286765441,0.563652509037815,2025.14737508583,2025.15100934223,NA,NA,NA
3352,3353,REU.3.4_1,REU.4.8_1,0.0615985626628079,0.567301838766174,0.505703276103366,2025.0894258529,2025.15102441556,NA,NA,NA
4676,4677,REU.4.8_1,REU.4.8_1,0.0227599270978699,0.567434233710223,0.544674306612353,2025.12839688341,2025.1511568105,NA,NA,NA
4660,4663,REU.4.3_1,REU.4.3_1,0.0614271386982707,0.56744532712431,0.50601818842604,2025.08974076522,2025.15116790392,NA,NA,NA
5746,5747,REU.3.1_1,REU.3.1_1,0.0186329944614175,0.567453867134966,0.548820872673549,2025.13254344947,2025.15117644393,NA,NA,NA
5887,5888,REU.3.1_1,REU.3.2_1,0.10611668603917,0.567496253633649,0.461379567594479,2025.04510214439,2025.15121883043,NA,NA,NA
5150,5151,REU.4.4_1,REU.4.4_1,0.0434546665158368,0.567554490112324,0.524099823596487,2025.10782240039,2025.15127706691,NA,NA,NA
4850,4852,REU.4.3_1,REU.4.3_1,0.00252974941273942,0.567615395832257,0.565085646419517,2025.14880822321,2025.15133797263,NA,NA,NA
3280,3281,REU.3.1_1,REU.4.8_1,0.0386880845127065,0.56761764651811,0.528929562005404,2025.1126521388,2025.15134022331,NA,NA,NA
3320,3322,REU.3.4_1,REU.3.4_1,0.0177357600122561,0.567618841257369,0.549883081245113,2025.13360565804,2025.15134141805,NA,NA,NA
4663,4664,REU.4.3_1,REU.4.3_1,0.000325468168734688,0.567770795293045,0.56744532712431,2025.15116790392,2025.15149337209,NA,NA,NA
5998,5999,REU.3.1_1,REU.3.1_1,0.0226110652252058,0.56783137455216,0.545220309326954,2025.12894288612,2025.15155395135,NA,NA,NA
4353,4354,REU.4.3_1,REU.4.3_1,0.0113213359562031,0.567832495636349,0.556511159680146,2025.14023373647,2025.15155507243,NA,NA,NA
3537,3538,REU.4.6_1,REU.4.6_1,0.0633633701612525,0.567878756616227,0.504515386454975,2025.08823796325,2025.15160133341,NA,NA,NA
5709,5718,REU.3.1_1,REU.2.3_1,0.129631768640597,0.568114532316371,0.438482763675774,2025.02220534047,2025.15183710911,NA,NA,NA
3232,3235,REU.4.8_1,REU.4.3_1,0.0425503187820934,0.568205094788916,0.525654776006823,2025.1093773528,2025.15192767158,NA,NA,NA
3810,3811,REU.4.3_1,REU.4.3_1,0.0042450176295652,0.568305824668633,0.564060807039068,2025.14778338383,2025.15202840146,NA,NA,NA
3651,3652,REU.3.5_1,REU.3.5_1,0.031066505736613,0.56835397575247,0.537287470015857,2025.12101004681,2025.15207655255,NA,NA,NA
4441,4442,REU.3.3_1,REU.3.3_1,0.0345779622777211,0.568395323470512,0.533817361192791,2025.11753993799,2025.15211790026,NA,NA,NA
4755,4764,REU.4.3_1,REU.4.5_1,0.123406183880049,0.568588451274039,0.445182267393991,2025.02890484419,2025.15231102807,NA,NA,NA
5489,5491,REU.2.3_1,REU.2.3_1,0.0114191730656145,0.568660997699285,0.557241824633671,2025.14096440143,2025.15238357449,NA,NA,NA
3955,3957,REU.4.3_1,REU.4.3_1,0.0321578740522538,0.568758084119396,0.536600210067142,2025.12032278686,2025.15248066091,NA,NA,NA
4425,4426,REU.4.3_1,REU.4.3_1,0.0717901367166577,0.568784307022572,0.496994170305915,2025.0807167471,2025.15250688382,NA,NA,NA
5034,5035,REU.3.1_1,REU.3.1_1,0.00965923167991289,0.568832840920467,0.559173609240555,2025.14289618603,2025.15255541771,NA,NA,NA
5108,5109,REU.4.4_1,REU.4.4_1,0.158290929458518,0.569035341303751,0.410744411845234,2024.99446698864,2025.1527579181,NA,NA,NA
4341,4342,REU.4.3_1,REU.4.3_1,0.0886461424332762,0.569078106235597,0.480431963802321,2025.0641545406,2025.15280068303,NA,NA,NA
5901,5902,REU.3.5_1,REU.3.5_1,0.0199735508928898,0.56918977194381,0.54921622105092,2025.13293879784,2025.15291234874,NA,NA,NA
5971,5972,REU.3.1_1,REU.3.2_1,0.0472688593527272,0.569283624071512,0.522014764718785,2025.10573734151,2025.15300620087,NA,NA,NA
5262,5263,REU.2.3_1,REU.2.3_1,0.0488780503618474,0.569316851367057,0.520438801005209,2025.1041613778,2025.15303942816,NA,NA,NA
4148,4152,REU.2.3_1,REU.2.3_1,0.0489928360806978,0.569324021839519,0.520331185758821,2025.10405376255,2025.15304659863,NA,NA,NA
4041,4042,REU.4.3_1,REU.4.3_1,0.0876480203471546,0.569371348202152,0.481723327854998,2025.06544590465,2025.153093925,NA,NA,NA
4877,4878,REU.4.8_1,REU.4.8_1,0.0238352929115141,0.569395312213606,0.545560019302092,2025.1292825961,2025.15311788901,NA,NA,NA
5416,5417,REU.3.5_1,REU.3.5_1,0.038426577401381,0.569528494398505,0.531101916997124,2025.11482449379,2025.15325107119,NA,NA,NA
4544,4545,REU.4.3_1,REU.4.3_1,0.0119483401367954,0.569533271936564,0.557584931799769,2025.14130750859,2025.15325584873,NA,NA,NA
6149,6150,REU.3.4_1,REU.3.4_1,0.0396477641593338,0.569567381174522,0.529919617015189,2025.11364219381,2025.15328995797,NA,NA,NA
5461,2291,REU.4.3_1,REU.4.4_1,0.115784152306522,0.569702080740605,0.453917928434083,2025.03764050523,2025.15342465753,CHIKV_RUN_S35b78_2025,55.551897,-21.350346
4360,1635,REU.4.3_1,REU.4.8_1,0.0991867370791516,0.569702080740605,0.470515343661453,2025.05423792046,2025.15342465753,CHIKV_RUN_S21b57_2025,55.472224,-21.311853
4296,1935,REU.4.3_1,REU.4.6_1,0.0974617700051104,0.569702080740605,0.472240310735494,2025.05596288753,2025.15342465753,CHIKV_RUN_S21b51_2025,55.436296,-21.26359
4383,1496,REU.4.8_1,REU.3.1_1,0.0952062671504209,0.569702080740605,0.474495813590184,2025.05821839038,2025.15342465753,CHIKV_RUN_S22b21_2025,55.371738,-21.266489
5046,672,REU.4.3_1,REU.4.8_1,0.0949938730361704,0.569702080740605,0.474708207704434,2025.0584307845,2025.15342465753,CHIKV_RUN_S22b26_2025,55.502758,-21.295395
5468,2283,REU.4.3_1,REU.4.8_1,0.0900221588165775,0.569702080740605,0.479679921924027,2025.06340249872,2025.15342465753,CHIKV_RUN_S21b36_2025,55.533664,-21.316372
3330,2446,REU.3.5_1,REU.3.5_1,0.0799833921480411,0.569702080740605,0.489718688592564,2025.07344126539,2025.15342465753,CHIKV_RUN_S22b76_2025,55.223868,-21.048254
4868,807,REU.4.8_1,REU.4.8_1,0.0754337243144438,0.569702080740605,0.494268356426161,2025.07799093322,2025.15342465753,CHIKV_RUN_S35b90_2025,55.481762,-21.346205
5469,2287,REU.4.3_1,REU.4.3_1,0.0730637625124628,0.569702080740605,0.496638318228142,2025.08036089502,2025.15342465753,CHIKV_RUN_S21b44_2025,55.518603,-21.29672
4075,881,REU.4.3_1,REU.4.3_1,0.069909400410691,0.569702080740605,0.499792680329914,2025.08351525712,2025.15342465753,CHIKV_RUN_S13b90_2025,55.512085,-21.236172
6090,2853,REU.4.8_1,REU.2.1_1,0.0684018824299365,0.569702080740605,0.501300198310668,2025.0850227751,2025.15342465753,CHIKV_RUN_S35b76_2025,55.338492,-20.956196
6008,1901,REU.3.1_1,REU.3.4_1,0.0676283507359506,0.569702080740605,0.502073730004654,2025.0857963068,2025.15342465753,CHIKV_RUN_S22b59_2025,55.303985,-21.173627
4587,1452,REU.4.3_1,REU.4.6_1,0.067487762383328,0.569702080740605,0.502214318357277,2025.08593689515,2025.15342465753,CHIKV_RUN_S21b35_2025,55.408711,-21.289178
5663,2477,REU.3.1_1,REU.3.1_1,0.0667587234162156,0.569702080740605,0.502943357324389,2025.08666593412,2025.15342465753,CHIKV_RUN_S21b78_2025,55.36739,-21.251415
4179,1612,REU.4.8_1,REU.3.2_1,0.0558543657079197,0.569702080740605,0.513847715032685,2025.09757029183,2025.15342465753,CHIKV_RUN_S22b67_2025,55.333221,-21.240232
4010,166,REU.3.5_1,REU.3.5_1,0.0551303074601734,0.569702080740605,0.514571773280431,2025.09829435007,2025.15342465753,CHIKV_RUN_S14b06_2025,55.271828,-21.08516
3552,1879,REU.4.8_1,REU.4.4_1,0.0490749160414415,0.569702080740605,0.520627164699163,2025.10434974149,2025.15342465753,CHIKV_RUN_S14b32_2025,55.563997,-21.348199
5573,2486,REU.4.8_1,REU.3.5_1,0.0490249856076479,0.569702080740605,0.520677095132957,2025.10439967193,2025.15342465753,CHIKV_RUN_S21b50_2025,55.285628,-21.089236
3448,2122,REU.4.5_1,REU.4.8_1,0.0481855523912378,0.569702080740605,0.521516528349367,2025.10523910514,2025.15342465753,CHIKV_RUN_S13b82_2025,55.527768,-21.330149
5696,1851,REU.3.1_1,REU.3.1_1,0.0468660373315395,0.569702080740605,0.522836043409065,2025.1065586202,2025.15342465753,CHIKV_RUN_S21b70_2025,55.337482,-21.270987
4835,803,REU.4.3_1,REU.4.3_1,0.0378892443084531,0.569702080740605,0.531812836432152,2025.11553541323,2025.15342465753,CHIKV_RUN_S13b89_2025,55.513214,-21.285639
5590,1912,REU.3.1_1,REU.4.8_1,0.0370760457019245,0.569702080740605,0.53262603503868,2025.11634861183,2025.15342465753,CHIKV_RUN_S21b40_2025,55.46748,-21.301269
3728,1394,REU.4.8_1,REU.2.1_1,0.0356782822275528,0.569702080740605,0.534023798513052,2025.11774637531,2025.15342465753,CHIKV_RUN_S13b88_2025,55.340153,-20.937131
5146,1256,REU.4.4_1,REU.4.4_1,0.0290561842523649,0.569702080740605,0.54064589648824,2025.12436847328,2025.15342465753,CHIKV_RUN_S35b60_2025,55.566791,-21.348393
4489,933,REU.4.3_1,REU.4.3_1,0.0259222959906216,0.569702080740605,0.543779784749983,2025.12750236154,2025.15342465753,CHIKV_RUN_S13b87_2025,55.510972,-21.289362
6014,293,REU.3.1_1,REU.4.5_1,0.0249423704390269,0.569702080740605,0.544759710301578,2025.1284822871,2025.15342465753,CHIKV_RUN_S22b66_2025,55.602883,-21.332519
5163,1103,REU.4.3_1,REU.4.3_1,0.0249252055225495,0.569702080740605,0.544776875218055,2025.12849945201,2025.15342465753,CHIKV_RUN_S35b92_2025,55.541191,-21.257468
4040,365,REU.4.3_1,REU.3.1_1,0.0246531355063816,0.569702080740605,0.545048945234223,2025.12877152203,2025.15342465753,CHIKV_RUN_S22b63_2025,55.370369,-21.281844
5147,1254,REU.4.4_1,REU.4.5_1,0.0225372001719737,0.569702080740605,0.547164880568631,2025.13088745736,2025.15342465753,CHIKV_RUN_S21b60_2025,55.617375,-21.375613
5041,746,REU.4.8_1,REU.4.8_1,0.0210442372700879,0.569702080740605,0.548657843470517,2025.13238042026,2025.15342465753,CHIKV_RUN_S35b61_2025,55.487301,-21.345641
4391,1517,REU.4.3_1,REU.4.8_1,0.0170566423083636,0.569702080740605,0.552645438432241,2025.13636801523,2025.15342465753,CHIKV_RUN_S35b66_2025,55.484298,-21.257965
4019,98,REU.4.3_1,REU.4.3_1,0.0144179260983588,0.569702080740605,0.555284154642246,2025.13900673144,2025.15342465753,CHIKV_RUN_S14b30_2025,55.520338,-21.268537
4138,994,REU.2.3_1,REU.2.3_1,0.0138183064998054,0.569702080740605,0.555883774240799,2025.13960635103,2025.15342465753,CHIKV_RUN_S35b80_2025,55.490575,-20.922373
3981,122,REU.3.5_1,REU.3.5_1,0.0134568099892088,0.569702080740605,0.556245270751396,2025.13996784754,2025.15342465753,CHIKV_RUN_S14b07_2025,55.270136,-21.083703
4379,1501,REU.4.3_1,REU.4.3_1,0.0107451533465823,0.569702080740605,0.558956927394022,2025.14267950419,2025.15342465753,CHIKV_RUN_S13b84_2025,55.511534,-21.232849
4437,89,REU.3.3_1,REU.3.3_1,0.00994664424323521,0.569702080740605,0.55975543649737,2025.14347801329,2025.15342465753,CHIKV_RUN_S21b54_2025,55.289794,-21.107537
4931,781,REU.4.8_1,REU.4.8_1,0.00963231518922525,0.569702080740605,0.56006976555138,2025.14379234235,2025.15342465753,CHIKV_RUN_S22b29_2025,55.477033,-21.287757
3919,223,REU.4.5_1,REU.4.5_1,0.00875831483046519,0.569702080740605,0.56094376591014,2025.1446663427,2025.15342465753,CHIKV_RUN_S14b34_2025,55.593875,-21.366009
6016,3009,REU.3.2_1,REU.3.2_1,0.00282914573846327,0.569702080740605,0.566872935002142,2025.1505955118,2025.15342465753,CHIKV_RUN_S22b61_2025,55.340688,-21.242198
5879,5880,REU.2.3_1,REU.2.3_1,0.0294513666999676,0.569774037469743,0.540322670769775,2025.12404524756,2025.15349661426,NA,NA,NA
4788,4789,REU.2.3_1,REU.2.3_1,0.00291226852838178,0.569804466878877,0.566892198350496,2025.15061477514,2025.15352704367,NA,NA,NA
3525,3526,REU.4.8_1,REU.4.8_1,0.0947428841763409,0.57006550048055,0.475322616304209,2025.0590451931,2025.15378807727,NA,NA,NA
5164,5167,REU.4.8_1,REU.4.8_1,0.00394070183548467,0.570101197305814,0.566160495470329,2025.14988307226,2025.1538237741,NA,NA,NA
5647,5648,REU.2.5_1,REU.2.5_1,0.00347705092263328,0.57011956335467,0.566642512432037,2025.15036508923,2025.15384214015,NA,NA,NA
3299,3301,REU.3.4_1,REU.3.4_1,0.0111651985116326,0.570134166096608,0.558968967584976,2025.14269154438,2025.15385674289,NA,NA,NA
3633,3634,REU.4.1_1,REU.4.1_1,0.00345968634247584,0.570489442262925,0.567029755920449,2025.15075233271,2025.15421201906,NA,NA,NA
4500,4503,REU.2.3_1,REU.2.4_1,0.00543678709900375,0.570502865481941,0.565066078382938,2025.14878865518,2025.15422544228,NA,NA,NA
6002,6003,REU.3.1_1,REU.3.1_1,0.0378678464561999,0.570529777945192,0.532661931488992,2025.11638450828,2025.15425235474,NA,NA,NA
3191,3192,REU.4.8_1,REU.4.8_1,0.0366396183897866,0.570558496649084,0.533918878259297,2025.11764145505,2025.15428107344,NA,NA,NA
6208,6210,REU.4.3_1,REU.4.3_1,0.0263612317696632,0.570605646095663,0.544244414326,2025.12796699112,2025.15432822289,NA,NA,NA
5813,5814,REU.4.8_1,REU.4.3_1,0.0593045685080369,0.570666377044933,0.511361808536896,2025.09508438533,2025.15438895384,NA,NA,NA
5001,5002,REU.4.3_1,REU.4.3_1,0.0413192418526943,0.570676566877726,0.529357325025032,2025.11307990182,2025.15439914367,NA,NA,NA
5299,5300,REU.4.8_1,REU.4.8_1,0.0244663906795572,0.570799485688523,0.546333095008965,2025.1300556718,2025.15452206248,NA,NA,NA
3307,3309,REU.3.4_1,REU.3.4_1,0.0216913390293815,0.570891593733204,0.549200254703822,2025.1329228315,2025.15461417053,NA,NA,NA
3383,3386,REU.3.1_1,REU.3.1_1,0.0309161768187458,0.571269867860959,0.540353691042213,2025.12407626784,2025.15499244465,NA,NA,NA
5625,5626,REU.3.4_1,REU.4.3_1,0.0353430647252715,0.571293250784646,0.535950186059375,2025.11967276285,2025.15501582758,NA,NA,NA
3493,3494,REU.4.8_1,REU.4.8_1,0.0405341375155706,0.571362328088543,0.530828190572973,2025.11455076737,2025.15508490488,NA,NA,NA
6210,6211,REU.4.3_1,REU.4.3_1,0.000990053963469295,0.571595700059132,0.570605646095663,2025.15432822289,2025.15531827685,NA,NA,NA
6124,6125,REU.2.4_1,REU.2.4_1,0.029530466037376,0.571610313766597,0.542079847729221,2025.12580242452,2025.15533289056,NA,NA,NA
5751,5752,REU.4.8_1,REU.4.8_1,0.022722408038107,0.571634484795955,0.548912076757848,2025.13263465355,2025.15535706159,NA,NA,NA
6214,6215,REU.4.8_1,REU.4.8_1,0.0531071094719935,0.571670184436856,0.518563074964863,2025.10228565176,2025.15539276123,NA,NA,NA
5991,5992,REU.3.1_1,REU.4.8_1,0.0107837737064058,0.571781465959784,0.560997692253378,2025.14472026905,2025.15550404275,NA,NA,NA
4686,4687,REU.4.3_1,REU.4.3_1,0.0455807511153578,0.571794773976602,0.526214022861244,2025.10993659965,2025.15551735077,NA,NA,NA
4688,4695,REU.4.3_1,REU.4.3_1,0.0400908703762185,0.571800579621068,0.531709709244849,2025.11543228604,2025.15552315641,NA,NA,NA
5355,5356,REU.4.8_1,REU.3.5_1,0.0224047200323412,0.571809501395411,0.54940478136307,2025.13312735816,2025.15553207819,NA,NA,NA
4683,4684,REU.4.3_1,REU.4.3_1,0.0167899906614803,0.571839270088214,0.555049279426733,2025.13877185622,2025.15556184688,NA,NA,NA
4922,4923,REU.4.8_1,REU.4.8_1,0.0207676666154457,0.571865047674577,0.551097381059132,2025.13481995785,2025.15558762447,NA,NA,NA
4478,4479,REU.4.4_1,REU.4.4_1,0.00914763707807142,0.571904474647767,0.562756837569696,2025.14647941436,2025.15562705144,NA,NA,NA
5999,6000,REU.3.1_1,REU.3.1_1,0.00409888940734882,0.571930263959508,0.56783137455216,2025.15155395135,2025.15565284075,NA,NA,NA
4902,4903,REU.4.3_1,REU.4.4_1,0.0762598532234618,0.571933817413923,0.495673964190461,2025.07939654098,2025.15565639421,NA,NA,NA
3975,3976,REU.4.8_1,REU.4.8_1,0.00640077835657682,0.571967608396605,0.565566830040028,2025.14928940683,2025.15569018519,NA,NA,NA
4496,4497,REU.2.3_1,REU.2.3_1,0.0339905745153476,0.572047710217351,0.538057135702004,2025.1217797125,2025.15577028701,NA,NA,NA
4443,4444,REU.3.3_1,REU.3.3_1,0.015103040511161,0.572057180289031,0.55695413977787,2025.14067671657,2025.15577975708,NA,NA,NA
5893,5894,REU.4.8_1,REU.3.1_1,0.168829924736335,0.572070154983903,0.403240230247568,2024.98696280704,2025.15579273178,NA,NA,NA
5537,5538,REU.3.1_1,REU.3.1_1,0.0640069555426082,0.572084765615616,0.508077810073008,2025.09180038687,2025.15580734241,NA,NA,NA
4312,4313,REU.4.3_1,REU.4.3_1,0.016583343058038,0.572112653061834,0.555529310003796,2025.1392518868,2025.15583522986,NA,NA,NA
4152,4153,REU.2.3_1,REU.2.3_1,0.00279559556051356,0.572119617400032,0.569324021839519,2025.15304659863,2025.15584219419,NA,NA,NA
6176,6178,REU.3.4_1,REU.4.6_1,0.00689879066233323,0.572136387882514,0.565237597220181,2025.14896017401,2025.15585896468,NA,NA,NA
4795,4796,REU.2.3_1,REU.2.3_1,0.0434889178200929,0.572141232987093,0.528652315167,2025.11237489196,2025.15586380978,NA,NA,NA
3997,3998,REU.2.3_1,REU.2.3_1,0.00780196300038605,0.572153029058496,0.56435106605811,2025.14807364285,2025.15587560585,NA,NA,NA
4361,4362,REU.4.3_1,REU.4.3_1,0.0803308522274034,0.572257381729046,0.491926529501643,2025.0756491063,2025.15597995852,NA,NA,NA
4906,4907,REU.4.3_1,REU.2.3_1,0.0740271185353866,0.572292206871378,0.498265088335992,2025.08198766513,2025.15601478367,NA,NA,NA
5605,5606,REU.3.1_1,REU.3.1_1,0.0485962240482006,0.572345059485652,0.523748835437452,2025.10747141223,2025.15606763628,NA,NA,NA
3223,3226,REU.3.1_1,REU.3.1_1,0.0186574481500599,0.57240311083966,0.5537456626896,2025.13746823948,2025.15612568763,NA,NA,NA
3367,3374,REU.4.5_1,REU.4.5_1,0.0548936702099184,0.57244081824644,0.517547148036521,2025.10126972483,2025.15616339504,NA,NA,NA
3481,2099,REU.4.5_1,REU.4.5_1,0.0695711242847697,0.572441806767962,0.502870682483192,2025.08659325928,2025.15616438356,CHIKV_RUN_S14b26_2025,55.632211,-21.332511
5091,1257,REU.4.4_1,REU.4.4_1,0.0638082359468439,0.572441806767962,0.508633570821118,2025.09235614761,2025.15616438356,CHIKV_RUN_S14b37_2025,55.561036,-21.338621
5759,3055,REU.3.2_1,REU.3.2_1,0.02887018289707,0.572441806767962,0.543571623870892,2025.12729420066,2025.15616438356,CHIKV_RUN_S14b25_2025,55.336888,-21.2427
4632,388,REU.4.3_1,REU.4.3_1,0.0203138987175429,0.572441806767962,0.552127908050419,2025.13585048484,2025.15616438356,CHIKV_RUN_S35b73_2025,55.522762,-21.281672
3743,1312,REU.4.3_1,REU.4.3_1,0.0184053794027592,0.572441806767962,0.554036427365203,2025.13775900416,2025.15616438356,CHIKV_RUN_S14b23_2025,55.524084,-21.278363
4388,1515,REU.4.3_1,REU.2.2_1,0.0160689685955437,0.572441806767962,0.556372838172418,2025.14009541497,2025.15616438356,CHIKV_RUN_S35b79_2025,55.300556,-20.942792
3298,2464,REU.3.4_1,REU.3.4_1,0.0136236284476045,0.572441806767962,0.558818178320358,2025.14254075511,2025.15616438356,CHIKV_RUN_S14b35_2025,55.310861,-21.220284
3953,615,REU.4.3_1,REU.4.8_1,0.011809186173966,0.572441806767962,0.560632620593996,2025.14435519739,2025.15616438356,CHIKV_RUN_S14b10_2025,55.489611,-21.276861
4912,711,REU.4.3_1,REU.4.3_1,0.0109595135996532,0.572441806767962,0.561482293168309,2025.14520486996,2025.15616438356,CHIKV_RUN_S14b31_2025,55.487883,-21.255229
3342,3343,REU.3.4_1,REU.3.4_1,0.0568641067909957,0.57254138062347,0.515677273832475,2025.09939985063,2025.15626395742,NA,NA,NA
4560,4561,REU.4.3_1,REU.4.3_1,0.0232381178550172,0.572600453011108,0.54936233515609,2025.13308491195,2025.1563230298,NA,NA,NA
3538,3539,REU.4.6_1,REU.4.6_1,0.00486166485415873,0.572740421470386,0.567878756616227,2025.15160133341,2025.15646299826,NA,NA,NA
3535,3536,REU.4.6_1,REU.4.6_1,0.0152045428206239,0.57294850026509,0.557743957444466,2025.14146653424,2025.15667107706,NA,NA,NA
3413,3415,REU.4.5_1,REU.4.5_1,0.038256151255034,0.572994421192712,0.534738269937678,2025.11846084673,2025.15671699799,NA,NA,NA
6110,6111,REU.2.4_1,REU.2.4_1,0.023433279626192,0.573004730396265,0.549571450770073,2025.13329402756,2025.15672730719,NA,NA,NA
3750,3753,REU.2.3_1,REU.2.3_1,0.101151848035139,0.573126829493133,0.471974981457994,2025.05569755825,2025.15684940629,NA,NA,NA
3553,3554,REU.4.8_1,REU.2.2_1,0.0344529889991959,0.573254401622177,0.538801412622981,2025.12252398942,2025.15697697842,NA,NA,NA
3849,3850,REU.3.5_1,REU.3.5_1,0.0492569283075385,0.57327353026557,0.524016601958032,2025.10773917875,2025.15699610706,NA,NA,NA
5914,5915,REU.4.8_1,REU.4.8_1,0.118344666215006,0.573302960139824,0.454958293924817,2025.03868087072,2025.15702553693,NA,NA,NA
3901,3902,REU.4.5_1,REU.4.5_1,0.0162538566770192,0.573436367906255,0.557182511229236,2025.14090508802,2025.1571589447,NA,NA,NA
5651,5652,REU.2.5_1,REU.2.5_1,0.0422993816785578,0.573678463167877,0.531379081489319,2025.11510165828,2025.15740103996,NA,NA,NA
4858,4859,REU.4.6_1,REU.4.6_1,0.0135878082885152,0.573851866998856,0.560264058710341,2025.1439866355,2025.15757444379,NA,NA,NA
5640,5641,REU.2.3_1,REU.2.3_1,0.0302288963803221,0.573934494817491,0.543705598437169,2025.12742817523,2025.15765707161,NA,NA,NA
4613,4614,REU.4.3_1,REU.4.3_1,0.0231402989199077,0.573950367343296,0.550810068423388,2025.13453264522,2025.15767294414,NA,NA,NA
4351,4352,REU.4.3_1,REU.4.3_1,0.0402159451350554,0.573960848423906,0.533744903288851,2025.11746748008,2025.15768342522,NA,NA,NA
4011,4012,REU.3.5_1,REU.3.5_1,0.00744184774192225,0.57405880517877,0.566616957436848,2025.15033953423,2025.15778138197,NA,NA,NA
5209,5210,REU.4.3_1,REU.4.3_1,0.0674757712204687,0.574095870997962,0.506620099777493,2025.09034267657,2025.15781844779,NA,NA,NA
3453,3454,REU.4.5_1,REU.4.5_1,0.0392365707111886,0.574118701204111,0.534882130492922,2025.11860470729,2025.157841278,NA,NA,NA
3944,3947,REU.4.3_1,REU.4.3_1,0.129452127112952,0.574155899957682,0.44470377284473,2025.02842634964,2025.15787847675,NA,NA,NA
5405,5407,REU.2.3_1,REU.1.3_1,0.0306873065606622,0.574169664557714,0.543482357997052,2025.12720493479,2025.15789224135,NA,NA,NA
6107,6108,REU.2.4_1,REU.2.4_1,0.136548132077621,0.574188026742078,0.437639894664457,2025.02136247146,2025.15791060354,NA,NA,NA
4318,4319,REU.4.3_1,REU.4.3_1,0.0117789171765597,0.574420067006267,0.562641149829708,2025.14636372662,2025.1581426438,NA,NA,NA
3596,3597,REU.3.1_1,REU.4.6_1,0.028068727987775,0.574436306906357,0.546367578918582,2025.13009015571,2025.1581588837,NA,NA,NA
3424,3425,REU.4.5_1,REU.4.5_1,0.076968856794673,0.574567726764852,0.497598869970179,2025.08132144676,2025.15829030356,NA,NA,NA
3162,3167,REU.3.1_1,REU.3.1_1,0.101318242290667,0.574593496387637,0.47327525409697,2025.05699783089,2025.15831607318,NA,NA,NA
3366,3375,REU.4.5_1,REU.4.5_1,0.0686516128016301,0.574713786284298,0.506062173482668,2025.08978475028,2025.15843636308,NA,NA,NA
3965,3971,REU.4.8_1,REU.2.3_1,0.0364916256193231,0.574725691554338,0.538234065935015,2025.12195664273,2025.15844826835,NA,NA,NA
5122,5125,REU.4.4_1,REU.4.4_1,0.0280593530472333,0.574789827506893,0.54673047445966,2025.13045305125,2025.1585124043,NA,NA,NA
5804,5805,REU.3.1_1,REU.3.1_1,0.0615275522000056,0.574802218235162,0.513274666035157,2025.09699724283,2025.15852479503,NA,NA,NA
6045,6046,REU.2.3_1,REU.2.3_1,0.130133343356377,0.574875421434875,0.444742078078498,2025.02846465487,2025.15859799823,NA,NA,NA
4500,4501,REU.2.3_1,REU.2.3_1,0.00991053987365187,0.574976618256589,0.565066078382938,2025.14878865518,2025.15869919505,NA,NA,NA
5871,5872,REU.2.3_1,REU.2.3_1,0.011867572294354,0.575010954386296,0.563143382091942,2025.14686595889,2025.15873353118,NA,NA,NA
3333,3334,REU.4.6_1,REU.4.6_1,0.0491658622065911,0.575043723229199,0.525877861022608,2025.10960043782,2025.15876630002,NA,NA,NA
3238,3060,REU.4.8_1,REU.4.3_1,0.0641084787376638,0.57518153279532,0.511073054057656,2025.09479563085,2025.15890410959,CHIKV_RUN_S14b21_2025,55.498797,-21.258041
5483,2259,REU.4.3_1,REU.4.3_1,0.0290046170546275,0.57518153279532,0.546176915740692,2025.12989949253,2025.15890410959,CHIKV_RUN_S14b24_2025,55.516538,-21.280238
5147,1209,REU.4.4_1,REU.4.4_1,0.0280166522266885,0.57518153279532,0.547164880568631,2025.13088745736,2025.15890410959,CHIKV_RUN_S14b22_2025,55.55582,-21.342746
4927,4929,REU.4.8_1,REU.4.8_1,0.0258426951367242,0.575297918214809,0.549455223078084,2025.13317779987,2025.15902049501,NA,NA,NA
5569,5570,REU.2.3_1,REU.2.3_1,0.00897628328985745,0.575342555548977,0.56636627225912,2025.15008884905,2025.15906513234,NA,NA,NA
4517,4520,REU.4.3_1,REU.4.8_1,0.0120519818890447,0.575449053709391,0.563397071820347,2025.14711964861,2025.1591716305,NA,NA,NA
5613,5614,REU.4.3_1,REU.4.3_1,0.0334673380773572,0.575496655930083,0.542029317852726,2025.12575189465,2025.15921923272,NA,NA,NA
5043,5044,REU.4.8_1,REU.4.8_1,0.0311134229447328,0.57558494457814,0.544471521633407,2025.12819409843,2025.15930752137,NA,NA,NA
4012,4014,REU.3.5_1,REU.3.5_1,0.0015271180509655,0.575585923229736,0.57405880517877,2025.15778138197,2025.15930850002,NA,NA,NA
6090,6091,REU.4.8_1,REU.4.8_1,0.0743228740050161,0.575623072315684,0.501300198310668,2025.0850227751,2025.15934564911,NA,NA,NA
3927,3928,REU.4.5_1,REU.4.5_1,0.0204289186098301,0.575687734306017,0.555258815696187,2025.13898139249,2025.1594103111,NA,NA,NA
4042,4043,REU.4.3_1,REU.4.3_1,0.00640883190420383,0.575780180106356,0.569371348202152,2025.153093925,2025.1595027569,NA,NA,NA
4614,4615,REU.4.3_1,REU.4.3_1,0.00185990158128591,0.575810268924582,0.573950367343296,2025.15767294414,2025.15953284572,NA,NA,NA
4487,4488,REU.2.3_1,REU.2.3_1,0.00996031940405517,0.575848515993885,0.56588819658983,2025.14961077338,2025.15957109279,NA,NA,NA
4768,4769,REU.4.5_1,REU.4.5_1,0.024012155242735,0.575891851051241,0.551879695808506,2025.1356022726,2025.15961442784,NA,NA,NA
3423,3431,REU.4.5_1,REU.4.8_1,0.0838255797687505,0.576143949490777,0.492318369722026,2025.07604094652,2025.15986652628,NA,NA,NA
3782,3783,REU.2.1_1,REU.2.1_1,0.0655215527627575,0.576174057517213,0.510652504754456,2025.09437508155,2025.15989663431,NA,NA,NA
4258,4259,REU.4.8_1,REU.4.8_1,0.032750620309995,0.576188520422876,0.543437900112881,2025.12716047691,2025.15991109722,NA,NA,NA
3309,3310,REU.3.4_1,REU.3.4_1,0.00541844592724539,0.576310039660449,0.570891593733204,2025.15461417053,2025.16003261645,NA,NA,NA
3806,3807,REU.4.3_1,REU.4.3_1,0.0282883399728369,0.576358684798843,0.548070344826006,2025.13179292162,2025.16008126159,NA,NA,NA
5024,5025,REU.4.3_1,REU.4.3_1,0.0137154151768673,0.576403136864392,0.562687721687524,2025.14641029848,2025.16012571366,NA,NA,NA
3353,3354,REU.4.8_1,REU.4.8_1,0.00919146944146298,0.576493308207637,0.567301838766174,2025.15102441556,2025.160215885,NA,NA,NA
6029,6030,REU.3.5_1,REU.3.5_1,0.00971045725324271,0.576499636996491,0.566789179743248,2025.15051175654,2025.16022221379,NA,NA,NA
4452,4460,REU.4.8_1,REU.4.8_1,0.0637521772114027,0.576693610987044,0.512941433775641,2025.09666401057,2025.16041618778,NA,NA,NA
5391,5392,REU.2.3_1,REU.2.3_1,0.0799422853579926,0.576889750645908,0.496947465287915,2025.08067004208,2025.16061232744,NA,NA,NA
4517,4518,REU.4.3_1,REU.4.3_1,0.0135278515374134,0.57692492335776,0.563397071820347,2025.14711964861,2025.16064750015,NA,NA,NA
4370,4371,REU.4.3_1,REU.4.3_1,0.0412594115980174,0.576943613163205,0.535684201565188,2025.11940677836,2025.16066618996,NA,NA,NA
5033,5037,REU.4.8_1,REU.4.3_1,0.0544156776069933,0.576945754687453,0.52253007708046,2025.10625265387,2025.16066833148,NA,NA,NA
3955,3956,REU.4.3_1,REU.4.8_1,0.0404243390536605,0.577024549120803,0.536600210067142,2025.12032278686,2025.16074712591,NA,NA,NA
5327,5328,REU.4.3_1,REU.4.3_1,0.0105112579715756,0.577025553791671,0.566514295820095,2025.15023687261,2025.16074813059,NA,NA,NA
3493,3495,REU.4.8_1,REU.4.8_1,0.0462670980434371,0.57709528861641,0.530828190572973,2025.11455076737,2025.16081786541,NA,NA,NA
5464,5465,REU.4.3_1,REU.4.3_1,0.0507404505755897,0.577138150177148,0.526397699601558,2025.1101202764,2025.16086072697,NA,NA,NA
6213,6216,REU.4.8_1,REU.4.8_1,0.065635723439427,0.577155620783423,0.511519897343996,2025.09524247414,2025.16087819758,NA,NA,NA
6065,6066,REU.2.3_1,REU.2.3_1,0.0318252018488226,0.577195633303622,0.545370431454799,2025.12909300825,2025.1609182101,NA,NA,NA
5761,5765,REU.3.1_1,REU.3.1_1,0.0248402402693717,0.577220409179407,0.552380168910035,2025.1361027457,2025.16094298597,NA,NA,NA
5354,5360,REU.4.8_1,REU.4.8_1,0.0476470846350074,0.577244229709177,0.529597145074169,2025.11331972187,2025.1609668065,NA,NA,NA
3902,3903,REU.4.5_1,REU.4.5_1,0.00385060121723302,0.577286969123488,0.573436367906255,2025.1571589447,2025.16100954592,NA,NA,NA
5213,5220,REU.3.5_1,REU.3.5_1,0.0814248076213089,0.577302182941,0.495877375319691,2025.07959995211,2025.16102475973,NA,NA,NA
3683,3684,REU.2.3_1,REU.2.3_1,0.0171451610818036,0.577340488766337,0.560195327684534,2025.14391790448,2025.16106306556,NA,NA,NA
4958,4960,REU.4.3_1,REU.4.3_1,0.0316471065213961,0.577344243521952,0.545697137000556,2025.12941971379,2025.16106682032,NA,NA,NA
4436,4438,REU.3.3_1,REU.3.3_1,0.043785833850239,0.577445323371721,0.533659489521482,2025.11738206632,2025.16116790017,NA,NA,NA
3204,3205,REU.4.8_1,REU.4.8_1,0.0924009203179259,0.57760192126631,0.485201000948384,2025.06892357774,2025.16132449806,NA,NA,NA
5068,5069,REU.4.4_1,REU.4.4_1,0.0194154541855602,0.577625641244717,0.558210187059157,2025.14193276385,2025.16134821804,NA,NA,NA
4505,4507,REU.2.4_1,REU.2.4_1,0.0224518009820704,0.577634372427502,0.555182571445432,2025.13890514824,2025.16135694922,NA,NA,NA
3817,3818,REU.4.3_1,REU.2.3_1,0.0851632848953481,0.57776604370224,0.492602758806892,2025.0763253356,2025.1614886205,NA,NA,NA
3931,3933,REU.4.5_1,REU.4.5_1,0.0519561821902184,0.577835773941329,0.52587959175111,2025.10960216854,2025.16155835074,NA,NA,NA
3935,228,REU.4.5_1,REU.4.7_1,0.147599371796222,0.577921258822677,0.430321887026455,2025.01404446382,2025.16164383562,CHIKV_RUN_S14b05_2025,55.706919,-21.371935
3751,1049,REU.2.3_1,REU.4.5_1,0.0872278574618444,0.577921258822677,0.490693401360833,2025.07441597815,2025.16164383562,CHIKV_RUN_S14b12_2025,55.689517,-21.366414
4794,475,REU.4.3_1,REU.1.1_1,0.0828271402430094,0.577921258822677,0.495094118579668,2025.07881669537,2025.16164383562,CHIKV_RUN_S16b82_2025,55.682539,-20.998509
3147,1953,REU.2.3_1,REU.2.3_1,0.0675723114014669,0.577921258822677,0.51034894742121,2025.09407152421,2025.16164383562,CHIKV_RUN_S16b83_2025,55.446423,-20.894682
5099,1194,REU.4.8_1,REU.4.8_1,0.0631433883731366,0.577921258822677,0.51477787044954,2025.09850044724,2025.16164383562,CHIKV_RUN_S14b08_2025,55.462594,-21.339923
4893,676,REU.4.3_1,REU.4.3_1,0.0477771138877041,0.577921258822677,0.530144144934973,2025.11386672173,2025.16164383562,CHIKV_RUN_S13b93_2025,55.527448,-21.29073
3221,2307,REU.3.1_1,REU.3.1_1,0.0444157346154689,0.577921258822677,0.533505524207208,2025.117228101,2025.16164383562,CHIKV_RUN_S14b01_2025,55.362654,-21.261016
5483,2258,REU.4.3_1,REU.4.3_1,0.0317443430819849,0.577921258822677,0.546176915740692,2025.12989949253,2025.16164383562,CHIKV_RUN_S13b92_2025,55.516588,-21.288807
4311,1414,REU.4.3_1,REU.4.3_1,0.0305024801598481,0.577921258822677,0.547418778662829,2025.13114135546,2025.16164383562,CHIKV_RUN_S14b04_2025,55.518117,-21.277147
4917,791,REU.4.8_1,REU.4.8_1,0.0296257014697794,0.577921258822677,0.548295557352898,2025.13201813415,2025.16164383562,CHIKV_RUN_S14b11_2025,55.473862,-21.287217
5751,2765,REU.4.8_1,REU.3.4_1,0.0290091820648293,0.577921258822677,0.548912076757848,2025.13263465355,2025.16164383562,CHIKV_RUN_S14b56_2025,55.335341,-21.201919
4857,768,REU.4.6_1,REU.4.6_1,0.0252318699056453,0.577921258822677,0.552689388917032,2025.13641196571,2025.16164383562,CHIKV_RUN_S14b39_2025,55.428683,-21.264105
4514,1676,REU.4.3_1,REU.4.3_1,0.0235666881175307,0.577921258822677,0.554354570705146,2025.1380771475,2025.16164383562,CHIKV_RUN_S14b13_2025,55.527306,-21.25541
4661,547,REU.4.8_1,REU.4.8_1,0.0196403636142999,0.577921258822677,0.558280895208377,2025.142003472,2025.16164383562,CHIKV_RUN_S13b91_2025,55.498253,-21.294116
5379,1726,REU.4.3_1,REU.4.3_1,0.0176050502951037,0.577921258822677,0.560316208527573,2025.14403878532,2025.16164383562,CHIKV_RUN_S14b40_2025,55.533409,-21.262617
3953,1477,REU.4.3_1,REU.4.3_1,0.0172886382286808,0.577921258822677,0.560632620593996,2025.14435519739,2025.16164383562,CHIKV_RUN_S14b19_2025,55.526862,-21.280133
4318,1401,REU.4.3_1,REU.4.3_1,0.0152801089929692,0.577921258822677,0.562641149829708,2025.14636372662,2025.16164383562,CHIKV_RUN_S14b15_2025,55.503577,-21.27514
5972,2662,REU.3.2_1,REU.3.2_1,0.00863763475116486,0.577921258822677,0.569283624071512,2025.15300620087,2025.16164383562,CHIKV_RUN_S14b09_2025,55.343116,-21.221034
4545,919,REU.4.3_1,REU.4.3_1,0.00838798688611264,0.577921258822677,0.569533271936564,2025.15325584873,2025.16164383562,CHIKV_RUN_S14b14_2025,55.533632,-21.283827
5814,2005,REU.4.3_1,REU.4.3_1,0.0072548817777438,0.577921258822677,0.570666377044933,2025.15438895384,2025.16164383562,CHIKV_RUN_S14b36_2025,55.514278,-21.257017
5992,2650,REU.4.8_1,REU.3.2_1,0.00613979286289279,0.577921258822677,0.571781465959784,2025.15550404275,2025.16164383562,CHIKV_RUN_S14b20_2025,55.354662,-21.243279
4448,4449,REU.4.8_1,REU.4.8_1,0.0657088943928116,0.578029351003244,0.512320456610432,2025.0960430334,2025.1617519278,NA,NA,NA
4769,4770,REU.4.5_1,REU.4.5_1,0.00220223483863635,0.578094085889878,0.575891851051241,2025.15961442784,2025.16181666268,NA,NA,NA
3884,3885,REU.4.5_1,REU.4.5_1,0.0261974985409336,0.578103775234143,0.55190627669321,2025.13562885349,2025.16182635203,NA,NA,NA
5356,5358,REU.3.5_1,REU.3.5_1,0.00646950688486592,0.578279008280277,0.571809501395411,2025.15553207819,2025.16200158507,NA,NA,NA
3388,3391,REU.2.3_1,REU.2.3_1,0.0513622451412088,0.578327506100732,0.526965260959523,2025.11068783775,2025.16205008289,NA,NA,NA
5976,5978,REU.3.1_1,REU.4.8_1,0.0504494060276623,0.578406529284255,0.527957123256592,2025.11167970005,2025.16212910608,NA,NA,NA
4483,4484,REU.4.3_1,REU.4.3_1,0.0662091404397568,0.57849903785668,0.512289897416923,2025.09601247421,2025.16222161465,NA,NA,NA
4858,4863,REU.4.6_1,REU.4.6_1,0.0182473852576809,0.578511443968022,0.560264058710341,2025.1439866355,2025.16223402076,NA,NA,NA
4946,4949,REU.4.3_1,REU.4.3_1,0.0881876477844044,0.57851919117396,0.490331543389555,2025.07405412018,2025.16224176797,NA,NA,NA
3767,3768,REU.2.3_1,REU.3.5_1,0.0264939976497699,0.578528794481572,0.552034796831802,2025.13575737363,2025.16225137128,NA,NA,NA
3768,3769,REU.3.5_1,REU.3.5_1,1.32412925214487e-05,0.578542035774094,0.578528794481572,2025.16225137128,2025.16226461257,NA,NA,NA
5765,5766,REU.3.1_1,REU.3.1_1,0.00133922411610354,0.578559633295511,0.577220409179407,2025.16094298597,2025.16228221009,NA,NA,NA
6066,6067,REU.2.3_1,REU.2.3_1,0.00142463053426467,0.578620263837887,0.577195633303622,2025.1609182101,2025.16234284063,NA,NA,NA
5617,5618,REU.4.8_1,REU.4.6_1,0.0559269990805263,0.578623012464213,0.522696013383687,2025.10641859018,2025.16234558926,NA,NA,NA
5143,5144,REU.4.4_1,REU.4.8_1,0.0295525816404842,0.578806891050389,0.549254309409905,2025.1329768862,2025.16252946784,NA,NA,NA
5630,5631,REU.3.4_1,REU.2.3_1,0.10548288959204,0.578869719972793,0.473386830380753,2025.05710940717,2025.16259229677,NA,NA,NA
3811,3812,REU.4.3_1,REU.4.3_1,0.0106448119101126,0.578950636578745,0.568305824668633,2025.15202840146,2025.16267321337,NA,NA,NA
4272,4273,REU.4.3_1,REU.4.3_1,0.0204154071122907,0.578993534473339,0.558578127361048,2025.14230070415,2025.16271611127,NA,NA,NA
5606,5608,REU.3.1_1,REU.3.1_1,0.00670527858614756,0.5790503380718,0.572345059485652,2025.15606763628,2025.16277291487,NA,NA,NA
4261,4262,REU.3.5_1,REU.3.5_1,0.0176539876283005,0.579258065514604,0.561604077886304,2025.14532665468,2025.16298064231,NA,NA,NA
5392,5393,REU.2.3_1,REU.2.3_1,0.0025283415280325,0.579418092173941,0.576889750645908,2025.16061232744,2025.16314066897,NA,NA,NA
5164,5165,REU.4.8_1,REU.4.8_1,0.0133651184357499,0.579525613906079,0.566160495470329,2025.14988307226,2025.1632481907,NA,NA,NA
3428,3429,REU.4.5_1,REU.4.5_1,0.0694366632518162,0.579606844756395,0.510170181504578,2025.0938927583,2025.16332942155,NA,NA,NA
3436,3437,REU.4.5_1,REU.4.5_1,0.0346126638669535,0.579626803642291,0.545014139775337,2025.12873671657,2025.16334938044,NA,NA,NA
3488,3489,REU.4.5_1,REU.4.5_1,0.0207826806650092,0.579650767476819,0.558868086811809,2025.14259066361,2025.16337334427,NA,NA,NA
4684,4685,REU.4.3_1,REU.4.3_1,0.00784250781650087,0.579681777904714,0.571839270088214,2025.15556184688,2025.1634043547,NA,NA,NA
6054,6055,REU.2.3_1,REU.2.3_1,0.134207471783481,0.579682616459788,0.445475144676306,2025.02919772147,2025.16340519325,NA,NA,NA
4736,4737,REU.4.3_1,REU.4.3_1,0.0575669585088747,0.579694962140217,0.522128003631342,2025.10585058043,2025.16341753893,NA,NA,NA
4283,4284,REU.4.3_1,REU.4.3_1,0.0226658536652825,0.579718408489898,0.557052554824616,2025.14077513162,2025.16344098528,NA,NA,NA
4455,4456,REU.2.3_1,REU.2.3_1,0.0474329750521418,0.579726489611708,0.532293514559566,2025.11601609135,2025.16344906641,NA,NA,NA
5755,5757,REU.2.3_1,REU.2.3_1,0.015571081815938,0.579840876285794,0.564269794469856,2025.14799237126,2025.16356345308,NA,NA,NA
6140,6141,REU.3.4_1,REU.3.4_1,0.046717663598046,0.579946410029378,0.533228746431332,2025.11695132323,2025.16366898682,NA,NA,NA
4698,4699,REU.4.3_1,REU.4.3_1,0.0637771691998035,0.579999066859121,0.516221897659317,2025.09994447445,2025.16372164365,NA,NA,NA
4856,4865,REU.4.6_1,REU.4.6_1,0.0277018309461731,0.580016463866907,0.552314632920734,2025.13603720971,2025.16373904066,NA,NA,NA
3826,3827,REU.3.5_1,REU.3.5_1,0.0582412915014284,0.580042981444757,0.521801689943329,2025.10552426674,2025.16376555824,NA,NA,NA
3641,3642,REU.4.1_1,REU.4.1_1,0.0204461033119326,0.58036166550568,0.559915562193747,2025.14363813899,2025.1640842423,NA,NA,NA
4217,4218,REU.4.3_1,REU.4.3_1,0.123459871741064,0.580369983839397,0.456910112098334,2025.04063268889,2025.16409256063,NA,NA,NA
4153,4154,REU.2.3_1,REU.2.3_1,0.00825766655467308,0.580377283954705,0.572119617400032,2025.15584219419,2025.16409986075,NA,NA,NA
5345,5346,REU.4.3_1,REU.3.1_1,0.0773118192798442,0.580392484074572,0.503080664794728,2025.08680324159,2025.16411506087,NA,NA,NA
4789,4790,REU.2.3_1,REU.2.3_1,0.0105923960070482,0.580396862885926,0.569804466878877,2025.15352704367,2025.16411943968,NA,NA,NA
3315,3317,REU.3.4_1,REU.3.4_1,0.069612556829082,0.580551821194222,0.51093926436514,2025.09466184116,2025.16427439799,NA,NA,NA
4142,4145,REU.2.3_1,REU.2.3_1,0.02909047077955,0.580555916958835,0.551465446179285,2025.13518802297,2025.16427849375,NA,NA,NA
4303,4304,REU.4.3_1,REU.4.8_1,0.0645395265236335,0.580596069005037,0.516056542481404,2025.09977911928,2025.1643186458,NA,NA,NA
4182,1388,REU.4.3_1,REU.4.3_1,0.192109372586325,0.580660984850262,0.388551612263937,2024.97227418906,2025.16438356164,CHIKV_RUN_S14b66_2025,55.533591,-21.261149
6146,2941,REU.3.4_1,REU.3.4_1,0.150436196353014,0.580660984850262,0.430224788497248,2025.01394736529,2025.16438356164,CHIKV_RUN_S14b43_2025,55.282931,-21.141466
5665,2194,REU.4.3_1,REU.4.3_1,0.123081527365667,0.580660984850262,0.457579457484594,2025.04130203428,2025.16438356164,CHIKV_RUN_S14b64_2025,55.512497,-21.280336
5716,2752,REU.3.1_1,REU.4.6_1,0.0930895673077092,0.580660984850262,0.487571417542553,2025.07129399434,2025.16438356164,CHIKV_RUN_S14b50_2025,55.436071,-21.251919
5149,1200,REU.4.4_1,REU.4.4_1,0.0833079391310936,0.580660984850262,0.497353045719168,2025.08107562251,2025.16438356164,CHIKV_RUN_S14b54_2025,55.559399,-21.339634
5062,1263,REU.4.4_1,REU.4.3_1,0.0615848175809486,0.580660984850262,0.519076167269313,2025.10279874406,2025.16438356164,CHIKV_RUN_S14b47_2025,55.525847,-21.280431
4947,735,REU.4.3_1,REU.4.3_1,0.0539865356826321,0.580660984850262,0.52667444916763,2025.11039702596,2025.16438356164,CHIKV_RUN_S14b51_2025,55.525741,-21.286123
4606,451,REU.4.3_1,REU.4.3_1,0.0521065819836604,0.580660984850262,0.528554402866601,2025.11227697966,2025.16438356164,CHIKV_RUN_S14b46_2025,55.520366,-21.289812
4938,724,REU.4.3_1,REU.4.3_1,0.0475739263929604,0.580660984850262,0.533087058457301,2025.11680963525,2025.16438356164,CHIKV_RUN_S14b59_2025,55.521902,-21.279851
3245,2391,REU.4.8_1,REU.2.1_1,0.0382350966013711,0.580660984850262,0.542425888248891,2025.12614846504,2025.16438356164,CHIKV_RUN_S14b44_2025,55.33609,-20.9304
4976,824,REU.4.3_1,REU.4.3_1,0.0380255286871942,0.580660984850262,0.542635456163068,2025.12635803296,2025.16438356164,CHIKV_RUN_S14b69_2025,55.50941,-21.284798
3571,2578,REU.3.1_1,REU.3.1_1,0.0320592928783593,0.580660984850262,0.548601691971903,2025.13232426877,2025.16438356164,CHIKV_RUN_S14b02_2025,55.359477,-21.249932
4235,1600,REU.4.8_1,REU.4.3_1,0.0157851949879884,0.580660984850262,0.564875789862273,2025.14859836666,2025.16438356164,CHIKV_RUN_S14b70_2025,55.508973,-21.270762
4342,112,REU.4.3_1,REU.4.3_1,0.0115828786146644,0.580660984850262,0.569078106235597,2025.15280068303,2025.16438356164,CHIKV_RUN_S14b53_2025,55.510516,-21.288478
5037,749,REU.4.3_1,REU.4.3_1,0.00371523016280872,0.580660984850262,0.576945754687453,2025.16066833148,2025.16438356164,CHIKV_RUN_S14b38_2025,55.511398,-21.275432
3811,3816,REU.4.3_1,REU.3.5_1,0.0124604230071202,0.580766247675753,0.568305824668633,2025.15202840146,2025.16448882447,NA,NA,NA
4636,4637,REU.4.3_1,REU.4.3_1,0.0887527732628609,0.580865634150396,0.492112860887535,2025.07583543768,2025.16458821094,NA,NA,NA
4043,4044,REU.4.3_1,REU.4.3_1,0.00511743221333194,0.580897612319688,0.575780180106356,2025.1595027569,2025.16462018911,NA,NA,NA
5872,5873,REU.2.3_1,REU.2.3_1,0.00591325139913157,0.580924205785427,0.575010954386296,2025.15873353118,2025.16464678258,NA,NA,NA
5273,5278,REU.4.3_1,REU.2.3_1,0.1085517158472,0.580935951122412,0.472384235275212,2025.05610681207,2025.16465852792,NA,NA,NA
4746,4747,REU.4.3_1,REU.4.3_1,0.0143757056539255,0.580992962069504,0.566617256415579,2025.15033983321,2025.16471553886,NA,NA,NA
3912,3913,REU.4.4_1,REU.4.5_1,0.0356681130303739,0.581191395388656,0.545523282358283,2025.12924585915,2025.16491397218,NA,NA,NA
4908,4909,REU.4.3_1,REU.4.3_1,0.024990717630396,0.58147343243548,0.556482714805084,2025.1402052916,2025.16519600923,NA,NA,NA
4456,4457,REU.2.3_1,REU.2.3_1,0.0017651110105239,0.581491600622232,0.579726489611708,2025.16344906641,2025.16521417742,NA,NA,NA
3450,3451,REU.4.5_1,REU.4.5_1,0.0150365887872369,0.581523115009573,0.566486526222336,2025.15020910302,2025.1652456918,NA,NA,NA
5769,5771,REU.3.1_1,REU.3.4_1,0.197365069833923,0.581535883984365,0.384170814150442,2024.96789339094,2025.16525846078,NA,NA,NA
4507,4508,REU.2.4_1,REU.2.4_1,0.0040637390784436,0.581698111505946,0.577634372427502,2025.16135694922,2025.1654206883,NA,NA,NA
4697,4700,REU.4.3_1,REU.4.3_1,0.0959381739934242,0.581757618490241,0.485819444496817,2025.06954202129,2025.16548019528,NA,NA,NA
3894,3898,REU.4.5_1,REU.4.5_1,0.0313666165108695,0.581796337811585,0.550429721300715,2025.13415229809,2025.16551891461,NA,NA,NA
5973,5974,REU.3.1_1,REU.3.1_1,0.0463231600001192,0.581959664094946,0.535636504094827,2025.11935908089,2025.16568224089,NA,NA,NA
5644,5645,REU.2.5_1,REU.2.5_1,0.0719791474894032,0.581977153312704,0.509998005823301,2025.09372058262,2025.16569973011,NA,NA,NA
4809,4810,REU.4.3_1,REU.4.3_1,0.12356123328681,0.582077611737849,0.458516378451039,2025.04223895524,2025.16580018853,NA,NA,NA
4607,4608,REU.2.3_1,REU.2.3_1,0.0294447173650645,0.582094301526442,0.552649584161377,2025.13637216096,2025.16581687832,NA,NA,NA
3587,3588,REU.4.8_1,REU.4.8_1,0.0167857306576209,0.582149109643423,0.565363378985803,2025.14908595578,2025.16587168644,NA,NA,NA
3842,3843,REU.4.8_1,REU.4.8_1,0.0362475891220452,0.582172497161712,0.545924908039667,2025.12964748483,2025.16589507396,NA,NA,NA
3357,3362,REU.3.4_1,REU.3.4_1,0.0424580187952561,0.582307191319013,0.539849172523756,2025.12357174932,2025.16602976811,NA,NA,NA
3780,3781,REU.4.3_1,REU.3.5_1,0.13293889847793,0.582327577905244,0.449388679427314,2025.03311125622,2025.1660501547,NA,NA,NA
3320,3321,REU.3.4_1,REU.3.4_1,0.0324629697180494,0.582346050963163,0.549883081245113,2025.13360565804,2025.16606862776,NA,NA,NA
6070,6072,REU.2.3_1,REU.2.3_1,0.0316432250016894,0.582382382788945,0.550739157787256,2025.13446173458,2025.16610495958,NA,NA,NA
5327,5334,REU.4.3_1,REU.3.1_1,0.0158784966532866,0.582392792473382,0.566514295820095,2025.15023687261,2025.16611536927,NA,NA,NA
3917,3918,REU.4.5_1,REU.4.5_1,0.170993350291982,0.58240931886986,0.411415968577878,2024.99513854537,2025.16613189566,NA,NA,NA
4526,4531,REU.4.3_1,REU.4.3_1,0.0884600981207123,0.582596897032762,0.49413679891205,2025.07785937571,2025.16631947383,NA,NA,NA
3176,3177,REU.4.8_1,REU.4.8_1,0.0545658698199323,0.582709283989488,0.528143414169555,2025.11186599096,2025.16643186078,NA,NA,NA
5328,5329,REU.4.3_1,REU.4.3_1,0.00570995414856379,0.582735507940235,0.577025553791671,2025.16074813059,2025.16645808473,NA,NA,NA
5217,5218,REU.3.5_1,REU.3.5_1,0.0180360806024186,0.582745328241676,0.564709247639258,2025.14843182443,2025.16646790504,NA,NA,NA
5726,5728,REU.4.3_1,REU.2.3_1,0.0976343584364597,0.582898319325882,0.485263960889422,2025.06898653768,2025.16662089612,NA,NA,NA
3898,3899,REU.4.5_1,REU.4.5_1,0.00119953551446805,0.582995873326053,0.581796337811585,2025.16551891461,2025.16671845012,NA,NA,NA
5088,5089,REU.4.4_1,REU.4.4_1,0.0456238546240202,0.583055566073804,0.537431711449784,2025.12115428824,2025.16677814287,NA,NA,NA
3200,3201,REU.4.6_1,REU.4.6_1,0.0292872489769962,0.583079701117065,0.553792452140069,2025.13751502893,2025.16680227791,NA,NA,NA
5056,5057,REU.4.3_1,REU.2.3_1,0.0658099328476769,0.583244581741405,0.517434648893728,2025.10115722569,2025.16696715854,NA,NA,NA
4112,4114,REU.3.5_1,REU.3.5_1,0.0597222523721334,0.583254122445482,0.523531870073348,2025.10725444687,2025.16697669924,NA,NA,NA
5776,2791,REU.3.1_1,REU.3.4_1,0.17519349167557,0.583400710877619,0.408207219202049,2024.991929796,2025.16712328767,CHIKV_RUN_S14b55_2025,55.309806,-21.216273
3867,197,REU.4.5_1,REU.4.7_1,0.159654526062181,0.583400710877619,0.423746184815438,2025.00746876161,2025.16712328767,CHIKV_RUN_S14b72_2025,55.770985,-21.361132
5096,1205,REU.4.8_1,REU.4.8_1,0.102896210195401,0.583400710877619,0.480504500682218,2025.06422707748,2025.16712328767,CHIKV_RUN_S14b45_2025,55.54478,-21.314126
4433,68,REU.3.3_1,REU.4.6_1,0.102551053837409,0.583400710877619,0.48084965704021,2025.06457223383,2025.16712328767,CHIKV_RUN_S53b93_2025,55.433699,-21.259772
3501,2114,REU.4.5_1,REU.4.5_1,0.0609899954767805,0.583400710877619,0.522410715400839,2025.10613329219,2025.16712328767,CHIKV_RUN_S14b75_2025,55.596242,-21.376686
5808,2490,REU.3.1_1,REU.4.8_1,0.0553559708381801,0.583400710877619,0.528044740039439,2025.11176731683,2025.16712328767,CHIKV_RUN_S14b49_2025,55.529403,-21.336865
4195,107,REU.4.8_1,REU.4.8_1,0.0488250736221099,0.583400710877619,0.534575637255509,2025.11829821405,2025.16712328767,CHIKV_RUN_S14b52_2025,55.531103,-21.317341
5829,2166,REU.4.8_1,REU.1.6_1,0.0434699779007381,0.583400710877619,0.539930732976881,2025.12365330977,2025.16712328767,CHIKV_RUN_S17b23_2025,55.521337,-21.063858
5759,3057,REU.3.2_1,REU.3.2_1,0.0398290870067269,0.583400710877619,0.543571623870892,2025.12729420066,2025.16712328767,CHIKV_RUN_S14b71_2025,55.338642,-21.244145
4000,157,REU.4.8_1,REU.4.3_1,0.0317567563567958,0.583400710877619,0.551643954520823,2025.13536653131,2025.16712328767,CHIKV_RUN_S14b68_2025,55.512257,-21.267568
6042,2960,REU.3.4_1,REU.3.4_1,0.031068474745572,0.583400710877619,0.552332236132047,2025.13605481293,2025.16712328767,CHIKV_RUN_S14b89_2025,55.309105,-21.161791
3609,3030,REU.4.3_1,REU.4.3_1,0.0197848803672741,0.583400710877619,0.563615830510345,2025.1473384073,2025.16712328767,CHIKV_RUN_S14b76_2025,55.523988,-21.262614
3997,115,REU.2.3_1,REU.1.3_1,0.019049644819509,0.583400710877619,0.56435106605811,2025.14807364285,2025.16712328767,CHIKV_RUN_S18b52_2025,55.663773,-20.954799
4487,1077,REU.2.3_1,REU.4.8_1,0.0175125142877892,0.583400710877619,0.56588819658983,2025.14961077338,2025.16712328767,CHIKV_RUN_S14b62_2025,55.46923,-21.340059
4663,559,REU.4.3_1,REU.4.3_1,0.0159553837533087,0.583400710877619,0.56744532712431,2025.15116790392,2025.16712328767,CHIKV_RUN_S14b79_2025,55.529269,-21.274375
4852,808,REU.4.3_1,REU.4.8_1,0.0157853150453623,0.583400710877619,0.567615395832257,2025.15133797263,2025.16712328767,CHIKV_RUN_S14b73_2025,55.472927,-21.290846
4614,474,REU.4.3_1,REU.4.3_1,0.00945034353432317,0.583400710877619,0.573950367343296,2025.15767294414,2025.16712328767,CHIKV_RUN_S14b60_2025,55.517092,-21.289428
6108,2886,REU.2.4_1,REU.2.4_1,0.00921268413554133,0.583400710877619,0.574188026742078,2025.15791060354,2025.16712328767,CHIKV_RUN_S37b87_2025,55.529005,-20.9434
4488,1076,REU.2.3_1,REU.2.3_1,0.00755219488373404,0.583400710877619,0.575848515993885,2025.15957109279,2025.16712328767,CHIKV_RUN_S14b61_2025,55.46025,-20.895074
3783,889,REU.2.1_1,REU.2.1_1,0.00722665336040595,0.583400710877619,0.576174057517213,2025.15989663431,2025.16712328767,CHIKV_RUN_S28b11_2025,55.332324,-20.958743
5069,1171,REU.4.4_1,REU.4.4_1,0.00577506963290197,0.583400710877619,0.577625641244717,2025.16134821804,2025.16712328767,CHIKV_RUN_S14b77_2025,55.564591,-21.351744
4863,773,REU.4.6_1,REU.4.6_1,0.00488926690959735,0.583400710877619,0.578511443968022,2025.16223402076,2025.16712328767,CHIKV_RUN_S14b63_2025,55.445292,-21.229154
4685,545,REU.4.3_1,REU.4.3_1,0.00371893297290449,0.583400710877619,0.579681777904714,2025.1634043547,2025.16712328767,CHIKV_RUN_S14b67_2025,55.516124,-21.284688
3747,3748,REU.2.3_1,REU.4.5_1,0.108580597560349,0.583564463442541,0.474983865882192,2025.05870644268,2025.16728704024,NA,NA,NA
3764,3765,REU.4.3_1,REU.4.3_1,0.0236226418935397,0.583608315751994,0.559985673858455,2025.14370825065,2025.16733089255,NA,NA,NA
3132,3133,REU.2.3_1,REU.2.3_1,0.037284441700586,0.583615299026127,0.546330857325541,2025.13005343412,2025.16733787582,NA,NA,NA
3771,3772,REU.2.3_1,REU.3.5_1,0.0278380978201698,0.583662589272048,0.555824491451878,2025.13954706825,2025.16738516607,NA,NA,NA
4088,4089,REU.4.3_1,REU.4.3_1,0.0611426304302104,0.583829441551759,0.522686811121549,2025.10640938792,2025.16755201835,NA,NA,NA
4114,4115,REU.3.5_1,REU.3.5_1,0.000661681904476019,0.583915804349958,0.583254122445482,2025.16697669924,2025.16763838114,NA,NA,NA
4637,4638,REU.4.3_1,REU.4.3_1,0.00306509178890024,0.583930725939297,0.580865634150396,2025.16458821094,2025.16765330273,NA,NA,NA
5955,5956,REU.4.6_1,REU.4.6_1,0.0264299080190996,0.583970990617363,0.557541082598264,2025.14126365939,2025.16769356741,NA,NA,NA
4572,4573,REU.3.5_1,REU.3.5_1,0.068173037397919,0.584009216431756,0.515836179033837,2025.09955875583,2025.16773179323,NA,NA,NA
3342,3344,REU.3.4_1,REU.2.3_1,0.0684024921529902,0.584079765985465,0.515677273832475,2025.09939985063,2025.16780234278,NA,NA,NA
3354,3355,REU.4.8_1,REU.4.8_1,0.00761029999465657,0.584103608202293,0.576493308207637,2025.160215885,2025.167826185,NA,NA,NA
4753,4754,REU.2.3_1,REU.2.5_1,0.0183334060599507,0.584133275886188,0.565799869826237,2025.14952244662,2025.16785585268,NA,NA,NA
6097,6103,REU.2.3_1,REU.2.3_1,0.055922996892347,0.584264732230785,0.528341735338438,2025.11206431213,2025.16798730902,NA,NA,NA
4600,4601,REU.4.8_1,REU.4.8_1,0.042934544038052,0.584352360359055,0.541417816321003,2025.12514039311,2025.16807493715,NA,NA,NA
6172,6173,REU.3.4_1,REU.3.4_1,0.0429040256370583,0.584558948088114,0.541654922451056,2025.12537749924,2025.16828152488,NA,NA,NA
4268,4269,REU.4.3_1,REU.4.3_1,0.023717618512884,0.584592202935327,0.560874584422443,2025.14459716122,2025.16831477973,NA,NA,NA
6159,6160,REU.3.4_1,REU.2.3_1,0.0607725695374626,0.584682459373056,0.523909889835594,2025.10763246663,2025.16840503617,NA,NA,NA
4667,4668,REU.4.3_1,REU.3.5_1,0.0305655320020651,0.584682607504798,0.554117075502733,2025.1378396523,2025.1684051843,NA,NA,NA
4638,4639,REU.4.3_1,REU.4.3_1,0.000817831977469097,0.584748557916766,0.583930725939297,2025.16765330273,2025.16847113471,NA,NA,NA
4884,4886,REU.4.3_1,REU.4.8_1,0.0551246341536888,0.584854663379809,0.52973002922612,2025.11345260602,2025.16857724017,NA,NA,NA
4438,4439,REU.3.3_1,REU.3.3_1,0.00742160153083704,0.584866924902558,0.577445323371721,2025.16116790017,2025.1685895017,NA,NA,NA
3832,3833,REU.3.5_1,REU.3.5_1,0.0777861533877131,0.585090429887742,0.507304276500029,2025.09102685329,2025.16881300668,NA,NA,NA
3772,3773,REU.3.5_1,REU.3.5_1,0.00144774421622573,0.585110333488273,0.583662589272048,2025.16738516607,2025.16883291028,NA,NA,NA
3177,3178,REU.4.8_1,REU.4.8_1,0.00241829626144163,0.585127580250929,0.582709283989488,2025.16643186078,2025.16885015704,NA,NA,NA
5858,5859,REU.2.3_1,REU.2.3_1,0.068622021109016,0.585169593852573,0.516547572743557,2025.10027014954,2025.16889217065,NA,NA,NA
4859,4860,REU.4.6_1,REU.4.6_1,0.0113429569266035,0.58519482392546,0.573851866998856,2025.15757444379,2025.16891740072,NA,NA,NA
5152,5153,REU.2.3_1,REU.2.3_1,0.0274160312206242,0.58530970079267,0.557893669572046,2025.14161624637,2025.16903227759,NA,NA,NA
4290,4291,REU.2.2_1,REU.2.2_1,0.076573609234677,0.585328537744343,0.508754928509666,2025.0924775053,2025.16905111454,NA,NA,NA
3843,3844,REU.4.8_1,REU.4.8_1,0.00322758369215981,0.585400080853872,0.582172497161712,2025.16589507396,2025.16912265765,NA,NA,NA
4669,4670,REU.4.3_1,REU.4.3_1,0.0368209667859446,0.585404691190653,0.548583724404709,2025.1323063012,2025.16912726798,NA,NA,NA
5417,5418,REU.3.5_1,REU.3.5_1,0.0160793429378749,0.58560783733638,0.569528494398505,2025.15325107119,2025.16933041413,NA,NA,NA
3407,3408,REU.4.5_1,REU.3.5_1,0.068222239104923,0.585737288330983,0.51751504922606,2025.10123762602,2025.16945986512,NA,NA,NA
5552,5554,REU.3.1_1,REU.4.3_1,0.115976738406702,0.585808694740648,0.469831956333946,2025.05355453313,2025.16953127153,NA,NA,NA
4775,4776,REU.4.3_1,REU.2.5_1,0.199472620622845,0.585885691020073,0.386413070397228,2024.97013564719,2025.16960826781,NA,NA,NA
4291,4292,REU.2.2_1,REU.2.2_1,0.00055947687939073,0.585888014623734,0.585328537744343,2025.16905111454,2025.16961059142,NA,NA,NA
3855,3856,REU.3.5_1,REU.3.3_1,0.0438826974218927,0.585911504002206,0.542028806580313,2025.12575138337,2025.1696340808,NA,NA,NA
5747,5748,REU.3.1_1,REU.3.1_1,0.0184649328141211,0.585918799949087,0.567453867134966,2025.15117644393,2025.16964137674,NA,NA,NA
3631,3632,REU.4.1_1,REU.4.1_1,0.0232408332294106,0.585921067813449,0.562680234584039,2025.14640281138,2025.16964364461,NA,NA,NA
3531,3532,REU.4.8_1,REU.4.8_1,0.0533390036955992,0.586040315725434,0.532701312029835,2025.11642388882,2025.16976289252,NA,NA,NA
5315,5316,REU.4.3_1,REU.2.3_1,0.0421728496586136,0.586114862868235,0.543942013209621,2025.12766459,2025.16983743966,NA,NA,NA
3652,3653,REU.3.5_1,REU.3.5_1,0.0177844940870794,0.58613846983955,0.56835397575247,2025.15207655255,2025.16986104663,NA,NA,NA
3396,2158,REU.3.1_1,REU.3.1_1,0.171389434636839,0.586140436904977,0.414751002268138,2024.99847357906,2025.1698630137,CHIKV_RUN_S54b27_2025,55.388254,-21.245303
4423,1526,REU.4.3_1,REU.4.8_1,0.143480424431433,0.586140436904977,0.442660012473543,2025.02638258927,2025.1698630137,CHIKV_RUN_S54b04_2025,55.499749,-21.296938
5793,3094,REU.4.6_1,REU.4.6_1,0.112085904608166,0.586140436904977,0.474054532296811,2025.05777710909,2025.1698630137,CHIKV_RUN_S53b49_2025,55.435688,-21.26464
5994,2757,REU.3.1_1,REU.4.8_1,0.104670730156738,0.586140436904977,0.481469706748238,2025.06519228354,2025.1698630137,CHIKV_RUN_S53b46_2025,55.492462,-21.302535
5451,2271,REU.4.3_1,REU.4.8_1,0.0941708887734166,0.586140436904977,0.49196954813156,2025.07569212493,2025.1698630137,CHIKV_RUN_S15b82_2025,55.530527,-21.317145
5929,2561,REU.4.3_1,REU.4.3_1,0.088707318929983,0.586140436904977,0.497433117974994,2025.08115569477,2025.1698630137,CHIKV_RUN_S53b58_2025,55.506538,-21.26503
4386,1508,REU.4.3_1,REU.4.3_1,0.082273311821568,0.586140436904977,0.503867125083408,2025.08758970188,2025.1698630137,CHIKV_RUN_S14b83_2025,55.514408,-21.269187
5597,2179,REU.4.8_1,REU.4.4_1,0.0771949311945668,0.586140436904977,0.50894550571041,2025.0926680825,2025.1698630137,CHIKV_RUN_S53b77_2025,55.555784,-21.320683
4762,408,REU.4.3_1,REU.4.6_1,0.0740521566606429,0.586140436904977,0.512088280244334,2025.09581085704,2025.1698630137,CHIKV_RUN_S15b87_2025,55.415217,-21.284554
3407,2039,REU.4.5_1,REU.4.5_1,0.0686253876789169,0.586140436904977,0.51751504922606,2025.10123762602,2025.1698630137,CHIKV_RUN_S14b85_2025,55.629497,-21.375119
5937,2027,REU.3.1_1,REU.4.6_1,0.0685889137459892,0.586140436904977,0.517551523158987,2025.10127409995,2025.1698630137,CHIKV_RUN_S54b30_2025,55.444091,-21.264059
3644,2527,REU.4.1_1,REU.4.1_1,0.0649397389248073,0.586140436904977,0.521200697980169,2025.10492327477,2025.1698630137,CHIKV_RUN_S53b54_2025,55.4733307913944,-21.1699148940747
5553,2483,REU.3.1_1,REU.3.1_1,0.0621337630326635,0.586140436904977,0.524006673872313,2025.10772925067,2025.1698630137,CHIKV_RUN_S53b75_2025,55.363511,-21.258699
4978,831,REU.4.3_1,REU.4.3_1,0.0617083053614313,0.586140436904977,0.524432131543545,2025.10815470834,2025.1698630137,CHIKV_RUN_S14b87_2025,55.49344,-21.257015
3607,3022,REU.4.3_1,REU.4.3_1,0.0586674655371793,0.586140436904977,0.527472971367797,2025.11119554816,2025.1698630137,CHIKV_RUN_S15b84_2025,55.523521,-21.261178
4654,535,REU.4.3_1,REU.3.1_1,0.0566344551708737,0.586140436904977,0.529505981734103,2025.11322855853,2025.1698630137,CHIKV_RUN_S53b51_2025,55.33551,-21.27167
6200,1834,REU.4.8_1,REU.4.6_1,0.0517246619318843,0.586140436904977,0.534415774973092,2025.11813835177,2025.1698630137,CHIKV_RUN_S53b94_2025,55.444091,-21.264059
3157,2140,REU.4.8_1,REU.4.4_1,0.047726120376316,0.586140436904977,0.538414316528661,2025.12213689332,2025.1698630137,CHIKV_RUN_S53b43_2025,55.558037,-21.325456
4711,508,REU.4.3_1,REU.4.8_1,0.0475254635362647,0.586140436904977,0.538614973368712,2025.12233755016,2025.1698630137,CHIKV_RUN_S53b78_2025,55.508278,-21.292707
4264,3101,REU.2.3_1,REU.4.8_1,0.0473465650814369,0.586140436904977,0.53879387182354,2025.12251644862,2025.1698630137,CHIKV_RUN_S53b40_2025,55.507327,-21.289398
4709,516,REU.4.3_1,REU.3.3_1,0.0472286179148248,0.586140436904977,0.538911818990152,2025.12263439578,2025.1698630137,CHIKV_RUN_S15b72_2025,55.304369,-21.098406
5351,255,REU.4.8_1,REU.4.8_1,0.0454571818737823,0.586140436904977,0.540683255031194,2025.12440583182,2025.1698630137,CHIKV_RUN_S54b07_2025,55.472549,-21.304408
4690,579,REU.4.3_1,REU.4.3_1,0.0421210876003331,0.586140436904977,0.544019349304643,2025.1277419261,2025.1698630137,CHIKV_RUN_S14b81_2025,55.507301,-21.275826
4877,801,REU.4.8_1,REU.4.8_1,0.0405804176028847,0.586140436904977,0.545560019302092,2025.1292825961,2025.1698630137,CHIKV_RUN_S54b19_2025,55.502604,-21.296098
3547,3078,REU.4.6_1,REU.4.6_1,0.0398722229842524,0.586140436904977,0.546268213920724,2025.12999079071,2025.1698630137,CHIKV_RUN_S54b06_2025,55.437809,-21.26552
4649,538,REU.4.3_1,REU.4.3_1,0.0383205082476068,0.586140436904977,0.54781992865737,2025.13154250545,2025.1698630137,CHIKV_RUN_S14b80_2025,55.515599,-21.260593
4514,1665,REU.4.3_1,REU.1.4_1,0.0317858661998303,0.586140436904977,0.554354570705146,2025.1380771475,2025.1698630137,CHIKV_RUN_S53b50_2025,55.720041,-21.04402
4096,614,REU.4.3_1,REU.4.3_1,0.0301699730133662,0.586140436904977,0.55597046389161,2025.13969304069,2025.1698630137,CHIKV_RUN_S15b85_2025,55.52464,-21.270751
4678,524,REU.4.8_1,REU.4.1_1,0.024778023849312,0.586140436904977,0.561362413055664,2025.14508498985,2025.1698630137,CHIKV_RUN_S53b91_2025,55.436942,-21.157306
5632,1789,REU.3.4_1,REU.3.4_1,0.0244257046055162,0.586140436904977,0.56171473229946,2025.14543730909,2025.1698630137,CHIKV_RUN_S53b38_2025,55.31675,-21.162094
5791,2715,REU.4.8_1,REU.4.6_1,0.0231296227272282,0.586140436904977,0.563010814177748,2025.14673339097,2025.1698630137,CHIKV_RUN_S53b89_2025,55.437726,-21.260802
4222,253,REU.4.3_1,REU.4.3_1,0.0217457724307287,0.586140436904977,0.564394664474248,2025.14811724127,2025.1698630137,CHIKV_RUN_S54b21_2025,55.520114,-21.266965
5894,53,REU.3.1_1,REU.3.1_1,0.0140702819210734,0.586140436904977,0.572070154983903,2025.15579273178,2025.1698630137,CHIKV_RUN_S54b28_2025,55.390892,-21.256011
5538,1859,REU.3.1_1,REU.3.1_1,0.01405567128936,0.586140436904977,0.572084765615616,2025.15580734241,2025.1698630137,CHIKV_RUN_S53b55_2025,55.360037,-21.260685
4859,774,REU.4.6_1,REU.4.6_1,0.0122885699061203,0.586140436904976,0.573851866998856,2025.15757444379,2025.1698630137,CHIKV_RUN_S53b62_2025,55.428997,-21.267044
4929,785,REU.4.8_1,REU.4.8_1,0.0108425186901678,0.586140436904977,0.575297918214809,2025.15902049501,2025.1698630137,CHIKV_RUN_S54b10_2025,55.478822,-21.28933
5608,3049,REU.3.1_1,REU.3.1_1,0.0070900988331768,0.586140436904977,0.5790503380718,2025.16277291487,2025.1698630137,CHIKV_RUN_S14b88_2025,55.334495,-21.267326
6055,2927,REU.2.3_1,REU.1.3_1,0.00645782044518883,0.586140436904977,0.579682616459788,2025.16340519325,2025.1698630137,CHIKV_RUN_S18b51_2025,55.619916,-20.954687
4044,629,REU.4.3_1,REU.4.3_1,0.00524282458528846,0.586140436904977,0.580897612319688,2025.16462018911,2025.1698630137,CHIKV_RUN_S14b74_2025,55.526611,-21.282033
5334,1648,REU.3.1_1,REU.3.1_1,0.00374764443159448,0.586140436904977,0.582392792473382,2025.16611536927,2025.1698630137,CHIKV_RUN_S14b82_2025,55.390415,-21.254832
5808,5809,REU.3.1_1,REU.3.4_1,0.0582208653227657,0.586265605362205,0.528044740039439,2025.11176731683,2025.16998818216,NA,NA,NA
4470,4471,REU.4.3_1,REU.4.8_1,0.0428566769500536,0.586308239798436,0.543451562848383,2025.12717413964,2025.17003081659,NA,NA,NA
5129,5130,REU.4.4_1,REU.4.4_1,0.0912027152381469,0.586338705946254,0.495135990708107,2025.0788585675,2025.17006128274,NA,NA,NA
5324,5325,REU.4.3_1,REU.3.5_1,0.0320489742661222,0.586342829680675,0.554293855414552,2025.13801643221,2025.17006540647,NA,NA,NA
4012,4013,REU.3.5_1,REU.3.5_1,0.0123268177355351,0.586385622914305,0.57405880517877,2025.15778138197,2025.17010819971,NA,NA,NA
5218,5219,REU.3.5_1,REU.3.5_1,0.00366330390851222,0.586408632150189,0.582745328241676,2025.16646790504,2025.17013120894,NA,NA,NA
4050,4051,REU.4.3_1,REU.3.5_1,0.107848016781597,0.586623573348995,0.478775556567398,2025.06249813336,2025.17034615014,NA,NA,NA
4544,4546,REU.4.3_1,REU.4.6_1,0.0290516498189326,0.586636581618702,0.557584931799769,2025.14130750859,2025.17035915841,NA,NA,NA
3967,3968,REU.4.8_1,REU.4.8_1,0.0309593192574477,0.586696276277264,0.555736957019816,2025.13945953381,2025.17041885307,NA,NA,NA
6161,6162,REU.3.4_1,REU.3.4_1,0.0491701389305216,0.586696848095151,0.537526709164629,2025.12124928596,2025.17041942489,NA,NA,NA
5243,5244,REU.4.3_1,REU.2.3_1,0.0747827732662638,0.586703431207751,0.511920657941487,2025.09564323474,2025.170426008,NA,NA,NA
4490,4491,REU.4.3_1,REU.4.3_1,0.020519949252039,0.586831792592024,0.566311843339985,2025.15003442013,2025.17055436939,NA,NA,NA
3924,3925,REU.4.5_1,REU.4.5_1,0.0650022747809595,0.586884610163802,0.521882335382843,2025.10560491218,2025.17060718696,NA,NA,NA
3743,3744,REU.4.3_1,REU.4.8_1,0.032896912503174,0.586933339868377,0.554036427365203,2025.13775900416,2025.17065591666,NA,NA,NA
5601,5602,REU.3.1_1,REU.3.1_1,0.167409238325247,0.586946920538142,0.419537682212895,2025.00326025901,2025.17066949733,NA,NA,NA
5651,5653,REU.2.5_1,REU.2.5_1,0.0556824211955803,0.587061502684899,0.531379081489319,2025.11510165828,2025.17078407948,NA,NA,NA
5363,5366,REU.4.8_1,REU.4.8_1,0.0607709987044317,0.587064952154868,0.526293953450436,2025.11001653024,2025.17078752895,NA,NA,NA
4171,4172,REU.2.3_1,REU.2.3_1,0.07867489264939,0.587199526161836,0.508524633512446,2025.09224721031,2025.17092210296,NA,NA,NA
4884,4885,REU.4.3_1,REU.4.3_1,0.0575527388630521,0.587282768089172,0.52973002922612,2025.11345260602,2025.17100534488,NA,NA,NA
5894,5895,REU.3.1_1,REU.3.1_1,0.015296347045372,0.587366502029275,0.572070154983903,2025.15579273178,2025.17108907882,NA,NA,NA
5771,5772,REU.3.4_1,REU.3.4_1,0.00583910738382742,0.587374991368193,0.581535883984365,2025.16525846078,2025.17109756816,NA,NA,NA
5257,5258,REU.4.3_1,REU.4.3_1,0.0392317277838414,0.587509576207042,0.548277848423201,2025.13200042522,2025.171232153,NA,NA,NA
3540,3542,REU.4.4_1,REU.4.4_1,0.0287679101760239,0.58751932377293,0.558751413596906,2025.14247399039,2025.17124190057,NA,NA,NA
4484,4485,REU.4.3_1,REU.4.3_1,0.0091196273003461,0.587618665157026,0.57849903785668,2025.16222161465,2025.17134124195,NA,NA,NA
5401,5402,REU.2.3_1,REU.2.3_1,0.0453668642947038,0.58773428382249,0.542367419527786,2025.12608999632,2025.17145686062,NA,NA,NA
3127,3128,REU.3.4_1,REU.2.3_1,0.182654168927631,0.58777722849094,0.405123059563308,2024.98884563636,2025.17149980528,NA,NA,NA
5368,5370,REU.4.3_1,REU.4.3_1,0.0535283388680678,0.587803571220995,0.534275232352927,2025.11799780915,2025.17152614801,NA,NA,NA
5356,5357,REU.3.5_1,REU.3.5_1,0.0160004238277828,0.587809925223194,0.571809501395411,2025.15553207819,2025.17153250202,NA,NA,NA
4447,4451,REU.4.8_1,REU.2.1_1,0.0773682035042779,0.588075780998572,0.510707577494294,2025.09443015429,2025.17179835779,NA,NA,NA
3627,3628,REU.4.1_1,REU.4.1_1,0.0225271328813179,0.588081477627046,0.565554344745728,2025.14927692154,2025.17180405442,NA,NA,NA
5712,5715,REU.3.1_1,REU.3.1_1,0.0994677368338578,0.588148645723369,0.488680908889511,2025.07240348568,2025.17187122252,NA,NA,NA
5407,5408,REU.1.3_1,REU.1.3_1,0.0141704164580049,0.588340081015719,0.574169664557714,2025.15789224135,2025.17206265781,NA,NA,NA
4528,4529,REU.4.3_1,REU.4.3_1,0.0668119886380509,0.588486705463896,0.521674716825845,2025.10539729362,2025.17220928226,NA,NA,NA
5122,5123,REU.4.4_1,REU.4.4_1,0.0418398985595554,0.588570373019215,0.54673047445966,2025.13045305125,2025.17229294981,NA,NA,NA
4815,4816,REU.4.3_1,REU.4.5_1,0.135339116233498,0.588573156120639,0.45323403988714,2025.03695661668,2025.17229573291,NA,NA,NA
3258,3259,REU.4.8_1,REU.4.8_1,0.0322090362841164,0.588577135054092,0.556368098769975,2025.14009067556,2025.17229971185,NA,NA,NA
5393,5394,REU.2.3_1,REU.2.3_1,0.00916115266794126,0.588579244841882,0.579418092173941,2025.16314066897,2025.17230182164,NA,NA,NA
6183,6184,REU.3.4_1,REU.3.4_1,0.0422553439121542,0.588587971844902,0.546332627932748,2025.13005520473,2025.17231054864,NA,NA,NA
5626,5627,REU.4.3_1,REU.4.3_1,0.0173403239302519,0.588633574714898,0.571293250784646,2025.15501582758,2025.17235615151,NA,NA,NA
5772,5774,REU.3.4_1,REU.3.4_1,0.00125948697879497,0.588634478346988,0.587374991368193,2025.17109756816,2025.17235705514,NA,NA,NA
5880,5881,REU.2.3_1,REU.2.3_1,0.0188736102746696,0.588647647744412,0.569774037469743,2025.15349661426,2025.17237022454,NA,NA,NA
5177,5178,REU.4.8_1,REU.4.4_1,0.0421195720029222,0.588674632644831,0.546555060641909,2025.13027763744,2025.17239720944,NA,NA,NA
4860,4861,REU.4.6_1,REU.4.6_1,0.00349726941718775,0.588692093342647,0.58519482392546,2025.16891740072,2025.17241467014,NA,NA,NA
5902,5903,REU.3.5_1,REU.3.5_1,0.0196816714389789,0.588871443382789,0.56918977194381,2025.15291234874,2025.17259402018,NA,NA,NA
3682,1945,REU.4.6_1,REU.4.2_1,0.115729241522005,0.588880162932334,0.473150921410329,2025.0568734982,2025.17260273973,CHIKV_RUN_S15b59_2025,55.465554,-21.254063
4022,1303,REU.4.3_1,REU.4.8_1,0.114163972782197,0.588880162932334,0.474716190150137,2025.05843876694,2025.17260273973,CHIKV_RUN_S54b26_2025,55.469909,-21.284304
5170,1104,REU.4.3_1,REU.4.3_1,0.103743046842682,0.588880162932334,0.485137116089652,2025.06885969288,2025.17260273973,CHIKV_RUN_S53b76_2025,55.537274,-21.25887
4735,401,REU.4.3_1,REU.4.7_1,0.102467567421469,0.588880162932334,0.486412595510865,2025.0701351723,2025.17260273973,CHIKV_RUN_S54b25_2025,55.763819,-21.361122
4801,399,REU.4.3_1,REU.1.2_1,0.0843004196367811,0.588880162932334,0.504579743295553,2025.08830232009,2025.17260273973,CHIKV_RUN_S17b72_2025,55.617232,-21.14786
5201,1287,REU.4.3_1,REU.4.8_1,0.0842199120902655,0.588880162932334,0.504660250842068,2025.08838282764,2025.17260273973,CHIKV_RUN_S53b90_2025,55.487494,-21.277798
5585,1909,REU.3.1_1,REU.2.3_1,0.0835730092576181,0.588880162932334,0.505307153674716,2025.08902973047,2025.17260273973,CHIKV_RUN_S54b09_2025,55.467156,-20.886212
4071,882,REU.4.3_1,REU.4.3_1,0.0746917573789648,0.588880162932334,0.514188405553369,2025.09791098235,2025.17260273973,CHIKV_RUN_S53b61_2025,55.514751,-21.244228
3945,1286,REU.4.3_1,REU.4.3_1,0.0709178065471232,0.588880162932334,0.517962356385211,2025.10168493318,2025.17260273973,CHIKV_RUN_S53b45_2025,55.527183,-21.256516
6013,2760,REU.3.1_1,REU.3.1_1,0.0706949381840642,0.588880162932334,0.51818522474827,2025.10190780154,2025.17260273973,CHIKV_RUN_S54b22_2025,55.33551,-21.27167
5713,2340,REU.3.1_1,REU.3.1_1,0.0682533119443178,0.588880162932334,0.520626850988016,2025.10434942778,2025.17260273973,CHIKV_RUN_S16b01_2025,55.363928,-21.26362
3278,2815,REU.3.3_1,REU.3.3_1,0.0668566031335779,0.588880162932334,0.522023559798756,2025.10574613659,2025.17260273973,CHIKV_RUN_S53b56_2025,55.294761,-21.109829
5588,1907,REU.3.1_1,REU.3.1_1,0.06574174635726,0.588880162932334,0.523138416575074,2025.10686099337,2025.17260273973,CHIKV_RUN_S15b81_2025,55.336592,-21.273767
5941,3063,REU.4.6_1,REU.4.2_1,0.0629449399020565,0.588880162932334,0.525935223030277,2025.10965779982,2025.17260273973,CHIKV_RUN_S54b16_2025,55.471068,-21.24966
3749,1043,REU.2.3_1,REU.2.3_1,0.0573643476229404,0.588880162932334,0.531515815309394,2025.1152383921,2025.17260273973,CHIKV_RUN_S15b79_2025,55.456378,-20.904032
3305,2449,REU.3.4_1,REU.3.4_1,0.0571481771004767,0.588880162932334,0.531731985831857,2025.11545456263,2025.17260273973,CHIKV_RUN_S53b60_2025,55.295708,-21.213117
5004,758,REU.4.3_1,REU.4.2_1,0.0566392200081629,0.588880162932334,0.532240942924171,2025.11596351972,2025.17260273973,CHIKV_RUN_S53b59_2025,55.468463,-21.247905
5288,1576,REU.4.3_1,REU.4.3_1,0.0552726235861223,0.588880162932334,0.533607539346212,2025.11733011614,2025.17260273973,CHIKV_RUN_S53b92_2025,55.554131,-21.303825
4252,1697,REU.4.8_1,REU.4.8_1,0.0505068085628576,0.588880162932334,0.538373354369476,2025.12209593116,2025.17260273973,CHIKV_RUN_S53b44_2025,55.492855,-21.296449
3663,2000,REU.3.1_1,REU.3.1_1,0.0487075982738915,0.588880162932334,0.540172564658442,2025.12389514145,2025.17260273973,CHIKV_RUN_S54b14_2025,55.361485,-21.25901
6172,2973,REU.3.4_1,REU.4.6_1,0.0472252404812781,0.588880162932334,0.541654922451056,2025.12537749924,2025.17260273973,CHIKV_RUN_S53b79_2025,55.433699,-21.259772
5401,1138,REU.2.3_1,REU.2.3_1,0.0465127434045476,0.588880162932334,0.542367419527786,2025.12608999632,2025.17260273973,CHIKV_RUN_S15b83_2025,55.447502,-20.889213
5556,2764,REU.3.1_1,REU.3.1_1,0.0453535529119702,0.588880162932334,0.543526610020364,2025.12724918681,2025.17260273973,CHIKV_RUN_S53b52_2025,55.336864,-21.267742
5163,1113,REU.4.3_1,REU.4.3_1,0.0441032877142786,0.588880162932334,0.544776875218055,2025.12849945201,2025.17260273973,CHIKV_RUN_S54b03_2025,55.53279,-21.257958
6035,1904,REU.4.8_1,REU.4.8_1,0.0406821044063432,0.588880162932334,0.548198058525991,2025.13192063532,2025.17260273973,CHIKV_RUN_S54b20_2025,55.48477,-21.301816
5746,2800,REU.3.1_1,REU.3.1_1,0.0400592902587853,0.588880162932334,0.548820872673549,2025.13254344947,2025.17260273973,CHIKV_RUN_S53b95_2025,55.366607,-21.253818
4211,1566,REU.4.3_1,REU.4.3_1,0.0396856683287121,0.588880162932334,0.549194494603622,2025.1329170714,2025.17260273973,CHIKV_RUN_S53b37_2025,55.510761,-21.253684
4537,1652,REU.4.3_1,REU.4.3_1,0.0327120696941129,0.588880162932334,0.556168093238221,2025.13989067003,2025.17260273973,CHIKV_RUN_S53b82_2025,55.527183,-21.256516
5295,1168,REU.4.3_1,REU.4.8_1,0.0311262596864499,0.588880162932334,0.557753903245884,2025.14147648004,2025.17260273973,CHIKV_RUN_S54b12_2025,55.472479,-21.279912
3810,901,REU.4.3_1,REU.4.3_1,0.0248193558932663,0.588880162932334,0.564060807039068,2025.14778338383,2025.17260273973,CHIKV_RUN_S53b41_2025,55.539911,-21.299987
6219,1831,REU.4.8_1,REU.3.1_1,0.0245515803768002,0.588880162932334,0.564328582555534,2025.14805115935,2025.17260273973,CHIKV_RUN_S53b74_2025,55.357744,-21.255258
5947,2732,REU.4.6_1,REU.4.6_1,0.0235670869092048,0.588880162932334,0.565313076023129,2025.14903565282,2025.17260273973,CHIKV_RUN_S15b95_2025,55.43908,-21.262658
5839,1961,REU.4.5_1,REU.4.5_1,0.0222857820468375,0.588880162932334,0.566594380885496,2025.15031695768,2025.17260273973,CHIKV_RUN_S53b87_2025,55.609715,-21.376921
6016,3008,REU.3.2_1,REU.3.2_1,0.0220072279301924,0.588880162932334,0.566872935002142,2025.1505955118,2025.17260273973,CHIKV_RUN_S15b04_2025,55.340941,-21.241734
5747,2799,REU.3.1_1,REU.3.1_1,0.0214262957973678,0.588880162932334,0.567453867134966,2025.15117644393,2025.17260273973,CHIKV_RUN_S53b84_2025,55.368013,-21.257563
4442,86,REU.3.3_1,REU.3.3_1,0.0204848394618217,0.588880162932334,0.568395323470512,2025.15211790026,2025.17260273973,CHIKV_RUN_S53b42_2025,55.287172,-21.106988
4789,455,REU.2.3_1,REU.4.1_1,0.0190756960534566,0.588880162932334,0.569804466878877,2025.15352704367,2025.17260273973,CHIKV_RUN_S54b05_2025,55.475041,-21.168695
4923,798,REU.4.8_1,REU.4.6_1,0.0170151152577567,0.588880162932334,0.571865047674577,2025.15558762447,2025.17260273973,CHIKV_RUN_S53b53_2025,55.447652,-21.273302
5210,1760,REU.4.3_1,REU.4.3_1,0.0147842919343724,0.588880162932334,0.574095870997962,2025.15781844779,2025.17260273973,CHIKV_RUN_S54b15_2025,55.531852,-21.256267
5765,2019,REU.3.1_1,REU.4.6_1,0.0116597537529267,0.588880162932334,0.577220409179407,2025.16094298597,2025.17260273973,CHIKV_RUN_S53b73_2025,55.400593,-21.289238
4960,837,REU.4.3_1,REU.4.3_1,0.0115359194103817,0.588880162932334,0.577344243521952,2025.16106682032,2025.17260273973,CHIKV_RUN_S54b18_2025,55.519366,-21.261462
4438,64,REU.3.3_1,REU.3.3_1,0.011434839560613,0.588880162932334,0.577445323371721,2025.16116790017,2025.17260273973,CHIKV_RUN_S53b47_2025,55.286921,-21.110012
4638,536,REU.4.3_1,REU.4.3_1,0.00494943699303729,0.588880162932334,0.583930725939297,2025.16765330273,2025.17260273973,CHIKV_RUN_S15b86_2025,55.501495,-21.274366
3856,958,REU.3.3_1,REU.3.3_1,0.00296865893012799,0.588880162932334,0.585911504002206,2025.1696340808,2025.17260273973,CHIKV_RUN_S37b84_2025,55.290406,-21.109758
3542,1897,REU.4.4_1,REU.4.4_1,0.00136083915940399,0.588880162932334,0.58751932377293,2025.17124190057,2025.17260273973,CHIKV_RUN_S15b80_2025,55.566763,-21.367484
4485,1738,REU.4.3_1,REU.4.3_1,0.0012614977753076,0.588880162932334,0.587618665157026,2025.17134124195,2025.17260273973,CHIKV_RUN_S15b09_2025,55.520157,-21.260094
4529,1657,REU.4.3_1,REU.4.3_1,0.000393457468438219,0.588880162932334,0.588486705463896,2025.17220928226,2025.17260273973,CHIKV_RUN_S15b76_2025,55.527948,-21.256723
3737,3738,REU.4.3_1,REU.4.3_1,0.0288247258285002,0.588898785278812,0.560074059450312,2025.14379663624,2025.17262136207,NA,NA,NA
5180,5181,REU.4.3_1,REU.4.3_1,0.0266955578794897,0.588953456584625,0.562257898705135,2025.1459804755,2025.17267603338,NA,NA,NA
6157,6158,REU.3.4_1,REU.3.4_1,0.0522769017159006,0.589076832656113,0.536799930940212,2025.12052250773,2025.17279940945,NA,NA,NA
6015,6017,REU.3.1_1,REU.3.1_1,0.0715311260732396,0.589183629273013,0.517652503199773,2025.10137507999,2025.17290620607,NA,NA,NA
4302,4305,REU.4.3_1,REU.4.3_1,0.0795530788254148,0.589249725954363,0.509696647128948,2025.09341922392,2025.17297230275,NA,NA,NA
4655,4656,REU.4.3_1,REU.4.3_1,0.161383680844869,0.589274145242889,0.42789046439802,2025.01161304119,2025.17299672204,NA,NA,NA
4376,4377,REU.4.8_1,REU.4.8_1,0.0755683828311751,0.589289435920261,0.513721053089086,2025.09744362988,2025.17301201271,NA,NA,NA
4816,4817,REU.4.5_1,REU.4.5_1,0.000743722408917291,0.589316878529556,0.588573156120639,2025.17229573291,2025.17303945532,NA,NA,NA
6141,6143,REU.3.4_1,REU.3.4_1,0.00954162045765905,0.589488030487037,0.579946410029378,2025.16366898682,2025.17321060728,NA,NA,NA
3945,3946,REU.4.3_1,REU.4.3_1,0.0716245232841173,0.589586879669328,0.517962356385211,2025.10168493318,2025.17330945646,NA,NA,NA
5713,5714,REU.3.1_1,REU.4.8_1,0.0689971911047598,0.589624042092776,0.520626850988016,2025.10434942778,2025.17334661889,NA,NA,NA
5339,5340,REU.4.3_1,REU.4.8_1,0.091449013203556,0.589751032021428,0.498302018817872,2025.08202459561,2025.17347360882,NA,NA,NA
5647,5649,REU.2.5_1,REU.2.5_1,0.0231188982953666,0.589761410727404,0.566642512432037,2025.15036508923,2025.17348398752,NA,NA,NA
4652,4653,REU.4.3_1,REU.4.8_1,0.0808822488795511,0.589767059642401,0.50888481076285,2025.09260738756,2025.17348963644,NA,NA,NA
3299,3300,REU.3.4_1,REU.3.4_1,0.0308337929257781,0.589802760510754,0.558968967584976,2025.14269154438,2025.1735253373,NA,NA,NA
4961,4962,REU.4.3_1,REU.4.3_1,0.0310037961080185,0.589913220934111,0.558909424826093,2025.14263200162,2025.17363579773,NA,NA,NA
6078,6079,REU.2.3_1,REU.2.3_1,0.027307211617408,0.58996201400371,0.562654802386302,2025.14637737918,2025.1736845908,NA,NA,NA
5398,5410,REU.2.3_1,REU.2.3_1,0.0845039051519966,0.58998818149222,0.505484276340223,2025.08920685313,2025.17371075829,NA,NA,NA
4199,4200,REU.4.3_1,REU.4.6_1,0.0719998623507536,0.590064815745457,0.518064953394704,2025.10178753019,2025.17378739254,NA,NA,NA
3879,3882,REU.4.7_1,REU.4.7_1,0.0526512176659408,0.590105610803143,0.537454393137203,2025.12117696993,2025.1738281876,NA,NA,NA
6099,6100,REU.2.3_1,REU.2.3_1,0.0353701018208029,0.59015686219393,0.554786760373127,2025.13850933717,2025.17387943899,NA,NA,NA
4121,4122,REU.2.3_1,REU.2.3_1,0.0584554944881858,0.59031120872329,0.531855714235104,2025.11557829103,2025.17403378552,NA,NA,NA
5099,5100,REU.4.8_1,REU.4.8_1,0.0755752445436144,0.590353114993155,0.51477787044954,2025.09850044724,2025.17407569179,NA,NA,NA
3807,3808,REU.4.3_1,REU.4.3_1,0.0141296858376735,0.590488370636516,0.576358684798843,2025.16008126159,2025.17421094743,NA,NA,NA
3773,3774,REU.3.5_1,REU.3.5_1,0.00540577673076026,0.590516110219033,0.585110333488273,2025.16883291028,2025.17423868701,NA,NA,NA
6208,6209,REU.4.3_1,REU.4.3_1,0.0462831965942141,0.590527610920214,0.544244414326,2025.12796699112,2025.17425018771,NA,NA,NA
4091,4092,REU.4.8_1,REU.4.8_1,0.0308417622815778,0.590632419224004,0.559790656942426,2025.14351323374,2025.17435499602,NA,NA,NA
4572,4574,REU.3.5_1,REU.3.5_1,0.0750751568029299,0.590911335836767,0.515836179033837,2025.09955875583,2025.17463391263,NA,NA,NA
5418,5419,REU.3.5_1,REU.3.5_1,0.00534853907150645,0.590956376407886,0.58560783733638,2025.16933041413,2025.1746789532,NA,NA,NA
4736,4739,REU.4.3_1,REU.4.8_1,0.0688802582454562,0.591008261876798,0.522128003631342,2025.10585058043,2025.17473083867,NA,NA,NA
3322,3323,REU.3.4_1,REU.3.4_1,0.023491427823332,0.591110269080701,0.567618841257369,2025.15134141805,2025.17483284587,NA,NA,NA
3947,3949,REU.4.3_1,REU.4.3_1,0.0172063808859999,0.591362280843682,0.574155899957682,2025.15787847675,2025.17508485764,NA,NA,NA
4142,4143,REU.2.3_1,REU.2.3_1,0.0399199885252444,0.59138543470453,0.551465446179285,2025.13518802297,2025.1751080115,NA,NA,NA
4063,4066,REU.4.8_1,REU.4.8_1,0.060707901763355,0.591455365715041,0.530747463951686,2025.11447004075,2025.17517794251,NA,NA,NA
5541,5542,REU.4.8_1,REU.4.8_1,0.0421692603303521,0.591558288029958,0.549389027699606,2025.13311160449,2025.17528086482,NA,NA,NA
5123,5124,REU.4.4_1,REU.4.4_1,0.00301569067201513,0.59158606369123,0.588570373019215,2025.17229294981,2025.17530864048,NA,NA,NA
4840,664,REU.4.3_1,REU.4.3_1,0.134305520294403,0.591619888959691,0.457314368665288,2025.04103694546,2025.17534246575,CHIKV_RUN_S16b70_2025,55.521282,-21.252269
3163,1939,REU.3.1_1,REU.1.3_1,0.110671273881879,0.591619888959691,0.480948615077813,2025.06467119187,2025.17534246575,CHIKV_RUN_S18b53_2025,55.623947,-20.950749
4232,1596,REU.4.8_1,REU.4.8_1,0.0938285785096383,0.591619888959691,0.497791310450053,2025.08151388724,2025.17534246575,CHIKV_RUN_S15b92_2025,55.477771,-21.342704
3646,2524,REU.4.1_1,REU.4.1_1,0.0805611746367385,0.591619888959691,0.511058714322953,2025.09478129112,2025.17534246575,CHIKV_RUN_S16b56_2025,55.47479,-21.170469
3943,1041,REU.2.3_1,REU.2.5_1,0.0726801550454999,0.591619888959691,0.518939733914191,2025.10266231071,2025.17534246575,CHIKV_RUN_S37b89_2025,55.605935,-20.951382
3995,121,REU.3.5_1,REU.3.5_1,0.0604973100652253,0.591619888959691,0.531122578894466,2025.11484515569,2025.17534246575,CHIKV_RUN_S16b57_2025,55.266295,-21.074346
3531,2232,REU.4.8_1,REU.3.2_1,0.0589185769298567,0.591619888959691,0.532701312029835,2025.11642388882,2025.17534246575,CHIKV_RUN_S15b90_2025,55.329506,-21.234528
3191,2746,REU.4.8_1,REU.4.8_1,0.0577010107003939,0.591619888959691,0.533918878259297,2025.11764145505,2025.17534246575,CHIKV_RUN_S15b01_2025,55.463816,-21.285384
4130,990,REU.2.3_1,REU.2.3_1,0.0546202320266045,0.591619888959691,0.536999656933087,2025.12072223373,2025.17534246575,CHIKV_RUN_S15b88_2025,55.464831,-20.8845
3469,2101,REU.4.5_1,REU.4.5_1,0.0542876353686297,0.591619888959691,0.537332253591062,2025.12105483038,2025.17534246575,CHIKV_RUN_S15b10_2025,55.627197,-21.374731
3132,1788,REU.2.3_1,REU.2.3_1,0.0452890316341501,0.591619888959691,0.546330857325541,2025.13005343412,2025.17534246575,CHIKV_RUN_S15b15_2025,55.462476,-20.88777
3414,2048,REU.4.5_1,REU.4.8_1,0.0452726761254563,0.591619888959691,0.546347212834235,2025.13006978963,2025.17534246575,CHIKV_RUN_S15b93_2025,55.533549,-21.332922
5745,2796,REU.3.1_1,REU.3.1_1,0.044788282802606,0.591619888959691,0.546831606157085,2025.13055418295,2025.17534246575,CHIKV_RUN_S16b74_2025,55.366601,-21.253912
5292,1575,REU.4.3_1,REU.4.8_1,0.0434420942692706,0.591619888959691,0.548177794690421,2025.13190037148,2025.17534246575,CHIKV_RUN_S15b89_2025,55.494927,-21.296698
5783,2321,REU.3.2_1,REU.3.2_1,0.0425804998847563,0.591619888959691,0.549039389074935,2025.13276196587,2025.17534246575,CHIKV_RUN_S15b05_2025,55.322143,-21.250985
5369,649,REU.4.3_1,REU.4.3_1,0.0375444131012554,0.591619888959691,0.554075475858436,2025.13779805265,2025.17534246575,CHIKV_RUN_S15b14_2025,55.509572,-21.284307
3535,2494,REU.4.6_1,REU.3.2_1,0.0338759315152256,0.591619888959691,0.557743957444466,2025.14146653424,2025.17534246575,CHIKV_RUN_S16b77_2025,55.352255,-21.242327
5676,2664,REU.3.1_1,REU.3.1_1,0.0326395346211397,0.591619888959691,0.558980354338552,2025.14270293113,2025.17534246575,CHIKV_RUN_S15b13_2025,55.357299,-21.254774
3641,2373,REU.4.1_1,REU.4.1_1,0.0317043267659444,0.591619888959691,0.559915562193747,2025.14363813899,2025.17534246575,CHIKV_RUN_S16b79_2025,55.47633,-21.168947
3683,1964,REU.2.3_1,REU.2.3_1,0.0314245612751578,0.591619888959691,0.560195327684534,2025.14391790448,2025.17534246575,CHIKV_RUN_S15b06_2025,55.44655,-20.899567
5116,1220,REU.4.3_1,REU.4.3_1,0.0274443984025762,0.591619888959691,0.564175490557115,2025.14789806735,2025.17534246575,CHIKV_RUN_S15b03_2025,55.521673,-21.257382
4907,669,REU.2.3_1,REU.2.3_1,0.0193276820883128,0.591619888959691,0.572292206871378,2025.15601478367,2025.17534246575,CHIKV_RUN_S15b12_2025,55.473452,-20.904294
3374,2604,REU.4.5_1,REU.4.5_1,0.0191790707132516,0.591619888959691,0.57244081824644,2025.15616339504,2025.17534246575,CHIKV_RUN_S16b36_2025,55.626989,-21.379438
3539,3053,REU.4.6_1,REU.4.6_1,0.0188794674893052,0.591619888959691,0.572740421470386,2025.15646299826,2025.17534246575,CHIKV_RUN_S16b71_2025,55.433794,-21.251845
3554,2159,REU.2.2_1,REU.2.2_1,0.0183654873375143,0.591619888959691,0.573254401622177,2025.15697697842,2025.17534246575,CHIKV_RUN_S17b43_2025,55.302715,-20.938755
5641,1992,REU.2.3_1,REU.1.4_1,0.0176853941422002,0.591619888959691,0.573934494817491,2025.15765707161,2025.17534246575,CHIKV_RUN_S17b71_2025,55.68464,-21.015043
3597,2709,REU.4.6_1,REU.4.6_1,0.0171835820533338,0.591619888959691,0.574436306906357,2025.1581588837,2025.17534246575,CHIKV_RUN_S15b11_2025,55.43735,-21.282083
5044,744,REU.4.8_1,REU.4.8_1,0.0160349443815517,0.591619888959691,0.57558494457814,2025.15930752137,2025.17534246575,CHIKV_RUN_S15b74_2025,55.471073,-21.307635
4371,1422,REU.4.3_1,REU.4.3_1,0.014676275796486,0.591619888959691,0.576943613163205,2025.16066618996,2025.17534246575,CHIKV_RUN_S16b65_2025,55.508741,-21.238603
3903,208,REU.4.5_1,REU.4.4_1,0.014332919836203,0.591619888959691,0.577286969123488,2025.16100954592,2025.17534246575,CHIKV_RUN_S16b68_2025,55.558938,-21.338599
3642,2518,REU.4.1_1,REU.4.1_1,0.0112582234540116,0.591619888959691,0.58036166550568,2025.1640842423,2025.17534246575,CHIKV_RUN_S15b07_2025,55.47775,-21.1691
5366,1703,REU.4.8_1,REU.4.8_1,0.00455493680482333,0.591619888959691,0.587064952154868,2025.17078752895,2025.17534246575,CHIKV_RUN_S16b75_2025,55.472365,-21.280115
5370,274,REU.4.3_1,REU.4.5_1,0.00381631773869651,0.591619888959691,0.587803571220995,2025.17152614801,2025.17534246575,CHIKV_RUN_S16b41_2025,55.602285,-21.348454
5181,1125,REU.4.3_1,REU.4.3_1,0.00266643237506614,0.591619888959691,0.588953456584625,2025.17267603338,2025.17534246575,CHIKV_RUN_S16b69_2025,55.517036,-21.294639
5125,5128,REU.4.4_1,REU.4.4_1,0.0168684983990663,0.59165832590596,0.574789827506893,2025.1585124043,2025.1753809027,NA,NA,NA
5063,5065,REU.4.4_1,REU.4.4_1,0.0562850071560346,0.591664582954075,0.53537957579804,2025.11910215259,2025.17538715975,NA,NA,NA
4212,4213,REU.4.3_1,REU.4.8_1,0.0297835418184318,0.591967685413864,0.562184143595432,2025.14590672039,2025.17569026221,NA,NA,NA
5676,5677,REU.3.1_1,REU.4.8_1,0.0329993152760938,0.591979669614645,0.558980354338552,2025.14270293113,2025.17570224641,NA,NA,NA
5771,5775,REU.3.4_1,REU.3.4_1,0.010554546956075,0.59209043094044,0.581535883984365,2025.16525846078,2025.17581300773,NA,NA,NA
5303,5304,REU.4.3_1,REU.4.3_1,0.164160414085685,0.592104583284663,0.427944169198978,2025.01166674599,2025.17582716008,NA,NA,NA
4457,4459,REU.2.3_1,REU.2.3_1,0.0107115172240666,0.592203117846298,0.581491600622232,2025.16521417742,2025.17592569464,NA,NA,NA
5077,5078,REU.4.4_1,REU.4.4_1,0.0687493892054319,0.592229331030957,0.523479941825525,2025.10720251862,2025.17595190782,NA,NA,NA
6191,6192,REU.3.4_1,REU.3.4_1,0.0474165139486706,0.592567819763012,0.545151305814341,2025.12887388261,2025.17629039656,NA,NA,NA
3935,3936,REU.4.5_1,REU.3.5_1,0.162264211703043,0.592586098729498,0.430321887026455,2025.01404446382,2025.17630867552,NA,NA,NA
5171,5172,REU.4.4_1,REU.4.8_1,0.0266886375020672,0.592644400184375,0.565955762682308,2025.14967833948,2025.17636697698,NA,NA,NA
4922,4924,REU.4.8_1,REU.4.8_1,0.0416137892610371,0.592711170320169,0.551097381059132,2025.13481995785,2025.17643374711,NA,NA,NA
5700,5707,REU.3.1_1,REU.3.1_1,0.156657451322717,0.592713646004892,0.436056194682175,2025.01977877148,2025.1764362228,NA,NA,NA
6067,6068,REU.2.3_1,REU.2.3_1,0.0143749151550261,0.592995178992913,0.578620263837887,2025.16234284063,2025.17671775579,NA,NA,NA
5270,5279,REU.4.3_1,REU.2.3_1,0.157440182411866,0.593188984602461,0.435748802190596,2025.01947137898,2025.1769115614,NA,NA,NA
5446,5447,REU.4.3_1,REU.4.3_1,0.0298391006837119,0.59323025325089,0.563391152567178,2025.14711372936,2025.17695283004,NA,NA,NA
6176,6177,REU.3.4_1,REU.3.4_1,0.0280047712993929,0.593242368519574,0.565237597220181,2025.14896017401,2025.17696494531,NA,NA,NA
4087,4090,REU.4.3_1,REU.4.3_1,0.0726881790971186,0.593407791803586,0.520719612706468,2025.1044421895,2025.1771303686,NA,NA,NA
5419,5420,REU.3.5_1,REU.3.5_1,0.00253063169712453,0.593487008105011,0.590956376407886,2025.1746789532,2025.1772095849,NA,NA,NA
3985,3986,REU.3.5_1,REU.3.5_1,0.0386820701219703,0.593518440737051,0.55483637061508,2025.13855894741,2025.17724101753,NA,NA,NA
4628,4629,REU.4.3_1,REU.4.3_1,0.110363649995149,0.59372836250835,0.483364712513201,2025.06708728931,2025.1774509393,NA,NA,NA
5755,5756,REU.2.3_1,REU.2.3_1,0.0294991098121317,0.593768904281987,0.564269794469856,2025.14799237126,2025.17749148108,NA,NA,NA
4050,4054,REU.4.3_1,REU.4.3_1,0.115201993569985,0.593977550137383,0.478775556567398,2025.06249813336,2025.17770012693,NA,NA,NA
5866,5867,REU.2.3_1,REU.2.3_1,0.0331891689337658,0.594219135651689,0.561029966717923,2025.14475254351,2025.17794171245,NA,NA,NA
5902,5904,REU.3.5_1,REU.3.5_1,0.0250415527910062,0.594231324734816,0.56918977194381,2025.15291234874,2025.17795390153,NA,NA,NA
3774,3775,REU.3.5_1,REU.3.5_1,0.0038306846681615,0.594346794887195,0.590516110219033,2025.17423868701,2025.17806937168,NA,NA,NA
5157,1116,REU.4.3_1,REU.4.3_1,0.154743308361504,0.594359614987049,0.439616306625545,2025.02333888342,2025.17808219178,CHIKV_RUN_S16b22_2025,55.517611,-21.279828
4967,820,REU.4.3_1,REU.4.2_1,0.116109279772147,0.594359614987049,0.478250335214901,2025.06197291201,2025.17808219178,CHIKV_RUN_S16b59_2025,55.49552,-21.241122
4983,696,REU.4.3_1,REU.4.3_1,0.108438408218764,0.594359614987049,0.485921206768285,2025.06964378356,2025.17808219178,CHIKV_RUN_S16b58_2025,55.542606,-21.243523
5436,2628,REU.3.4_1,REU.4.3_1,0.0890153659105254,0.594359614987049,0.505344249076523,2025.08906682587,2025.17808219178,CHIKV_RUN_S16b38_2025,55.498283,-21.267012
5001,812,REU.4.3_1,REU.4.3_1,0.0650022899620166,0.594359614987049,0.529357325025032,2025.11307990182,2025.17808219178,CHIKV_RUN_S16b66_2025,55.521328,-21.278701
3286,2812,REU.3.1_1,REU.2.3_1,0.0447321732054244,0.594359614987049,0.549627441781624,2025.13335001858,2025.17808219178,CHIKV_RUN_S16b72_2025,55.470775,-20.901613
3864,203,REU.4.5_1,REU.4.7_1,0.0434876114817843,0.594359614987049,0.550872003505264,2025.1345945803,2025.17808219178,CHIKV_RUN_S16b80_2025,55.771718,-21.363786
4391,1514,REU.4.3_1,REU.4.3_1,0.0417141765548075,0.594359614987049,0.552645438432241,2025.13636801523,2025.17808219178,CHIKV_RUN_S16b60_2025,55.525549,-21.286563
5291,1572,REU.4.3_1,REU.3.2_1,0.0408923300593547,0.594359614987049,0.553467284927694,2025.13718986172,2025.17808219178,CHIKV_RUN_S16b73_2025,55.334132,-21.24718
4928,792,REU.4.8_1,REU.4.8_1,0.0366645636137282,0.594359614987049,0.557695051373321,2025.14141762817,2025.17808219178,CHIKV_RUN_S16b63_2025,55.532847,-21.352894
3996,158,REU.3.5_1,REU.4.6_1,0.0337806759131514,0.594359614987049,0.560578939073897,2025.14430151587,2025.17808219178,CHIKV_RUN_S16b18_2025,55.437616,-21.268652
3151,2753,REU.4.4_1,REU.3.2_1,0.0326146072981933,0.594359614987049,0.561745007688855,2025.14546758448,2025.17808219178,CHIKV_RUN_S37b83_2025,55.351102,-21.244876
3353,2415,REU.4.8_1,REU.4.6_1,0.0270577762208748,0.594359614987049,0.567301838766174,2025.15102441556,2025.17808219178,CHIKV_RUN_S16b78_2025,55.43178,-21.261588
3807,1097,REU.4.3_1,REU.4.3_1,0.0180009301882061,0.594359614987049,0.576358684798843,2025.16008126159,2025.17808219178,CHIKV_RUN_S16b14_2025,55.504085,-21.266514
4218,310,REU.4.3_1,REU.4.3_1,0.0139896311476513,0.594359614987049,0.580369983839397,2025.16409256063,2025.17808219178,CHIKV_RUN_S16b29_2025,55.533773,-21.28242
5346,900,REU.3.1_1,REU.3.1_1,0.0139671309124769,0.594359614987049,0.580392484074572,2025.16411506087,2025.17808219178,CHIKV_RUN_S36b51_2025,55.334015,-21.272898
5645,1978,REU.2.5_1,REU.2.5_1,0.0123824616743443,0.594359614987049,0.581977153312704,2025.16569973011,2025.17808219178,CHIKV_RUN_S28b06_2025,55.598072,-20.90818
3632,2522,REU.4.1_1,REU.4.1_1,0.00843854717359949,0.594359614987049,0.585921067813449,2025.16964364461,2025.17808219178,CHIKV_RUN_S16b23_2025,55.476481,-21.170794
6103,6104,REU.2.3_1,REU.3.5_1,0.0101738188245311,0.594438551055316,0.584264732230785,2025.16798730902,2025.17816112785,NA,NA,NA
5741,5742,REU.3.1_1,REU.3.1_1,0.0641978948355345,0.594607126494055,0.530409231658521,2025.11413180845,2025.17832970329,NA,NA,NA
4751,4752,REU.4.8_1,REU.4.8_1,0.0514353426852572,0.594659867899482,0.543224525214224,2025.12694710201,2025.17838244469,NA,NA,NA
3463,3464,REU.4.5_1,REU.4.5_1,0.0413976082516059,0.594661159993223,0.553263551741617,2025.13698612854,2025.17838373679,NA,NA,NA
4622,4623,REU.4.8_1,REU.4.8_1,0.0511998957248174,0.594668804395083,0.543468908670266,2025.12719148546,2025.17839138119,NA,NA,NA
5880,5882,REU.2.3_1,REU.2.3_1,0.0250019606186297,0.594775998088373,0.569774037469743,2025.15349661426,2025.17849857488,NA,NA,NA
4680,4681,REU.4.3_1,REU.4.8_1,0.0613240012765381,0.594782031838813,0.533458030562274,2025.11718060736,2025.17850460863,NA,NA,NA
5103,5104,REU.4.8_1,REU.4.8_1,0.0442011537290581,0.594792702429557,0.550591548700498,2025.13431412549,2025.17851527922,NA,NA,NA
5491,5492,REU.2.3_1,REU.2.3_1,0.0262255167999318,0.594886514499217,0.568660997699285,2025.15238357449,2025.17860909129,NA,NA,NA
6050,6051,REU.2.3_1,REU.2.3_1,0.0645449346039031,0.594997741445318,0.530452806841415,2025.11417538364,2025.17872031824,NA,NA,NA
3252,3254,REU.2.3_1,REU.2.3_1,0.0678727674646618,0.595227307513196,0.527354540048534,2025.11107711684,2025.17894988431,NA,NA,NA
4615,4616,REU.4.3_1,REU.2.3_1,0.0194663956047594,0.595276664529341,0.575810268924582,2025.15953284572,2025.17899924132,NA,NA,NA
6162,6163,REU.3.4_1,REU.3.4_1,0.00872206692819721,0.595418915023348,0.586696848095151,2025.17041942489,2025.17914149182,NA,NA,NA
4589,4590,REU.4.3_1,REU.4.5_1,0.089712926767077,0.595575458697815,0.505862531930738,2025.08958510872,2025.17929803549,NA,NA,NA
3684,3685,REU.2.3_1,REU.4.8_1,0.0183026509284294,0.595643139694767,0.577340488766337,2025.16106306556,2025.17936571649,NA,NA,NA
3326,3327,REU.4.8_1,REU.2.3_1,0.0356872729626361,0.595712821613249,0.560025548650613,2025.14374812544,2025.17943539841,NA,NA,NA
4120,4123,REU.2.3_1,REU.2.3_1,0.067321596142027,0.595728632919237,0.52840703677721,2025.11212961357,2025.17945120971,NA,NA,NA
4811,4812,REU.4.3_1,REU.2.3_1,0.10738472445856,0.595747382193008,0.488362657734448,2025.07208523453,2025.17946995899,NA,NA,NA
6181,6182,REU.3.4_1,REU.2.3_1,0.0780830625989871,0.595779621428596,0.517696558829609,2025.10141913562,2025.17950219822,NA,NA,NA
4700,4701,REU.4.3_1,REU.4.3_1,0.0140251782829945,0.595782796773236,0.581757618490241,2025.16548019528,2025.17950537357,NA,NA,NA
6010,6011,REU.4.6_1,REU.4.6_1,0.0417647360250131,0.59580194894172,0.554037212916706,2025.13775978971,2025.17952452574,NA,NA,NA
5780,5781,REU.3.2_1,REU.4.3_1,0.0489861278201067,0.595893291929019,0.546907164108913,2025.1306297409,2025.17961586872,NA,NA,NA
4105,4106,REU.4.3_1,REU.4.3_1,0.0391303866551861,0.59594797973781,0.556817593082624,2025.14054016988,2025.17967055653,NA,NA,NA
4426,4428,REU.4.3_1,REU.4.3_1,0.0271983134804527,0.595982620503025,0.568784307022572,2025.15250688382,2025.1797051973,NA,NA,NA
5805,5806,REU.3.1_1,REU.3.1_1,0.0211876201223734,0.595989838357536,0.574802218235162,2025.15852479503,2025.17971241515,NA,NA,NA
4872,4873,REU.4.3_1,REU.4.3_1,0.0732415343619732,0.596059657251104,0.522818122889131,2025.10654069968,2025.17978223404,NA,NA,NA
4414,4415,REU.4.3_1,REU.4.3_1,0.0434731898226208,0.596302604359946,0.552829414537325,2025.13655199133,2025.18002518115,NA,NA,NA
5358,5359,REU.3.5_1,REU.3.5_1,0.0180943001105998,0.596373308390877,0.578279008280277,2025.16200158507,2025.18009588518,NA,NA,NA
3495,3496,REU.4.8_1,REU.4.8_1,0.0192850380170594,0.596380326633469,0.57709528861641,2025.16081786541,2025.18010290343,NA,NA,NA
5602,5603,REU.3.1_1,REU.3.1_1,0.0094657892288228,0.596412709766965,0.586946920538142,2025.17066949733,2025.18013528656,NA,NA,NA
4562,4563,REU.4.3_1,REU.4.3_1,0.0481157788949265,0.59645677691605,0.548340998021124,2025.13206357481,2025.18017935371,NA,NA,NA
4639,4640,REU.4.3_1,REU.4.3_1,0.0117386742085692,0.596487232125335,0.584748557916766,2025.16847113471,2025.18020980892,NA,NA,NA
4744,4745,REU.4.3_1,REU.4.5_1,0.033785937423902,0.596621667486104,0.562835730062202,2025.14655830686,2025.18034424428,NA,NA,NA
5078,5079,REU.4.4_1,REU.4.4_1,0.00445038632955375,0.596679717360511,0.592229331030957,2025.17595190782,2025.18040229415,NA,NA,NA
4837,4838,REU.4.3_1,REU.4.8_1,0.0312640299127015,0.596707633587532,0.56544360367483,2025.14916618047,2025.18043021038,NA,NA,NA
3812,3814,REU.4.3_1,REU.4.3_1,0.0178653123527281,0.596815948931473,0.578950636578745,2025.16267321337,2025.18053852573,NA,NA,NA
3207,3208,REU.4.8_1,REU.4.6_1,0.0821245664497388,0.596841160257029,0.51471659380729,2025.0984391706,2025.18056373705,NA,NA,NA
3930,3934,REU.4.5_1,REU.4.5_1,0.0762452220701599,0.596899653925366,0.520654431855206,2025.10437700865,2025.18062223072,NA,NA,NA
5220,5221,REU.3.5_1,REU.3.5_1,0.019670152984412,0.596972335925412,0.577302182941,2025.16102475973,2025.18069491272,NA,NA,NA
5532,2502,REU.4.8_1,REU.3.5_1,0.11611679724529,0.597099341014633,0.480982543769343,2025.06470512056,2025.18082191781,CHIKV_RUN_S17b30_2025,55.283911,-21.045065
4978,832,REU.4.3_1,REU.4.3_1,0.0726672094710883,0.597099341014633,0.524432131543545,2025.10815470834,2025.18082191781,CHIKV_RUN_S16b52_2025,55.521718,-21.274164
6002,2683,REU.3.1_1,REU.4.3_1,0.0644374095256417,0.597099341014633,0.532661931488992,2025.11638450828,2025.18082191781,CHIKV_RUN_S16b44_2025,55.516217,-21.279021
5323,1325,REU.4.3_1,REU.4.6_1,0.0617234277598242,0.597099341014633,0.535375913254809,2025.11909849005,2025.18082191781,CHIKV_RUN_S16b37_2025,55.446209,-21.267209
6060,2930,REU.2.3_1,REU.2.3_1,0.0608933670225664,0.597099341014633,0.536205973992067,2025.11992855079,2025.18082191781,CHIKV_RUN_S16b30_2025,55.467005,-20.898535
4976,645,REU.4.3_1,REU.4.2_1,0.0544638848515659,0.597099341014633,0.542635456163068,2025.12635803296,2025.18082191781,CHIKV_RUN_S37b88_2025,55.479227,-21.246157
3166,3092,REU.4.3_1,REU.4.3_1,0.0515287239443641,0.597099341014633,0.545570617070269,2025.12929319386,2025.18082191781,CHIKV_RUN_S16b46_2025,55.50159,-21.262261
5269,348,REU.4.3_1,REU.4.3_1,0.0483169478595631,0.597099341014633,0.54878239315507,2025.13250496995,2025.18082191781,CHIKV_RUN_S16b12_2025,55.507032,-21.235247
5783,2317,REU.3.2_1,REU.3.2_1,0.0480599519396985,0.597099341014633,0.549039389074935,2025.13276196587,2025.18082191781,CHIKV_RUN_S16b35_2025,55.348289,-21.250872
5272,353,REU.4.2_1,REU.4.2_1,0.044766946779028,0.597099341014633,0.552332394235605,2025.13605497103,2025.18082191781,CHIKV_RUN_S16b42_2025,55.470247,-21.233447
6135,3001,REU.4.6_1,REU.4.6_1,0.044043261202005,0.597099341014633,0.553056079812628,2025.13677865661,2025.18082191781,CHIKV_RUN_S16b16_2025,55.417173,-21.289649
4271,872,REU.4.3_1,REU.4.8_1,0.0415478015130157,0.597099341014633,0.555551539501618,2025.1392741163,2025.18082191781,CHIKV_RUN_S37b86_2025,55.53957,-21.313953
3253,2138,REU.3.5_1,REU.2.1_1,0.0376527776743186,0.597099341014634,0.559446563340315,2025.14316914013,2025.18082191781,CHIKV_RUN_S16b43_2025,55.333107,-20.933901
5497,2541,REU.2.3_1,REU.1.3_1,0.0366425890404001,0.597099341014633,0.560456751974233,2025.14417932877,2025.18082191781,CHIKV_RUN_S27b88_2025,55.672884,-20.93834
4912,638,REU.4.3_1,REU.4.3_1,0.0356170478463245,0.597099341014633,0.561482293168309,2025.14520486996,2025.18082191781,CHIKV_RUN_S16b51_2025,55.502596,-21.239002
5310,1356,REU.4.3_1,REU.4.3_1,0.0329855726638089,0.597099341014633,0.564113768350825,2025.14783634514,2025.18082191781,CHIKV_RUN_S16b40_2025,55.510576,-21.237746
5344,1359,REU.4.3_1,REU.4.3_1,0.0326941496571478,0.597099341014633,0.564405191357486,2025.14812776815,2025.18082191781,CHIKV_RUN_S16b54_2025,55.498279,-21.26971
3634,2520,REU.4.1_1,REU.4.1_1,0.026609898751708,0.597099341014633,0.570489442262925,2025.15421201906,2025.18082191781,CHIKV_RUN_S29b19_2025,55.480513,-21.167453
5614,2849,REU.4.3_1,REU.4.3_1,0.0216026850845503,0.597099341014633,0.575496655930083,2025.15921923272,2025.18082191781,CHIKV_RUN_S16b24_2025,55.504978,-21.280264
5465,2250,REU.4.3_1,REU.4.3_1,0.0199611908374857,0.597099341014633,0.577138150177148,2025.16086072697,2025.18082191781,CHIKV_RUN_S16b13_2025,55.511654,-21.277057
3933,230,REU.4.5_1,REU.4.5_1,0.0192635670733047,0.597099341014633,0.577835773941329,2025.16155835074,2025.18082191781,CHIKV_RUN_S16b53_2025,55.612604,-21.324901
4089,1737,REU.4.3_1,REU.3.5_1,0.0132698994628743,0.597099341014633,0.583829441551759,2025.16755201835,2025.18082191781,CHIKV_RUN_S16b07_2025,55.254318,-21.069518
4573,908,REU.3.5_1,REU.3.5_1,0.0130901245828776,0.597099341014633,0.584009216431756,2025.16773179323,2025.18082191781,CHIKV_RUN_S17b37_2025,55.300808,-21.035281
4485,1467,REU.4.3_1,REU.3.5_1,0.00948067585760715,0.597099341014633,0.587618665157026,2025.17134124195,2025.18082191781,CHIKV_RUN_S16b06_2025,55.284204,-21.0281
5774,1799,REU.3.4_1,REU.3.4_1,0.00846486266764579,0.597099341014633,0.588634478346988,2025.17235705514,2025.18082191781,CHIKV_RUN_S16b20_2025,55.323303,-21.210595
4653,573,REU.4.8_1,REU.4.8_1,0.00733228137223208,0.597099341014633,0.589767059642401,2025.17348963644,2025.18082191781,CHIKV_RUN_S16b49_2025,55.494289,-21.271536
5707,1882,REU.3.1_1,REU.3.2_1,0.00438569500974106,0.597099341014633,0.592713646004892,2025.1764362228,2025.18082191781,CHIKV_RUN_S16b21_2025,55.336407,-21.241245
5385,5386,REU.4.3_1,REU.4.3_1,0.0390086989467089,0.597108224532013,0.558099525585304,2025.14182210238,2025.18083080133,NA,NA,NA
3928,3929,REU.4.5_1,REU.4.5_1,0.0215361979832684,0.597223932289285,0.575687734306017,2025.1594103111,2025.18094650908,NA,NA,NA
5794,5795,REU.4.6_1,REU.4.6_1,0.0819864455086454,0.59730787730946,0.515321431800815,2025.09904400859,2025.1810304541,NA,NA,NA
4092,4093,REU.4.8_1,REU.4.8_1,0.00673777780743512,0.597370197031439,0.590632419224004,2025.17435499602,2025.18109277383,NA,NA,NA
3176,3181,REU.4.8_1,REU.4.8_1,0.0692336740974118,0.597377088266967,0.528143414169555,2025.11186599096,2025.18109966506,NA,NA,NA
5925,5926,REU.4.3_1,REU.4.8_1,0.0544516792987253,0.597415274547136,0.54296359524841,2025.12668617204,2025.18113785134,NA,NA,NA
4135,4136,REU.2.3_1,REU.2.3_1,0.0442570434631202,0.597729431653263,0.553472388190143,2025.13719496498,2025.18145200845,NA,NA,NA
4497,4498,REU.2.3_1,REU.2.3_1,0.0257482739621183,0.59779598417947,0.572047710217351,2025.15577028701,2025.18151856097,NA,NA,NA
3587,3589,REU.4.8_1,REU.4.1_1,0.0324504240457,0.597813803031503,0.565363378985803,2025.14908595578,2025.18153637983,NA,NA,NA
3628,3629,REU.4.1_1,REU.4.1_1,0.00975326544498523,0.597834743072031,0.588081477627046,2025.17180405442,2025.18155731987,NA,NA,NA
4018,4020,REU.4.3_1,REU.4.3_1,0.0470000605075203,0.597837675146666,0.550837614639146,2025.13456019143,2025.18156025194,NA,NA,NA
5580,5581,REU.3.1_1,REU.3.1_1,0.0743451758143758,0.597840634026286,0.52349545821191,2025.10721803501,2025.18156321082,NA,NA,NA
5458,5459,REU.4.8_1,REU.4.8_1,0.0487446125152278,0.597842199738871,0.549097587223643,2025.13282016402,2025.18156477653,NA,NA,NA
3368,3369,REU.4.5_1,REU.4.5_1,0.0683301734768491,0.597967906525919,0.52963773304907,2025.11336030984,2025.18169048332,NA,NA,NA
6100,6101,REU.2.3_1,REU.2.3_1,0.00803049361126373,0.598187355805194,0.59015686219393,2025.17387943899,2025.1819099326,NA,NA,NA
4520,4521,REU.4.8_1,REU.4.8_1,0.02284433630212,0.598293390011511,0.575449053709391,2025.1591716305,2025.18201596681,NA,NA,NA
3216,3217,REU.3.1_1,REU.3.1_1,0.0460926979495392,0.598315474226746,0.552222776277207,2025.13594535307,2025.18203805102,NA,NA,NA
5221,5222,REU.3.5_1,REU.3.5_1,0.0014146824750314,0.598387018400443,0.596972335925412,2025.18069491272,2025.18210959519,NA,NA,NA
5481,5482,REU.3.2_1,REU.4.3_1,0.0392910842972478,0.598387194837855,0.559096110540607,2025.14281868733,2025.18210977163,NA,NA,NA
3990,3991,REU.3.5_1,REU.3.5_1,0.0516320382921425,0.598760360807869,0.547128322515727,2025.13085089931,2025.1824829376,NA,NA,NA
6191,6193,REU.3.4_1,REU.3.4_1,0.0536685286026894,0.598819834417031,0.545151305814341,2025.12887388261,2025.18254241121,NA,NA,NA
6048,6052,REU.2.3_1,REU.2.3_1,0.0974605742158617,0.598978580389074,0.501518006173213,2025.08524058297,2025.18270115718,NA,NA,NA
4616,4618,REU.2.3_1,REU.2.3_1,0.0037426677981367,0.599019332327478,0.595276664529341,2025.17899924132,2025.18274190912,NA,NA,NA
5470,5471,REU.4.3_1,REU.4.3_1,0.0959094978174424,0.599055736839232,0.50314623902179,2025.08686881582,2025.18277831363,NA,NA,NA
4150,4151,REU.2.3_1,REU.2.3_1,0.059473617417793,0.599542402808904,0.540068785391111,2025.12379136218,2025.1832649796,NA,NA,NA
5380,5381,REU.4.3_1,REU.4.3_1,0.0846294824901352,0.59955980315315,0.514930320663014,2025.09865289746,2025.18328237995,NA,NA,NA
5862,5863,REU.2.3_1,REU.2.3_1,0.0488072744415424,0.599584223825401,0.550776949383859,2025.13449952618,2025.18330680062,NA,NA,NA
3336,3337,REU.2.3_1,REU.2.3_1,0.0981862639697649,0.599772912771937,0.501586648802172,2025.0853092256,2025.18349548957,NA,NA,NA
5186,1557,REU.4.3_1,REU.4.3_1,0.261471433465054,0.599839067041991,0.338367633576937,2024.92209021037,2025.18356164384,CHIKV_RUN_S17b41_2025,55.508193,-21.286333
5352,1745,REU.4.3_1,REU.2.3_1,0.200149093136139,0.599839067041991,0.399689973905852,2024.9834125507,2025.18356164384,CHIKV_RUN_S16b39_2025,55.455148,-20.884458
4659,537,REU.4.3_1,REU.4.3_1,0.137738164858345,0.599839067041991,0.462100902183646,2025.04582347898,2025.18356164384,CHIKV_RUN_S17b60_2025,55.549179,-21.275143
4627,403,REU.4.3_1,REU.4.3_1,0.120137279589744,0.599839067041991,0.479701787452247,2025.06342436425,2025.18356164384,CHIKV_RUN_S16b04_2025,55.514475,-21.286882
3717,1423,REU.4.3_1,REU.3.2_1,0.108162373920032,0.599839067041991,0.491676693121959,2025.07539926992,2025.18356164384,CHIKV_RUN_S17b49_2025,55.337752,-21.248872
3863,234,REU.4.5_1,REU.4.7_1,0.0880943770691001,0.599839067041991,0.511744689972891,2025.09546726677,2025.18356164384,CHIKV_RUN_S17b57_2025,55.72195,-21.369915
3820,291,REU.4.3_1,REU.4.4_1,0.0865323190490267,0.599839067041991,0.513306747992964,2025.09702932479,2025.18356164384,CHIKV_RUN_S17b59_2025,55.563952,-21.347612
5008,721,REU.4.3_1,REU.4.3_1,0.0830893440656102,0.599839067041991,0.516749722976381,2025.10047229977,2025.18356164384,CHIKV_RUN_S17b40_2025,55.510974,-21.264532
3605,3031,REU.4.3_1,REU.4.3_1,0.08028713009613,0.599839067041991,0.519551936945861,2025.10327451374,2025.18356164384,CHIKV_RUN_S16b27_2025,55.523827,-21.264611
5941,2020,REU.4.6_1,REU.3.5_1,0.0739038440117135,0.599839067041991,0.525935223030277,2025.10965779982,2025.18356164384,CHIKV_RUN_S17b62_2025,55.278687,-21.005672
3621,3021,REU.4.3_1,REU.4.3_1,0.0703557078234183,0.599839067041991,0.529483359218573,2025.11320593601,2025.18356164384,CHIKV_RUN_S16b33_2025,55.524422,-21.263706
5093,1184,REU.4.4_1,REU.4.4_1,0.0690723347082212,0.599839067041991,0.53076673233377,2025.11448930913,2025.18356164384,CHIKV_RUN_S16b25_2025,55.562571,-21.359957
4600,589,REU.4.8_1,REU.4.8_1,0.0584212507209874,0.599839067041991,0.541417816321003,2025.12514039311,2025.18356164384,CHIKV_RUN_S16b17_2025,55.494854,-21.317646
4309,1408,REU.4.3_1,REU.4.3_1,0.0553674929863439,0.599839067041991,0.544471574055647,2025.12819415085,2025.18356164384,CHIKV_RUN_S16b64_2025,55.511843,-21.228954
4348,1358,REU.4.3_1,REU.4.8_1,0.0463405588736703,0.599839067041991,0.553498508168321,2025.13722108496,2025.18356164384,CHIKV_RUN_S16b08_2025,55.524076,-21.331375
5438,2220,REU.3.4_1,REU.3.4_1,0.0440710542916076,0.599839067041991,0.555768012750383,2025.13949058954,2025.18356164384,CHIKV_RUN_S16b50_2025,55.324856,-21.1608
4944,728,REU.4.8_1,REU.4.8_1,0.0439600809091565,0.599839067041991,0.555878986132834,2025.13960156293,2025.18356164384,CHIKV_RUN_S16b34_2025,55.506493,-21.295548
4336,601,REU.4.3_1,REU.4.3_1,0.0417723669585456,0.599839067041991,0.558066700083445,2025.14178927688,2025.18356164384,CHIKV_RUN_S16b28_2025,55.500423,-21.269213
4261,1688,REU.3.5_1,REU.3.5_1,0.0382349891556871,0.599839067041991,0.561604077886304,2025.14532665468,2025.18356164384,CHIKV_RUN_S17b45_2025,55.273672,-21.101752
4111,910,REU.3.5_1,REU.3.5_1,0.0346898393221551,0.599839067041991,0.565149227719836,2025.14887180451,2025.18356164384,CHIKV_RUN_S17b54_2025,55.274238,-21.051114
3800,903,REU.4.3_1,REU.4.3_1,0.033457297772353,0.599839067041991,0.566381769269638,2025.15010434606,2025.18356164384,CHIKV_RUN_S16b03_2025,55.514449,-21.28783
5109,1253,REU.4.4_1,REU.4.4_1,0.0308037257382394,0.599839067041991,0.569035341303751,2025.1527579181,2025.18356164384,CHIKV_RUN_S17b56_2025,55.560447,-21.351132
4014,164,REU.3.5_1,REU.3.5_1,0.0242531438122551,0.599839067041991,0.575585923229736,2025.15930850002,2025.18356164384,CHIKV_RUN_S17b36_2025,55.272848,-21.088341
4770,367,REU.4.5_1,REU.4.5_1,0.0217449811521133,0.599839067041991,0.578094085889878,2025.16181666268,2025.18356164384,CHIKV_RUN_S16b05_2025,55.666314,-21.375208
5974,2645,REU.3.1_1,REU.3.2_1,0.0178794029470447,0.599839067041991,0.581959664094946,2025.16568224089,2025.18356164384,CHIKV_RUN_S16b62_2025,55.353823,-21.24368
4656,548,REU.4.3_1,REU.4.3_1,0.0105649217991017,0.599839067041991,0.589274145242889,2025.17299672204,2025.18356164384,CHIKV_RUN_S16b11_2025,55.563302,-21.285697
3300,2463,REU.3.4_1,REU.3.4_1,0.010036306531237,0.599839067041991,0.589802760510754,2025.1735253373,2025.18356164384,CHIKV_RUN_S16b55_2025,55.303481,-21.210995
4574,905,REU.3.5_1,REU.3.5_1,0.00892773120522417,0.599839067041991,0.590911335836767,2025.17463391263,2025.18356164384,CHIKV_RUN_S17b55_2025,55.263479,-21.059954
5172,1102,REU.4.8_1,REU.4.8_1,0.00719466685761594,0.599839067041991,0.592644400184375,2025.17636697698,2025.18356164384,CHIKV_RUN_S16b10_2025,55.547587,-21.318066
5447,2252,REU.4.3_1,REU.4.3_1,0.00660881379110134,0.599839067041991,0.59323025325089,2025.17695283004,2025.18356164384,CHIKV_RUN_S16b02_2025,55.535622,-21.312495
4123,981,REU.2.3_1,REU.2.3_1,0.00411043412275425,0.599839067041991,0.595728632919237,2025.17945120971,2025.18356164384,CHIKV_RUN_S16b26_2025,55.445741,-20.892562
4292,4293,REU.2.2_1,REU.2.2_1,0.0142058075645959,0.60009382218833,0.585888014623734,2025.16961059142,2025.18381639898,NA,NA,NA
3902,3904,REU.4.5_1,REU.4.5_1,0.0267295405230497,0.600165908429305,0.573436367906255,2025.1571589447,2025.18388848522,NA,NA,NA
4873,4874,REU.4.3_1,REU.4.3_1,0.0041147471254539,0.600174404376558,0.596059657251104,2025.17978223404,2025.18389698117,NA,NA,NA
3358,3359,REU.3.4_1,REU.3.4_1,0.0593628517767824,0.600228953719015,0.540866101942233,2025.12458867874,2025.18395153051,NA,NA,NA
3507,3508,REU.4.6_1,REU.4.6_1,0.115822184919193,0.600695507315141,0.484873322395948,2025.06859589919,2025.18441808411,NA,NA,NA
4339,4340,REU.4.3_1,REU.4.3_1,0.127685906994071,0.600710684598992,0.473024777604921,2025.0567473544,2025.18443326139,NA,NA,NA
5142,5145,REU.4.4_1,REU.4.4_1,0.0783214635983812,0.600755995977774,0.522434532379393,2025.10615710917,2025.18447857277,NA,NA,NA
3136,3137,REU.3.4_1,REU.3.4_1,0.0560358013891655,0.600887296460471,0.544851495071305,2025.12857407186,2025.18460987325,NA,NA,NA
4886,4887,REU.4.8_1,REU.4.8_1,0.0162338220501947,0.601088485430004,0.584854663379809,2025.16857724017,2025.18481106222,NA,NA,NA
4764,4765,REU.4.5_1,REU.2.3_1,0.0327268731961645,0.601315324470204,0.568588451274039,2025.15231102807,2025.18503790126,NA,NA,NA
5574,5575,REU.4.8_1,REU.2.2_1,0.088887707269212,0.601420600375987,0.512532893106775,2025.0962554699,2025.18514317717,NA,NA,NA
3510,3511,REU.4.8_1,REU.4.8_1,0.0415003140560962,0.601452135835242,0.559951821779145,2025.14367439857,2025.18517471263,NA,NA,NA
4690,4691,REU.4.3_1,REU.4.3_1,0.0574472707974155,0.601466620102059,0.544019349304643,2025.1277419261,2025.1851891969,NA,NA,NA
4637,4641,REU.4.3_1,REU.4.3_1,0.0206579295279891,0.601523563678385,0.580865634150396,2025.16458821094,2025.18524614047,NA,NA,NA
3808,3809,REU.4.3_1,REU.4.3_1,0.0111759531999687,0.601664323836485,0.590488370636516,2025.17421094743,2025.18538690063,NA,NA,NA
5898,5899,REU.3.5_1,REU.3.5_1,0.0823233365477058,0.601682140990273,0.519358804442567,2025.10308138124,2025.18540471778,NA,NA,NA
4164,4165,REU.2.3_1,REU.2.3_1,0.052858111618505,0.601861165118401,0.549003053499896,2025.13272563029,2025.18558374191,NA,NA,NA
5728,5729,REU.2.3_1,REU.2.3_1,0.0190193139874999,0.601917633313382,0.582898319325882,2025.16662089612,2025.18564021011,NA,NA,NA
5522,5523,REU.4.8_1,REU.4.8_1,0.0894924872105816,0.602154160779445,0.512661673568863,2025.09638425036,2025.18587673757,NA,NA,NA
3737,3739,REU.4.3_1,REU.4.5_1,0.0421878967306084,0.60226195618092,0.560074059450312,2025.14379663624,2025.18598453297,NA,NA,NA
5704,5705,REU.3.1_1,REU.4.3_1,0.0679160583956244,0.602348087809813,0.534432029414188,2025.11815460621,2025.1860706646,NA,NA,NA
5718,5719,REU.2.3_1,REU.2.3_1,0.0342377210630179,0.602352253379389,0.568114532316371,2025.15183710911,2025.18607483017,NA,NA,NA
3931,3932,REU.4.5_1,REU.4.5_1,0.076486609633155,0.602366201384265,0.52587959175111,2025.10960216854,2025.18608877818,NA,NA,NA
3586,3590,REU.4.8_1,REU.4.8_1,0.0544567420014267,0.60238898388648,0.547932241885054,2025.13165481868,2025.18611156068,NA,NA,NA
6026,6027,REU.4.8_1,REU.3.4_1,0.0365421782933779,0.602422950559993,0.565880772266615,2025.14960334906,2025.18614552735,NA,NA,NA
5394,5395,REU.2.3_1,REU.2.3_1,0.0138569502025242,0.602436195044406,0.588579244841882,2025.17230182164,2025.18615877184,NA,NA,NA
5206,5207,REU.4.8_1,REU.4.8_1,0.0671308420219188,0.602459286855267,0.535328444833348,2025.11905102163,2025.18618186365,NA,NA,NA
3482,3483,REU.4.5_1,REU.4.5_1,0.0512463783912411,0.602462829447754,0.551216451056513,2025.13493902785,2025.18618540624,NA,NA,NA
5002,5003,REU.4.3_1,REU.4.3_1,0.0318436035696644,0.602520170447391,0.570676566877726,2025.15439914367,2025.18624274724,NA,NA,NA
4342,4343,REU.4.3_1,REU.4.3_1,0.0334980507292484,0.602576156964846,0.569078106235597,2025.15280068303,2025.18629873376,NA,NA,NA
5204,1089,REU.4.3_1,REU.4.3_1,0.129631885669021,0.602578793069348,0.472946907400328,2025.05666948419,2025.18630136986,CHIKV_RUN_S16b09_2025,55.499411,-21.245559
4189,599,REU.4.3_1,REU.2.3_1,0.0925046821923281,0.602578793069348,0.51007411087702,2025.09379668767,2025.18630136986,CHIKV_RUN_S28b05_2025,55.458062,-20.894803
3516,2155,REU.4.6_1,REU.4.6_1,0.0771669413770018,0.602578793069348,0.525411851692346,2025.10913442849,2025.18630136986,CHIKV_RUN_S17b51_2025,55.445979,-21.229482
5503,2358,REU.4.5_1,REU.4.5_1,0.0770299729206454,0.602578793069348,0.525548820148703,2025.10927139694,2025.18630136986,CHIKV_RUN_S17b84_2025,55.67745,-21.372594
5733,2635,REU.4.3_1,REU.4.3_1,0.0761145186292859,0.602578793069348,0.526464274440062,2025.11018685123,2025.18630136986,CHIKV_RUN_S18b04_2025,55.528924,-21.245314
3458,2117,REU.4.5_1,REU.4.5_1,0.0723257863165658,0.602578793069348,0.530253006752782,2025.11397558355,2025.18630136986,CHIKV_RUN_S18b03_2025,55.629023,-21.374059
4369,1431,REU.4.3_1,REU.3.3_1,0.0678269290244584,0.602578793069348,0.53475186404489,2025.11847444084,2025.18630136986,CHIKV_RUN_S17b46_2025,55.298893,-21.105446
5113,1219,REU.4.3_1,REU.4.5_1,0.0677966843952678,0.602578793069348,0.53478210867408,2025.11850468547,2025.18630136986,CHIKV_RUN_S17b52_2025,55.628387,-21.34136
3271,2811,REU.4.8_1,REU.4.3_1,0.054369978487435,0.602578793069348,0.548208814581913,2025.13193139138,2025.18630136986,CHIKV_RUN_S17b58_2025,55.48957,-21.256775
3901,218,REU.4.5_1,REU.4.5_1,0.0453962818401121,0.602578793069348,0.557182511229236,2025.14090508802,2025.18630136986,CHIKV_RUN_S17b47_2025,55.61912,-21.368139
5383,258,REU.4.2_1,REU.4.2_1,0.0354983071361965,0.602578793069348,0.567080485933152,2025.15080306273,2025.18630136986,CHIKV_RUN_S27b94_2025,55.47721,-21.249677
3976,132,REU.4.8_1,REU.4.8_1,0.0306111846727436,0.602578793069348,0.571967608396605,2025.15569018519,2025.18630136986,CHIKV_RUN_S17b93_2025,55.50931,-21.3534
3850,944,REU.3.5_1,REU.3.5_1,0.029305262803778,0.602578793069348,0.57327353026557,2025.15699610706,2025.18630136986,CHIKV_RUN_S36b54_2025,55.272725,-21.021971
4460,95,REU.4.8_1,REU.3.3_1,0.0258851820823041,0.602578793069348,0.576693610987044,2025.16041618778,2025.18630136986,CHIKV_RUN_S18b07_2025,55.287571,-21.110372
6066,2900,REU.2.3_1,REU.2.3_1,0.0253831597657264,0.602578793069348,0.577195633303622,2025.1609182101,2025.18630136986,CHIKV_RUN_S27b85_2025,55.505121,-20.913125
3437,2057,REU.4.5_1,REU.2.3_1,0.0229519894270576,0.602578793069348,0.579626803642291,2025.16334938044,2025.18630136986,CHIKV_RUN_S27b83_2025,55.485603,-20.893484
3781,1724,REU.3.5_1,REU.3.5_1,0.020251215164104,0.602578793069348,0.582327577905244,2025.1660501547,2025.18630136986,CHIKV_RUN_S17b31_2025,55.26877,-21.087665
3321,2451,REU.3.4_1,REU.3.4_1,0.0202327421061854,0.602578793069348,0.582346050963163,2025.16606862776,2025.18630136986,CHIKV_RUN_S17b87_2025,55.315995,-21.216088
5956,1927,REU.4.6_1,REU.4.6_1,0.0186078024519849,0.602578793069348,0.583970990617363,2025.16769356741,2025.18630136986,CHIKV_RUN_S17b92_2025,55.437794,-21.265429
4860,769,REU.4.6_1,REU.4.6_1,0.0173839691438884,0.602578793069348,0.58519482392546,2025.16891740072,2025.18630136986,CHIKV_RUN_S17b95_2025,55.441574,-21.271818
4885,683,REU.4.3_1,REU.4.3_1,0.0152960249801761,0.602578793069348,0.587282768089172,2025.17100534488,2025.18630136986,CHIKV_RUN_S17b61_2025,55.52421,-21.282558
5627,1925,REU.4.3_1,REU.4.3_1,0.01394521835445,0.602578793069348,0.588633574714898,2025.17235615151,2025.18630136986,CHIKV_RUN_S17b50_2025,55.51306,-21.278663
4200,1306,REU.4.6_1,REU.4.2_1,0.0125139773238908,0.602578793069348,0.590064815745457,2025.17378739254,2025.18630136986,CHIKV_RUN_S17b94_2025,55.47803,-21.249929
5124,1195,REU.4.4_1,REU.4.4_1,0.0109927293781177,0.602578793069348,0.59158606369123,2025.17530864048,2025.18630136986,CHIKV_RUN_S17b53_2025,55.53399,-21.362956
6104,2868,REU.3.5_1,REU.3.5_1,0.00814024201403274,0.602578793069348,0.594438551055316,2025.17816112785,2025.18630136986,CHIKV_RUN_S18b19_2025,55.225194,-21.078288
4590,1451,REU.4.5_1,REU.4.5_1,0.007003334371533,0.602578793069348,0.595575458697815,2025.17929803549,2025.18630136986,CHIKV_RUN_S27b95_2025,55.615038,-21.375754
4428,1495,REU.4.3_1,REU.4.3_1,0.00659617256632328,0.602578793069348,0.595982620503025,2025.1797051973,2025.18630136986,CHIKV_RUN_S17b44_2025,55.492978,-21.257809
3137,1970,REU.3.4_1,REU.3.4_1,0.00169149660887713,0.602578793069348,0.600887296460471,2025.18460987325,2025.18630136986,CHIKV_RUN_S17b89_2025,55.295778,-21.198431
4143,4144,REU.2.3_1,REU.2.3_1,0.0112588835705402,0.60264431827507,0.59138543470453,2025.1751080115,2025.18636689507,NA,NA,NA
3307,3308,REU.3.4_1,REU.4.6_1,0.053445577224439,0.602645831928261,0.549200254703822,2025.1329228315,2025.18636840872,NA,NA,NA
6091,6094,REU.4.8_1,REU.4.8_1,0.0271287696233536,0.602751841939038,0.575623072315684,2025.15934564911,2025.18647441873,NA,NA,NA
3957,3958,REU.4.3_1,REU.4.3_1,0.0341881935512269,0.602946277670623,0.568758084119396,2025.15248066091,2025.18666885446,NA,NA,NA
5888,5889,REU.3.2_1,REU.3.2_1,0.035559955356849,0.603056208990498,0.567496253633649,2025.15121883043,2025.18677878578,NA,NA,NA
4461,4463,REU.4.8_1,REU.2.3_1,0.0883159877269789,0.603304462927924,0.514988475200945,2025.09871105199,2025.18702703972,NA,NA,NA
4164,4167,REU.2.3_1,REU.2.3_1,0.0543706825537881,0.603373736053684,0.549003053499896,2025.13272563029,2025.18709631285,NA,NA,NA
6141,6142,REU.3.4_1,REU.3.4_1,0.0235350007198325,0.603481410749211,0.579946410029378,2025.16366898682,2025.18720398754,NA,NA,NA
5420,5421,REU.3.5_1,REU.3.5_1,0.0101375545689695,0.60362456267398,0.593487008105011,2025.1772095849,2025.18734713947,NA,NA,NA
4938,4939,REU.4.3_1,REU.2.3_1,0.0705671641290244,0.603654222586326,0.533087058457301,2025.11680963525,2025.18737679938,NA,NA,NA
5539,5540,REU.3.1_1,REU.4.6_1,0.0718911200133705,0.603744362399685,0.531853242386314,2025.11557581918,2025.18746693919,NA,NA,NA
5724,5725,REU.4.3_1,REU.4.2_1,0.0976542869209892,0.603811356334335,0.506157069413346,2025.08987964621,2025.18753393313,NA,NA,NA
5762,5763,REU.4.6_1,REU.3.4_1,0.0386815527529422,0.603817303047777,0.565135750294835,2025.14885832709,2025.18753987984,NA,NA,NA
5125,5126,REU.4.4_1,REU.4.8_1,0.0290939735634674,0.603883801070361,0.574789827506893,2025.1585124043,2025.18760637786,NA,NA,NA
4733,4734,REU.4.3_1,REU.4.3_1,0.0917081852557121,0.603915599780378,0.512207414524666,2025.09592999132,2025.18763817657,NA,NA,NA
5947,5948,REU.4.6_1,REU.4.6_1,0.0389175837996227,0.604230659822752,0.565313076023129,2025.14903565282,2025.18795323662,NA,NA,NA
4051,4052,REU.3.5_1,REU.3.5_1,0.017671387631194,0.604294960980189,0.586623573348995,2025.17034615014,2025.18801753777,NA,NA,NA
5867,5868,REU.2.3_1,REU.2.3_1,0.0101001909646656,0.604319326616354,0.594219135651689,2025.17794171245,2025.18804190341,NA,NA,NA
3904,3906,REU.4.5_1,REU.4.5_1,0.00422508433454005,0.604390992763845,0.600165908429305,2025.18388848522,2025.18811356956,NA,NA,NA
5734,5737,REU.3.1_1,REU.3.1_1,0.0935544796067904,0.604666593964353,0.511112114357562,2025.09483469115,2025.18838917076,NA,NA,NA
5009,5016,REU.4.3_1,REU.1.3_1,0.165768263858964,0.604745515625934,0.43897725176697,2025.02269982856,2025.18846809242,NA,NA,NA
4664,4665,REU.4.3_1,REU.4.3_1,0.0369786324384631,0.604749427731508,0.567770795293045,2025.15149337209,2025.18847200453,NA,NA,NA
5492,5493,REU.2.3_1,REU.2.3_1,0.0098717746788417,0.604758289178059,0.594886514499217,2025.17860909129,2025.18848086597,NA,NA,NA
4085,4086,REU.1.4_1,REU.1.4_1,0.046066394951028,0.604804631247398,0.55873823629637,2025.14246081309,2025.18852720804,NA,NA,NA
3281,3282,REU.4.8_1,REU.2.1_1,0.0372814636758048,0.604899110193915,0.56761764651811,2025.15134022331,2025.18862168699,NA,NA,NA
6030,6032,REU.3.5_1,REU.3.5_1,0.0284378269237322,0.604937463920223,0.576499636996491,2025.16022221379,2025.18866004071,NA,NA,NA
3895,3896,REU.4.5_1,REU.4.5_1,0.040113884521212,0.605006358631817,0.564892474110605,2025.1486150509,2025.18872893543,NA,NA,NA
5510,5511,REU.4.5_1,REU.3.4_1,0.0659232665326082,0.605256576625152,0.539333310092544,2025.12305588689,2025.18897915342,NA,NA,NA
5561,1777,REU.4.3_1,REU.4.3_1,0.157625640191616,0.605318519096706,0.44769287890509,2025.0314154557,2025.18904109589,CHIKV_RUN_S18b05_2025,55.514278,-21.286856
3780,1762,REU.4.3_1,REU.2.3_1,0.155929839669392,0.605318519096706,0.449388679427314,2025.03311125622,2025.18904109589,CHIKV_RUN_S18b69_2025,55.458177,-20.892007
3656,2014,REU.4.8_1,REU.1.2_1,0.112917755332968,0.605318519096706,0.492400763763737,2025.07612334056,2025.18904109589,CHIKV_RUN_S20b81_2025,55.628875,-21.13951
3639,2526,REU.4.1_1,REU.4.1_1,0.10243750520699,0.605318519096706,0.502881013889716,2025.08660359068,2025.18904109589,CHIKV_RUN_S18b13_2025,55.478606,-21.16859
4589,1444,REU.4.3_1,REU.4.3_1,0.0994559871659674,0.605318519096706,0.505862531930738,2025.08958510872,2025.18904109589,CHIKV_RUN_S17b86_2025,55.505031,-21.26403
5071,1236,REU.4.4_1,REU.4.5_1,0.0967664114662525,0.605318519096706,0.508552107630453,2025.09227468442,2025.18904109589,CHIKV_RUN_S17b91_2025,55.594453,-21.370629
5650,1981,REU.2.5_1,REU.2.5_1,0.0773249204926973,0.605318519096706,0.527993598604008,2025.1117161754,2025.18904109589,CHIKV_RUN_S20b77_2025,55.63888,-20.930024
5093,1198,REU.4.4_1,REU.3.4_1,0.074551786762936,0.605318519096706,0.53076673233377,2025.11448930913,2025.18904109589,CHIKV_RUN_S18b24_2025,55.314152,-21.148676
4255,1690,REU.4.8_1,REU.4.8_1,0.0647513411426948,0.605318519096706,0.540567177954011,2025.12428975475,2025.18904109589,CHIKV_RUN_S18b14_2025,55.472968,-21.310873
4135,1013,REU.2.3_1,REU.2.3_1,0.051846130906563,0.605318519096706,0.553472388190143,2025.13719496498,2025.18904109589,CHIKV_RUN_S36b53_2025,55.445815,-20.892723
5955,1876,REU.4.6_1,REU.4.5_1,0.0477774364984419,0.605318519096706,0.557541082598264,2025.14126365939,2025.18904109589,CHIKV_RUN_S18b92_2025,55.600533,-21.37723
5371,1085,REU.4.8_1,REU.4.8_1,0.0383496685935378,0.605318519096706,0.566968850503168,2025.1506914273,2025.18904109589,CHIKV_RUN_S17b85_2025,55.514196,-21.341529
6211,2783,REU.4.3_1,REU.4.6_1,0.0337228190375735,0.605318519096706,0.571595700059132,2025.15531827685,2025.18904109589,CHIKV_RUN_S19b03_2025,55.433495,-21.246208
4769,368,REU.4.5_1,REU.4.5_1,0.0294266680454645,0.605318519096706,0.575891851051241,2025.15961442784,2025.18904109589,CHIKV_RUN_S18b21_2025,55.672937,-21.378165
5631,2137,REU.2.3_1,REU.2.5_1,0.0264487991239126,0.605318519096706,0.578869719972793,2025.16259229677,2025.18904109589,CHIKV_RUN_S36b49_2025,55.625019,-20.949018
3642,2531,REU.4.1_1,REU.4.1_1,0.024956853591026,0.605318519096706,0.58036166550568,2025.1640842423,2025.18904109589,CHIKV_RUN_S21b25_2025,55.478545,-21.169212
4909,662,REU.4.3_1,REU.4.5_1,0.0238450866612252,0.605318519096706,0.58147343243548,2025.16519600923,2025.18904109589,CHIKV_RUN_S18b02_2025,55.68226,-21.370466
5218,1619,REU.3.5_1,REU.3.5_1,0.0225731908550291,0.605318519096706,0.582745328241676,2025.16646790504,2025.18904109589,CHIKV_RUN_S18b57_2025,55.319669,-21.012661
6173,2980,REU.3.4_1,REU.3.4_1,0.0207595710085915,0.605318519096706,0.584558948088114,2025.16828152488,2025.18904109589,CHIKV_RUN_S18b15_2025,55.306257,-21.172821
4471,1554,REU.4.8_1,REU.4.8_1,0.0190102792982692,0.605318519096706,0.586308239798436,2025.17003081659,2025.18904109589,CHIKV_RUN_S18b06_2025,55.466911,-21.289041
4653,574,REU.4.8_1,REU.1.4_1,0.0155514594543043,0.605318519096706,0.589767059642401,2025.17348963644,2025.18904109589,CHIKV_RUN_S20b79_2025,55.706863,-21.031537
5065,1204,REU.4.4_1,REU.4.4_1,0.0136539361426307,0.605318519096706,0.591664582954075,2025.17538715975,2025.18904109589,CHIKV_RUN_S19b04_2025,55.56475,-21.35229
5795,2748,REU.4.6_1,REU.4.2_1,0.0080106417872452,0.605318519096706,0.59730787730946,2025.1810304541,2025.18904109589,CHIKV_RUN_S18b87_2025,55.465342,-21.245991
4293,1067,REU.2.2_1,REU.2.2_1,0.00522469690837568,0.605318519096706,0.60009382218833,2025.18381639898,2025.18904109589,CHIKV_RUN_S37b90_2025,55.299328,-20.944648
4086,1383,REU.1.4_1,REU.1.4_1,0.000513887849307726,0.605318519096706,0.604804631247398,2025.18852720804,2025.18904109589,CHIKV_RUN_S20b80_2025,55.683274,-21.032164
4873,4875,REU.4.3_1,REU.4.3_1,0.00937578688804663,0.605435444139151,0.596059657251104,2025.17978223404,2025.18915802093,NA,NA,NA
4812,4813,REU.2.3_1,REU.2.3_1,0.00988892194674995,0.605636304139758,0.595747382193008,2025.17946995899,2025.18935888093,NA,NA,NA
5869,5870,REU.2.3_1,REU.2.3_1,0.0397805191707795,0.605907208502001,0.566126689331222,2025.14984926612,2025.1896297853,NA,NA,NA
4865,4866,REU.4.6_1,REU.4.6_1,0.0259220355391567,0.605938499406064,0.580016463866907,2025.16373904066,2025.1896610762,NA,NA,NA
4132,4133,REU.2.3_1,REU.2.3_1,0.0401439271750885,0.605940615939092,0.565796688764003,2025.14951926556,2025.18966319273,NA,NA,NA
4863,4864,REU.4.6_1,REU.4.6_1,0.0275709580343334,0.606082402002355,0.578511443968022,2025.16223402076,2025.1898049788,NA,NA,NA
5655,5656,REU.2.5_1,REU.2.3_1,0.0530456181816191,0.606162610796647,0.553116992615027,2025.13683956941,2025.18988518759,NA,NA,NA
4167,4168,REU.2.3_1,REU.2.3_1,0.00289521748103383,0.606268953534718,0.603373736053684,2025.18709631285,2025.18999153033,NA,NA,NA
6032,6033,REU.3.5_1,REU.3.5_1,0.00143438232111737,0.60637184624134,0.604937463920223,2025.18866004071,2025.19009442304,NA,NA,NA
3192,3193,REU.4.8_1,REU.4.8_1,0.0359741990116582,0.606532695660742,0.570558496649084,2025.15428107344,2025.19025527245,NA,NA,NA
3978,3979,REU.4.8_1,REU.4.3_1,0.0571353506967098,0.60657004375967,0.54943469306296,2025.13315726986,2025.19029262055,NA,NA,NA
5244,5245,REU.2.3_1,REU.2.3_1,0.0200909100621904,0.606794341269941,0.586703431207751,2025.170426008,2025.19051691806,NA,NA,NA
3915,3916,REU.4.4_1,REU.4.5_1,0.0590027925322,0.60689610029111,0.54789330775891,2025.13161588455,2025.19061867708,NA,NA,NA
6100,6102,REU.2.3_1,REU.2.3_1,0.0169078243304053,0.607064686524336,0.59015686219393,2025.17387943899,2025.19078726332,NA,NA,NA
6003,6004,REU.3.1_1,REU.2.3_1,0.0368179674467342,0.607347745391926,0.570529777945192,2025.15425235474,2025.19107032219,NA,NA,NA
4743,4748,REU.4.3_1,REU.4.3_1,0.0501226478146934,0.607456781629626,0.557334133814933,2025.14105671061,2025.19117935842,NA,NA,NA
5475,5476,REU.4.8_1,REU.3.5_1,0.066757005230485,0.607613905142579,0.540856899912094,2025.12457947671,2025.19133648194,NA,NA,NA
5847,5848,REU.3.1_1,REU.3.1_1,0.0857203658020483,0.607758601569719,0.522038235767671,2025.10576081256,2025.19148117836,NA,NA,NA
5405,5406,REU.2.3_1,REU.1.1_1,0.0643181323718126,0.607800490368864,0.543482357997052,2025.12720493479,2025.19152306716,NA,NA,NA
4094,4099,REU.4.3_1,REU.4.5_1,0.0736607118301161,0.607950582978943,0.534289871148827,2025.11801244794,2025.19167315977,NA,NA,NA
4084,1072,REU.4.8_1,REU.4.4_1,0.0842007427633754,0.608058245124063,0.523857502360688,2025.10758007915,2025.19178082192,CHIKV_RUN_S18b90_2025,55.568942,-21.351257
4257,1689,REU.4.8_1,REU.4.8_1,0.0778385702990545,0.608058245124063,0.530219674825009,2025.11394225162,2025.19178082192,CHIKV_RUN_S18b73_2025,55.474403,-21.310216
3824,1357,REU.4.3_1,REU.4.1_1,0.0722909061529362,0.608058245124063,0.535767338971127,2025.11948991576,2025.19178082192,CHIKV_RUN_S18b78_2025,55.48698,-21.152237
5837,2364,REU.3.4_1,REU.4.5_1,0.0700119376058583,0.608058245124063,0.538046307518205,2025.12176888431,2025.19178082192,CHIKV_RUN_S18b86_2025,55.617519,-21.383632
5202,1707,REU.4.3_1,REU.4.3_1,0.067391403554443,0.608058245124063,0.54066684156962,2025.12438941836,2025.19178082192,CHIKV_RUN_S19b44_2025,55.543695,-21.309753
4323,1591,REU.4.8_1,REU.4.8_1,0.0644811735918622,0.608058245124063,0.543577071532201,2025.12729964833,2025.19178082192,CHIKV_RUN_S18b70_2025,55.458383,-21.297386
5131,1237,REU.4.4_1,REU.4.4_1,0.0589629051318801,0.608058245124063,0.549095339992183,2025.13281791679,2025.19178082192,CHIKV_RUN_S19b70_2025,55.561765,-21.339729
5458,2286,REU.4.8_1,REU.4.6_1,0.0589606579004196,0.608058245124063,0.549097587223643,2025.13282016402,2025.19178082192,CHIKV_RUN_S18b93_2025,55.405768,-21.271514
4211,1567,REU.4.3_1,REU.4.4_1,0.0588637505204412,0.608058245124063,0.549194494603622,2025.1329170714,2025.19178082192,CHIKV_RUN_S18b75_2025,55.533559,-21.361857
4970,640,REU.4.3_1,REU.1.6_1,0.0584117764056672,0.608058245124063,0.549646468718396,2025.13336904551,2025.19178082192,CHIKV_RUN_S36b50_2025,55.55331,-21.016598
4329,1594,REU.4.8_1,REU.4.8_1,0.0485741909047073,0.608058245124063,0.559484054219356,2025.14320663101,2025.19178082192,CHIKV_RUN_S18b67_2025,55.459644,-21.296356
5059,1247,REU.4.3_1,REU.4.4_1,0.0436109523768067,0.608058245124063,0.564447292747256,2025.14816986954,2025.19178082192,CHIKV_RUN_S18b60_2025,55.563959,-21.351833
4561,308,REU.4.3_1,REU.4.3_1,0.0354577921129555,0.608058245124063,0.572600453011108,2025.1563230298,2025.19178082192,CHIKV_RUN_S18b76_2025,55.525956,-21.271916
5652,1982,REU.2.5_1,REU.2.5_1,0.0343797819561862,0.608058245124063,0.573678463167877,2025.15740103996,2025.19178082192,CHIKV_RUN_S19b01_2025,55.596196,-20.907629
5210,1759,REU.4.3_1,REU.4.3_1,0.0339623741261015,0.608058245124063,0.574095870997962,2025.15781844779,2025.19178082192,CHIKV_RUN_S19b02_2025,55.53301,-21.258202
4319,1396,REU.4.3_1,REU.4.3_1,0.0336381781177956,0.608058245124063,0.574420067006267,2025.1581426438,2025.19178082192,CHIKV_RUN_S18b62_2025,55.524404,-21.242318
5069,1213,REU.4.4_1,REU.4.4_1,0.0304326038793459,0.608058245124063,0.577625641244717,2025.16134821804,2025.19178082192,CHIKV_RUN_S18b74_2025,55.564934,-21.358381
4590,1448,REU.4.5_1,REU.4.8_1,0.0124827864262478,0.608058245124063,0.595575458697815,2025.17929803549,2025.19178082192,CHIKV_RUN_S18b85_2025,55.47382,-21.281662
4106,620,REU.4.3_1,REU.4.3_1,0.0121102653862526,0.608058245124063,0.59594797973781,2025.17967055653,2025.19178082192,CHIKV_RUN_S18b91_2025,55.509764,-21.282726
3589,2842,REU.4.1_1,REU.4.1_1,0.0102444420925605,0.608058245124063,0.597813803031503,2025.18153637983,2025.19178082192,CHIKV_RUN_S19b05_2025,55.46543,-21.135881
5459,2288,REU.4.8_1,REU.4.8_1,0.0102160453851918,0.608058245124063,0.597842199738871,2025.18156477653,2025.19178082192,CHIKV_RUN_S18b77_2025,55.489165,-21.348342
3359,2437,REU.3.4_1,REU.1.4_1,0.00782929140504796,0.608058245124063,0.600228953719015,2025.18395153051,2025.19178082192,CHIKV_RUN_S19b69_2025,55.666146,-21.037454
3508,2136,REU.4.6_1,REU.4.6_1,0.00736273780892194,0.608058245124063,0.600695507315141,2025.18441808411,2025.19178082192,CHIKV_RUN_S18b72_2025,55.415391,-21.269514
5145,1238,REU.4.4_1,REU.4.8_1,0.0073022491462893,0.608058245124063,0.600755995977774,2025.18447857277,2025.19178082192,CHIKV_RUN_S18b71_2025,55.540467,-21.316628
3809,1092,REU.4.3_1,REU.4.3_1,0.00639392128757832,0.608058245124063,0.601664323836485,2025.18538690063,2025.19178082192,CHIKV_RUN_S18b89_2025,55.529542,-21.271949
5983,5986,REU.3.1_1,REU.4.8_1,0.0444565581822187,0.608109067220034,0.563652509037815,2025.14737508583,2025.19183164401,NA,NA,NA
5978,5979,REU.4.8_1,REU.4.8_1,0.0297370480892605,0.608143577373515,0.578406529284255,2025.16212910608,2025.19186615417,NA,NA,NA
4259,4260,REU.4.8_1,REU.4.8_1,0.0319606830174411,0.608149203440318,0.576188520422876,2025.15991109722,2025.19187178023,NA,NA,NA
4003,4004,REU.3.5_1,REU.2.3_1,0.118931500925501,0.608368108238453,0.489436607312952,2025.07315918411,2025.19209068503,NA,NA,NA
4054,4055,REU.4.3_1,REU.4.4_1,0.0144648614752851,0.608442411612668,0.593977550137383,2025.17770012693,2025.19216498841,NA,NA,NA
4691,4693,REU.4.3_1,REU.4.3_1,0.00699887005506394,0.608465490157123,0.601466620102059,2025.1851891969,2025.19218806695,NA,NA,NA
6143,6144,REU.3.4_1,REU.3.4_1,0.0190373994137371,0.608525429900774,0.589488030487037,2025.17321060728,2025.19224800669,NA,NA,NA
3334,3335,REU.4.6_1,REU.4.6_1,0.0334851190415367,0.608528842270736,0.575043723229199,2025.15876630002,2025.19225141906,NA,NA,NA
4439,4440,REU.3.3_1,REU.3.3_1,0.0237508731751533,0.608617798077711,0.584866924902558,2025.1685895017,2025.19234037487,NA,NA,NA
4273,4274,REU.4.3_1,REU.4.4_1,0.0296510603074261,0.608644594780765,0.578993534473339,2025.16271611127,2025.19236717157,NA,NA,NA
3957,3959,REU.4.3_1,REU.2.4_1,0.0399008430067932,0.608658927126189,0.568758084119396,2025.15248066091,2025.19238150392,NA,NA,NA
4498,4499,REU.2.3_1,REU.2.3_1,0.0109731288164163,0.608769112995886,0.59779598417947,2025.18151856097,2025.19249168979,NA,NA,NA
5976,5977,REU.3.1_1,REU.3.1_1,0.0808167171811749,0.608773840437767,0.527957123256592,2025.11167970005,2025.19249641723,NA,NA,NA
5899,5900,REU.3.5_1,REU.3.5_1,0.00726818434674092,0.608950325337014,0.601682140990273,2025.18540471778,2025.19267290213,NA,NA,NA
5670,5671,REU.4.3_1,REU.4.3_1,0.0592246099851084,0.609064813791288,0.54984020380618,2025.1335627806,2025.19278739058,NA,NA,NA
3419,3420,REU.4.8_1,REU.4.8_1,0.0479230616189191,0.609094830891173,0.561171769272253,2025.14489434607,2025.19281740768,NA,NA,NA
5863,5864,REU.2.3_1,REU.2.3_1,0.00955418649193174,0.609138410317333,0.599584223825401,2025.18330680062,2025.19286098711,NA,NA,NA
5590,5591,REU.3.1_1,REU.3.4_1,0.076563018345414,0.609189053384094,0.53262603503868,2025.11634861183,2025.19291163018,NA,NA,NA
5978,5980,REU.4.8_1,REU.4.8_1,0.0311031728052927,0.609509702089547,0.578406529284255,2025.16212910608,2025.19323227888,NA,NA,NA
5239,5241,REU.2.3_1,REU.2.3_1,0.0958377472266598,0.609609397702072,0.513771650475412,2025.09749422727,2025.1933319745,NA,NA,NA
6017,6018,REU.3.1_1,REU.3.1_1,0.020512401914258,0.60969603118727,0.589183629273013,2025.17290620607,2025.19341860798,NA,NA,NA
3442,3444,REU.4.5_1,REU.4.5_1,0.0812800569047142,0.609780859144968,0.528500802240254,2025.11222337903,2025.19350343594,NA,NA,NA
4765,4766,REU.2.3_1,REU.2.3_1,0.00862763004962586,0.60994295451983,0.601315324470204,2025.18503790126,2025.19366553131,NA,NA,NA
3751,3752,REU.2.3_1,REU.2.3_1,0.11935915840207,0.610052559762902,0.490693401360833,2025.07441597815,2025.19377513656,NA,NA,NA
3619,3620,REU.4.3_1,REU.4.8_1,0.0865113892644892,0.610056901799585,0.523545512535096,2025.10726808933,2025.19377947859,NA,NA,NA
6070,6071,REU.2.3_1,REU.2.3_1,0.0595227462167435,0.610261904003999,0.550739157787256,2025.13446173458,2025.1939844808,NA,NA,NA
3991,3993,REU.3.5_1,REU.3.5_1,0.011692908350075,0.610453269157944,0.598760360807869,2025.1824829376,2025.19417584595,NA,NA,NA
5131,5132,REU.4.4_1,REU.4.4_1,0.0613953539601451,0.610490693952328,0.549095339992183,2025.13281791679,2025.19421327075,NA,NA,NA
5726,5727,REU.4.3_1,REU.4.3_1,0.12541529200822,0.610679252897642,0.485263960889422,2025.06898653768,2025.19440182969,NA,NA,NA
3425,3426,REU.4.5_1,REU.4.5_1,0.0361956673629757,0.610763394127828,0.574567726764852,2025.15829030356,2025.19448597092,NA,NA,NA
5784,3056,REU.3.1_1,REU.3.1_1,0.224376027614311,0.61079797115142,0.386421943537109,2024.97014452033,2025.19452054795,CHIKV_RUN_S28b04_2025,55.355323,-21.260479
5474,2268,REU.4.3_1,REU.4.2_1,0.161298285117836,0.61079797115142,0.449499686033584,2025.03322226283,2025.19452054795,CHIKV_RUN_S27b89_2025,55.467204,-21.248946
3475,2065,REU.4.5_1,REU.4.2_1,0.133709550165887,0.61079797115142,0.477088420985534,2025.06081099778,2025.19452054795,CHIKV_RUN_S20b35_2025,55.46646,-21.253315
5249,320,REU.4.3_1,REU.4.4_1,0.0874134639118808,0.61079797115142,0.52338450723954,2025.10710708403,2025.19452054795,CHIKV_RUN_S19b45_2025,55.562133,-21.352463
4530,1666,REU.4.3_1,REU.4.4_1,0.0758947889041249,0.61079797115142,0.534903182247295,2025.11862575904,2025.19452054795,CHIKV_RUN_S18b68_2025,55.560977,-21.337237
6022,2228,REU.4.8_1,REU.3.2_1,0.0725999327618911,0.61079797115142,0.538198038389529,2025.12192061518,2025.19452054795,CHIKV_RUN_S29b04_2025,55.341644,-21.234903
4258,1691,REU.4.8_1,REU.4.8_1,0.067360071038539,0.61079797115142,0.543437900112881,2025.12716047691,2025.19452054795,CHIKV_RUN_S28b94_2025,55.476016,-21.310483
4309,1399,REU.4.3_1,REU.4.4_1,0.0663263970957735,0.61079797115142,0.544471574055647,2025.12819415085,2025.19452054795,CHIKV_RUN_S36b52_2025,55.543785,-21.337061
3371,2609,REU.4.5_1,REU.4.6_1,0.0661434159108052,0.61079797115142,0.544654555240615,2025.12837713203,2025.19452054795,CHIKV_RUN_S27b90_2025,55.416635,-21.273583
3136,2670,REU.3.4_1,REU.3.4_1,0.065946476080115,0.61079797115142,0.544851495071305,2025.12857407186,2025.19452054795,CHIKV_RUN_S27b86_2025,55.295778,-21.198431
3593,1824,REU.3.1_1,REU.4.8_1,0.0652740291860822,0.61079797115142,0.545523941965338,2025.12924651876,2025.19452054795,CHIKV_RUN_S27b91_2025,55.459526,-21.288009
4649,532,REU.4.3_1,REU.4.3_1,0.0629780424940507,0.61079797115142,0.54781992865737,2025.13154250545,2025.19452054795,CHIKV_RUN_S27b81_2025,55.524857,-21.293715
4632,389,REU.4.3_1,REU.4.3_1,0.0586700631010011,0.61079797115142,0.552127908050419,2025.13585048484,2025.19452054795,CHIKV_RUN_S19b88_2025,55.516991,-21.29559
6084,2880,REU.2.3_1,REU.2.3_1,0.0556337612363065,0.61079797115142,0.555164209915114,2025.13888678671,2025.19452054795,CHIKV_RUN_S32b11_2025,55.438545,-20.918203
6084,2861,REU.2.3_1,REU.2.3_1,0.0556337612363065,0.61079797115142,0.555164209915114,2025.13888678671,2025.19452054795,CHIKV_RUN_S19b52_2025,55.493743,-20.902481
5158,1115,REU.4.3_1,REU.1.2_1,0.0545243059268148,0.61079797115142,0.556273665224606,2025.13999624202,2025.19452054795,CHIKV_RUN_S19b77_2025,55.627058,-21.134421
5922,2558,REU.4.3_1,REU.4.3_1,0.0523251487169882,0.61079797115142,0.558472822434432,2025.14219539923,2025.19452054795,CHIKV_RUN_S27b79_2025,55.51426,-21.273119
3664,2001,REU.3.1_1,REU.3.1_1,0.0513264566457016,0.61079797115142,0.559471514505719,2025.1431940913,2025.19452054795,CHIKV_RUN_S19b46_2025,55.364173,-21.24993
6206,2784,REU.4.3_1,REU.4.3_1,0.0494180015090677,0.61079797115142,0.561379969642353,2025.14510254644,2025.19452054795,CHIKV_RUN_S18b66_2025,55.510876,-21.273771
4894,678,REU.4.3_1,REU.4.3_1,0.0446187235654492,0.61079797115142,0.566179247585971,2025.14990182438,2025.19452054795,CHIKV_RUN_S20b34_2025,55.517676,-21.237331
3633,2511,REU.4.1_1,REU.4.1_1,0.0437682152309709,0.61079797115142,0.567029755920449,2025.15075233271,2025.19452054795,CHIKV_RUN_S19b89_2025,55.478192,-21.169782
5999,1946,REU.3.1_1,REU.4.5_1,0.0429665965992609,0.61079797115142,0.56783137455216,2025.15155395135,2025.19452054795,CHIKV_RUN_S29b05_2025,55.649305,-21.380086
6150,2950,REU.3.4_1,REU.3.4_1,0.0412305899768981,0.61079797115142,0.569567381174522,2025.15328995797,2025.19452054795,CHIKV_RUN_S29b14_2025,55.308324,-21.164939
3386,2616,REU.3.1_1,REU.3.4_1,0.0395281032904616,0.61079797115142,0.571269867860959,2025.15499244465,2025.19452054795,CHIKV_RUN_S19b49_2025,55.307329,-21.216247
5992,2651,REU.4.8_1,REU.1.4_1,0.0390165051916362,0.61079797115142,0.571781465959784,2025.15550404275,2025.19452054795,CHIKV_RUN_S19b71_2025,55.685249,-21.050381
4362,288,REU.4.3_1,REU.4.3_1,0.0385405894223743,0.61079797115142,0.572257381729046,2025.15597995852,2025.19452054795,CHIKV_RUN_S20b11_2025,55.517789,-21.295793
3536,2627,REU.4.6_1,REU.3.2_1,0.0378494708863308,0.61079797115142,0.57294850026509,2025.15667107706,2025.19452054795,CHIKV_RUN_S29b11_2025,55.336193,-21.232995
3597,2728,REU.4.6_1,REU.1.2_1,0.0363616642450629,0.61079797115142,0.574436306906357,2025.1581588837,2025.19452054795,CHIKV_RUN_S19b57_2025,55.631428,-21.141252
4507,1367,REU.2.4_1,REU.2.4_1,0.0331635987239184,0.61079797115142,0.577634372427502,2025.16135694922,2025.19452054795,CHIKV_RUN_S19b47_2025,55.5589,-20.899424
3765,1304,REU.4.3_1,REU.4.8_1,0.0271896553994261,0.61079797115142,0.583608315751994,2025.16733089255,2025.19452054795,CHIKV_RUN_S29b06_2025,55.46405,-21.275017
5153,1174,REU.2.3_1,REU.4.8_1,0.0254882703587498,0.61079797115142,0.58530970079267,2025.16903227759,2025.19452054795,CHIKV_RUN_S19b40_2025,55.521678,-21.356251
3259,2825,REU.4.8_1,REU.1.3_1,0.0222208360973287,0.61079797115142,0.588577135054092,2025.17229971185,2025.19452054795,CHIKV_RUN_S19b42_2025,55.647533,-20.932677
6158,2939,REU.3.4_1,REU.3.4_1,0.0217211384953073,0.61079797115142,0.589076832656113,2025.17279940945,2025.19452054795,CHIKV_RUN_S27b92_2025,55.295784,-21.171432
4305,1413,REU.4.3_1,REU.4.2_1,0.0215482451970572,0.61079797115142,0.589249725954363,2025.17297230275,2025.19452054795,CHIKV_RUN_S27b82_2025,55.50081,-21.235022
3882,179,REU.4.7_1,REU.4.7_1,0.0206923603482769,0.61079797115142,0.590105610803143,2025.1738281876,2025.19452054795,CHIKV_RUN_S19b51_2025,55.720654,-21.370892
3949,1438,REU.4.3_1,REU.4.3_1,0.0194356903077386,0.61079797115142,0.591362280843682,2025.17508485764,2025.19452054795,CHIKV_RUN_S29b10_2025,55.519942,-21.293275
4629,489,REU.4.3_1,REU.4.3_1,0.0170696086430704,0.61079797115142,0.59372836250835,2025.1774509393,2025.19452054795,CHIKV_RUN_S29b12_2025,55.521838,-21.286364
3464,2063,REU.4.5_1,REU.4.5_1,0.0161368111581971,0.61079797115142,0.594661159993223,2025.17838373679,2025.19452054795,CHIKV_RUN_S27b87_2025,55.597508,-21.376015
3217,2300,REU.3.1_1,REU.3.1_1,0.012482496924674,0.61079797115142,0.598315474226746,2025.18203805102,2025.19452054795,CHIKV_RUN_S27b78_2025,55.362551,-21.26155
5575,2390,REU.2.2_1,REU.2.2_1,0.00937737077543388,0.61079797115142,0.601420600375987,2025.18514317717,2025.19452054795,CHIKV_RUN_S20b22_2025,55.302628,-20.939219
5705,1875,REU.4.3_1,REU.4.3_1,0.00844988334160779,0.61079797115142,0.602348087809813,2025.1860706646,2025.19452054795,CHIKV_RUN_S28b13_2025,55.511427,-21.282575
3932,205,REU.4.5_1,REU.4.7_1,0.00843176976715498,0.61079797115142,0.602366201384265,2025.18608877818,2025.19452054795,CHIKV_RUN_S28b10_2025,55.787996,-21.351312
5725,2338,REU.4.2_1,REU.4.2_1,0.00698661481708507,0.61079797115142,0.603811356334335,2025.18753393313,2025.19452054795,CHIKV_RUN_S29b01_2025,55.466067,-21.255356
6144,2953,REU.3.4_1,REU.3.4_1,0.00227254125064624,0.61079797115142,0.608525429900774,2025.19224800669,2025.19452054795,CHIKV_RUN_S29b07_2025,55.306494,-21.169285
4566,4567,REU.4.8_1,REU.4.8_1,0.0561689101447618,0.610867870766936,0.554698960622174,2025.13842153742,2025.19459044756,NA,NA,NA
3769,3770,REU.3.5_1,REU.3.5_1,0.0323445933252164,0.61088662909931,0.578542035774094,2025.16226461257,2025.19460920589,NA,NA,NA
4942,4943,REU.4.3_1,REU.4.6_1,0.115444149077447,0.611258904835734,0.495814755758287,2025.07953733255,2025.19498148163,NA,NA,NA
3327,3328,REU.2.3_1,REU.2.3_1,0.0156277587127113,0.61134058032596,0.595712821613249,2025.17943539841,2025.19506315712,NA,NA,NA
5180,5182,REU.4.3_1,REU.4.3_1,0.0492406627955147,0.61149856150065,0.562257898705135,2025.1459804755,2025.19522113829,NA,NA,NA
5371,5372,REU.4.8_1,REU.3.5_1,0.0448094871137068,0.611778337616875,0.566968850503168,2025.1506914273,2025.19550091441,NA,NA,NA
3464,3465,REU.4.5_1,REU.4.5_1,0.0173583641112711,0.612019524104494,0.594661159993223,2025.17838373679,2025.1957421009,NA,NA,NA
5016,5017,REU.1.3_1,REU.1.3_1,0.00729703876872934,0.612042554394663,0.604745515625934,2025.18846809242,2025.19576513119,NA,NA,NA
3723,3724,REU.3.5_1,REU.3.5_1,0.0467530486996817,0.61206943352678,0.565316384827098,2025.14903896162,2025.19579201032,NA,NA,NA
5222,5223,REU.3.5_1,REU.3.5_1,0.0139923252754033,0.612379343675846,0.598387018400443,2025.18210959519,2025.19610192047,NA,NA,NA
5078,5080,REU.4.4_1,REU.4.8_1,0.0201768082129067,0.612406139243864,0.592229331030957,2025.17595190782,2025.19612871604,NA,NA,NA
5179,5183,REU.4.3_1,REU.2.3_1,0.051566896755454,0.612453911790009,0.560887015034555,2025.14460959183,2025.19617648858,NA,NA,NA
3193,3194,REU.4.8_1,REU.4.8_1,0.00611884835388099,0.612651544014623,0.606532695660742,2025.19025527245,2025.19637412081,NA,NA,NA
3272,3273,REU.4.8_1,REU.4.8_1,0.0535973650801935,0.612694515767275,0.559097150687082,2025.14281972748,2025.19641709256,NA,NA,NA
5986,5987,REU.4.8_1,REU.4.8_1,0.00465922821215681,0.612768295432191,0.608109067220034,2025.19183164401,2025.19649087223,NA,NA,NA
5915,5917,REU.4.8_1,REU.4.8_1,0.0396012075798765,0.6129041677197,0.573302960139824,2025.15702553693,2025.19662674451,NA,NA,NA
4567,4568,REU.4.8_1,REU.4.8_1,0.00210320692215327,0.612971077689089,0.610867870766936,2025.19459044756,2025.19669365448,NA,NA,NA
3925,3926,REU.4.5_1,REU.4.5_1,0.0261313872760118,0.613015997439814,0.586884610163802,2025.17060718696,2025.19673857423,NA,NA,NA
4887,4888,REU.4.8_1,REU.4.8_1,0.011995658605658,0.613084144035662,0.601088485430004,2025.18481106222,2025.19680672083,NA,NA,NA
4277,4278,REU.4.3_1,REU.4.5_1,0.126349429776692,0.613353979150016,0.487004549373324,2025.07072712617,2025.19707655594,NA,NA,NA
3288,2008,REU.3.1_1,REU.4.2_1,0.176491753209983,0.613537697179005,0.437045943969023,2025.02076852076,2025.19726027397,CHIKV_RUN_S19b87_2025,55.468504,-21.24505
5938,2766,REU.4.6_1,REU.4.2_1,0.114595361179356,0.613537697179005,0.498942335999649,2025.08266491279,2025.19726027397,CHIKV_RUN_S19b92_2025,55.473528,-21.250753
4075,879,REU.4.3_1,REU.2.3_1,0.113745016849091,0.613537697179005,0.499792680329914,2025.08351525712,2025.19726027397,CHIKV_RUN_S19b95_2025,55.427046,-20.876761
5846,2333,REU.3.1_1,REU.3.2_1,0.104960552860068,0.613537697179005,0.508577144318937,2025.09229972111,2025.19726027397,CHIKV_RUN_S20b03_2025,55.335638,-21.235998
5228,1713,REU.2.5_1,REU.2.5_1,0.0951515413698647,0.613537697179005,0.51838615580914,2025.1021087326,2025.19726027397,CHIKV_RUN_S27b93_2025,55.605959,-20.904676
3158,1955,REU.4.5_1,REU.1.3_1,0.0939120620488766,0.613537697179005,0.519625635130129,2025.10334821192,2025.19726027397,CHIKV_RUN_S19b75_2025,55.619233,-20.956399
3515,2154,REU.4.6_1,REU.4.6_1,0.0922909557196571,0.613537697179005,0.521246741459348,2025.10496931825,2025.19726027397,CHIKV_RUN_S20b28_2025,55.431827,-21.24552
6149,2962,REU.3.4_1,REU.4.3_1,0.0836180801638167,0.613537697179005,0.529919617015189,2025.11364219381,2025.19726027397,CHIKV_RUN_S36b80_2025,55.557863,-21.22154
5268,347,REU.4.3_1,REU.1.4_1,0.0825073032897312,0.613537697179005,0.531030393889274,2025.11475297068,2025.19726027397,CHIKV_RUN_S19b78_2025,55.697947,-21.032141
4709,517,REU.4.3_1,REU.4.4_1,0.0746258781888535,0.613537697179005,0.538911818990152,2025.12263439578,2025.19726027397,CHIKV_RUN_S19b64_2025,55.565613,-21.360891
5744,1809,REU.2.3_1,REU.2.3_1,0.0719976065206165,0.613537697179005,0.541540090658389,2025.12526266745,2025.19726027397,CHIKV_RUN_S29b13_2025,55.485603,-20.893484
4064,1389,REU.4.8_1,REU.3.5_1,0.0715745161068605,0.613537697179005,0.541963181072145,2025.12568575787,2025.19726027397,CHIKV_RUN_S28b08_2025,55.228101,-21.063277
3855,957,REU.3.5_1,REU.3.5_1,0.071508890598692,0.613537697179005,0.542028806580313,2025.12575138337,2025.19726027397,CHIKV_RUN_S28b07_2025,55.272533,-21.023493
5315,110,REU.4.3_1,REU.4.3_1,0.0695956839693841,0.613537697179005,0.543942013209621,2025.12766459,2025.19726027397,CHIKV_RUN_S20b05_2025,55.515803,-21.295734
4365,917,REU.3.5_1,REU.3.5_1,0.0684051225830644,0.613537697179005,0.545132574595941,2025.12885515139,2025.19726027397,CHIKV_RUN_S20b87_2025,55.273404,-21.026997
4562,1763,REU.4.3_1,REU.4.3_1,0.0651966991578814,0.613537697179005,0.548340998021124,2025.13206357481,2025.19726027397,CHIKV_RUN_S29b02_2025,55.51602,-21.29526
3351,2436,REU.3.4_1,REU.3.4_1,0.0619276713230974,0.613537697179005,0.551610025855908,2025.13533260265,2025.19726027397,CHIKV_RUN_S22b08_2025,55.306352,-21.170628
4768,369,REU.4.5_1,REU.4.5_1,0.061658001370499,0.613537697179005,0.551879695808506,2025.1356022726,2025.19726027397,CHIKV_RUN_S20b37_2025,55.644412,-21.379083
4820,387,REU.4.8_1,REU.1.1_1,0.0615423922749256,0.613537697179005,0.55199530490408,2025.1357178817,2025.19726027397,CHIKV_RUN_S19b63_2025,55.682519,-20.998617
3771,1326,REU.2.3_1,REU.2.3_1,0.0577132057271275,0.613537697179005,0.555824491451878,2025.13954706825,2025.19726027397,CHIKV_RUN_S29b09_2025,55.485603,-20.893484
3785,893,REU.2.1_1,REU.2.3_1,0.0521759884579023,0.613537697179005,0.561361708721103,2025.14508428551,2025.19726027397,CHIKV_RUN_S20b38_2025,55.423079,-20.87676
6206,2780,REU.4.3_1,REU.4.3_1,0.0521577275366525,0.613537697179005,0.561379969642353,2025.14510254644,2025.19726027397,CHIKV_RUN_S19b82_2025,55.581068,-21.201849
4837,660,REU.4.3_1,REU.4.8_1,0.0480940935041747,0.613537697179005,0.56544360367483,2025.14916618047,2025.19726027397,CHIKV_RUN_S20b29_2025,55.461845,-21.295303
6029,2692,REU.3.5_1,REU.3.5_1,0.0467485174357569,0.613537697179005,0.566789179743248,2025.15051175654,2025.19726027397,CHIKV_RUN_S20b94_2025,55.299916,-20.976778
6003,3095,REU.3.1_1,REU.4.6_1,0.0430079192338134,0.613537697179005,0.570529777945192,2025.15425235474,2025.19726027397,CHIKV_RUN_S19b74_2025,55.415033,-21.26939
4501,1371,REU.2.3_1,REU.1.1_1,0.0385610789224157,0.613537697179005,0.574976618256589,2025.15869919505,2025.19726027397,CHIKV_RUN_S19b53_2025,55.655827,-20.977547
5220,1623,REU.3.5_1,REU.3.5_1,0.0362355142380056,0.613537697179005,0.577302182941,2025.16102475973,2025.19726027397,CHIKV_RUN_S22b06_2025,55.272076,-21.029578
3913,222,REU.4.5_1,REU.4.7_1,0.0323463017903487,0.613537697179005,0.581191395388656,2025.16491397218,2025.19726027397,CHIKV_RUN_S19b86_2025,55.764023,-21.360531
3781,1725,REU.3.5_1,REU.3.5_1,0.0312101192737609,0.613537697179005,0.582327577905244,2025.1660501547,2025.19726027397,CHIKV_RUN_S20b19_2025,55.269553,-21.101379
3772,1329,REU.3.5_1,REU.3.5_1,0.0298751079069577,0.613537697179005,0.583662589272048,2025.16738516607,2025.19726027397,CHIKV_RUN_S19b94_2025,55.25298,-21.042346
4115,613,REU.3.5_1,REU.3.5_1,0.0296218928290476,0.613537697179005,0.583915804349958,2025.16763838114,2025.19726027397,CHIKV_RUN_S20b32_2025,55.29306,-21.03516
4668,534,REU.3.5_1,REU.3.5_1,0.028855089674207,0.613537697179005,0.584682607504798,2025.1684051843,2025.19726027397,CHIKV_RUN_S28b12_2025,55.267558,-21.013211
3844,964,REU.4.8_1,REU.2.1_1,0.0281376163251332,0.613537697179005,0.585400080853872,2025.16912265765,2025.19726027397,CHIKV_RUN_S20b90_2025,55.331182,-20.952532
5408,1156,REU.1.3_1,REU.1.3_1,0.0251976161632864,0.613537697179005,0.588340081015719,2025.17206265781,2025.19726027397,CHIKV_RUN_S28b93_2025,55.672793,-20.966915
5123,1273,REU.4.4_1,REU.1.5_1,0.0249673241597899,0.613537697179005,0.588570373019215,2025.17229294981,2025.19726027397,CHIKV_RUN_S19b80_2025,55.821351,-21.148572
3882,178,REU.4.7_1,REU.4.7_1,0.0234320863758617,0.613537697179005,0.590105610803143,2025.1738281876,2025.19726027397,CHIKV_RUN_S20b04_2025,55.719455,-21.371287
5775,1800,REU.3.4_1,REU.3.4_1,0.0214472662385649,0.613537697179005,0.59209043094044,2025.17581300773,2025.19726027397,CHIKV_RUN_S19b81_2025,55.319437,-21.213998
5447,2257,REU.4.3_1,REU.4.8_1,0.0203074439281157,0.613537697179005,0.59323025325089,2025.17695283004,2025.19726027397,CHIKV_RUN_S19b73_2025,55.534789,-21.314946
4752,439,REU.4.8_1,REU.4.2_1,0.0188778292795236,0.613537697179005,0.594659867899482,2025.17838244469,2025.19726027397,CHIKV_RUN_S20b18_2025,55.466556,-21.243784
3685,1967,REU.4.8_1,REU.4.4_1,0.0178945574842385,0.613537697179005,0.595643139694767,2025.17936571649,2025.19726027397,CHIKV_RUN_S20b95_2025,55.567608,-21.357211
4812,402,REU.2.3_1,REU.1.4_1,0.0177903149859973,0.613537697179005,0.595747382193008,2025.17946995899,2025.19726027397,CHIKV_RUN_S19b67_2025,55.672176,-21.04822
3629,2525,REU.4.1_1,REU.4.1_1,0.0157029541069744,0.613537697179005,0.597834743072031,2025.18155731987,2025.19726027397,CHIKV_RUN_S20b31_2025,55.467884,-21.146662
4875,722,REU.4.3_1,REU.4.3_1,0.00810225303985446,0.613537697179005,0.605435444139151,2025.18915802093,2025.19726027397,CHIKV_RUN_S20b17_2025,55.508697,-21.283779
3993,126,REU.3.5_1,REU.3.5_1,0.00308442802106113,0.613537697179005,0.610453269157944,2025.19417584595,2025.19726027397,CHIKV_RUN_S20b36_2025,55.270344,-21.069224
3906,3907,REU.4.5_1,REU.4.5_1,0.00936694459838372,0.613757937362229,0.604390992763845,2025.18811356956,2025.19748051416,NA,NA,NA
3714,3715,REU.4.3_1,REU.4.3_1,0.082006939688144,0.613931157681092,0.531924217992948,2025.11564679479,2025.19765373447,NA,NA,NA
3968,3969,REU.4.8_1,REU.4.8_1,0.0272551390232715,0.613951415300535,0.586696276277264,2025.17041885307,2025.19767399209,NA,NA,NA
4903,4904,REU.4.4_1,REU.4.4_1,0.0422650596324723,0.614198877046395,0.571933817413923,2025.15565639421,2025.19792145384,NA,NA,NA
4233,4236,REU.4.8_1,REU.4.8_1,0.0926013871657797,0.614447247047932,0.521845859882152,2025.10556843668,2025.19816982384,NA,NA,NA
5316,5317,REU.2.3_1,REU.2.3_1,0.0284094698342314,0.614524332702466,0.586114862868235,2025.16983743966,2025.1982469095,NA,NA,NA
3444,3445,REU.4.5_1,REU.4.5_1,0.00492907559975875,0.614709934744727,0.609780859144968,2025.19350343594,2025.19843251154,NA,NA,NA
5275,5276,REU.4.8_1,REU.2.2_1,0.0888115077758516,0.614736320835497,0.525924813059646,2025.10964738985,2025.19845889763,NA,NA,NA
5593,5595,REU.3.1_1,REU.3.1_1,0.0641658246100705,0.614884934813933,0.550719110203863,2025.134441687,2025.19860751161,NA,NA,NA
5729,5730,REU.2.3_1,REU.2.3_1,0.0130403787100352,0.614958012023417,0.601917633313382,2025.18564021011,2025.19868058882,NA,NA,NA
5638,5639,REU.2.5_1,REU.2.5_1,0.129743624716286,0.615095410600439,0.485351785884153,2025.06907436268,2025.19881798739,NA,NA,NA
6115,6116,REU.2.4_1,REU.2.4_1,0.082739915498312,0.615234070103868,0.532494154605556,2025.1162167314,2025.1989566469,NA,NA,NA
5927,5930,REU.4.3_1,REU.4.8_1,0.123734339883257,0.615310371556446,0.491576031673189,2025.07529860847,2025.19903294835,NA,NA,NA
3814,3815,REU.4.3_1,REU.4.3_1,0.0185179401597675,0.615333889091241,0.596815948931473,2025.18053852573,2025.19905646588,NA,NA,NA
3303,3304,REU.3.4_1,REU.3.4_1,0.119453062290475,0.615399219710356,0.495946157419881,2025.07966873421,2025.1991217965,NA,NA,NA
4157,4158,REU.2.3_1,REU.2.3_1,0.0507051603100368,0.615420988452528,0.564715828142491,2025.14843840494,2025.19914356525,NA,NA,NA
6178,6179,REU.4.6_1,REU.4.6_1,0.0435610425956906,0.615697430478205,0.572136387882514,2025.15585896468,2025.19942000727,NA,NA,NA
4165,4166,REU.2.3_1,REU.2.3_1,0.0139642908647892,0.61582545598319,0.601861165118401,2025.18558374191,2025.19954803278,NA,NA,NA
3617,3618,REU.4.3_1,REU.4.3_1,0.0860921680195076,0.615941502732577,0.529849334713069,2025.11357191151,2025.19966407953,NA,NA,NA
5742,5743,REU.3.1_1,REU.2.3_1,0.0213414215001844,0.61594854799424,0.594607126494055,2025.17832970329,2025.19967112479,NA,NA,NA
4618,4619,REU.2.3_1,REU.2.3_1,0.0169409297533158,0.615960262080794,0.599019332327478,2025.18274190912,2025.19968283887,NA,NA,NA
3755,3756,REU.2.5_1,REU.2.5_1,0.077310975210881,0.616088280684695,0.538777305473814,2025.12249988227,2025.19981085748,NA,NA,NA
3593,3594,REU.3.1_1,REU.3.1_1,0.0706663283658642,0.616190270331203,0.545523941965338,2025.12924651876,2025.19991284712,NA,NA,NA
5942,1933,REU.4.6_1,REU.3.2_1,0.172194292111552,0.616277423206363,0.444083131094811,2025.02780570789,2025.2,CHIKV_RUN_S20b12_2025,55.337829,-21.236051
4494,1378,REU.2.4_1,REU.2.4_1,0.12117907933106,0.616277423206363,0.495098343875303,2025.07882092067,2025.2,CHIKV_RUN_S20b27_2025,55.5589,-20.899424
4571,909,REU.3.5_1,REU.3.5_1,0.11638254793307,0.616277423206363,0.499894875273293,2025.08361745207,2025.2,CHIKV_RUN_S19b61_2025,55.300808,-21.035281
5342,1476,REU.4.8_1,REU.1.4_1,0.108762349538292,0.616277423206363,0.507515073668071,2025.09123765046,2025.2,CHIKV_RUN_S19b65_2025,55.715283,-21.049538
5803,2184,REU.3.5_1,REU.4.8_1,0.102147796408551,0.616277423206363,0.514129626797812,2025.09785220359,2025.2,CHIKV_RUN_S20b20_2025,55.476655,-21.339972
5844,2671,REU.3.1_1,REU.4.6_1,0.101515296287713,0.616277423206363,0.514762126918649,2025.09848470371,2025.2,CHIKV_RUN_S20b21_2025,55.435536,-21.257653
5464,2244,REU.4.3_1,REU.4.8_1,0.0898797236048046,0.616277423206363,0.526397699601558,2025.1101202764,2025.2,CHIKV_RUN_S20b07_2025,55.533492,-21.315633
4407,1524,REU.4.3_1,REU.1.1_1,0.0835092457071593,0.616277423206363,0.532768177499203,2025.11649075429,2025.2,CHIKV_RUN_S20b73_2025,55.643354,-20.980309
3470,2051,REU.4.5_1,REU.4.5_1,0.0749803771573727,0.616277423206363,0.54129704604899,2025.12501962284,2025.2,CHIKV_RUN_S20b06_2025,55.599932,-21.377836
3166,2324,REU.4.3_1,REU.4.8_1,0.0707068061360933,0.616277423206363,0.545570617070269,2025.12929319386,2025.2,CHIKV_RUN_S20b62_2025,55.473625,-21.334544
3571,2580,REU.3.1_1,REU.3.2_1,0.0676757312344601,0.616277423206363,0.548601691971903,2025.13232426877,2025.2,CHIKV_RUN_S20b14_2025,55.344688,-21.249764
3356,2425,REU.2.3_1,REU.2.3_1,0.0581768828639782,0.616277423206363,0.558100540342384,2025.14182311714,2025.2,CHIKV_RUN_S20b25_2025,55.473705,-20.891769
4329,1587,REU.4.8_1,REU.4.8_1,0.0567933689870068,0.616277423206363,0.559484054219356,2025.14320663101,2025.2,CHIKV_RUN_S20b23_2025,55.457023,-21.296888
5015,708,REU.4.3_1,REU.1.3_1,0.0552338898004103,0.616277423206363,0.561043533405952,2025.1447661102,2025.2,CHIKV_RUN_S19b66_2025,55.689055,-20.960639
3281,2828,REU.4.8_1,REU.2.5_1,0.0486597766882521,0.616277423206362,0.56761764651811,2025.15134022331,2025.2,CHIKV_RUN_S19b68_2025,55.582725,-20.929146
3322,2453,REU.3.4_1,REU.3.4_1,0.0486585819489932,0.616277423206362,0.567618841257369,2025.15134141805,2025.2,CHIKV_RUN_S19b60_2025,55.325669,-21.227271
5471,2269,REU.4.3_1,REU.4.3_1,0.0172216863671302,0.616277423206363,0.599055736839232,2025.18277831363,2025.2,CHIKV_RUN_S19b91_2025,55.516227,-21.284258
5889,18,REU.3.2_1,REU.3.2_1,0.0132212142158646,0.616277423206363,0.603056208990498,2025.18677878578,2025.2,CHIKV_RUN_S20b33_2025,55.339341,-21.247299
4665,560,REU.4.3_1,REU.4.3_1,0.0115279954748544,0.616277423206363,0.604749427731508,2025.18847200453,2025.2,CHIKV_RUN_S20b30_2025,55.503677,-21.265174
4274,874,REU.4.4_1,REU.4.4_1,0.00763282842559732,0.616277423206363,0.608644594780765,2025.19236717157,2025.2,CHIKV_RUN_S20b16_2025,55.568332,-21.350095
3194,2743,REU.4.8_1,REU.4.8_1,0.0036258791917394,0.616277423206363,0.612651544014623,2025.19637412081,2025.2,CHIKV_RUN_S20b13_2025,55.461679,-21.292518
5494,5498,REU.2.3_1,REU.4.8_1,0.116030047921386,0.61632998233809,0.500299934416704,2025.08402251121,2025.20005255913,NA,NA,NA
5772,5773,REU.3.4_1,REU.3.4_1,0.0291533033763538,0.616528294744547,0.587374991368193,2025.17109756816,2025.20025087154,NA,NA,NA
3981,3982,REU.3.5_1,REU.3.5_1,0.0603536992791132,0.616598970030509,0.556245270751396,2025.13996784754,2025.20032154682,NA,NA,NA
3433,3435,REU.4.5_1,REU.4.5_1,0.065966060114125,0.616671655376938,0.550705595262813,2025.13442817206,2025.20039423217,NA,NA,NA
6004,6005,REU.2.3_1,REU.2.3_1,0.00944398793022461,0.61679173332215,0.607347745391926,2025.19107032219,2025.20051431012,NA,NA,NA
4248,4249,REU.4.3_1,REU.4.8_1,0.0735123841353759,0.61683963276075,0.543327248625374,2025.12704982542,2025.20056220955,NA,NA,NA
4830,4831,REU.4.3_1,REU.4.8_1,0.154601801635799,0.617000515694674,0.462398714058875,2025.04612129085,2025.20072309249,NA,NA,NA
3971,3972,REU.2.3_1,REU.2.3_1,0.0423418830417204,0.617067574596059,0.574725691554338,2025.15844826835,2025.20079015139,NA,NA,NA
6030,6031,REU.3.5_1,REU.3.5_1,0.040666434563114,0.617166071559605,0.576499636996491,2025.16022221379,2025.20088864835,NA,NA,NA
5347,5348,REU.4.3_1,REU.3.5_1,0.21706213526738,0.617623452551547,0.400561317284167,2024.98428389408,2025.20134602935,NA,NA,NA
3372,3373,REU.4.5_1,REU.4.5_1,0.0719995024603183,0.617649556919542,0.545650054459224,2025.12937263125,2025.20137213371,NA,NA,NA
4028,4029,REU.4.3_1,REU.4.3_1,0.0687995131688162,0.617751406622783,0.548951893453967,2025.13267447025,2025.20147398342,NA,NA,NA
3359,3360,REU.3.4_1,REU.3.4_1,0.0175758558892409,0.617804809608256,0.600228953719015,2025.18395153051,2025.2015273864,NA,NA,NA
4817,4818,REU.4.5_1,REU.2.3_1,0.0285281276810008,0.617845006210557,0.589316878529556,2025.17303945532,2025.201567583,NA,NA,NA
3309,3312,REU.3.4_1,REU.3.4_1,0.0472045779673734,0.618096171700577,0.570891593733204,2025.15461417053,2025.20181874849,NA,NA,NA
4718,4719,REU.2.3_1,REU.2.3_1,0.0647268711765601,0.618307270135053,0.553580398958493,2025.13730297575,2025.20202984693,NA,NA,NA
5905,5906,REU.3.5_1,REU.3.5_1,0.12329960889506,0.618398267069448,0.495098658174388,2025.07882123497,2025.20212084386,NA,NA,NA
4797,4798,REU.2.3_1,REU.2.3_1,0.0685751174043454,0.618500382266236,0.549925264861891,2025.13364784166,2025.20222295906,NA,NA,NA
5102,5106,REU.4.8_1,REU.4.8_1,0.105615581267659,0.618620652520024,0.513005071252365,2025.09672764805,2025.20234322931,NA,NA,NA
5593,5594,REU.3.1_1,REU.4.8_1,0.0680817305208296,0.618800840724692,0.550719110203863,2025.134441687,2025.20252341752,NA,NA,NA
4776,4777,REU.2.5_1,REU.2.5_1,0.0329365597268048,0.618822250746878,0.585885691020073,2025.16960826781,2025.20254482754,NA,NA,NA
5476,5477,REU.3.5_1,REU.3.5_1,0.0112884052602176,0.618902310402797,0.607613905142579,2025.19133648194,2025.2026248872,NA,NA,NA
3875,3876,REU.4.5_1,REU.4.5_1,0.113648701421042,0.618999752814668,0.505351051393627,2025.08907362819,2025.20272232961,NA,NA,NA
4621,464,REU.4.3_1,REU.4.8_1,0.154835722372237,0.61901714923372,0.464181426861483,2025.04790400366,2025.20273972603,CHIKV_RUN_S21b92_2025,55.490388,-21.305859
5176,1124,REU.4.8_1,REU.4.3_1,0.137915589540425,0.61901714923372,0.481101559693295,2025.06482413649,2025.20273972603,CHIKV_RUN_S22b09_2025,55.537784,-21.258087
4246,1078,REU.4.3_1,REU.3.5_1,0.117210116875939,0.61901714923372,0.501807032357781,2025.08552960915,2025.20273972603,CHIKV_RUN_S19b54_2025,55.271574,-21.026973
5588,1908,REU.3.1_1,REU.3.1_1,0.0958787326586461,0.61901714923372,0.523138416575074,2025.10686099337,2025.20273972603,CHIKV_RUN_S21b91_2025,55.336441,-21.272893
5688,2707,REU.4.2_1,REU.4.2_1,0.0930867062181893,0.61901714923372,0.525930443015531,2025.10965301981,2025.20273972603,CHIKV_RUN_S20b24_2025,55.479106,-21.2451
4225,627,REU.4.3_1,REU.3.5_1,0.0915021589768291,0.61901714923372,0.527514990256891,2025.11123756705,2025.20273972603,CHIKV_RUN_S22b07_2025,55.324686,-20.985262
3570,2577,REU.3.1_1,REU.4.6_1,0.091348158033165,0.61901714923372,0.527668991200555,2025.11139156799,2025.20273972603,CHIKV_RUN_S20b85_2025,55.435536,-21.257653
5454,2243,REU.4.6_1,REU.4.8_1,0.0910905298731332,0.61901714923372,0.527926619360587,2025.11164919615,2025.20273972603,CHIKV_RUN_S21b81_2025,55.534554,-21.315623
4368,1162,REU.4.3_1,REU.3.5_1,0.0876217814030007,0.61901714923372,0.531395367830719,2025.11511794462,2025.20273972603,CHIKV_RUN_S22b12_2025,55.270787,-21.026406
4622,482,REU.4.8_1,REU.2.1_1,0.0755482405634544,0.61901714923372,0.543468908670266,2025.12719148546,2025.20273972603,CHIKV_RUN_S19b58_2025,55.4112566163266,-21.04474661488
5640,1991,REU.2.3_1,REU.1.3_1,0.0753115507965509,0.61901714923372,0.543705598437169,2025.12742817523,2025.20273972603,CHIKV_RUN_S20b58_2025,55.654996,-20.932423
5951,2695,REU.4.8_1,REU.4.3_1,0.0681159908028007,0.61901714923372,0.550901158430919,2025.13462373522,2025.20273972603,CHIKV_RUN_S21b85_2025,55.517795,-21.254732
3258,2821,REU.4.8_1,REU.4.8_1,0.0626490504637447,0.61901714923372,0.556368098769975,2025.14009067556,2025.20273972603,CHIKV_RUN_S21b90_2025,55.519889,-21.357469
4336,1734,REU.4.3_1,REU.4.3_1,0.0609504491502747,0.61901714923372,0.558066700083445,2025.14178927688,2025.20273972603,CHIKV_RUN_S20b86_2025,55.520744,-21.268097
4997,815,REU.4.3_1,REU.4.3_1,0.0519091276140929,0.61901714923372,0.567108021619627,2025.15083059841,2025.20273972603,CHIKV_RUN_S21b93_2025,55.519407,-21.267386
3539,3052,REU.4.6_1,REU.4.6_1,0.0462767277633339,0.61901714923372,0.572740421470386,2025.15646299826,2025.20273972603,CHIKV_RUN_S21b82_2025,55.432997,-21.248315
4051,1299,REU.3.5_1,REU.3.5_1,0.0323935758847251,0.61901714923372,0.586623573348995,2025.17034615014,2025.20273972603,CHIKV_RUN_S19b56_2025,55.290102,-21.021219
4409,4410,REU.4.3_1,REU.4.3_1,0.0677537306535836,0.619069670866099,0.551315940212516,2025.13503851701,2025.20279224766,NA,NA,NA
3207,3210,REU.4.8_1,REU.2.3_1,0.105245895179782,0.619962488987073,0.51471659380729,2025.0984391706,2025.20368506578,NA,NA,NA
5575,5576,REU.2.2_1,REU.2.2_1,0.0185474077811503,0.619968008157137,0.601420600375987,2025.18514317717,2025.20369058495,NA,NA,NA
3238,3239,REU.4.8_1,REU.2.2_1,0.109040319068066,0.620113373125722,0.511073054057656,2025.09479563085,2025.20383594992,NA,NA,NA
4790,4791,REU.2.3_1,REU.2.3_1,0.0398049220335073,0.620201784919433,0.580396862885926,2025.16411943968,2025.20392436171,NA,NA,NA
4411,4412,REU.4.3_1,REU.4.3_1,0.0673130893628008,0.620318349856615,0.553005260493815,2025.13672783729,2025.20404092665,NA,NA,NA
4693,4694,REU.4.3_1,REU.4.3_1,0.0119021189971186,0.620367609154241,0.608465490157123,2025.19218806695,2025.20409018595,NA,NA,NA
4623,4624,REU.4.8_1,REU.4.8_1,0.025932757485911,0.620601561880994,0.594668804395083,2025.17839138119,2025.20432413867,NA,NA,NA
3205,3206,REU.4.8_1,REU.4.8_1,0.0430887822100205,0.62069070347633,0.57760192126631,2025.16132449806,2025.20441328027,NA,NA,NA
6096,6105,REU.2.3_1,REU.2.3_1,0.134851192954684,0.620973173817689,0.486121980863006,2025.06984455766,2025.20469575061,NA,NA,NA
3144,3145,REU.2.3_1,REU.2.3_1,0.125275350750573,0.621051989060236,0.495776638309663,2025.0794992151,2025.20477456585,NA,NA,NA
4641,4642,REU.4.3_1,REU.3.1_1,0.0196051000096237,0.621128663688009,0.601523563678385,2025.18524614047,2025.20485124048,NA,NA,NA
3310,3311,REU.3.4_1,REU.3.4_1,0.0448538961589316,0.621163935819381,0.576310039660449,2025.16003261645,2025.20488651261,NA,NA,NA
4424,4429,REU.4.3_1,REU.4.8_1,0.130936757838897,0.62120677501532,0.490270017176422,2025.07399259397,2025.20492935181,NA,NA,NA
4989,4990,REU.4.3_1,REU.4.5_1,0.0807428575685945,0.621501920404313,0.540759062835718,2025.12448163963,2025.2052244972,NA,NA,NA
5781,5782,REU.4.3_1,REU.4.3_1,0.0256478105441049,0.621541102473124,0.595893291929019,2025.17961586872,2025.20526367927,NA,NA,NA
3349,3350,REU.3.4_1,REU.3.4_1,0.0988518764675805,0.621567298259977,0.522715421792397,2025.10643799859,2025.20528987505,NA,NA,NA
6011,6012,REU.4.6_1,REU.4.6_1,0.0257865664115839,0.621588515353303,0.59580194894172,2025.17952452574,2025.20531109215,NA,NA,NA
3235,3237,REU.4.3_1,REU.3.5_1,0.0534792012924246,0.62168429608134,0.568205094788916,2025.15192767158,2025.20540687288,NA,NA,NA
4207,1717,REU.4.3_1,REU.3.5_1,0.180003788409673,0.621756875261077,0.441753086851404,2025.02547566365,2025.20547945205,CHIKV_RUN_S20b66_2025,55.328756,-20.992537
5321,1064,REU.4.3_1,REU.4.8_1,0.132778769090076,0.621756875261077,0.488978106171001,2025.07270068296,2025.20547945205,CHIKV_RUN_S21b84_2025,55.51112,-21.338051
4930,780,REU.4.8_1,REU.4.8_1,0.110828866413553,0.621756875261077,0.510928008847524,2025.09465058564,2025.20547945205,CHIKV_RUN_S20b93_2025,55.475097,-21.286417
6023,2392,REU.4.8_1,REU.4.1_1,0.102120345541354,0.621756875261077,0.519636529719723,2025.10335910651,2025.20547945205,CHIKV_RUN_S20b76_2025,55.465028,-21.141487
4299,1382,REU.4.3_1,REU.1.5_1,0.100192894608231,0.621756875261077,0.521563980652846,2025.10528655745,2025.20547945205,CHIKV_RUN_S23b63_2025,55.822143,-21.1597
3530,309,REU.4.8_1,REU.1.5_1,0.0973055955362384,0.621756875261077,0.524451279724839,2025.10817385652,2025.20547945205,CHIKV_RUN_S23b61_2025,55.807465,-21.1391
4993,639,REU.4.3_1,REU.3.4_1,0.0930297619131727,0.621756875261077,0.528727113347905,2025.11244969014,2025.20547945205,CHIKV_RUN_S20b40_2025,55.288334,-21.179854
6155,2937,REU.3.4_1,REU.2.1_1,0.0917921655935341,0.621756875261077,0.529964709667543,2025.11368728646,2025.20547945205,CHIKV_RUN_S22b02_2025,55.349438,-20.953558
3841,961,REU.4.8_1,REU.2.1_1,0.0860382823748709,0.621756875261077,0.535718592886206,2025.11944116968,2025.20547945205,CHIKV_RUN_S22b13_2025,55.333527,-20.944568
4651,587,REU.4.3_1,REU.4.8_1,0.0835352479317086,0.621756875261077,0.538221627329369,2025.12194420412,2025.20547945205,CHIKV_RUN_S20b88_2025,55.48033,-21.336361
5198,1167,REU.4.3_1,REU.4.8_1,0.0813168503004198,0.621756875261077,0.540440024960658,2025.12416260175,2025.20547945205,CHIKV_RUN_S21b83_2025,55.487626,-21.348676
3675,2381,REU.4.8_1,REU.1.5_1,0.0706103989788247,0.621756875261077,0.551146476282253,2025.13486905308,2025.20547945205,CHIKV_RUN_S23b57_2025,55.825446,-21.160461
3767,303,REU.2.3_1,REU.2.1_1,0.0697220784292748,0.621756875261077,0.552034796831802,2025.13575737363,2025.20547945205,CHIKV_RUN_S20b41_2025,55.349202,-20.926914
6010,2217,REU.4.6_1,REU.4.6_1,0.067719662344371,0.621756875261077,0.554037212916706,2025.13775978971,2025.20547945205,CHIKV_RUN_S20b92_2025,55.436741,-21.260014
4961,839,REU.4.3_1,REU.4.5_1,0.0628474504349846,0.621756875261077,0.558909424826093,2025.14263200162,2025.20547945205,CHIKV_RUN_S20b89_2025,55.631708,-21.316831
4212,925,REU.4.3_1,REU.4.2_1,0.0595727316656451,0.621756875261077,0.562184143595432,2025.14590672039,2025.20547945205,CHIKV_RUN_S20b44_2025,55.481192,-21.242388
4222,926,REU.4.3_1,REU.4.3_1,0.0573622107868296,0.621756875261077,0.564394664474248,2025.14811724127,2025.20547945205,CHIKV_RUN_S20b53_2025,55.505164,-21.233941
5059,1234,REU.4.3_1,REU.4.8_1,0.057309582513821,0.621756875261077,0.564447292747256,2025.14816986954,2025.20547945205,CHIKV_RUN_S20b45_2025,55.547044,-21.316856
5151,1212,REU.4.4_1,REU.4.4_1,0.0542023851487536,0.621756875261077,0.567554490112324,2025.15127706691,2025.20547945205,CHIKV_RUN_S20b55_2025,55.566331,-21.353253
5648,1979,REU.2.5_1,REU.2.5_1,0.0516373119064071,0.621756875261077,0.57011956335467,2025.15384214015,2025.20547945205,CHIKV_RUN_S20b71_2025,55.580087,-20.926019
5648,1984,REU.2.5_1,REU.2.5_1,0.0516373119064071,0.621756875261077,0.57011956335467,2025.15384214015,2025.20547945205,CHIKV_RUN_S20b64_2025,55.60401,-20.904928
5652,1980,REU.2.5_1,REU.2.5_1,0.0480784120932005,0.621756875261077,0.573678463167877,2025.15740103996,2025.20547945205,CHIKV_RUN_S20b61_2025,55.580446,-20.925973
3391,2608,REU.2.3_1,REU.1.1_1,0.0434293691603453,0.621756875261077,0.578327506100732,2025.16205008289,2025.20547945205,CHIKV_RUN_S23b59_2025,55.676699,-20.999218
4810,381,REU.4.3_1,REU.4.5_1,0.0396792635232283,0.621756875261077,0.582077611737849,2025.16580018853,2025.20547945205,CHIKV_RUN_S20b54_2025,55.647033,-21.381365
4608,414,REU.2.3_1,REU.1.4_1,0.0396625737346356,0.621756875261077,0.582094301526442,2025.16581687832,2025.20547945205,CHIKV_RUN_S20b59_2025,55.677842,-21.033315
5219,1626,REU.3.5_1,REU.1.4_1,0.0353482431108885,0.621756875261077,0.586408632150189,2025.17013120894,2025.20547945205,CHIKV_RUN_S23b62_2025,55.748666,-21.088386
5881,29,REU.2.3_1,REU.2.3_1,0.0331092275166649,0.621756875261077,0.588647647744412,2025.17237022454,2025.20547945205,CHIKV_RUN_S21b95_2025,55.489259,-20.899933
5649,1983,REU.2.5_1,REU.2.5_1,0.0319954645336737,0.621756875261077,0.589761410727404,2025.17348398752,2025.20547945205,CHIKV_RUN_S20b63_2025,55.580087,-20.926019
3808,1093,REU.4.3_1,REU.1.4_1,0.0312685046245613,0.621756875261077,0.590488370636516,2025.17421094743,2025.20547945205,CHIKV_RUN_S20b74_2025,55.690182,-21.03149
4681,544,REU.4.8_1,REU.4.8_1,0.0269748434222647,0.621756875261077,0.594782031838813,2025.17850460863,2025.20547945205,CHIKV_RUN_S21b89_2025,55.535711,-21.322413
6142,2371,REU.3.4_1,REU.1.4_1,0.0182754645118669,0.621756875261077,0.603481410749211,2025.18720398754,2025.20547945205,CHIKV_RUN_S20b75_2025,55.681691,-21.051248
6031,2687,REU.3.5_1,REU.3.5_1,0.00459080370147236,0.621756875261077,0.617166071559605,2025.20088864835,2025.20547945205,CHIKV_RUN_S22b03_2025,55.275771,-21.049194
3951,3952,REU.4.3_1,REU.4.8_1,0.0772360592881342,0.621792115587739,0.544556056299605,2025.12827863309,2025.20551469238,NA,NA,NA
5591,5592,REU.3.4_1,REU.3.4_1,0.0126865197210125,0.621875573105107,0.609189053384094,2025.19291163018,2025.2055981499,NA,NA,NA
5915,5916,REU.4.8_1,REU.4.8_1,0.0486037325825148,0.621906692722338,0.573302960139824,2025.15702553693,2025.20562926952,NA,NA,NA
5136,5137,REU.4.4_1,REU.4.4_1,0.0677149928139393,0.622046628080205,0.554331635266266,2025.13805421206,2025.20576920487,NA,NA,NA
4004,4005,REU.2.3_1,REU.2.3_1,0.0138961456101988,0.622264253848652,0.608368108238453,2025.19209068503,2025.20598683064,NA,NA,NA
4770,4771,REU.4.5_1,REU.4.5_1,0.0442250730131988,0.622319158903076,0.578094085889878,2025.16181666268,2025.2060417357,NA,NA,NA
5386,5387,REU.4.3_1,REU.4.3_1,0.0254797530167536,0.622587977548767,0.597108224532013,2025.18083080133,2025.20631055434,NA,NA,NA
3224,3225,REU.3.1_1,REU.2.3_1,0.0574751375462652,0.622600748096712,0.565125610550447,2025.14884818734,2025.20632332489,NA,NA,NA
3483,3484,REU.4.5_1,REU.4.5_1,0.0202197157564687,0.622682545204222,0.602462829447754,2025.18618540624,2025.206405122,NA,NA,NA
5025,5026,REU.4.3_1,REU.4.3_1,0.046944042362193,0.623347179226585,0.576403136864392,2025.16012571366,2025.20706975602,NA,NA,NA
4168,4169,REU.2.3_1,REU.2.3_1,0.0170935564108243,0.623362509945542,0.606268953534718,2025.18999153033,2025.20708508674,NA,NA,NA
3388,3389,REU.2.3_1,REU.3.5_1,0.0964708632780683,0.623436124237592,0.526965260959523,2025.11068783775,2025.20715870103,NA,NA,NA
3689,3690,REU.2.3_1,REU.2.3_1,0.0590707586013174,0.62362235840202,0.564551599800703,2025.14827417659,2025.2073449352,NA,NA,NA
5542,5543,REU.4.8_1,REU.4.8_1,0.0321196447160695,0.623677932746028,0.591558288029958,2025.17528086482,2025.20740050954,NA,NA,NA
4850,4851,REU.4.3_1,REU.4.3_1,0.0587599192689339,0.623845565688451,0.565085646419517,2025.14880822321,2025.20756814248,NA,NA,NA
4546,4547,REU.4.6_1,REU.4.6_1,0.0373592913808132,0.623995872999515,0.586636581618702,2025.17035915841,2025.20771844979,NA,NA,NA
4474,4475,REU.4.3_1,REU.4.3_1,0.0910892469256543,0.624055384636991,0.532966137711336,2025.1166887145,2025.20777796143,NA,NA,NA
3465,3466,REU.4.5_1,REU.4.5_1,0.0123190521724186,0.624338576276913,0.612019524104494,2025.1957421009,2025.20806115307,NA,NA,NA
4155,4156,REU.2.3_1,REU.2.3_1,0.0703934605157801,0.624470953628892,0.554077493113112,2025.13780006991,2025.20819353042,NA,NA,NA
3960,152,REU.4.3_1,REU.2.3_1,0.186641816305978,0.624496601288435,0.437854784982456,2025.02157736178,2025.20821917808,CHIKV_RUN_S21b07_2025,55.460338,-20.886165
5433,2162,REU.4.3_1,REU.4.6_1,0.147734021792059,0.624496601288435,0.476762579496376,2025.06048515629,2025.20821917808,CHIKV_RUN_S20b50_2025,55.433162,-21.278064
3892,200,REU.4.5_1,REU.4.5_1,0.128245582970624,0.624496601288435,0.496251018317811,2025.07997359511,2025.20821917808,CHIKV_RUN_S22b30_2025,55.658339,-21.356015
4760,411,REU.4.3_1,REU.4.3_1,0.125464384795229,0.624496601288435,0.499032216493205,2025.08275479329,2025.20821917808,CHIKV_RUN_S22b40_2025,55.51795,-21.294785
3943,1040,REU.2.3_1,REU.1.4_1,0.105556867374243,0.624496601288435,0.518939733914191,2025.10266231071,2025.20821917808,CHIKV_RUN_S23b54_2025,55.737814,-21.091369
3333,2469,REU.4.6_1,REU.4.8_1,0.0986187402658267,0.624496601288435,0.525877861022608,2025.10960043782,2025.20821917808,CHIKV_RUN_S20b43_2025,55.4906,-21.329232
4007,145,REU.3.5_1,REU.3.5_1,0.0930217267648982,0.624496601288435,0.531474874523537,2025.11519745132,2025.20821917808,CHIKV_RUN_S22b47_2025,55.28848,-21.027908
5434,2161,REU.4.3_1,REU.4.3_1,0.0926181118171083,0.624496601288435,0.531878489471326,2025.11560106627,2025.20821917808,CHIKV_RUN_S22b24_2025,55.510209,-21.280397
5829,2165,REU.4.8_1,REU.1.3_1,0.0845658683115538,0.624496601288435,0.539930732976881,2025.12365330977,2025.20821917808,CHIKV_RUN_S23b60_2025,55.691819,-20.965765
6207,2787,REU.4.3_1,REU.4.2_1,0.0810285080374745,0.624496601288435,0.54346809325096,2025.12719067004,2025.20821917808,CHIKV_RUN_S22b39_2025,55.496612,-21.240339
6225,2507,REU.3.4_1,REU.3.4_1,0.0791045290148598,0.624496601288435,0.545392072273575,2025.12911464907,2025.20821917808,CHIKV_RUN_S22b44_2025,55.301143,-21.224126
3381,2617,REU.3.1_1,REU.2.3_1,0.0771009381958895,0.624496601288435,0.547395663092545,2025.13111823989,2025.20821917808,CHIKV_RUN_S37b43_2025,55.448067,-20.885594
3798,937,REU.4.3_1,REU.4.3_1,0.074773712527523,0.624496601288435,0.549722888760912,2025.13344546555,2025.20821917808,CHIKV_RUN_S22b49_2025,55.504713,-21.279589
5689,2708,REU.4.2_1,REU.4.2_1,0.0622630285178698,0.624496601288435,0.562233572770565,2025.14595614956,2025.20821917808,CHIKV_RUN_S20b39_2025,55.465985,-21.255257
3261,2820,REU.4.8_1,REU.1.3_1,0.0588013248957839,0.624496601288435,0.565695276392651,2025.14941785319,2025.20821917808,CHIKV_RUN_S20b42_2025,55.647533,-20.932677
5869,42,REU.2.3_1,REU.2.3_1,0.0583699119572128,0.624496601288435,0.566126689331222,2025.14984926612,2025.20821917808,CHIKV_RUN_S21b06_2025,55.489016,-20.899314
3652,2235,REU.3.5_1,REU.3.5_1,0.0561426255359646,0.624496601288435,0.56835397575247,2025.15207655255,2025.20821917808,CHIKV_RUN_S22b86_2025,55.331919,-20.995294
4043,1355,REU.4.3_1,REU.4.5_1,0.0487164211820786,0.624496601288435,0.575780180106356,2025.1595027569,2025.20821917808,CHIKV_RUN_S20b49_2025,55.649742,-21.383587
3956,1279,REU.4.8_1,REU.4.8_1,0.0474720521676318,0.624496601288435,0.577024549120803,2025.16074712591,2025.20821917808,CHIKV_RUN_S21b05_2025,55.506893,-21.288194
4449,92,REU.4.8_1,REU.3.3_1,0.0464672502851908,0.624496601288435,0.578029351003244,2025.1617519278,2025.20821917808,CHIKV_RUN_S20b65_2025,55.286864,-21.111585
5608,2485,REU.3.1_1,REU.3.5_1,0.045446263216635,0.624496601288435,0.5790503380718,2025.16277291487,2025.20821917808,CHIKV_RUN_S22b42_2025,55.276167,-21.039355
5325,1583,REU.3.5_1,REU.3.5_1,0.0381537716077602,0.624496601288435,0.586342829680675,2025.17006540647,2025.20821917808,CHIKV_RUN_S22b56_2025,55.254996,-21.070169
4491,934,REU.4.3_1,REU.2.1_1,0.0376648086964104,0.624496601288435,0.586831792592024,2025.17055436939,2025.20821917808,CHIKV_RUN_S20b47_2025,55.340997,-20.937638
5178,1118,REU.4.4_1,REU.4.4_1,0.0358219686436037,0.624496601288435,0.588674632644831,2025.17239720944,2025.20821917808,CHIKV_RUN_S22b38_2025,55.571442,-21.319214
5065,1206,REU.4.4_1,REU.4.4_1,0.0328320183343598,0.624496601288435,0.591664582954075,2025.17538715975,2025.20821917808,CHIKV_RUN_S22b32_2025,55.561763,-21.337337
5492,2537,REU.2.3_1,REU.1.1_1,0.0296100867892175,0.624496601288435,0.594886514499217,2025.17860909129,2025.20821917808,CHIKV_RUN_S37b69_2025,55.694698,-20.970791
5603,2034,REU.3.1_1,REU.4.8_1,0.0280838915214696,0.624496601288435,0.596412709766965,2025.18013528656,2025.20821917808,CHIKV_RUN_S22b82_2025,55.483579,-21.346509
4887,686,REU.4.8_1,REU.4.8_1,0.0234081158584312,0.624496601288435,0.601088485430004,2025.18481106222,2025.20821917808,CHIKV_RUN_S22b31_2025,55.487036,-21.342299
4641,546,REU.4.3_1,REU.4.3_1,0.0229730376100493,0.624496601288435,0.601523563678385,2025.18524614047,2025.20821917808,CHIKV_RUN_S21b03_2025,55.52977,-21.284634
3739,1638,REU.4.5_1,REU.4.5_1,0.0222346451075148,0.624496601288435,0.60226195618092,2025.18598453297,2025.20821917808,CHIKV_RUN_S22b57_2025,55.607058,-21.327605
4099,626,REU.4.5_1,REU.4.5_1,0.0165460183094915,0.624496601288435,0.607950582978943,2025.19167315977,2025.20821917808,CHIKV_RUN_S22b37_2025,55.662949,-21.336795
3620,3041,REU.4.8_1,REU.4.8_1,0.0144396994888496,0.624496601288435,0.610056901799585,2025.19377947859,2025.20821917808,CHIKV_RUN_S20b51_2025,55.49073,-21.34553
3770,902,REU.3.5_1,REU.3.5_1,0.0136099721891245,0.624496601288435,0.61088662909931,2025.19460920589,2025.20821917808,CHIKV_RUN_S22b55_2025,55.282476,-21.032773
4429,1494,REU.4.8_1,REU.4.8_1,0.00328982627311503,0.624496601288435,0.62120677501532,2025.20492935181,2025.20821917808,CHIKV_RUN_S20b57_2025,55.483212,-21.341105
6012,1823,REU.4.6_1,REU.3.4_1,0.00290808593513125,0.624496601288435,0.621588515353303,2025.20531109215,2025.20821917808,CHIKV_RUN_S22b85_2025,55.30063,-21.143952
3225,2305,REU.2.3_1,REU.1.4_1,0.00189585319172214,0.624496601288435,0.622600748096712,2025.20632332489,2025.20821917808,CHIKV_RUN_S23b58_2025,55.699835,-21.056736
3384,3385,REU.3.1_1,REU.4.5_1,0.082565399752552,0.624500826795498,0.541935427042946,2025.12565800384,2025.20822340359,NA,NA,NA
5543,5544,REU.4.8_1,REU.4.8_1,0.000969815875688562,0.624647748621716,0.623677932746028,2025.20740050954,2025.20837032542,NA,NA,NA
5919,5920,REU.4.8_1,REU.4.8_1,0.14849077108584,0.624722520027917,0.476231748942077,2025.05995432574,2025.20844509682,NA,NA,NA
4503,4504,REU.2.4_1,REU.2.4_1,0.0543005670675756,0.624803432549517,0.570502865481941,2025.15422544228,2025.20852600934,NA,NA,NA
4737,4738,REU.4.3_1,REU.4.3_1,0.0451236245218567,0.624818586662074,0.579694962140217,2025.16341753893,2025.20854116346,NA,NA,NA
4518,4519,REU.4.3_1,REU.4.3_1,0.0479321175225844,0.624857040880344,0.57692492335776,2025.16064750015,2025.20857961767,NA,NA,NA
3178,3179,REU.4.8_1,REU.3.5_1,0.0398414693324372,0.624969049583366,0.585127580250929,2025.16885015704,2025.20869162638,NA,NA,NA
4785,4786,REU.2.3_1,REU.2.4_1,0.0622664165214839,0.62522695967896,0.562960543157476,2025.14668311995,2025.20894953647,NA,NA,NA
3389,3390,REU.3.5_1,REU.3.5_1,0.00207929736131141,0.625515421598903,0.623436124237592,2025.20715870103,2025.20923799839,NA,NA,NA
4476,4477,REU.4.8_1,REU.3.5_1,0.0988972076281099,0.625898802334028,0.527001594705918,2025.1107241715,2025.20962137913,NA,NA,NA
5408,5409,REU.1.3_1,REU.1.3_1,0.0376401982404796,0.625980279256198,0.588340081015719,2025.17206265781,2025.20970285605,NA,NA,NA
4273,4275,REU.4.3_1,REU.2.3_1,0.0470422431032417,0.626035777576581,0.578993534473339,2025.16271611127,2025.20975835437,NA,NA,NA
4691,4692,REU.4.3_1,REU.2.3_1,0.0246979673752417,0.626164587477301,0.601466620102059,2025.1851891969,2025.20988716427,NA,NA,NA
5340,5341,REU.4.8_1,REU.4.8_1,0.036433246296145,0.626184278317573,0.589751032021428,2025.17347360882,2025.20990685511,NA,NA,NA
3692,3693,REU.4.6_1,REU.4.6_1,0.0732806435903991,0.626282730681691,0.553002087091292,2025.13672466388,2025.21000530748,NA,NA,NA
5153,5154,REU.2.3_1,REU.2.3_1,0.0412013637838793,0.62651106457655,0.58530970079267,2025.16903227759,2025.21023364137,NA,NA,NA
4029,4030,REU.4.3_1,REU.2.3_1,0.00906730437188663,0.62681871099467,0.617751406622783,2025.20147398342,2025.21054128779,NA,NA,NA
4861,4862,REU.4.6_1,REU.4.6_1,0.0382003063052501,0.626892399647897,0.588692093342647,2025.17241467014,2025.21061497644,NA,NA,NA
5752,5753,REU.4.8_1,REU.4.8_1,0.0553934313935029,0.627027916189458,0.571634484795955,2025.15535706159,2025.21075049298,NA,NA,NA
3161,1860,REU.3.1_1,REU.3.4_1,0.165274655923482,0.62723632731602,0.461961671392537,2025.04568424819,2025.21095890411,CHIKV_RUN_S23b30_2025,55.293321,-21.174399
5248,332,REU.4.3_1,REU.2.3_1,0.136501329048983,0.62723632731602,0.490734998267036,2025.07445757506,2025.21095890411,CHIKV_RUN_S22b45_2025,55.448194,-20.892832
4224,1428,REU.4.3_1,REU.4.4_1,0.103665182818334,0.62723632731602,0.523571144497685,2025.10729372129,2025.21095890411,CHIKV_RUN_S22b35_2025,55.555127,-21.369235
4476,894,REU.4.8_1,REU.3.2_1,0.100234732610102,0.62723632731602,0.527001594705918,2025.1107241715,2025.21095890411,CHIKV_RUN_S22b36_2025,55.333805,-21.244043
5879,47,REU.2.3_1,REU.2.3_1,0.0869136565462443,0.62723632731602,0.540322670769775,2025.12404524756,2025.21095890411,CHIKV_RUN_S22b91_2025,55.493556,-20.903809
4710,513,REU.4.3_1,REU.4.3_1,0.0823260455228104,0.62723632731602,0.544910281793209,2025.12863285859,2025.21095890411,CHIKV_RUN_S23b14_2025,55.515973,-21.272801
3218,2298,REU.3.1_1,REU.4.8_1,0.0604268350548629,0.62723632731602,0.566809492261157,2025.15053206905,2025.21095890411,CHIKV_RUN_S23b20_2025,55.466623,-21.336278
6000,2718,REU.3.1_1,REU.4.6_1,0.0553060633565112,0.62723632731602,0.571930263959508,2025.15565284075,2025.21095890411,CHIKV_RUN_S22b41_2025,55.422013,-21.27309
4796,396,REU.2.3_1,REU.2.3_1,0.0550950943289261,0.62723632731602,0.572141232987093,2025.15586380978,2025.21095890411,CHIKV_RUN_S22b83_2025,55.494269,-20.931237
3437,2056,REU.4.5_1,REU.4.5_1,0.0476095236737288,0.62723632731602,0.579626803642291,2025.16334938044,2025.21095890411,CHIKV_RUN_S23b33_2025,55.60637,-21.368868
4154,1014,REU.2.3_1,REU.2.3_1,0.0468590433613143,0.62723632731602,0.580377283954705,2025.16409986075,2025.21095890411,CHIKV_RUN_S22b92_2025,55.451244,-20.891925
3451,2134,REU.4.5_1,REU.4.5_1,0.0457132123064465,0.62723632731602,0.581523115009573,2025.1652456918,2025.21095890411,CHIKV_RUN_S23b23_2025,55.606155,-21.319362
4885,682,REU.4.3_1,REU.4.3_1,0.0399535592268474,0.62723632731602,0.587282768089172,2025.17100534488,2025.21095890411,CHIKV_RUN_S23b28_2025,55.510987,-21.24052
5904,12,REU.3.5_1,REU.3.5_1,0.0330050025812036,0.62723632731602,0.594231324734816,2025.17795390153,2025.21095890411,CHIKV_RUN_S22b50_2025,55.233382,-21.091761
5359,1817,REU.3.5_1,REU.3.5_1,0.030863018925143,0.62723632731602,0.596373308390877,2025.18009588518,2025.21095890411,CHIKV_RUN_S21b01_2025,55.31327,-21.036733
3589,3048,REU.4.1_1,REU.3.2_1,0.029422524284517,0.62723632731602,0.597813803031503,2025.18153637983,2025.21095890411,CHIKV_RUN_S22b46_2025,55.336202,-21.236034
4875,700,REU.4.3_1,REU.4.4_1,0.0218008831768688,0.62723632731602,0.605435444139151,2025.18915802093,2025.21095890411,CHIKV_RUN_S22b77_2025,55.566667,-21.351024
4274,873,REU.4.4_1,REU.4.4_1,0.0185917325352543,0.62723632731602,0.608644594780765,2025.19236717157,2025.21095890411,CHIKV_RUN_S22b84_2025,55.575885,-21.368512
3620,3042,REU.4.8_1,REU.4.8_1,0.0171794255164344,0.62723632731602,0.610056901799585,2025.19377947859,2025.21095890411,CHIKV_RUN_S23b19_2025,55.49073,-21.34553
4249,1083,REU.4.8_1,REU.4.8_1,0.0103966945552695,0.62723632731602,0.61683963276075,2025.20056220955,2025.21095890411,CHIKV_RUN_S23b25_2025,55.500169,-21.278358
5106,1188,REU.4.8_1,REU.4.8_1,0.00861567479599556,0.62723632731602,0.618620652520024,2025.20234322931,2025.21095890411,CHIKV_RUN_S22b43_2025,55.463335,-21.340704
3239,3062,REU.2.2_1,REU.2.2_1,0.00712295419029729,0.62723632731602,0.620113373125722,2025.20383594992,2025.21095890411,CHIKV_RUN_S37b67_2025,55.305794,-20.935071
4477,2620,REU.3.5_1,REU.3.5_1,0.0013375249819918,0.62723632731602,0.625898802334028,2025.20962137913,2025.21095890411,CHIKV_RUN_S23b32_2025,55.325596,-20.986421
4712,4713,REU.4.3_1,REU.3.5_1,0.132735806457676,0.627456255846838,0.494720449389162,2025.07844302618,2025.21117883264,NA,NA,NA
4701,4702,REU.4.3_1,REU.4.3_1,0.0317537020877897,0.627536498861025,0.595782796773236,2025.17950537357,2025.21125907565,NA,NA,NA
6168,6169,REU.3.4_1,REU.4.3_1,0.108039939604775,0.627548120510779,0.519508180906004,2025.1032307577,2025.2112706973,NA,NA,NA
6072,6073,REU.2.3_1,REU.2.3_1,0.0452296639648934,0.627612046753838,0.582382382788945,2025.16610495958,2025.21133462355,NA,NA,NA
4389,4392,REU.4.3_1,REU.4.2_1,0.100517104994507,0.627750206303823,0.527233101309316,2025.1109556781,2025.2114727831,NA,NA,NA
3174,3175,REU.4.8_1,REU.4.3_1,0.111786935227506,0.628079486684463,0.516292551456958,2025.10001512825,2025.21180206348,NA,NA,NA
3302,3313,REU.3.4_1,REU.4.8_1,0.135410999370763,0.628091728065698,0.492680728694935,2025.07640330549,2025.21181430486,NA,NA,NA
3653,3654,REU.3.5_1,REU.3.5_1,0.0421253575122627,0.628263827351812,0.58613846983955,2025.16986104663,2025.21198640415,NA,NA,NA
5116,5117,REU.4.3_1,REU.4.3_1,0.0642211914196393,0.628396681976754,0.564175490557115,2025.14789806735,2025.21211925877,NA,NA,NA
4054,4056,REU.4.3_1,REU.4.3_1,0.0348362738645993,0.628813824001982,0.593977550137383,2025.17770012693,2025.2125364008,NA,NA,NA
3243,3244,REU.4.8_1,REU.4.8_1,0.107053722514247,0.628844462631152,0.521790740116904,2025.10551331691,2025.21256703942,NA,NA,NA
4158,4159,REU.2.3_1,REU.2.3_1,0.0135631669182116,0.62898415537074,0.615420988452528,2025.19914356525,2025.21270673216,NA,NA,NA
4157,4161,REU.2.3_1,REU.2.3_1,0.0644356306445949,0.629151458787086,0.564715828142491,2025.14843840494,2025.21287403558,NA,NA,NA
4060,4061,REU.4.8_1,REU.4.8_1,0.0700838928576346,0.629178796040988,0.559094903183354,2025.14281747998,2025.21290137283,NA,NA,NA
4987,4988,REU.4.3_1,REU.4.8_1,0.0625266689923056,0.629195257250508,0.566668588258203,2025.15039116505,2025.21291783404,NA,NA,NA
3466,3468,REU.4.5_1,REU.4.5_1,0.00490807377173896,0.629246650048652,0.624338576276913,2025.20806115307,2025.21296922684,NA,NA,NA
4722,4723,REU.4.8_1,REU.2.3_1,0.134354895385059,0.629556574575993,0.495201679190934,2025.07892425598,2025.21327915137,NA,NA,NA
4031,4032,REU.4.3_1,REU.4.3_1,0.0747582599665213,0.629688927566025,0.554930667599503,2025.13865324439,2025.21341150436,NA,NA,NA
4064,4065,REU.4.8_1,REU.4.3_1,0.0877352399927119,0.629698421064857,0.541963181072145,2025.12568575787,2025.21342099786,NA,NA,NA
3259,3260,REU.4.8_1,REU.4.8_1,0.0411421176755355,0.629719252729627,0.588577135054092,2025.17229971185,2025.21344182952,NA,NA,NA
6091,6092,REU.4.8_1,REU.4.8_1,0.054157124683455,0.62978019699914,0.575623072315684,2025.15934564911,2025.21350277379,NA,NA,NA
4661,4662,REU.4.8_1,REU.4.8_1,0.0716117299793996,0.629892625187777,0.558280895208377,2025.142003472,2025.21361520198,NA,NA,NA
5929,2556,REU.4.3_1,REU.4.8_1,0.132542935368383,0.629976053343377,0.497433117974994,2025.08115569477,2025.21369863014,CHIKV_RUN_S23b79_2025,55.486291,-21.289026
3341,2426,REU.3.4_1,REU.3.4_1,0.118355311957777,0.629976053343377,0.5116207413856,2025.09534331818,2025.21369863014,CHIKV_RUN_S25b20_2025,55.300914,-21.143423
3477,2092,REU.4.5_1,REU.4.5_1,0.100380103571592,0.629976053343377,0.529595949771785,2025.11331852657,2025.21369863014,CHIKV_RUN_S23b21_2025,55.595952,-21.375777
5377,1929,REU.4.3_1,REU.3.5_1,0.0926515262840489,0.629976053343377,0.537324527059328,2025.12104710385,2025.21369863014,CHIKV_RUN_S22b70_2025,55.217447,-21.041226
3793,1469,REU.4.3_1,REU.4.8_1,0.0924083558322226,0.629976053343377,0.537567697511154,2025.1212902743,2025.21369863014,CHIKV_RUN_S23b76_2025,55.511978,-21.34459
3157,1902,REU.4.8_1,REU.3.4_1,0.0915617368147164,0.629976053343377,0.538414316528661,2025.12213689332,2025.21369863014,CHIKV_RUN_S23b75_2025,55.328133,-21.175727
3792,1614,REU.4.3_1,REU.3.5_1,0.090576440325092,0.629976053343377,0.539399613018285,2025.12312218981,2025.21369863014,CHIKV_RUN_S25b03_2025,55.254356,-21.069668
5946,1833,REU.4.6_1,REU.4.6_1,0.0894620673724678,0.629976053343377,0.540513985970909,2025.12423656276,2025.21369863014,CHIKV_RUN_S23b71_2025,55.433541,-21.273209
4650,533,REU.4.3_1,REU.4.8_1,0.0837379781177945,0.629976053343377,0.546238075225582,2025.12996065202,2025.21369863014,CHIKV_RUN_S25b22_2025,55.481721,-21.28812
5901,9,REU.3.5_1,REU.2.4_1,0.080759832292457,0.629976053343377,0.54921622105092,2025.13293879784,2025.21369863014,CHIKV_RUN_S27b34_2025,55.543255,-20.899383
4108,1729,REU.4.8_1,REU.4.8_1,0.0785044365057151,0.629976053343377,0.551471616837662,2025.13519419363,2025.21369863014,CHIKV_RUN_S23b87_2025,55.459303,-21.338147
4820,424,REU.4.8_1,REU.4.5_1,0.0779807484392974,0.629976053343377,0.55199530490408,2025.1357178817,2025.21369863014,CHIKV_RUN_S23b39_2025,55.631574,-21.373996
3434,2069,REU.4.5_1,REU.4.5_1,0.0769187831479998,0.629976053343377,0.553057270195377,2025.13677984699,2025.21369863014,CHIKV_RUN_S23b64_2025,55.631304,-21.377943
5005,694,REU.4.3_1,REU.4.3_1,0.0635280337420776,0.629976053343377,0.566448019601299,2025.1501705964,2025.21369863014,CHIKV_RUN_S25b14_2025,55.508427,-21.27015
5263,330,REU.2.3_1,REU.2.3_1,0.0606592019763204,0.629976053343377,0.569316851367057,2025.15303942816,2025.21369863014,CHIKV_RUN_S23b26_2025,55.456567,-20.885699
3415,2089,REU.4.5_1,REU.4.5_1,0.0569816321506654,0.629976053343377,0.572994421192712,2025.15671699799,2025.21369863014,CHIKV_RUN_S25b15_2025,55.628747,-21.340216
6111,2884,REU.2.4_1,REU.2.4_1,0.0569713229471123,0.629976053343377,0.573004730396265,2025.15672730719,2025.21369863014,CHIKV_RUN_S25b13_2025,55.528115,-20.940848
3768,1317,REU.3.5_1,REU.3.5_1,0.0514472588618045,0.629976053343377,0.578528794481572,2025.16225137128,2025.21369863014,CHIKV_RUN_S23b93_2025,55.260696,-21.072808
3769,1928,REU.3.5_1,REU.3.5_1,0.0514340175692831,0.629976053343377,0.578542035774094,2025.16226461257,2025.21369863014,CHIKV_RUN_S23b68_2025,55.265502,-21.027634
4154,995,REU.2.3_1,REU.2.3_1,0.0495987693886717,0.629976053343377,0.580377283954705,2025.16409986075,2025.21369863014,CHIKV_RUN_S23b22_2025,55.449395,-20.923345
3744,267,REU.4.8_1,REU.2.1_1,0.043042713475,0.629976053343377,0.586933339868377,2025.17065591666,2025.21369863014,CHIKV_RUN_S25b21_2025,55.363102,-20.972407
4415,1532,REU.4.3_1,REU.4.3_1,0.0336734489834314,0.629976053343377,0.596302604359946,2025.18002518115,2025.21369863014,CHIKV_RUN_S23b81_2025,55.520982,-21.259176
3181,2181,REU.4.8_1,REU.4.8_1,0.0325989650764098,0.629976053343377,0.597377088266967,2025.18109966506,2025.21369863014,CHIKV_RUN_S23b24_2025,55.49928,-21.292395
4521,1669,REU.4.8_1,REU.1.4_1,0.0316826633318656,0.629976053343377,0.598293390011511,2025.18201596681,2025.21369863014,CHIKV_RUN_S27b33_2025,55.701799,-21.091119
4866,765,REU.4.6_1,REU.4.6_1,0.0240375539373128,0.629976053343377,0.605938499406064,2025.1896610762,2025.21369863014,CHIKV_RUN_S23b29_2025,55.424692,-21.262921
4278,1318,REU.4.5_1,REU.4.8_1,0.0166220741933608,0.629976053343377,0.613353979150016,2025.19707655594,2025.21369863014,CHIKV_RUN_S23b40_2025,55.511703,-21.346504
5930,2370,REU.4.8_1,REU.4.8_1,0.0146656817869307,0.629976053343377,0.615310371556446,2025.19903294835,2025.21369863014,CHIKV_RUN_S23b78_2025,55.50099,-21.279748
3239,3061,REU.2.2_1,REU.2.2_1,0.00986268021765468,0.629976053343377,0.620113373125722,2025.20383594992,2025.21369863014,CHIKV_RUN_S23b88_2025,55.306278,-20.935837
4624,463,REU.4.8_1,REU.4.8_1,0.009374491462383,0.629976053343377,0.620601561880994,2025.20432413867,2025.21369863014,CHIKV_RUN_S23b83_2025,55.513819,-21.354614
4642,568,REU.3.1_1,REU.3.1_1,0.00884738965536791,0.629976053343377,0.621128663688009,2025.20485124048,2025.21369863014,CHIKV_RUN_S25b18_2025,55.381132,-21.264023
3311,2401,REU.3.4_1,REU.3.4_1,0.00881211752399624,0.629976053343377,0.621163935819381,2025.20488651261,2025.21369863014,CHIKV_RUN_S23b31_2025,55.28805,-21.174843
4851,856,REU.4.3_1,REU.4.3_1,0.00613048765492574,0.629976053343377,0.623845565688451,2025.20756814248,2025.21369863014,CHIKV_RUN_S25b12_2025,55.518411,-21.239174
4477,2621,REU.3.5_1,REU.3.5_1,0.00407725100934919,0.629976053343377,0.625898802334028,2025.20962137913,2025.21369863014,CHIKV_RUN_S23b91_2025,55.325033,-20.986728
4030,1320,REU.2.3_1,REU.2.3_1,0.0031573423487069,0.629976053343377,0.62681871099467,2025.21054128779,2025.21369863014,CHIKV_RUN_S23b84_2025,55.458542,-20.892529
4392,1516,REU.4.2_1,REU.4.2_1,0.00222584703955386,0.629976053343377,0.627750206303823,2025.2114727831,2025.21369863014,CHIKV_RUN_S26b38_2025,55.471311,-21.236192
4988,657,REU.4.8_1,REU.4.8_1,0.00078079609286863,0.629976053343377,0.629195257250508,2025.21291783404,2025.21369863014,CHIKV_RUN_S23b70_2025,55.476658,-21.336333
4418,4419,REU.4.3_1,REU.4.3_1,0.0631117112765212,0.629995007431072,0.56688329615455,2025.15060587295,2025.21371758422,NA,NA,NA
3612,3613,REU.4.3_1,REU.4.3_1,0.067268786398125,0.630055984350963,0.562787197952838,2025.14650977475,2025.21377856114,NA,NA,NA
5244,5246,REU.2.3_1,REU.2.3_1,0.0434036226794166,0.630107053887167,0.586703431207751,2025.170426008,2025.21382963068,NA,NA,NA
3219,3220,REU.3.1_1,REU.4.8_1,0.0977845375744626,0.630498306192805,0.532713768618343,2025.11643634541,2025.21422088299,NA,NA,NA
5126,5127,REU.4.8_1,REU.4.8_1,0.0266460121041134,0.630529813174474,0.603883801070361,2025.18760637786,2025.21425238997,NA,NA,NA
4159,4160,REU.2.3_1,REU.2.3_1,0.00158398465485265,0.630568140025592,0.62898415537074,2025.21270673216,2025.21429071682,NA,NA,NA
3179,3180,REU.3.5_1,REU.3.5_1,0.00653567869011784,0.631504728273484,0.624969049583366,2025.20869162638,2025.21522730507,NA,NA,NA
4939,4940,REU.2.3_1,REU.2.3_1,0.0281730526167785,0.631827275203104,0.603654222586326,2025.18737679938,2025.215549852,NA,NA,NA
3803,3804,REU.4.3_1,REU.4.3_1,0.0694556073943927,0.631864079236257,0.562408471841864,2025.14613104864,2025.21558665603,NA,NA,NA
4136,4137,REU.2.3_1,REU.2.3_1,0.0342258137422298,0.631955245395493,0.597729431653263,2025.18145200845,2025.21567782219,NA,NA,NA
4169,4170,REU.2.3_1,REU.2.3_1,0.00898475808968813,0.63234726803523,0.623362509945542,2025.20708508674,2025.21606984483,NA,NA,NA
3548,3077,REU.4.6_1,REU.4.6_1,0.192106069007793,0.632715779370734,0.440609710362942,2025.02433228716,2025.21643835616,CHIKV_RUN_S25b49_2025,55.443077,-21.228099
4482,2007,REU.4.3_1,REU.3.3_1,0.162200153019965,0.632715779370734,0.470515626350769,2025.05423820314,2025.21643835616,CHIKV_RUN_S26b53_2025,55.29332,-21.107328
5711,2199,REU.3.1_1,REU.4.2_1,0.152229955457652,0.632715779370734,0.480485823913082,2025.06420840071,2025.21643835616,CHIKV_RUN_S37b59_2025,55.47131,-21.245131
3839,966,REU.4.8_1,REU.2.1_1,0.135004987490805,0.632715779370734,0.497710791879929,2025.08143336867,2025.21643835616,CHIKV_RUN_S23b90_2025,55.362962,-20.926828
3500,2104,REU.4.5_1,REU.4.5_1,0.131217170374051,0.632715779370734,0.501498608996683,2025.08522118579,2025.21643835616,CHIKV_RUN_S23b74_2025,55.630497,-21.335311
4178,1705,REU.4.8_1,REU.4.3_1,0.12068505411857,0.632715779370734,0.512030725252164,2025.09575330205,2025.21643835616,CHIKV_RUN_S23b86_2025,55.526244,-21.266649
4733,376,REU.4.3_1,REU.4.6_1,0.120508364846068,0.632715779370734,0.512207414524666,2025.09592999132,2025.21643835616,CHIKV_RUN_S25b51_2025,55.442111,-21.264903
5452,2270,REU.4.3_1,REU.4.4_1,0.115293695428008,0.632715779370734,0.517422083942726,2025.10114466074,2025.21643835616,CHIKV_RUN_S23b89_2025,55.534402,-21.360321
4441,74,REU.3.3_1,REU.2.3_1,0.0988984181779433,0.632715779370734,0.533817361192791,2025.11753993799,2025.21643835616,CHIKV_RUN_S23b66_2025,55.443217,-20.881325
3470,2103,REU.4.5_1,REU.4.5_1,0.0914187333217444,0.632715779370734,0.54129704604899,2025.12501962284,2025.21643835616,CHIKV_RUN_S23b67_2025,55.634066,-21.338862
5299,1322,REU.4.8_1,REU.1.2_1,0.086382684361769,0.632715779370734,0.546333095008965,2025.1300556718,2025.21643835616,CHIKV_RUN_S37b70_2025,55.620453,-21.141821
4000,125,REU.4.8_1,REU.2.1_1,0.0810718248499109,0.632715779370734,0.551643954520823,2025.13536653131,2025.21643835616,CHIKV_RUN_S23b95_2025,55.363033,-20.92692
4537,1654,REU.4.3_1,REU.3.5_1,0.0765476861325133,0.632715779370734,0.556168093238221,2025.13989067003,2025.21643835616,CHIKV_RUN_S23b94_2025,55.328573,-20.983875
5385,257,REU.4.3_1,REU.4.8_1,0.0746162537854302,0.632715779370734,0.558099525585304,2025.14182210238,2025.21643835616,CHIKV_RUN_S25b17_2025,55.462813,-21.340556
5034,738,REU.3.1_1,REU.1.4_1,0.0735421701301797,0.632715779370734,0.559173609240555,2025.14289618603,2025.21643835616,CHIKV_RUN_S27b24_2025,55.720051,-21.03744
3233,2033,REU.4.8_1,REU.4.8_1,0.0686930416999436,0.632715779370734,0.564022737670791,2025.14774531446,2025.21643835616,CHIKV_RUN_S23b72_2025,55.497033,-21.300588
4354,1563,REU.4.3_1,REU.3.5_1,0.0648832837343853,0.632715779370734,0.567832495636349,2025.15155507243,2025.21643835616,CHIKV_RUN_S26b70_2025,55.269004,-21.072926
6125,2889,REU.2.4_1,REU.2.4_1,0.0611054656041378,0.632715779370734,0.571610313766597,2025.15533289056,2025.21643835616,CHIKV_RUN_S25b10_2025,55.52827,-20.947371
3354,2416,REU.4.8_1,REU.4.3_1,0.0562224711630974,0.632715779370734,0.576493308207637,2025.160215885,2025.21643835616,CHIKV_RUN_S25b57_2025,55.501097,-21.241002
5392,1150,REU.2.3_1,REU.2.3_1,0.0558260287248262,0.632715779370734,0.576889750645908,2025.16061232744,2025.21643835616,CHIKV_RUN_S25b41_2025,55.479901,-20.887527
3495,2047,REU.4.8_1,REU.4.8_1,0.0556204907543246,0.632715779370734,0.57709528861641,2025.16081786541,2025.21643835616,CHIKV_RUN_S25b94_2025,55.4769,-21.325136
6216,2781,REU.4.8_1,REU.4.8_1,0.0555601585873117,0.632715779370734,0.577155620783423,2025.16087819758,2025.21643835616,CHIKV_RUN_S25b59_2025,55.528361,-21.361158
3684,1965,REU.2.3_1,REU.2.3_1,0.0553752906043972,0.632715779370734,0.577340488766337,2025.16106306556,2025.21643835616,CHIKV_RUN_S25b25_2025,55.494331,-20.923056
5165,1109,REU.4.8_1,REU.4.3_1,0.0531901654646549,0.632715779370734,0.579525613906079,2025.1632481907,2025.21643835616,CHIKV_RUN_S25b50_2025,55.498923,-21.266336
4304,1402,REU.4.8_1,REU.2.3_1,0.0521197103656971,0.632715779370734,0.580596069005037,2025.1643186458,2025.21643835616,CHIKV_RUN_S25b34_2025,55.471893,-20.928755
4754,386,REU.2.5_1,REU.2.5_1,0.0485825034845464,0.632715779370734,0.584133275886188,2025.16785585268,2025.21643835616,CHIKV_RUN_S23b69_2025,55.580175,-20.925672
4451,66,REU.2.1_1,REU.2.1_1,0.0446399983721623,0.632715779370734,0.588075780998572,2025.17179835779,2025.21643835616,CHIKV_RUN_S23b65_2025,55.326362,-20.962809
5100,1190,REU.4.8_1,REU.4.1_1,0.0423626643775795,0.632715779370734,0.590353114993155,2025.17407569179,2025.21643835616,CHIKV_RUN_S37b66_2025,55.468491,-21.13467
4133,973,REU.2.3_1,REU.2.3_1,0.0267751634316424,0.632715779370734,0.605940615939092,2025.18966319273,2025.21643835616,CHIKV_RUN_S23b82_2025,55.444657,-20.909177
6071,2914,REU.2.3_1,REU.2.3_1,0.022453875366735,0.632715779370734,0.610261904003999,2025.1939844808,2025.21643835616,CHIKV_RUN_S37b46_2025,55.511459,-20.9144
4166,984,REU.2.3_1,REU.2.3_1,0.0168903233875441,0.632715779370734,0.61582545598319,2025.19954803278,2025.21643835616,CHIKV_RUN_S25b26_2025,55.446619,-20.892493
5906,13,REU.3.5_1,REU.3.5_1,0.0143175123012862,0.632715779370734,0.618398267069448,2025.20212084386,2025.21643835616,CHIKV_RUN_S26b67_2025,55.279187,-21.000825
3145,1951,REU.2.3_1,REU.2.3_1,0.0116637903104987,0.632715779370734,0.621051989060236,2025.20477456585,2025.21643835616,CHIKV_RUN_S23b56_2025,55.427947,-20.891879
4065,301,REU.4.3_1,REU.4.3_1,0.00301735830587768,0.632715779370734,0.629698421064857,2025.21342099786,2025.21643835616,CHIKV_RUN_S25b54_2025,55.58237,-21.195928
5798,5799,REU.4.6_1,REU.4.6_1,0.18460011196457,0.632725157290462,0.448125045325891,2025.03184762212,2025.21644773408,NA,NA,NA
3888,3889,REU.2.3_1,REU.2.3_1,0.0993203798421669,0.632916282872267,0.5335959030301,2025.11731847982,2025.21663885967,NA,NA,NA
3773,3776,REU.3.5_1,REU.3.5_1,0.0478281672957237,0.632938500783997,0.585110333488273,2025.16883291028,2025.21666107758,NA,NA,NA
4449,4450,REU.4.8_1,REU.2.3_1,0.0549533106232916,0.632982661626535,0.578029351003244,2025.1617519278,2025.21670523842,NA,NA,NA
3247,3248,REU.3.1_1,REU.4.6_1,0.192859249767155,0.633082712299598,0.440223462532443,2025.02394603933,2025.21680528909,NA,NA,NA
4958,4959,REU.4.3_1,REU.4.3_1,0.0874153201006431,0.633112457101199,0.545697137000556,2025.12941971379,2025.2168350339,NA,NA,NA
5617,5620,REU.4.8_1,REU.4.8_1,0.110531280852801,0.633227294236487,0.522696013383687,2025.10641859018,2025.21694987103,NA,NA,NA
3895,3897,REU.4.5_1,REU.4.5_1,0.0683614965849706,0.633253970695575,0.564892474110605,2025.1486150509,2025.21697654749,NA,NA,NA
5763,5764,REU.3.4_1,REU.3.4_1,0.029735115449052,0.633552418496829,0.603817303047777,2025.18753987984,2025.21727499529,NA,NA,NA
5489,5490,REU.2.3_1,REU.2.3_1,0.0767491318085829,0.633990956442254,0.557241824633671,2025.14096440143,2025.21771353324,NA,NA,NA
4052,4053,REU.3.5_1,REU.3.5_1,0.029897213470219,0.634192174450408,0.604294960980189,2025.18801753777,2025.21791475124,NA,NA,NA
5657,5658,REU.2.5_1,REU.2.5_1,0.0934784371344374,0.634220458500631,0.540742021366193,2025.12446459816,2025.21794303529,NA,NA,NA
5328,5330,REU.4.3_1,REU.4.3_1,0.057359294620419,0.63438484841209,0.577025553791671,2025.16074813059,2025.21810742521,NA,NA,NA
5876,5877,REU.2.3_1,REU.2.3_1,0.0819093993604547,0.63440293213218,0.552493532771725,2025.13621610957,2025.21812550893,NA,NA,NA
5792,5797,REU.3.1_1,REU.4.4_1,0.164565187981791,0.634590316721717,0.470025128739927,2025.05374770553,2025.21831289352,NA,NA,NA
5522,5524,REU.4.8_1,REU.4.8_1,0.122097471152465,0.634759144721328,0.512661673568863,2025.09638425036,2025.21848172151,NA,NA,NA
5077,5082,REU.4.4_1,REU.4.8_1,0.11147869574466,0.634958637570185,0.523479941825525,2025.10720251862,2025.21868121436,NA,NA,NA
4580,4581,REU.4.3_1,REU.4.8_1,0.123317532389353,0.635129226212378,0.511811693823025,2025.09553427062,2025.21885180301,NA,NA,NA
3548,3076,REU.4.6_1,REU.4.6_1,0.19484579503515,0.635455505398092,0.440609710362942,2025.02433228716,2025.21917808219,CHIKV_RUN_S25b33_2025,55.431587,-21.282575
3565,2573,REU.3.4_1,REU.3.4_1,0.168204122450239,0.635455505398092,0.467251382947853,2025.05097395974,2025.21917808219,CHIKV_RUN_S25b06_2025,55.306494,-21.171758
5019,644,REU.4.3_1,REU.4.3_1,0.162475175467427,0.635455505398092,0.472980329930665,2025.05670290672,2025.21917808219,CHIKV_RUN_S37b95_2025,55.522786,-21.279213
3487,2109,REU.4.5_1,REU.4.8_1,0.132536462572039,0.635455505398092,0.502919042826053,2025.08664161962,2025.21917808219,CHIKV_RUN_S25b35_2025,55.473411,-21.338959
4979,863,REU.4.3_1,REU.4.3_1,0.11616793846952,0.635455505398092,0.519287566928571,2025.10301014372,2025.21917808219,CHIKV_RUN_S25b36_2025,55.536158,-21.251143
4366,1058,REU.4.3_1,REU.3.5_1,0.115224881544033,0.635455505398092,0.520230623854058,2025.10395320065,2025.21917808219,CHIKV_RUN_S26b72_2025,55.291374,-21.056847
3278,2816,REU.3.3_1,REU.3.3_1,0.113431945599336,0.635455505398092,0.522023559798756,2025.10574613659,2025.21917808219,CHIKV_RUN_S26b68_2025,55.294419,-21.109941
6201,2326,REU.4.8_1,REU.3.4_1,0.0903070218875289,0.635455505398092,0.545148483510563,2025.1288710603,2025.21917808219,CHIKV_RUN_S25b56_2025,55.306083,-21.170365
5364,1472,REU.4.8_1,REU.3.5_1,0.087528977064801,0.635455505398092,0.547926528333291,2025.13164910513,2025.21917808219,CHIKV_RUN_S37b45_2025,55.272836,-21.028117
3862,231,REU.4.8_1,REU.3.1_1,0.0822762167189757,0.635455505398092,0.553179288679116,2025.13690186547,2025.21917808219,CHIKV_RUN_S25b02_2025,55.368663,-21.269053
4138,975,REU.2.3_1,REU.3.5_1,0.0795717311572923,0.635455505398092,0.555883774240799,2025.13960635103,2025.21917808219,CHIKV_RUN_S25b92_2025,55.33505,-20.988161
6215,2774,REU.4.8_1,REU.4.8_1,0.0637853209612353,0.635455505398092,0.571670184436856,2025.15539276123,2025.21917808219,CHIKV_RUN_S25b43_2025,55.504027,-21.283307
4153,1000,REU.2.3_1,REU.2.3_1,0.0633358879980596,0.635455505398092,0.572119617400032,2025.15584219419,2025.21917808219,CHIKV_RUN_S25b16_2025,55.449303,-20.893581
5025,646,REU.4.3_1,REU.4.5_1,0.0590523685337001,0.635455505398092,0.576403136864392,2025.16012571366,2025.21917808219,CHIKV_RUN_S25b40_2025,55.681644,-21.372669
5465,2247,REU.4.3_1,REU.4.3_1,0.058317355220944,0.635455505398092,0.577138150177148,2025.16086072697,2025.21917808219,CHIKV_RUN_S25b07_2025,55.49481,-21.249115
4013,161,REU.3.5_1,REU.3.5_1,0.0490698824837863,0.635455505398092,0.586385622914305,2025.17010819971,2025.21917808219,CHIKV_RUN_S26b71_2025,55.274134,-21.097607
6162,2956,REU.3.4_1,REU.3.4_1,0.0487586573029407,0.635455505398092,0.586696848095151,2025.17041942489,2025.21917808219,CHIKV_RUN_S26b56_2025,55.300367,-21.196644
6158,2940,REU.3.4_1,REU.3.4_1,0.0463786727419786,0.635455505398092,0.589076832656113,2025.17279940945,2025.21917808219,CHIKV_RUN_S37b50_2025,55.295193,-21.172055
4066,1386,REU.4.8_1,REU.4.8_1,0.0440001396830504,0.635455505398092,0.591455365715041,2025.17517794251,2025.21917808219,CHIKV_RUN_S25b38_2025,55.487389,-21.343426
4090,1060,REU.4.3_1,REU.4.3_1,0.0420477135945054,0.635455505398092,0.593407791803586,2025.1771303686,2025.21917808219,CHIKV_RUN_S26b40_2025,55.514178,-21.287805
5806,2771,REU.3.1_1,REU.3.2_1,0.0394656670405559,0.635455505398092,0.595989838357536,2025.17971241515,2025.21917808219,CHIKV_RUN_S37b94_2025,55.337215,-21.235777
3814,268,REU.4.3_1,REU.2.3_1,0.0386395564666184,0.635455505398092,0.596815948931473,2025.18053852573,2025.21917808219,CHIKV_RUN_S26b49_2025,55.507989,-20.900881
4293,1066,REU.2.2_1,REU.2.2_1,0.0353616832097617,0.635455505398092,0.60009382218833,2025.18381639898,2025.21917808219,CHIKV_RUN_S25b91_2025,55.298792,-20.944566
4165,985,REU.2.3_1,REU.2.3_1,0.0335943402796908,0.635455505398092,0.601861165118401,2025.18558374191,2025.21917808219,CHIKV_RUN_S25b32_2025,55.446619,-20.892493
5493,2536,REU.2.3_1,REU.2.3_1,0.0306972162200327,0.635455505398092,0.604758289178059,2025.18848086597,2025.21917808219,CHIKV_RUN_S25b09_2025,55.456964,-20.906856
3282,2834,REU.2.1_1,REU.2.1_1,0.0305563952041765,0.635455505398092,0.604899110193915,2025.18862168699,2025.21917808219,CHIKV_RUN_S26b52_2025,55.360738,-20.928698
3979,131,REU.4.3_1,REU.2.3_1,0.0288854616384218,0.635455505398092,0.60657004375967,2025.19029262055,2025.21917808219,CHIKV_RUN_S25b45_2025,55.476658,-20.910063
3979,155,REU.4.3_1,REU.4.3_1,0.0288854616384218,0.635455505398092,0.60657004375967,2025.19029262055,2025.21917808219,CHIKV_RUN_S25b55_2025,55.518657,-21.24777
3335,2472,REU.4.6_1,REU.4.6_1,0.0269266631273558,0.635455505398092,0.608528842270736,2025.19225141906,2025.21917808219,CHIKV_RUN_S25b47_2025,55.425257,-21.251648
4766,459,REU.2.3_1,REU.2.3_1,0.025512550878262,0.635455505398092,0.60994295451983,2025.19366553131,2025.21917808219,CHIKV_RUN_S25b62_2025,55.422782,-20.887109
3328,2447,REU.2.3_1,REU.2.3_1,0.0241149250721311,0.635455505398092,0.61134058032596,2025.19506315712,2025.21917808219,CHIKV_RUN_S25b42_2025,55.437121,-20.923859
4278,1748,REU.4.5_1,REU.4.5_1,0.0221015262480756,0.635455505398092,0.613353979150016,2025.19707655594,2025.21917808219,CHIKV_RUN_S37b58_2025,55.630496,-21.350412
5595,1918,REU.3.1_1,REU.4.6_1,0.0205705705841583,0.635455505398091,0.614884934813933,2025.19860751161,2025.21917808219,CHIKV_RUN_S25b52_2025,55.402687,-21.27616
3982,120,REU.3.5_1,REU.3.5_1,0.0188565353675826,0.635455505398092,0.616598970030509,2025.20032154682,2025.21917808219,CHIKV_RUN_S26b79_2025,55.269583,-21.081796
4429,1527,REU.4.8_1,REU.4.8_1,0.014248730382772,0.635455505398092,0.62120677501532,2025.20492935181,2025.21917808219,CHIKV_RUN_S25b58_2025,55.449845,-21.279545
4547,306,REU.4.6_1,REU.4.6_1,0.0114596323985769,0.635455505398092,0.623995872999515,2025.20771844979,2025.21917808219,CHIKV_RUN_S25b44_2025,55.41317,-21.282904
3385,2595,REU.4.5_1,REU.4.5_1,0.0109546786025941,0.635455505398092,0.624500826795498,2025.20822340359,2025.21917808219,CHIKV_RUN_S25b05_2025,55.626163,-21.380004
3776,1328,REU.3.5_1,REU.3.5_1,0.00251700461409488,0.635455505398092,0.632938500783997,2025.21666107758,2025.21917808219,CHIKV_RUN_S25b85_2025,55.30305,-20.97523
3897,171,REU.4.5_1,REU.4.5_1,0.00220153470251627,0.635455505398092,0.633253970695575,2025.21697654749,2025.21917808219,CHIKV_RUN_S25b46_2025,55.674098,-21.369765
4053,1296,REU.3.5_1,REU.3.5_1,0.00126333094768372,0.635455505398092,0.634192174450408,2025.21791475124,2025.21917808219,CHIKV_RUN_S25b78_2025,55.288407,-21.020774
6005,6006,REU.2.3_1,REU.2.3_1,0.0189998080348247,0.635791541356975,0.61679173332215,2025.20051431012,2025.21951411815,NA,NA,NA
4846,4847,REU.4.8_1,REU.4.8_1,0.123723047043959,0.636049842250928,0.51232679520697,2025.096049372,2025.21977241904,NA,NA,NA
4715,4716,REU.2.3_1,REU.2.3_1,0.117131686033745,0.636217517850058,0.519085831816313,2025.10280840861,2025.21994009464,NA,NA,NA
5360,5361,REU.4.8_1,REU.4.5_1,0.059018435659492,0.636262665368669,0.577244229709177,2025.1609668065,2025.21998524216,NA,NA,NA
4990,4991,REU.4.5_1,REU.4.5_1,0.0151793937274562,0.636681314131769,0.621501920404313,2025.2052244972,2025.22040389093,NA,NA,NA
3248,3249,REU.4.6_1,REU.4.6_1,0.00363314339086396,0.636715855690462,0.633082712299598,2025.21680528909,2025.22043843248,NA,NA,NA
4695,4696,REU.4.3_1,REU.4.8_1,0.0652395194010398,0.637040099022107,0.571800579621068,2025.15552315641,2025.22076267582,NA,NA,NA
5251,5252,REU.4.3_1,REU.4.3_1,0.0732531926755711,0.637465253476226,0.564212060800655,2025.14793463759,2025.22118783027,NA,NA,NA
3991,3992,REU.3.5_1,REU.3.5_1,0.038867772756864,0.637628133564733,0.598760360807869,2025.1824829376,2025.22135071036,NA,NA,NA
6055,6056,REU.2.3_1,REU.2.3_1,0.0580411815828534,0.637723798042641,0.579682616459788,2025.16340519325,2025.22144637484,NA,NA,NA
4284,4285,REU.4.3_1,REU.4.8_1,0.0583128128294008,0.638031221319299,0.579718408489898,2025.16344098528,2025.22175379811,NA,NA,NA
4396,1492,REU.4.3_1,REU.4.3_1,0.139517233065283,0.638195231425449,0.498677998360166,2025.08240057515,2025.22191780822,CHIKV_RUN_S25b66_2025,55.496971,-21.264595
5434,2163,REU.4.3_1,REU.4.3_1,0.106316741954123,0.638195231425449,0.531878489471326,2025.11560106627,2025.22191780822,CHIKV_RUN_S25b77_2025,55.525044,-21.237499
4751,437,REU.4.8_1,REU.4.8_1,0.0949707062112247,0.638195231425449,0.543224525214224,2025.12694710201,2025.22191780822,CHIKV_RUN_S25b69_2025,55.540109,-21.319528
3915,214,REU.4.4_1,REU.4.4_1,0.0903019236665387,0.638195231425449,0.54789330775891,2025.13161588455,2025.22191780822,CHIKV_RUN_S26b54_2025,55.575482,-21.352585
3286,2810,REU.3.1_1,REU.3.2_1,0.0885677896438248,0.638195231425449,0.549627441781624,2025.13335001858,2025.22191780822,CHIKV_RUN_S25b64_2025,55.346655,-21.221961
5229,1712,REU.2.5_1,REU.2.5_1,0.083217709183422,0.638195231425449,0.554977522242027,2025.13870009904,2025.22191780822,CHIKV_RUN_S25b30_2025,55.634094,-20.935079
5612,2845,REU.4.3_1,REU.4.8_1,0.0818969519611603,0.638195231425449,0.556298279464289,2025.14002085626,2025.22191780822,CHIKV_RUN_S26b36_2025,55.432868,-21.287523
4380,1486,REU.4.3_1,REU.4.3_1,0.078774798424588,0.638195231425449,0.559420433000861,2025.14314300979,2025.22191780822,CHIKV_RUN_S25b80_2025,55.499176,-21.245505
6077,2912,REU.2.3_1,REU.2.3_1,0.0780795623471919,0.638195231425449,0.560115669078257,2025.14383824587,2025.22191780822,CHIKV_RUN_S25b29_2025,55.505747,-20.910464
4925,794,REU.4.8_1,REU.3.1_1,0.0766463047137689,0.638195231425449,0.56154892671168,2025.14527150351,2025.22191780822,CHIKV_RUN_S25b04_2025,55.337037,-21.274744
4604,419,REU.4.8_1,REU.4.3_1,0.0719251230532487,0.638195231425449,0.5662701083722,2025.14999268517,2025.22191780822,CHIKV_RUN_S25b24_2025,55.522242,-21.293527
4418,1538,REU.4.3_1,REU.4.3_1,0.0713119352708986,0.638195231425449,0.56688329615455,2025.15060587295,2025.22191780822,CHIKV_RUN_S25b60_2025,55.501327,-21.264938
3818,1471,REU.2.3_1,REU.1.1_1,0.0604291877232093,0.638195231425449,0.57776604370224,2025.1614886205,2025.22191780822,CHIKV_RUN_S27b36_2025,55.663288,-21.005369
4886,685,REU.4.8_1,REU.2.3_1,0.0533405680456404,0.638195231425449,0.584854663379809,2025.16857724017,2025.22191780822,CHIKV_RUN_S25b31_2025,55.471828,-20.925936
5748,2797,REU.3.1_1,REU.3.1_1,0.0522764314763619,0.638195231425449,0.585918799949087,2025.16964137674,2025.22191780822,CHIKV_RUN_S25b65_2025,55.360735,-21.261353
6192,2985,REU.3.4_1,REU.3.4_1,0.0456274116624371,0.638195231425449,0.592567819763012,2025.17629039656,2025.22191780822,CHIKV_RUN_S25b89_2025,55.298917,-21.17404
5420,1886,REU.3.5_1,REU.3.5_1,0.0447082233204381,0.638195231425449,0.593487008105011,2025.1772095849,2025.22191780822,CHIKV_RUN_S26b73_2025,55.26715,-21.010664
5926,2559,REU.4.8_1,REU.4.8_1,0.0407799568783134,0.638195231425449,0.597415274547136,2025.18113785134,2025.22191780822,CHIKV_RUN_S25b08_2025,55.488834,-21.299361
5459,2289,REU.4.8_1,REU.4.8_1,0.0403530316865779,0.638195231425449,0.597842199738871,2025.18156477653,2025.22191780822,CHIKV_RUN_S25b72_2025,55.488696,-21.346733
5245,339,REU.2.3_1,REU.2.3_1,0.0314008901555078,0.638195231425449,0.606794341269941,2025.19051691806,2025.22191780822,CHIKV_RUN_S25b81_2025,55.448275,-20.89179
3444,2132,REU.4.5_1,REU.4.5_1,0.0284143722804809,0.638195231425449,0.609780859144968,2025.19350343594,2025.22191780822,CHIKV_RUN_S25b67_2025,55.612957,-21.352924
3435,2064,REU.4.5_1,REU.4.5_1,0.0215235760485111,0.638195231425449,0.616671655376938,2025.20039423217,2025.22191780822,CHIKV_RUN_S25b76_2025,55.667801,-21.339823
4662,529,REU.4.8_1,REU.4.8_1,0.00830260623767243,0.638195231425449,0.629892625187777,2025.21361520198,2025.22191780822,CHIKV_RUN_S25b63_2025,55.485962,-21.277645
5797,1277,REU.4.4_1,REU.4.4_1,0.00360491470373181,0.638195231425449,0.634590316721717,2025.21831289352,2025.22191780822,CHIKV_RUN_S25b70_2025,55.560686,-21.331171
6225,6226,REU.3.4_1,REU.2.5_1,0.092981970956026,0.638374043229601,0.545392072273575,2025.12911464907,2025.22209662002,NA,NA,NA
4172,4173,REU.2.3_1,REU.2.3_1,0.0512161860208888,0.638415712182725,0.587199526161836,2025.17092210296,2025.22213828898,NA,NA,NA
3326,3329,REU.4.8_1,REU.4.8_1,0.0788014902265567,0.63882703887717,0.560025548650613,2025.14374812544,2025.22254961567,NA,NA,NA
5140,5141,REU.4.4_1,REU.4.4_1,0.141337161442534,0.638910172081288,0.497573010638754,2025.08129558743,2025.22263274887,NA,NA,NA
4629,4630,REU.4.3_1,REU.4.8_1,0.0451861833268583,0.638914545835208,0.59372836250835,2025.1774509393,2025.22263712263,NA,NA,NA
3986,3987,REU.3.5_1,REU.3.5_1,0.0453986792678329,0.638917120004884,0.593518440737051,2025.17724101753,2025.2226396968,NA,NA,NA
4962,4963,REU.4.3_1,REU.4.3_1,0.0492480761708497,0.639161297104961,0.589913220934111,2025.17363579773,2025.2228838739,NA,NA,NA
4866,4867,REU.4.6_1,REU.4.6_1,0.0333559627689763,0.63929446217504,0.605938499406064,2025.1896610762,2025.22301703897,NA,NA,NA
3998,3999,REU.2.3_1,REU.2.3_1,0.0674025560413452,0.639555585099841,0.572153029058496,2025.15587560585,2025.22327816189,NA,NA,NA
5788,5789,REU.4.8_1,REU.1.4_1,0.111361315380299,0.63974089290958,0.528379577529281,2025.11210215432,2025.2234634697,NA,NA,NA
3947,3948,REU.4.3_1,REU.4.5_1,0.0656056591563225,0.639761559114004,0.574155899957682,2025.15787847675,2025.22348413591,NA,NA,NA
5549,5550,REU.4.6_1,REU.4.8_1,0.0881298411438607,0.640040285901649,0.551910444757788,2025.13563302155,2025.2237628627,NA,NA,NA
4343,4344,REU.4.3_1,REU.4.3_1,0.0374976819982697,0.640073838963115,0.602576156964846,2025.18629873376,2025.22379641576,NA,NA,NA
5276,5277,REU.2.2_1,REU.2.2_1,0.0253860488016131,0.64012236963711,0.614736320835497,2025.19845889763,2025.22384494643,NA,NA,NA
5372,5373,REU.3.5_1,REU.3.5_1,0.0286135494226454,0.64039188703952,0.611778337616875,2025.19550091441,2025.22411446383,NA,NA,NA
3344,3345,REU.2.3_1,REU.2.3_1,0.0563315997047555,0.64041136569022,0.584079765985465,2025.16780234278,2025.22413394248,NA,NA,NA
4109,4116,REU.3.5_1,REU.4.8_1,0.16860846760899,0.640899089762592,0.472290622153602,2025.05601319895,2025.22462166656,NA,NA,NA
4880,680,REU.4.3_1,REU.4.5_1,0.202516067572006,0.640934957452806,0.4384188898808,2025.02214146667,2025.22465753425,CHIKV_RUN_S27b22_2025,55.603506,-21.378467
3674,2383,REU.3.1_1,REU.3.1_1,0.164320640967811,0.640934957452806,0.476614316484996,2025.06033689328,2025.22465753425,CHIKV_RUN_S25b88_2025,55.373871,-21.266454
4871,800,REU.4.3_1,REU.4.8_1,0.163612972447571,0.640934957452806,0.477321985005236,2025.0610445618,2025.22465753425,CHIKV_RUN_S25b86_2025,55.469089,-21.282404
4008,165,REU.3.5_1,REU.3.5_1,0.14618978813185,0.640934957452806,0.494745169320956,2025.07846774611,2025.22465753425,CHIKV_RUN_S26b66_2025,55.286858,-20.993365
5322,1651,REU.4.3_1,REU.4.6_1,0.143912188929217,0.640934957452806,0.497022768523589,2025.08074534532,2025.22465753425,CHIKV_RUN_S26b58_2025,55.412982,-21.283275
5663,2476,REU.3.1_1,REU.2.3_1,0.137991600128417,0.640934957452806,0.502943357324389,2025.08666593412,2025.22465753425,CHIKV_RUN_S26b74_2025,55.428183,-20.888875
5702,1866,REU.3.4_1,REU.2.3_1,0.130442921565528,0.640934957452806,0.510492035887279,2025.09421461268,2025.22465753425,CHIKV_RUN_S26b60_2025,55.467591,-20.887409
4421,1519,REU.4.3_1,REU.4.6_1,0.126503665021296,0.640934957452806,0.51443129243151,2025.09815386923,2025.22465753425,CHIKV_RUN_S27b19_2025,55.427432,-21.251684
3316,2456,REU.3.4_1,REU.3.4_1,0.118601792153373,0.640934957452806,0.522333165299433,2025.10605574209,2025.22465753425,CHIKV_RUN_S28b69_2025,55.302616,-21.189751
5275,326,REU.4.8_1,REU.2.3_1,0.115010144393161,0.640934957452806,0.525924813059646,2025.10964738985,2025.22465753425,CHIKV_RUN_S26b50_2025,55.448275,-20.89179
4648,571,REU.4.3_1,REU.4.4_1,0.104296428421292,0.640934957452806,0.536638529031515,2025.12036110583,2025.22465753425,CHIKV_RUN_S27b16_2025,55.567447,-21.33182
5790,2714,REU.4.8_1,REU.1.3_1,0.103984018284082,0.640934957452807,0.536950939168725,2025.12067351596,2025.22465753425,CHIKV_RUN_S27b26_2025,55.665066,-20.957693
3447,2133,REU.4.5_1,REU.4.5_1,0.100823234785893,0.640934957452806,0.540111722666913,2025.12383429946,2025.22465753425,CHIKV_RUN_S27b18_2025,55.621328,-21.379616
3358,2422,REU.3.4_1,REU.3.4_1,0.100068855510574,0.640934957452806,0.540866101942233,2025.12458867874,2025.22465753425,CHIKV_RUN_S28b28_2025,55.314656,-21.222838
4470,1551,REU.4.3_1,REU.1.4_1,0.0974833946044236,0.640934957452806,0.543451562848383,2025.12717413964,2025.22465753425,CHIKV_RUN_S37b72_2025,55.740887,-21.078594
4536,1667,REU.4.3_1,REU.4.8_1,0.0968221292858816,0.640934957452806,0.544112828166925,2025.12783540496,2025.22465753425,CHIKV_RUN_S26b84_2025,55.49333,-21.304876
4710,514,REU.4.3_1,REU.4.3_1,0.0960246756595974,0.640934957452807,0.544910281793209,2025.12863285859,2025.22465753425,CHIKV_RUN_S26b34_2025,55.508801,-21.264269
3842,967,REU.4.8_1,REU.2.1_1,0.0950100494131395,0.640934957452806,0.545924908039667,2025.12964748483,2025.22465753425,CHIKV_RUN_S28b60_2025,55.321956,-20.961636
4650,550,REU.4.3_1,REU.4.3_1,0.094696882227224,0.640934957452806,0.546238075225582,2025.12996065202,2025.22465753425,CHIKV_RUN_S26b59_2025,55.494352,-21.244688
4399,1489,REU.4.3_1,REU.4.3_1,0.0944009048810932,0.640934957452806,0.546534052571713,2025.13025662937,2025.22465753425,CHIKV_RUN_S26b91_2025,55.513918,-21.282667
3884,175,REU.4.5_1,REU.4.8_1,0.0890286807595969,0.640934957452806,0.55190627669321,2025.13562885349,2025.22465753425,CHIKV_RUN_S26b77_2025,55.497748,-21.275272
3881,186,REU.4.7_1,REU.4.8_1,0.0856375462773169,0.640934957452806,0.55529741117549,2025.13901998797,2025.22465753425,CHIKV_RUN_S26b86_2025,55.477665,-21.282717
5138,1215,REU.4.4_1,REU.4.4_1,0.0821090374534517,0.640934957452806,0.558825919999355,2025.14254849679,2025.22465753425,CHIKV_RUN_S25b87_2025,55.566791,-21.348393
3919,224,REU.4.5_1,REU.4.8_1,0.0799911915426669,0.640934957452806,0.56094376591014,2025.1446663427,2025.22465753425,CHIKV_RUN_S25b90_2025,55.484644,-21.325466
6123,2894,REU.2.3_1,REU.2.4_1,0.0773978180966606,0.640934957452806,0.563537139356146,2025.14725971615,2025.22465753425,CHIKV_RUN_S25b95_2025,55.523042,-20.903674
4401,1504,REU.4.3_1,REU.4.3_1,0.0760815745277851,0.640934957452806,0.564853382925021,2025.14857595972,2025.22465753425,CHIKV_RUN_S26b88_2025,55.516151,-21.268027
4132,1027,REU.2.3_1,REU.2.3_1,0.0751382686888031,0.640934957452806,0.565796688764003,2025.14951926556,2025.22465753425,CHIKV_RUN_S26b63_2025,55.44756,-20.893639
3417,2076,REU.4.5_1,REU.4.5_1,0.0746716973647011,0.640934957452806,0.566263260088105,2025.14998583688,2025.22465753425,CHIKV_RUN_S26b93_2025,55.613213,-21.378804
4490,109,REU.4.3_1,REU.4.4_1,0.0746231141128212,0.640934957452806,0.566311843339985,2025.15003442013,2025.22465753425,CHIKV_RUN_S26b51_2025,55.57028,-21.35237
5151,1172,REU.4.4_1,REU.4.4_1,0.0733804673404828,0.640934957452806,0.567554490112324,2025.15127706691,2025.22465753425,CHIKV_RUN_S26b78_2025,55.544254,-21.36026
4664,557,REU.4.3_1,REU.4.3_1,0.0731641621597614,0.640934957452806,0.567770795293045,2025.15149337209,2025.22465753425,CHIKV_RUN_S26b69_2025,55.505899,-21.261397
5618,1792,REU.4.6_1,REU.2.3_1,0.0623119449885936,0.640934957452806,0.578623012464213,2025.16234558926,2025.22465753425,CHIKV_RUN_S25b71_2025,55.468596,-20.88681
3843,968,REU.4.8_1,REU.2.2_1,0.0587624602910943,0.640934957452806,0.582172497161712,2025.16589507396,2025.22465753425,CHIKV_RUN_S26b57_2025,55.302173,-20.941665
3355,2414,REU.4.8_1,REU.2.3_1,0.056831349250513,0.640934957452806,0.584103608202293,2025.167826185,2025.22465753425,CHIKV_RUN_S25b82_2025,55.399989,-20.920397
5130,1261,REU.4.4_1,REU.4.4_1,0.0545962515065528,0.640934957452806,0.586338705946254,2025.17006128274,2025.22465753425,CHIKV_RUN_S26b64_2025,55.561979,-21.353095
5325,1429,REU.3.5_1,REU.3.5_1,0.054592127772132,0.640934957452806,0.586342829680675,2025.17006540647,2025.22465753425,CHIKV_RUN_S28b21_2025,55.286795,-21.094467
5881,41,REU.2.3_1,REU.2.3_1,0.052287309708394,0.640934957452806,0.588647647744412,2025.17237022454,2025.22465753425,CHIKV_RUN_S25b74_2025,55.488951,-20.900533
5714,2342,REU.4.8_1,REU.2.1_1,0.0513109153600306,0.640934957452806,0.589624042092776,2025.17334661889,2025.22465753425,CHIKV_RUN_S26b61_2025,55.337222,-20.943686
5128,1240,REU.4.4_1,REU.4.4_1,0.0492766315468469,0.640934957452806,0.59165832590596,2025.1753809027,2025.22465753425,CHIKV_RUN_S26b85_2025,55.564396,-21.352531
5867,48,REU.2.3_1,REU.2.3_1,0.0467158218011177,0.640934957452806,0.594219135651689,2025.17794171245,2025.22465753425,CHIKV_RUN_S25b28_2025,55.48949,-20.900664
4752,438,REU.4.8_1,REU.4.8_1,0.0462750895533249,0.640934957452806,0.594659867899482,2025.17838244469,2025.22465753425,CHIKV_RUN_S25b68_2025,55.486672,-21.256267
3929,245,REU.4.5_1,REU.4.5_1,0.0437110251635211,0.640934957452806,0.597223932289285,2025.18094650908,2025.22465753425,CHIKV_RUN_S27b21_2025,55.622211,-21.375907
3929,243,REU.4.5_1,REU.4.7_1,0.0437110251635211,0.640934957452806,0.597223932289285,2025.18094650908,2025.22465753425,CHIKV_RUN_S26b55_2025,55.715351,-21.370847
4340,1073,REU.4.3_1,REU.4.4_1,0.0402242728538145,0.640934957452806,0.600710684598992,2025.18443326139,2025.22465753425,CHIKV_RUN_S26b89_2025,55.577908,-21.313066
5763,2478,REU.3.4_1,REU.4.3_1,0.0371176544050295,0.640934957452806,0.603817303047777,2025.18753987984,2025.22465753425,CHIKV_RUN_S27b17_2025,55.514184,-21.270686
5948,1863,REU.4.6_1,REU.4.6_1,0.0367042976300547,0.640934957452806,0.604230659822752,2025.18795323662,2025.22465753425,CHIKV_RUN_S25b73_2025,55.405223,-21.27357
3282,2833,REU.2.1_1,REU.2.1_1,0.0360358472588913,0.640934957452806,0.604899110193915,2025.18862168699,2025.22465753425,CHIKV_RUN_S28b46_2025,55.359758,-20.927815
6033,2691,REU.3.5_1,REU.3.5_1,0.0345631112114659,0.640934957452806,0.60637184624134,2025.19009442304,2025.22465753425,CHIKV_RUN_S28b67_2025,55.275786,-21.049118
5900,5,REU.3.5_1,REU.3.5_1,0.0319846321157923,0.640934957452806,0.608950325337014,2025.19267290213,2025.22465753425,CHIKV_RUN_S28b81_2025,55.223537,-21.075853
3907,220,REU.4.5_1,REU.4.5_1,0.0271770200905778,0.640934957452806,0.613757937362229,2025.19748051416,2025.22465753425,CHIKV_RUN_S27b15_2025,55.607505,-21.335502
5498,2535,REU.4.8_1,REU.1.6_1,0.0246049751147166,0.640934957452806,0.61632998233809,2025.20005255913,2025.22465753425,CHIKV_RUN_S32b32_2025,55.543728,-21.025544
4410,1534,REU.4.3_1,REU.4.8_1,0.0218652865867073,0.640934957452806,0.619069670866099,2025.20279224766,2025.22465753425,CHIKV_RUN_S25b84_2025,55.481382,-21.286126
4624,461,REU.4.8_1,REU.4.8_1,0.0203333955718126,0.640934957452806,0.620601561880994,2025.20432413867,2025.22465753425,CHIKV_RUN_S27b23_2025,55.477233,-21.26922
4692,584,REU.2.3_1,REU.1.1_1,0.0147703699755058,0.640934957452806,0.626164587477301,2025.20988716427,2025.22465753425,CHIKV_RUN_S27b35_2025,55.693202,-21.002018
3468,2061,REU.4.5_1,REU.2.3_1,0.0116883074041546,0.640934957452806,0.629246650048652,2025.21296922684,2025.22465753425,CHIKV_RUN_S25b75_2025,55.489422,-20.897404
3613,3028,REU.4.3_1,REU.4.3_1,0.010878973101843,0.640934957452806,0.630055984350963,2025.21377856114,2025.22465753425,CHIKV_RUN_S25b83_2025,55.523188,-21.273684
5246,331,REU.2.3_1,REU.2.3_1,0.0108279035656391,0.640934957452806,0.630107053887167,2025.21382963068,2025.22465753425,CHIKV_RUN_S26b81_2025,55.473772,-20.902862
5127,1210,REU.4.8_1,REU.1.4_1,0.0104051442783324,0.640934957452806,0.630529813174474,2025.21425238997,2025.22465753425,CHIKV_RUN_S27b25_2025,55.71566,-21.050163
3429,3430,REU.4.5_1,REU.4.4_1,0.0615539893081833,0.641160834064578,0.579606844756395,2025.16332942155,2025.22488341086,NA,NA,NA
3904,3905,REU.4.5_1,REU.4.5_1,0.0410966680238531,0.641262576453158,0.600165908429305,2025.18388848522,2025.22498515325,NA,NA,NA
5212,5225,REU.3.5_1,REU.3.5_1,0.149783437038676,0.641383748533502,0.491600311494826,2025.07532288829,2025.22510632533,NA,NA,NA
5395,5396,REU.2.3_1,REU.2.3_1,0.0389545846291773,0.641390779673583,0.602436195044406,2025.18615877184,2025.22511335647,NA,NA,NA
4275,4276,REU.2.3_1,REU.2.3_1,0.0155140675970815,0.641549845173662,0.626035777576581,2025.20975835437,2025.22527242197,NA,NA,NA
5984,5985,REU.3.1_1,REU.4.8_1,0.0742909039656462,0.641577669406646,0.567286765441,2025.15100934223,2025.2253002462,NA,NA,NA
3466,3467,REU.4.5_1,REU.4.5_1,0.0175636335066145,0.641902209783527,0.624338576276913,2025.20806115307,2025.22562478658,NA,NA,NA
5421,5422,REU.3.5_1,REU.3.5_1,0.0383935864937566,0.642018149167737,0.60362456267398,2025.18734713947,2025.22574072596,NA,NA,NA
5814,5815,REU.4.3_1,REU.3.5_1,0.0713841894605525,0.642050566505486,0.570666377044933,2025.15438895384,2025.2257731433,NA,NA,NA
4061,4062,REU.4.8_1,REU.4.8_1,0.013126978225213,0.642305774266202,0.629178796040988,2025.21290137283,2025.22602835106,NA,NA,NA
3273,3274,REU.4.8_1,REU.4.8_1,0.0296657940726639,0.642360309839939,0.612694515767275,2025.19641709256,2025.22608288663,NA,NA,NA
3812,3813,REU.4.3_1,REU.3.4_1,0.0636275461794726,0.642578182758218,0.578950636578745,2025.16267321337,2025.22630075955,NA,NA,NA
4531,4532,REU.4.3_1,REU.4.3_1,0.0600349705298483,0.64263186756261,0.582596897032762,2025.16631947383,2025.22635444436,NA,NA,NA
5030,5031,REU.4.3_1,REU.4.3_1,0.0946881069852565,0.642724739193221,0.548036632207964,2025.131759209,2025.22644731599,NA,NA,NA
5618,5619,REU.4.6_1,REU.4.6_1,0.0641078987043704,0.642730911168583,0.578623012464213,2025.16234558926,2025.22645348796,NA,NA,NA
5567,5568,REU.2.3_1,REU.2.3_1,0.091771741114724,0.643227976417135,0.551456235302411,2025.1351788121,2025.22695055321,NA,NA,NA
5303,1418,REU.4.3_1,REU.3.5_1,0.215730514281413,0.643674683480391,0.427944169198978,2025.01166674599,2025.22739726027,CHIKV_RUN_S28b42_2025,55.269241,-21.05027
4277,1555,REU.4.3_1,REU.4.3_1,0.156670134107067,0.643674683480391,0.487004549373324,2025.07072712617,2025.22739726027,CHIKV_RUN_S28b52_2025,55.537963,-21.259936
5812,2503,REU.4.8_1,REU.3.5_1,0.142870109482775,0.643674683480391,0.500804573997616,2025.08452715079,2025.22739726027,CHIKV_RUN_S28b86_2025,55.276167,-21.039355
4975,760,REU.4.3_1,REU.4.8_1,0.139533095108776,0.643674683480391,0.504141588371615,2025.08786416517,2025.22739726027,CHIKV_RUN_S28b40_2025,55.471427,-21.29194
4422,1498,REU.4.3_1,REU.4.8_1,0.137153997503356,0.643674683480391,0.506520685977035,2025.09024326277,2025.22739726027,CHIKV_RUN_S28b25_2025,55.483453,-21.341095
4825,707,REU.4.3_1,REU.4.8_1,0.125641171660405,0.643674683480391,0.518033511819986,2025.10175608861,2025.22739726027,CHIKV_RUN_S28b18_2025,55.501265,-21.29596
4119,998,REU.2.3_1,REU.4.8_1,0.116636388443289,0.643674683480391,0.527038295037102,2025.11076087183,2025.22739726027,CHIKV_RUN_S28b77_2025,55.487577,-21.273709
4324,1595,REU.4.8_1,REU.4.8_1,0.112474072173179,0.643674683480391,0.531200611307212,2025.1149231881,2025.22739726027,CHIKV_RUN_S28b54_2025,55.477771,-21.342704
5973,2654,REU.3.1_1,REU.3.4_1,0.108038179385564,0.643674683480391,0.535636504094827,2025.11935908089,2025.22739726027,CHIKV_RUN_S28b65_2025,55.281015,-21.138568
5834,20,REU.3.1_1,REU.3.4_1,0.107904330377927,0.643674683480391,0.535770353102465,2025.1194929299,2025.22739726027,CHIKV_RUN_S28b71_2025,55.292915,-21.141879
5479,2274,REU.3.2_1,REU.3.2_1,0.0971598720847263,0.643674683480391,0.546514811395665,2025.13023738819,2025.22739726027,CHIKV_RUN_S28b62_2025,55.333873,-21.24543
3990,156,REU.3.5_1,REU.4.8_1,0.0965463609646646,0.643674683480391,0.547128322515727,2025.13085089931,2025.22739726027,CHIKV_RUN_S28b57_2025,55.489994,-21.274157
5203,284,REU.4.3_1,REU.4.3_1,0.0956406767260515,0.643674683480391,0.54803400675434,2025.13175658355,2025.22739726027,CHIKV_RUN_S28b44_2025,55.527601,-21.238685
4834,775,REU.4.3_1,REU.4.8_1,0.0879047208732286,0.643674683480391,0.555769962607163,2025.1394925394,2025.22739726027,CHIKV_RUN_S28b39_2025,55.470373,-21.280406
5706,2697,REU.3.1_1,REU.3.1_1,0.086758239623883,0.643674683480391,0.556916443856508,2025.14063902065,2025.22739726027,CHIKV_RUN_S28b34_2025,55.383771,-21.244412
3272,2813,REU.4.8_1,REU.2.3_1,0.0845775327933096,0.643674683480391,0.559097150687082,2025.14281972748,2025.22739726027,CHIKV_RUN_S26b75_2025,55.423646,-20.877959
5632,1790,REU.3.4_1,REU.2.3_1,0.0819599511809309,0.643674683480391,0.56171473229946,2025.14543730909,2025.22739726027,CHIKV_RUN_S28b15_2025,55.467883,-20.885932
5115,1225,REU.4.3_1,REU.4.5_1,0.0810947187843525,0.643674683480391,0.562579964696039,2025.14630254149,2025.22739726027,CHIKV_RUN_S28b37_2025,55.614536,-21.379691
5984,2666,REU.3.1_1,REU.3.1_1,0.0763879180393915,0.643674683480391,0.567286765441,2025.15100934223,2025.22739726027,CHIKV_RUN_S28b64_2025,55.360644,-21.247527
5718,2630,REU.2.3_1,REU.2.3_1,0.0755601511640206,0.643674683480391,0.568114532316371,2025.15183710911,2025.22739726027,CHIKV_RUN_S26b95_2025,55.489626,-20.925325
5109,1170,REU.4.4_1,REU.4.5_1,0.0746393421766398,0.643674683480391,0.569035341303751,2025.1527579181,2025.22739726027,CHIKV_RUN_S26b32_2025,55.594556,-21.370943
5972,2665,REU.3.2_1,REU.3.2_1,0.0743910594088791,0.643674683480391,0.569283624071512,2025.15300620087,2025.22739726027,CHIKV_RUN_S28b35_2025,55.339988,-21.238196
4878,650,REU.4.8_1,REU.2.1_1,0.0742793712667853,0.643674683480391,0.569395312213606,2025.15311788901,2025.22739726027,CHIKV_RUN_S28b84_2025,55.325103,-20.959596
4479,1293,REU.4.4_1,REU.4.4_1,0.0717702088326241,0.643674683480391,0.571904474647767,2025.15562705144,2025.22739726027,CHIKV_RUN_S28b24_2025,55.554808,-21.340817
5329,1644,REU.4.3_1,REU.4.3_1,0.0609391755401564,0.643674683480391,0.582735507940235,2025.16645808473,2025.22739726027,CHIKV_RUN_S28b55_2025,55.500585,-21.260287
3899,196,REU.4.5_1,REU.4.5_1,0.0606788101543383,0.643674683480391,0.582995873326053,2025.16671845012,2025.22739726027,CHIKV_RUN_S28b59_2025,55.60972,-21.376103
3344,2420,REU.2.3_1,REU.2.3_1,0.0595949174949264,0.643674683480391,0.584079765985465,2025.16780234278,2025.22739726027,CHIKV_RUN_S26b62_2025,55.493844,-20.900095
4601,590,REU.4.8_1,REU.4.8_1,0.0593223231213358,0.643674683480391,0.584352360359055,2025.16807493715,2025.22739726027,CHIKV_RUN_S30b66_2025,55.510124,-21.351051
6160,2943,REU.2.3_1,REU.1.1_1,0.0589922241073347,0.643674683480391,0.584682459373056,2025.16840503617,2025.22739726027,CHIKV_RUN_S26b83_2025,55.690717,-21.000927
4639,585,REU.4.3_1,REU.4.8_1,0.0589261255636255,0.643674683480391,0.584748557916766,2025.16847113471,2025.22739726027,CHIKV_RUN_S28b66_2025,55.526704,-21.33148
4471,1552,REU.4.8_1,REU.1.4_1,0.0573664436819548,0.643674683480391,0.586308239798436,2025.17003081659,2025.22739726027,CHIKV_RUN_S32b44_2025,55.7414,-21.079188
4122,1006,REU.2.3_1,REU.2.3_1,0.0533634747571016,0.643674683480391,0.59031120872329,2025.17403378552,2025.22739726027,CHIKV_RUN_S28b72_2025,55.451909,-20.892271
5304,1079,REU.4.3_1,REU.4.3_1,0.051570100195728,0.643674683480391,0.592104583284663,2025.17582716008,2025.22739726027,CHIKV_RUN_S28b22_2025,55.519258,-21.268663
4563,1608,REU.4.3_1,REU.4.6_1,0.047217906564341,0.643674683480391,0.59645677691605,2025.18017935371,2025.22739726027,CHIKV_RUN_S28b53_2025,55.41818,-21.25942
3337,2461,REU.2.3_1,REU.2.3_1,0.0439017707084546,0.643674683480391,0.599772912771937,2025.18349548957,2025.22739726027,CHIKV_RUN_S26b94_2025,55.482062,-20.918537
5523,2699,REU.4.8_1,REU.4.5_1,0.0415205227009462,0.643674683480391,0.602154160779445,2025.18587673757,2025.22739726027,CHIKV_RUN_S28b38_2025,55.631347,-21.37291
3590,2182,REU.4.8_1,REU.4.8_1,0.0412856995939108,0.643674683480391,0.60238898388648,2025.18611156068,2025.22739726027,CHIKV_RUN_S28b73_2025,55.497569,-21.300406
3308,2474,REU.4.6_1,REU.4.6_1,0.0410288515521301,0.643674683480391,0.602645831928261,2025.18636840872,2025.22739726027,CHIKV_RUN_S28b87_2025,55.417048,-21.285091
6033,2689,REU.3.5_1,REU.3.5_1,0.0373028372390507,0.643674683480391,0.60637184624134,2025.19009442304,2025.22739726027,CHIKV_RUN_S42b14_2025,55.274428,-21.049411
5848,2395,REU.3.1_1,REU.3.1_1,0.0359160819106721,0.643674683480391,0.607758601569719,2025.19148117836,2025.22739726027,CHIKV_RUN_S28b47_2025,55.369389,-21.250618
3815,887,REU.4.3_1,REU.4.3_1,0.0283407943891504,0.643674683480391,0.615333889091241,2025.19905646588,2025.22739726027,CHIKV_RUN_S28b90_2025,55.526974,-21.269196
3206,3108,REU.4.8_1,REU.4.2_1,0.022983980004061,0.643674683480391,0.62069070347633,2025.20441328027,2025.22739726027,CHIKV_RUN_S28b51_2025,55.469895,-21.252204
5592,1913,REU.3.4_1,REU.3.4_1,0.0217991103752843,0.643674683480391,0.621875573105107,2025.2055981499,2025.22739726027,CHIKV_RUN_S30b65_2025,55.314846,-21.220235
5916,2567,REU.4.8_1,REU.1.5_1,0.0217679907580528,0.643674683480391,0.621906692722338,2025.20562926952,2025.22739726027,CHIKV_RUN_S32b17_2025,55.781831,-21.128805
3385,2591,REU.4.5_1,REU.1.3_1,0.0191738566848937,0.643674683480391,0.624500826795498,2025.20822340359,2025.22739726027,CHIKV_RUN_S32b45_2025,55.651096,-20.966442
5341,1159,REU.4.8_1,REU.1.4_1,0.0174904051628179,0.643674683480391,0.626184278317573,2025.20990685511,2025.22739726027,CHIKV_RUN_S32b31_2025,55.714716,-21.049256
4713,511,REU.3.5_1,REU.3.5_1,0.0162184276335531,0.643674683480391,0.627456255846838,2025.21117883264,2025.22739726027,CHIKV_RUN_S29b76_2025,55.228701,-21.066244
6226,2509,REU.2.5_1,REU.2.5_1,0.00530064025079025,0.643674683480391,0.638374043229601,2025.22209662002,2025.22739726027,CHIKV_RUN_S28b19_2025,55.606454,-20.936432
5815,2311,REU.3.5_1,REU.3.5_1,0.0016241169749055,0.643674683480391,0.642050566505486,2025.2257731433,2025.22739726027,CHIKV_RUN_S28b16_2025,55.300768,-21.018039
4716,4717,REU.2.3_1,REU.2.3_1,0.00793546063004069,0.644152978480099,0.636217517850058,2025.21994009464,2025.22787555527,NA,NA,NA
4370,4372,REU.4.3_1,REU.4.3_1,0.108498394606552,0.64418259617174,0.535684201565188,2025.11940677836,2025.22790517297,NA,NA,NA
4591,4592,REU.4.3_1,REU.3.4_1,0.294630209826168,0.64453243562204,0.349902225795872,2024.93362480259,2025.22825501242,NA,NA,NA
5258,5259,REU.4.3_1,REU.2.3_1,0.057233059575178,0.64474263578222,0.587509576207042,2025.171232153,2025.22846521258,NA,NA,NA
3133,3134,REU.2.3_1,REU.2.3_1,0.0613696459029802,0.644984944929107,0.583615299026127,2025.16733787582,2025.22870752172,NA,NA,NA
4798,4799,REU.2.3_1,REU.2.3_1,0.0265082992792192,0.645008681545456,0.618500382266236,2025.20222295906,2025.22873125834,NA,NA,NA
5859,5860,REU.2.3_1,REU.2.3_1,0.059848840408288,0.645018434260861,0.585169593852573,2025.16889217065,2025.22874101105,NA,NA,NA
6169,6170,REU.4.3_1,REU.4.3_1,0.0175318096022596,0.645079930113039,0.627548120510779,2025.2112706973,2025.22880250691,NA,NA,NA
5402,5403,REU.2.3_1,REU.2.3_1,0.0575436654886361,0.645277949311126,0.58773428382249,2025.17145686062,2025.2290005261,NA,NA,NA
3313,3314,REU.4.8_1,REU.4.8_1,0.017190925196787,0.645282653262485,0.628091728065698,2025.21181430486,2025.22900523006,NA,NA,NA
5222,5224,REU.3.5_1,REU.3.5_1,0.0471455756829453,0.645532594083388,0.598387018400443,2025.18210959519,2025.22925517088,NA,NA,NA
6058,6059,REU.2.3_1,REU.2.3_1,0.135628805473427,0.645625963889609,0.509997158416182,2025.09371973521,2025.22934854068,NA,NA,NA
3740,3741,REU.4.3_1,REU.4.3_1,0.11213081626543,0.645915047207464,0.533784230942034,2025.11750680774,2025.229637624,NA,NA,NA
3721,3722,REU.3.5_1,REU.2.3_1,0.0934748225662305,0.646051336075555,0.552576513509325,2025.1362990903,2025.22977391287,NA,NA,NA
3159,3160,REU.4.5_1,REU.4.5_1,0.106739986838305,0.646289159852107,0.539549173013802,2025.12327174981,2025.23001173665,NA,NA,NA
3152,3154,REU.3.1_1,REU.4.6_1,0.148933488177682,0.646394138397966,0.497460650220284,2025.08118322701,2025.23011671519,NA,NA,NA
5035,5036,REU.3.1_1,REU.4.8_1,0.0775734079862791,0.646406248906747,0.568832840920467,2025.15255541771,2025.2301288257,NA,NA,NA
5686,2724,REU.3.1_1,REU.4.8_1,0.284217720948811,0.646414409507749,0.362196688558937,2024.94591926535,2025.2301369863,CHIKV_RUN_S29b85_2025,55.487372,-21.339915
3336,2459,REU.2.3_1,REU.3.5_1,0.144827760705577,0.646414409507749,0.501586648802172,2025.0853092256,2025.2301369863,CHIKV_RUN_S42b15_2025,55.228258,-21.027024
4918,790,REU.4.8_1,REU.4.8_1,0.142411696009707,0.646414409507749,0.504002713498042,2025.08772529029,2025.2301369863,CHIKV_RUN_S28b85_2025,55.475068,-21.283209
5644,1975,REU.2.5_1,REU.2.3_1,0.136416403684447,0.646414409507749,0.509998005823301,2025.09372058262,2025.2301369863,CHIKV_RUN_S28b76_2025,55.490601,-20.894006
3477,2100,REU.4.5_1,REU.4.5_1,0.116818459735964,0.646414409507749,0.529595949771785,2025.11331852657,2025.2301369863,CHIKV_RUN_S29b23_2025,55.595906,-21.376246
4104,1437,REU.4.3_1,REU.2.4_1,0.112374686816325,0.646414409507749,0.534039722691423,2025.11776229949,2025.2301369863,CHIKV_RUN_S28b80_2025,55.516185,-20.923556
3824,299,REU.4.3_1,REU.3.5_1,0.110647070536622,0.646414409507749,0.535767338971127,2025.11948991576,2025.2301369863,CHIKV_RUN_S29b94_2025,55.269966,-21.078947
4149,1029,REU.2.3_1,REU.2.3_1,0.107033602560434,0.646414409507749,0.539380806947314,2025.12310338374,2025.2301369863,CHIKV_RUN_S28b26_2025,55.447761,-20.899867
5198,1166,REU.4.3_1,REU.4.8_1,0.105974384547091,0.646414409507749,0.540440024960658,2025.12416260175,2025.2301369863,CHIKV_RUN_S30b17_2025,55.487626,-21.348676
5657,1987,REU.2.5_1,REU.2.3_1,0.105672388141555,0.646414409507749,0.540742021366193,2025.12446459816,2025.2301369863,CHIKV_RUN_S28b68_2025,55.486429,-20.889024
4016,916,REU.4.3_1,REU.4.8_1,0.0965442828598102,0.646414409507749,0.549870126647938,2025.13359270344,2025.2301369863,CHIKV_RUN_S28b79_2025,55.452258,-21.299821
4017,1478,REU.4.3_1,REU.4.3_1,0.095850971548578,0.646414409507749,0.550563437959171,2025.13428601475,2025.2301369863,CHIKV_RUN_S28b70_2025,55.53777,-21.258931
3799,1349,REU.4.3_1,REU.2.3_1,0.094812779132065,0.646414409507749,0.551601630375684,2025.13532420717,2025.2301369863,CHIKV_RUN_S28b89_2025,55.457665,-20.891691
5546,2480,REU.4.8_1,REU.3.5_1,0.0924100938033872,0.646414409507749,0.554004315704361,2025.1377268925,2025.2301369863,CHIKV_RUN_S27b77_2025,55.291594,-21.022758
5706,2006,REU.3.1_1,REU.4.6_1,0.0894979656512404,0.646414409507749,0.556916443856508,2025.14063902065,2025.2301369863,CHIKV_RUN_S26b30_2025,55.442111,-21.264903
3253,2225,REU.3.5_1,REU.3.5_1,0.0869678461674338,0.646414409507749,0.559446563340315,2025.14316914013,2025.2301369863,CHIKV_RUN_S28b32_2025,55.318632,-20.997467
4091,1466,REU.4.8_1,REU.2.3_1,0.0866237525653222,0.646414409507749,0.559790656942426,2025.14351323374,2025.2301369863,CHIKV_RUN_S28b30_2025,55.452173,-20.876078
4687,586,REU.4.3_1,REU.4.4_1,0.0746196355311467,0.646414409507749,0.571794773976602,2025.15551735077,2025.2301369863,CHIKV_RUN_S28b36_2025,55.566425,-21.330702
3226,2308,REU.3.1_1,REU.3.1_1,0.0740112986680888,0.646414409507748,0.57240311083966,2025.15612568763,2025.2301369863,CHIKV_RUN_S30b08_2025,55.369315,-21.25742
3343,2430,REU.3.4_1,REU.2.3_1,0.0738730288842783,0.646414409507749,0.57254138062347,2025.15626395742,2025.2301369863,CHIKV_RUN_S42b09_2025,55.454341,-20.876455
3928,242,REU.4.5_1,REU.4.3_1,0.0707266752017317,0.646414409507749,0.575687734306017,2025.1594103111,2025.2301369863,CHIKV_RUN_S26b28_2025,55.512687,-21.257897
3431,2043,REU.4.8_1,REU.2.3_1,0.0702704600169721,0.646414409507749,0.576143949490777,2025.15986652628,2025.2301369863,CHIKV_RUN_S28b75_2025,55.464831,-20.8845
4949,734,REU.4.3_1,REU.4.4_1,0.067895218333789,0.646414409507749,0.57851919117396,2025.16224176797,2025.2301369863,CHIKV_RUN_S29b83_2025,55.533699,-21.363091
4284,105,REU.4.3_1,REU.4.3_1,0.0666960010178503,0.646414409507749,0.579718408489898,2025.16344098528,2025.2301369863,CHIKV_RUN_S28b78_2025,55.559424,-21.279161
5873,38,REU.2.3_1,REU.2.3_1,0.0654902037223211,0.646414409507748,0.580924205785427,2025.16464678258,2025.2301369863,CHIKV_RUN_S28b63_2025,55.457347,-20.888112
4291,1065,REU.2.2_1,REU.2.2_1,0.0610858717634053,0.646414409507749,0.585328537744343,2025.16905111454,2025.2301369863,CHIKV_RUN_S28b41_2025,55.307582,-20.934672
3738,1545,REU.4.3_1,REU.4.2_1,0.057515624228937,0.646414409507749,0.588898785278812,2025.17262136207,2025.2301369863,CHIKV_RUN_S30b12_2025,55.470201,-21.228271
3946,932,REU.4.3_1,REU.2.3_1,0.0568275298384207,0.646414409507749,0.589586879669328,2025.17330945646,2025.2301369863,CHIKV_RUN_S28b88_2025,55.422853,-20.877514
5756,929,REU.2.3_1,REU.4.8_1,0.0526455052257616,0.646414409507749,0.593768904281987,2025.17749148108,2025.2301369863,CHIKV_RUN_S28b56_2025,55.480617,-21.282558
5889,17,REU.3.2_1,REU.3.2_1,0.0433582005172507,0.646414409507749,0.603056208990498,2025.18677878578,2025.2301369863,CHIKV_RUN_S30b11_2025,55.341574,-21.25139
5870,36,REU.2.3_1,REU.2.3_1,0.0405072010057471,0.646414409507748,0.605907208502001,2025.1896297853,2025.2301369863,CHIKV_RUN_S28b82_2025,55.488203,-20.899173
6018,1837,REU.3.1_1,REU.3.2_1,0.0367183783204781,0.646414409507749,0.60969603118727,2025.19341860798,2025.2301369863,CHIKV_RUN_S30b07_2025,55.333736,-21.240236
4766,430,REU.2.3_1,REU.2.3_1,0.0364714549879189,0.646414409507749,0.60994295451983,2025.19366553131,2025.2301369863,CHIKV_RUN_S27b76_2025,55.423757,-20.887289
5132,1203,REU.4.4_1,REU.4.4_1,0.0359237155554207,0.646414409507749,0.610490693952328,2025.19421327075,2025.2301369863,CHIKV_RUN_S28b45_2025,55.565445,-21.355748
5372,1556,REU.3.5_1,REU.3.5_1,0.0346360718908741,0.646414409507749,0.611778337616875,2025.19550091441,2025.2301369863,CHIKV_RUN_S29b82_2025,55.265173,-21.051145
3273,2832,REU.4.8_1,REU.3.3_1,0.0337198937404735,0.646414409507749,0.612694515767275,2025.19641709256,2025.2301369863,CHIKV_RUN_S28b74_2025,55.293326,-21.110655
5639,1996,REU.2.5_1,REU.2.5_1,0.0313189989073093,0.646414409507749,0.615095410600439,2025.19881798739,2025.2301369863,CHIKV_RUN_S28b61_2025,55.582642,-20.92677
5639,1997,REU.2.5_1,REU.2.5_1,0.0313189989073093,0.646414409507749,0.615095410600439,2025.19881798739,2025.2301369863,CHIKV_RUN_S27b65_2025,55.582642,-20.92677
5743,1958,REU.2.3_1,REU.2.3_1,0.0304658615135092,0.646414409507749,0.61594854799424,2025.19967112479,2025.2301369863,CHIKV_RUN_S28b20_2025,55.488763,-20.891292
4990,854,REU.4.5_1,REU.4.5_1,0.024912489103436,0.646414409507749,0.621501920404313,2025.2052244972,2025.2301369863,CHIKV_RUN_S30b19_2025,55.681028,-21.368589
4723,505,REU.2.3_1,REU.2.3_1,0.0168578349317554,0.646414409507749,0.629556574575993,2025.21327915137,2025.2301369863,CHIKV_RUN_S28b91_2025,55.445248,-20.887252
3220,2297,REU.4.8_1,REU.4.2_1,0.0159161033149432,0.646414409507749,0.630498306192805,2025.21422088299,2025.2301369863,CHIKV_RUN_S28b50_2025,55.472409,-21.248199
3249,2178,REU.4.6_1,REU.4.6_1,0.00969855381728646,0.646414409507749,0.636715855690462,2025.22043843248,2025.2301369863,CHIKV_RUN_S28b49_2025,55.410915,-21.2886
3329,2441,REU.4.8_1,REU.2.1_1,0.00758737063057868,0.646414409507749,0.63882703887717,2025.22254961567,2025.2301369863,CHIKV_RUN_S29b73_2025,55.335773,-20.938034
5225,1628,REU.3.5_1,REU.3.5_1,0.00503066097424676,0.646414409507749,0.641383748533502,2025.22510632533,2025.2301369863,CHIKV_RUN_S29b84_2025,55.323429,-20.986343
5224,1633,REU.3.5_1,REU.3.5_1,0.000881815424360499,0.646414409507749,0.645532594083388,2025.22925517088,2025.2301369863,CHIKV_RUN_S29b80_2025,55.328641,-21.002849
4546,4548,REU.4.6_1,REU.2.3_1,0.060081134681045,0.646717716299747,0.586636581618702,2025.17035915841,2025.23044029309,NA,NA,NA
4841,4842,REU.4.3_1,REU.4.8_1,0.183349279646173,0.647447208911813,0.46409792926564,2025.04782050606,2025.23116978571,NA,NA,NA
5165,5166,REU.4.8_1,REU.4.8_1,0.0679333728962671,0.647458986802346,0.579525613906079,2025.1632481907,2025.2311815636,NA,NA,NA
4803,4804,REU.4.3_1,REU.2.3_1,0.132613784783792,0.647485972352071,0.514872187568278,2025.09859476436,2025.23120854915,NA,NA,NA
6072,6074,REU.2.3_1,REU.2.3_1,0.0654397481666666,0.647822130955612,0.582382382788945,2025.16610495958,2025.23154470775,NA,NA,NA
4508,4509,REU.2.4_1,REU.2.4_1,0.0663437105878846,0.64804182209383,0.581698111505946,2025.1654206883,2025.23176439889,NA,NA,NA
6220,6221,REU.4.3_1,REU.4.6_1,0.0983898027165738,0.64838684720328,0.549997044486706,2025.13371962128,2025.232109424,NA,NA,NA
4227,4228,REU.4.3_1,REU.4.3_1,0.107690711759112,0.648706242369311,0.541015530610199,2025.1247381074,2025.23242881916,NA,NA,NA
3827,3828,REU.3.5_1,REU.3.5_1,0.0688926487782292,0.648935630222986,0.580042981444757,2025.16376555824,2025.23265820702,NA,NA,NA
4605,485,REU.4.3_1,REU.2.3_1,0.201706900470686,0.649154135535106,0.44744723506442,2025.03116981186,2025.23287671233,CHIKV_RUN_S29b78_2025,55.493469,-20.929432
4890,673,REU.4.3_1,REU.4.3_1,0.170819376263914,0.649154135535106,0.478334759271192,2025.06205733606,2025.23287671233,CHIKV_RUN_S30b15_2025,55.519874,-21.295961
5111,1224,REU.4.3_1,REU.4.8_1,0.151408065131232,0.649154135535106,0.497746070403874,2025.0814686472,2025.23287671233,CHIKV_RUN_S26b26_2025,55.48502,-21.350769
4067,1746,REU.4.3_1,REU.3.5_1,0.117470581416506,0.649154135535106,0.5316835541186,2025.11540613091,2025.23287671233,CHIKV_RUN_S30b55_2025,55.232065,-21.050408
5621,2227,REU.4.8_1,REU.4.2_1,0.115837447223787,0.649154135535106,0.533316688311319,2025.1170392651,2025.23287671233,CHIKV_RUN_S30b13_2025,55.478721,-21.245888
4876,706,REU.4.3_1,REU.2.3_1,0.113457893785051,0.649154135535106,0.535696241750055,2025.11941881854,2025.23287671233,CHIKV_RUN_S30b14_2025,55.473548,-20.902942
4417,1506,REU.4.3_1,REU.4.8_1,0.111399216103589,0.649154135535106,0.537754919431517,2025.12147749623,2025.23287671233,CHIKV_RUN_S29b88_2025,55.451557,-21.300363
5950,3112,REU.4.8_1,REU.4.6_1,0.105219723836341,0.649154135535106,0.543934411698765,2025.12765698849,2025.23287671233,CHIKV_RUN_S29b31_2025,55.44915,-21.274098
5967,2030,REU.3.1_1,REU.4.3_1,0.103207717443672,0.649154135535106,0.545946418091434,2025.12966899489,2025.23287671233,CHIKV_RUN_S29b35_2025,55.534454,-21.309552
6035,2327,REU.4.8_1,REU.4.8_1,0.100956077009115,0.649154135535106,0.548198058525991,2025.13192063532,2025.23287671233,CHIKV_RUN_S29b39_2025,55.516578,-21.309344
4667,531,REU.4.3_1,REU.4.3_1,0.095037060032373,0.649154135535106,0.554117075502733,2025.1378396523,2025.23287671233,CHIKV_RUN_S29b32_2025,55.516323,-21.280708
5922,2557,REU.4.3_1,REU.4.3_1,0.0906813131006738,0.649154135535106,0.558472822434432,2025.14219539923,2025.23287671233,CHIKV_RUN_S30b23_2025,55.506225,-21.265423
5379,1727,REU.4.3_1,REU.4.3_1,0.0888379270075328,0.649154135535106,0.560316208527573,2025.14403878532,2025.23287671233,CHIKV_RUN_S29b89_2025,55.532818,-21.262849
3689,1779,REU.2.3_1,REU.1.3_1,0.084602535734403,0.649154135535106,0.564551599800703,2025.14827417659,2025.23287671233,CHIKV_RUN_S29b21_2025,55.651897,-20.943829
3975,127,REU.4.8_1,REU.2.3_1,0.0835873054950782,0.649154135535106,0.565566830040028,2025.14928940683,2025.23287671233,CHIKV_RUN_S29b92_2025,55.463604,-20.889254
5263,329,REU.2.3_1,REU.2.3_1,0.0798372841680495,0.649154135535106,0.569316851367057,2025.15303942816,2025.23287671233,CHIKV_RUN_S29b90_2025,55.448386,-20.891579
5752,2183,REU.4.8_1,REU.3.5_1,0.0775196507391515,0.649154135535106,0.571634484795955,2025.15535706159,2025.23287671233,CHIKV_RUN_S30b21_2025,55.307555,-21.067372
4684,542,REU.4.3_1,REU.2.3_1,0.0773148654468923,0.649154135535106,0.571839270088214,2025.15556184688,2025.23287671233,CHIKV_RUN_S29b20_2025,55.48462,-20.918816
6111,2882,REU.2.4_1,REU.1.3_1,0.0761494051388414,0.649154135535106,0.573004730396265,2025.15672730719,2025.23287671233,CHIKV_RUN_S30b20_2025,55.648787,-20.958197
4371,275,REU.4.3_1,REU.4.5_1,0.0722105223719007,0.649154135535106,0.576943613163205,2025.16066618996,2025.23287671233,CHIKV_RUN_S29b86_2025,55.593094,-21.373976
5370,273,REU.4.3_1,REU.3.5_1,0.0613505643141112,0.649154135535106,0.587803571220995,2025.17152614801,2025.23287671233,CHIKV_RUN_S29b54_2025,55.321308,-21.011437
5715,1941,REU.3.1_1,REU.3.1_1,0.0610054898117371,0.649154135535106,0.588148645723369,2025.17187122252,2025.23287671233,CHIKV_RUN_S30b22_2025,55.390491,-21.258565
5903,10,REU.3.5_1,REU.3.5_1,0.0602826921523174,0.649154135535106,0.588871443382789,2025.17259402018,2025.23287671233,CHIKV_RUN_S30b10_2025,55.226263,-21.077926
4122,1007,REU.2.3_1,REU.2.3_1,0.0588429268118164,0.649154135535106,0.59031120872329,2025.17403378552,2025.23287671233,CHIKV_RUN_S27b75_2025,55.45207,-20.892308
6177,2979,REU.3.4_1,REU.3.4_1,0.055911767015532,0.649154135535106,0.593242368519574,2025.17696494531,2025.23287671233,CHIKV_RUN_S29b56_2025,55.288787,-21.183377
4701,562,REU.4.3_1,REU.3.4_1,0.0533713387618705,0.649154135535106,0.595782796773236,2025.17950537357,2025.23287671233,CHIKV_RUN_S29b43_2025,55.298165,-21.226046
4106,1463,REU.4.3_1,REU.3.5_1,0.0532061557972956,0.649154135535106,0.59594797973781,2025.17967055653,2025.23287671233,CHIKV_RUN_S29b77_2025,55.291629,-21.023749
4020,1347,REU.4.3_1,REU.3.5_1,0.0513164603884397,0.649154135535106,0.597837675146666,2025.18156025194,2025.23287671233,CHIKV_RUN_S29b26_2025,55.25465,-21.069648
3739,1637,REU.4.5_1,REU.2.3_1,0.0468921793541861,0.649154135535106,0.60226195618092,2025.18598453297,2025.23287671233,CHIKV_RUN_S29b22_2025,55.442158,-20.898816
4260,1686,REU.4.8_1,REU.4.8_1,0.0410049320947884,0.649154135535106,0.608149203440318,2025.19187178023,2025.23287671233,CHIKV_RUN_S29b38_2025,55.466852,-21.311768
4568,1483,REU.4.8_1,REU.4.8_1,0.0361830578460169,0.649154135535106,0.612971077689089,2025.19669365448,2025.23287671233,CHIKV_RUN_S29b71_2025,55.48053,-21.314712
3815,618,REU.4.3_1,REU.3.5_1,0.0338202464438652,0.649154135535106,0.615333889091241,2025.19905646588,2025.23287671233,CHIKV_RUN_S29b95_2025,55.32108,-20.978951
4029,931,REU.4.3_1,REU.4.2_1,0.0314027289123225,0.649154135535106,0.617751406622783,2025.20147398342,2025.23287671233,CHIKV_RUN_S29b75_2025,55.481192,-21.242388
4777,372,REU.2.5_1,REU.2.3_1,0.0303318847882281,0.649154135535106,0.618822250746878,2025.20254482754,2025.23287671233,CHIKV_RUN_S29b91_2025,55.48115,-20.939002
4412,1536,REU.4.3_1,REU.2.3_1,0.0288357856784907,0.649154135535106,0.620318349856615,2025.20404092665,2025.23287671233,CHIKV_RUN_S29b93_2025,55.411463,-20.886566
3237,2218,REU.3.5_1,REU.3.5_1,0.0274698394537655,0.649154135535106,0.62168429608134,2025.20540687288,2025.23287671233,CHIKV_RUN_S30b54_2025,55.244143,-21.098996
4475,610,REU.4.3_1,REU.4.3_1,0.0250987508981153,0.649154135535106,0.624055384636991,2025.20777796143,2025.23287671233,CHIKV_RUN_S29b42_2025,55.537179,-21.310369
4419,1499,REU.4.3_1,REU.4.3_1,0.0191591281040344,0.649154135535106,0.629995007431072,2025.21371758422,2025.23287671233,CHIKV_RUN_S29b81_2025,55.522463,-21.260579
5877,40,REU.2.3_1,REU.2.3_1,0.0147512034029265,0.649154135535106,0.63440293213218,2025.21812550893,2025.23287671233,CHIKV_RUN_S30b24_2025,55.477237,-20.892938
5361,1342,REU.4.5_1,REU.4.5_1,0.0128914701664371,0.649154135535106,0.636262665368669,2025.21998524216,2025.23287671233,CHIKV_RUN_S29b44_2025,55.614635,-21.35192
3948,1285,REU.4.5_1,REU.4.5_1,0.00939257642110158,0.649154135535106,0.639761559114004,2025.22348413591,2025.23287671233,CHIKV_RUN_S29b33_2025,55.664752,-21.360162
5422,1885,REU.3.5_1,REU.3.5_1,0.00713598636736901,0.649154135535106,0.642018149167737,2025.22574072596,2025.23287671233,CHIKV_RUN_S29b25_2025,55.233036,-21.051744
3741,1580,REU.4.3_1,REU.4.3_1,0.0032390883276423,0.649154135535106,0.645915047207464,2025.229637624,2025.23287671233,CHIKV_RUN_S30b18_2025,55.498967,-21.260889
6221,3075,REU.4.6_1,REU.4.6_1,0.000767288331825822,0.649154135535106,0.64838684720328,2025.232109424,2025.23287671233,CHIKV_RUN_S29b40_2025,55.439202,-21.264002
4909,4910,REU.4.3_1,REU.2.3_1,0.0678642639131495,0.64933769634863,0.58147343243548,2025.16519600923,2025.23306027314,NA,NA,NA
5364,5365,REU.4.8_1,REU.4.8_1,0.101686696031176,0.649613224364466,0.547926528333291,2025.13164910513,2025.23333580116,NA,NA,NA
4173,4174,REU.2.3_1,REU.2.3_1,0.0112683678758082,0.649684080058533,0.638415712182725,2025.22213828898,2025.23340665685,NA,NA,NA
5677,5678,REU.4.8_1,REU.4.8_1,0.0582049172518452,0.650184586866491,0.591979669614645,2025.17570224641,2025.23390716366,NA,NA,NA
6074,6075,REU.2.3_1,REU.2.3_1,0.00342131950846702,0.651243450464079,0.647822130955612,2025.23154470775,2025.23496602726,NA,NA,NA
5415,1821,REU.4.8_1,REU.4.8_1,0.231030755389983,0.651893861562463,0.420863106172481,2025.00458568297,2025.23561643836,CHIKV_RUN_S29b24_2025,55.488598,-21.348668
5786,2139,REU.3.1_1,REU.4.3_1,0.198393232824983,0.651893861562463,0.45350062873748,2025.03722320553,2025.23561643836,CHIKV_RUN_S29b53_2025,55.501525,-21.239828
4126,982,REU.2.3_1,REU.2.3_1,0.186906567991383,0.651893861562463,0.46498729357108,2025.04870987036,2025.23561643836,CHIKV_RUN_S29b62_2025,55.490852,-20.906489
4298,1641,REU.4.3_1,REU.2.3_1,0.140756862475959,0.651893861562463,0.511136999086505,2025.09485957588,2025.23561643836,CHIKV_RUN_S29b28_2025,55.458475,-20.893018
3195,2741,REU.4.5_1,REU.4.5_1,0.129312332504274,0.651893861562463,0.522581529058189,2025.10630410585,2025.23561643836,CHIKV_RUN_S30b75_2025,55.606595,-21.320218
5092,1239,REU.4.4_1,REU.4.4_1,0.123964203562358,0.651893861562463,0.527929658000106,2025.11165223479,2025.23561643836,CHIKV_RUN_S29b52_2025,55.57698,-21.337369
4378,1503,REU.4.8_1,REU.4.4_1,0.121319105680645,0.651893861562463,0.530574755881818,2025.11429733268,2025.23561643836,CHIKV_RUN_S30b37_2025,55.563462,-21.360667
4454,77,REU.2.3_1,REU.2.3_1,0.120484991580813,0.651893861562463,0.53140886998165,2025.11513144678,2025.23561643836,CHIKV_RUN_S29b16_2025,55.457508,-20.890217
4180,923,REU.4.8_1,REU.2.4_1,0.118876065690641,0.651893861562463,0.533017795871823,2025.11674037267,2025.23561643836,CHIKV_RUN_S29b74_2025,55.522971,-20.926297
3841,963,REU.4.8_1,REU.2.2_1,0.116175268676257,0.651893861562463,0.535718592886206,2025.11944116968,2025.23561643836,CHIKV_RUN_S31b80_2025,55.30829,-20.93674
4784,416,REU.4.3_1,REU.2.5_1,0.11392502097033,0.651893861562463,0.537968840592134,2025.12169141739,2025.23561643836,CHIKV_RUN_S29b66_2025,55.595296,-20.911144
5510,2350,REU.4.5_1,REU.3.5_1,0.11256055146992,0.651893861562463,0.539333310092544,2025.12305588689,2025.23561643836,CHIKV_RUN_S29b65_2025,55.256009,-21.106651
6132,3003,REU.4.8_1,REU.3.2_1,0.111420306785343,0.651893861562463,0.54047355477712,2025.12419613157,2025.23561643836,CHIKV_RUN_S42b11_2025,55.335254,-21.241644
3372,2600,REU.4.5_1,REU.3.5_1,0.10624380710324,0.651893861562464,0.545650054459224,2025.12937263125,2025.23561643836,CHIKV_RUN_S42b16_2025,55.262479,-21.041451
3572,2579,REU.3.1_1,REU.2.3_1,0.105220493795467,0.651893861562463,0.546673367766996,2025.13039594456,2025.23561643836,CHIKV_RUN_S29b47_2025,55.444796,-20.89773
4105,1473,REU.4.3_1,REU.2.3_1,0.0950762684798391,0.651893861562463,0.556817593082624,2025.14054016988,2025.23561643836,CHIKV_RUN_S29b17_2025,55.449124,-20.893649
5068,1245,REU.4.4_1,REU.4.5_1,0.0936836745033065,0.651893861562463,0.558210187059157,2025.14193276385,2025.23561643836,CHIKV_RUN_S29b57_2025,55.605886,-21.329862
4586,1457,REU.4.3_1,REU.3.5_1,0.0921087964900018,0.651893861562463,0.559785065072462,2025.14350764187,2025.23561643836,CHIKV_RUN_S29b51_2025,55.295015,-21.038842
4506,1379,REU.2.4_1,REU.2.5_1,0.0908381858715135,0.651893861562463,0.56105567569095,2025.14477825248,2025.23561643836,CHIKV_RUN_S29b30_2025,55.605591,-20.904544
6078,2904,REU.2.3_1,REU.2.3_1,0.0892390591761609,0.651893861562463,0.562654802386302,2025.14637737918,2025.23561643836,CHIKV_RUN_S29b29_2025,55.463836,-20.896781
4894,677,REU.4.3_1,REU.4.2_1,0.0857146139764922,0.651893861562463,0.566179247585971,2025.14990182438,2025.23561643836,CHIKV_RUN_S30b26_2025,55.496161,-21.24069
5569,1830,REU.2.3_1,REU.2.3_1,0.0855275893033438,0.651893861562463,0.56636627225912,2025.15008884905,2025.23561643836,CHIKV_RUN_S29b15_2025,55.452436,-20.89184
6000,2686,REU.3.1_1,REU.3.5_1,0.0799635976029551,0.651893861562463,0.571930263959508,2025.15565284075,2025.23561643836,CHIKV_RUN_S31b81_2025,55.230356,-21.061674
3885,183,REU.4.5_1,REU.4.7_1,0.0737900863283203,0.651893861562463,0.578103775234143,2025.16182635203,2025.23561643836,CHIKV_RUN_S29b46_2025,55.737899,-21.367581
4484,1031,REU.4.3_1,REU.3.5_1,0.0733948237057832,0.651893861562463,0.57849903785668,2025.16222161465,2025.23561643836,CHIKV_RUN_S31b12_2025,55.269664,-21.036141
5144,1241,REU.4.8_1,REU.4.8_1,0.073086970512074,0.651893861562463,0.578806891050389,2025.16252946784,2025.23561643836,CHIKV_RUN_S29b60_2025,55.459004,-21.336513
3588,1605,REU.4.8_1,REU.4.6_1,0.06974475191904,0.651893861562463,0.582149109643423,2025.16587168644,2025.23561643836,CHIKV_RUN_S29b59_2025,55.413884,-21.288321
4601,591,REU.4.8_1,REU.4.5_1,0.067541501203408,0.651893861562463,0.584352360359055,2025.16807493715,2025.23561643836,CHIKV_RUN_S29b58_2025,55.673618,-21.376441
4670,570,REU.4.3_1,REU.4.3_1,0.06648917037181,0.651893861562463,0.585404691190653,2025.16912726798,2025.23561643836,CHIKV_RUN_S29b37_2025,55.498189,-21.247328
5903,8,REU.3.5_1,REU.2.3_1,0.0630224181796748,0.651893861562463,0.588871443382789,2025.17259402018,2025.23561643836,CHIKV_RUN_S31b47_2025,55.430711,-20.890506
3300,2402,REU.3.4_1,REU.3.4_1,0.0620911010517096,0.651893861562464,0.589802760510754,2025.1735253373,2025.23561643836,CHIKV_RUN_S30b56_2025,55.305528,-21.214523
3774,1332,REU.3.5_1,REU.3.5_1,0.0613777513434299,0.651893861562463,0.590516110219033,2025.17423868701,2025.23561643836,CHIKV_RUN_S31b86_2025,55.229846,-21.027991
6101,2879,REU.2.3_1,REU.3.5_1,0.0537065057572693,0.651893861562463,0.598187355805194,2025.1819099326,2025.23561643836,CHIKV_RUN_S31b23_2025,55.22755,-21.081698
5482,2276,REU.4.3_1,REU.4.3_1,0.0535066667246087,0.651893861562463,0.598387194837855,2025.18210977163,2025.23561643836,CHIKV_RUN_S29b45_2025,55.50628,-21.26204
6142,2372,REU.3.4_1,REU.3.4_1,0.048412450813253,0.651893861562464,0.603481410749211,2025.18720398754,2025.23561643836,CHIKV_RUN_S31b22_2025,55.292571,-21.136332
4440,90,REU.3.3_1,REU.3.3_1,0.043276063484752,0.651893861562463,0.608617798077711,2025.19234037487,2025.23561643836,CHIKV_RUN_S31b17_2025,55.292351,-21.106334
5241,359,REU.2.3_1,REU.2.3_1,0.0422844638603919,0.651893861562463,0.609609397702072,2025.1933319745,2025.23561643836,CHIKV_RUN_S29b61_2025,55.475102,-20.892769
3715,251,REU.4.3_1,REU.3.5_1,0.0379627038813712,0.651893861562463,0.613931157681092,2025.19765373447,2025.23561643836,CHIKV_RUN_S31b19_2025,55.272887,-21.086919
3952,631,REU.4.8_1,REU.3.5_1,0.0301017459747243,0.651893861562463,0.621792115587739,2025.20551469238,2025.23561643836,CHIKV_RUN_S31b78_2025,55.274841,-21.095882
3654,2237,REU.3.5_1,REU.3.5_1,0.0236300342106512,0.651893861562463,0.628263827351812,2025.21198640415,2025.23561643836,CHIKV_RUN_S42b12_2025,55.33153,-20.981613
3468,2058,REU.4.5_1,REU.4.5_1,0.0226472115138115,0.651893861562463,0.629246650048652,2025.21296922684,2025.23561643836,CHIKV_RUN_S30b52_2025,55.633093,-21.379684
3180,2639,REU.3.5_1,REU.3.5_1,0.0203891332889792,0.651893861562463,0.631504728273484,2025.21522730507,2025.23561643836,CHIKV_RUN_S42b08_2025,55.326384,-20.987562
4940,725,REU.2.3_1,REU.2.3_1,0.0200665863593592,0.651893861562463,0.631827275203104,2025.215549852,2025.23561643836,CHIKV_RUN_S30b16_2025,55.458044,-20.904445
3804,603,REU.4.3_1,REU.4.3_1,0.0200297823262066,0.651893861562463,0.631864079236257,2025.21558665603,2025.23561643836,CHIKV_RUN_S29b55_2025,55.519951,-21.277356
5550,2634,REU.4.8_1,REU.4.8_1,0.0118535756608142,0.651893861562463,0.640040285901649,2025.2237628627,2025.23561643836,CHIKV_RUN_S30b29_2025,55.461892,-21.302238
3134,1785,REU.2.3_1,REU.2.3_1,0.00690891663335602,0.651893861562463,0.644984944929107,2025.22870752172,2025.23561643836,CHIKV_RUN_S29b63_2025,55.48458,-20.888669
6170,2967,REU.4.3_1,REU.4.3_1,0.00681393144942433,0.651893861562463,0.645079930113039,2025.22880250691,2025.23561643836,CHIKV_RUN_S42b13_2025,55.509603,-21.277875
3235,3236,REU.4.3_1,REU.4.8_1,0.0837639347296057,0.651969029518522,0.568205094788916,2025.15192767158,2025.23569160631,NA,NA,NA
6092,6093,REU.4.8_1,REU.2.3_1,0.022677419806256,0.652457616805395,0.62978019699914,2025.21350277379,2025.2361801936,NA,NA,NA
4145,4146,REU.2.3_1,REU.2.3_1,0.0722007809132524,0.652756697872088,0.580555916958835,2025.16427849375,2025.23647927467,NA,NA,NA
6046,6047,REU.2.3_1,REU.2.3_1,0.0780490916342643,0.652924513069139,0.574875421434875,2025.15859799823,2025.23664708986,NA,NA,NA
3574,3575,REU.4.8_1,REU.4.8_1,0.141250848766062,0.652972252492875,0.511721403726813,2025.09544398052,2025.23669482929,NA,NA,NA
3360,3361,REU.3.4_1,REU.3.4_1,0.035226030176162,0.653030839784418,0.617804809608256,2025.2015273864,2025.23675341658,NA,NA,NA
5330,5331,REU.4.3_1,REU.4.3_1,0.018887161013586,0.653272009425676,0.63438484841209,2025.21810742521,2025.23699458622,NA,NA,NA
4380,4381,REU.4.3_1,REU.2.3_1,0.0942459781224988,0.65366641112336,0.559420433000861,2025.14314300979,2025.23738898792,NA,NA,NA
3521,3522,REU.4.6_1,REU.3.4_1,0.106237632032456,0.654133342963674,0.547895710931218,2025.13161828772,2025.23785591976,NA,NA,NA
3426,3427,REU.4.5_1,REU.4.5_1,0.043410231019805,0.654173625147633,0.610763394127828,2025.19448597092,2025.23789620194,NA,NA,NA
3457,2041,REU.4.5_1,REU.4.5_1,0.14847935442942,0.654633587589821,0.506154233160401,2025.08987680995,2025.23835616438,CHIKV_RUN_S30b34_2025,55.659141,-21.357791
5695,1850,REU.3.1_1,REU.2.1_1,0.137112886250963,0.654633587589821,0.517520701338858,2025.10124327813,2025.23835616438,CHIKV_RUN_S31b27_2025,55.341257,-20.947574
5234,1701,REU.3.1_1,REU.4.8_1,0.129264291590529,0.654633587589821,0.525369295999292,2025.10909187279,2025.23835616438,CHIKV_RUN_S30b47_2025,55.462542,-21.29378
5837,2363,REU.3.4_1,REU.3.4_1,0.116587280071616,0.654633587589821,0.538046307518205,2025.12176888431,2025.23835616438,CHIKV_RUN_S30b69_2025,55.300283,-21.174019
3637,2530,REU.4.1_1,REU.4.1_1,0.116426281974642,0.654633587589821,0.538207305615179,2025.12192988241,2025.23835616438,CHIKV_RUN_S30b30_2025,55.468557,-21.135506
4141,1004,REU.2.3_1,REU.2.3_1,0.115084305806495,0.654633587589821,0.539549281783326,2025.12327185858,2025.23835616438,CHIKV_RUN_S30b45_2025,55.480475,-20.915215
5824,2323,REU.4.6_1,REU.4.6_1,0.109037492053098,0.654633587589821,0.545596095536723,2025.12931867233,2025.23835616438,CHIKV_RUN_S30b63_2025,55.447786,-21.271412
3517,2153,REU.4.6_1,REU.4.6_1,0.100329112093172,0.654633587589821,0.554304475496649,2025.13802705229,2025.23835616438,CHIKV_RUN_S30b53_2025,55.44237,-21.273582
4060,295,REU.4.8_1,REU.2.3_1,0.095538684406467,0.654633587589821,0.559094903183354,2025.14281747998,2025.23835616438,CHIKV_RUN_S30b43_2025,55.457472,-20.886396
6219,2487,REU.4.8_1,REU.4.8_1,0.0903050050342871,0.654633587589821,0.564328582555534,2025.14805115935,2025.23835616438,CHIKV_RUN_S30b62_2025,55.48122,-21.322084
5839,1960,REU.4.5_1,REU.4.6_1,0.0880392067043244,0.654633587589821,0.566594380885496,2025.15031695768,2025.23835616438,CHIKV_RUN_S30b70_2025,55.444091,-21.264059
4011,160,REU.3.5_1,REU.3.5_1,0.0880166301529728,0.654633587589821,0.566616957436848,2025.15033953423,2025.23835616438,CHIKV_RUN_S31b32_2025,55.272565,-21.081898
3386,2596,REU.3.1_1,REU.4.4_1,0.083363719728862,0.654633587589821,0.571269867860959,2025.15499244465,2025.23835616438,CHIKV_RUN_S30b57_2025,55.561053,-21.354422
3494,2077,REU.4.8_1,REU.3.4_1,0.0832712595012776,0.654633587589821,0.571362328088543,2025.15508490488,2025.23835616438,CHIKV_RUN_S26b24_2025,55.300262,-21.173704
4907,830,REU.2.3_1,REU.3.5_1,0.0823413807184423,0.654633587589821,0.572292206871378,2025.15601478367,2025.23835616438,CHIKV_RUN_S31b06_2025,55.306962,-21.089143
4259,1685,REU.4.8_1,REU.4.3_1,0.0784450671669444,0.654633587589821,0.576188520422876,2025.15991109722,2025.23835616438,CHIKV_RUN_S26b22_2025,55.543024,-21.238465
4508,1377,REU.2.4_1,REU.2.4_1,0.0729354760838752,0.654633587589821,0.581698111505946,2025.1654206883,2025.23835616438,CHIKV_RUN_S30b40_2025,55.559144,-20.90001
3833,970,REU.3.5_1,REU.3.5_1,0.0695431577020786,0.654633587589821,0.585090429887742,2025.16881300668,2025.23835616438,CHIKV_RUN_S31b16_2025,55.278268,-21.047869
3178,2176,REU.4.8_1,REU.4.6_1,0.0695060073388915,0.654633587589821,0.585127580250929,2025.16885015704,2025.23835616438,CHIKV_RUN_S30b46_2025,55.420706,-21.274223
6068,2925,REU.2.3_1,REU.2.3_1,0.0616384085969082,0.654633587589821,0.592995178992913,2025.17671775579,2025.23835616438,CHIKV_RUN_S29b68_2025,55.504931,-20.911832
5016,835,REU.1.3_1,REU.1.3_1,0.0498880719638871,0.654633587589821,0.604745515625934,2025.18846809242,2025.23835616438,CHIKV_RUN_S30b68_2025,55.650322,-20.936429
5979,2663,REU.4.8_1,REU.4.1_1,0.0464900102163057,0.654633587589821,0.608143577373515,2025.19186615417,2025.23835616438,CHIKV_RUN_S30b71_2025,55.470808,-21.138398
4440,96,REU.3.3_1,REU.4.4_1,0.0460157895121094,0.654633587589821,0.608617798077711,2025.19234037487,2025.23835616438,CHIKV_RUN_S30b67_2025,55.539696,-21.338031
3724,1720,REU.3.5_1,REU.3.5_1,0.042564154063041,0.654633587589821,0.61206943352678,2025.19579201032,2025.23835616438,CHIKV_RUN_S31b18_2025,55.27004,-21.038134
3969,142,REU.4.8_1,REU.4.8_1,0.0406821722892853,0.654633587589821,0.613951415300535,2025.19767399209,2025.23835616438,CHIKV_RUN_S30b35_2025,55.456737,-21.304468
3390,2599,REU.3.5_1,REU.3.5_1,0.0291181659909179,0.654633587589821,0.625515421598903,2025.20923799839,2025.23835616438,CHIKV_RUN_S31b24_2025,55.321666,-20.982034
3776,1327,REU.3.5_1,REU.3.5_1,0.021695086805824,0.654633587589821,0.632938500783997,2025.21666107758,2025.23835616438,CHIKV_RUN_S31b11_2025,55.257712,-21.05941
5658,1988,REU.2.5_1,REU.2.5_1,0.0204131290891902,0.654633587589821,0.634220458500631,2025.21794303529,2025.23835616438,CHIKV_RUN_S30b44_2025,55.583011,-20.933066
5225,1625,REU.3.5_1,REU.3.5_1,0.0132498390563189,0.654633587589821,0.641383748533502,2025.22510632533,2025.23835616438,CHIKV_RUN_S31b14_2025,55.305816,-21.027193
5985,2667,REU.4.8_1,REU.3.2_1,0.0130559181831748,0.654633587589821,0.641577669406646,2025.2253002462,2025.23835616438,CHIKV_RUN_S30b61_2025,55.361373,-21.213462
3813,1163,REU.3.4_1,REU.3.4_1,0.0120554048316031,0.654633587589821,0.642578182758218,2025.22630075955,2025.23835616438,CHIKV_RUN_S31b52_2025,55.296204,-21.203808
5619,1936,REU.4.6_1,REU.4.6_1,0.0119026764212375,0.654633587589821,0.642730911168583,2025.22645348796,2025.23835616438,CHIKV_RUN_S30b28_2025,55.435364,-21.268531
4799,466,REU.2.3_1,REU.2.3_1,0.00962490604436506,0.654633587589821,0.645008681545456,2025.22873125834,2025.23835616438,CHIKV_RUN_S29b69_2025,55.5024,-20.917869
6059,2923,REU.2.3_1,REU.2.3_1,0.0090076237002118,0.654633587589821,0.645625963889609,2025.22934854068,2025.23835616438,CHIKV_RUN_S29b70_2025,55.490149,-20.929323
4842,861,REU.4.8_1,REU.4.8_1,0.00718637867800798,0.654633587589821,0.647447208911813,2025.23116978571,2025.23835616438,CHIKV_RUN_S30b60_2025,55.453675,-21.299911
3828,948,REU.3.5_1,REU.3.5_1,0.00569795736683454,0.654633587589821,0.648935630222986,2025.23265820702,2025.23835616438,CHIKV_RUN_S31b09_2025,55.284423,-20.989727
3575,3576,REU.4.8_1,REU.4.8_1,0.00245618183104823,0.655428434323923,0.652972252492875,2025.23669482929,2025.23915101112,NA,NA,NA
5080,5081,REU.4.8_1,REU.4.8_1,0.0433502627246408,0.655756401968505,0.612406139243864,2025.19612871604,2025.23947897876,NA,NA,NA
4532,4533,REU.4.3_1,REU.4.3_1,0.0132497275092929,0.655881595071903,0.64263186756261,2025.22635444436,2025.23960417187,NA,NA,NA
4426,4427,REU.4.3_1,REU.1.4_1,0.0875894815774766,0.656373788600049,0.568784307022572,2025.15250688382,2025.24009636539,NA,NA,NA
5544,5545,REU.4.8_1,REU.4.8_1,0.032029248355424,0.65667699697714,0.624647748621716,2025.20837032542,2025.24039957377,NA,NA,NA
6086,6087,REU.2.3_1,REU.4.4_1,0.0992549661699835,0.65696330488155,0.557708338711567,2025.14143091551,2025.24068588168,NA,NA,NA
4362,4363,REU.4.3_1,REU.4.3_1,0.0847210451155824,0.656978426844629,0.572257381729046,2025.15597995852,2025.24070100364,NA,NA,NA
5393,5397,REU.2.3_1,REU.2.3_1,0.0776042165855524,0.657022308759493,0.579418092173941,2025.16314066897,2025.24074488555,NA,NA,NA
3496,3497,REU.4.8_1,REU.4.8_1,0.0606518403855181,0.657032167018987,0.596380326633469,2025.18010290343,2025.24075474381,NA,NA,NA
5175,1573,REU.4.3_1,REU.3.5_1,0.220331779443409,0.657373313617178,0.437041534173769,2025.02076411097,2025.24109589041,CHIKV_RUN_S31b61_2025,55.29503,-20.985611
4999,761,REU.4.3_1,REU.3.5_1,0.17221490107649,0.657373313617178,0.485158412540688,2025.06888098933,2025.24109589041,CHIKV_RUN_S31b51_2025,55.334376,-20.988542
3954,1344,REU.4.3_1,REU.4.3_1,0.169871529172784,0.657373313617178,0.487501784444394,2025.07122436124,2025.24109589041,CHIKV_RUN_S30b81_2025,55.508517,-21.242827
3604,3038,REU.4.3_1,REU.4.4_1,0.16636437555106,0.657373313617178,0.491008938066118,2025.07473151486,2025.24109589041,CHIKV_RUN_S31b44_2025,55.5662,-21.350213
5298,904,REU.4.4_1,REU.2.3_1,0.165705020417089,0.657373313617178,0.491668293200089,2025.07539086999,2025.24109589041,CHIKV_RUN_S30b51_2025,55.472983,-20.922081
3190,920,REU.4.3_1,REU.4.3_1,0.153927212461256,0.657373313617178,0.503446101155922,2025.08716867795,2025.24109589041,CHIKV_RUN_S31b29_2025,55.523975,-21.277892
4483,1294,REU.4.3_1,REU.1.4_1,0.145083416200255,0.657373313617178,0.512289897416923,2025.09601247421,2025.24109589041,CHIKV_RUN_S33b13_2025,55.724049,-21.088814
6218,3015,REU.4.8_1,REU.4.4_1,0.143338709956414,0.657373313617178,0.514034603660764,2025.09775718045,2025.24109589041,CHIKV_RUN_S30b85_2025,55.560982,-21.346807
4010,163,REU.3.5_1,REU.3.5_1,0.142801540336747,0.657373313617178,0.514571773280431,2025.09829435007,2025.24109589041,CHIKV_RUN_S31b59_2025,55.271355,-21.053519
3523,2336,REU.4.2_1,REU.4.2_1,0.140809204605363,0.657373313617178,0.516564109011815,2025.10028668581,2025.24109589041,CHIKV_RUN_S26b20_2025,55.47803,-21.249929
5507,2347,REU.4.8_1,REU.2.1_1,0.132571937575189,0.657373313617178,0.524801376041989,2025.10852395284,2025.24109589041,CHIKV_RUN_S31b21_2025,55.334207,-20.966192
5733,2177,REU.4.3_1,REU.2.3_1,0.130909039177116,0.657373313617178,0.526464274440062,2025.11018685123,2025.24109589041,CHIKV_RUN_S31b55_2025,55.444215,-20.878738
4074,883,REU.4.3_1,REU.4.3_1,0.12685808031291,0.657373313617178,0.530515233304268,2025.1142378101,2025.24109589041,CHIKV_RUN_S30b76_2025,55.523173,-21.24821
4651,566,REU.4.3_1,REU.2.4_1,0.119151686287809,0.657373313617178,0.538221627329369,2025.12194420412,2025.24109589041,CHIKV_RUN_S30b36_2025,55.514898,-20.922767
3823,1603,REU.4.3_1,REU.3.5_1,0.112245342171418,0.657373313617178,0.545127971445761,2025.12885054824,2025.24109589041,CHIKV_RUN_S30b95_2025,55.224623,-21.074636
5967,1870,REU.3.1_1,REU.4.6_1,0.111426895525744,0.657373313617178,0.545946418091434,2025.12966899489,2025.24109589041,CHIKV_RUN_S30b80_2025,55.450501,-21.273463
4031,1764,REU.4.3_1,REU.4.2_1,0.102442646017675,0.657373313617178,0.554930667599503,2025.13865324439,2025.24109589041,CHIKV_RUN_S30b84_2025,55.469381,-21.248864
6123,2866,REU.2.3_1,REU.2.3_1,0.0938361742610323,0.657373313617178,0.563537139356146,2025.14725971615,2025.24109589041,CHIKV_RUN_S30b31_2025,55.467272,-20.907725
4604,478,REU.4.8_1,REU.2.3_1,0.0911032052449778,0.657373313617178,0.5662701083722,2025.14999268517,2025.24109589041,CHIKV_RUN_S30b42_2025,55.489584,-20.932198
3556,2185,REU.2.3_1,REU.1.1_1,0.0910209411939511,0.657373313617178,0.566352372423227,2025.15007494922,2025.24109589041,CHIKV_RUN_S30b41_2025,55.682137,-20.974956
3866,229,REU.4.5_1,REU.4.7_1,0.0907830301348127,0.657373313617178,0.566590283482366,2025.15031286028,2025.24109589041,CHIKV_RUN_S30b88_2025,55.769089,-21.357285
4677,522,REU.4.8_1,REU.3.5_1,0.0899390799069556,0.657373313617178,0.567434233710223,2025.1511568105,2025.24109589041,CHIKV_RUN_S31b07_2025,55.319073,-20.991453
3343,2434,REU.3.4_1,REU.3.4_1,0.0848319329937078,0.657373313617178,0.57254138062347,2025.15626395742,2025.24109589041,CHIKV_RUN_S30b73_2025,55.316598,-21.218075
5728,1846,REU.2.3_1,REU.3.5_1,0.0744749942912966,0.657373313617178,0.582898319325882,2025.16662089612,2025.24109589041,CHIKV_RUN_S31b68_2025,55.321122,-20.98595
4573,907,REU.3.5_1,REU.2.4_1,0.0733640971854224,0.657373313617178,0.584009216431756,2025.16773179323,2025.24109589041,CHIKV_RUN_S30b32_2025,55.54758,-20.897653
3833,959,REU.3.5_1,REU.3.5_1,0.072282883729436,0.657373313617178,0.585090429887742,2025.16881300668,2025.24109589041,CHIKV_RUN_S31b50_2025,55.273589,-21.037075
5419,1887,REU.3.5_1,REU.3.5_1,0.0664169372092918,0.657373313617178,0.590956376407886,2025.1746789532,2025.24109589041,CHIKV_RUN_S31b62_2025,55.283424,-20.983434
3986,135,REU.3.5_1,REU.2.2_1,0.0638548728801275,0.657373313617178,0.593518440737051,2025.17724101753,2025.24109589041,CHIKV_RUN_S31b70_2025,55.30402,-20.942047
4167,976,REU.2.3_1,REU.2.3_1,0.0539995775634942,0.657373313617178,0.603373736053684,2025.18709631285,2025.24109589041,CHIKV_RUN_S30b58_2025,55.488541,-20.891439
6102,2891,REU.2.3_1,REU.2.4_1,0.0503086270928427,0.657373313617178,0.607064686524336,2025.19078726332,2025.24109589041,CHIKV_RUN_S30b33_2025,55.520113,-20.940545
5900,7,REU.3.5_1,REU.3.5_1,0.048422988280164,0.657373313617178,0.608950325337014,2025.19267290213,2025.24109589041,CHIKV_RUN_S31b65_2025,55.231346,-21.053707
5276,342,REU.2.2_1,REU.2.2_1,0.0426369927816808,0.657373313617178,0.614736320835497,2025.19845889763,2025.24109589041,CHIKV_RUN_S31b84_2025,55.293544,-20.935991
4166,983,REU.2.3_1,REU.2.3_1,0.041547857633988,0.657373313617178,0.61582545598319,2025.19954803278,2025.24109589041,CHIKV_RUN_S30b39_2025,55.459113,-20.888358
3690,2203,REU.2.3_1,REU.3.4_1,0.0337509552151578,0.657373313617178,0.62362235840202,2025.2073449352,2025.24109589041,CHIKV_RUN_S31b08_2025,55.328769,-21.22958
4738,395,REU.4.3_1,REU.4.3_1,0.0325547269551045,0.657373313617178,0.624818586662074,2025.20854116346,2025.24109589041,CHIKV_RUN_S30b94_2025,55.514321,-21.270576
4862,772,REU.4.6_1,REU.4.6_1,0.0304809139692807,0.657373313617178,0.626892399647897,2025.21061497644,2025.24109589041,CHIKV_RUN_S30b74_2025,55.450091,-21.272344
4988,658,REU.4.8_1,REU.4.8_1,0.0281780563666699,0.657373313617178,0.629195257250508,2025.21291783404,2025.24109589041,CHIKV_RUN_S30b89_2025,55.471427,-21.29194
4032,1735,REU.4.3_1,REU.2.3_1,0.0276843860511536,0.657373313617178,0.629688927566025,2025.21341150436,2025.24109589041,CHIKV_RUN_S30b50_2025,55.483666,-20.911912
4065,1435,REU.4.3_1,REU.4.4_1,0.0276748925523216,0.657373313617178,0.629698421064857,2025.21342099786,2025.24109589041,CHIKV_RUN_S30b83_2025,55.561076,-21.353401
5127,1242,REU.4.8_1,REU.4.4_1,0.0268435004427041,0.657373313617178,0.630529813174474,2025.21425238997,2025.24109589041,CHIKV_RUN_S31b20_2025,55.560447,-21.351132
3987,1122,REU.3.5_1,REU.3.5_1,0.0184561936122944,0.657373313617178,0.638917120004884,2025.2226396968,2025.24109589041,CHIKV_RUN_S31b67_2025,55.266161,-21.086782
3905,211,REU.4.5_1,REU.4.5_1,0.0161107371640201,0.657373313617178,0.641262576453158,2025.22498515325,2025.24109589041,CHIKV_RUN_S30b78_2025,55.608949,-21.335723
4842,717,REU.4.8_1,REU.4.3_1,0.00992610470536537,0.657373313617178,0.647447208911813,2025.23116978571,2025.24109589041,CHIKV_RUN_S31b25_2025,55.497735,-21.264245
3978,3980,REU.4.8_1,REU.4.8_1,0.108848405131083,0.658283098194043,0.54943469306296,2025.13315726986,2025.24200567499,NA,NA,NA
6126,6127,REU.2.4_1,REU.2.4_1,0.113969205106628,0.658420616307169,0.544451411200541,2025.12817398799,2025.2421431931,NA,NA,NA
4145,4147,REU.2.3_1,REU.2.3_1,0.0779218314950441,0.658477748453879,0.580555916958835,2025.16427849375,2025.24220032525,NA,NA,NA
4269,4270,REU.4.3_1,REU.2.3_1,0.0739417624533648,0.658533965388692,0.584592202935327,2025.16831477973,2025.24225654218,NA,NA,NA
3567,3568,REU.3.1_1,REU.2.3_1,0.182388723207918,0.658911755449663,0.476523032241744,2025.06024560904,2025.24263433224,NA,NA,NA
5505,5506,REU.4.5_1,REU.2.3_1,0.142273867363388,0.65934897784885,0.517075110485462,2025.10079768728,2025.24307155464,NA,NA,NA
5606,5607,REU.3.1_1,REU.3.1_1,0.0870401668595552,0.659385226345207,0.572345059485652,2025.15606763628,2025.24310780314,NA,NA,NA
3210,3211,REU.2.3_1,REU.2.3_1,0.0396704673849768,0.659632956372049,0.619962488987073,2025.20368506578,2025.24335553317,NA,NA,NA
4901,816,REU.4.3_1,REU.4.3_1,0.198564510705323,0.660113039644763,0.46154852893944,2025.04527110573,2025.24383561644,CHIKV_RUN_S31b30_2025,55.530723,-21.256717
3871,201,REU.4.5_1,REU.4.5_1,0.195796934510031,0.660113039644763,0.464316105134732,2025.04803868193,2025.24383561644,CHIKV_RUN_S31b45_2025,55.610552,-21.37585
4025,1164,REU.4.3_1,REU.2.3_1,0.194267596551345,0.660113039644763,0.465845443093418,2025.04956801989,2025.24383561644,CHIKV_RUN_S31b58_2025,55.458475,-20.893018
3213,3099,REU.4.8_1,REU.4.8_1,0.151384270728549,0.660113039644763,0.508728768916214,2025.09245134571,2025.24383561644,CHIKV_RUN_S31b88_2025,55.472167,-21.334064
4761,409,REU.4.3_1,REU.1.6_1,0.15024575914215,0.660113039644763,0.509867280502613,2025.0935898573,2025.24383561644,CHIKV_RUN_S33b19_2025,55.523473,-21.062752
4969,756,REU.4.3_1,REU.3.5_1,0.133649823593412,0.660113039644763,0.526463216051351,2025.11018579284,2025.24383561644,CHIKV_RUN_S31b63_2025,55.281544,-21.042635
6050,2901,REU.2.3_1,REU.2.3_1,0.129660232803348,0.660113039644763,0.530452806841415,2025.11417538364,2025.24383561644,CHIKV_RUN_S31b57_2025,55.500686,-20.922746
4689,554,REU.4.3_1,REU.2.4_1,0.125500677511289,0.660113039644763,0.534612362133474,2025.11833493893,2025.24383561644,CHIKV_RUN_S36b90_2025,55.516176,-20.923373
4836,846,REU.4.3_1,REU.4.3_1,0.124853240947947,0.660113039644763,0.535259798696816,2025.11898237549,2025.24383561644,CHIKV_RUN_S31b82_2025,55.518912,-21.264699
5513,2351,REU.4.5_1,REU.4.6_1,0.122517869017482,0.660113039644763,0.537595170627281,2025.12131774742,2025.24383561644,CHIKV_RUN_S31b90_2025,55.428657,-21.288549
5455,2242,REU.4.3_1,REU.3.5_1,0.109688777961887,0.660113039644763,0.550424261682876,2025.13414683848,2025.24383561644,CHIKV_RUN_S31b53_2025,55.230324,-21.083244
4335,1465,REU.4.3_1,REU.4.5_1,0.107709001029135,0.660113039644763,0.552404038615628,2025.13612661541,2025.24383561644,CHIKV_RUN_S31b31_2025,55.597249,-21.361982
4718,467,REU.2.3_1,REU.2.3_1,0.10653264068627,0.660113039644763,0.553580398958493,2025.13730297575,2025.24383561644,CHIKV_RUN_S31b72_2025,55.469478,-20.895391
5390,1134,REU.2.3_1,REU.2.3_1,0.105517982899786,0.660113039644763,0.554595056744977,2025.13831763354,2025.24383561644,CHIKV_RUN_S31b74_2025,55.43303,-20.88394
4878,804,REU.4.8_1,REU.2.2_1,0.090717727431157,0.660113039644763,0.569395312213606,2025.15311788901,2025.24383561644,CHIKV_RUN_S31b77_2025,55.308875,-20.951313
6150,2938,REU.3.4_1,REU.1.4_1,0.0905456584702406,0.660113039644763,0.569567381174522,2025.15328995797,2025.24383561644,CHIKV_RUN_S33b15_2025,55.68545,-21.050746
3415,2088,REU.4.5_1,REU.4.5_1,0.0871186184520515,0.660113039644763,0.572994421192712,2025.15671699799,2025.24383561644,CHIKV_RUN_S31b35_2025,55.63232,-21.350249
3554,2160,REU.2.2_1,REU.2.2_1,0.086858638022586,0.660113039644763,0.573254401622177,2025.15697697842,2025.24383561644,CHIKV_RUN_S32b05_2025,55.299459,-20.936075
3454,2072,REU.4.5_1,REU.2.3_1,0.0859943384406523,0.660113039644763,0.574118701204111,2025.157841278,2025.24383561644,CHIKV_RUN_S31b56_2025,55.412937,-20.898481
6216,2785,REU.4.8_1,REU.4.8_1,0.0829574188613403,0.660113039644763,0.577155620783423,2025.16087819758,2025.24383561644,CHIKV_RUN_S31b42_2025,55.48181,-21.330446
3913,219,REU.4.5_1,REU.4.5_1,0.0789216442561065,0.660113039644763,0.581191395388656,2025.16491397218,2025.24383561644,CHIKV_RUN_S30b92_2025,55.617042,-21.379792
3898,199,REU.4.5_1,REU.2.3_1,0.0783167018331781,0.660113039644763,0.581796337811585,2025.16551891461,2025.24383561644,CHIKV_RUN_S31b37_2025,55.450929,-20.894839
5329,1390,REU.4.3_1,REU.4.3_1,0.0773775317045281,0.660113039644763,0.582735507940235,2025.16645808473,2025.24383561644,CHIKV_RUN_S30b86_2025,55.528216,-21.261163
3765,619,REU.4.3_1,REU.4.3_1,0.0765047238927686,0.660113039644763,0.583608315751994,2025.16733089255,2025.24383561644,CHIKV_RUN_S37b65_2025,55.531084,-21.283712
6173,2989,REU.3.4_1,REU.3.4_1,0.0755540915566488,0.660113039644763,0.584558948088114,2025.16828152488,2025.24383561644,CHIKV_RUN_S37b80_2025,55.307206,-21.172805
6160,2951,REU.2.3_1,REU.1.3_1,0.0754305802717065,0.660113039644763,0.584682459373056,2025.16840503617,2025.24383561644,CHIKV_RUN_S33b20_2025,55.647123,-20.963114
4439,85,REU.3.3_1,REU.2.2_1,0.0752461147422049,0.660113039644763,0.584866924902558,2025.1685895017,2025.24383561644,CHIKV_RUN_S32b10_2025,55.301294,-20.939918
5554,1822,REU.4.3_1,REU.4.3_1,0.074304344904115,0.660113039644763,0.585808694740648,2025.16953127153,2025.24383561644,CHIKV_RUN_S36b89_2025,55.497061,-21.269621
5895,54,REU.3.1_1,REU.3.1_1,0.0727465376154879,0.660113039644763,0.587366502029275,2025.17108907882,2025.24383561644,CHIKV_RUN_S31b94_2025,55.390323,-21.258209
5357,930,REU.3.5_1,REU.3.5_1,0.0723031144215692,0.660113039644763,0.587809925223194,2025.17153250202,2025.24383561644,CHIKV_RUN_S32b07_2025,55.282841,-21.031306
3628,2514,REU.4.1_1,REU.4.1_1,0.0720315620177174,0.660113039644763,0.588081477627046,2025.17180405442,2025.24383561644,CHIKV_RUN_S37b73_2025,55.466823,-21.148516
5774,1804,REU.3.4_1,REU.3.5_1,0.0714785612977753,0.660113039644763,0.588634478346988,2025.17235705514,2025.24383561644,CHIKV_RUN_S31b95_2025,55.269241,-21.05027
4377,1487,REU.4.8_1,REU.1.4_1,0.070823603724502,0.660113039644763,0.589289435920261,2025.17301201271,2025.24383561644,CHIKV_RUN_S33b16_2025,55.70293,-21.06832
5775,1801,REU.3.4_1,REU.1.4_1,0.0680226087043226,0.660113039644763,0.59209043094044,2025.17581300773,2025.24383561644,CHIKV_RUN_S33b12_2025,55.742885,-21.079844
6182,2975,REU.2.3_1,REU.3.5_1,0.0643334182161672,0.660113039644763,0.595779621428596,2025.17950219822,2025.24383561644,CHIKV_RUN_S32b04_2025,55.269183,-21.010471
4874,867,REU.4.3_1,REU.3.5_1,0.059938635268205,0.660113039644763,0.600174404376558,2025.18389698117,2025.24383561644,CHIKV_RUN_S31b54_2025,55.217736,-21.04111
6027,2170,REU.3.4_1,REU.3.4_1,0.0576900890847705,0.660113039644763,0.602422950559993,2025.18614552735,2025.24383561644,CHIKV_RUN_S32b27_2025,55.317006,-21.214456
4144,999,REU.2.3_1,REU.2.3_1,0.057468721369693,0.660113039644763,0.60264431827507,2025.18636689507,2025.24383561644,CHIKV_RUN_S31b64_2025,55.464572,-20.884325
3896,191,REU.4.5_1,REU.4.5_1,0.055106681012946,0.660113039644763,0.605006358631817,2025.18872893543,2025.24383561644,CHIKV_RUN_S31b36_2025,55.610277,-21.375628
4943,737,REU.4.6_1,REU.4.6_1,0.0488541348090288,0.660113039644763,0.611258904835734,2025.19498148163,2025.24383561644,CHIKV_RUN_S30b93_2025,55.393657,-21.292512
5183,606,REU.2.3_1,REU.2.3_1,0.047659127854754,0.660113039644763,0.612453911790009,2025.19617648858,2025.24383561644,CHIKV_RUN_S31b40_2025,55.442185,-20.896565
4236,1598,REU.4.8_1,REU.1.2_1,0.0456657925968311,0.660113039644763,0.614447247047932,2025.19816982384,2025.24383561644,CHIKV_RUN_S33b17_2025,55.602643,-21.145037
3618,3037,REU.4.3_1,REU.4.6_1,0.0441715369121864,0.660113039644763,0.615941502732577,2025.19966407953,2025.24383561644,CHIKV_RUN_S31b41_2025,55.429476,-21.262486
5773,1803,REU.3.4_1,REU.1.4_1,0.0435847449002164,0.660113039644763,0.616528294744547,2025.20025087154,2025.24383561644,CHIKV_RUN_S33b14_2025,55.742032,-21.08114
4719,465,REU.2.3_1,REU.3.1_1,0.0418057695097103,0.660113039644763,0.618307270135053,2025.20202984693,2025.24383561644,CHIKV_RUN_S37b79_2025,55.336515,-21.274289
4642,527,REU.3.1_1,REU.3.4_1,0.038984375956754,0.660113039644763,0.621128663688009,2025.20485124048,2025.24383561644,CHIKV_RUN_S32b09_2025,55.304125,-21.156785
3350,2418,REU.3.4_1,REU.3.4_1,0.0385457413847856,0.660113039644763,0.621567298259977,2025.20528987505,2025.24383561644,CHIKV_RUN_S31b73_2025,55.303288,-21.219252
5026,715,REU.4.3_1,REU.4.2_1,0.0367658604181783,0.660113039644763,0.623347179226585,2025.20706975602,2025.24383561644,CHIKV_RUN_S37b78_2025,55.467646,-21.249082
3389,2605,REU.3.5_1,REU.2.2_1,0.0366769154071714,0.660113039644763,0.623436124237592,2025.20715870103,2025.24383561644,CHIKV_RUN_S31b85_2025,55.305362,-20.941873
4475,611,REU.4.3_1,REU.1.3_1,0.0360576550077722,0.660113039644763,0.624055384636991,2025.20777796143,2025.24383561644,CHIKV_RUN_S26b18_2025,55.650867,-20.934123
4504,1375,REU.2.4_1,REU.2.4_1,0.035309607095246,0.660113039644763,0.624803432549517,2025.20852600934,2025.24383561644,CHIKV_RUN_S30b25_2025,55.55816,-20.896887
3244,1943,REU.4.8_1,REU.4.8_1,0.0312685770136114,0.660113039644763,0.628844462631152,2025.21256703942,2025.24383561644,CHIKV_RUN_S31b87_2025,55.483535,-21.345746
3248,1878,REU.4.6_1,REU.4.8_1,0.0270303273451648,0.660113039644763,0.633082712299598,2025.21680528909,2025.24383561644,CHIKV_RUN_S31b33_2025,55.44777,-21.304014
4959,844,REU.4.3_1,REU.4.3_1,0.0270005825435637,0.660113039644763,0.633112457101199,2025.2168350339,2025.24383561644,CHIKV_RUN_S31b10_2025,55.515475,-21.265196
4581,1449,REU.4.8_1,REU.2.1_1,0.0249838134323854,0.660113039644763,0.635129226212378,2025.21885180301,2025.24383561644,CHIKV_RUN_S31b71_2025,55.347512,-20.928977
3999,130,REU.2.3_1,REU.2.3_1,0.0205574545449215,0.660113039644763,0.639555585099841,2025.22327816189,2025.24383561644,CHIKV_RUN_S31b76_2025,55.448661,-20.897523
5789,2711,REU.1.4_1,REU.1.4_1,0.0203721467351828,0.660113039644763,0.63974089290958,2025.2234634697,2025.24383561644,CHIKV_RUN_S33b11_2025,55.708415,-21.030903
3345,2439,REU.2.3_1,REU.2.3_1,0.0197016739545426,0.660113039644763,0.64041136569022,2025.22413394248,2025.24383561644,CHIKV_RUN_S31b46_2025,55.447228,-20.889855
4116,1036,REU.4.8_1,REU.4.5_1,0.0192139498821711,0.660113039644763,0.640899089762592,2025.22462166656,2025.24383561644,CHIKV_RUN_S31b43_2025,55.623625,-21.379174
3722,1721,REU.2.3_1,REU.2.3_1,0.0140617035692078,0.660113039644763,0.646051336075555,2025.22977391287,2025.24383561644,CHIKV_RUN_S31b34_2025,55.449883,-20.893507
4910,851,REU.2.3_1,REU.2.3_1,0.0107753432961331,0.660113039644763,0.64933769634863,2025.23306027314,2025.24383561644,CHIKV_RUN_S31b60_2025,55.470917,-20.898528
3522,2722,REU.3.4_1,REU.3.4_1,0.00597969668108922,0.660113039644763,0.654133342963674,2025.23785591976,2025.24383561644,CHIKV_RUN_S32b14_2025,55.307358,-21.169662
5397,1141,REU.2.3_1,REU.2.3_1,0.00309073088527001,0.660113039644763,0.657022308759493,2025.24074488555,2025.24383561644,CHIKV_RUN_S30b38_2025,55.462381,-20.895649
4147,989,REU.2.3_1,REU.2.3_1,0.00163529119088368,0.660113039644763,0.658477748453879,2025.24220032525,2025.24383561644,CHIKV_RUN_S33b22_2025,55.494723,-20.92514
4972,4973,REU.4.3_1,REU.4.3_1,0.122637450914045,0.660401013559413,0.537763562645368,2025.12148613944,2025.24412359035,NA,NA,NA
3362,3363,REU.3.4_1,REU.4.3_1,0.078827355055304,0.661134546374317,0.582307191319013,2025.16602976811,2025.24485712317,NA,NA,NA
3245,3246,REU.4.8_1,REU.4.8_1,0.118946488424151,0.661372376673042,0.542425888248891,2025.12614846504,2025.24509495347,NA,NA,NA
5226,5227,REU.2.3_1,REU.2.3_1,0.165726053897133,0.661866199823601,0.496140145926468,2025.07986272272,2025.24558877662,NA,NA,NA
3483,3485,REU.4.5_1,REU.4.5_1,0.059432782575344,0.661895612023098,0.602462829447754,2025.18618540624,2025.24561818882,NA,NA,NA
3417,3418,REU.4.5_1,REU.4.5_1,0.0957848859799929,0.662048146068098,0.566263260088105,2025.14998583688,2025.24577072286,NA,NA,NA
5317,5318,REU.2.3_1,REU.2.3_1,0.0479752948956438,0.66249962759811,0.614524332702466,2025.1982469095,2025.24622220439,NA,NA,NA
5672,2187,REU.4.3_1,REU.3.4_1,0.180522426260781,0.66285276567212,0.482330339411339,2025.0660529162,2025.24657534247,CHIKV_RUN_S32b69_2025,55.295404,-21.195781
4289,1068,REU.2.2_1,REU.2.1_1,0.163915020366508,0.66285276567212,0.498937745305612,2025.0826603221,2025.24657534247,CHIKV_RUN_S32b68_2025,55.327192,-20.950233
3845,965,REU.4.8_1,REU.2.1_1,0.159018786103413,0.66285276567212,0.503833979568707,2025.08755655636,2025.24657534247,CHIKV_RUN_S32b52_2025,55.329355,-20.946489
3411,2090,REU.4.5_1,REU.2.3_1,0.15614820879192,0.66285276567212,0.5067045568802,2025.09042713367,2025.24657534247,CHIKV_RUN_S32b13_2025,55.490435,-20.896656
5342,1474,REU.4.8_1,REU.4.3_1,0.15533769200405,0.66285276567212,0.507515073668071,2025.09123765046,2025.24657534247,CHIKV_RUN_S32b75_2025,55.525933,-21.292884
3215,2301,REU.3.1_1,REU.4.8_1,0.131369075561603,0.66285276567212,0.531483690110517,2025.1152062669,2025.24657534247,CHIKV_RUN_S32b79_2025,55.476056,-21.335757
5042,751,REU.4.8_1,REU.1.3_1,0.126984746461522,0.66285276567212,0.535868019210598,2025.119590596,2025.24657534247,CHIKV_RUN_S33b10_2025,55.652729,-20.971179
6022,2144,REU.4.8_1,REU.1.4_1,0.124654727282591,0.66285276567212,0.538198038389529,2025.12192061518,2025.24657534247,CHIKV_RUN_S33b18_2025,55.719685,-21.043845
3792,269,REU.4.3_1,REU.4.4_1,0.123453152653835,0.66285276567212,0.539399613018285,2025.12312218981,2025.24657534247,CHIKV_RUN_S31b93_2025,55.584499,-21.33656
5823,1944,REU.4.6_1,REU.4.2_1,0.120863515363927,0.66285276567212,0.541989250308193,2025.1257118271,2025.24657534247,CHIKV_RUN_S32b80_2025,55.471438,-21.245764
4538,1677,REU.4.3_1,REU.4.2_1,0.12082596341753,0.66285276567212,0.54202680225459,2025.12574937905,2025.24657534247,CHIKV_RUN_S31b89_2025,55.471431,-21.230528
3626,2513,REU.4.1_1,REU.4.1_1,0.119877001349082,0.66285276567212,0.542975764323038,2025.12669834112,2025.24657534247,CHIKV_RUN_S32b21_2025,55.479962,-21.164987
4545,628,REU.4.3_1,REU.3.5_1,0.093319493735556,0.66285276567212,0.569533271936564,2025.15325584873,2025.24657534247,CHIKV_RUN_S32b03_2025,55.277282,-21.013691
5300,1323,REU.4.8_1,REU.2.3_1,0.0920532799835978,0.66285276567212,0.570799485688523,2025.15452206248,2025.24657534247,CHIKV_RUN_S32b02_2025,55.488802,-20.891298
4685,539,REU.4.3_1,REU.4.8_1,0.0831709877674057,0.66285276567212,0.579681777904714,2025.1634043547,2025.24657534247,CHIKV_RUN_S32b15_2025,55.529877,-21.316327
3816,1307,REU.3.5_1,REU.3.5_1,0.0820865179963673,0.66285276567212,0.580766247675753,2025.16448882447,2025.24657534247,CHIKV_RUN_S32b08_2025,55.288935,-21.021777
4810,468,REU.4.3_1,REU.4.4_1,0.0807751539342713,0.66285276567212,0.582077611737849,2025.16580018853,2025.24657534247,CHIKV_RUN_S32b18_2025,55.553736,-21.350115
3748,1052,REU.4.5_1,REU.4.5_1,0.0792883022295796,0.66285276567212,0.583564463442541,2025.16728704024,2025.24657534247,CHIKV_RUN_S32b83_2025,55.688928,-21.367523
4776,374,REU.2.5_1,REU.2.5_1,0.0769670746520472,0.66285276567212,0.585885691020073,2025.16960826781,2025.24657534247,CHIKV_RUN_S37b81_2025,55.583481,-20.929233
6184,2991,REU.3.4_1,REU.3.4_1,0.0742647938272181,0.66285276567212,0.588587971844902,2025.17231054864,2025.24657534247,CHIKV_RUN_S31b91_2025,55.337987,-21.204948
4574,906,REU.3.5_1,REU.3.5_1,0.0719414298353537,0.66285276567212,0.590911335836767,2025.17463391263,2025.24657534247,CHIKV_RUN_S32b64_2025,55.260241,-21.058884
5904,11,REU.3.5_1,REU.3.5_1,0.0686214409373045,0.66285276567212,0.594231324734816,2025.17795390153,2025.24657534247,CHIKV_RUN_S32b60_2025,55.232665,-21.089555
5581,2328,REU.3.1_1,REU.3.1_1,0.0650121316458341,0.66285276567212,0.597840634026286,2025.18156321082,2025.24657534247,CHIKV_RUN_S37b82_2025,55.390707,-21.252061
5986,2658,REU.4.8_1,REU.2.2_1,0.0547436984520866,0.66285276567212,0.608109067220034,2025.19183164401,2025.24657534247,CHIKV_RUN_S32b22_2025,55.306625,-20.935303
5977,2660,REU.3.1_1,REU.3.1_1,0.0540789252343532,0.66285276567212,0.608773840437767,2025.19249641723,2025.24657534247,CHIKV_RUN_S32b81_2025,55.363532,-21.265243
5977,2661,REU.3.1_1,REU.3.5_1,0.0540789252343532,0.66285276567212,0.608773840437767,2025.19249641723,2025.24657534247,CHIKV_RUN_S32b57_2025,55.280354,-21.087054
3304,2421,REU.3.4_1,REU.3.5_1,0.0474535459617645,0.66285276567212,0.615399219710356,2025.1991217965,2025.24657534247,CHIKV_RUN_S32b70_2025,55.271846,-21.084119
3618,3027,REU.4.3_1,REU.3.5_1,0.0469112629395438,0.66285276567212,0.615941502732577,2025.19966407953,2025.24657534247,CHIKV_RUN_S32b65_2025,55.232382,-21.055852
3594,3066,REU.3.1_1,REU.3.1_1,0.046662495340918,0.662852765672121,0.616190270331203,2025.19991284712,2025.24657534247,CHIKV_RUN_S32b23_2025,55.357891,-21.245728
5477,2275,REU.3.5_1,REU.3.5_1,0.0439504552693234,0.66285276567212,0.618902310402797,2025.2026248872,2025.24657534247,CHIKV_RUN_S32b63_2025,55.227613,-21.060533
4791,444,REU.2.3_1,REU.2.3_1,0.0426509807526877,0.66285276567212,0.620201784919433,2025.20392436171,2025.24657534247,CHIKV_RUN_S31b69_2025,55.49148,-20.91578
3484,2073,REU.4.5_1,REU.4.1_1,0.040170220467898,0.66285276567212,0.622682545204222,2025.206405122,2025.24657534247,CHIKV_RUN_S32b78_2025,55.471975,-21.138809
5246,327,REU.2.3_1,REU.2.3_1,0.032745711784953,0.66285276567212,0.630107053887167,2025.21382963068,2025.24657534247,CHIKV_RUN_S32b20_2025,55.443884,-20.876564
4170,1008,REU.2.3_1,REU.2.3_1,0.0305054976368901,0.66285276567212,0.63234726803523,2025.21606984483,2025.24657534247,CHIKV_RUN_S33b21_2025,55.473777,-20.904699
5860,30,REU.2.3_1,REU.2.3_1,0.017834331411259,0.66285276567212,0.645018434260861,2025.22874101105,2025.24657534247,CHIKV_RUN_S32b26_2025,55.486595,-20.905498
5403,1139,REU.2.3_1,REU.1.3_1,0.0175748163609941,0.66285276567212,0.645277949311126,2025.2290005261,2025.24657534247,CHIKV_RUN_S33b09_2025,55.680245,-20.94398
5224,1634,REU.3.5_1,REU.3.5_1,0.0173201715887322,0.66285276567212,0.645532594083388,2025.22925517088,2025.24657534247,CHIKV_RUN_S32b28_2025,55.327773,-21.002561
3361,2423,REU.3.4_1,REU.3.4_1,0.00982192588770236,0.66285276567212,0.653030839784418,2025.23675341658,2025.24657534247,CHIKV_RUN_S31b83_2025,55.290972,-21.196121
3265,3266,REU.2.3_1,REU.2.3_1,0.148723295362252,0.662864318612112,0.51414102324986,2025.09786360004,2025.24658689541,NA,NA,NA
5100,5101,REU.4.8_1,REU.4.8_1,0.0729155076621374,0.663268622655292,0.590353114993155,2025.17407569179,2025.24699119945,NA,NA,NA
3885,3886,REU.4.5_1,REU.4.5_1,0.085409745744881,0.663513520979024,0.578103775234143,2025.16182635203,2025.24723609777,NA,NA,NA
4616,4617,REU.2.3_1,REU.2.3_1,0.0687402385003368,0.664016903029678,0.595276664529341,2025.17899924132,2025.24773947982,NA,NA,NA
5114,5118,REU.4.3_1,REU.4.5_1,0.108075680916707,0.664184982277187,0.55610930136048,2025.13983187815,2025.24790755907,NA,NA,NA
4226,4230,REU.4.3_1,REU.2.1_1,0.127510610769287,0.665118432118531,0.537607821349243,2025.12133039814,2025.24884100891,NA,NA,NA
4973,4974,REU.4.3_1,REU.4.3_1,0.00484527482824459,0.665246288387657,0.660401013559413,2025.24412359035,2025.24896886518,NA,NA,NA
4392,4393,REU.4.2_1,REU.3.5_1,0.0376051087599457,0.665355315063769,0.627750206303823,2025.2114727831,2025.24907789186,NA,NA,NA
5518,3089,REU.3.1_1,REU.4.6_1,0.362281305027473,0.665592491699478,0.303311186672005,2024.88703376347,2025.24931506849,CHIKV_RUN_S32b47_2025,55.441735,-21.260273
3678,3013,REU.3.1_1,REU.4.8_1,0.313680434937266,0.665592491699478,0.351912056762212,2024.93563463356,2025.24931506849,CHIKV_RUN_S33b40_2025,55.460141,-21.336048
4759,410,REU.4.3_1,REU.4.3_1,0.18134621032696,0.665592491699478,0.484246281372518,2025.06796885817,2025.24931506849,CHIKV_RUN_S33b46_2025,55.514525,-21.248457
4598,507,REU.4.3_1,REU.4.3_1,0.154035329099524,0.665592491699478,0.511557162599954,2025.09527973939,2025.24931506849,CHIKV_RUN_S45b84_2025,55.518795,-21.282541
5262,338,REU.2.3_1,REU.4.2_1,0.145153690694269,0.665592491699478,0.520438801005209,2025.1041613778,2025.24931506849,CHIKV_RUN_S33b43_2025,55.478685,-21.249636
5112,1226,REU.4.3_1,REU.4.3_1,0.143504452173788,0.665592491699478,0.52208803952569,2025.10581061632,2025.24931506849,CHIKV_RUN_S32b74_2025,55.520911,-21.261568
4101,1288,REU.4.8_1,REU.2.1_1,0.139701269592674,0.665592491699478,0.525891222106804,2025.1096137989,2025.24931506849,CHIKV_RUN_S45b87_2025,55.340018,-20.937792
4557,1280,REU.4.3_1,REU.2.3_1,0.13916809465627,0.665592491699478,0.526424397043208,2025.11014697384,2025.24931506849,CHIKV_RUN_S32b85_2025,55.472693,-20.919139
4654,530,REU.4.3_1,REU.2.4_1,0.136086509965375,0.665592491699478,0.529505981734103,2025.11322855853,2025.24931506849,CHIKV_RUN_S33b07_2025,55.515221,-20.921108
5448,2254,REU.2.3_1,REU.2.5_1,0.131135660058392,0.665592491699478,0.534456831641086,2025.11817940843,2025.24931506849,CHIKV_RUN_S47b70_2025,55.5895,-20.938841
3453,2079,REU.4.5_1,REU.4.5_1,0.130710361206556,0.665592491699478,0.534882130492922,2025.11860470729,2025.24931506849,CHIKV_RUN_S47b69_2025,55.615252,-21.384412
5289,1571,REU.4.3_1,REU.4.3_1,0.129024872274967,0.665592491699478,0.536567619424511,2025.12029019622,2025.24931506849,CHIKV_RUN_S45b62_2025,55.547751,-21.219081
6161,2942,REU.3.4_1,REU.3.4_1,0.128065782534848,0.665592491699478,0.537526709164629,2025.12124928596,2025.24931506849,CHIKV_RUN_S33b37_2025,55.324381,-21.154874
3283,2829,REU.3.1_1,REU.2.3_1,0.124842639935591,0.665592491699478,0.540749851763887,2025.12447242856,2025.24931506849,CHIKV_RUN_S45b88_2025,55.468652,-20.903986
3994,123,REU.3.5_1,REU.2.3_1,0.117809116237777,0.665592491699478,0.5477833754617,2025.13150595226,2025.24931506849,CHIKV_RUN_S45b73_2025,55.444583,-20.893761
4283,1647,REU.4.3_1,REU.3.5_1,0.108539936874862,0.665592491699478,0.557052554824616,2025.14077513162,2025.24931506849,CHIKV_RUN_S33b05_2025,55.308922,-21.087514
3146,1949,REU.2.3_1,REU.2.3_1,0.10792284791073,0.665592491699478,0.557669643788748,2025.14139222058,2025.24931506849,CHIKV_RUN_S33b08_2025,55.446927,-20.895667
3541,1898,REU.4.4_1,REU.4.4_1,0.104617996635049,0.665592491699478,0.560974495064429,2025.14469707186,2025.24931506849,CHIKV_RUN_S33b01_2025,55.577104,-21.349537
3803,272,REU.4.3_1,REU.4.8_1,0.103184019857614,0.665592491699478,0.562408471841864,2025.14613104864,2025.24931506849,CHIKV_RUN_S32b73_2025,55.482928,-21.330578
5791,2713,REU.4.8_1,REU.1.4_1,0.102581677521729,0.665592491699478,0.563010814177748,2025.14673339097,2025.24931506849,CHIKV_RUN_S45b61_2025,55.707993,-21.031323
5888,19,REU.3.2_1,REU.3.2_1,0.0980962380658288,0.665592491699478,0.567496253633649,2025.15121883043,2025.24931506849,CHIKV_RUN_S47b73_2025,55.322143,-21.250985
4503,1369,REU.2.4_1,REU.2.4_1,0.0950896262175365,0.665592491699478,0.570502865481941,2025.15422544228,2025.24931506849,CHIKV_RUN_S32b49_2025,55.559144,-20.90001
4518,1681,REU.4.3_1,REU.4.8_1,0.0886675683417177,0.665592491699478,0.57692492335776,2025.16064750015,2025.24931506849,CHIKV_RUN_S32b84_2025,55.508561,-21.29119
3956,108,REU.4.8_1,REU.3.3_1,0.0885679425786748,0.665592491699478,0.577024549120803,2025.16074712591,2025.24931506849,CHIKV_RUN_S32b55_2025,55.294014,-21.105645
3317,2407,REU.3.4_1,REU.3.4_1,0.085040670505256,0.665592491699478,0.580551821194222,2025.16427439799,2025.24931506849,CHIKV_RUN_S32b77_2025,55.287288,-21.175906
3816,1549,REU.3.5_1,REU.3.5_1,0.0848262440237247,0.665592491699478,0.580766247675753,2025.16448882447,2025.24931506849,CHIKV_RUN_S33b33_2025,55.305548,-21.06515
5089,1230,REU.4.4_1,REU.4.8_1,0.082536925625674,0.665592491699478,0.583055566073804,2025.16677814287,2025.24931506849,CHIKV_RUN_S32b95_2025,55.536394,-21.320941
4114,1348,REU.3.5_1,REU.4.4_1,0.0823383692539961,0.665592491699478,0.583254122445482,2025.16697669924,2025.24931506849,CHIKV_RUN_S45b86_2025,55.569291,-21.350911
3532,2769,REU.4.8_1,REU.4.8_1,0.079552175974044,0.665592491699478,0.586040315725434,2025.16976289252,2025.24931506849,CHIKV_RUN_S32b94_2025,55.479323,-21.33559
5809,2749,REU.3.4_1,REU.2.3_1,0.079326886337273,0.665592491699478,0.586265605362205,2025.16998818216,2025.24931506849,CHIKV_RUN_S32b72_2025,55.468596,-20.88681
4013,162,REU.3.5_1,REU.3.5_1,0.0792068687851724,0.665592491699478,0.586385622914305,2025.17010819971,2025.24931506849,CHIKV_RUN_S32b58_2025,55.269703,-21.083498
5895,52,REU.3.1_1,REU.2.3_1,0.0782259896702027,0.665592491699478,0.587366502029275,2025.17108907882,2025.24931506849,CHIKV_RUN_S32b56_2025,55.475491,-20.889116
5394,1142,REU.2.3_1,REU.2.3_1,0.0770132468575959,0.665592491699478,0.588579244841882,2025.17230182164,2025.24931506849,CHIKV_RUN_S32b86_2025,55.464006,-20.894512
4377,1497,REU.4.8_1,REU.1.3_1,0.0763030557792168,0.665592491699478,0.589289435920261,2025.17301201271,2025.24931506849,CHIKV_RUN_S47b68_2025,55.672155,-20.967004
3936,240,REU.3.5_1,REU.3.5_1,0.0730063929699798,0.665592491699478,0.592586098729498,2025.17630867552,2025.24931506849,CHIKV_RUN_S33b31_2025,55.267946,-21.022127
5882,24,REU.2.3_1,REU.2.3_1,0.0708164936111052,0.665592491699478,0.594775998088373,2025.17849857488,2025.24931506849,CHIKV_RUN_S47b75_2025,55.455177,-20.889097
5899,6,REU.3.5_1,REU.4.8_1,0.0639103507092045,0.665592491699478,0.601682140990273,2025.18540471778,2025.24931506849,CHIKV_RUN_S32b87_2025,55.494399,-21.342935
5656,1993,REU.2.3_1,REU.2.5_1,0.0594298809028312,0.665592491699478,0.606162610796647,2025.18988518759,2025.24931506849,CHIKV_RUN_S45b74_2025,55.635431,-20.936731
3193,2742,REU.4.8_1,REU.4.8_1,0.0590597960387356,0.665592491699478,0.606532695660742,2025.19025527245,2025.24931506849,CHIKV_RUN_S33b45_2025,55.460764,-21.289718
6004,2725,REU.2.3_1,REU.3.5_1,0.0582447463075519,0.665592491699478,0.607347745391926,2025.19107032219,2025.24931506849,CHIKV_RUN_S33b23_2025,55.270722,-21.025332
5223,1632,REU.3.5_1,REU.3.5_1,0.0532131480236315,0.665592491699478,0.612379343675846,2025.19610192047,2025.24931506849,CHIKV_RUN_S32b54_2025,55.330989,-20.982402
4904,705,REU.4.4_1,REU.4.4_1,0.0513936146530829,0.665592491699478,0.614198877046395,2025.19792145384,2025.24931506849,CHIKV_RUN_S32b92_2025,55.556528,-21.320686
4249,1084,REU.4.8_1,REU.4.5_1,0.0487528589387277,0.665592491699478,0.61683963276075,2025.20056220955,2025.24931506849,CHIKV_RUN_S32b91_2025,55.616272,-21.374385
5906,14,REU.3.5_1,REU.3.5_1,0.0471942246300296,0.665592491699478,0.618398267069448,2025.20212084386,2025.24931506849,CHIKV_RUN_S32b62_2025,55.255258,-21.10745
5106,1189,REU.4.8_1,REU.2.3_1,0.0469718391794538,0.665592491699478,0.618620652520024,2025.20234322931,2025.24931506849,CHIKV_RUN_S32b51_2025,55.456567,-20.885699
3350,2417,REU.3.4_1,REU.3.4_1,0.0440251934395004,0.665592491699478,0.621567298259977,2025.20528987505,2025.24931506849,CHIKV_RUN_S32b61_2025,55.303288,-21.219252
5920,2563,REU.4.8_1,REU.4.8_1,0.0408699716715606,0.665592491699478,0.624722520027917,2025.20844509682,2025.24931506849,CHIKV_RUN_S33b41_2025,55.521104,-21.357053
4786,471,REU.2.4_1,REU.2.4_1,0.0403655320205183,0.665592491699478,0.62522695967896,2025.20894953647,2025.24931506849,CHIKV_RUN_S47b74_2025,55.521565,-20.903296
5409,1155,REU.1.3_1,REU.1.3_1,0.0396122124432793,0.665592491699478,0.625980279256198,2025.20970285605,2025.24931506849,CHIKV_RUN_S47b72_2025,55.672607,-20.967614
4032,1314,REU.4.3_1,REU.4.3_1,0.0359035641334532,0.665592491699478,0.629688927566025,2025.21341150436,2025.24931506849,CHIKV_RUN_S33b44_2025,55.522856,-21.275258
4137,997,REU.2.3_1,REU.2.3_1,0.0336372463039851,0.665592491699478,0.631955245395493,2025.21567782219,2025.24931506849,CHIKV_RUN_S32b50_2025,55.448332,-20.898829
5764,2747,REU.3.4_1,REU.4.3_1,0.0320400732026487,0.665592491699478,0.633552418496829,2025.21727499529,2025.24931506849,CHIKV_RUN_S45b58_2025,55.537565,-21.195094
4630,490,REU.4.8_1,REU.4.3_1,0.0266779458642695,0.665592491699478,0.638914545835208,2025.22263712263,2025.24931506849,CHIKV_RUN_S32b88_2025,55.52234,-21.284942
4717,486,REU.2.3_1,REU.2.3_1,0.0214395132193789,0.665592491699478,0.644152978480099,2025.22787555527,2025.24931506849,CHIKV_RUN_S33b06_2025,55.412393,-20.8887
4592,1767,REU.3.4_1,REU.3.4_1,0.0210600560774377,0.665592491699478,0.64453243562204,2025.22825501242,2025.24931506849,CHIKV_RUN_S47b76_2025,55.298477,-21.143428
5365,632,REU.4.8_1,REU.4.4_1,0.0159792673350114,0.665592491699478,0.649613224364466,2025.23333580116,2025.24931506849,CHIKV_RUN_S32b76_2025,55.551439,-21.353904
4617,480,REU.2.3_1,REU.2.3_1,0.00157558866979968,0.665592491699478,0.664016903029678,2025.24773947982,2025.24931506849,CHIKV_RUN_S32b59_2025,55.494101,-20.928618
4230,1074,REU.2.1_1,REU.2.1_1,0.000474059580946928,0.665592491699478,0.665118432118531,2025.24884100891,2025.24931506849,CHIKV_RUN_S32b53_2025,55.335116,-20.937594
4974,710,REU.4.3_1,REU.4.3_1,0.000346203311820448,0.665592491699478,0.665246288387657,2025.24896886518,2025.24931506849,CHIKV_RUN_S26b16_2025,55.502377,-21.275578
4228,4229,REU.4.3_1,REU.4.3_1,0.0177282526634617,0.666434495032773,0.648706242369311,2025.23242881916,2025.25015707183,NA,NA,NA
4852,4853,REU.4.3_1,REU.4.2_1,0.0993569081918586,0.666972304024115,0.567615395832257,2025.15133797263,2025.25069488082,NA,NA,NA
5331,5333,REU.4.3_1,REU.4.3_1,0.0144557654969064,0.667727774922583,0.653272009425676,2025.23699458622,2025.25145035172,NA,NA,NA
3847,3852,REU.3.5_1,REU.2.4_1,0.160537861036235,0.667835109872584,0.507297248836349,2025.09101982563,2025.25155768667,NA,NA,NA
5476,5478,REU.3.5_1,REU.3.5_1,0.0606831699864843,0.668297075129064,0.607613905142579,2025.19133648194,2025.25201965192,NA,NA,NA
5415,1820,REU.4.8_1,REU.2.3_1,0.247469111554355,0.668332217726835,0.420863106172481,2025.00458568297,2025.25205479452,CHIKV_RUN_S33b34_2025,55.485007,-20.915423
4721,379,REU.4.4_1,REU.4.5_1,0.195955569195385,0.668332217726835,0.47237664853145,2025.05609922533,2025.25205479452,CHIKV_RUN_S33b56_2025,55.651958,-21.379035
3527,2229,REU.4.8_1,REU.3.2_1,0.186247682328032,0.668332217726835,0.482084535398803,2025.06580711219,2025.25205479452,CHIKV_RUN_S33b55_2025,55.335127,-21.233726
5857,32,REU.2.3_1,REU.2.3_1,0.170766201749859,0.668332217726835,0.497566015976976,2025.08128859277,2025.25205479452,CHIKV_RUN_S33b24_2025,55.446429,-20.876421
3255,1871,REU.3.4_1,REU.4.6_1,0.151758792141662,0.668332217726835,0.516573425585173,2025.10029600238,2025.25205479452,CHIKV_RUN_S33b30_2025,55.39527,-21.292706
4993,659,REU.4.3_1,REU.4.3_1,0.13960510437893,0.668332217726835,0.528727113347905,2025.11244969014,2025.25205479452,CHIKV_RUN_S33b57_2025,55.527296,-21.250071
4919,799,REU.4.8_1,REU.4.8_1,0.133401055015211,0.668332217726835,0.534931162711624,2025.11865373951,2025.25205479452,CHIKV_RUN_S33b49_2025,55.446858,-21.298724
3611,3024,REU.4.3_1,REU.3.5_1,0.116698147121685,0.668332217726835,0.55163407060515,2025.1353566474,2025.25205479452,CHIKV_RUN_S34b33_2025,55.228391,-21.03196
5717,2640,REU.3.1_1,REU.3.5_1,0.113330089673338,0.668332217726835,0.555002128053498,2025.13872470485,2025.25205479452,CHIKV_RUN_S26b43_2025,55.219765,-21.04023
4945,729,REU.4.8_1,REU.4.6_1,0.111977580393168,0.668332217726835,0.556354637333667,2025.14007721413,2025.25205479452,CHIKV_RUN_S33b50_2025,55.416583,-21.268514
4585,1456,REU.4.3_1,REU.4.8_1,0.108893256185773,0.668332217726835,0.559438961541063,2025.14316153833,2025.25205479452,CHIKV_RUN_S33b42_2025,55.541358,-21.314395
4586,1458,REU.4.3_1,REU.4.5_1,0.108547152654374,0.668332217726835,0.559785065072462,2025.14350764187,2025.25205479452,CHIKV_RUN_S33b28_2025,55.656971,-21.33478
4111,911,REU.3.5_1,REU.2.3_1,0.103182990006999,0.668332217726835,0.565149227719836,2025.14887180451,2025.25205479452,CHIKV_RUN_S33b32_2025,55.488479,-20.902191
4677,521,REU.4.8_1,REU.4.6_1,0.100897984016613,0.668332217726835,0.567434233710223,2025.1511568105,2025.25205479452,CHIKV_RUN_S33b71_2025,55.455658,-21.21151
4923,795,REU.4.8_1,REU.2.2_1,0.0964671700522579,0.668332217726835,0.571865047674577,2025.15558762447,2025.25205479452,CHIKV_RUN_S34b26_2025,55.293573,-20.943783
4444,76,REU.3.3_1,REU.3.3_1,0.0962750374378041,0.668332217726835,0.572057180289031,2025.15577975708,2025.25205479452,CHIKV_RUN_S34b27_2025,55.283019,-21.110782
6067,2916,REU.2.3_1,REU.2.3_1,0.0897119538889485,0.668332217726835,0.578620263837887,2025.16234284063,2025.25205479452,CHIKV_RUN_S33b36_2025,55.458913,-20.880306
3827,950,REU.3.5_1,REU.1.2_1,0.0882892362820781,0.668332217726835,0.580042981444757,2025.16376555824,2025.25205479452,CHIKV_RUN_S33b69_2025,55.635932,-21.137709
5859,23,REU.2.3_1,REU.2.3_1,0.0831626238742618,0.668332217726835,0.585169593852573,2025.16889217065,2025.25205479452,CHIKV_RUN_S33b52_2025,55.487273,-20.899435
3128,2389,REU.2.3_1,REU.2.2_1,0.0805549892358955,0.668332217726835,0.58777722849094,2025.17149980528,2025.25205479452,CHIKV_RUN_S34b28_2025,55.295166,-20.9464
5542,2840,REU.4.8_1,REU.2.1_1,0.0767739296968766,0.668332217726835,0.591558288029958,2025.17528086482,2025.25205479452,CHIKV_RUN_S33b53_2025,55.339701,-20.948593
4428,1520,REU.4.3_1,REU.2.3_1,0.0723495972238102,0.668332217726835,0.595982620503025,2025.1797051973,2025.25205479452,CHIKV_RUN_S33b25_2025,55.483664,-20.896563
5359,1464,REU.3.5_1,REU.3.5_1,0.0719589093359586,0.668332217726835,0.596373308390877,2025.18009588518,2025.25205479452,CHIKV_RUN_S34b34_2025,55.328971,-20.982533
3496,2052,REU.4.8_1,REU.4.5_1,0.071951891093366,0.668332217726835,0.596380326633469,2025.18010290343,2025.25205479452,CHIKV_RUN_S33b38_2025,55.621686,-21.375645
4745,440,REU.4.5_1,REU.4.5_1,0.0717105502407307,0.668332217726835,0.596621667486104,2025.18034424428,2025.25205479452,CHIKV_RUN_S33b63_2025,55.606237,-21.376811
5207,1741,REU.4.8_1,REU.2.1_1,0.0658729308715686,0.668332217726835,0.602459286855267,2025.18618186365,2025.25205479452,CHIKV_RUN_S34b29_2025,55.4112566163266,-21.04474661488
6094,2855,REU.4.8_1,REU.2.1_1,0.0655803757877971,0.668332217726835,0.602751841939038,2025.18647441873,2025.25205479452,CHIKV_RUN_S33b64_2025,55.339139,-20.95589
4813,483,REU.2.3_1,REU.2.5_1,0.0626959135870773,0.668332217726835,0.605636304139758,2025.18935888093,2025.25205479452,CHIKV_RUN_S47b71_2025,55.582116,-20.921775
4055,304,REU.4.4_1,REU.3.5_1,0.059889806114167,0.668332217726835,0.608442411612668,2025.19216498841,2025.25205479452,CHIKV_RUN_S34b24_2025,55.27146,-21.01272
4831,813,REU.4.8_1,REU.4.8_1,0.0513317020321609,0.668332217726835,0.617000515694674,2025.20072309249,2025.25205479452,CHIKV_RUN_S33b51_2025,55.490525,-21.327155
5422,1888,REU.3.5_1,REU.2.4_1,0.0263140685590981,0.668332217726835,0.642018149167737,2025.22574072596,2025.25205479452,CHIKV_RUN_S32b90_2025,55.569514,-20.907567
3266,2803,REU.2.3_1,REU.1.4_1,0.00546789911472356,0.668332217726835,0.662864318612112,2025.24658689541,2025.25205479452,CHIKV_RUN_S33b35_2025,55.719249,-21.044355
4617,454,REU.2.3_1,REU.2.5_1,0.00431531469715707,0.668332217726835,0.664016903029678,2025.24773947982,2025.25205479452,CHIKV_RUN_S33b47_2025,55.587006,-20.926239
4393,1510,REU.3.5_1,REU.3.5_1,0.00297690266306638,0.668332217726835,0.665355315063769,2025.24907789186,2025.25205479452,CHIKV_RUN_S34b16_2025,55.320483,-20.984464
5021,5022,REU.4.3_1,REU.4.6_1,0.179895690963672,0.668578920013496,0.488683229049824,2025.07240580584,2025.25230149681,NA,NA,NA
4056,4057,REU.4.3_1,REU.4.8_1,0.0408109561496754,0.669624780151658,0.628813824001982,2025.2125364008,2025.25334735695,NA,NA,NA
3690,3691,REU.2.3_1,REU.2.3_1,0.0460768965633058,0.669699254965326,0.62362235840202,2025.2073449352,2025.25342183176,NA,NA,NA
5206,5208,REU.4.8_1,REU.4.8_1,0.134564221138224,0.669892665971572,0.535328444833348,2025.11905102163,2025.25361524277,NA,NA,NA
4771,4772,REU.4.5_1,REU.4.5_1,0.0476009977922536,0.66992015669533,0.622319158903076,2025.2060417357,2025.25364273349,NA,NA,NA
6074,6076,REU.2.3_1,REU.2.3_1,0.0222655615870074,0.670087692542619,0.647822130955612,2025.23154470775,2025.25381026934,NA,NA,NA
6088,6089,REU.2.3_1,REU.2.4_1,0.13328770861209,0.670571340535814,0.537283631923723,2025.12100620872,2025.25429391733,NA,NA,NA
5674,3082,REU.3.1_1,REU.3.2_1,0.175181472483192,0.671071943754193,0.495890471271,2025.07961304806,2025.25479452055,CHIKV_RUN_S34b31_2025,55.330197,-21.235731
3449,2125,REU.4.5_1,REU.4.5_1,0.149015846191344,0.671071943754193,0.522056097562849,2025.10577867436,2025.25479452055,CHIKV_RUN_S33b81_2025,55.627935,-21.338649
5836,2366,REU.3.4_1,REU.2.3_1,0.145162088990249,0.671071943754193,0.525909854763943,2025.10963243156,2025.25479452055,CHIKV_RUN_S34b20_2025,55.482429,-20.940237
3777,1702,REU.4.3_1,REU.2.3_1,0.143820613531504,0.671071943754193,0.527251330222689,2025.11097390702,2025.25479452055,CHIKV_RUN_S34b17_2025,55.46355,-20.897532
5562,1776,REU.4.3_1,REU.4.8_1,0.139383205825471,0.671071943754193,0.531688737928721,2025.11541131472,2025.25479452055,CHIKV_RUN_S33b93_2025,55.490913,-21.297058
3651,2238,REU.3.5_1,REU.3.5_1,0.133784473738335,0.671071943754193,0.537287470015857,2025.12101004681,2025.25479452055,CHIKV_RUN_S34b78_2025,55.310249,-21.03484
3893,170,REU.4.5_1,REU.2.3_1,0.126619290693454,0.671071943754193,0.544452653060739,2025.12817522985,2025.25479452055,CHIKV_RUN_S34b06_2025,55.495535,-20.912168
4561,1165,REU.4.3_1,REU.4.8_1,0.098471490743085,0.671071943754193,0.572600453011108,2025.1563230298,2025.25479452055,CHIKV_RUN_S33b84_2025,55.522177,-21.335085
5278,335,REU.2.3_1,REU.2.3_1,0.0901359926317807,0.671071943754193,0.580935951122412,2025.16465852792,2025.25479452055,CHIKV_RUN_S33b68_2025,55.396883,-20.901414
6079,2934,REU.2.3_1,REU.2.3_1,0.081109929750482,0.671071943754193,0.58996201400371,2025.1736845908,2025.25479452055,CHIKV_RUN_S34b19_2025,55.46786,-20.89748
4213,1439,REU.4.8_1,REU.4.8_1,0.0791042583403285,0.671071943754193,0.591967685413864,2025.17569026221,2025.25479452055,CHIKV_RUN_S34b32_2025,55.476348,-21.328608
5882,25,REU.2.3_1,REU.2.3_1,0.07629594566582,0.671071943754193,0.594775998088373,2025.17849857488,2025.25479452055,CHIKV_RUN_S34b10_2025,55.480688,-20.907711
5386,265,REU.4.3_1,REU.2.3_1,0.0739637192221796,0.671071943754193,0.597108224532013,2025.18083080133,2025.25479452055,CHIKV_RUN_S34b09_2025,55.460951,-20.907438
6052,2933,REU.2.3_1,REU.2.3_1,0.0720933633651181,0.671071943754193,0.598978580389074,2025.18270115718,2025.25479452055,CHIKV_RUN_S34b23_2025,55.463234,-20.896231
4144,977,REU.2.3_1,REU.2.3_1,0.0684276254791226,0.671071943754193,0.60264431827507,2025.18636689507,2025.25479452055,CHIKV_RUN_S34b14_2025,55.48981,-20.907133
4133,992,REU.2.3_1,REU.2.3_1,0.0651313278151007,0.671071943754193,0.605940615939092,2025.18966319273,2025.25479452055,CHIKV_RUN_S33b74_2025,55.480702,-20.896447
4864,762,REU.4.6_1,REU.4.8_1,0.0649895417518372,0.671071943754192,0.606082402002355,2025.1898049788,2025.25479452055,CHIKV_RUN_S33b92_2025,55.460263,-21.290377
3982,136,REU.3.5_1,REU.2.3_1,0.0544729737236834,0.671071943754193,0.616598970030509,2025.20032154682,2025.25479452055,CHIKV_RUN_S34b25_2025,55.445273,-20.903065
5348,1337,REU.3.5_1,REU.3.5_1,0.0534484912026457,0.671071943754193,0.617623452551547,2025.20134602935,2025.25479452055,CHIKV_RUN_S33b67_2025,55.264138,-21.050453
5877,37,REU.2.3_1,REU.2.3_1,0.036669011622013,0.671071943754193,0.63440293213218,2025.21812550893,2025.25479452055,CHIKV_RUN_S34b22_2025,55.483614,-20.896152
3236,2717,REU.4.8_1,REU.2.5_1,0.0191029142356708,0.671071943754192,0.651969029518522,2025.23569160631,2025.25479452055,CHIKV_RUN_S34b18_2025,55.605341,-20.904362
6093,2851,REU.2.3_1,REU.2.3_1,0.0186143269487971,0.671071943754193,0.652457616805395,2025.2361801936,2025.25479452055,CHIKV_RUN_S34b15_2025,55.412973,-20.896317
3575,2583,REU.4.8_1,REU.4.8_1,0.0180996912613176,0.671071943754193,0.652972252492875,2025.23669482929,2025.25479452055,CHIKV_RUN_S33b54_2025,55.476713,-21.283778
3980,134,REU.4.8_1,REU.4.8_1,0.0127888455601495,0.671071943754193,0.658283098194043,2025.24200567499,2025.25479452055,CHIKV_RUN_S34b12_2025,55.481234,-21.319446
3445,3446,REU.4.5_1,REU.4.5_1,0.0565753048996086,0.671285239644336,0.614709934744727,2025.19843251154,2025.25500781644,NA,NA,NA
3724,3725,REU.3.5_1,REU.3.5_1,0.0593118613828362,0.671381294909616,0.61206943352678,2025.19579201032,2025.2551038717,NA,NA,NA
4344,4345,REU.4.3_1,REU.4.3_1,0.0316675652030045,0.67174140416612,0.640073838963115,2025.22379641576,2025.25546398096,NA,NA,NA
4348,4349,REU.4.3_1,REU.4.8_1,0.118297557619389,0.671796065787709,0.553498508168321,2025.13722108496,2025.25551864258,NA,NA,NA
5063,5064,REU.4.4_1,REU.4.6_1,0.136563690625068,0.671943266423108,0.53537957579804,2025.11910215259,2025.25566584322,NA,NA,NA
5645,5646,REU.2.5_1,REU.2.3_1,0.0911407887823291,0.673117942095034,0.581977153312704,2025.16569973011,2025.25684051889,NA,NA,NA
5435,1973,REU.3.1_1,REU.4.4_1,0.272888935516042,0.67381166978155,0.400922734265508,2024.98464531106,2025.25753424658,CHIKV_RUN_S33b80_2025,55.576147,-21.33505
5919,2564,REU.4.8_1,REU.4.8_1,0.197579920839473,0.67381166978155,0.476231748942077,2025.05995432574,2025.25753424658,CHIKV_RUN_S34b01_2025,55.457962,-21.336767
3330,2444,REU.3.5_1,REU.4.6_1,0.184092981188986,0.67381166978155,0.489718688592564,2025.07344126539,2025.25753424658,CHIKV_RUN_S33b89_2025,55.408445,-21.206276
5883,39,REU.2.3_1,REU.2.3_1,0.174358498998791,0.67381166978155,0.499453170782759,2025.08317574758,2025.25753424658,CHIKV_RUN_S34b04_2025,55.452046,-20.873862
4814,422,REU.4.5_1,REU.2.3_1,0.159599387180501,0.67381166978155,0.514212282601049,2025.09793485939,2025.25753424658,CHIKV_RUN_S34b21_2025,55.488906,-20.894632
5794,2680,REU.4.6_1,REU.4.6_1,0.158490237980735,0.67381166978155,0.515321431800815,2025.09904400859,2025.25753424658,CHIKV_RUN_S33b94_2025,55.404123,-21.253057
6023,2505,REU.4.8_1,REU.4.6_1,0.154175140061827,0.67381166978155,0.519636529719723,2025.10335910651,2025.25753424658,CHIKV_RUN_S33b76_2025,55.435789,-21.266198
6190,2998,REU.3.4_1,REU.3.2_1,0.145607062216702,0.67381166978155,0.528204607564848,2025.11192718436,2025.25753424658,CHIKV_RUN_S33b82_2025,55.34181,-21.224006
4197,1276,REU.4.3_1,REU.4.3_1,0.144055112135771,0.67381166978155,0.529756557645779,2025.11347913444,2025.25753424658,CHIKV_RUN_S33b90_2025,55.506124,-21.244339
6115,2860,REU.2.4_1,REU.2.4_1,0.141317515175994,0.67381166978155,0.532494154605556,2025.1162167314,2025.25753424658,CHIKV_RUN_S33b91_2025,55.531376,-20.921067
3742,1617,REU.4.3_1,REU.4.3_1,0.123315694326451,0.67381166978155,0.550495975455099,2025.13421855225,2025.25753424658,CHIKV_RUN_S33b83_2025,55.535568,-21.252546
4478,1609,REU.4.4_1,REU.2.3_1,0.111054832211854,0.67381166978155,0.562756837569696,2025.14647941436,2025.25753424658,CHIKV_RUN_S33b87_2025,55.464512,-20.90939
3609,3040,REU.4.3_1,REU.4.3_1,0.110195839271205,0.67381166978155,0.563615830510345,2025.1473384073,2025.25753424658,CHIKV_RUN_S33b85_2025,55.522751,-21.261613
4313,1406,REU.4.3_1,REU.4.3_1,0.101699016719716,0.67381166978155,0.572112653061834,2025.15583522986,2025.25753424658,CHIKV_RUN_S33b79_2025,55.504866,-21.27521
4737,477,REU.4.3_1,REU.2.3_1,0.0941167076413331,0.67381166978155,0.579694962140217,2025.16341753893,2025.25753424658,CHIKV_RUN_S34b08_2025,55.449009,-20.88911
5316,915,REU.2.3_1,REU.1.1_1,0.0876968069133153,0.67381166978155,0.586114862868235,2025.16983743966,2025.25753424658,CHIKV_RUN_S34b40_2025,55.695326,-20.970634
4136,1028,REU.2.3_1,REU.4.8_1,0.0760822381282871,0.67381166978155,0.597729431653263,2025.18145200845,2025.25753424658,CHIKV_RUN_S33b95_2025,55.480669,-21.287823
4521,1680,REU.4.8_1,REU.4.4_1,0.0755182797700387,0.67381166978155,0.598293390011511,2025.18201596681,2025.25753424658,CHIKV_RUN_S33b78_2025,55.533825,-21.360422
4738,384,REU.4.3_1,REU.2.5_1,0.0489930831194763,0.67381166978155,0.624818586662074,2025.20854116346,2025.25753424658,CHIKV_RUN_S34b07_2025,55.584279,-20.931834
4112,4113,REU.3.5_1,REU.2.3_1,0.150490979099737,0.674022849173085,0.523531870073348,2025.10725444687,2025.25774542597,NA,NA,NA
4355,4356,REU.4.3_1,REU.4.5_1,0.159654307686056,0.674026246615354,0.514371938929298,2025.09809451572,2025.25774882341,NA,NA,NA
3818,3819,REU.2.3_1,REU.4.8_1,0.0969008844152426,0.674666928117482,0.57776604370224,2025.1614886205,2025.25838950491,NA,NA,NA
3128,3129,REU.2.3_1,REU.4.5_1,0.087006176807983,0.674783405298923,0.58777722849094,2025.17149980528,2025.25850598209,NA,NA,NA
4346,4347,REU.4.3_1,REU.2.3_1,0.141116591588277,0.67480557487912,0.533688983290844,2025.11741156008,2025.25852815167,NA,NA,NA
4097,4098,REU.4.3_1,REU.4.8_1,0.117848616469799,0.676156913076953,0.558308296607155,2025.1420308734,2025.25987948987,NA,NA,NA
4204,4205,REU.4.8_1,REU.4.8_1,0.126620005202169,0.676182344089901,0.549562338887732,2025.13328491568,2025.25990492088,NA,NA,NA
5252,5253,REU.4.3_1,REU.4.3_1,0.0389614828834164,0.676426736359642,0.637465253476226,2025.22118783027,2025.26014931315,NA,NA,NA
5681,3091,REU.4.8_1,REU.3.5_1,0.210054295528492,0.676551395809135,0.466497100280642,2025.05021967707,2025.2602739726,CHIKV_RUN_S34b56_2025,55.289242,-21.096299
4930,783,REU.4.8_1,REU.2.3_1,0.165623386961611,0.676551395809135,0.510928008847524,2025.09465058564,2025.2602739726,CHIKV_RUN_S34b54_2025,55.473802,-20.892735
4916,788,REU.4.8_1,REU.4.8_1,0.160256358798699,0.676551395809135,0.516295037010436,2025.1000176138,2025.2602739726,CHIKV_RUN_S35b16_2025,55.483434,-21.338152
4603,400,REU.4.8_1,REU.2.3_1,0.156935626072861,0.676551395809135,0.519615769736274,2025.10333834653,2025.2602739726,CHIKV_RUN_S34b44_2025,55.496998,-20.916796
3552,1877,REU.4.8_1,REU.4.6_1,0.155924231109971,0.676551395809135,0.520627164699163,2025.10434974149,2025.2602739726,CHIKV_RUN_S35b08_2025,55.410246,-21.280714
5741,1810,REU.3.1_1,REU.3.4_1,0.146142164150614,0.676551395809135,0.530409231658521,2025.11413180845,2025.2602739726,CHIKV_RUN_S33b88_2025,55.298499,-21.226692
5169,1105,REU.4.3_1,REU.4.2_1,0.139792887986949,0.676551395809135,0.536758507822186,2025.12048108462,2025.2602739726,CHIKV_RUN_S35b21_2025,55.47495,-21.250869
5735,2208,REU.3.1_1,REU.2.3_1,0.134525126702649,0.676551395809135,0.542026269106485,2025.1257488459,2025.2602739726,CHIKV_RUN_S26b12_2025,55.473488,-20.914616
4945,730,REU.4.8_1,REU.2.4_1,0.120196758475468,0.676551395809135,0.556354637333667,2025.14007721413,2025.2602739726,CHIKV_RUN_S34b41_2025,55.567849,-20.894748
5326,1310,REU.4.3_1,REU.4.4_1,0.118027214131298,0.676551395809135,0.558524181677837,2025.14224675847,2025.2602739726,CHIKV_RUN_S34b05_2025,55.559659,-21.347573
4235,1601,REU.4.8_1,REU.4.6_1,0.111675605946861,0.676551395809135,0.564875789862273,2025.14859836666,2025.2602739726,CHIKV_RUN_S34b69_2025,55.438351,-21.272851
4352,1562,REU.4.3_1,REU.3.5_1,0.102590547385229,0.676551395809135,0.573960848423906,2025.15768342522,2025.2602739726,CHIKV_RUN_S26b09_2025,55.276977,-21.014649
3971,154,REU.2.3_1,REU.2.3_1,0.101825704254797,0.676551395809135,0.574725691554338,2025.15844826835,2025.2602739726,CHIKV_RUN_S34b50_2025,55.467951,-20.886502
5358,97,REU.3.5_1,REU.2.4_1,0.0982723875288578,0.676551395809135,0.578279008280277,2025.16200158507,2025.2602739726,CHIKV_RUN_S34b51_2025,55.516751,-20.924157
3899,198,REU.4.5_1,REU.2.3_1,0.0935555224830817,0.676551395809135,0.582995873326053,2025.16671845012,2025.2602739726,CHIKV_RUN_S34b11_2025,55.506555,-20.91719
4089,1427,REU.4.3_1,REU.4.5_1,0.0927219542573755,0.676551395809135,0.583829441551759,2025.16755201835,2025.2602739726,CHIKV_RUN_S35b20_2025,55.662477,-21.372649
3744,1391,REU.4.8_1,REU.4.8_1,0.0896180559407578,0.676551395809135,0.586933339868377,2025.17065591666,2025.2602739726,CHIKV_RUN_S35b09_2025,55.473367,-21.313868
6184,2997,REU.3.4_1,REU.2.3_1,0.0879634239642324,0.676551395809135,0.588587971844902,2025.17231054864,2025.2602739726,CHIKV_RUN_S34b42_2025,55.459628,-20.892421
6051,2926,REU.2.3_1,REU.2.3_1,0.0815536543638162,0.676551395809135,0.594997741445318,2025.17872031824,2025.2602739726,CHIKV_RUN_S34b52_2025,55.495899,-20.926887
5003,810,REU.4.3_1,REU.2.3_1,0.0740312253617439,0.676551395809135,0.602520170447391,2025.18624274724,2025.2602739726,CHIKV_RUN_S34b36_2025,55.511101,-20.912799
4693,580,REU.4.3_1,REU.4.3_1,0.0680859056520119,0.676551395809135,0.608465490157123,2025.19218806695,2025.2602739726,CHIKV_RUN_S34b49_2025,55.50754,-21.27382
3210,3111,REU.2.3_1,REU.2.3_1,0.0565889068220622,0.676551395809135,0.619962488987073,2025.20368506578,2025.2602739726,CHIKV_RUN_S34b47_2025,55.462128,-20.897223
5137,1262,REU.4.4_1,REU.4.4_1,0.0545047677289292,0.676551395809135,0.622046628080205,2025.20576920487,2025.2602739726,CHIKV_RUN_S34b74_2025,55.567768,-21.333194
4851,857,REU.4.3_1,REU.2.3_1,0.0527058301206835,0.676551395809135,0.623845565688451,2025.20756814248,2025.2602739726,CHIKV_RUN_S26b14_2025,55.474934,-20.917945
4862,770,REU.4.6_1,REU.4.8_1,0.0496589961612371,0.676551395809135,0.626892399647897,2025.21061497644,2025.2602739726,CHIKV_RUN_S33b77_2025,55.461336,-21.290989
4061,294,REU.4.8_1,REU.4.8_1,0.0473725997681462,0.676551395809135,0.629178796040988,2025.21290137283,2025.2602739726,CHIKV_RUN_S34b79_2025,55.48801,-21.333602
4716,488,REU.2.3_1,REU.2.3_1,0.0403338779590765,0.676551395809135,0.636217517850058,2025.21994009464,2025.2602739726,CHIKV_RUN_S34b39_2025,55.423963,-20.877767
5141,1259,REU.4.4_1,REU.4.5_1,0.0376412237278464,0.676551395809135,0.638910172081288,2025.22263274887,2025.2602739726,CHIKV_RUN_S35b17_2025,55.596737,-21.362031
5396,1144,REU.2.3_1,REU.2.3_1,0.0351606161355513,0.676551395809135,0.641390779673583,2025.22511335647,2025.2602739726,CHIKV_RUN_S34b45_2025,55.459118,-20.889822
5031,753,REU.4.3_1,REU.4.2_1,0.033826656615914,0.676551395809135,0.642724739193221,2025.22644731599,2025.2602739726,CHIKV_RUN_S34b91_2025,55.47163,-21.241298
4315,4316,REU.4.3_1,REU.4.3_1,0.158749348290751,0.676589423565414,0.517840075274662,2025.10156265207,2025.26031200036,NA,NA,NA
5795,5796,REU.4.6_1,REU.4.6_1,0.0794024070122501,0.67671028432171,0.59730787730946,2025.1810304541,2025.26043286112,NA,NA,NA
5907,5908,REU.3.1_1,REU.4.3_1,0.341847000350195,0.678038725741113,0.336191725390918,2024.91991430218,2025.26176130253,NA,NA,NA
4457,4458,REU.2.3_1,REU.2.3_1,0.0968171648969864,0.678308765519218,0.581491600622232,2025.16521417742,2025.26203134231,NA,NA,NA
4327,4328,REU.4.8_1,REU.4.8_1,0.119487342581868,0.678648720690983,0.559161378109115,2025.1428839549,2025.26237129748,NA,NA,NA
3583,1838,REU.4.6_1,REU.4.8_1,0.208224115527413,0.679291121836492,0.47106700630908,2025.0547895831,2025.26301369863,CHIKV_RUN_S35b26_2025,55.474091,-21.342737
5148,1270,REU.4.4_1,REU.4.8_1,0.190164621835142,0.679291121836492,0.48912650000135,2025.0728490768,2025.26301369863,CHIKV_RUN_S35b04_2025,55.507195,-21.35199
4425,1539,REU.4.3_1,REU.4.5_1,0.182296951530577,0.679291121836492,0.496994170305915,2025.0807167471,2025.26301369863,CHIKV_RUN_S35b33_2025,55.669869,-21.370745
4783,421,REU.4.3_1,REU.2.3_1,0.164988162985154,0.679291121836492,0.514302958851338,2025.09802553565,2025.26301369863,CHIKV_RUN_S34b88_2025,55.453124,-20.87948
3657,3014,REU.4.8_1,REU.3.5_1,0.142506372010506,0.679291121836492,0.536784749825986,2025.12050732662,2025.26301369863,CHIKV_RUN_S34b37_2025,55.237378,-21.085047
3733,302,REU.4.3_1,REU.4.8_1,0.132139099317088,0.679291121836492,0.547152022519404,2025.13087459931,2025.26301369863,CHIKV_RUN_S35b07_2025,55.478816,-21.321061
4797,420,REU.2.3_1,REU.2.3_1,0.129365856974601,0.679291121836492,0.549925264861891,2025.13364784166,2025.26301369863,CHIKV_RUN_S28b02_2025,55.427756,-20.884912
5862,22,REU.2.3_1,REU.2.3_1,0.128514172452633,0.679291121836492,0.550776949383859,2025.13449952618,2025.26301369863,CHIKV_RUN_S34b83_2025,55.447781,-20.882615
3862,238,REU.4.8_1,REU.4.8_1,0.126111833157376,0.679291121836492,0.553179288679116,2025.13690186547,2025.26301369863,CHIKV_RUN_S35b44_2025,55.483603,-21.335736
3517,2152,REU.4.6_1,REU.4.6_1,0.124986646339843,0.679291121836492,0.554304475496649,2025.13802705229,2025.26301369863,CHIKV_RUN_S35b10_2025,55.44814,-21.277593
5952,1281,REU.4.3_1,REU.4.3_1,0.123715748037723,0.679291121836492,0.555575373798769,2025.13929795059,2025.26301369863,CHIKV_RUN_S35b35_2025,55.514642,-21.29731
4131,978,REU.2.3_1,REU.2.3_1,0.122551739540689,0.679291121836492,0.556739382295803,2025.14046195909,2025.26301369863,CHIKV_RUN_S34b87_2025,55.461922,-20.904806
3541,1899,REU.4.4_1,REU.4.7_1,0.118316626772063,0.679291121836492,0.560974495064429,2025.14469707186,2025.26301369863,CHIKV_RUN_S34b80_2025,55.722197,-21.370763
4987,864,REU.4.3_1,REU.4.3_1,0.11262253357829,0.679291121836492,0.566668588258203,2025.15039116505,2025.26301369863,CHIKV_RUN_S34b85_2025,55.536329,-21.222347
5641,1990,REU.2.3_1,REU.2.5_1,0.105356627019001,0.679291121836492,0.573934494817491,2025.15765707161,2025.26301369863,CHIKV_RUN_S35b02_2025,55.581749,-20.92921
5956,1782,REU.4.6_1,REU.4.8_1,0.0953201312191288,0.679291121836492,0.583970990617363,2025.16769356741,2025.26301369863,CHIKV_RUN_S35b18_2025,55.451076,-21.278693
4861,764,REU.4.6_1,REU.4.8_1,0.0905990284938445,0.679291121836492,0.588692093342647,2025.17241467014,2025.26301369863,CHIKV_RUN_S35b25_2025,55.448108,-21.295353
6011,2310,REU.4.6_1,REU.2.4_1,0.0834891728947725,0.679291121836492,0.59580194894172,2025.17952452574,2025.26301369863,CHIKV_RUN_S34b82_2025,55.513975,-20.916374
4415,1531,REU.4.3_1,REU.2.4_1,0.0829885174765466,0.679291121836492,0.596302604359946,2025.18002518115,2025.26301369863,CHIKV_RUN_S34b92_2025,55.54758,-20.897653
6052,2921,REU.2.3_1,REU.2.4_1,0.0803125414474176,0.679291121836492,0.598978580389074,2025.18270115718,2025.26301369863,CHIKV_RUN_S34b43_2025,55.552915,-20.901466
3426,2082,REU.4.5_1,REU.4.5_1,0.0685277277086642,0.679291121836492,0.610763394127828,2025.19448597092,2025.26301369863,CHIKV_RUN_S34b90_2025,55.664754,-21.361256
3756,1050,REU.2.5_1,REU.2.5_1,0.0632028411517974,0.679291121836492,0.616088280684695,2025.19981085748,2025.26301369863,CHIKV_RUN_S34b84_2025,55.642871,-20.932313
5592,1914,REU.3.4_1,REU.3.2_1,0.0574155487313851,0.679291121836492,0.621875573105107,2025.2055981499,2025.26301369863,CHIKV_RUN_S35b30_2025,55.354315,-21.207176
4005,118,REU.2.3_1,REU.2.3_1,0.0570268679878398,0.679291121836492,0.622264253848652,2025.20598683064,2025.26301369863,CHIKV_RUN_S34b94_2025,55.462623,-20.895358
4771,366,REU.4.5_1,REU.3.2_1,0.0569719629334158,0.679291121836492,0.622319158903076,2025.2060417357,2025.26301369863,CHIKV_RUN_S35b03_2025,55.353664,-21.218052
3260,2823,REU.4.8_1,REU.4.8_1,0.0495718691068648,0.679291121836492,0.629719252729627,2025.21344182952,2025.26301369863,CHIKV_RUN_S35b42_2025,55.472216,-21.338658
4450,94,REU.2.3_1,REU.2.3_1,0.0463084602099566,0.679291121836492,0.632982661626535,2025.21670523842,2025.26301369863,CHIKV_RUN_S34b38_2025,55.457303,-20.898911
4344,300,REU.4.3_1,REU.2.3_1,0.0392172828733767,0.679291121836492,0.640073838963115,2025.22379641576,2025.26301369863,CHIKV_RUN_S34b46_2025,55.482412,-20.911924
3722,1722,REU.2.3_1,REU.2.3_1,0.0332397857609369,0.679291121836492,0.646051336075555,2025.22977391287,2025.26301369863,CHIKV_RUN_S34b86_2025,55.448791,-20.890686
5081,1178,REU.4.8_1,REU.2.3_1,0.0235347198679872,0.679291121836492,0.655756401968505,2025.23947897876,2025.26301369863,CHIKV_RUN_S35b06_2025,55.462846,-20.901711
3418,2035,REU.4.5_1,REU.4.5_1,0.0172429757683938,0.679291121836492,0.662048146068098,2025.24577072286,2025.26301369863,CHIKV_RUN_S35b43_2025,55.663844,-21.378484
3886,185,REU.4.5_1,REU.4.5_1,0.0157776008574679,0.679291121836492,0.663513520979024,2025.24723609777,2025.26301369863,CHIKV_RUN_S35b29_2025,55.700778,-21.360713
5646,1986,REU.2.3_1,REU.2.4_1,0.00617317974145859,0.679291121836492,0.673117942095034,2025.25684051889,2025.26301369863,CHIKV_RUN_S34b73_2025,55.528367,-20.921675
5908,3,REU.4.3_1,REU.4.3_1,0.00125239609537875,0.679291121836492,0.678038725741113,2025.26176130253,2025.26301369863,CHIKV_RUN_S34b93_2025,55.520597,-21.303307
3968,3970,REU.4.8_1,REU.2.3_1,0.0933777093325979,0.680073985609862,0.586696276277264,2025.17041885307,2025.2637965624,NA,NA,NA
5012,5013,REU.4.5_1,REU.4.5_1,0.120144665506127,0.681070969440844,0.560926303934717,2025.14464888073,2025.26479354623,NA,NA,NA
4740,380,REU.4.3_1,REU.2.5_1,0.224977716456155,0.68203084786385,0.457053131407694,2025.0407757082,2025.26575342466,CHIKV_RUN_S35b23_2025,55.593686,-20.911752
5460,2251,REU.4.3_1,REU.4.8_1,0.204706811850689,0.68203084786385,0.477324036013161,2025.06104661281,2025.26575342466,CHIKV_RUN_S36b30_2025,55.477489,-21.330138
4892,675,REU.4.3_1,REU.2.3_1,0.192295613527937,0.68203084786385,0.489735234335913,2025.07345781113,2025.26575342466,CHIKV_RUN_S35b38_2025,55.457633,-20.900334
3695,1807,REU.4.6_1,REU.4.6_1,0.175322612890023,0.68203084786385,0.506708234973826,2025.09043081177,2025.26575342466,CHIKV_RUN_S45b60_2025,55.440118,-21.261287
4732,398,REU.4.3_1,REU.2.3_1,0.172295433874673,0.68203084786385,0.509735413989176,2025.09345799078,2025.26575342466,CHIKV_RUN_S35b34_2025,55.506864,-20.90552
5824,2329,REU.4.6_1,REU.1.3_1,0.136434752327127,0.68203084786385,0.545596095536723,2025.12931867233,2025.26575342466,CHIKV_RUN_S45b46_2025,55.626108,-20.954969
5203,870,REU.4.3_1,REU.4.5_1,0.13399684110951,0.68203084786385,0.54803400675434,2025.13175658355,2025.26575342466,CHIKV_RUN_S36b35_2025,55.612002,-21.379741
5669,2189,REU.4.3_1,REU.4.3_1,0.132669458761995,0.68203084786385,0.549361389101855,2025.1330839659,2025.26575342466,CHIKV_RUN_S35b31_2025,55.534055,-21.256565
4970,655,REU.4.3_1,REU.4.3_1,0.132384379145454,0.68203084786385,0.549646468718396,2025.13336904551,2025.26575342466,CHIKV_RUN_S35b52_2025,55.502423,-21.235649
5670,2186,REU.4.3_1,REU.4.8_1,0.132190644057669,0.68203084786385,0.54984020380618,2025.1335627806,2025.26575342466,CHIKV_RUN_S36b21_2025,55.486412,-21.347464
6042,2961,REU.3.4_1,REU.3.4_1,0.129698611731802,0.68203084786385,0.552332236132047,2025.13605481293,2025.26575342466,CHIKV_RUN_S36b12_2025,55.309335,-21.161133
3922,239,REU.4.6_1,REU.1.4_1,0.127299206678208,0.68203084786385,0.554731641185642,2025.13845421798,2025.26575342466,CHIKV_RUN_S36b81_2025,55.710447,-21.033268
3488,2044,REU.4.5_1,REU.4.5_1,0.12316276105204,0.68203084786385,0.558868086811809,2025.14259066361,2025.26575342466,CHIKV_RUN_S36b03_2025,55.612823,-21.381644
6077,2909,REU.2.3_1,REU.2.3_1,0.121915178785592,0.68203084786385,0.560115669078257,2025.14383824587,2025.26575342466,CHIKV_RUN_S35b45_2025,55.499865,-20.925833
3151,2479,REU.4.4_1,REU.4.6_1,0.120285840174994,0.68203084786385,0.561745007688855,2025.14546758448,2025.26575342466,CHIKV_RUN_S36b20_2025,55.411166,-21.2906
3261,2824,REU.4.8_1,REU.4.8_1,0.116335571471199,0.68203084786385,0.565695276392651,2025.14941785319,2025.26575342466,CHIKV_RUN_S36b11_2025,55.485682,-21.340678
4753,450,REU.2.3_1,REU.1.4_1,0.116230978037612,0.68203084786385,0.565799869826237,2025.14952244662,2025.26575342466,CHIKV_RUN_S37b74_2025,55.734654,-21.094938
3634,2529,REU.4.1_1,REU.1.5_1,0.111541405600924,0.682030847863849,0.570489442262925,2025.15421201906,2025.26575342466,CHIKV_RUN_S37b77_2025,55.778421,-21.126649
5538,2751,REU.3.1_1,REU.3.2_1,0.109946082248233,0.68203084786385,0.572084765615616,2025.15580734241,2025.26575342466,CHIKV_RUN_S45b52_2025,55.329707,-21.244639
3205,1938,REU.4.8_1,REU.1.5_1,0.10442892659754,0.68203084786385,0.57760192126631,2025.16132449806,2025.26575342466,CHIKV_RUN_S36b58_2025,55.819185,-21.158695
3451,2124,REU.4.5_1,REU.4.5_1,0.100507732854276,0.68203084786385,0.581523115009573,2025.1652456918,2025.26575342466,CHIKV_RUN_S35b46_2025,55.634552,-21.335297
4700,564,REU.4.3_1,REU.3.4_1,0.100273229373608,0.68203084786385,0.581757618490241,2025.16548019528,2025.26575342466,CHIKV_RUN_S45b50_2025,55.289728,-21.132399
3844,969,REU.4.8_1,REU.1.5_1,0.0966307670099775,0.68203084786385,0.585400080853872,2025.16912265765,2025.26575342466,CHIKV_RUN_S36b59_2025,55.828075,-21.164687
5219,1620,REU.3.5_1,REU.4.4_1,0.0956222157136606,0.682030847863849,0.586408632150189,2025.17013120894,2025.26575342466,CHIKV_RUN_S45b42_2025,55.576604,-21.336189
5181,1121,REU.4.3_1,REU.4.5_1,0.0930773912792243,0.68203084786385,0.588953456584625,2025.17267603338,2025.26575342466,CHIKV_RUN_S45b36_2025,55.632591,-21.370861
6079,2903,REU.2.3_1,REU.4.8_1,0.092068833860139,0.68203084786385,0.58996201400371,2025.1736845908,2025.26575342466,CHIKV_RUN_S36b09_2025,55.425507,-21.299211
4092,290,REU.4.8_1,REU.4.8_1,0.0913984286398453,0.68203084786385,0.590632419224004,2025.17435499602,2025.26575342466,CHIKV_RUN_S35b40_2025,55.48181,-21.330446
3181,2180,REU.4.8_1,REU.4.8_1,0.0846537595968824,0.68203084786385,0.597377088266967,2025.18109966506,2025.26575342466,CHIKV_RUN_S45b51_2025,55.440031,-21.315044
4498,1372,REU.2.3_1,REU.2.4_1,0.0842348636843797,0.68203084786385,0.59779598417947,2025.18151856097,2025.26575342466,CHIKV_RUN_S45b53_2025,55.558119,-20.898194
5511,2354,REU.3.4_1,REU.3.4_1,0.0767742712386976,0.68203084786385,0.605256576625152,2025.18897915342,2025.26575342466,CHIKV_RUN_S45b55_2025,55.31624,-21.14573
4099,1282,REU.4.5_1,REU.2.3_1,0.0740802648849063,0.68203084786385,0.607950582978943,2025.19167315977,2025.26575342466,CHIKV_RUN_S35b14_2025,55.445317,-20.896568
3373,2594,REU.4.5_1,REU.1.3_1,0.0643812909443078,0.68203084786385,0.617649556919542,2025.20137213371,2025.26575342466,CHIKV_RUN_S45b44_2025,55.648083,-20.968452
3876,180,REU.4.5_1,REU.4.7_1,0.063031095049181,0.68203084786385,0.618999752814668,2025.20272232961,2025.26575342466,CHIKV_RUN_S35b41_2025,55.723651,-21.363656
4410,1530,REU.4.3_1,REU.4.3_1,0.0629611769977503,0.68203084786385,0.619069670866099,2025.20279224766,2025.26575342466,CHIKV_RUN_S45b47_2025,55.576662,-21.23071
5154,1177,REU.2.3_1,REU.4.5_1,0.0555197832872996,0.682030847863849,0.62651106457655,2025.21023364137,2025.26575342466,CHIKV_RUN_S35b19_2025,55.609091,-21.352348
4723,479,REU.2.3_1,REU.2.3_1,0.0524742732878563,0.68203084786385,0.629556574575993,2025.21327915137,2025.26575342466,CHIKV_RUN_S35b27_2025,55.430094,-20.881357
5568,1829,REU.2.3_1,REU.2.3_1,0.0388028714467142,0.68203084786385,0.643227976417135,2025.22695055321,2025.26575342466,CHIKV_RUN_S45b43_2025,55.458162,-20.890265
5365,1432,REU.4.8_1,REU.4.3_1,0.0324176234993832,0.682030847863849,0.649613224364466,2025.23333580116,2025.26575342466,CHIKV_RUN_S35b28_2025,55.506198,-21.255451
4146,1001,REU.2.3_1,REU.1.5_1,0.0292741499917617,0.68203084786385,0.652756697872088,2025.23647927467,2025.26575342466,CHIKV_RUN_S36b57_2025,55.797018,-21.130078
3427,2042,REU.4.5_1,REU.4.5_1,0.0278572227162166,0.68203084786385,0.654173625147633,2025.23789620194,2025.26575342466,CHIKV_RUN_S35b49_2025,55.65683,-21.338729
3363,2432,REU.4.3_1,REU.4.3_1,0.0208963014895329,0.68203084786385,0.661134546374317,2025.24485712317,2025.26575342466,CHIKV_RUN_S45b57_2025,55.510747,-21.254944
3418,2036,REU.4.5_1,REU.4.5_1,0.0199827017957512,0.68203084786385,0.662048146068098,2025.24577072286,2025.26575342466,CHIKV_RUN_S35b32_2025,55.619713,-21.372073
5318,914,REU.2.3_1,REU.1.3_1,0.0195312202657396,0.68203084786385,0.66249962759811,2025.24622220439,2025.26575342466,CHIKV_RUN_S45b30_2025,55.656813,-20.940275
5118,1227,REU.4.5_1,REU.4.5_1,0.0178458655866622,0.68203084786385,0.664184982277187,2025.24790755907,2025.26575342466,CHIKV_RUN_S36b15_2025,55.6309,-21.340483
4230,625,REU.2.1_1,REU.2.3_1,0.0169124157453187,0.682030847863849,0.665118432118531,2025.24884100891,2025.26575342466,CHIKV_RUN_S35b13_2025,55.452371,-20.889316
3852,941,REU.2.4_1,REU.2.4_1,0.0141957379912656,0.68203084786385,0.667835109872584,2025.25155768667,2025.26575342466,CHIKV_RUN_S35b11_2025,55.523182,-20.920082
5478,2279,REU.3.5_1,REU.3.5_1,0.0137337727347859,0.68203084786385,0.668297075129064,2025.25201965192,2025.26575342466,CHIKV_RUN_S35b22_2025,55.239248,-21.096619
6076,2911,REU.2.3_1,REU.2.3_1,0.0119431553212304,0.68203084786385,0.670087692542619,2025.25381026934,2025.26575342466,CHIKV_RUN_S35b39_2025,55.459915,-20.891391
4349,612,REU.4.8_1,REU.1.4_1,0.0102347820761404,0.68203084786385,0.671796065787709,2025.25551864258,2025.26575342466,CHIKV_RUN_S37b75_2025,55.742218,-21.079845
5253,324,REU.4.3_1,REU.4.3_1,0.00560411150420737,0.68203084786385,0.676426736359642,2025.26014931315,2025.26575342466,CHIKV_RUN_S35b12_2025,55.513655,-21.244184
4458,75,REU.2.3_1,REU.2.3_1,0.00372208234463156,0.68203084786385,0.678308765519218,2025.26203134231,2025.26575342466,CHIKV_RUN_S35b15_2025,55.456567,-20.885699
4328,1589,REU.4.8_1,REU.4.8_1,0.00338212717286646,0.68203084786385,0.678648720690983,2025.26237129748,2025.26575342466,CHIKV_RUN_S35b24_2025,55.494334,-21.304604
4910,4911,REU.2.3_1,REU.2.3_1,0.0329816460960467,0.682319342444677,0.64933769634863,2025.23306027314,2025.26604191924,NA,NA,NA
5331,5332,REU.4.3_1,REU.4.3_1,0.0295590494213217,0.682831058846998,0.653272009425676,2025.23699458622,2025.26655363564,NA,NA,NA
4316,4317,REU.4.3_1,REU.4.8_1,0.00644894161454601,0.68303836517996,0.676589423565414,2025.26031200036,2025.26676094197,NA,NA,NA
5348,5349,REU.3.5_1,REU.4.8_1,0.0660148845723588,0.683638337123906,0.617623452551547,2025.20134602935,2025.26736091392,NA,NA,NA
6105,6106,REU.2.3_1,REU.2.3_1,0.0635391753101977,0.684512349127887,0.620973173817689,2025.20469575061,2025.26823492592,NA,NA,NA
4933,860,REU.4.3_1,REU.4.8_1,0.224359376733682,0.684770573891207,0.460411197157525,2025.04413377395,2025.26849315068,CHIKV_RUN_S36b77_2025,55.445779,-21.298926
4245,1421,REU.4.3_1,REU.4.3_1,0.188668481903598,0.684770573891207,0.496102091987609,2025.07982466878,2025.26849315068,CHIKV_RUN_S36b67_2025,55.525237,-21.279942
3512,2838,REU.4.8_1,REU.4.4_1,0.176603039024378,0.684770573891207,0.508167534866829,2025.09189011166,2025.26849315068,CHIKV_RUN_S36b27_2025,55.566444,-21.348978
5816,2174,REU.4.8_1,REU.4.8_1,0.172482244851749,0.684770573891207,0.512288329039458,2025.09601090583,2025.26849315068,CHIKV_RUN_S36b18_2025,55.475368,-21.326873
4805,375,REU.4.3_1,REU.2.4_1,0.168515190395679,0.684770573891207,0.516255383495528,2025.09997796029,2025.26849315068,CHIKV_RUN_S36b24_2025,55.571953,-20.894325
5949,2672,REU.4.6_1,REU.4.6_1,0.159917951368555,0.684770573891207,0.524852622522652,2025.10857519932,2025.26849315068,CHIKV_RUN_S36b02_2025,55.408549,-21.29104
5268,349,REU.4.3_1,REU.4.6_1,0.153740180001933,0.684770573891207,0.531030393889274,2025.11475297068,2025.26849315068,CHIKV_RUN_S37b08_2025,55.406676,-21.287115
4121,1009,REU.2.3_1,REU.2.3_1,0.152914859656103,0.684770573891207,0.531855714235104,2025.11557829103,2025.26849315068,CHIKV_RUN_S35b55_2025,55.44655,-20.899567
4180,1546,REU.4.8_1,REU.1.4_1,0.151752778019384,0.684770573891207,0.533017795871823,2025.11674037267,2025.26849315068,CHIKV_RUN_S37b76_2025,55.705138,-21.069757
5097,1196,REU.4.8_1,REU.2.5_1,0.151031372603917,0.684770573891207,0.53373920128729,2025.11746177808,2025.26849315068,CHIKV_RUN_S36b31_2025,55.594205,-20.912074
5587,1906,REU.3.1_1,REU.3.2_1,0.149986845581464,0.684770573891207,0.534783728309743,2025.1185063051,2025.26849315068,CHIKV_RUN_S37b07_2025,55.364689,-21.212838
6117,2876,REU.2.4_1,REU.2.4_1,0.141146710609798,0.684770573891207,0.543623863281409,2025.12734644008,2025.26849315068,CHIKV_RUN_S36b06_2025,55.523806,-20.927211
6201,2388,REU.4.8_1,REU.4.3_1,0.139622090380644,0.684770573891207,0.545148483510563,2025.1288710603,2025.26849315068,CHIKV_RUN_S37b05_2025,55.49969,-21.269455
6122,2858,REU.2.3_1,REU.4.8_1,0.135357369796253,0.684770573891207,0.549413204094954,2025.13313578089,2025.26849315068,CHIKV_RUN_S36b39_2025,55.497632,-21.293164
5291,1574,REU.4.3_1,REU.4.3_1,0.131303288963513,0.684770573891207,0.553467284927694,2025.13718986172,2025.26849315068,CHIKV_RUN_S36b16_2025,55.513752,-21.277223
4442,84,REU.3.3_1,REU.2.3_1,0.116375250420695,0.684770573891207,0.568395323470512,2025.15211790026,2025.26849315068,CHIKV_RUN_S36b40_2025,55.458092,-20.879665
4352,1564,REU.4.3_1,REU.4.3_1,0.110809725467301,0.684770573891207,0.573960848423906,2025.15768342522,2025.26849315068,CHIKV_RUN_S36b65_2025,55.554845,-21.221076
5872,44,REU.2.3_1,REU.2.3_1,0.109759619504911,0.684770573891207,0.575010954386296,2025.15873353118,2025.26849315068,CHIKV_RUN_S35b36_2025,55.452064,-20.886175
3391,2607,REU.2.3_1,REU.2.3_1,0.106443067790475,0.684770573891207,0.578327506100732,2025.16205008289,2025.26849315068,CHIKV_RUN_S36b41_2025,55.444792,-20.9012
3925,244,REU.4.5_1,REU.4.5_1,0.0978859637274046,0.684770573891207,0.586884610163802,2025.17060718696,2025.26849315068,CHIKV_RUN_S36b46_2025,55.681708,-21.366676
5653,1974,REU.2.5_1,REU.2.3_1,0.0977090712063076,0.684770573891207,0.587061502684899,2025.17078407948,2025.26849315068,CHIKV_RUN_S35b53_2025,55.454217,-20.887795
3738,1636,REU.4.3_1,REU.3.5_1,0.0958717886123952,0.684770573891207,0.588898785278812,2025.17262136207,2025.26849315068,CHIKV_RUN_S36b04_2025,55.331176,-20.984865
4924,784,REU.4.8_1,REU.4.8_1,0.0920594035710383,0.684770573891207,0.592711170320169,2025.17643374711,2025.26849315068,CHIKV_RUN_S36b94_2025,55.464534,-21.337941
5279,355,REU.2.3_1,REU.2.3_1,0.0915815892887457,0.684770573891207,0.593188984602461,2025.1769115614,2025.26849315068,CHIKV_RUN_S36b87_2025,55.464831,-20.8845
3775,1331,REU.3.5_1,REU.3.2_1,0.090423779004012,0.684770573891207,0.594346794887195,2025.17806937168,2025.26849315068,CHIKV_RUN_S36b29_2025,55.336687,-21.237412
4563,1086,REU.4.3_1,REU.4.4_1,0.0883137969751566,0.684770573891207,0.59645677691605,2025.18017935371,2025.26849315068,CHIKV_RUN_S36b74_2025,55.534402,-21.360321
3590,2501,REU.4.8_1,REU.4.8_1,0.0823815900047264,0.684770573891207,0.60238898388648,2025.18611156068,2025.26849315068,CHIKV_RUN_S36b70_2025,55.462462,-21.337648
5868,28,REU.2.3_1,REU.2.3_1,0.0804512472748523,0.684770573891207,0.604319326616354,2025.18804190341,2025.26849315068,CHIKV_RUN_S36b44_2025,55.453019,-20.879682
5182,1624,REU.4.3_1,REU.3.5_1,0.0732720123905567,0.684770573891207,0.61149856150065,2025.19522113829,2025.26849315068,CHIKV_RUN_S36b84_2025,55.331595,-20.99911
5223,1631,REU.3.5_1,REU.2.4_1,0.0723912302153606,0.684770573891207,0.612379343675846,2025.19610192047,2025.26849315068,CHIKV_RUN_S36b07_2025,55.514801,-20.917675
4888,687,REU.4.8_1,REU.4.8_1,0.0716864298555453,0.684770573891207,0.613084144035662,2025.19680672083,2025.26849315068,CHIKV_RUN_S36b33_2025,55.486916,-21.343386
4888,688,REU.4.8_1,REU.1.3_1,0.0716864298555453,0.684770573891207,0.613084144035662,2025.19680672083,2025.26849315068,CHIKV_RUN_S36b14_2025,55.62049,-20.954348
4904,691,REU.4.4_1,REU.2.3_1,0.070571696844812,0.684770573891207,0.614198877046395,2025.19792145384,2025.26849315068,CHIKV_RUN_S36b08_2025,55.476703,-20.893449
3972,143,REU.2.3_1,REU.2.3_1,0.0677029992951483,0.684770573891207,0.617067574596059,2025.20079015139,2025.26849315068,CHIKV_RUN_S36b32_2025,55.455128,-20.888736
4160,1020,REU.2.3_1,REU.2.3_1,0.0542024338656144,0.684770573891207,0.630568140025592,2025.21429071682,2025.26849315068,CHIKV_RUN_S36b42_2025,55.488518,-20.926245
3249,2682,REU.4.6_1,REU.3.2_1,0.0480547182007447,0.684770573891207,0.636715855690462,2025.22043843248,2025.26849315068,CHIKV_RUN_S36b05_2025,55.335907,-21.237616
3467,2038,REU.4.5_1,REU.4.5_1,0.0428683641076794,0.684770573891207,0.641902209783527,2025.22562478658,2025.26849315068,CHIKV_RUN_S36b69_2025,55.616743,-21.375864
6087,2895,REU.4.4_1,REU.4.4_1,0.0278072690096564,0.684770573891207,0.65696330488155,2025.24068588168,2025.26849315068,CHIKV_RUN_S38b40_2025,55.583064,-21.347863
3568,2574,REU.2.3_1,REU.2.3_1,0.025858818441544,0.684770573891207,0.658911755449663,2025.24263433224,2025.26849315068,CHIKV_RUN_S35b37_2025,55.462782,-20.884913
5506,2346,REU.2.3_1,REU.2.3_1,0.0254215960423574,0.684770573891207,0.65934897784885,2025.24307155464,2025.26849315068,CHIKV_RUN_S35b54_2025,55.457891,-20.888457
5227,1714,REU.2.3_1,REU.2.3_1,0.0229043740676057,0.684770573891207,0.661866199823601,2025.24558877662,2025.26849315068,CHIKV_RUN_S28b03_2025,55.448275,-20.89179
4974,651,REU.4.3_1,REU.4.8_1,0.0195242855035496,0.684770573891207,0.665246288387657,2025.24896886518,2025.26849315068,CHIKV_RUN_S36b10_2025,55.447129,-21.28198
4853,776,REU.4.2_1,REU.4.2_1,0.0177982698670914,0.684770573891207,0.666972304024115,2025.25069488082,2025.26849315068,CHIKV_RUN_S36b23_2025,55.482973,-21.24164
4356,1558,REU.4.5_1,REU.4.5_1,0.0107443272758532,0.684770573891207,0.674026246615354,2025.25774882341,2025.26849315068,CHIKV_RUN_S37b03_2025,55.600899,-21.346103
5796,2496,REU.4.6_1,REU.4.6_1,0.00806028956949634,0.684770573891207,0.67671028432171,2025.26043286112,2025.26849315068,CHIKV_RUN_S36b28_2025,55.402411,-21.269929
4458,72,REU.2.3_1,REU.2.4_1,0.00646180837198895,0.684770573891207,0.678308765519218,2025.26203134231,2025.26849315068,CHIKV_RUN_S36b47_2025,55.517213,-20.949991
5672,5673,REU.4.3_1,REU.2.3_1,0.204374494723489,0.686704834134829,0.482330339411339,2025.0660529162,2025.27042741093,NA,NA,NA
5943,2626,REU.4.6_1,REU.4.6_1,0.22675711773704,0.687510299918564,0.460753182181524,2025.04447575898,2025.27123287671,CHIKV_RUN_S37b26_2025,55.406465,-21.289335
3439,2123,REU.4.5_1,REU.4.5_1,0.214015664197369,0.687510299918564,0.473494635721195,2025.05721721251,2025.27123287671,CHIKV_RUN_S37b04_2025,55.601648,-21.354461
4041,3085,REU.4.3_1,REU.4.3_1,0.205786972063567,0.687510299918564,0.481723327854998,2025.06544590465,2025.27123287671,CHIKV_RUN_S36b82_2025,55.530001,-21.220516
5470,2290,REU.4.3_1,REU.4.3_1,0.184364060896774,0.687510299918564,0.50314623902179,2025.08686881582,2025.27123287671,CHIKV_RUN_S36b78_2025,55.548848,-21.250426
4197,1311,REU.4.3_1,REU.2.4_1,0.157753742272785,0.687510299918564,0.529756557645779,2025.11347913444,2025.27123287671,CHIKV_RUN_S36b63_2025,55.54216,-20.946748
6088,2877,REU.2.3_1,REU.2.3_1,0.150226667994841,0.687510299918564,0.537283631923723,2025.12100620872,2025.27123287671,CHIKV_RUN_S36b75_2025,55.444588,-20.909778
3436,2046,REU.4.5_1,REU.4.5_1,0.142496160143227,0.687510299918564,0.545014139775337,2025.12873671657,2025.27123287671,CHIKV_RUN_S36b93_2025,55.632653,-21.374048
5438,2698,REU.3.4_1,REU.2.3_1,0.131742287168181,0.687510299918564,0.555768012750383,2025.13949058954,2025.27123287671,CHIKV_RUN_S36b73_2025,55.46222,-20.89166
3526,2016,REU.4.8_1,REU.4.5_1,0.117444799438014,0.687510299918564,0.57006550048055,2025.15378807727,2025.27123287671,CHIKV_RUN_S36b79_2025,55.613182,-21.341037
4444,82,REU.3.3_1,REU.4.4_1,0.115453119629533,0.687510299918564,0.572057180289031,2025.15577975708,2025.27123287671,CHIKV_RUN_S36b86_2025,55.539587,-21.337892
4865,763,REU.4.6_1,REU.3.1_1,0.107493836051657,0.687510299918564,0.580016463866907,2025.16373904066,2025.27123287671,CHIKV_RUN_S36b66_2025,55.390181,-21.239489
3918,209,REU.4.5_1,REU.4.5_1,0.105100981048705,0.687510299918564,0.58240931886986,2025.16613189566,2025.27123287671,CHIKV_RUN_S37b23_2025,55.621974,-21.376159
6017,2499,REU.3.1_1,REU.3.2_1,0.0983266706455517,0.687510299918564,0.589183629273013,2025.17290620607,2025.27123287671,CHIKV_RUN_S37b33_2025,55.341489,-21.22632
6068,2935,REU.2.3_1,REU.2.3_1,0.0945151209256516,0.687510299918564,0.592995178992913,2025.17671775579,2025.27123287671,CHIKV_RUN_S36b76_2025,55.505459,-20.912928
4090,1581,REU.4.3_1,REU.4.6_1,0.094102508114978,0.687510299918564,0.593407791803586,2025.1771303686,2025.27123287671,CHIKV_RUN_S37b22_2025,55.41041,-21.203343
5104,1186,REU.4.8_1,REU.4.3_1,0.0927175974890078,0.687510299918564,0.594792702429557,2025.17851527922,2025.27123287671,CHIKV_RUN_S36b91_2025,55.531203,-21.223437
3369,2611,REU.4.5_1,REU.4.5_1,0.0895423933926454,0.687510299918564,0.597967906525919,2025.18169048332,2025.27123287671,CHIKV_RUN_S37b29_2025,55.623625,-21.379174
3511,1942,REU.4.8_1,REU.3.5_1,0.0860581640833226,0.687510299918564,0.601452135835242,2025.18517471263,2025.27123287671,CHIKV_RUN_S36b92_2025,55.218996,-21.043183
5395,1145,REU.2.3_1,REU.2.3_1,0.0850741048741582,0.687510299918564,0.602436195044406,2025.18615877184,2025.27123287671,CHIKV_RUN_S36b95_2025,55.485693,-20.90823
4939,727,REU.2.3_1,REU.2.3_1,0.0838560773322385,0.687510299918564,0.603654222586326,2025.18737679938,2025.27123287671,CHIKV_RUN_S37b09_2025,55.458044,-20.904445
4813,447,REU.2.3_1,REU.2.3_1,0.0818739957788064,0.687510299918564,0.605636304139758,2025.18935888093,2025.27123287671,CHIKV_RUN_S36b62_2025,55.435923,-20.920802
5595,1911,REU.3.1_1,REU.2.3_1,0.0726253651046309,0.687510299918564,0.614884934813933,2025.19860751161,2025.27123287671,CHIKV_RUN_S36b85_2025,55.43917,-20.896348
5550,2314,REU.4.8_1,REU.3.1_1,0.0474700140169151,0.687510299918564,0.640040285901649,2025.2237628627,2025.27123287671,CHIKV_RUN_S37b25_2025,55.335535,-21.268174
3134,1787,REU.2.3_1,REU.2.3_1,0.0425253549894569,0.687510299918564,0.644984944929107,2025.22870752172,2025.27123287671,CHIKV_RUN_S36b43_2025,55.501016,-20.90024
6047,2919,REU.2.3_1,REU.2.2_1,0.0345857868494249,0.687510299918564,0.652924513069139,2025.23664708986,2025.27123287671,CHIKV_RUN_S50b04_2025,55.30726,-20.939579
5506,2353,REU.2.3_1,REU.2.3_1,0.0281613220697148,0.687510299918564,0.65934897784885,2025.24307155464,2025.27123287671,CHIKV_RUN_S36b45_2025,55.463336,-20.893336
4317,1405,REU.4.8_1,REU.1.3_1,0.00447193473860463,0.687510299918564,0.68303836517996,2025.26676094197,2025.27123287671,CHIKV_RUN_S36b72_2025,55.659589,-20.973932
5104,5105,REU.4.8_1,REU.4.8_1,0.0941735234094148,0.688966225838971,0.594792702429557,2025.17851527922,2025.27268880263,NA,NA,NA
4618,4620,REU.2.3_1,REU.2.3_1,0.0908768795295252,0.689896211857003,0.599019332327478,2025.18274190912,2025.27361878865,NA,NA,NA
4201,1295,REU.4.3_1,REU.4.8_1,0.203249608675984,0.690250025946149,0.487000417270165,2025.07072299406,2025.27397260274,CHIKV_RUN_S37b40_2025,55.536768,-21.330156
3656,2802,REU.4.8_1,REU.4.3_1,0.197849262182412,0.690250025946149,0.492400763763737,2025.07612334056,2025.27397260274,CHIKV_RUN_S37b27_2025,55.536511,-21.191852
4535,1674,REU.4.3_1,REU.4.8_1,0.196034192106331,0.690250025946149,0.494215833839818,2025.07793841063,2025.27397260274,CHIKV_RUN_S38b05_2025,55.47794,-21.284875
5312,1618,REU.4.3_1,REU.2.3_1,0.192650570532666,0.690250025946149,0.497599455413483,2025.08132203221,2025.27397260274,CHIKV_RUN_S37b16_2025,55.407765,-20.89103
5572,2360,REU.4.8_1,REU.4.3_1,0.186257998927355,0.690250025946149,0.503992027018794,2025.08771460381,2025.27397260274,CHIKV_RUN_S37b34_2025,55.5026,-21.262005
5813,2334,REU.4.8_1,REU.4.8_1,0.178888217409253,0.690250025946149,0.511361808536896,2025.09508438533,2025.27397260274,CHIKV_RUN_S38b21_2025,55.492457,-21.272136
5696,1852,REU.3.1_1,REU.3.1_1,0.167413982537084,0.690250025946149,0.522836043409065,2025.1065586202,2025.27397260274,CHIKV_RUN_S38b80_2025,55.370885,-21.271162
3974,124,REU.4.8_1,REU.4.8_1,0.153117208025232,0.690250025946149,0.537132817920917,2025.12085539471,2025.27397260274,CHIKV_RUN_S38b20_2025,55.477605,-21.317369
3675,2382,REU.4.8_1,REU.3.4_1,0.139103549663896,0.690250025946149,0.551146476282253,2025.13486905308,2025.27397260274,CHIKV_RUN_S37b15_2025,55.325483,-21.166768
5384,262,REU.4.3_1,REU.4.5_1,0.135243067184886,0.690250025946149,0.555006958761263,2025.13872953556,2025.27397260274,CHIKV_RUN_S38b12_2025,55.596597,-21.352251
4097,285,REU.4.3_1,REU.4.5_1,0.131941729338994,0.690250025946149,0.558308296607155,2025.1420308734,2025.27397260274,CHIKV_RUN_S37b21_2025,55.611081,-21.38211
3224,2304,REU.3.1_1,REU.2.3_1,0.125124415395702,0.690250025946149,0.565125610550447,2025.14884818734,2025.27397260274,CHIKV_RUN_S38b91_2025,55.492202,-20.913623
3310,2403,REU.3.4_1,REU.2.3_1,0.1139399862857,0.690250025946149,0.576310039660449,2025.16003261645,2025.27397260274,CHIKV_RUN_S38b87_2025,55.453065,-20.88857
4200,1305,REU.4.6_1,REU.4.6_1,0.100185210200692,0.690250025946149,0.590064815745457,2025.17378739254,2025.27397260274,CHIKV_RUN_S38b90_2025,55.430984,-21.261781
3217,2295,REU.3.1_1,REU.4.5_1,0.0919345517194026,0.690250025946149,0.598315474226746,2025.18203805102,2025.27397260274,CHIKV_RUN_S38b28_2025,55.668686,-21.374603
6193,2972,REU.3.4_1,REU.2.3_1,0.0914301915291182,0.690250025946149,0.598819834417031,2025.18254241121,2025.27397260274,CHIKV_RUN_S37b11_2025,55.445982,-20.890035
5381,260,REU.4.3_1,REU.2.3_1,0.0906902227929993,0.690250025946149,0.59955980315315,2025.18328237995,2025.27397260274,CHIKV_RUN_S37b13_2025,55.460532,-20.907133
4463,78,REU.2.3_1,REU.2.3_1,0.0869455630182251,0.690250025946149,0.603304462927924,2025.18702703972,2025.27397260274,CHIKV_RUN_S38b84_2025,55.4599,-20.896873
4052,1298,REU.3.5_1,REU.3.5_1,0.0859550649659601,0.690250025946149,0.604294960980189,2025.18801753777,2025.27397260274,CHIKV_RUN_S38b19_2025,55.289423,-21.022964
4168,1011,REU.2.3_1,REU.2.3_1,0.0839810724114313,0.690250025946149,0.606268953534718,2025.18999153033,2025.27397260274,CHIKV_RUN_S37b31_2025,55.445489,-20.89772
5864,34,REU.2.3_1,REU.2.3_1,0.0811116156288159,0.690250025946149,0.609138410317333,2025.19286098711,2025.27397260274,CHIKV_RUN_S37b20_2025,55.459654,-20.886868
6018,3098,REU.3.1_1,REU.4.6_1,0.0805539947588785,0.690250025946149,0.60969603118727,2025.19341860798,2025.27397260274,CHIKV_RUN_S38b04_2025,55.430984,-21.261781
4568,1485,REU.4.8_1,REU.2.4_1,0.0772789482570599,0.690250025946149,0.612971077689089,2025.19669365448,2025.27397260274,CHIKV_RUN_S37b37_2025,55.525427,-20.930651
3312,2467,REU.3.4_1,REU.4.6_1,0.072153854245572,0.690250025946149,0.618096171700577,2025.20181874849,2025.27397260274,CHIKV_RUN_S37b30_2025,55.418062,-21.277593
3311,2404,REU.3.4_1,REU.2.4_1,0.0690860901267684,0.690250025946149,0.621163935819381,2025.20488651261,2025.27397260274,CHIKV_RUN_S38b89_2025,55.513975,-20.916374
4156,1024,REU.2.3_1,REU.4.5_1,0.0657790723172567,0.690250025946149,0.624470953628892,2025.20819353042,2025.27397260274,CHIKV_RUN_S37b38_2025,55.610518,-21.385485
5409,1154,REU.1.3_1,REU.1.3_1,0.0642697466899506,0.690250025946149,0.625980279256198,2025.20970285605,2025.27397260274,CHIKV_RUN_S38b03_2025,55.666701,-20.954756
6169,2968,REU.4.3_1,REU.4.8_1,0.0627019054353697,0.690250025946149,0.627548120510779,2025.2112706973,2025.27397260274,CHIKV_RUN_S37b41_2025,55.47771,-21.340618
4450,81,REU.2.3_1,REU.2.3_1,0.0572673643196135,0.690250025946149,0.632982661626535,2025.21670523842,2025.27397260274,CHIKV_RUN_S37b17_2025,55.4454,-20.889306
3992,144,REU.3.5_1,REU.2.3_1,0.052621892381416,0.690250025946149,0.637628133564733,2025.22135071036,2025.27397260274,CHIKV_RUN_S38b85_2025,55.4601,-20.896222
4963,840,REU.4.3_1,REU.4.8_1,0.0510887288411881,0.690250025946149,0.639161297104961,2025.2228838739,2025.27397260274,CHIKV_RUN_S37b24_2025,55.460544,-21.339095
4867,767,REU.4.6_1,REU.4.6_1,0.0509555637711085,0.690250025946149,0.63929446217504,2025.22301703897,2025.27397260274,CHIKV_RUN_S37b36_2025,55.415217,-21.273369
3467,2113,REU.4.5_1,REU.4.1_1,0.0483478161626215,0.690250025946149,0.641902209783527,2025.22562478658,2025.27397260274,CHIKV_RUN_S37b28_2025,55.471975,-21.138809
4717,487,REU.2.3_1,REU.2.3_1,0.0460970474660501,0.690250025946149,0.644152978480099,2025.22787555527,2025.27397260274,CHIKV_RUN_S37b10_2025,55.428349,-20.877709
4147,988,REU.2.3_1,REU.2.3_1,0.0317722774922697,0.690250025946149,0.658477748453879,2025.24220032525,2025.27397260274,CHIKV_RUN_S38b88_2025,55.495211,-20.915258
6089,2872,REU.2.4_1,REU.2.4_1,0.0196786854103355,0.690250025946149,0.670571340535814,2025.25429391733,2025.27397260274,CHIKV_RUN_S37b19_2025,55.525907,-20.934859
3819,1642,REU.4.8_1,REU.4.8_1,0.0155830978286666,0.690250025946149,0.674666928117482,2025.25838950491,2025.27397260274,CHIKV_RUN_S37b32_2025,55.498538,-21.274632
3970,148,REU.2.3_1,REU.2.3_1,0.0101760403362872,0.690250025946149,0.680073985609862,2025.2637965624,2025.27397260274,CHIKV_RUN_S36b83_2025,55.469236,-20.895792
5332,1290,REU.4.3_1,REU.4.4_1,0.00741896709915124,0.690250025946149,0.682831058846998,2025.26655363564,2025.27397260274,CHIKV_RUN_S38b26_2025,55.558799,-21.351246
4620,426,REU.2.3_1,REU.2.3_1,0.000353814089145921,0.690250025946149,0.689896211857003,2025.27361878865,2025.27397260274,CHIKV_RUN_S37b14_2025,55.445712,-20.885625
3208,3209,REU.4.6_1,REU.4.6_1,0.0935932376541009,0.69043439791113,0.596841160257029,2025.18056373705,2025.2741569747,NA,NA,NA
3832,971,REU.3.5_1,REU.4.6_1,0.185685475473477,0.692989751973506,0.507304276500029,2025.09102685329,2025.27671232877,CHIKV_RUN_S26b05_2025,55.403704,-21.28939
5854,56,REU.4.3_1,REU.4.3_1,0.16547755810832,0.692989751973506,0.527512193865187,2025.11123477066,2025.27671232877,CHIKV_RUN_S38b17_2025,55.498653,-21.25509
6188,2976,REU.3.4_1,REU.2.3_1,0.155678830293235,0.692989751973506,0.537310921680271,2025.12103349847,2025.27671232877,CHIKV_RUN_S38b35_2025,55.460825,-20.885648
5925,2560,REU.4.3_1,REU.2.4_1,0.150026156725096,0.692989751973506,0.54296359524841,2025.12668617204,2025.27671232877,CHIKV_RUN_S26b04_2025,55.568755,-20.902701
5655,1994,REU.2.5_1,REU.2.5_1,0.139872759358479,0.692989751973506,0.553116992615027,2025.13683956941,2025.27671232877,CHIKV_RUN_S38b51_2025,55.597434,-20.906699
5167,1106,REU.4.8_1,REU.4.6_1,0.122888554667692,0.692989751973506,0.570101197305814,2025.1538237741,2025.27671232877,CHIKV_RUN_S38b09_2025,55.405702,-21.214299
6178,2978,REU.4.6_1,REU.2.3_1,0.120853364090992,0.692989751973507,0.572136387882514,2025.15585896468,2025.27671232877,CHIKV_RUN_S38b43_2025,55.460202,-20.888827
4491,1436,REU.4.3_1,REU.2.3_1,0.106157959381482,0.692989751973506,0.586831792592024,2025.17055436939,2025.27671232877,CHIKV_RUN_S38b52_2025,55.45737,-20.921905
5781,2315,REU.4.3_1,REU.4.6_1,0.097096460044487,0.692989751973506,0.595893291929019,2025.17961586872,2025.27671232877,CHIKV_RUN_S38b25_2025,55.414768,-21.272328
4004,119,REU.2.3_1,REU.2.3_1,0.084621643735053,0.692989751973506,0.608368108238453,2025.19209068503,2025.27671232877,CHIKV_RUN_S38b38_2025,55.463976,-20.891577
4062,296,REU.4.8_1,REU.4.8_1,0.0506839777073049,0.692989751973506,0.642305774266202,2025.22602835106,2025.27671232877,CHIKV_RUN_S38b08_2025,55.531264,-21.330809
3274,2814,REU.4.8_1,REU.1.6_1,0.0506294421335673,0.692989751973506,0.642360309839939,2025.22608288663,2025.27671232877,CHIKV_RUN_S39b42_2025,55.531072,-21.017131
3274,2830,REU.4.8_1,REU.2.5_1,0.0506294421335673,0.692989751973506,0.642360309839939,2025.22608288663,2025.27671232877,CHIKV_RUN_S39b43_2025,55.583101,-20.928353
5860,31,REU.2.3_1,REU.2.3_1,0.0479713177126451,0.692989751973506,0.645018434260861,2025.22874101105,2025.27671232877,CHIKV_RUN_S38b50_2025,55.486604,-20.904984
4548,1613,REU.2.3_1,REU.2.3_1,0.0462720356737597,0.692989751973506,0.646717716299747,2025.23044029309,2025.27671232877,CHIKV_RUN_S38b53_2025,55.45834,-20.88173
6089,2873,REU.2.4_1,REU.2.3_1,0.0224184114376929,0.692989751973506,0.670571340535814,2025.25429391733,2025.27671232877,CHIKV_RUN_S38b02_2025,55.446471,-20.892798
4911,852,REU.2.3_1,REU.2.3_1,0.0106704095288298,0.692989751973506,0.682319342444677,2025.26604191924,2025.27671232877,CHIKV_RUN_S38b47_2025,55.470498,-20.898234
3209,2793,REU.4.6_1,REU.4.6_1,0.0025553540623765,0.692989751973507,0.69043439791113,2025.2741569747,2025.27671232877,CHIKV_RUN_S38b11_2025,55.402125,-21.286722
6152,2957,REU.3.4_1,REU.3.4_1,0.259216346188408,0.695729478000864,0.436513131812455,2025.02023570861,2025.27945205479,CHIKV_RUN_S38b79_2025,55.289455,-21.17725
5519,2023,REU.4.3_1,REU.4.8_1,0.23905392118395,0.695729478000864,0.456675556816913,2025.04039813361,2025.27945205479,CHIKV_RUN_S38b27_2025,55.555104,-21.317199
5345,621,REU.4.3_1,REU.2.3_1,0.192648813206136,0.695729478000864,0.503080664794728,2025.08680324159,2025.27945205479,CHIKV_RUN_S38b62_2025,55.480343,-20.894943
5512,2348,REU.4.5_1,REU.4.2_1,0.189265884893211,0.695729478000864,0.506463593107653,2025.0901861699,2025.27945205479,CHIKV_RUN_S38b30_2025,55.479296,-21.248167
4007,137,REU.3.5_1,REU.2.3_1,0.164254603477327,0.695729478000864,0.531474874523537,2025.11519745132,2025.27945205479,CHIKV_RUN_S38b37_2025,55.462213,-20.887479
4802,423,REU.4.3_1,REU.4.8_1,0.155796857065239,0.695729478000864,0.539932620935624,2025.12365519773,2025.27945205479,CHIKV_RUN_S38b33_2025,55.517599,-21.357332
3346,2427,REU.3.4_1,REU.2.3_1,0.151943388719908,0.695729478000864,0.543786089280956,2025.12750866607,2025.27945205479,CHIKV_RUN_S38b45_2025,55.471153,-20.923601
3459,2115,REU.4.5_1,REU.4.5_1,0.134056478769902,0.695729478000864,0.561672999230961,2025.14539557602,2025.27945205479,CHIKV_RUN_S38b75_2025,55.610763,-21.369291
6222,2149,REU.4.3_1,REU.4.5_1,0.128738287093556,0.695729478000864,0.566991190907308,2025.1507137677,2025.27945205479,CHIKV_RUN_S38b49_2025,55.614344,-21.374973
3301,2473,REU.3.4_1,REU.3.4_1,0.125595311904256,0.695729478000864,0.570134166096608,2025.15385674289,2025.27945205479,CHIKV_RUN_S38b81_2025,55.312888,-21.220221
6210,2777,REU.4.3_1,REU.4.5_1,0.125123831905201,0.695729478000864,0.570605646095663,2025.15432822289,2025.27945205479,CHIKV_RUN_S39b08_2025,55.649512,-21.380534
3226,2302,REU.3.1_1,REU.4.8_1,0.123326367161204,0.695729478000864,0.57240311083966,2025.15612568763,2025.27945205479,CHIKV_RUN_S38b23_2025,55.455507,-21.292882
3375,2603,REU.4.5_1,REU.3.2_1,0.121015691716566,0.695729478000864,0.574713786284298,2025.15843636308,2025.27945205479,CHIKV_RUN_S38b73_2025,55.350901,-21.213968
5360,1650,REU.4.8_1,REU.4.8_1,0.118485248291687,0.695729478000864,0.577244229709177,2025.1609668065,2025.27945205479,CHIKV_RUN_S38b72_2025,55.489166,-21.347578
3201,2629,REU.4.6_1,REU.4.6_1,0.112649776883799,0.695729478000864,0.583079701117065,2025.16680227791,2025.27945205479,CHIKV_RUN_S26b07_2025,55.413486,-21.291325
5418,1889,REU.3.5_1,REU.4.1_1,0.110121640664484,0.695729478000864,0.58560783733638,2025.16933041413,2025.27945205479,CHIKV_RUN_S38b10_2025,55.465201,-21.140709
5410,1149,REU.2.3_1,REU.2.3_1,0.105741296508644,0.695729478000864,0.58998818149222,2025.17371075829,2025.27945205479,CHIKV_RUN_S38b42_2025,55.48786,-20.894513
4260,1684,REU.4.8_1,REU.2.3_1,0.0875802745605462,0.695729478000864,0.608149203440318,2025.19187178023,2025.27945205479,CHIKV_RUN_S38b29_2025,55.445471,-20.87571
3465,2111,REU.4.5_1,REU.4.5_1,0.0837099538963694,0.695729478000864,0.612019524104494,2025.1957421009,2025.27945205479,CHIKV_RUN_S38b32_2025,55.623169,-21.378321
5017,834,REU.1.3_1,REU.1.3_1,0.0836869236062008,0.695729478000864,0.612042554394663,2025.19576513119,2025.27945205479,CHIKV_RUN_S39b40_2025,55.658675,-20.968304
5987,2657,REU.4.8_1,REU.4.6_1,0.0829611825686732,0.695729478000864,0.612768295432191,2025.19649087223,2025.27945205479,CHIKV_RUN_S38b06_2025,55.403275,-21.271692
5544,1903,REU.4.8_1,REU.4.6_1,0.0710817293791471,0.695729478000864,0.624647748621716,2025.20837032542,2025.27945205479,CHIKV_RUN_S38b86_2025,55.417216,-21.269164
3179,2638,REU.3.5_1,REU.3.5_1,0.0707604284174974,0.695729478000864,0.624969049583366,2025.20869162638,2025.27945205479,CHIKV_RUN_S38b36_2025,55.318852,-20.990132
4275,875,REU.2.3_1,REU.4.8_1,0.069693700424283,0.695729478000864,0.626035777576581,2025.20975835437,2025.27945205479,CHIKV_RUN_S38b22_2025,55.535288,-21.322361
5082,1197,REU.4.8_1,REU.4.8_1,0.0607708404306784,0.695729478000864,0.634958637570185,2025.21868121436,2025.27945205479,CHIKV_RUN_S39b11_2025,55.501942,-21.346573
4696,577,REU.4.8_1,REU.1.4_1,0.0586893789787561,0.695729478000864,0.637040099022107,2025.22076267582,2025.27945205479,CHIKV_RUN_S39b44_2025,55.746737,-21.081733
4285,1131,REU.4.8_1,REU.2.3_1,0.0576982566815647,0.695729478000864,0.638031221319299,2025.22175379811,2025.27945205479,CHIKV_RUN_S38b65_2025,55.454217,-20.887795
3345,2440,REU.2.3_1,REU.2.3_1,0.0553181123106434,0.695729478000864,0.64041136569022,2025.22413394248,2025.27945205479,CHIKV_RUN_S38b46_2025,55.449866,-20.872771
3361,2419,REU.3.4_1,REU.2.3_1,0.0426986382164458,0.695729478000864,0.653030839784418,2025.23675341658,2025.27945205479,CHIKV_RUN_S38b60_2025,55.474427,-20.890008
5101,1187,REU.4.8_1,REU.4.8_1,0.0324608553455716,0.695729478000864,0.663268622655292,2025.24699119945,2025.27945205479,CHIKV_RUN_S38b78_2025,55.463583,-21.340783
3183,1873,REU.3.1_1,REU.2.3_1,0.31257883185477,0.698469204028221,0.385890372173452,2024.96961294897,2025.28219178082,CHIKV_RUN_S38b70_2025,55.425901,-20.88476
3837,947,REU.3.5_1,REU.2.2_1,0.23099152666791,0.698469204028221,0.467477677360312,2025.05120025415,2025.28219178082,CHIKV_RUN_S39b01_2025,55.294827,-20.945847
3380,2615,REU.3.1_1,REU.3.5_1,0.205849009779156,0.698469204028221,0.492620194249065,2025.07634277104,2025.28219178082,CHIKV_RUN_S30b03_2025,55.285481,-20.984528
5555,1778,REU.3.1_1,REU.4.5_1,0.196270780850095,0.698469204028221,0.502198423178126,2025.08592099997,2025.28219178082,CHIKV_RUN_S39b23_2025,55.619304,-21.374006
5804,2758,REU.3.1_1,REU.4.8_1,0.185194537993064,0.698469204028221,0.513274666035157,2025.09699724283,2025.28219178082,CHIKV_RUN_S39b39_2025,55.47316,-21.331994
3848,946,REU.3.5_1,REU.4.3_1,0.17697776617964,0.698469204028221,0.521491437848581,2025.10521401464,2025.28219178082,CHIKV_RUN_S38b82_2025,55.516078,-21.243197
3243,2762,REU.4.8_1,REU.2.3_1,0.176678463911317,0.698469204028221,0.521790740116904,2025.10551331691,2025.28219178082,CHIKV_RUN_S39b07_2025,55.464831,-20.8845
3547,3080,REU.4.6_1,REU.4.6_1,0.152200990107497,0.698469204028221,0.546268213920724,2025.12999079071,2025.28219178082,CHIKV_RUN_S39b31_2025,55.4298,-21.245384
5449,2256,REU.2.3_1,REU.2.5_1,0.143713211028199,0.698469204028221,0.554755993000022,2025.13847856979,2025.28219178082,CHIKV_RUN_S38b61_2025,55.582692,-20.923073
4683,541,REU.4.3_1,REU.4.8_1,0.143419924601488,0.698469204028221,0.555049279426733,2025.13877185622,2025.28219178082,CHIKV_RUN_S39b02_2025,55.473832,-21.283269
4569,1481,REU.4.8_1,REU.4.8_1,0.141337926120875,0.698469204028221,0.557131277907347,2025.1408538547,2025.28219178082,CHIKV_RUN_S38b95_2025,55.477373,-21.334398
4506,1362,REU.2.4_1,REU.2.4_1,0.137413528337271,0.698469204028221,0.56105567569095,2025.14477825248,2025.28219178082,CHIKV_RUN_S38b93_2025,55.530076,-20.948881
3526,2209,REU.4.8_1,REU.1.3_1,0.128403703547671,0.698469204028221,0.57006550048055,2025.15378807727,2025.28219178082,CHIKV_RUN_S39b47_2025,55.652334,-20.964826
5626,2492,REU.4.3_1,REU.4.8_1,0.127175953243575,0.698469204028221,0.571293250784646,2025.15501582758,2025.28219178082,CHIKV_RUN_S39b24_2025,55.484025,-21.337149
6046,2918,REU.2.3_1,REU.2.3_1,0.123593782593346,0.698469204028221,0.574875421434875,2025.15859799823,2025.28219178082,CHIKV_RUN_S38b59_2025,55.506216,-20.916598
5757,2498,REU.2.3_1,REU.2.3_1,0.118628327742428,0.698469204028221,0.579840876285794,2025.16356345308,2025.28219178082,CHIKV_RUN_S39b04_2025,55.490935,-20.901952
3588,2696,REU.4.8_1,REU.2.4_1,0.116320094384798,0.698469204028221,0.582149109643423,2025.16587168644,2025.28219178082,CHIKV_RUN_S39b14_2025,55.521663,-20.941052
5357,1129,REU.3.5_1,REU.4.8_1,0.110659278805027,0.698469204028221,0.587809925223194,2025.17153250202,2025.28219178082,CHIKV_RUN_S39b25_2025,55.457268,-21.291525
4656,549,REU.4.3_1,REU.2.4_1,0.109195058785332,0.698469204028221,0.589274145242889,2025.17299672204,2025.28219178082,CHIKV_RUN_S38b58_2025,55.519976,-20.92603
4143,1010,REU.2.3_1,REU.2.3_1,0.107083769323691,0.698469204028221,0.59138543470453,2025.1751080115,2025.28219178082,CHIKV_RUN_S39b13_2025,55.444583,-20.893761
6104,2897,REU.3.5_1,REU.2.3_1,0.104030652972906,0.698469204028221,0.594438551055316,2025.17816112785,2025.28219178082,CHIKV_RUN_S38b57_2025,55.477733,-20.892582
4640,565,REU.4.3_1,REU.3.5_1,0.101981971902886,0.698469204028221,0.596487232125335,2025.18020980892,2025.28219178082,CHIKV_RUN_S38b66_2025,55.322556,-20.977532
5381,261,REU.4.3_1,REU.4.8_1,0.0989094008750715,0.698469204028221,0.59955980315315,2025.18328237995,2025.28219178082,CHIKV_RUN_S39b03_2025,55.485063,-21.340821
5145,1260,REU.4.4_1,REU.1.4_1,0.0977132080504475,0.698469204028221,0.600755995977774,2025.18447857277,2025.28219178082,CHIKV_RUN_S39b41_2025,55.714074,-21.047535
5421,1891,REU.3.5_1,REU.2.3_1,0.0948446413542408,0.698469204028221,0.60362456267398,2025.18734713947,2025.28219178082,CHIKV_RUN_S38b56_2025,55.485376,-20.911961
5493,2543,REU.2.3_1,REU.2.5_1,0.0937109148501622,0.698469204028221,0.604758289178059,2025.18848086597,2025.28219178082,CHIKV_RUN_S40b89_2025,55.621512,-20.913059
5245,333,REU.2.3_1,REU.2.3_1,0.09167486275828,0.698469204028221,0.606794341269941,2025.19051691806,2025.28219178082,CHIKV_RUN_S38b74_2025,55.459432,-20.880183
5241,360,REU.2.3_1,REU.2.3_1,0.0888598063261496,0.698469204028221,0.609609397702072,2025.1933319745,2025.28219178082,CHIKV_RUN_S38b83_2025,55.477414,-20.892111
5017,833,REU.1.3_1,REU.1.3_1,0.0864266496335582,0.698469204028221,0.612042554394663,2025.19576513119,2025.28219178082,CHIKV_RUN_S26b01_2025,55.648137,-20.935778
6012,2148,REU.4.6_1,REU.4.6_1,0.0768806886749177,0.698469204028221,0.621588515353303,2025.20531109215,2025.28219178082,CHIKV_RUN_S39b32_2025,55.409107,-21.221717
4169,1002,REU.2.3_1,REU.2.3_1,0.0751066940826791,0.698469204028221,0.623362509945542,2025.20708508674,2025.28219178082,CHIKV_RUN_S38b67_2025,55.459483,-20.904368
3175,2841,REU.4.3_1,REU.4.3_1,0.0703897173437578,0.698469204028221,0.628079486684463,2025.21180206348,2025.28219178082,CHIKV_RUN_S39b18_2025,55.512141,-21.279218
5117,1223,REU.4.3_1,REU.4.5_1,0.0700725220514666,0.698469204028221,0.628396681976754,2025.21211925877,2025.28219178082,CHIKV_RUN_S39b26_2025,55.613431,-21.326165
3613,3025,REU.4.3_1,REU.4.3_1,0.0684132196772578,0.698469204028221,0.630055984350963,2025.21377856114,2025.28219178082,CHIKV_RUN_S39b27_2025,55.521595,-21.2349
3889,173,REU.2.3_1,REU.2.3_1,0.065552921155954,0.698469204028221,0.632916282872267,2025.21663885967,2025.28219178082,CHIKV_RUN_S39b22_2025,55.450214,-20.893547
4285,604,REU.4.8_1,REU.1.3_1,0.0604379827089221,0.698469204028221,0.638031221319299,2025.22175379811,2025.28219178082,CHIKV_RUN_S39b38_2025,55.659018,-20.970858
6170,2966,REU.4.3_1,REU.4.8_1,0.0533892739151821,0.698469204028221,0.645079930113039,2025.22880250691,2025.28219178082,CHIKV_RUN_S38b76_2025,55.476813,-21.339855
3314,2405,REU.4.8_1,REU.4.8_1,0.0531865507657365,0.698469204028221,0.645282653262485,2025.22900523006,2025.28219178082,CHIKV_RUN_S38b69_2025,55.470887,-21.291268
4804,392,REU.2.3_1,REU.1.1_1,0.0509832316761504,0.698469204028221,0.647485972352071,2025.23120854915,2025.28219178082,CHIKV_RUN_S40b95_2025,55.681076,-21.000309
3576,2581,REU.4.8_1,REU.4.6_1,0.043040769704298,0.698469204028221,0.655428434323923,2025.23915101112,2025.28219178082,CHIKV_RUN_S39b37_2025,55.419016,-21.282889
3497,2120,REU.4.8_1,REU.3.5_1,0.0414370370092341,0.698469204028221,0.657032167018987,2025.24075474381,2025.28219178082,CHIKV_RUN_S39b16_2025,55.274079,-21.04032
3592,3595,REU.3.1_1,REU.4.6_1,0.177625426384168,0.698925250324326,0.521299823940159,2025.10502240073,2025.28264782712,NA,NA,NA
6195,6196,REU.3.4_1,REU.4.8_1,0.156157752378079,0.69982244470687,0.543664692328791,2025.12738726912,2025.2835450215,NA,NA,NA
5917,5918,REU.4.8_1,REU.1.3_1,0.0876174422137284,0.700521609933428,0.6129041677197,2025.19662674451,2025.28424418673,NA,NA,NA
4501,4502,REU.2.3_1,REU.2.3_1,0.126100550099478,0.701077168356067,0.574976618256589,2025.15869919505,2025.28479974515,NA,NA,NA
3573,2585,REU.3.1_1,REU.4.6_1,0.231925688848186,0.701208930055579,0.469283241207393,2025.053005818,2025.28493150685,CHIKV_RUN_S39b62_2025,55.401378,-21.287179
4636,552,REU.4.3_1,REU.3.5_1,0.209096069168043,0.701208930055579,0.492112860887535,2025.07583543768,2025.28493150685,CHIKV_RUN_S52b05_2025,55.284859,-21.026749
3502,2066,REU.4.5_1,REU.4.6_1,0.183825938779064,0.701208930055579,0.517382991276514,2025.10110556807,2025.28493150685,CHIKV_RUN_S39b52_2025,55.436329,-21.244515
5087,1232,REU.4.4_1,REU.4.3_1,0.179397533537202,0.701208930055579,0.521811396518377,2025.10553397331,2025.28493150685,CHIKV_RUN_S39b53_2025,55.534628,-21.309883
3230,2632,REU.4.8_1,REU.1.1_1,0.177983931384531,0.701208930055579,0.523224998671048,2025.10694757546,2025.28493150685,CHIKV_RUN_S40b93_2025,55.650124,-20.977217
3849,945,REU.3.5_1,REU.2.4_1,0.177192328097547,0.701208930055579,0.524016601958032,2025.10773917875,2025.28493150685,CHIKV_RUN_S39b54_2025,55.520905,-20.918113
3621,3026,REU.4.3_1,REU.4.8_1,0.171725570837006,0.701208930055579,0.529483359218573,2025.11320593601,2025.28493150685,CHIKV_RUN_S39b72_2025,55.455264,-21.30967
3553,1847,REU.4.8_1,REU.4.4_1,0.162407517432598,0.701208930055579,0.538801412622981,2025.12252398942,2025.28493150685,CHIKV_RUN_S39b46_2025,55.570231,-21.330523
5611,2844,REU.4.3_1,REU.4.6_1,0.160605092693972,0.701208930055579,0.540603837361606,2025.12432641416,2025.28493150685,CHIKV_RUN_S39b51_2025,55.430735,-21.282518
4669,572,REU.4.3_1,REU.4.8_1,0.15262520565087,0.701208930055579,0.548583724404709,2025.1323063012,2025.28493150685,CHIKV_RUN_S39b55_2025,55.475368,-21.326873
4231,1709,REU.4.8_1,REU.1.4_1,0.149143367117264,0.701208930055579,0.552065562938314,2025.13578813973,2025.28493150685,CHIKV_RUN_S40b91_2025,55.714386,-21.047271
4443,80,REU.3.3_1,REU.4.5_1,0.144254790277708,0.701208930055579,0.55695413977787,2025.14067671657,2025.28493150685,CHIKV_RUN_S39b57_2025,55.626056,-21.381787
3356,2424,REU.2.3_1,REU.2.3_1,0.143108389713194,0.701208930055579,0.558100540342384,2025.14182311714,2025.28493150685,CHIKV_RUN_S39b49_2025,55.480657,-20.905604
3459,2116,REU.4.5_1,REU.4.6_1,0.139535930824617,0.701208930055578,0.561672999230961,2025.14539557602,2025.28493150685,CHIKV_RUN_S39b33_2025,55.404308,-21.276694
5035,740,REU.3.1_1,REU.2.5_1,0.132376089135111,0.701208930055579,0.568832840920467,2025.15255541771,2025.28493150685,CHIKV_RUN_S52b03_2025,55.606734,-20.93692
4520,1653,REU.4.8_1,REU.2.4_1,0.125759876346187,0.701208930055579,0.575449053709391,2025.1591716305,2025.28493150685,CHIKV_RUN_S39b17_2025,55.520113,-20.940545
3489,2081,REU.4.5_1,REU.4.5_1,0.12155816257876,0.701208930055579,0.579650767476819,2025.16337334427,2025.28493150685,CHIKV_RUN_S50b77_2025,55.631318,-21.375297
5757,2147,REU.2.3_1,REU.2.4_1,0.121368053769785,0.701208930055579,0.579840876285794,2025.16356345308,2025.28493150685,CHIKV_RUN_S39b21_2025,55.568487,-20.894745
4531,1663,REU.4.3_1,REU.4.8_1,0.118612033022817,0.701208930055579,0.582596897032762,2025.16631947383,2025.28493150685,CHIKV_RUN_S39b86_2025,55.47888,-21.320298
3408,2078,REU.3.5_1,REU.4.8_1,0.115471641724596,0.701208930055579,0.585737288330983,2025.16945986512,2025.28493150685,CHIKV_RUN_S39b29_2025,55.473496,-21.332937
4739,413,REU.4.8_1,REU.4.8_1,0.11020066817878,0.701208930055579,0.591008261876798,2025.17473083867,2025.28493150685,CHIKV_RUN_S39b59_2025,55.464958,-21.33668
5677,2011,REU.4.8_1,REU.4.8_1,0.109229260440933,0.701208930055579,0.591979669614645,2025.17570224641,2025.28493150685,CHIKV_RUN_S39b74_2025,55.494293,-21.348909
5742,1956,REU.3.1_1,REU.3.2_1,0.106601803561523,0.701208930055579,0.594607126494055,2025.17832970329,2025.28493150685,CHIKV_RUN_S39b34_2025,55.338824,-21.23846
4838,829,REU.4.8_1,REU.2.4_1,0.104501296468047,0.701208930055579,0.596707633587532,2025.18043021038,2025.28493150685,CHIKV_RUN_S52b01_2025,55.528974,-20.940236
5948,2772,REU.4.6_1,REU.4.6_1,0.0969782702328268,0.701208930055579,0.604230659822752,2025.18795323662,2025.28493150685,CHIKV_RUN_S39b80_2025,55.415905,-21.278574
4055,307,REU.4.4_1,REU.4.4_1,0.0927665184429105,0.701208930055579,0.608442411612668,2025.19216498841,2025.28493150685,CHIKV_RUN_S50b76_2025,55.557782,-21.351479
3926,247,REU.4.5_1,REU.4.5_1,0.0881929326157644,0.701208930055579,0.613015997439814,2025.19673857423,2025.28493150685,CHIKV_RUN_S39b60_2025,55.687162,-21.371027
5498,2545,REU.4.8_1,REU.4.5_1,0.0848789477174887,0.701208930055579,0.61632998233809,2025.20005255913,2025.28493150685,CHIKV_RUN_S39b61_2025,55.677942,-21.371995
4519,1672,REU.4.3_1,REU.4.3_1,0.0763518891752342,0.701208930055579,0.624857040880344,2025.20857961767,2025.28493150685,CHIKV_RUN_S39b35_2025,55.512403,-21.241733
3693,1845,REU.4.6_1,REU.2.3_1,0.0749261993738874,0.701208930055579,0.626282730681691,2025.21000530748,2025.28493150685,CHIKV_RUN_S39b05_2025,55.464564,-20.892562
4030,1130,REU.2.3_1,REU.4.8_1,0.0743902190609086,0.701208930055579,0.62681871099467,2025.21054128779,2025.28493150685,CHIKV_RUN_S40b24_2025,55.475471,-21.331253
5753,2631,REU.4.8_1,REU.4.8_1,0.074181013866121,0.701208930055579,0.627027916189458,2025.21075049298,2025.28493150685,CHIKV_RUN_S39b50_2025,55.478153,-21.327759
6092,2850,REU.4.8_1,REU.2.1_1,0.0714287330564392,0.701208930055579,0.62978019699914,2025.21350277379,2025.28493150685,CHIKV_RUN_S52b54_2025,55.330992,-20.948085
4170,1025,REU.2.3_1,REU.2.3_1,0.0688616620203484,0.701208930055579,0.63234726803523,2025.21606984483,2025.28493150685,CHIKV_RUN_S39b36_2025,55.451909,-20.892271
3897,194,REU.4.5_1,REU.2.3_1,0.0679549593600032,0.701208930055579,0.633253970695575,2025.21697654749,2025.28493150685,CHIKV_RUN_S52b04_2025,55.455976,-20.891687
4053,1297,REU.3.5_1,REU.3.5_1,0.0670167556051706,0.701208930055578,0.634192174450408,2025.21791475124,2025.28493150685,CHIKV_RUN_S39b20_2025,55.295871,-21.020646
5141,1258,REU.4.4_1,REU.4.4_1,0.0622987579742903,0.701208930055579,0.638910172081288,2025.22263274887,2025.28493150685,CHIKV_RUN_S52b06_2025,55.558984,-21.335959
4427,1523,REU.1.4_1,REU.1.4_1,0.0448351414555297,0.701208930055579,0.656373788600049,2025.24009636539,2025.28493150685,CHIKV_RUN_S40b92_2025,55.701902,-21.068443
5545,2164,REU.4.8_1,REU.4.3_1,0.0445319330784379,0.701208930055578,0.65667699697714,2025.24039957377,2025.28493150685,CHIKV_RUN_S50b90_2025,55.51758,-21.276085
3446,2128,REU.4.5_1,REU.4.5_1,0.0299236904112432,0.701208930055579,0.671285239644336,2025.25500781644,2025.28493150685,CHIKV_RUN_S39b69_2025,55.662882,-21.341066
5673,2190,REU.2.3_1,REU.4.8_1,0.0145040959207499,0.701208930055579,0.686704834134829,2025.27042741093,2025.28493150685,CHIKV_RUN_S39b63_2025,55.474105,-21.340409
4786,4787,REU.2.4_1,REU.2.4_1,0.077521727729554,0.702748687408513,0.62522695967896,2025.20894953647,2025.2864712642,NA,NA,NA
5349,5350,REU.4.8_1,REU.4.8_1,0.0196404317630205,0.703278768886926,0.683638337123906,2025.26736091392,2025.28700134568,NA,NA,NA
5830,2386,REU.3.1_1,REU.4.8_1,0.293066939179884,0.703948656082936,0.410881716903052,2024.9946042937,2025.28767123288,CHIKV_RUN_S39b85_2025,55.473462,-21.312593
6133,3006,REU.4.6_1,REU.4.6_1,0.244418430019694,0.703948656082936,0.459530226063242,2025.04325280286,2025.28767123288,CHIKV_RUN_S40b04_2025,55.401791,-21.289581
3645,2532,REU.4.1_1,REU.4.1_1,0.206057761359998,0.703948656082936,0.497890894722938,2025.08161347152,2025.28767123288,CHIKV_RUN_S39b88_2025,55.468294,-21.148248
6060,2917,REU.2.3_1,REU.2.3_1,0.167742682090869,0.703948656082936,0.536205973992067,2025.11992855079,2025.28767123288,CHIKV_RUN_S39b84_2025,55.456676,-20.889094
4183,1301,REU.4.3_1,REU.3.1_1,0.15570746686598,0.703948656082936,0.548241189216956,2025.13196376601,2025.28767123288,CHIKV_RUN_S39b82_2025,55.373136,-21.267465
4525,1670,REU.4.3_1,REU.4.4_1,0.147047307066577,0.703948656082936,0.556901349016359,2025.14062392581,2025.28767123288,CHIKV_RUN_S40b30_2025,55.561835,-21.338211
3874,182,REU.4.6_1,REU.4.4_1,0.146705179327566,0.703948656082936,0.55724347675537,2025.14096605355,2025.28767123288,CHIKV_RUN_S39b66_2025,55.554889,-21.369655
5002,809,REU.4.3_1,REU.4.2_1,0.13327208920521,0.703948656082936,0.570676566877726,2025.15439914367,2025.28767123288,CHIKV_RUN_S40b18_2025,55.493326,-21.241301
4460,87,REU.4.8_1,REU.1.3_1,0.127255045095892,0.703948656082936,0.576693610987044,2025.16041618778,2025.28767123288,CHIKV_RUN_S39b67_2025,55.649451,-20.938514
4608,496,REU.2.3_1,REU.2.5_1,0.121854354556494,0.703948656082936,0.582094301526442,2025.16581687832,2025.28767123288,CHIKV_RUN_S39b91_2025,55.596283,-20.910227
5366,1704,REU.4.8_1,REU.4.8_1,0.116883703928068,0.703948656082936,0.587064952154868,2025.17078752895,2025.28767123288,CHIKV_RUN_S40b20_2025,55.475796,-21.338963
3542,1896,REU.4.4_1,REU.1.1_1,0.116429332310006,0.703948656082936,0.58751932377293,2025.17124190057,2025.28767123288,CHIKV_RUN_S39b79_2025,55.647413,-20.976557
5340,1475,REU.4.8_1,REU.2.3_1,0.114197624061508,0.703948656082936,0.589751032021428,2025.17347360882,2025.28767123288,CHIKV_RUN_S39b45_2025,55.417004,-20.892115
6182,2974,REU.2.3_1,REU.2.3_1,0.10816903465434,0.703948656082936,0.595779621428596,2025.17950219822,2025.28767123288,CHIKV_RUN_S39b81_2025,55.461223,-20.916203
3508,3046,REU.4.6_1,REU.4.6_1,0.103253148767795,0.703948656082936,0.600695507315141,2025.18441808411,2025.28767123288,CHIKV_RUN_S40b28_2025,55.443635,-21.241308
5511,2352,REU.3.4_1,REU.2.3_1,0.0986920794577841,0.703948656082936,0.605256576625152,2025.18897915342,2025.28767123288,CHIKV_RUN_S39b56_2025,55.479955,-20.892462
5671,2192,REU.4.3_1,REU.4.8_1,0.0948838422916475,0.703948656082936,0.609064813791288,2025.19278739058,2025.28767123288,CHIKV_RUN_S39b65_2025,55.538041,-21.338609
5182,1120,REU.4.3_1,REU.4.2_1,0.0924500945822858,0.703948656082936,0.61149856150065,2025.19522113829,2025.28767123288,CHIKV_RUN_S40b27_2025,55.480321,-21.236938
3304,2465,REU.3.4_1,REU.3.4_1,0.0885494363725802,0.703948656082936,0.615399219710356,2025.1991217965,2025.28767123288,CHIKV_RUN_S40b14_2025,55.303485,-21.194965
3484,2102,REU.4.5_1,REU.2.3_1,0.0812661108787136,0.703948656082936,0.622682545204222,2025.206405122,2025.28767123288,CHIKV_RUN_S39b87_2025,55.48831,-20.893197
4160,1022,REU.2.3_1,REU.2.3_1,0.0733805160573435,0.703948656082936,0.630568140025592,2025.21429071682,2025.28767123288,CHIKV_RUN_S39b68_2025,55.44588,-20.891759
3430,2106,REU.4.4_1,REU.4.4_1,0.0627878220183579,0.703948656082936,0.641160834064578,2025.22488341086,2025.28767123288,CHIKV_RUN_S40b13_2025,55.567864,-21.368298
5403,1147,REU.2.3_1,REU.2.3_1,0.0586707067718097,0.703948656082936,0.645277949311126,2025.2290005261,2025.28767123288,CHIKV_RUN_S39b73_2025,55.433168,-20.923119
5166,1107,REU.4.8_1,REU.4.6_1,0.0564896692805895,0.703948656082936,0.647458986802346,2025.2311815636,2025.28767123288,CHIKV_RUN_S40b36_2025,55.420886,-21.250588
4804,484,REU.2.3_1,REU.2.3_1,0.0564626837308652,0.703948656082936,0.647485972352071,2025.23120854915,2025.28767123288,CHIKV_RUN_S39b58_2025,55.49909,-20.909516
5678,2013,REU.4.8_1,REU.4.5_1,0.0537640692164454,0.703948656082936,0.650184586866491,2025.23390716366,2025.28767123288,CHIKV_RUN_S39b94_2025,55.61101,-21.37986
3236,2688,REU.4.8_1,REU.4.8_1,0.0519796265644142,0.703948656082936,0.651969029518522,2025.23569160631,2025.28767123288,CHIKV_RUN_S39b70_2025,55.487308,-21.339267
5397,1140,REU.2.3_1,REU.3.5_1,0.046926347323443,0.703948656082936,0.657022308759493,2025.24074488555,2025.28767123288,CHIKV_RUN_S39b75_2025,55.2618,-21.050424
3886,184,REU.4.5_1,REU.4.5_1,0.0404351351039118,0.703948656082936,0.663513520979024,2025.24723609777,2025.28767123288,CHIKV_RUN_S40b29_2025,55.666161,-21.374805
4057,99,REU.4.8_1,REU.4.8_1,0.0343238759312781,0.703948656082936,0.669624780151658,2025.25334735695,2025.28767123288,CHIKV_RUN_S40b19_2025,55.474877,-21.327411
4620,427,REU.2.3_1,REU.4.5_1,0.0140524442259329,0.703948656082936,0.689896211857003,2025.27361878865,2025.28767123288,CHIKV_RUN_S40b16_2025,55.616541,-21.370151
3595,1932,REU.4.6_1,REU.4.6_1,0.00502340575860971,0.703948656082936,0.698925250324326,2025.28264782712,2025.28767123288,CHIKV_RUN_S40b10_2025,55.435737,-21.269448
5350,1336,REU.4.8_1,REU.4.8_1,0.0006698871960098,0.703948656082936,0.703278768886926,2025.28700134568,2025.28767123288,CHIKV_RUN_S39b64_2025,55.478455,-21.316046
5533,5534,REU.3.1_1,REU.3.1_1,0.23951243104807,0.704537129069749,0.46502469802168,2025.04874727482,2025.28825970586,NA,NA,NA
5229,5230,REU.2.5_1,REU.1.3_1,0.149889271450172,0.704866793692199,0.554977522242027,2025.13870009904,2025.28858937049,NA,NA,NA
5084,5085,REU.4.4_1,REU.2.3_1,0.174621097010621,0.70602318687467,0.53140208986405,2025.11512466666,2025.28974576367,NA,NA,NA
4633,460,REU.4.3_1,REU.4.5_1,0.363038384938328,0.706688382110521,0.343649997172192,2024.92737257397,2025.2904109589,CHIKV_RUN_S40b60_2025,55.68368,-21.355686
4245,1339,REU.4.3_1,REU.2.3_1,0.210586290122912,0.706688382110521,0.496102091987609,2025.07982466878,2025.2904109589,CHIKV_RUN_S40b23_2025,55.451421,-20.876196
5924,2555,REU.4.3_1,REU.4.3_1,0.200981107993902,0.706688382110521,0.505707274116619,2025.08942985091,2025.2904109589,CHIKV_RUN_S40b07_2025,55.516054,-21.278681
4705,518,REU.4.3_1,REU.4.3_1,0.185153717690103,0.706688382110521,0.521534664420418,2025.10525724121,2025.2904109589,CHIKV_RUN_S39b92_2025,55.528609,-21.250653
4872,759,REU.4.3_1,REU.4.6_1,0.18387025922139,0.706688382110521,0.522818122889131,2025.10654069968,2025.2904109589,CHIKV_RUN_S40b05_2025,55.446566,-21.270643
5084,1214,REU.4.4_1,REU.4.6_1,0.175286292246471,0.706688382110521,0.53140208986405,2025.11512466666,2025.2904109589,CHIKV_RUN_S40b66_2025,55.444695,-21.278153
3869,192,REU.4.5_1,REU.4.5_1,0.161246216454344,0.706688382110521,0.545442165656177,2025.12916474245,2025.2904109589,CHIKV_RUN_S39b93_2025,55.623169,-21.378321
4925,793,REU.4.8_1,REU.4.8_1,0.145139455398841,0.706688382110521,0.56154892671168,2025.14527150351,2025.2904109589,CHIKV_RUN_S41b89_2025,55.509576,-21.349659
3865,241,REU.4.5_1,REU.4.5_1,0.144194234201895,0.706688382110521,0.562494147908626,2025.1462167247,2025.2904109589,CHIKV_RUN_S40b35_2025,55.629918,-21.333714
5024,718,REU.4.3_1,REU.4.8_1,0.144000660422996,0.706688382110521,0.562687721687524,2025.14641029848,2025.2904109589,CHIKV_RUN_S40b03_2025,55.520265,-21.331271
3627,2533,REU.4.1_1,REU.4.1_1,0.141134037364793,0.706688382110521,0.565554344745728,2025.14927692154,2025.2904109589,CHIKV_RUN_S40b26_2025,55.467806,-21.137405
4746,432,REU.4.3_1,REU.4.3_1,0.140071125694942,0.706688382110521,0.566617256415579,2025.15033983321,2025.2904109589,CHIKV_RUN_S40b67_2025,55.531006,-21.264591
3425,2096,REU.4.5_1,REU.4.5_1,0.132120655345669,0.706688382110521,0.574567726764852,2025.15829030356,2025.2904109589,CHIKV_RUN_S40b71_2025,55.644286,-21.380714
5766,2015,REU.3.1_1,REU.3.1_1,0.12812874881501,0.706688382110521,0.578559633295511,2025.16228221009,2025.2904109589,CHIKV_RUN_S40b51_2025,55.370465,-21.271405
5278,356,REU.2.3_1,REU.2.3_1,0.125752430988109,0.706688382110521,0.580935951122412,2025.16465852792,2025.2904109589,CHIKV_RUN_S40b45_2025,55.446471,-20.892798
3201,1825,REU.4.6_1,REU.2.3_1,0.123608680993456,0.706688382110521,0.583079701117065,2025.16680227791,2025.2904109589,CHIKV_RUN_S40b47_2025,55.467496,-20.885487
3632,2534,REU.4.1_1,REU.3.2_1,0.120767314297072,0.706688382110521,0.585921067813449,2025.16964364461,2025.2904109589,CHIKV_RUN_S40b12_2025,55.335907,-21.237617
4172,1005,REU.2.3_1,REU.2.3_1,0.119488855948685,0.706688382110521,0.587199526161836,2025.17092210296,2025.2904109589,CHIKV_RUN_S40b01_2025,55.448217,-20.884803
4529,1673,REU.4.3_1,REU.4.3_1,0.118201676646625,0.706688382110521,0.588486705463896,2025.17220928226,2025.2904109589,CHIKV_RUN_S41b94_2025,55.537049,-21.252713
5304,1080,REU.4.3_1,REU.4.3_1,0.114583798825858,0.706688382110521,0.592104583284663,2025.17582716008,2025.2904109589,CHIKV_RUN_S40b40_2025,55.513193,-21.245227
5079,1179,REU.4.4_1,REU.4.8_1,0.11000866475001,0.706688382110521,0.596679717360511,2025.18040229415,2025.2904109589,CHIKV_RUN_S40b44_2025,55.471691,-21.288172
4765,428,REU.2.3_1,REU.2.4_1,0.105373057640317,0.706688382110521,0.601315324470204,2025.18503790126,2025.2904109589,CHIKV_RUN_S40b46_2025,55.531964,-20.935119
5980,2656,REU.4.8_1,REU.2.2_1,0.0971786800209734,0.706688382110521,0.609509702089547,2025.19323227888,2025.2904109589,CHIKV_RUN_S49b72_2025,55.295433,-20.931909
3752,1053,REU.2.3_1,REU.2.4_1,0.0966358223476184,0.706688382110521,0.610052559762902,2025.19377513656,2025.2904109589,CHIKV_RUN_S40b38_2025,55.539417,-20.931825
4943,732,REU.4.6_1,REU.4.8_1,0.0954294772747866,0.706688382110521,0.611258904835734,2025.19498148163,2025.2904109589,CHIKV_RUN_S39b95_2025,55.511515,-21.353132
5137,1199,REU.4.4_1,REU.2.3_1,0.0846417540303153,0.706688382110521,0.622046628080205,2025.20576920487,2025.2904109589,CHIKV_RUN_S40b31_2025,55.495592,-20.896745
4504,1365,REU.2.4_1,REU.2.4_1,0.0818849495610038,0.706688382110521,0.624803432549517,2025.20852600934,2025.2904109589,CHIKV_RUN_S40b11_2025,55.52873,-20.919731
4940,726,REU.2.3_1,REU.2.3_1,0.0748611069074165,0.706688382110521,0.631827275203104,2025.215549852,2025.2904109589,CHIKV_RUN_S40b37_2025,55.458044,-20.904445
5252,322,REU.4.3_1,REU.4.3_1,0.069223128634295,0.706688382110521,0.637465253476226,2025.22118783027,2025.2904109589,CHIKV_RUN_S40b49_2025,55.515884,-21.262394
5396,1137,REU.2.3_1,REU.2.3_1,0.0652976024369374,0.706688382110521,0.641390779673583,2025.22511335647,2025.2904109589,CHIKV_RUN_S40b08_2025,55.462496,-20.894064
5259,334,REU.2.3_1,REU.2.3_1,0.0619457463283004,0.706688382110521,0.64474263578222,2025.22846521258,2025.2904109589,CHIKV_RUN_S40b02_2025,55.457671,-20.890602
5678,2012,REU.4.8_1,REU.4.8_1,0.0565037952440302,0.706688382110521,0.650184586866491,2025.23390716366,2025.2904109589,CHIKV_RUN_S41b90_2025,55.47952,-21.335084
6087,2865,REU.4.4_1,REU.2.3_1,0.0497250772289702,0.706688382110521,0.65696330488155,2025.24068588168,2025.2904109589,CHIKV_RUN_S40b34_2025,55.441189,-20.880932
5022,818,REU.4.6_1,REU.4.6_1,0.038109462097025,0.706688382110521,0.668578920013496,2025.25230149681,2025.2904109589,CHIKV_RUN_S40b15_2025,55.418116,-21.281106
3725,1723,REU.3.5_1,REU.3.5_1,0.0353070872009048,0.706688382110521,0.671381294909616,2025.2551038717,2025.2904109589,CHIKV_RUN_S40b06_2025,55.270797,-21.013133
5908,4,REU.4.3_1,REU.4.3_1,0.0286496563694074,0.706688382110521,0.678038725741113,2025.26176130253,2025.2904109589,CHIKV_RUN_S40b68_2025,55.523401,-21.293741
5349,1340,REU.4.8_1,REU.4.8_1,0.0230500449866151,0.706688382110521,0.683638337123906,2025.26736091392,2025.2904109589,CHIKV_RUN_S40b25_2025,55.476379,-21.333452
3233,3234,REU.4.8_1,REU.4.8_1,0.143565558031582,0.707588295702372,0.564022737670791,2025.14774531446,2025.2913108725,NA,NA,NA
3392,2610,REU.3.1_1,REU.2.5_1,0.292164459784245,0.709428108137878,0.417263648353634,2025.00098622515,2025.29315068493,CHIKV_RUN_S40b53_2025,55.597665,-20.901435
4626,497,REU.4.3_1,REU.1.1_1,0.241331545060393,0.709428108137878,0.468096563077485,2025.05181913987,2025.29315068493,CHIKV_RUN_S39b90_2025,55.666465,-20.990704
4587,1447,REU.4.3_1,REU.4.5_1,0.207213789780601,0.709428108137878,0.502214318357277,2025.08593689515,2025.29315068493,CHIKV_RUN_S41b41_2025,55.640773,-21.308567
3297,2429,REU.3.4_1,REU.2.3_1,0.196394959446021,0.709428108137878,0.513033148691857,2025.09675572549,2025.29315068493,CHIKV_RUN_S41b31_2025,55.422173,-20.877883
4882,684,REU.4.3_1,REU.2.3_1,0.190932147810264,0.709428108137878,0.518495960327614,2025.10221853712,2025.29315068493,CHIKV_RUN_S41b22_2025,55.491125,-20.936082
4191,924,REU.4.3_1,REU.2.3_1,0.173585198627522,0.709428108137878,0.535842909510356,2025.1195654863,2025.29315068493,CHIKV_RUN_S41b18_2025,55.463424,-20.891969
3869,195,REU.4.5_1,REU.2.3_1,0.163985942481701,0.709428108137878,0.545442165656177,2025.12916474245,2025.29315068493,CHIKV_RUN_S41b57_2025,55.456567,-20.885699
6099,2893,REU.2.3_1,REU.2.3_1,0.154641347764751,0.709428108137878,0.554786760373127,2025.13850933717,2025.29315068493,CHIKV_RUN_S40b64_2025,55.45723,-20.922458
4400,1541,REU.4.3_1,REU.4.3_1,0.150226511125984,0.709428108137878,0.559201597011894,2025.14292417381,2025.29315068493,CHIKV_RUN_S41b13_2025,55.512133,-21.283914
5736,1962,REU.3.1_1,REU.4.6_1,0.146839197288531,0.709428108137878,0.562588910849347,2025.14631148764,2025.29315068493,CHIKV_RUN_S41b71_2025,55.446609,-21.271805
5383,264,REU.4.2_1,REU.4.2_1,0.142347622204726,0.709428108137878,0.567080485933152,2025.15080306273,2025.29315068493,CHIKV_RUN_S40b62_2025,55.471505,-21.247267
3783,890,REU.2.1_1,REU.2.1_1,0.133254050620665,0.709428108137878,0.576174057517213,2025.15989663431,2025.29315068493,CHIKV_RUN_S41b08_2025,55.332299,-20.949834
3317,2406,REU.3.4_1,REU.3.4_1,0.128876286943656,0.709428108137878,0.580551821194222,2025.16427439799,2025.29315068493,CHIKV_RUN_S40b70_2025,55.324467,-21.159459
5873,45,REU.2.3_1,REU.2.3_1,0.128503902352451,0.709428108137878,0.580924205785427,2025.16464678258,2025.29315068493,CHIKV_RUN_S40b56_2025,55.481867,-20.888266
3653,2285,REU.3.5_1,REU.3.5_1,0.123289638298329,0.709428108137878,0.58613846983955,2025.16986104663,2025.29315068493,CHIKV_RUN_S41b78_2025,55.28727,-21.046325
6209,2775,REU.4.3_1,REU.4.8_1,0.118900497217664,0.709428108137878,0.590527610920214,2025.17425018771,2025.29315068493,CHIKV_RUN_S40b69_2025,55.470868,-21.290801
4459,73,REU.2.3_1,REU.1.3_1,0.11722499029158,0.709428108137878,0.592203117846298,2025.17592569464,2025.29315068493,CHIKV_RUN_S40b57_2025,55.658816,-20.94524
4640,528,REU.4.3_1,REU.3.4_1,0.112940876012543,0.709428108137878,0.596487232125335,2025.18020980892,2025.29315068493,CHIKV_RUN_S40b63_2025,55.332702,-21.17301
4151,993,REU.2.3_1,REU.2.3_1,0.109885705328974,0.709428108137878,0.599542402808904,2025.1832649796,2025.29315068493,CHIKV_RUN_S41b23_2025,55.480315,-20.914897
5126,1211,REU.4.8_1,REU.4.3_1,0.105544307067517,0.709428108137878,0.603883801070361,2025.18760637786,2025.29315068493,CHIKV_RUN_S42b06_2025,55.542984,-21.28055
3959,3083,REU.2.4_1,REU.2.4_1,0.100769181011689,0.709428108137878,0.608658927126189,2025.19238150392,2025.29315068493,CHIKV_RUN_S40b58_2025,55.558628,-20.897551
5671,2193,REU.4.3_1,REU.4.3_1,0.10036329434659,0.709428108137878,0.609064813791288,2025.19278739058,2025.29315068493,CHIKV_RUN_S41b29_2025,55.524636,-21.239183
5591,1915,REU.3.4_1,REU.3.4_1,0.100239054753784,0.709428108137878,0.609189053384094,2025.19291163018,2025.29315068493,CHIKV_RUN_S41b10_2025,55.309655,-21.220139
4818,449,REU.2.3_1,REU.2.3_1,0.0915831019273214,0.709428108137878,0.617845006210557,2025.201567583,2025.29315068493,CHIKV_RUN_S40b55_2025,55.495393,-20.911879
4694,582,REU.4.3_1,REU.4.3_1,0.0890604989836368,0.709428108137878,0.620367609154241,2025.20409018595,2025.29315068493,CHIKV_RUN_S41b88_2025,55.510641,-21.23141
4161,1021,REU.2.3_1,REU.2.3_1,0.080276649350792,0.709428108137878,0.629151458787086,2025.21287403558,2025.29315068493,CHIKV_RUN_S40b54_2025,55.493236,-20.91037
4137,1415,REU.2.3_1,REU.2.3_1,0.0774728627423855,0.709428108137878,0.631955245395493,2025.21567782219,2025.29315068493,CHIKV_RUN_S41b32_2025,55.451207,-20.891934
5330,1582,REU.4.3_1,REU.2.4_1,0.0750432597257881,0.709428108137878,0.63438484841209,2025.21810742521,2025.29315068493,CHIKV_RUN_S41b30_2025,55.532011,-20.943623
6006,3097,REU.2.3_1,REU.4.1_1,0.073636566780903,0.709428108137878,0.635791541356975,2025.21951411815,2025.29315068493,CHIKV_RUN_S41b79_2025,55.474564,-21.135781
3813,1698,REU.3.4_1,REU.2.3_1,0.0668499253796604,0.709428108137878,0.642578182758218,2025.22630075955,2025.29315068493,CHIKV_RUN_S40b41_2025,55.458769,-20.886937
6059,2922,REU.2.3_1,REU.2.4_1,0.0638021442482691,0.709428108137878,0.645625963889609,2025.22934854068,2025.29315068493,CHIKV_RUN_S40b39_2025,55.543872,-20.940658
3741,1037,REU.4.3_1,REU.2.3_1,0.0635130609304144,0.709428108137878,0.645915047207464,2025.229637624,2025.29315068493,CHIKV_RUN_S40b52_2025,55.489045,-20.932198
5166,1112,REU.4.8_1,REU.4.8_1,0.0619691213355317,0.709428108137878,0.647458986802346,2025.2311815636,2025.29315068493,CHIKV_RUN_S40b61_2025,55.496302,-21.32687
4533,1662,REU.4.3_1,REU.4.3_1,0.0535465130659751,0.709428108137878,0.655881595071903,2025.23960417187,2025.29315068493,CHIKV_RUN_S41b09_2025,55.528369,-21.256002
4363,1289,REU.4.3_1,REU.2.3_1,0.0524496812932496,0.709428108137878,0.656978426844629,2025.24070100364,2025.29315068493,CHIKV_RUN_S40b21_2025,55.458194,-20.881127
4057,1321,REU.4.8_1,REU.2.3_1,0.0398033279862202,0.709428108137878,0.669624780151658,2025.25334735695,2025.29315068493,CHIKV_RUN_S40b32_2025,55.479676,-20.906832
4328,1590,REU.4.8_1,REU.4.8_1,0.0307793874468951,0.709428108137878,0.678648720690983,2025.26237129748,2025.29315068493,CHIKV_RUN_S41b93_2025,55.455261,-21.299657
5013,697,REU.4.5_1,REU.4.5_1,0.0283571386970342,0.709428108137878,0.681070969440844,2025.26479354623,2025.29315068493,CHIKV_RUN_S40b65_2025,55.607201,-21.331197
3296,2408,REU.3.4_1,REU.2.3_1,0.273946725169106,0.712167834165236,0.43822110899613,2025.02194368579,2025.29589041096,CHIKV_RUN_S41b15_2025,55.464831,-20.8845
4675,523,REU.2.3_1,REU.2.3_1,0.186542671447152,0.712167834165236,0.525625162718083,2025.10934773951,2025.29589041096,CHIKV_RUN_S41b24_2025,55.463673,-20.88693
3802,1426,REU.4.3_1,REU.3.4_1,0.160127856509952,0.712167834165236,0.552039977655284,2025.13576255445,2025.29589041096,CHIKV_RUN_S41b72_2025,55.32269,-21.158741
3463,2054,REU.4.5_1,REU.4.8_1,0.158904282423618,0.712167834165235,0.553263551741617,2025.13698612854,2025.29589041096,CHIKV_RUN_S41b76_2025,55.483178,-21.341399
4353,1561,REU.4.3_1,REU.2.1_1,0.15565667448509,0.712167834165236,0.556511159680146,2025.14023373647,2025.29589041096,CHIKV_RUN_S41b45_2025,55.334003,-20.933946
3753,1047,REU.2.3_1,REU.1.3_1,0.139041004672102,0.712167834165236,0.573126829493133,2025.15684940629,2025.29589041096,CHIKV_RUN_S45b69_2025,55.651409,-20.936077
5037,750,REU.4.3_1,REU.4.5_1,0.135222079477783,0.712167834165236,0.576945754687453,2025.16066833148,2025.29589041096,CHIKV_RUN_S41b74_2025,55.617493,-21.370243
3429,2107,REU.4.5_1,REU.4.5_1,0.132560989408841,0.712167834165236,0.579606844756395,2025.16332942155,2025.29589041096,CHIKV_RUN_S42b01_2025,55.649646,-21.379741
3489,2037,REU.4.5_1,REU.2.3_1,0.132517066688417,0.712167834165236,0.579650767476819,2025.16337334427,2025.29589041096,CHIKV_RUN_S41b17_2025,55.409349,-20.887798
3177,1862,REU.4.8_1,REU.4.8_1,0.129458550175748,0.712167834165236,0.582709283989488,2025.16643186078,2025.29589041096,CHIKV_RUN_S41b51_2025,55.425412,-21.310795
3946,1308,REU.4.3_1,REU.4.3_1,0.122580954495908,0.712167834165236,0.589586879669328,2025.17330945646,2025.29589041096,CHIKV_RUN_S42b07_2025,55.520975,-21.283743
6209,2778,REU.4.3_1,REU.4.8_1,0.121640223245022,0.712167834165236,0.590527610920214,2025.17425018771,2025.29589041096,CHIKV_RUN_S42b03_2025,55.55965,-21.308647
4213,1300,REU.4.8_1,REU.1.3_1,0.120200148751372,0.712167834165236,0.591967685413864,2025.17569026221,2025.29589041096,CHIKV_RUN_S41b39_2025,55.656622,-20.973549
3327,2445,REU.2.3_1,REU.4.6_1,0.116455012551986,0.712167834165235,0.595712821613249,2025.17943539841,2025.29589041096,CHIKV_RUN_S41b65_2025,55.428434,-21.265036
4093,871,REU.4.8_1,REU.4.5_1,0.114797637133796,0.712167834165236,0.597370197031439,2025.18109277383,2025.29589041096,CHIKV_RUN_S41b81_2025,55.642354,-21.306947
6101,2888,REU.2.3_1,REU.2.5_1,0.113980478360041,0.712167834165235,0.598187355805194,2025.1819099326,2025.29589041096,CHIKV_RUN_S41b49_2025,55.638549,-20.936778
3906,217,REU.4.5_1,REU.2.3_1,0.107776841401391,0.712167834165236,0.604390992763845,2025.18811356956,2025.29589041096,CHIKV_RUN_S41b21_2025,55.493119,-20.900371
3916,207,REU.4.5_1,REU.4.5_1,0.105271733874125,0.712167834165236,0.60689610029111,2025.19061867708,2025.29589041096,CHIKV_RUN_S41b70_2025,55.641709,-21.380293
3445,2131,REU.4.5_1,REU.4.5_1,0.0974578994205088,0.712167834165236,0.614709934744727,2025.19843251154,2025.29589041096,CHIKV_RUN_S41b77_2025,55.628374,-21.37595
4619,495,REU.2.3_1,REU.2.3_1,0.0962075720844418,0.712167834165236,0.615960262080794,2025.19968283887,2025.29589041096,CHIKV_RUN_S41b40_2025,55.456081,-20.8831
5920,2565,REU.4.8_1,REU.4.6_1,0.0874453141373184,0.712167834165236,0.624722520027917,2025.20844509682,2025.29589041096,CHIKV_RUN_S41b34_2025,55.413323,-21.283104
4276,877,REU.2.3_1,REU.2.3_1,0.0706179889915732,0.712167834165236,0.641549845173662,2025.22527242197,2025.29589041096,CHIKV_RUN_S41b36_2025,55.453028,-20.875096
5985,2655,REU.4.8_1,REU.1.3_1,0.0705901647585895,0.712167834165235,0.641577669406646,2025.2253002462,2025.29589041096,CHIKV_RUN_S45b71_2025,55.653639,-20.963897
5568,1828,REU.2.3_1,REU.4.8_1,0.0689398577481003,0.712167834165236,0.643227976417135,2025.22695055321,2025.29589041096,CHIKV_RUN_S41b52_2025,55.471935,-21.336928
3154,1865,REU.4.6_1,REU.1.3_1,0.0657736957672693,0.712167834165236,0.646394138397966,2025.23011671519,2025.29589041096,CHIKV_RUN_S41b28_2025,55.675389,-20.9503
4174,991,REU.2.3_1,REU.2.3_1,0.0624837541067024,0.712167834165236,0.649684080058533,2025.23340665685,2025.29589041096,CHIKV_RUN_S41b16_2025,55.428162,-20.892498
5545,2028,REU.4.8_1,REU.2.3_1,0.0554908371880949,0.712167834165235,0.65667699697714,2025.24039957377,2025.29589041096,CHIKV_RUN_S41b25_2025,55.443521,-20.903046
5607,1841,REU.3.1_1,REU.4.6_1,0.0527826078200282,0.712167834165236,0.659385226345207,2025.24310780314,2025.29589041096,CHIKV_RUN_S41b73_2025,55.403202,-21.282202
4229,1433,REU.4.3_1,REU.4.3_1,0.0457333391324628,0.712167834165236,0.666434495032773,2025.25015707183,2025.29589041096,CHIKV_RUN_S42b02_2025,55.495395,-21.245602
3819,1056,REU.4.8_1,REU.4.8_1,0.0375009060477531,0.712167834165236,0.674666928117482,2025.25838950491,2025.29589041096,CHIKV_RUN_S41b42_2025,55.469701,-21.289229
5402,5404,REU.2.3_1,REU.1.3_1,0.124482345317233,0.712216629139723,0.58773428382249,2025.17145686062,2025.29593920593,NA,NA,NA
3456,2053,REU.4.5_1,REU.4.5_1,0.246821084178414,0.714907560192593,0.468086476014179,2025.05180905281,2025.29863013699,CHIKV_RUN_S41b84_2025,55.615038,-21.375754
5573,3045,REU.4.8_1,REU.4.6_1,0.194230465059636,0.714907560192593,0.520677095132957,2025.10439967193,2025.29863013699,CHIKV_RUN_S42b59_2025,55.410198,-21.281834
6131,3002,REU.4.8_1,REU.4.2_1,0.177900177978602,0.714907560192593,0.537007382213991,2025.12072995901,2025.29863013699,CHIKV_RUN_S42b34_2025,55.478681,-21.245561
3755,1054,REU.2.5_1,REU.2.5_1,0.176130254718779,0.714907560192593,0.538777305473814,2025.12249988227,2025.29863013699,CHIKV_RUN_S45b79_2025,55.639802,-20.933908
3596,1780,REU.3.1_1,REU.3.1_1,0.16853998127401,0.714907560192593,0.546367578918582,2025.13009015571,2025.29863013699,CHIKV_RUN_S42b38_2025,55.367875,-21.245034
5136,1267,REU.4.4_1,REU.4.8_1,0.160575924926327,0.714907560192593,0.554331635266266,2025.13805421206,2025.29863013699,CHIKV_RUN_S42b51_2025,55.549534,-21.308479
4525,1655,REU.4.3_1,REU.4.6_1,0.158006211176234,0.714907560192593,0.556901349016359,2025.14062392581,2025.29863013699,CHIKV_RUN_S42b47_2025,55.45081,-21.275619
5012,643,REU.4.5_1,REU.2.5_1,0.153981256257876,0.714907560192593,0.560926303934717,2025.14464888073,2025.29863013699,CHIKV_RUN_S45b78_2025,55.597457,-20.902143
3538,3051,REU.4.6_1,REU.4.8_1,0.147028803576366,0.714907560192593,0.567878756616227,2025.15160133341,2025.29863013699,CHIKV_RUN_S41b69_2025,55.47146,-21.33744
6211,2789,REU.4.3_1,REU.4.3_1,0.143311860133461,0.714907560192593,0.571595700059132,2025.15531827685,2025.29863013699,CHIKV_RUN_S42b57_2025,55.538998,-21.259315
6215,2779,REU.4.8_1,REU.2.4_1,0.143237375755737,0.714907560192593,0.571670184436856,2025.15539276123,2025.29863013699,CHIKV_RUN_S41b33_2025,55.532431,-20.915553
3334,2470,REU.4.6_1,REU.4.6_1,0.139863836963394,0.714907560192593,0.575043723229199,2025.15876630002,2025.29863013699,CHIKV_RUN_S42b05_2025,55.427497,-21.287308
4305,1397,REU.4.3_1,REU.4.6_1,0.12565783423823,0.714907560192593,0.589249725954363,2025.17297230275,2025.29863013699,CHIKV_RUN_S42b67_2025,55.408326,-21.208657
3752,1051,REU.2.3_1,REU.2.3_1,0.104855000429691,0.714907560192593,0.610052559762902,2025.19377513656,2025.29863013699,CHIKV_RUN_S41b27_2025,55.459148,-20.880311
3435,2080,REU.4.5_1,REU.2.3_1,0.0982359048156549,0.714907560192593,0.616671655376938,2025.20039423217,2025.29863013699,CHIKV_RUN_S41b50_2025,55.491871,-20.898602
5117,1222,REU.4.3_1,REU.4.6_1,0.0865108782158384,0.714907560192593,0.628396681976754,2025.21211925877,2025.29863013699,CHIKV_RUN_S42b19_2025,55.432739,-21.252887
5361,1346,REU.4.5_1,REU.4.5_1,0.078644894823924,0.714907560192593,0.636262665368669,2025.21998524216,2025.29863013699,CHIKV_RUN_S42b30_2025,55.6065,-21.327549
4799,492,REU.2.3_1,REU.2.3_1,0.0698988786471372,0.714907560192593,0.645008681545456,2025.22873125834,2025.29863013699,CHIKV_RUN_S41b38_2025,55.481596,-20.888233
3497,2068,REU.4.8_1,REU.4.1_1,0.0578753931736058,0.714907560192593,0.657032167018987,2025.24075474381,2025.29863013699,CHIKV_RUN_S42b44_2025,55.469645,-21.138693
3970,149,REU.2.3_1,REU.2.3_1,0.0348335745827311,0.714907560192593,0.680073985609862,2025.2637965624,2025.29863013699,CHIKV_RUN_S41b35_2025,55.460488,-20.891133
6196,2987,REU.4.8_1,REU.4.8_1,0.0150851154857228,0.714907560192593,0.69982244470687,2025.2835450215,2025.29863013699,CHIKV_RUN_S41b26_2025,55.458025,-21.307213
5627,5628,REU.4.3_1,REU.4.5_1,0.128195208958223,0.716828783673121,0.588633574714898,2025.17235615151,2025.30055136047,NA,NA,NA
5681,3090,REU.4.8_1,REU.4.6_1,0.251150185939308,0.71764728621995,0.466497100280642,2025.05021967707,2025.30136986301,CHIKV_RUN_S42b60_2025,55.438577,-21.271314
4190,278,REU.4.3_1,REU.1.4_1,0.195656671020623,0.71764728621995,0.521990615199327,2025.10571319199,2025.30136986301,CHIKV_RUN_S45b70_2025,55.718993,-21.040178
6140,2952,REU.3.4_1,REU.4.8_1,0.184418539788618,0.71764728621995,0.533228746431332,2025.11695132323,2025.30136986301,CHIKV_RUN_S42b69_2025,55.468905,-21.341369
4323,1592,REU.4.8_1,REU.4.6_1,0.17407021468775,0.71764728621995,0.543577071532201,2025.12729964833,2025.30136986301,CHIKV_RUN_S42b46_2025,55.418635,-21.286778
5876,46,REU.2.3_1,REU.2.3_1,0.165153753448225,0.71764728621995,0.552493532771725,2025.13621610957,2025.30136986301,CHIKV_RUN_S41b60_2025,55.487447,-20.898073
4085,1384,REU.1.4_1,REU.1.4_1,0.15890904992358,0.71764728621995,0.55873823629637,2025.14246081309,2025.30136986301,CHIKV_RUN_S45b72_2025,55.71933,-21.048889
4764,394,REU.4.5_1,REU.4.5_1,0.149058834945911,0.71764728621995,0.568588451274039,2025.15231102807,2025.30136986301,CHIKV_RUN_S42b52_2025,55.629844,-21.334186
4479,1343,REU.4.4_1,REU.4.1_1,0.145742811572183,0.71764728621995,0.571904474647767,2025.15562705144,2025.30136986301,CHIKV_RUN_S42b24_2025,55.467437,-21.141826
5766,2633,REU.3.1_1,REU.1.3_1,0.13908765292444,0.71764728621995,0.578559633295511,2025.16228221009,2025.30136986301,CHIKV_RUN_S45b95_2025,55.644655,-20.96318
5144,1251,REU.4.8_1,REU.4.3_1,0.138840395169561,0.71764728621995,0.578806891050389,2025.16252946784,2025.30136986301,CHIKV_RUN_S41b54_2025,55.515961,-21.260349
4668,567,REU.3.5_1,REU.2.2_1,0.132964678715152,0.71764728621995,0.584682607504798,2025.1684051843,2025.30136986301,CHIKV_RUN_S42b39_2025,55.296268,-20.945685
3254,1972,REU.2.3_1,REU.2.3_1,0.122419978706755,0.71764728621995,0.595227307513196,2025.17894988431,2025.30136986301,CHIKV_RUN_S41b56_2025,55.468092,-20.886199
4020,1434,REU.4.3_1,REU.1.3_1,0.119809611073284,0.71764728621995,0.597837675146666,2025.18156025194,2025.30136986301,CHIKV_RUN_S41b55_2025,55.667219,-20.944035
5980,2647,REU.4.8_1,REU.4.6_1,0.108137584130403,0.71764728621995,0.609509702089547,2025.19323227888,2025.30136986301,CHIKV_RUN_S42b22_2025,55.41153,-21.202996
4419,1490,REU.4.3_1,REU.4.5_1,0.0876522787888787,0.71764728621995,0.629995007431072,2025.21371758422,2025.30136986301,CHIKV_RUN_S42b32_2025,55.672474,-21.368331
5524,1839,REU.4.8_1,REU.2.3_1,0.082888141498622,0.71764728621995,0.634759144721328,2025.21848172151,2025.30136986301,CHIKV_RUN_S41b62_2025,55.485696,-20.915107
4991,661,REU.4.5_1,REU.4.5_1,0.0809659720881815,0.71764728621995,0.636681314131769,2025.22040389093,2025.30136986301,CHIKV_RUN_S42b28_2025,55.652715,-21.379973
6221,3074,REU.4.6_1,REU.4.6_1,0.0692604390166701,0.71764728621995,0.64838684720328,2025.232109424,2025.30136986301,CHIKV_RUN_S42b31_2025,55.438962,-21.267631
5607,2200,REU.3.1_1,REU.2.3_1,0.058262059874743,0.71764728621995,0.659385226345207,2025.24310780314,2025.30136986301,CHIKV_RUN_S41b53_2025,55.48204,-20.914114
3485,2067,REU.4.5_1,REU.4.5_1,0.0557516741968527,0.71764728621995,0.661895612023098,2025.24561818882,2025.30136986301,CHIKV_RUN_S42b29_2025,55.616743,-21.375864
4911,853,REU.2.3_1,REU.2.3_1,0.0353279437752737,0.71764728621995,0.682319342444677,2025.26604191924,2025.30136986301,CHIKV_RUN_S41b43_2025,55.480779,-20.90572
3692,3694,REU.4.6_1,REU.4.6_1,0.164898524056086,0.717900611147378,0.553002087091292,2025.13672466388,2025.30162318794,NA,NA,NA
4575,1387,REU.4.3_1,REU.4.3_1,0.211204697817216,0.720387012247308,0.509182314430092,2025.09290489122,2025.30410958904,CHIKV_RUN_S42b81_2025,55.518843,-21.227866
5844,2763,REU.3.1_1,REU.2.3_1,0.205624885328659,0.720387012247308,0.514762126918649,2025.09848470371,2025.30410958904,CHIKV_RUN_S42b61_2025,55.39834,-20.920783
3443,2127,REU.4.5_1,REU.4.5_1,0.191632680110395,0.720387012247308,0.528754332136913,2025.11247690893,2025.30410958904,CHIKV_RUN_S42b77_2025,55.608871,-21.337083
3346,2428,REU.3.4_1,REU.2.3_1,0.176600922966352,0.720387012247308,0.543786089280956,2025.12750866607,2025.30410958904,CHIKV_RUN_S42b68_2025,55.471788,-20.922861
6126,2878,REU.2.4_1,REU.2.4_1,0.175935601046766,0.720387012247308,0.544451411200541,2025.12817398799,2025.30410958904,CHIKV_RUN_S42b35_2025,55.529498,-20.93784
6065,2932,REU.2.3_1,REU.2.3_1,0.175016580792508,0.720387012247308,0.545370431454799,2025.12909300825,2025.30410958904,CHIKV_RUN_S42b41_2025,55.462836,-20.888784
4231,1708,REU.4.8_1,REU.1.3_1,0.168321449308994,0.720387012247308,0.552065562938314,2025.13578813973,2025.30410958904,CHIKV_RUN_S42b27_2025,55.654162,-20.970374
3778,312,REU.4.8_1,REU.4.4_1,0.163160322249406,0.720387012247308,0.557226689997901,2025.14094926679,2025.30410958904,CHIKV_RUN_S42b92_2025,55.541731,-21.363656
6086,2864,REU.2.3_1,REU.2.3_1,0.162678673535741,0.720387012247308,0.557708338711567,2025.14143091551,2025.30410958904,CHIKV_RUN_S42b65_2025,55.461845,-20.89769
4788,470,REU.2.3_1,REU.2.3_1,0.153494813896812,0.720387012247308,0.566892198350496,2025.15061477514,2025.30410958904,CHIKV_RUN_S42b37_2025,55.477939,-20.901451
4313,1400,REU.4.3_1,REU.4.8_1,0.148274359185474,0.720387012247308,0.572112653061834,2025.15583522986,2025.30410958904,CHIKV_RUN_S42b40_2025,55.474821,-21.32618
3998,129,REU.2.3_1,REU.2.3_1,0.148233983188812,0.720387012247308,0.572153029058496,2025.15587560585,2025.30410958904,CHIKV_RUN_S41b58_2025,55.499586,-20.909236
5570,1826,REU.2.3_1,REU.2.3_1,0.145044456698331,0.720387012247308,0.575342555548977,2025.15906513234,2025.30410958904,CHIKV_RUN_S41b61_2025,55.455655,-20.893011
4014,159,REU.3.5_1,REU.3.5_1,0.144801089017572,0.720387012247308,0.575585923229736,2025.15930850002,2025.30410958904,CHIKV_RUN_S42b63_2025,55.261747,-21.071325
3133,1786,REU.2.3_1,REU.2.3_1,0.136771713221181,0.720387012247308,0.583615299026127,2025.16733787582,2025.30410958904,CHIKV_RUN_S42b73_2025,55.496071,-20.916317
5172,1101,REU.4.8_1,REU.4.4_1,0.127742612062933,0.720387012247308,0.592644400184375,2025.17636697698,2025.30410958904,CHIKV_RUN_S42b72_2025,55.553722,-21.368863
3254,1921,REU.2.3_1,REU.2.3_1,0.125159704734112,0.720387012247308,0.595227307513196,2025.17894988431,2025.30410958904,CHIKV_RUN_S42b74_2025,55.458226,-20.88853
6027,2031,REU.3.4_1,REU.4.2_1,0.117964061687315,0.720387012247308,0.602422950559993,2025.18614552735,2025.30410958904,CHIKV_RUN_S42b42_2025,55.468504,-21.24505
3972,147,REU.2.3_1,REU.2.4_1,0.103319437651249,0.720387012247308,0.617067574596059,2025.20079015139,2025.30410958904,CHIKV_RUN_S42b58_2025,55.56448,-20.896393
5594,1917,REU.4.8_1,REU.4.8_1,0.101586171522615,0.720387012247308,0.618800840724692,2025.20252341752,2025.30410958904,CHIKV_RUN_S42b90_2025,55.478179,-21.330232
4791,443,REU.2.3_1,REU.2.3_1,0.100185227327875,0.720387012247308,0.620201784919433,2025.20392436171,2025.30410958904,CHIKV_RUN_S42b56_2025,55.445896,-20.887405
4156,1023,REU.2.3_1,REU.1.6_1,0.0959160586184154,0.720387012247308,0.624470953628892,2025.20819353042,2025.30410958904,CHIKV_RUN_S44b85_2025,55.522958,-21.063445
5031,754,REU.4.3_1,REU.4.3_1,0.077662273054087,0.720387012247308,0.642724739193221,2025.22644731599,2025.30410958904,CHIKV_RUN_S42b80_2025,55.555835,-21.22434
4548,936,REU.2.3_1,REU.2.3_1,0.073669295947561,0.720387012247308,0.646717716299747,2025.23044029309,2025.30410958904,CHIKV_RUN_S42b50_2025,55.455655,-20.893011
4509,1363,REU.2.4_1,REU.2.5_1,0.0723451901534775,0.720387012247308,0.64804182209383,2025.23176439889,2025.30410958904,CHIKV_RUN_S42b45_2025,55.588951,-20.909448
6075,2915,REU.2.3_1,REU.2.3_1,0.069143561783229,0.720387012247308,0.651243450464079,2025.23496602726,2025.30410958904,CHIKV_RUN_S42b64_2025,55.480779,-20.90572
4427,1540,REU.1.4_1,REU.1.4_1,0.0640132236472588,0.720387012247308,0.656373788600049,2025.24009636539,2025.30410958904,CHIKV_RUN_S44b84_2025,55.715118,-21.04335
5064,1244,REU.4.6_1,REU.4.6_1,0.0484437458241995,0.720387012247308,0.671943266423108,2025.25566584322,2025.30410958904,CHIKV_RUN_S42b54_2025,55.40632,-21.20457
5796,1836,REU.4.6_1,REU.2.3_1,0.0436767279255972,0.720387012247308,0.67671028432171,2025.26043286112,2025.30410958904,CHIKV_RUN_S42b33_2025,55.448206,-20.904277
5534,1869,REU.3.1_1,REU.3.2_1,0.0158498831775584,0.720387012247308,0.704537129069749,2025.28825970586,2025.30410958904,CHIKV_RUN_S42b21_2025,55.353664,-21.218052
5230,1711,REU.1.3_1,REU.1.3_1,0.0155202185551089,0.720387012247308,0.704866793692199,2025.28858937049,2025.30410958904,CHIKV_RUN_S44b86_2025,55.64373,-20.928813
5404,1136,REU.1.3_1,REU.1.2_1,0.008170383107585,0.720387012247308,0.712216629139723,2025.29593920593,2025.30410958904,CHIKV_RUN_S44b83_2025,55.642645,-21.12284
3876,3877,REU.4.5_1,REU.2.3_1,0.102898988466379,0.721898741281048,0.618999752814668,2025.20272232961,2025.30562131807,NA,NA,NA
5138,5139,REU.4.4_1,REU.4.4_1,0.163213223867175,0.72203914386653,0.558825919999355,2025.14254849679,2025.30576172066,NA,NA,NA
6054,2924,REU.2.3_1,REU.2.5_1,0.277651593598586,0.723126738274892,0.445475144676306,2025.02919772147,2025.30684931507,CHIKV_RUN_S50b75_2025,55.63222,-20.940286
5846,2731,REU.3.1_1,REU.2.3_1,0.214549593955955,0.723126738274892,0.508577144318937,2025.09229972111,2025.30684931507,CHIKV_RUN_S42b95_2025,55.454106,-20.875879
3265,2817,REU.2.3_1,REU.1.1_1,0.208985715025033,0.723126738274892,0.51414102324986,2025.09786360004,2025.30684931507,CHIKV_RUN_S50b80_2025,55.676734,-20.995195
5437,1844,REU.3.4_1,REU.2.3_1,0.196232674478172,0.723126738274892,0.526894063796721,2025.11061664059,2025.30684931507,CHIKV_RUN_S42b53_2025,55.487561,-20.90542
5169,1108,REU.4.3_1,REU.4.3_1,0.186368230452707,0.723126738274892,0.536758507822186,2025.12048108462,2025.30684931507,CHIKV_RUN_S43b39_2025,55.511764,-21.25098
5400,1148,REU.2.3_1,REU.2.3_1,0.182288485991177,0.723126738274892,0.540838252283715,2025.12456082908,2025.30684931507,CHIKV_RUN_S43b16_2025,55.432599,-20.925495
3371,2593,REU.4.5_1,REU.4.5_1,0.178472183034277,0.723126738274892,0.544654555240615,2025.12837713203,2025.30684931507,CHIKV_RUN_S43b12_2025,55.632684,-21.345545
5990,2643,REU.3.1_1,REU.2.4_1,0.175299515715876,0.723126738274892,0.547827222559017,2025.13154979935,2025.30684931507,CHIKV_RUN_S42b85_2025,55.555458,-20.899665
3135,2679,REU.3.4_1,REU.3.4_1,0.172655534749667,0.723126738274892,0.550471203525225,2025.13419378032,2025.30684931507,CHIKV_RUN_S52b15_2025,55.330731,-21.231704
4607,504,REU.2.3_1,REU.2.3_1,0.170477154113515,0.723126738274892,0.552649584161377,2025.13637216096,2025.30684931507,CHIKV_RUN_S42b89_2025,55.492069,-20.925129
5449,2255,REU.2.3_1,REU.4.8_1,0.16837074527487,0.723126738274892,0.554755993000022,2025.13847856979,2025.30684931507,CHIKV_RUN_S50b78_2025,55.465102,-21.292476
3374,2602,REU.4.5_1,REU.1.2_1,0.150685920028453,0.723126738274892,0.57244081824644,2025.15616339504,2025.30684931507,CHIKV_RUN_S50b83_2025,55.63814,-21.124493
6108,2885,REU.2.4_1,REU.2.3_1,0.148938711532815,0.723126738274892,0.574188026742078,2025.15791060354,2025.30684931507,CHIKV_RUN_S43b14_2025,55.475059,-20.893399
3375,2592,REU.4.5_1,REU.2.3_1,0.148412951990594,0.723126738274892,0.574713786284298,2025.15843636308,2025.30684931507,CHIKV_RUN_S42b75_2025,55.456027,-20.877565
5044,747,REU.4.8_1,REU.4.5_1,0.147541793696753,0.723126738274892,0.57558494457814,2025.15930752137,2025.30684931507,CHIKV_RUN_S42b87_2025,55.667526,-21.378275
4960,838,REU.4.3_1,REU.4.5_1,0.14578249475294,0.723126738274892,0.577344243521952,2025.16106682032,2025.30684931507,CHIKV_RUN_S43b04_2025,55.62546,-21.291986
4262,1693,REU.3.5_1,REU.4.3_1,0.143868672760288,0.723126738274892,0.579258065514604,2025.16298064231,2025.30684931507,CHIKV_RUN_S52b20_2025,55.540081,-21.240846
5130,1249,REU.4.4_1,REU.4.7_1,0.136788032328639,0.723126738274892,0.586338705946254,2025.17006128274,2025.30684931507,CHIKV_RUN_S43b47_2025,55.715877,-21.371038
5410,1143,REU.2.3_1,REU.1.3_1,0.133138556782673,0.723126738274892,0.58998818149222,2025.17371075829,2025.30684931507,CHIKV_RUN_S42b36_2025,55.672325,-20.936321
6192,2986,REU.3.4_1,REU.2.5_1,0.13055891851188,0.723126738274892,0.592567819763012,2025.17629039656,2025.30684931507,CHIKV_RUN_S50b79_2025,55.606734,-20.93692
3337,2460,REU.2.3_1,REU.2.3_1,0.123353825502956,0.723126738274892,0.599772912771937,2025.18349548957,2025.30684931507,CHIKV_RUN_S42b94_2025,55.483768,-20.909138
3958,1610,REU.4.3_1,REU.4.8_1,0.120180460604269,0.723126738274892,0.602946277670623,2025.18666885446,2025.30684931507,CHIKV_RUN_S43b31_2025,55.540325,-21.316388
3916,206,REU.4.5_1,REU.2.3_1,0.116230637983782,0.723126738274892,0.60689610029111,2025.19061867708,2025.30684931507,CHIKV_RUN_S43b03_2025,55.452548,-20.874329
5864,33,REU.2.3_1,REU.2.3_1,0.113988327957559,0.723126738274892,0.609138410317333,2025.19286098711,2025.30684931507,CHIKV_RUN_S42b88_2025,55.458226,-20.88853
5132,1183,REU.4.4_1,REU.2.3_1,0.112636044322565,0.723126738274893,0.610490693952328,2025.19421327075,2025.30684931507,CHIKV_RUN_S43b10_2025,55.491997,-20.936205
3328,2443,REU.2.3_1,REU.1.5_1,0.111786157948932,0.723126738274892,0.61134058032596,2025.19506315712,2025.30684931507,CHIKV_RUN_S45b94_2025,55.754403,-21.114225
4818,453,REU.2.3_1,REU.2.3_1,0.105281732064336,0.723126738274892,0.617845006210557,2025.201567583,2025.30684931507,CHIKV_RUN_S42b93_2025,55.463469,-20.892429
4798,494,REU.2.3_1,REU.2.5_1,0.104626356008656,0.723126738274892,0.618500382266236,2025.20222295906,2025.30684931507,CHIKV_RUN_S42b79_2025,55.580248,-20.92783
4519,1671,REU.4.3_1,REU.4.3_1,0.098269697394548,0.723126738274892,0.624857040880344,2025.20857961767,2025.30684931507,CHIKV_RUN_S42b84_2025,55.506978,-21.234008
5753,2173,REU.4.8_1,REU.2.2_1,0.0960988220854348,0.723126738274892,0.627027916189458,2025.21075049298,2025.30684931507,CHIKV_RUN_S52b07_2025,55.288486,-20.942095
5620,3068,REU.4.8_1,REU.4.8_1,0.0898994440384053,0.723126738274892,0.633227294236487,2025.21694987103,2025.30684931507,CHIKV_RUN_S43b22_2025,55.453322,-21.304666
4592,1766,REU.3.4_1,REU.3.4_1,0.0785943026528524,0.723126738274892,0.64453243562204,2025.22825501242,2025.30684931507,CHIKV_RUN_S43b17_2025,55.328071,-21.164531
3828,949,REU.3.5_1,REU.4.8_1,0.0741911080519062,0.723126738274892,0.648935630222986,2025.23265820702,2025.30684931507,CHIKV_RUN_S52b08_2025,55.512078,-21.298447
6075,2907,REU.2.3_1,REU.2.2_1,0.0718832878108138,0.723126738274892,0.651243450464079,2025.23496602726,2025.30684931507,CHIKV_RUN_S42b78_2025,55.295705,-20.942446
3427,2087,REU.4.5_1,REU.4.6_1,0.0689531131272596,0.723126738274892,0.654173625147633,2025.23789620194,2025.30684931507,CHIKV_RUN_S43b02_2025,55.430936,-21.245486
6127,2892,REU.2.4_1,REU.2.4_1,0.0647061219677236,0.723126738274893,0.658420616307169,2025.2421431931,2025.30684931507,CHIKV_RUN_S43b06_2025,55.572363,-20.907932
4270,1607,REU.2.3_1,REU.2.4_1,0.0645927728862007,0.723126738274892,0.658533965388692,2025.24225654218,2025.30684931507,CHIKV_RUN_S42b71_2025,55.519605,-20.921157
4772,371,REU.4.5_1,REU.4.5_1,0.0532065815795626,0.723126738274892,0.66992015669533,2025.25364273349,2025.30684931507,CHIKV_RUN_S43b23_2025,55.665316,-21.335168
3129,2026,REU.4.5_1,REU.4.5_1,0.0483433329759699,0.723126738274892,0.674783405298923,2025.25850598209,2025.30684931507,CHIKV_RUN_S42b82_2025,55.659285,-21.378574
5918,2570,REU.1.3_1,REU.1.3_1,0.022605128341464,0.723126738274892,0.700521609933428,2025.28424418673,2025.30684931507,CHIKV_RUN_S43b09_2025,55.691993,-20.963449
5085,1266,REU.2.3_1,REU.2.5_1,0.0171035514002221,0.723126738274893,0.70602318687467,2025.28974576367,2025.30684931507,CHIKV_RUN_S43b11_2025,55.606242,-20.904694
5215,1622,REU.3.5_1,REU.3.5_1,0.212343792328603,0.72586646430225,0.513522671973647,2025.09724524877,2025.3095890411,CHIKV_RUN_S43b21_2025,55.322,-20.979051
3711,2264,REU.4.8_1,REU.4.5_1,0.199982925669612,0.72586646430225,0.525883538632638,2025.10960611543,2025.3095890411,CHIKV_RUN_S43b43_2025,55.664875,-21.375389
4711,515,REU.4.3_1,REU.4.8_1,0.187251490933538,0.72586646430225,0.538614973368712,2025.12233755016,2025.3095890411,CHIKV_RUN_S43b18_2025,55.523585,-21.355116
4682,543,REU.4.3_1,REU.4.3_1,0.183939101365832,0.72586646430225,0.541927362936418,2025.12564993973,2025.3095890411,CHIKV_RUN_S43b40_2025,55.53781,-21.279869
3753,1046,REU.2.3_1,REU.2.5_1,0.152739634809117,0.72586646430225,0.573126829493133,2025.15684940629,2025.3095890411,CHIKV_RUN_S43b32_2025,55.622448,-20.91444
3933,232,REU.4.5_1,REU.4.5_1,0.148030690360921,0.72586646430225,0.577835773941329,2025.16155835074,2025.3095890411,CHIKV_RUN_S43b33_2025,55.618947,-21.374112
4739,469,REU.4.8_1,REU.1.4_1,0.134858202425451,0.72586646430225,0.591008261876798,2025.17473083867,2025.3095890411,CHIKV_RUN_S43b29_2025,55.691303,-21.047669
5581,1858,REU.3.1_1,REU.4.6_1,0.128025830275964,0.72586646430225,0.597840634026286,2025.18156321082,2025.3095890411,CHIKV_RUN_S43b44_2025,55.402844,-21.214963
6094,2854,REU.4.8_1,REU.3.5_1,0.123114622363212,0.72586646430225,0.602751841939038,2025.18647441873,2025.3095890411,CHIKV_RUN_S43b45_2025,55.271736,-21.05334
5743,1957,REU.2.3_1,REU.1.3_1,0.10991791630801,0.72586646430225,0.61594854799424,2025.19967112479,2025.3095890411,CHIKV_RUN_S43b34_2025,55.671916,-20.937037
5576,2767,REU.2.2_1,REU.2.2_1,0.105898456145113,0.72586646430225,0.619968008157137,2025.20369058495,2025.3095890411,CHIKV_RUN_S43b52_2025,55.307526,-20.939137
6073,2910,REU.2.3_1,REU.3.5_1,0.0982544175484114,0.72586646430225,0.627612046753838,2025.21133462355,2025.3095890411,CHIKV_RUN_S43b15_2025,55.293668,-20.985029
4056,1345,REU.4.3_1,REU.4.3_1,0.0970526403002675,0.72586646430225,0.628813824001982,2025.2125364008,2025.3095890411,CHIKV_RUN_S43b36_2025,55.518558,-21.2827
5673,2191,REU.2.3_1,REU.2.3_1,0.0391616301674211,0.72586646430225,0.686704834134829,2025.27042741093,2025.3095890411,CHIKV_RUN_S43b46_2025,55.455493,-20.878646
4787,473,REU.2.4_1,REU.2.4_1,0.0231177768937364,0.72586646430225,0.702748687408513,2025.2864712642,2025.3095890411,CHIKV_RUN_S43b30_2025,55.53116,-20.896205
3234,2759,REU.4.8_1,REU.4.8_1,0.0182781685998776,0.72586646430225,0.707588295702372,2025.2913108725,2025.3095890411,CHIKV_RUN_S43b35_2025,55.486825,-21.257066
3850,3851,REU.3.5_1,REU.3.5_1,0.154937554977385,0.728211085242956,0.57327353026557,2025.15699610706,2025.31193366204,NA,NA,NA
4162,1416,REU.2.3_1,REU.2.3_1,0.296356674244489,0.728606190329607,0.432249516085118,2025.01597209288,2025.31232876712,CHIKV_RUN_S43b58_2025,55.484763,-20.908604
4107,602,REU.4.8_1,REU.4.8_1,0.203887135801554,0.728606190329607,0.524719054528054,2025.10844163132,2025.31232876712,CHIKV_RUN_S43b37_2025,55.475245,-21.327782
4948,733,REU.4.3_1,REU.2.3_1,0.185779434762537,0.728606190329607,0.542826755567071,2025.12654933236,2025.31232876712,CHIKV_RUN_S43b86_2025,55.435986,-20.920401
6034,2171,REU.4.8_1,REU.4.6_1,0.180534004037422,0.728606190329607,0.548072186292185,2025.13179476309,2025.31232876712,CHIKV_RUN_S43b56_2025,55.430714,-21.281664
4108,622,REU.4.8_1,REU.4.8_1,0.177134573491946,0.728606190329607,0.551471616837662,2025.13519419363,2025.31232876712,CHIKV_RUN_S44b01_2025,55.464468,-21.335334
4152,1012,REU.2.3_1,REU.2.3_1,0.159282168490089,0.728606190329607,0.569324021839519,2025.15304659863,2025.31232876712,CHIKV_RUN_S43b53_2025,55.462846,-20.901711
3903,212,REU.4.5_1,REU.4.5_1,0.151319221206119,0.728606190329607,0.577286969123488,2025.16100954592,2025.31232876712,CHIKV_RUN_S43b62_2025,55.676816,-21.371135
4699,526,REU.4.3_1,REU.2.3_1,0.148607123470487,0.728606190329607,0.579999066859121,2025.16372164365,2025.31232876712,CHIKV_RUN_S43b83_2025,55.496885,-20.912528
5748,2798,REU.3.1_1,REU.3.1_1,0.14268739038052,0.728606190329607,0.585918799949087,2025.16964137674,2025.31232876712,CHIKV_RUN_S43b91_2025,55.363118,-21.24073
3934,235,REU.4.5_1,REU.4.5_1,0.131706536404241,0.728606190329607,0.596899653925366,2025.18062223072,2025.31232876712,CHIKV_RUN_S44b24_2025,55.643,-21.333331
5540,2493,REU.4.6_1,REU.4.6_1,0.124861827929923,0.728606190329607,0.603744362399685,2025.18746693919,2025.31232876712,CHIKV_RUN_S43b55_2025,55.432788,-21.272683
4499,1364,REU.2.3_1,REU.2.3_1,0.119837077333721,0.728606190329607,0.608769112995886,2025.19249168979,2025.31232876712,CHIKV_RUN_S43b25_2025,55.464564,-20.892562
3770,918,REU.3.5_1,REU.2.3_1,0.117719561230297,0.728606190329607,0.61088662909931,2025.19460920589,2025.31232876712,CHIKV_RUN_S43b84_2025,55.465971,-20.896976
3926,246,REU.4.5_1,REU.1.4_1,0.115590192889793,0.728606190329607,0.613015997439814,2025.19673857423,2025.31232876712,CHIKV_RUN_S45b56_2025,55.697826,-21.022855
3312,2458,REU.3.4_1,REU.1.3_1,0.11051001862903,0.728606190329607,0.618096171700577,2025.20181874849,2025.31232876712,CHIKV_RUN_S43b51_2025,55.652295,-20.962029
4412,1528,REU.4.3_1,REU.4.3_1,0.108287840472992,0.728606190329607,0.620318349856615,2025.20404092665,2025.31232876712,CHIKV_RUN_S44b28_2025,55.492687,-21.257881
3952,1275,REU.4.8_1,REU.4.4_1,0.106814074741868,0.728606190329607,0.621792115587739,2025.20551469238,2025.31232876712,CHIKV_RUN_S44b36_2025,55.572416,-21.354753
3804,1441,REU.4.3_1,REU.2.3_1,0.0967421110933504,0.728606190329607,0.631864079236257,2025.21558665603,2025.31232876712,CHIKV_RUN_S43b27_2025,55.461113,-20.893827
5490,2539,REU.2.3_1,REU.2.4_1,0.0946152338873534,0.728606190329607,0.633990956442254,2025.21771353324,2025.31232876712,CHIKV_RUN_S43b77_2025,55.543627,-20.937879
5082,1246,REU.4.8_1,REU.4.5_1,0.0936475527594218,0.728606190329607,0.634958637570185,2025.21868121436,2025.31232876712,CHIKV_RUN_S43b28_2025,55.637204,-21.370715
3314,2412,REU.4.8_1,REU.4.5_1,0.0833235370671226,0.728606190329607,0.645282653262485,2025.22900523006,2025.31232876712,CHIKV_RUN_S43b41_2025,55.592063,-21.37423
6047,2920,REU.2.3_1,REU.2.3_1,0.0756816772604679,0.728606190329607,0.652924513069139,2025.23664708986,2025.31232876712,CHIKV_RUN_S43b59_2025,55.485524,-20.893173
4381,1542,REU.2.3_1,REU.2.3_1,0.0749397792062474,0.728606190329607,0.65366641112336,2025.23738898792,2025.31232876712,CHIKV_RUN_S43b82_2025,55.463072,-20.893303
5081,1180,REU.4.8_1,REU.4.8_1,0.0728497883611023,0.728606190329607,0.655756401968505,2025.23947897876,2025.31232876712,CHIKV_RUN_S44b04_2025,55.491803,-21.307722
4363,1550,REU.4.3_1,REU.4.3_1,0.0716277634849787,0.728606190329607,0.656978426844629,2025.24070100364,2025.31232876712,CHIKV_RUN_S43b92_2025,55.51119,-21.252464
4316,1411,REU.4.3_1,REU.2.4_1,0.0520167667641936,0.728606190329607,0.676589423565414,2025.26031200036,2025.31232876712,CHIKV_RUN_S43b74_2025,55.518694,-20.951394
4080,821,REU.4.3_1,REU.2.3_1,0.323370481820149,0.731345916356965,0.407975434536816,2024.99169801133,2025.31506849315,CHIKV_RUN_S43b60_2025,55.498306,-20.927335
5665,2195,REU.4.3_1,REU.4.3_1,0.27376645887237,0.731345916356965,0.457579457484594,2025.04130203428,2025.31506849315,CHIKV_RUN_S44b05_2025,55.540435,-21.255486
4936,667,REU.4.3_1,REU.2.3_1,0.233242853575722,0.731345916356965,0.498103062781243,2025.08182563957,2025.31506849315,CHIKV_RUN_S43b67_2025,55.462045,-20.883862
5509,2345,REU.4.5_1,REU.4.5_1,0.198800168276304,0.731345916356965,0.53254574808066,2025.11626832487,2025.31506849315,CHIKV_RUN_S44b07_2025,55.629292,-21.345183
3888,172,REU.2.3_1,REU.2.3_1,0.197750013326864,0.731345916356965,0.5335959030301,2025.11731847982,2025.31506849315,CHIKV_RUN_S43b79_2025,55.490131,-20.891287
5744,1811,REU.2.3_1,REU.2.3_1,0.189805825698576,0.731345916356965,0.541540090658389,2025.12526266745,2025.31506849315,CHIKV_RUN_S43b63_2025,55.442466,-20.911117
5481,2277,REU.3.2_1,REU.2.3_1,0.172249805816358,0.731345916356965,0.559096110540607,2025.14281868733,2025.31506849315,CHIKV_RUN_S43b71_2025,55.484731,-20.888907
4314,1409,REU.4.3_1,REU.3.5_1,0.169281944378719,0.731345916356965,0.562063971978245,2025.14578654877,2025.31506849315,CHIKV_RUN_S43b50_2025,55.308014,-21.033469
5005,695,REU.4.3_1,REU.4.6_1,0.164897896755665,0.731345916356965,0.566448019601299,2025.1501705964,2025.31506849315,CHIKV_RUN_S44b23_2025,55.392258,-21.241048
4218,311,REU.4.3_1,REU.4.8_1,0.150975932517567,0.731345916356965,0.580369983839397,2025.16409256063,2025.31506849315,CHIKV_RUN_S43b95_2025,55.478771,-21.329134
4790,448,REU.2.3_1,REU.4.5_1,0.150949053471039,0.731345916356965,0.580396862885926,2025.16411943968,2025.31506849315,CHIKV_RUN_S44b15_2025,55.623306,-21.375791
5079,1182,REU.4.4_1,REU.4.8_1,0.134666198996453,0.731345916356965,0.596679717360511,2025.18040229415,2025.31506849315,CHIKV_RUN_S44b21_2025,55.471103,-21.339643
4463,83,REU.2.3_1,REU.2.3_1,0.128041453429041,0.731345916356965,0.603304462927924,2025.18702703972,2025.31506849315,CHIKV_RUN_S43b65_2025,55.448262,-20.904018
3959,1547,REU.2.4_1,REU.2.3_1,0.122686989230775,0.731345916356965,0.608658927126189,2025.19238150392,2025.31506849315,CHIKV_RUN_S43b64_2025,55.410091,-20.899655
4499,1370,REU.2.3_1,REU.2.3_1,0.122576803361079,0.731345916356965,0.608769112995886,2025.19249168979,2025.31506849315,CHIKV_RUN_S43b69_2025,55.446658,-20.903307
3194,2744,REU.4.8_1,REU.4.8_1,0.118694372342341,0.731345916356965,0.612651544014623,2025.19637412081,2025.31506849315,CHIKV_RUN_S44b02_2025,55.465106,-21.285957
3889,190,REU.2.3_1,REU.2.3_1,0.0984296334846975,0.731345916356965,0.632916282872267,2025.21663885967,2025.31506849315,CHIKV_RUN_S43b61_2025,55.484786,-20.896085
5797,2839,REU.4.4_1,REU.4.4_1,0.0967555996352474,0.731345916356965,0.634590316721717,2025.21831289352,2025.31506849315,CHIKV_RUN_S44b08_2025,55.561443,-21.348306
5373,1160,REU.3.5_1,REU.3.5_1,0.0909540293174447,0.731345916356965,0.64039188703952,2025.22411446383,2025.31506849315,CHIKV_RUN_S43b66_2025,55.284232,-20.993313
4372,1350,REU.4.3_1,REU.4.5_1,0.0871633201852245,0.731345916356965,0.64418259617174,2025.22790517297,2025.31506849315,CHIKV_RUN_S44b11_2025,55.595486,-21.35952
5036,742,REU.4.8_1,REU.4.3_1,0.0849396674502181,0.731345916356965,0.646406248906747,2025.2301288257,2025.31506849315,CHIKV_RUN_S43b90_2025,55.528118,-21.289878
4381,1543,REU.2.3_1,REU.2.3_1,0.0776795052336048,0.731345916356965,0.65366641112336,2025.23738898792,2025.31506849315,CHIKV_RUN_S43b85_2025,55.463241,-20.888788
5332,1095,REU.4.3_1,REU.4.6_1,0.0485148575099669,0.731345916356965,0.682831058846998,2025.26655363564,2025.31506849315,CHIKV_RUN_S43b73_2025,55.447482,-21.267759
3672,3016,REU.3.1_1,REU.4.6_1,0.389241473780266,0.734085642384322,0.344844168604056,2024.9285667454,2025.31780821918,CHIKV_RUN_S43b89_2025,55.438431,-21.238295
5388,276,REU.4.8_1,REU.2.3_1,0.319440968993309,0.734085642384322,0.414644673391013,2024.99836725018,2025.31780821918,CHIKV_RUN_S44b19_2025,55.456559,-20.890627
5693,1832,REU.3.1_1,REU.2.4_1,0.274072153969036,0.734085642384322,0.460013488415286,2025.04373606521,2025.31780821918,CHIKV_RUN_S44b37_2025,55.523806,-20.927211
4177,1319,REU.4.3_1,REU.4.3_1,0.250243410895198,0.734085642384322,0.483842231489124,2025.06756480828,2025.31780821918,CHIKV_RUN_S44b55_2025,55.524989,-21.237814
4602,456,REU.4.8_1,REU.2.3_1,0.225483733001713,0.734085642384322,0.50860190938261,2025.09232448618,2025.31780821918,CHIKV_RUN_S44b16_2025,55.407267,-20.90192
3617,3039,REU.4.3_1,REU.4.8_1,0.204236307671253,0.734085642384322,0.529849334713069,2025.11357191151,2025.31780821918,CHIKV_RUN_S44b10_2025,55.507747,-21.351413
4248,1081,REU.4.3_1,REU.4.8_1,0.190758393758948,0.734085642384322,0.543327248625374,2025.12704982542,2025.31780821918,CHIKV_RUN_S44b03_2025,55.478749,-21.330553
4198,598,REU.4.3_1,REU.2.3_1,0.179851230933822,0.734085642384322,0.5542344114505,2025.13795698824,2025.31780821918,CHIKV_RUN_S44b32_2025,55.459891,-20.882291
3486,2094,REU.4.5_1,REU.4.3_1,0.175184614484974,0.734085642384322,0.558901027899348,2025.14262360469,2025.31780821918,CHIKV_RUN_S43b26_2025,55.524068,-21.232749
6222,2142,REU.4.3_1,REU.2.4_1,0.167094451477014,0.734085642384322,0.566991190907308,2025.1507137677,2025.31780821918,CHIKV_RUN_S43b70_2025,55.516828,-20.953862
4997,847,REU.4.3_1,REU.4.6_1,0.166977620764695,0.734085642384322,0.567108021619627,2025.15083059841,2025.31780821918,CHIKV_RUN_S44b56_2025,55.438978,-21.282538
4687,556,REU.4.3_1,REU.4.3_1,0.16229086840772,0.734085642384322,0.571794773976602,2025.15551735077,2025.31780821918,CHIKV_RUN_S44b61_2025,55.519866,-21.235969
4903,709,REU.4.4_1,REU.4.8_1,0.162151824970399,0.734085642384322,0.571933817413923,2025.15565639421,2025.31780821918,CHIKV_RUN_S44b58_2025,55.456949,-21.289824
5631,1968,REU.2.3_1,REU.2.3_1,0.155215922411529,0.734085642384322,0.578869719972793,2025.16259229677,2025.31780821918,CHIKV_RUN_S44b13_2025,55.448193,-20.886543
3355,2413,REU.4.8_1,REU.2.3_1,0.149982034182029,0.734085642384322,0.584103608202293,2025.167826185,2025.31780821918,CHIKV_RUN_S44b18_2025,55.465618,-20.910961
3137,2734,REU.3.4_1,REU.3.2_1,0.133198345923851,0.734085642384322,0.600887296460471,2025.18460987325,2025.31780821918,CHIKV_RUN_S44b47_2025,55.332912,-21.238244
4734,397,REU.4.3_1,REU.2.3_1,0.130170042603944,0.734085642384322,0.603915599780378,2025.18763817657,2025.31780821918,CHIKV_RUN_S43b80_2025,55.39983,-20.903139
4748,436,REU.4.3_1,REU.4.8_1,0.126628860754696,0.734085642384322,0.607456781629626,2025.19117935842,2025.31780821918,CHIKV_RUN_S44b57_2025,55.503523,-21.294266
5727,3072,REU.4.3_1,REU.4.4_1,0.12340638948668,0.734085642384322,0.610679252897642,2025.19440182969,2025.31780821918,CHIKV_RUN_S44b62_2025,55.577641,-21.33765
5782,2319,REU.4.3_1,REU.2.4_1,0.112544539911198,0.734085642384322,0.621541102473124,2025.20526367927,2025.31780821918,CHIKV_RUN_S43b75_2025,55.529498,-20.93784
5799,2325,REU.4.6_1,REU.4.6_1,0.10136048509386,0.734085642384322,0.632725157290462,2025.21644773408,2025.31780821918,CHIKV_RUN_S44b51_2025,55.407709,-21.289577
3160,1795,REU.4.5_1,REU.4.6_1,0.087796482532215,0.734085642384322,0.646289159852107,2025.23001173665,2025.31780821918,CHIKV_RUN_S48b47_2025,55.414973,-21.284378
6093,2852,REU.2.3_1,REU.2.3_1,0.0816280255789266,0.734085642384322,0.652457616805395,2025.2361801936,2025.31780821918,CHIKV_RUN_S43b57_2025,55.399823,-20.907076
4146,979,REU.2.3_1,REU.2.3_1,0.0813289445122343,0.734085642384322,0.652756697872088,2025.23647927467,2025.31780821918,CHIKV_RUN_S44b12_2025,55.444744,-20.879371
4113,921,REU.2.3_1,REU.2.3_1,0.060062793211237,0.734085642384322,0.674022849173085,2025.25774542597,2025.31780821918,CHIKV_RUN_S44b17_2025,55.482141,-20.886785
3234,2313,REU.4.8_1,REU.4.8_1,0.0264973466819498,0.734085642384322,0.707588295702372,2025.2913108725,2025.31780821918,CHIKV_RUN_S44b53_2025,55.472216,-21.338658
4214,1700,REU.4.3_1,REU.4.3_1,0.290782861779008,0.736825368411907,0.446042506632899,2025.02976508343,2025.32054794521,CHIKV_RUN_S44b39_2025,55.494809,-21.246103
3213,3011,REU.4.8_1,REU.1.6_1,0.228096599495693,0.736825368411907,0.508728768916214,2025.09245134571,2025.32054794521,CHIKV_RUN_S45b41_2025,55.519882,-21.066416
3719,1744,REU.4.3_1,REU.1.4_1,0.218673747455694,0.736825368411907,0.518151620956213,2025.10187419775,2025.32054794521,CHIKV_RUN_S44b33_2025,55.74115,-21.075513
4784,382,REU.4.3_1,REU.4.3_1,0.198856527819773,0.736825368411907,0.537968840592134,2025.12169141739,2025.32054794521,CHIKV_RUN_S44b76_2025,55.519611,-21.242728
5609,1857,REU.4.6_1,REU.2.3_1,0.190952731880696,0.736825368411907,0.545872636531211,2025.12959521332,2025.32054794521,CHIKV_RUN_S44b31_2025,55.427048,-20.877814
4834,827,REU.4.3_1,REU.2.3_1,0.181055405804744,0.736825368411907,0.555769962607163,2025.1394925394,2025.32054794521,CHIKV_RUN_S44b38_2025,55.402023,-20.911056
3146,1950,REU.2.3_1,REU.2.3_1,0.179155724623159,0.736825368411907,0.557669643788748,2025.14139222058,2025.32054794521,CHIKV_RUN_S44b43_2025,55.480881,-20.897793
5344,1718,REU.4.3_1,REU.2.3_1,0.172420177054421,0.736825368411907,0.564405191357486,2025.14812776815,2025.32054794521,CHIKV_RUN_S44b41_2025,55.399151,-20.903693
4695,578,REU.4.3_1,REU.2.3_1,0.165024788790839,0.736825368411907,0.571800579621068,2025.15552315641,2025.32054794521,CHIKV_RUN_S44b34_2025,55.477786,-20.919818
4304,1403,REU.4.8_1,REU.1.6_1,0.15622929940687,0.736825368411907,0.580596069005037,2025.1643186458,2025.32054794521,CHIKV_RUN_S45b39_2025,55.511993,-21.065407
3408,2074,REU.3.5_1,REU.2.3_1,0.151088080080924,0.736825368411907,0.585737288330983,2025.16945986512,2025.32054794521,CHIKV_RUN_S44b20_2025,55.411429,-20.889585
5258,351,REU.4.3_1,REU.2.3_1,0.149315792204864,0.736825368411907,0.587509576207042,2025.171232153,2025.32054794521,CHIKV_RUN_S44b46_2025,55.439447,-20.91464
4817,481,REU.4.5_1,REU.4.6_1,0.147508489882351,0.736825368411907,0.589316878529556,2025.17303945532,2025.32054794521,CHIKV_RUN_S44b65_2025,55.441485,-21.275033
5863,35,REU.2.3_1,REU.1.3_1,0.137241144586505,0.736825368411907,0.599584223825401,2025.18330680062,2025.32054794521,CHIKV_RUN_S45b38_2025,55.650141,-20.967483
3958,101,REU.4.3_1,REU.4.3_1,0.133879090741284,0.736825368411907,0.602946277670623,2025.18666885446,2025.32054794521,CHIKV_RUN_S44b64_2025,55.498761,-21.245356
4734,383,REU.4.3_1,REU.2.4_1,0.132909768631529,0.736825368411907,0.603915599780378,2025.18763817657,2025.32054794521,CHIKV_RUN_S43b94_2025,55.5586,-20.897771
5917,2566,REU.4.8_1,REU.1.6_1,0.123921200692207,0.736825368411907,0.6129041677197,2025.19662674451,2025.32054794521,CHIKV_RUN_S45b40_2025,55.520108,-21.062986
5317,912,REU.2.3_1,REU.1.3_1,0.122301035709441,0.736825368411907,0.614524332702466,2025.1982469095,2025.32054794521,CHIKV_RUN_S44b42_2025,55.689479,-20.9713
5387,259,REU.4.3_1,REU.4.5_1,0.11423739086314,0.736825368411907,0.622587977548767,2025.20631055434,2025.32054794521,CHIKV_RUN_S44b50_2025,55.599642,-21.335121
4692,583,REU.2.3_1,REU.2.3_1,0.110660780934606,0.736825368411907,0.626164587477301,2025.20988716427,2025.32054794521,CHIKV_RUN_S44b45_2025,55.451558,-20.890875
4702,561,REU.4.3_1,REU.4.8_1,0.109288869550882,0.736825368411907,0.627536498861025,2025.21125907565,2025.32054794521,CHIKV_RUN_S44b52_2025,55.471826,-21.314619
5277,343,REU.2.2_1,REU.2.2_1,0.0967029987747963,0.736825368411907,0.64012236963711,2025.22384494643,2025.32054794521,CHIKV_RUN_S44b66_2025,55.294376,-20.943347
4205,634,REU.4.8_1,REU.2.4_1,0.060643024322006,0.736825368411907,0.676182344089901,2025.25990492088,2025.32054794521,CHIKV_RUN_S44b67_2025,55.521356,-20.907013
5918,2569,REU.1.3_1,REU.1.3_1,0.0363037584784783,0.736825368411907,0.700521609933428,2025.28424418673,2025.32054794521,CHIKV_RUN_S45b33_2025,55.657514,-20.945141
4787,472,REU.2.4_1,REU.2.3_1,0.0340766810033933,0.736825368411907,0.702748687408513,2025.2864712642,2025.32054794521,CHIKV_RUN_S44b68_2025,55.486243,-20.907702
3877,176,REU.2.3_1,REU.2.3_1,0.0149266271308593,0.736825368411907,0.721898741281048,2025.30562131807,2025.32054794521,CHIKV_RUN_S44b44_2025,55.407448,-20.889144
4532,4534,REU.4.3_1,REU.4.3_1,0.0963643880934545,0.738996255656065,0.64263186756261,2025.22635444436,2025.32271883245,NA,NA,NA
5460,2248,REU.4.3_1,REU.4.3_1,0.262241058426104,0.739565094439264,0.477324036013161,2025.06104661281,2025.32328767123,CHIKV_RUN_S45b23_2025,55.521032,-21.281443
3635,2523,REU.4.1_1,REU.4.1_1,0.237200320710946,0.739565094439264,0.502364773728319,2025.08608735052,2025.32328767123,CHIKV_RUN_S44b79_2025,55.475002,-21.170039
4948,731,REU.4.3_1,REU.1.4_1,0.196738338872193,0.739565094439264,0.542826755567071,2025.12654933236,2025.32328767123,CHIKV_RUN_S45b34_2025,55.718339,-21.039957
5030,752,REU.4.3_1,REU.2.3_1,0.1915284622313,0.739565094439264,0.548036632207964,2025.131759209,2025.32328767123,CHIKV_RUN_S44b70_2025,55.504931,-20.911832
5041,748,REU.4.8_1,REU.2.4_1,0.190907250968747,0.739565094439264,0.548657843470517,2025.13238042026,2025.32328767123,CHIKV_RUN_S44b26_2025,55.523203,-20.9284
4613,476,REU.4.3_1,REU.2.3_1,0.188755026015876,0.739565094439264,0.550810068423388,2025.13453264522,2025.32328767123,CHIKV_RUN_S44b30_2025,55.478949,-20.891822
6189,2982,REU.3.4_1,REU.3.5_1,0.186527934556756,0.739565094439264,0.553037159882508,2025.13675973668,2025.32328767123,CHIKV_RUN_S44b80_2025,55.30314,-21.022636
5491,2546,REU.2.3_1,REU.1.5_1,0.170904096739979,0.739565094439264,0.568660997699285,2025.15238357449,2025.32328767123,CHIKV_RUN_S45b32_2025,55.776504,-21.128389
4093,1440,REU.4.8_1,REU.2.3_1,0.142194897407825,0.739565094439264,0.597370197031439,2025.18109277383,2025.32328767123,CHIKV_RUN_S44b29_2025,55.473512,-20.912882
3932,237,REU.4.5_1,REU.2.3_1,0.137198893054999,0.739565094439264,0.602366201384265,2025.18608877818,2025.32328767123,CHIKV_RUN_S45b08_2025,55.467548,-20.886781
5730,2198,REU.2.3_1,REU.2.3_1,0.124607082415847,0.739565094439264,0.614958012023417,2025.19868058882,2025.32328767123,CHIKV_RUN_S44b72_2025,55.457007,-20.888438
6031,2690,REU.3.5_1,REU.4.8_1,0.122399022879659,0.739565094439264,0.617166071559605,2025.20088864835,2025.32328767123,CHIKV_RUN_S45b24_2025,55.504356,-21.343072
3206,3107,REU.4.8_1,REU.1.4_1,0.118874390962934,0.739565094439264,0.62069070347633,2025.20441328027,2025.32328767123,CHIKV_RUN_S45b35_2025,55.703499,-21.072378
4159,1019,REU.2.3_1,REU.2.3_1,0.110580939068525,0.739565094439264,0.62898415537074,2025.21270673216,2025.32328767123,CHIKV_RUN_S44b71_2025,55.464623,-20.884003
4847,714,REU.4.8_1,REU.4.8_1,0.103515252188336,0.739565094439264,0.636049842250928,2025.21977241904,2025.32328767123,CHIKV_RUN_S45b02_2025,55.495455,-21.298404
4533,1661,REU.4.3_1,REU.4.8_1,0.0836834993673612,0.739565094439264,0.655881595071903,2025.23960417187,2025.32328767123,CHIKV_RUN_S44b75_2025,55.498171,-21.304796
3485,2097,REU.4.5_1,REU.4.8_1,0.0776694824161666,0.739565094439264,0.661895612023098,2025.24561818882,2025.32328767123,CHIKV_RUN_S45b20_2025,55.459303,-21.338147
5318,913,REU.2.3_1,REU.1.1_1,0.0770654668411543,0.739565094439264,0.66249962759811,2025.24622220439,2025.32328767123,CHIKV_RUN_S45b31_2025,55.692447,-21.002626
4349,927,REU.4.8_1,REU.2.4_1,0.0677690286515551,0.739565094439264,0.671796065787709,2025.25551864258,2025.32328767123,CHIKV_RUN_S44b81_2025,55.523497,-20.951795
4356,1560,REU.4.5_1,REU.4.8_1,0.0655388478239105,0.739565094439264,0.674026246615354,2025.25774882341,2025.32328767123,CHIKV_RUN_S45b05_2025,55.447227,-21.29722
5253,323,REU.4.3_1,REU.4.5_1,0.0631383580796221,0.739565094439264,0.676426736359642,2025.26014931315,2025.32328767123,CHIKV_RUN_S44b77_2025,55.675107,-21.343496
4317,1410,REU.4.8_1,REU.4.3_1,0.0565267292593046,0.739565094439264,0.68303836517996,2025.26676094197,2025.32328767123,CHIKV_RUN_S44b69_2025,55.509677,-21.248002
3209,2792,REU.4.6_1,REU.4.6_1,0.0491306965281343,0.739565094439264,0.69043439791113,2025.2741569747,2025.32328767123,CHIKV_RUN_S45b18_2025,55.402125,-21.286722
5085,1265,REU.2.3_1,REU.1.4_1,0.0335419075645939,0.739565094439264,0.70602318687467,2025.28974576367,2025.32328767123,CHIKV_RUN_S44b35_2025,55.746031,-21.089123
3912,3914,REU.4.4_1,REU.4.4_1,0.194889033593159,0.740412315951442,0.545523282358283,2025.12924585915,2025.32413489275,NA,NA,NA
6129,3005,REU.4.6_1,REU.4.6_1,0.309301292554467,0.742304820466622,0.433003527912155,2025.01672610471,2025.32602739726,CHIKV_RUN_S46b31_2025,55.405237,-21.273488
5993,1849,REU.3.1_1,REU.4.8_1,0.269974463247816,0.742304820466622,0.472330357218806,2025.05605293401,2025.32602739726,CHIKV_RUN_S52b11_2025,55.505999,-21.298362
3835,952,REU.3.5_1,REU.3.5_1,0.23188375244454,0.742304820466622,0.510421068022081,2025.09414364482,2025.32602739726,CHIKV_RUN_S45b26_2025,55.263877,-21.050301
3835,956,REU.3.5_1,REU.2.3_1,0.23188375244454,0.742304820466622,0.510421068022081,2025.09414364482,2025.32602739726,CHIKV_RUN_S44b73_2025,55.47622,-20.918317
3546,3079,REU.4.6_1,REU.4.5_1,0.231261230419258,0.742304820466622,0.511043590047364,2025.09476616684,2025.32602739726,CHIKV_RUN_S45b16_2025,55.614446,-21.322777
5832,2362,REU.3.1_1,REU.3.2_1,0.226771085043437,0.742304820466622,0.515533735423184,2025.09925631222,2025.32602739726,CHIKV_RUN_S45b28_2025,55.362151,-21.212749
4027,624,REU.4.3_1,REU.4.5_1,0.20044952705377,0.742304820466622,0.541855293412852,2025.12557787021,2025.32602739726,CHIKV_RUN_S46b05_2025,55.607186,-21.377177
3556,1880,REU.2.3_1,REU.4.5_1,0.175952448043394,0.742304820466622,0.566352372423227,2025.15007494922,2025.32602739726,CHIKV_RUN_S52b22_2025,55.660554,-21.358985
3454,2075,REU.4.5_1,REU.4.5_1,0.168186119262511,0.742304820466622,0.574118701204111,2025.157841278,2025.32602739726,CHIKV_RUN_S45b11_2025,55.623625,-21.379174
4488,1075,REU.2.3_1,REU.2.3_1,0.166456304472737,0.742304820466622,0.575848515993885,2025.15957109279,2025.32602739726,CHIKV_RUN_S52b13_2025,55.445273,-20.903065
4699,555,REU.4.3_1,REU.2.3_1,0.162305753607501,0.742304820466622,0.579999066859121,2025.16372164365,2025.32602739726,CHIKV_RUN_S45b06_2025,55.485217,-20.894954
3362,2433,REU.3.4_1,REU.2.4_1,0.159997629147609,0.742304820466622,0.582307191319013,2025.16602976811,2025.32602739726,CHIKV_RUN_S45b07_2025,55.541827,-20.932939
5334,1616,REU.3.1_1,REU.4.8_1,0.15991202799324,0.742304820466622,0.582392792473382,2025.16611536927,2025.32602739726,CHIKV_RUN_S45b12_2025,55.488886,-21.275653
5057,1248,REU.2.3_1,REU.2.3_1,0.159060238725217,0.742304820466621,0.583244581741405,2025.16696715854,2025.32602739726,CHIKV_RUN_S45b29_2025,55.480162,-20.909965
3775,1330,REU.3.5_1,REU.3.5_1,0.147958025579427,0.742304820466622,0.594346794887195,2025.17806937168,2025.32602739726,CHIKV_RUN_S52b09_2025,55.265842,-21.023734
4123,987,REU.2.3_1,REU.1.5_1,0.146576187547385,0.742304820466622,0.595728632919237,2025.17945120971,2025.32602739726,CHIKV_RUN_S52b24_2025,55.776409,-21.126799
5870,43,REU.2.3_1,REU.2.3_1,0.13639761196462,0.742304820466621,0.605907208502001,2025.1896297853,2025.32602739726,CHIKV_RUN_S46b15_2025,55.432064,-20.924806
6105,2887,REU.2.3_1,REU.2.4_1,0.121331646648932,0.742304820466622,0.620973173817689,2025.20469575061,2025.32602739726,CHIKV_RUN_S46b08_2025,55.555652,-20.899051
5782,2320,REU.4.3_1,REU.4.7_1,0.120763717993497,0.742304820466622,0.621541102473124,2025.20526367927,2025.32602739726,CHIKV_RUN_S52b10_2025,55.767435,-21.360376
5026,716,REU.4.3_1,REU.2.3_1,0.118957641240037,0.742304820466621,0.623347179226585,2025.20706975602,2025.32602739726,CHIKV_RUN_S44b74_2025,55.49377,-20.915757
4662,551,REU.4.8_1,REU.3.4_1,0.112412195278845,0.742304820466622,0.629892625187777,2025.21361520198,2025.32602739726,CHIKV_RUN_S52b14_2025,55.2906,-21.182918
3180,2637,REU.3.5_1,REU.3.5_1,0.110800092193137,0.742304820466622,0.631504728273484,2025.21522730507,2025.32602739726,CHIKV_RUN_S45b21_2025,55.298098,-21.039301
5490,2544,REU.2.3_1,REU.1.3_1,0.108313864024368,0.742304820466622,0.633990956442254,2025.21771353324,2025.32602739726,CHIKV_RUN_S52b12_2025,55.660391,-20.977486
4867,766,REU.4.6_1,REU.4.6_1,0.103010358291581,0.742304820466622,0.63929446217504,2025.22301703897,2025.32602739726,CHIKV_RUN_S46b42_2025,55.414846,-21.273036
5789,2712,REU.1.4_1,REU.1.4_1,0.102563927557041,0.742304820466622,0.63974089290958,2025.2234634697,2025.32602739726,CHIKV_RUN_S46b11_2025,55.708628,-21.03643
3852,940,REU.2.4_1,REU.2.4_1,0.0744697105940377,0.742304820466622,0.667835109872584,2025.25155768667,2025.32602739726,CHIKV_RUN_S52b23_2025,55.516346,-20.913937
3725,1719,REU.3.5_1,REU.3.5_1,0.0709235255570057,0.742304820466622,0.671381294909616,2025.2551038717,2025.32602739726,CHIKV_RUN_S45b22_2025,55.295169,-20.984617
4347,1731,REU.2.3_1,REU.2.3_1,0.0674992455875011,0.742304820466622,0.67480557487912,2025.25852815167,2025.32602739726,CHIKV_RUN_S46b07_2025,55.486279,-20.908921
5105,1192,REU.4.8_1,REU.4.8_1,0.0533385946276504,0.742304820466622,0.688966225838971,2025.27268880263,2025.32602739726,CHIKV_RUN_S46b04_2025,55.463909,-21.340889
4502,1366,REU.2.3_1,REU.1.4_1,0.0412276521105539,0.742304820466621,0.701077168356067,2025.28479974515,2025.32602739726,CHIKV_RUN_S46b16_2025,55.702635,-21.053707
5139,1208,REU.4.4_1,REU.4.4_1,0.0202656766000918,0.742304820466622,0.72203914386653,2025.30576172066,2025.32602739726,CHIKV_RUN_S52b16_2025,55.577699,-21.338229
4003,167,REU.3.5_1,REU.2.3_1,0.255607939181027,0.745044546493979,0.489436607312952,2025.07315918411,2025.32876712329,CHIKV_RUN_S46b10_2025,55.49492,-20.923776
3574,2584,REU.4.8_1,REU.2.3_1,0.233323142767166,0.745044546493979,0.511721403726813,2025.09544398052,2025.32876712329,CHIKV_RUN_S46b61_2025,55.459891,-20.882291
6132,3004,REU.4.8_1,REU.4.5_1,0.204570991716859,0.745044546493979,0.54047355477712,2025.12419613157,2025.32876712329,CHIKV_RUN_S46b22_2025,55.64542,-21.383028
5292,1569,REU.4.3_1,REU.2.3_1,0.196866751803558,0.745044546493979,0.548177794690421,2025.13190037148,2025.32876712329,CHIKV_RUN_S46b13_2025,55.457295,-20.885927
6135,3000,REU.4.6_1,REU.4.8_1,0.19198846668135,0.745044546493979,0.553056079812628,2025.13677865661,2025.32876712329,CHIKV_RUN_S46b32_2025,55.472123,-21.334047
3688,2145,REU.2.3_1,REU.1.3_1,0.190175462327049,0.745044546493979,0.55486908416693,2025.13859166096,2025.32876712329,CHIKV_RUN_S46b55_2025,55.620824,-20.957573
4326,1593,REU.4.8_1,REU.4.8_1,0.188900062250852,0.745044546493979,0.556144484243127,2025.13986706104,2025.32876712329,CHIKV_RUN_S46b20_2025,55.472671,-21.334853
5171,1100,REU.4.4_1,REU.4.4_1,0.179088783811671,0.745044546493979,0.565955762682308,2025.14967833948,2025.32876712329,CHIKV_RUN_S46b51_2025,55.548159,-21.32095
3192,2745,REU.4.8_1,REU.3.2_1,0.174486049844895,0.745044546493979,0.570558496649084,2025.15428107344,2025.32876712329,CHIKV_RUN_S31b05_2025,55.347124,-21.241432
6125,2871,REU.2.4_1,REU.2.4_1,0.173434232727382,0.745044546493979,0.571610313766597,2025.15533289056,2025.32876712329,CHIKV_RUN_S46b01_2025,55.518955,-20.92515
3536,2794,REU.4.6_1,REU.4.6_1,0.172096046228889,0.745044546493979,0.57294850026509,2025.15667107706,2025.32876712329,CHIKV_RUN_S46b29_2025,55.405237,-21.273488
5570,1827,REU.2.3_1,REU.4.8_1,0.169701990945002,0.745044546493979,0.575342555548977,2025.15906513234,2025.32876712329,CHIKV_RUN_S46b19_2025,55.481425,-21.329833
5809,2676,REU.3.4_1,REU.3.4_1,0.158778941131774,0.745044546493979,0.586265605362205,2025.16998818216,2025.32876712329,CHIKV_RUN_S46b56_2025,55.301903,-21.145266
5715,2175,REU.3.1_1,REU.1.3_1,0.15689590077061,0.745044546493979,0.588148645723369,2025.17187122252,2025.32876712329,CHIKV_RUN_S46b60_2025,55.667219,-20.944035
4816,429,REU.4.5_1,REU.4.5_1,0.15647139037334,0.745044546493979,0.588573156120639,2025.17229573291,2025.32876712329,CHIKV_RUN_S46b33_2025,55.663895,-21.377773
5649,1977,REU.2.5_1,REU.2.3_1,0.155283135766575,0.745044546493979,0.589761410727404,2025.17348398752,2025.32876712329,CHIKV_RUN_S45b27_2025,55.48074,-20.904086
5868,21,REU.2.3_1,REU.2.3_1,0.140725219877624,0.745044546493979,0.604319326616354,2025.18804190341,2025.32876712329,CHIKV_RUN_S46b02_2025,55.47541,-20.899806
5543,2029,REU.4.8_1,REU.4.6_1,0.121366613747951,0.745044546493979,0.623677932746028,2025.20740050954,2025.32876712329,CHIKV_RUN_S46b41_2025,55.418581,-21.28615
4959,843,REU.4.3_1,REU.4.8_1,0.11193208939278,0.745044546493979,0.633112457101199,2025.2168350339,2025.32876712329,CHIKV_RUN_S46b28_2025,55.513461,-21.341591
3948,1284,REU.4.5_1,REU.4.5_1,0.105282987379975,0.745044546493979,0.639761559114004,2025.22348413591,2025.32876712329,CHIKV_RUN_S46b43_2025,55.661586,-21.34821
5478,2281,REU.3.5_1,REU.2.3_1,0.0767474713649154,0.745044546493979,0.668297075129064,2025.25201965192,2025.32876712329,CHIKV_RUN_S46b03_2025,55.45772,-20.888454
4359,1606,REU.4.3_1,REU.2.3_1,0.285703742916797,0.747784272521336,0.46208052960454,2025.0458031064,2025.33150684932,CHIKV_RUN_S46b53_2025,55.489244,-20.893019
3268,2831,REU.4.8_1,REU.4.8_1,0.226559481608597,0.747784272521336,0.52122479091274,2025.10494736771,2025.33150684932,CHIKV_RUN_S46b44_2025,55.463867,-21.337096
4462,88,REU.4.8_1,REU.2.3_1,0.226550253469409,0.747784272521336,0.521234019051928,2025.10495659585,2025.33150684932,CHIKV_RUN_S46b36_2025,55.44669,-20.903369
4088,1640,REU.4.3_1,REU.2.3_1,0.225097461399788,0.747784272521336,0.522686811121549,2025.10640938792,2025.33150684932,CHIKV_RUN_S46b23_2025,55.502897,-20.901088
4102,1335,REU.4.8_1,REU.2.3_1,0.215021856748301,0.747784272521336,0.532762415773035,2025.11648499257,2025.33150684932,CHIKV_RUN_S46b25_2025,55.480311,-20.890322
4150,1003,REU.2.3_1,REU.2.5_1,0.207715487130226,0.747784272521336,0.540068785391111,2025.12379136218,2025.33150684932,CHIKV_RUN_S46b21_2025,55.629583,-20.936142
3994,128,REU.3.5_1,REU.4.8_1,0.200000897059636,0.747784272521336,0.5477833754617,2025.13150595226,2025.33150684932,CHIKV_RUN_S46b38_2025,55.475804,-21.327807
5871,27,REU.2.3_1,REU.2.3_1,0.184640890429394,0.747784272521336,0.563143382091942,2025.14686595889,2025.33150684932,CHIKV_RUN_S46b17_2025,55.461891,-20.899423
3494,2060,REU.4.8_1,REU.4.1_1,0.176421944432793,0.747784272521336,0.571362328088543,2025.15508490488,2025.33150684932,CHIKV_RUN_S46b40_2025,55.467439,-21.133346
3431,2059,REU.4.8_1,REU.4.1_1,0.17164032303056,0.747784272521336,0.576143949490777,2025.15986652628,2025.33150684932,CHIKV_RUN_S46b35_2025,55.466392,-21.137632
3918,210,REU.4.5_1,REU.4.5_1,0.165374953651477,0.747784272521336,0.58240931886986,2025.16613189566,2025.33150684932,CHIKV_RUN_S46b46_2025,55.677205,-21.373066
6103,2859,REU.2.3_1,REU.2.3_1,0.163519540290552,0.747784272521336,0.584264732230785,2025.16798730902,2025.33150684932,CHIKV_RUN_S46b57_2025,55.467671,-20.906133
6179,2994,REU.4.6_1,REU.4.6_1,0.132086842043132,0.747784272521337,0.615697430478205,2025.19942000727,2025.33150684932,CHIKV_RUN_S48b86_2025,55.429575,-21.283692
6005,2331,REU.2.3_1,REU.2.5_1,0.130992539199186,0.747784272521336,0.61679173332215,2025.20051431012,2025.33150684932,CHIKV_RUN_S46b39_2025,55.63396,-20.942711
4777,373,REU.2.5_1,REU.2.5_1,0.128962021774458,0.747784272521336,0.618822250746878,2025.20254482754,2025.33150684932,CHIKV_RUN_S46b34_2025,55.606376,-20.905031
3145,1952,REU.2.3_1,REU.2.3_1,0.126732283461101,0.747784272521336,0.621051989060236,2025.20477456585,2025.33150684932,CHIKV_RUN_S46b26_2025,55.43303,-20.88394
4005,117,REU.2.3_1,REU.2.3_1,0.125520018672684,0.747784272521336,0.622264253848652,2025.20598683064,2025.33150684932,CHIKV_RUN_S46b49_2025,55.471554,-20.910018
3992,133,REU.3.5_1,REU.2.3_1,0.110156138956603,0.747784272521337,0.637628133564733,2025.22135071036,2025.33150684932,CHIKV_RUN_S46b58_2025,55.470159,-20.901542
6056,2928,REU.2.3_1,REU.2.3_1,0.110060474478695,0.747784272521336,0.637723798042641,2025.22144637484,2025.33150684932,CHIKV_RUN_S46b18_2025,55.410678,-20.886879
3522,2684,REU.3.4_1,REU.3.2_1,0.0936509295576626,0.747784272521336,0.654133342963674,2025.23785591976,2025.33150684932,CHIKV_RUN_S46b54_2025,55.361057,-21.214202
3576,2582,REU.4.8_1,REU.2.3_1,0.0923558381974132,0.747784272521336,0.655428434323923,2025.23915101112,2025.33150684932,CHIKV_RUN_S46b30_2025,55.456567,-20.885699
4270,630,REU.2.3_1,REU.2.3_1,0.0892503071326446,0.747784272521336,0.658533965388692,2025.24225654218,2025.33150684932,CHIKV_RUN_S46b45_2025,55.457436,-20.888307
3363,2431,REU.4.3_1,REU.4.6_1,0.0866497261470198,0.747784272521336,0.661134546374317,2025.24485712317,2025.33150684932,CHIKV_RUN_S48b64_2025,55.408152,-21.286438
4229,922,REU.4.3_1,REU.2.3_1,0.0813497774885636,0.747784272521336,0.666434495032773,2025.25015707183,2025.33150684932,CHIKV_RUN_S46b37_2025,55.45897,-20.894212
5064,1243,REU.4.6_1,REU.4.6_1,0.0758410060982282,0.747784272521336,0.671943266423108,2025.25566584322,2025.33150684932,CHIKV_RUN_S46b71_2025,55.406057,-21.273203
5139,1207,REU.4.4_1,REU.4.4_1,0.0257451286548066,0.747784272521336,0.72203914386653,2025.30576172066,2025.33150684932,CHIKV_RUN_S46b52_2025,55.578756,-21.33845
3914,213,REU.4.4_1,REU.4.4_1,0.00737195656989442,0.747784272521336,0.740412315951442,2025.32413489275,2025.33150684932,CHIKV_RUN_S46b65_2025,55.544666,-21.35309
4883,689,REU.4.3_1,REU.2.3_1,0.268592409499162,0.750523998548694,0.481931589049532,2025.06565416584,2025.33424657534,CHIKV_RUN_S46b68_2025,55.485717,-20.895541
3212,3047,REU.4.8_1,REU.4.6_1,0.248836705298426,0.750523998548694,0.501687293250268,2025.08540987004,2025.33424657534,CHIKV_RUN_S49b29_2025,55.418187,-21.285398
5507,2349,REU.4.8_1,REU.4.6_1,0.225722622506705,0.750523998548694,0.524801376041989,2025.10852395284,2025.33424657534,CHIKV_RUN_S46b64_2025,55.419454,-21.277604
5177,1127,REU.4.8_1,REU.2.4_1,0.203968937906785,0.750523998548694,0.546555060641909,2025.13027763744,2025.33424657534,CHIKV_RUN_S46b59_2025,55.556227,-20.898491
4042,1579,REU.4.3_1,REU.1.3_1,0.181152650346541,0.750523998548694,0.569371348202152,2025.153093925,2025.33424657534,CHIKV_RUN_S48b66_2025,55.647533,-20.932677
4831,814,REU.4.8_1,REU.1.1_1,0.13352348285402,0.750523998548694,0.617000515694674,2025.20072309249,2025.33424657534,CHIKV_RUN_S49b94_2025,55.678687,-20.997433
4694,581,REU.4.3_1,REU.1.4_1,0.130156389394452,0.750523998548694,0.620367609154241,2025.20409018595,2025.33424657534,CHIKV_RUN_S49b95_2025,55.700612,-21.033578
4116,1035,REU.4.8_1,REU.4.8_1,0.109624908786102,0.750523998548694,0.640899089762592,2025.22462166656,2025.33424657534,CHIKV_RUN_S49b30_2025,55.466833,-21.284527
5628,1924,REU.4.5_1,REU.4.5_1,0.0336952148755727,0.750523998548694,0.716828783673121,2025.30055136047,2025.33424657534,CHIKV_RUN_S49b11_2025,55.657541,-21.336291
5014,866,REU.4.3_1,REU.4.2_1,0.229033032613313,0.753263724576279,0.524230691962966,2025.10795326876,2025.33698630137,CHIKV_RUN_S48b55_2025,55.478262,-21.248038
3306,2411,REU.3.4_1,REU.2.3_1,0.210283155882617,0.753263724576279,0.542980568693662,2025.12670314549,2025.33698630137,CHIKV_RUN_S46b69_2025,55.465751,-20.904131
5540,2210,REU.4.6_1,REU.4.6_1,0.149519362176594,0.753263724576279,0.603744362399685,2025.18746693919,2025.33698630137,CHIKV_RUN_S48b72_2025,55.402364,-21.215314
5387,263,REU.4.3_1,REU.1.1_1,0.130675747027512,0.753263724576279,0.622587977548767,2025.20631055434,2025.33698630137,CHIKV_RUN_S48b61_2025,55.642996,-20.979927
3260,2822,REU.4.8_1,REU.2.3_1,0.123544471846651,0.753263724576279,0.629719252729627,2025.21344182952,2025.33698630137,CHIKV_RUN_S49b07_2025,55.399736,-20.908226
5118,1221,REU.4.5_1,REU.1.4_1,0.0890787422990913,0.753263724576279,0.664184982277187,2025.24790755907,2025.33698630137,CHIKV_RUN_S48b74_2025,55.703498,-21.053052
4303,1412,REU.4.3_1,REU.2.4_1,0.239946908122232,0.756003450603636,0.516056542481404,2025.09977911928,2025.3397260274,CHIKV_RUN_S48b84_2025,55.528289,-20.936442
6118,2863,REU.2.4_1,REU.3.3_1,0.226922400930293,0.756003450603636,0.529081049673343,2025.11280362647,2025.3397260274,CHIKV_RUN_S48b78_2025,55.260059,-21.115842
3412,2098,REU.4.5_1,REU.4.8_1,0.226472842027031,0.756003450603636,0.529530608576605,2025.11325318537,2025.3397260274,CHIKV_RUN_S49b21_2025,55.510941,-21.342221
5195,1057,REU.3.1_1,REU.4.3_1,0.222311580210381,0.756003450603636,0.533691870393255,2025.11741444719,2025.3397260274,CHIKV_RUN_S49b28_2025,55.510599,-21.273324
4095,633,REU.4.3_1,REU.2.3_1,0.213787622012023,0.756003450603636,0.542215828591613,2025.12593840539,2025.3397260274,CHIKV_RUN_S48b90_2025,55.478005,-20.896493
5548,3105,REU.4.6_1,REU.2.3_1,0.207953896026584,0.756003450603636,0.548049554577052,2025.13177213137,2025.3397260274,CHIKV_RUN_S48b91_2025,55.475821,-20.923253
3271,2809,REU.4.8_1,REU.1.4_1,0.207794636021723,0.756003450603636,0.548208814581913,2025.13193139138,2025.3397260274,CHIKV_RUN_S48b81_2025,55.739852,-21.0772
6026,1816,REU.4.8_1,REU.4.8_1,0.190122678337021,0.756003450603636,0.565880772266615,2025.14960334906,2025.3397260274,CHIKV_RUN_S48b83_2025,55.482231,-21.312792
4497,1374,REU.2.3_1,REU.1.3_1,0.183955740386284,0.756003450603636,0.572047710217351,2025.15577028701,2025.3397260274,CHIKV_RUN_S48b60_2025,55.653711,-20.964363
3629,2512,REU.4.1_1,REU.4.1_1,0.158168707531605,0.756003450603636,0.597834743072031,2025.18155731987,2025.3397260274,CHIKV_RUN_S49b10_2025,55.480356,-21.130718
5705,1874,REU.4.3_1,REU.4.3_1,0.153655362793823,0.756003450603636,0.602348087809813,2025.1860706646,2025.3397260274,CHIKV_RUN_S48b76_2025,55.539861,-21.241747
5737,2491,REU.3.1_1,REU.4.6_1,0.151336856639283,0.756003450603636,0.604666593964353,2025.18838917076,2025.3397260274,CHIKV_RUN_S48b63_2025,55.403736,-21.282235
6102,2890,REU.2.3_1,REU.1.4_1,0.1489387640793,0.756003450603636,0.607064686524336,2025.19078726332,2025.3397260274,CHIKV_RUN_S48b70_2025,55.704649,-21.05163
3360,2435,REU.3.4_1,REU.2.3_1,0.13819864099538,0.756003450603636,0.617804809608256,2025.2015273864,2025.3397260274,CHIKV_RUN_S48b79_2025,55.485524,-20.893173
5341,1158,REU.4.8_1,REU.3.1_1,0.129819172286063,0.756003450603636,0.626184278317573,2025.20990685511,2025.3397260274,CHIKV_RUN_S48b69_2025,55.39105,-21.255145
4345,1425,REU.4.3_1,REU.2.3_1,0.084262046437516,0.756003450603636,0.67174140416612,2025.25546398096,2025.3397260274,CHIKV_RUN_S49b19_2025,55.444835,-20.880299
5230,1715,REU.1.3_1,REU.1.2_1,0.0511366569114371,0.756003450603636,0.704866793692199,2025.28858937049,2025.3397260274,CHIKV_RUN_S50b61_2025,55.611984,-21.140664
5628,1923,REU.4.5_1,REU.4.5_1,0.0391746669305149,0.756003450603636,0.716828783673121,2025.30055136047,2025.3397260274,CHIKV_RUN_S48b89_2025,55.657541,-21.336291
3450,2126,REU.4.5_1,REU.4.5_1,0.192256650408657,0.758743176630993,0.566486526222336,2025.15020910302,2025.34246575342,CHIKV_RUN_S48b57_2025,55.632393,-21.331723
4615,446,REU.4.3_1,REU.3.5_1,0.182932907706411,0.758743176630993,0.575810268924582,2025.15953284572,2025.34246575342,CHIKV_RUN_S50b15_2025,55.267825,-21.036111
3321,2452,REU.3.4_1,REU.2.3_1,0.17639712566783,0.758743176630993,0.582346050963163,2025.16606862776,2025.34246575342,CHIKV_RUN_S49b04_2025,55.409798,-20.894944
3323,2455,REU.3.4_1,REU.2.3_1,0.167632907550292,0.758743176630993,0.591110269080701,2025.17483284587,2025.34246575342,CHIKV_RUN_S49b16_2025,55.457204,-20.885385
4713,512,REU.3.5_1,REU.4.8_1,0.131286920784155,0.758743176630993,0.627456255846838,2025.21117883264,2025.34246575342,CHIKV_RUN_S49b77_2025,55.557789,-21.309666
5524,2375,REU.4.8_1,REU.2.1_1,0.123984031909665,0.758743176630993,0.634759144721328,2025.21848172151,2025.34246575342,CHIKV_RUN_S49b79_2025,55.318053,-20.957706
4173,1026,REU.2.3_1,REU.2.1_1,0.120327464448268,0.758743176630993,0.638415712182725,2025.22213828898,2025.34246575342,CHIKV_RUN_S49b18_2025,55.332299,-20.949834
3691,2201,REU.2.3_1,REU.2.5_1,0.089043921665667,0.758743176630993,0.669699254965326,2025.25342183176,2025.34246575342,CHIKV_RUN_S50b08_2025,55.613507,-20.908727
4345,1716,REU.4.3_1,REU.3.4_1,0.0870017724648734,0.758743176630993,0.67174140416612,2025.25546398096,2025.34246575342,CHIKV_RUN_S49b20_2025,55.276741,-21.148361
5646,1985,REU.2.3_1,REU.2.3_1,0.0856252345359598,0.758743176630993,0.673117942095034,2025.25684051889,2025.34246575342,CHIKV_RUN_S48b62_2025,55.467935,-20.895237
4113,1420,REU.2.3_1,REU.2.4_1,0.0847203274579083,0.758743176630993,0.674022849173085,2025.25774542597,2025.34246575342,CHIKV_RUN_S50b11_2025,55.577194,-20.928358
3129,2733,REU.4.5_1,REU.4.6_1,0.0839597713320708,0.758743176630993,0.674783405298923,2025.25850598209,2025.34246575342,CHIKV_RUN_S49b09_2025,55.404162,-21.276649
6106,2857,REU.2.3_1,REU.2.3_1,0.0742308275031065,0.758743176630993,0.684512349127887,2025.26823492592,2025.34246575342,CHIKV_RUN_S49b27_2025,55.489244,-20.893019
5350,1338,REU.4.8_1,REU.3.5_1,0.0554644077440671,0.758743176630993,0.703278768886926,2025.28700134568,2025.34246575342,CHIKV_RUN_S50b21_2025,55.270959,-21.026086
4186,4187,REU.4.3_1,REU.3.5_1,0.290993797155479,0.760954526315126,0.469960729159647,2025.05368330595,2025.34467710311,NA,NA,NA
5466,2246,REU.4.3_1,REU.4.5_1,0.270717502344223,0.761482902658351,0.490765400314127,2025.07448797711,2025.34520547945,CHIKV_RUN_S50b57_2025,55.61417,-21.350315
4006,153,REU.3.5_1,REU.2.3_1,0.234694644345964,0.761482902658351,0.526788258312386,2025.11051083511,2025.34520547945,CHIKV_RUN_S48b75_2025,55.458056,-20.895514
3800,1442,REU.4.3_1,REU.1.5_1,0.195101133388713,0.761482902658351,0.566381769269638,2025.15010434606,2025.34520547945,CHIKV_RUN_S50b52_2025,55.776737,-21.127743
5407,1153,REU.1.3_1,REU.1.3_1,0.187313238100637,0.761482902658351,0.574169664557714,2025.15789224135,2025.34520547945,CHIKV_RUN_S49b15_2025,55.647471,-20.943439
4262,1692,REU.3.5_1,REU.3.5_1,0.182224837143746,0.761482902658351,0.579258065514604,2025.16298064231,2025.34520547945,CHIKV_RUN_S47b77_2025,55.273959,-21.10216
4044,1157,REU.4.3_1,REU.3.5_1,0.180585290338663,0.761482902658351,0.580897612319688,2025.16462018911,2025.34520547945,CHIKV_RUN_S49b24_2025,55.307677,-21.036376
5602,2332,REU.3.1_1,REU.3.2_1,0.174535982120208,0.761482902658351,0.586946920538142,2025.17066949733,2025.34520547945,CHIKV_RUN_S50b53_2025,55.342839,-21.224859
4924,789,REU.4.8_1,REU.4.6_1,0.168771732338182,0.761482902658351,0.592711170320169,2025.17643374711,2025.34520547945,CHIKV_RUN_S48b54_2025,55.433357,-21.258567
5656,1995,REU.2.3_1,REU.1.3_1,0.155320291861704,0.761482902658351,0.606162610796647,2025.18988518759,2025.34520547945,CHIKV_RUN_S49b26_2025,55.660734,-20.953315
5979,2668,REU.4.8_1,REU.2.3_1,0.153339325284836,0.761482902658351,0.608143577373515,2025.19186615417,2025.34520547945,CHIKV_RUN_S48b82_2025,55.475376,-20.889346
3335,2471,REU.4.6_1,REU.4.6_1,0.152954060387615,0.761482902658351,0.608528842270736,2025.19225141906,2025.34520547945,CHIKV_RUN_S50b55_2025,55.401378,-21.287179
4719,385,REU.2.3_1,REU.2.3_1,0.143175632523298,0.761482902658351,0.618307270135053,2025.20202984693,2025.34520547945,CHIKV_RUN_S49b06_2025,55.479358,-20.907661
3244,1861,REU.4.8_1,REU.2.3_1,0.132638440027199,0.761482902658351,0.628844462631152,2025.21256703942,2025.34520547945,CHIKV_RUN_S50b59_2025,55.485603,-20.893484
5619,1843,REU.4.6_1,REU.2.3_1,0.118751991489767,0.761482902658351,0.642730911168583,2025.22645348796,2025.34520547945,CHIKV_RUN_S50b60_2025,55.485603,-20.893484
3160,1893,REU.4.5_1,REU.4.5_1,0.115193742806244,0.761482902658351,0.646289159852107,2025.23001173665,2025.34520547945,CHIKV_RUN_S49b05_2025,55.632391,-21.296924
3980,146,REU.4.8_1,REU.2.4_1,0.103199804464308,0.761482902658351,0.658283098194043,2025.24200567499,2025.34520547945,CHIKV_RUN_S48b95_2025,55.519218,-20.957323
6106,2867,REU.2.3_1,REU.2.3_1,0.0769705535304639,0.761482902658351,0.684512349127887,2025.26823492592,2025.34520547945,CHIKV_RUN_S48b77_2025,55.446709,-20.890196
5103,1201,REU.4.8_1,REU.4.8_1,0.21363107998521,0.764222628685708,0.550591548700498,2025.13431412549,2025.34794520548,CHIKV_RUN_S47b16_2025,55.474091,-21.342737
4681,540,REU.4.8_1,REU.2.3_1,0.169440596846895,0.764222628685708,0.594782031838813,2025.17850460863,2025.34794520548,CHIKV_RUN_S48b73_2025,55.485222,-20.918912
6006,1840,REU.2.3_1,REU.2.5_1,0.128431087328733,0.764222628685708,0.635791541356975,2025.21951411815,2025.34794520548,CHIKV_RUN_S49b03_2025,55.603885,-20.958892
4187,289,REU.3.5_1,REU.3.5_1,0.00326810237058173,0.764222628685708,0.760954526315126,2025.34467710311,2025.34794520548,CHIKV_RUN_S49b14_2025,55.343071,-20.979026
3512,1835,REU.4.8_1,REU.4.3_1,0.258794819846237,0.766962354713066,0.508167534866829,2025.09189011166,2025.35068493151,CHIKV_RUN_S49b13_2025,55.539411,-21.238334
4929,796,REU.4.8_1,REU.4.3_1,0.191664436498257,0.766962354713066,0.575297918214809,2025.15902049501,2025.35068493151,CHIKV_RUN_S48b88_2025,55.543011,-21.25124
5124,1252,REU.4.4_1,REU.4.8_1,0.175376291021835,0.766962354713065,0.59158606369123,2025.17530864048,2025.35068493151,CHIKV_RUN_S47b34_2025,55.472216,-21.338658
5603,2146,REU.3.1_1,REU.3.2_1,0.1705496449461,0.766962354713066,0.596412709766965,2025.18013528656,2025.35068493151,CHIKV_RUN_S46b83_2025,55.352595,-21.215902
5482,2280,REU.4.3_1,REU.1.3_1,0.168575159875211,0.766962354713065,0.598387194837855,2025.18210977163,2025.35068493151,CHIKV_RUN_S48b67_2025,55.624718,-20.963069
5719,3096,REU.2.3_1,REU.3.4_1,0.164610101333677,0.766962354713066,0.602352253379389,2025.18607483017,2025.35068493151,CHIKV_RUN_S46b92_2025,55.335026,-21.222045
4748,433,REU.4.3_1,REU.4.3_1,0.159505573083439,0.766962354713066,0.607456781629626,2025.19117935842,2025.35068493151,CHIKV_RUN_S47b29_2025,55.534709,-21.260523
3993,150,REU.3.5_1,REU.4.8_1,0.156509085555121,0.766962354713066,0.610453269157944,2025.19417584595,2025.35068493151,CHIKV_RUN_S46b72_2025,55.47316,-21.331994
3568,2575,REU.2.3_1,REU.2.4_1,0.108050599263403,0.766962354713066,0.658911755449663,2025.24263433224,2025.35068493151,CHIKV_RUN_S47b33_2025,55.55095,-20.898189
4973,642,REU.4.3_1,REU.4.8_1,0.106561341153653,0.766962354713066,0.660401013559413,2025.24412359035,2025.35068493151,CHIKV_RUN_S49b25_2025,55.476251,-21.332312
3246,1895,REU.4.8_1,REU.2.4_1,0.105589978040024,0.766962354713066,0.661372376673042,2025.24509495347,2025.35068493151,CHIKV_RUN_S50b62_2025,55.51499,-20.916225
3428,2112,REU.4.5_1,REU.4.5_1,0.259531899236072,0.76970208074065,0.510170181504578,2025.0938927583,2025.35342465753,CHIKV_RUN_S47b15_2025,55.655034,-21.336033
5240,358,REU.2.3_1,REU.2.3_1,0.249532123117045,0.76970208074065,0.520169957623605,2025.10389253442,2025.35342465753,CHIKV_RUN_S47b22_2025,55.463357,-20.884354
3521,2024,REU.4.6_1,REU.4.8_1,0.221806369809433,0.76970208074065,0.547895710931218,2025.13161828772,2025.35342465753,CHIKV_RUN_S46b91_2025,55.453675,-21.299911
4459,93,REU.2.3_1,REU.2.4_1,0.177498962894352,0.76970208074065,0.592203117846298,2025.17592569464,2025.35342465753,CHIKV_RUN_S49b02_2025,55.544449,-20.937051
4745,441,REU.4.5_1,REU.1.3_1,0.173080413254546,0.76970208074065,0.596621667486104,2025.18034424428,2025.35342465753,CHIKV_RUN_S47b20_2025,55.654465,-20.961128
5003,811,REU.4.3_1,REU.4.3_1,0.167181910293259,0.76970208074065,0.602520170447391,2025.18624274724,2025.35342465753,CHIKV_RUN_S47b11_2025,55.530898,-21.262583
4619,503,REU.2.3_1,REU.2.2_1,0.153741818659856,0.76970208074065,0.615960262080794,2025.19968283887,2025.35342465753,CHIKV_RUN_S48b53_2025,55.303736,-20.953125
5477,2278,REU.3.5_1,REU.3.4_1,0.150799770337853,0.76970208074065,0.618902310402797,2025.2026248872,2025.35342465753,CHIKV_RUN_S46b80_2025,55.326002,-21.226865
5620,3069,REU.4.8_1,REU.2.3_1,0.136474786504163,0.76970208074065,0.633227294236487,2025.21694987103,2025.35342465753,CHIKV_RUN_S48b94_2025,55.469891,-20.899035
5204,313,REU.4.3_1,REU.2.5_1,0.29949489936768,0.772441806768008,0.472946907400328,2025.05666948419,2025.35616438356,CHIKV_RUN_S46b74_2025,55.614384,-20.909928
4367,1090,REU.4.3_1,REU.4.3_1,0.292046654115252,0.772441806768008,0.480395152652755,2025.06411772945,2025.35616438356,CHIKV_RUN_S47b10_2025,55.518124,-21.241627
5966,2726,REU.4.6_1,REU.1.3_1,0.269588438386681,0.772441806768008,0.502853368381326,2025.08657594517,2025.35616438356,CHIKV_RUN_S46b81_2025,55.668995,-20.967702
4893,674,REU.4.3_1,REU.4.8_1,0.242297661833035,0.772441806768008,0.530144144934973,2025.11386672173,2025.35616438356,CHIKV_RUN_S46b73_2025,55.454721,-21.302751
3414,2049,REU.4.5_1,REU.4.7_1,0.226094593933773,0.772441806768008,0.546347212834235,2025.13006978963,2025.35616438356,CHIKV_RUN_S46b95_2025,55.769749,-21.361922
3733,600,REU.4.3_1,REU.2.3_1,0.225289784248604,0.772441806768008,0.547152022519404,2025.13087459931,2025.35616438356,CHIKV_RUN_S47b36_2025,55.459694,-20.888721
4268,1313,REU.4.3_1,REU.2.3_1,0.211567222345565,0.772441806768008,0.560874584422443,2025.14459716122,2025.35616438356,CHIKV_RUN_S46b90_2025,55.446522,-20.881455
4456,1430,REU.2.3_1,REU.2.3_1,0.1927153171563,0.772441806768008,0.579726489611708,2025.16344906641,2025.35616438356,CHIKV_RUN_S47b35_2025,55.458913,-20.880306
4754,393,REU.2.5_1,REU.2.5_1,0.18830853088182,0.772441806768008,0.584133275886188,2025.16785585268,2025.35616438356,CHIKV_RUN_S47b31_2025,55.604424,-20.903172
4372,1082,REU.4.3_1,REU.4.8_1,0.128259210596268,0.772441806768008,0.64418259617174,2025.22790517297,2025.35616438356,CHIKV_RUN_S47b05_2025,55.46773,-21.28387
3211,3109,REU.2.3_1,REU.2.3_1,0.112808850395958,0.772441806768008,0.659632956372049,2025.24335553317,2025.35616438356,CHIKV_RUN_S47b30_2025,55.443947,-20.878838
3246,1894,REU.4.8_1,REU.1.4_1,0.111069430094966,0.772441806768008,0.661372376673042,2025.24509495347,2025.35616438356,CHIKV_RUN_S47b23_2025,55.720041,-21.04402
6112,2862,REU.2.4_1,REU.2.4_1,0.283267809873559,0.775181532795365,0.491913722921806,2025.07563629972,2025.35890410959,CHIKV_RUN_S52b26_2025,55.543385,-20.942383
5007,692,REU.4.3_1,REU.4.3_1,0.28145847358539,0.775181532795365,0.493723059209975,2025.077445636,2025.35890410959,CHIKV_RUN_S47b13_2025,55.517356,-21.286397
5957,2330,REU.4.6_1,REU.4.8_1,0.280934192365788,0.775181532795365,0.494247340429578,2025.07796991722,2025.35890410959,CHIKV_RUN_S46b86_2025,55.51635,-21.339097
3251,3059,REU.3.4_1,REU.4.2_1,0.270903638307438,0.775181532795365,0.504277894487927,2025.08800047128,2025.35890410959,CHIKV_RUN_S52b35_2025,55.474517,-21.249044
4290,1069,REU.2.2_1,REU.2.2_1,0.266426604285699,0.775181532795365,0.508754928509666,2025.0924775053,2025.35890410959,CHIKV_RUN_S52b45_2025,55.303339,-20.937709
6195,2983,REU.3.4_1,REU.2.5_1,0.231516840466574,0.775181532795365,0.543664692328791,2025.12738726912,2025.35890410959,CHIKV_RUN_S52b46_2025,55.59501,-20.91233
6110,2883,REU.2.4_1,REU.2.4_1,0.225610082025292,0.775181532795365,0.549571450770073,2025.13329402756,2025.35890410959,CHIKV_RUN_S47b37_2025,55.533877,-20.948495
3784,895,REU.2.1_1,REU.1.3_1,0.223371280167904,0.775181532795365,0.551810252627461,2025.13553282942,2025.35890410959,CHIKV_RUN_S52b18_2025,55.667219,-20.944035
5991,2649,REU.3.1_1,REU.3.5_1,0.214183840541987,0.775181532795365,0.560997692253378,2025.14472026905,2025.35890410959,CHIKV_RUN_S52b52_2025,55.257114,-21.107114
5089,1231,REU.4.4_1,REU.4.4_1,0.192125966721561,0.775181532795365,0.583055566073804,2025.16677814287,2025.35890410959,CHIKV_RUN_S47b27_2025,55.562062,-21.35078
4269,1291,REU.4.3_1,REU.4.3_1,0.190589329860038,0.775181532795365,0.584592202935327,2025.16831477973,2025.35890410959,CHIKV_RUN_S52b44_2025,55.525973,-21.237487
5714,2341,REU.4.8_1,REU.2.2_1,0.185557490702589,0.775181532795365,0.589624042092776,2025.17334661889,2025.35890410959,CHIKV_RUN_S52b47_2025,55.295425,-20.941715
5279,337,REU.2.3_1,REU.2.3_1,0.181992548192904,0.775181532795365,0.593188984602461,2025.1769115614,2025.35890410959,CHIKV_RUN_S52b50_2025,55.440639,-20.91336
6163,2936,REU.3.4_1,REU.1.4_1,0.179762617772017,0.775181532795365,0.595418915023348,2025.17914149182,2025.35890410959,CHIKV_RUN_S52b36_2025,55.685876,-21.050445
5806,1793,REU.3.1_1,REU.4.3_1,0.179191694437829,0.775181532795365,0.595989838357536,2025.17971241515,2025.35890410959,CHIKV_RUN_S47b12_2025,55.50598,-21.242793
5737,2500,REU.3.1_1,REU.1.6_1,0.170514938831013,0.775181532795365,0.604666593964353,2025.18838917076,2025.35890410959,CHIKV_RUN_S47b62_2025,55.506252,-21.027748
3420,2084,REU.4.8_1,REU.3.4_1,0.166086701904193,0.775181532795365,0.609094830891173,2025.19281740768,2025.35890410959,CHIKV_RUN_S52b56_2025,55.278367,-21.145209
5183,1119,REU.2.3_1,REU.2.3_1,0.162727621005356,0.775181532795365,0.612453911790009,2025.19617648858,2025.35890410959,CHIKV_RUN_S47b28_2025,55.457535,-20.921192
4161,1017,REU.2.3_1,REU.1.1_1,0.146030074008279,0.775181532795365,0.629151458787086,2025.21287403558,2025.35890410959,CHIKV_RUN_S47b63_2025,55.690945,-21.001511
3905,221,REU.4.5_1,REU.4.8_1,0.133918956342207,0.775181532795365,0.641262576453158,2025.22498515325,2025.35890410959,CHIKV_RUN_S47b64_2025,55.474303,-21.332315
4509,1376,REU.2.4_1,REU.2.4_1,0.127139710701535,0.775181532795365,0.64804182209383,2025.23176439889,2025.35890410959,CHIKV_RUN_S47b38_2025,55.545779,-20.930942
5333,1381,REU.4.3_1,REU.1.1_1,0.107453757872783,0.775181532795365,0.667727774922583,2025.25145035172,2025.35890410959,CHIKV_RUN_S47b67_2025,55.654374,-21.006785
3595,1931,REU.4.6_1,REU.4.6_1,0.0762562824710388,0.775181532795365,0.698925250324326,2025.28264782712,2025.35890410959,CHIKV_RUN_S47b26_2025,55.402986,-21.208086
3914,215,REU.4.4_1,REU.1.4_1,0.0347692168439231,0.775181532795365,0.740412315951442,2025.32413489275,2025.35890410959,CHIKV_RUN_S47b66_2025,55.714139,-21.042258
4187,305,REU.3.5_1,REU.4.5_1,0.0142270064802387,0.775181532795365,0.760954526315126,2025.34467710311,2025.35890410959,CHIKV_RUN_S52b51_2025,55.622714,-21.368541
5690,1940,REU.3.1_1,REU.1.4_1,0.369311390859861,0.777921258822722,0.408609867962861,2024.99233244476,2025.36164383562,CHIKV_RUN_S48b12_2025,55.720073,-21.080948
6154,2303,REU.3.4_1,REU.4.2_1,0.294601090606104,0.777921258822722,0.483320168216618,2025.06704274501,2025.36164383562,CHIKV_RUN_S52b31_2025,55.470239,-21.246889
5624,1900,REU.3.4_1,REU.4.8_1,0.266584794276612,0.777921258822722,0.511336464546111,2025.09505904134,2025.36164383562,CHIKV_RUN_S52b19_2025,55.456644,-21.296338
5194,617,REU.3.1_1,REU.2.3_1,0.245880380694098,0.777921258822722,0.532040878128625,2025.11576345492,2025.36164383562,CHIKV_RUN_S46b89_2025,55.490213,-20.899952
5556,2204,REU.3.1_1,REU.3.3_1,0.234394648802359,0.777921258822722,0.543526610020364,2025.12724918681,2025.36164383562,CHIKV_RUN_S47b40_2025,55.299717,-21.102325
5217,1621,REU.3.5_1,REU.2.3_1,0.213212011183464,0.777921258822722,0.564709247639258,2025.14843182443,2025.36164383562,CHIKV_RUN_S46b94_2025,55.47374,-20.909245
6143,2958,REU.3.4_1,REU.4.5_1,0.188433228335685,0.777921258822722,0.589488030487037,2025.17321060728,2025.36164383562,CHIKV_RUN_S47b07_2025,55.610269,-21.333414
4874,779,REU.4.3_1,REU.1.4_1,0.177746854446164,0.777921258822722,0.600174404376558,2025.18389698117,2025.36164383562,CHIKV_RUN_S47b65_2025,55.738166,-21.090335
4864,771,REU.4.6_1,REU.4.8_1,0.171838856820367,0.777921258822722,0.606082402002355,2025.1898049788,2025.36164383562,CHIKV_RUN_S47b54_2025,55.463099,-21.290283
6116,2898,REU.2.4_1,REU.2.4_1,0.162687188718854,0.777921258822722,0.615234070103868,2025.1989566469,2025.36164383562,CHIKV_RUN_S47b47_2025,55.526551,-20.921139
3237,2337,REU.3.5_1,REU.3.5_1,0.156236962741382,0.777921258822722,0.62168429608134,2025.20540687288,2025.36164383562,CHIKV_RUN_S47b01_2025,55.283562,-21.029574
5154,1175,REU.2.3_1,REU.1.1_1,0.151410194246173,0.777921258822722,0.62651106457655,2025.21023364137,2025.36164383562,CHIKV_RUN_S48b10_2025,55.643544,-20.979662
5036,739,REU.4.8_1,REU.4.8_1,0.131515009915976,0.777921258822722,0.646406248906747,2025.2301288257,2025.36164383562,CHIKV_RUN_S47b42_2025,55.508249,-21.292707
6127,2896,REU.2.4_1,REU.2.3_1,0.119500642515554,0.777921258822723,0.658420616307169,2025.2421431931,2025.36164383562,CHIKV_RUN_S47b25_2025,55.499711,-20.900307
5208,1742,REU.4.8_1,REU.1.3_1,0.108028592851151,0.777921258822722,0.669892665971572,2025.25361524277,2025.36164383562,CHIKV_RUN_S47b39_2025,55.632622,-20.982068
4098,1479,REU.4.8_1,REU.4.6_1,0.101764345745769,0.777921258822722,0.676156913076953,2025.25987948987,2025.36164383562,CHIKV_RUN_S47b53_2025,55.407108,-21.271001
4023,1424,REU.4.3_1,REU.1.4_1,0.278378844292639,0.78066098485008,0.502282140557441,2025.08600471735,2025.36438356164,CHIKV_RUN_S48b26_2025,55.744322,-21.08959
4580,1453,REU.4.3_1,REU.4.8_1,0.268849291027055,0.78066098485008,0.511811693823025,2025.09553427062,2025.36438356164,CHIKV_RUN_S47b55_2025,55.433389,-21.287845
5295,1645,REU.4.3_1,REU.3.5_1,0.222907081604196,0.78066098485008,0.557753903245884,2025.14147648004,2025.36438356164,CHIKV_RUN_S52b25_2025,55.282331,-21.032172
4564,1553,REU.4.3_1,REU.1.4_1,0.216720807555602,0.78066098485008,0.563940177294478,2025.14766275409,2025.36438356164,CHIKV_RUN_S48b11_2025,55.721519,-21.118339
4401,1493,REU.4.3_1,REU.4.6_1,0.215807601925058,0.78066098485008,0.564853382925021,2025.14857595972,2025.36438356164,CHIKV_RUN_S47b44_2025,55.406605,-21.202573
3896,202,REU.4.5_1,REU.2.3_1,0.175654626218263,0.78066098485008,0.605006358631817,2025.18872893543,2025.36438356164,CHIKV_RUN_S47b41_2025,55.459188,-20.883245
5406,1152,REU.1.1_1,REU.1.1_1,0.172860494481216,0.78066098485008,0.607800490368864,2025.19152306716,2025.36438356164,CHIKV_RUN_S48b09_2025,55.640548,-20.98183
5799,1796,REU.4.6_1,REU.4.1_1,0.147935827559618,0.78066098485008,0.632725157290462,2025.21644773408,2025.36438356164,CHIKV_RUN_S47b50_2025,55.479222,-21.133967
4174,996,REU.2.3_1,REU.2.3_1,0.130976904791547,0.78066098485008,0.649684080058533,2025.23340665685,2025.36438356164,CHIKV_RUN_S47b51_2025,55.486874,-20.916265
4098,1548,REU.4.8_1,REU.2.3_1,0.104504071773126,0.78066098485008,0.676156913076953,2025.25987948987,2025.36438356164,CHIKV_RUN_S46b79_2025,55.500998,-20.907777
3167,3168,REU.3.1_1,REU.2.2_1,0.207904022250734,0.782497518638371,0.574593496387637,2025.15831607318,2025.36622009543,NA,NA,NA
4702,563,REU.4.3_1,REU.4.3_1,0.155864212016412,0.783400710877437,0.627536498861025,2025.21125907565,2025.36712328767,CHIKV_RUN_S47b43_2025,55.514792,-21.279418
6073,2908,REU.2.3_1,REU.2.4_1,0.155788664123599,0.783400710877437,0.627612046753838,2025.21133462355,2025.36712328767,CHIKV_RUN_S47b45_2025,55.570605,-20.902969
4963,842,REU.4.3_1,REU.4.4_1,0.144239413772476,0.783400710877437,0.639161297104961,2025.2228838739,2025.36712328767,CHIKV_RUN_S48b25_2025,55.560499,-21.346699
3199,2215,REU.4.6_1,REU.2.3_1,0.2907307784318,0.786140436905022,0.495409658473222,2025.07913223527,2025.3698630137,CHIKV_RUN_S48b39_2025,55.48753,-20.916189
4188,315,REU.4.3_1,REU.3.5_1,0.278318505170121,0.786140436905022,0.507821931734901,2025.09154450853,2025.3698630137,CHIKV_RUN_S48b41_2025,55.284344,-21.027984
3967,151,REU.4.8_1,REU.2.2_1,0.230403479885206,0.786140436905022,0.555736957019816,2025.13945953381,2025.3698630137,CHIKV_RUN_S49b75_2025,55.295457,-20.937496
5974,2646,REU.3.1_1,REU.4.6_1,0.204180772810076,0.786140436905022,0.581959664094946,2025.16568224089,2025.3698630137,CHIKV_RUN_S48b46_2025,55.438414,-21.28331
3532,3010,REU.4.8_1,REU.1.3_1,0.200100121179588,0.786140436905022,0.586040315725434,2025.16976289252,2025.3698630137,CHIKV_RUN_S48b42_2025,55.647471,-20.943439
6177,2990,REU.3.4_1,REU.2.3_1,0.192898068385448,0.786140436905022,0.593242368519574,2025.17696494531,2025.3698630137,CHIKV_RUN_S48b40_2025,55.476207,-20.889687
5471,2249,REU.4.3_1,REU.2.3_1,0.18708470006579,0.786140436905022,0.599055736839232,2025.18277831363,2025.3698630137,CHIKV_RUN_S48b33_2025,55.481397,-20.898042
3420,2083,REU.4.8_1,REU.4.8_1,0.177045606013849,0.786140436905022,0.609094830891173,2025.19281740768,2025.3698630137,CHIKV_RUN_S48b37_2025,55.528773,-21.361784
5987,2659,REU.4.8_1,REU.2.2_1,0.173372141472831,0.786140436905022,0.612768295432191,2025.19649087223,2025.3698630137,CHIKV_RUN_S50b18_2025,55.308364,-20.934647
3756,1045,REU.2.5_1,REU.2.3_1,0.170052156220327,0.786140436905022,0.616088280684695,2025.19981085748,2025.3698630137,CHIKV_RUN_S47b61_2025,55.480087,-20.913939
4276,876,REU.2.3_1,REU.2.4_1,0.14459059173136,0.786140436905022,0.641549845173662,2025.22527242197,2025.3698630137,CHIKV_RUN_S47b60_2025,55.527055,-20.898568
5815,1937,REU.3.5_1,REU.3.5_1,0.144089870399536,0.786140436905022,0.642050566505486,2025.2257731433,2025.3698630137,CHIKV_RUN_S50b06_2025,55.30303,-21.044177
5105,1191,REU.4.8_1,REU.4.8_1,0.0971742110660508,0.786140436905022,0.688966225838971,2025.27268880263,2025.3698630137,CHIKV_RUN_S48b35_2025,55.478056,-21.339525
3694,2694,REU.4.6_1,REU.3.4_1,0.0682398257576439,0.786140436905022,0.717900611147378,2025.30162318794,2025.3698630137,CHIKV_RUN_S49b76_2025,55.326576,-21.166496
5935,2022,REU.3.1_1,REU.4.8_1,0.342409548009538,0.788880162932379,0.446470614922841,2025.03019319172,2025.37260273973,CHIKV_RUN_S48b30_2025,55.469273,-21.285393
4902,819,REU.4.3_1,REU.2.3_1,0.293206198741919,0.788880162932379,0.495673964190461,2025.07939654098,2025.37260273973,CHIKV_RUN_S48b43_2025,55.484194,-20.895845
6189,2988,REU.3.4_1,REU.3.4_1,0.235843003049871,0.788880162932379,0.553037159882508,2025.13675973668,2025.37260273973,CHIKV_RUN_S48b36_2025,55.327673,-21.176501
4623,462,REU.4.8_1,REU.4.3_1,0.194211358537296,0.788880162932379,0.594668804395083,2025.17839138119,2025.37260273973,CHIKV_RUN_S48b38_2025,55.513249,-21.278521
5926,2954,REU.4.8_1,REU.2.3_1,0.191464888385244,0.788880162932379,0.597415274547136,2025.18113785134,2025.37260273973,CHIKV_RUN_S41b06_2025,55.399225,-20.917746
4547,100,REU.4.6_1,REU.1.4_1,0.164884289932865,0.788880162932379,0.623995872999515,2025.20771844979,2025.37260273973,CHIKV_RUN_S49b92_2025,55.745242,-21.083996
6148,2949,REU.3.4_1,REU.2.3_1,0.396628822127929,0.791619888959737,0.394991066831808,2024.97871364363,2025.37534246575,CHIKV_RUN_S48b27_2025,55.458323,-20.882487
3854,960,REU.3.5_1,REU.4.6_1,0.281065458724645,0.791619888959737,0.510554430235091,2025.09427700703,2025.37534246575,CHIKV_RUN_S48b17_2025,55.427837,-21.251552
4647,553,REU.4.3_1,REU.4.3_1,0.267480726567387,0.791619888959737,0.52413916239235,2025.10786173919,2025.37534246575,CHIKV_RUN_S48b18_2025,55.534597,-21.269296
5725,2727,REU.4.2_1,REU.1.3_1,0.187808532625401,0.791619888959737,0.603811356334335,2025.18753393313,2025.37534246575,CHIKV_RUN_S48b29_2025,55.647702,-20.962536
3225,2306,REU.2.3_1,REU.2.5_1,0.169019140863024,0.791619888959737,0.622600748096712,2025.20632332489,2025.37534246575,CHIKV_RUN_S48b20_2025,55.583002,-20.936276
3211,3110,REU.2.3_1,REU.1.4_1,0.131986932587687,0.791619888959737,0.659632956372049,2025.24335553317,2025.37534246575,CHIKV_RUN_S49b93_2025,55.734761,-21.094209
6212,2776,REU.4.3_1,REU.3.5_1,0.286817558471736,0.794359614987094,0.507542056515358,2025.09126463331,2025.37808219178,CHIKV_RUN_S50b01_2025,55.31066,-21.052333
4979,845,REU.4.3_1,REU.1.1_1,0.275072048058523,0.794359614987094,0.519287566928571,2025.10301014372,2025.37808219178,CHIKV_RUN_S49b90_2025,55.690736,-21.000927
3462,2085,REU.4.5_1,REU.4.3_1,0.265810139838166,0.794359614987094,0.528549475148928,2025.11227205194,2025.37808219178,CHIKV_RUN_S48b22_2025,55.528908,-21.255459
4067,1747,REU.4.3_1,REU.4.1_1,0.262676060868494,0.794359614987094,0.5316835541186,2025.11540613091,2025.37808219178,CHIKV_RUN_S48b23_2025,55.46974,-21.139651
5998,1971,REU.3.1_1,REU.3.4_1,0.249139305660141,0.794359614987094,0.545220309326954,2025.12894288612,2025.37808219178,CHIKV_RUN_S52b30_2025,55.329649,-21.200971
4314,1398,REU.4.3_1,REU.3.5_1,0.232295643008849,0.794359614987094,0.562063971978245,2025.14578654877,2025.37808219178,CHIKV_RUN_S49b82_2025,55.309647,-21.077068
4747,431,REU.4.3_1,REU.4.5_1,0.21336665291759,0.794359614987094,0.580992962069504,2025.16471553886,2025.37808219178,CHIKV_RUN_S52b29_2025,55.625387,-21.372977
5707,1883,REU.3.1_1,REU.1.3_1,0.201645968982202,0.794359614987094,0.592713646004892,2025.1764362228,2025.37808219178,CHIKV_RUN_S52b34_2025,55.644021,-20.963012
6051,2902,REU.2.3_1,REU.2.4_1,0.199361873541776,0.794359614987094,0.594997741445318,2025.17872031824,2025.37808219178,CHIKV_RUN_S52b37_2025,55.53645,-20.950015
3369,2612,REU.4.5_1,REU.4.4_1,0.196391708461175,0.794359614987094,0.597967906525919,2025.18169048332,2025.37808219178,CHIKV_RUN_S48b05_2025,55.5613,-21.34565
3308,2466,REU.4.6_1,REU.1.4_1,0.191713783058833,0.794359614987094,0.602645831928261,2025.18636840872,2025.37808219178,CHIKV_RUN_S49b87_2025,55.747032,-21.088069
6071,2906,REU.2.3_1,REU.3.5_1,0.184097710983095,0.794359614987094,0.610261904003999,2025.1939844808,2025.37808219178,CHIKV_RUN_S48b13_2025,55.307555,-21.067372
4236,1597,REU.4.8_1,REU.4.8_1,0.179912367939162,0.794359614987094,0.614447247047932,2025.19816982384,2025.37808219178,CHIKV_RUN_S52b42_2025,55.500196,-21.276363
5576,2768,REU.2.2_1,REU.2.2_1,0.174391606829957,0.794359614987094,0.619968008157137,2025.20369058495,2025.37808219178,CHIKV_RUN_S52b41_2025,55.29596,-20.938744
6212,2786,REU.4.3_1,REU.2.1_1,0.289557284499093,0.797099341014452,0.507542056515358,2025.09126463331,2025.38082191781,CHIKV_RUN_S49b84_2025,55.318626,-20.96267
3447,2130,REU.4.5_1,REU.4.5_1,0.256987618347538,0.797099341014452,0.540111722666913,2025.12383429946,2025.38082191781,CHIKV_RUN_S48b03_2025,55.63063,-21.350217
4560,314,REU.4.3_1,REU.4.4_1,0.247737005858361,0.797099341014452,0.54936233515609,2025.13308491195,2025.38082191781,CHIKV_RUN_S52b38_2025,55.566076,-21.367788
5369,597,REU.4.3_1,REU.1.5_1,0.243023865156016,0.797099341014452,0.554075475858436,2025.13779805265,2025.38082191781,CHIKV_RUN_S49b86_2025,55.792678,-21.127829
4272,878,REU.4.3_1,REU.4.3_1,0.238521213653403,0.797099341014452,0.558578127361048,2025.14230070415,2025.38082191781,CHIKV_RUN_S48b14_2025,55.558252,-21.220444
4437,69,REU.3.3_1,REU.3.5_1,0.237343904517082,0.797099341014452,0.55975543649737,2025.14347801329,2025.38082191781,CHIKV_RUN_S52b33_2025,55.293737,-21.072393
4319,1404,REU.4.3_1,REU.3.5_1,0.222679274008184,0.797099341014452,0.574420067006267,2025.1581426438,2025.38082191781,CHIKV_RUN_S50b09_2025,55.284238,-21.053788
3949,1615,REU.4.3_1,REU.1.4_1,0.20573706017077,0.797099341014452,0.591362280843682,2025.17508485764,2025.38082191781,CHIKV_RUN_S49b91_2025,55.720678,-21.044949
5128,1173,REU.4.4_1,REU.1.1_1,0.205441015108492,0.797099341014452,0.59165832590596,2025.1753809027,2025.38082191781,CHIKV_RUN_S52b40_2025,55.694196,-20.999109
6163,2948,REU.3.4_1,REU.4.6_1,0.201680425991103,0.797099341014451,0.595418915023348,2025.17914149182,2025.38082191781,CHIKV_RUN_S49b40_2025,55.397826,-21.292583
5523,3058,REU.4.8_1,REU.3.2_1,0.194945180235007,0.797099341014451,0.602154160779445,2025.18587673757,2025.38082191781,CHIKV_RUN_S48b04_2025,55.346993,-21.247794
5406,1151,REU.1.1_1,REU.1.1_1,0.189298850645587,0.797099341014452,0.607800490368864,2025.19152306716,2025.38082191781,CHIKV_RUN_S49b83_2025,55.64213,-20.982587
5727,3073,REU.4.3_1,REU.3.5_1,0.186420088116809,0.797099341014452,0.610679252897642,2025.19440182969,2025.38082191781,CHIKV_RUN_S50b14_2025,55.30736,-21.065368
4630,491,REU.4.8_1,REU.1.2_1,0.158184795179243,0.797099341014452,0.638914545835208,2025.22263712263,2025.38082191781,CHIKV_RUN_S49b88_2025,55.619488,-21.138177
3430,2105,REU.4.4_1,REU.3.5_1,0.155938506949873,0.797099341014451,0.641160834064578,2025.22488341086,2025.38082191781,CHIKV_RUN_S50b12_2025,55.274209,-21.082443
5101,1193,REU.4.8_1,REU.4.8_1,0.133830718359159,0.797099341014452,0.663268622655292,2025.24699119945,2025.38082191781,CHIKV_RUN_S52b39_2025,55.461478,-21.339447
4853,862,REU.4.2_1,REU.1.6_1,0.130127036990336,0.797099341014451,0.666972304024115,2025.25069488082,2025.38082191781,CHIKV_RUN_S49b89_2025,55.530264,-21.035182
5333,1033,REU.4.3_1,REU.1.5_1,0.129371566091869,0.797099341014452,0.667727774922583,2025.25145035172,2025.38082191781,CHIKV_RUN_S49b85_2025,55.802298,-21.131387
5022,826,REU.4.6_1,REU.4.3_1,0.128520421000956,0.797099341014452,0.668578920013496,2025.25230149681,2025.38082191781,CHIKV_RUN_S49b34_2025,55.52532,-21.245804
3694,2495,REU.4.6_1,REU.4.6_1,0.0791987298670734,0.797099341014451,0.717900611147378,2025.30162318794,2025.38082191781,CHIKV_RUN_S49b31_2025,55.43084,-21.276654
4422,1537,REU.4.3_1,REU.4.5_1,0.293318381065001,0.799839067042036,0.506520685977035,2025.09024326277,2025.38356164384,CHIKV_RUN_S49b38_2025,55.658044,-21.357004
3612,3036,REU.4.3_1,REU.4.3_1,0.237051869089198,0.799839067042036,0.562787197952838,2025.14650977475,2025.38356164384,CHIKV_RUN_S49b36_2025,55.500752,-21.239421
5057,1216,REU.2.3_1,REU.4.7_1,0.216594485300631,0.799839067042036,0.583244581741405,2025.16696715854,2025.38356164384,CHIKV_RUN_S49b46_2025,55.788637,-21.352903
5653,1976,REU.2.5_1,REU.2.3_1,0.212777564357137,0.799839067042036,0.587061502684899,2025.17078407948,2025.38356164384,CHIKV_RUN_S49b32_2025,55.487122,-20.911792
4581,1450,REU.4.8_1,REU.2.2_1,0.164709840829659,0.799839067042036,0.635129226212378,2025.21885180301,2025.38356164384,CHIKV_RUN_S49b81_2025,55.292477,-20.94354
5777,2316,REU.3.1_1,REU.4.3_1,0.343582742674664,0.802578793069394,0.45899605039473,2025.04271862719,2025.38630136986,CHIKV_RUN_S49b45_2025,55.524611,-21.235575
3218,2296,REU.3.1_1,REU.4.6_1,0.235769300808237,0.802578793069394,0.566809492261157,2025.15053206905,2025.38630136986,CHIKV_RUN_S49b47_2025,55.410629,-21.206406
5729,1794,REU.2.3_1,REU.2.2_1,0.200661159756012,0.802578793069394,0.601917633313382,2025.18564021011,2025.38630136986,CHIKV_RUN_S49b80_2025,55.287605,-20.942448
3987,1123,REU.3.5_1,REU.2.3_1,0.16366167306451,0.802578793069394,0.638917120004884,2025.2226396968,2025.38630136986,CHIKV_RUN_S49b43_2025,55.416913,-20.897763
6076,2913,REU.2.3_1,REU.2.3_1,0.132491100526775,0.802578793069394,0.670087692542619,2025.25381026934,2025.38630136986,CHIKV_RUN_S49b49_2025,55.458913,-20.880306
5178,1117,REU.4.4_1,REU.2.4_1,0.219383612479277,0.808058245124109,0.588674632644831,2025.17239720944,2025.39178082192,CHIKV_RUN_S49b54_2025,55.546058,-20.898264
3594,2693,REU.3.1_1,REU.3.4_1,0.191867974792906,0.808058245124109,0.616190270331203,2025.19991284712,2025.39178082192,CHIKV_RUN_S50b49_2025,55.325581,-21.15502
5404,1135,REU.1.3_1,REU.1.3_1,0.0958416159843858,0.808058245124109,0.712216629139723,2025.29593920593,2025.39178082192,CHIKV_RUN_S49b58_2025,55.622499,-20.952803
5152,1176,REU.2.3_1,REU.1.1_1,0.25290430157942,0.810797971151466,0.557893669572046,2025.14161624637,2025.39452054795,CHIKV_RUN_S49b73_2025,55.643351,-20.978925
3934,236,REU.4.5_1,REU.1.5_1,0.2138983172261,0.810797971151466,0.596899653925366,2025.18062223072,2025.39452054795,CHIKV_RUN_S50b17_2025,55.82185,-21.157829
4340,1646,REU.4.3_1,REU.1.1_1,0.210087286552474,0.810797971151466,0.600710684598992,2025.18443326139,2025.39452054795,CHIKV_RUN_S50b19_2025,55.687116,-21.002327
4343,298,REU.4.3_1,REU.4.3_1,0.20822181418662,0.810797971151466,0.602576156964846,2025.18629873376,2025.39452054795,CHIKV_RUN_S49b53_2025,55.518578,-21.28155
4393,1511,REU.3.5_1,REU.2.2_1,0.145442656087697,0.810797971151466,0.665355315063769,2025.24907789186,2025.39452054795,CHIKV_RUN_S50b54_2025,55.314825,-20.959487
5302,277,REU.4.3_1,REU.1.5_1,0.426588559570887,0.813537697178823,0.386949137607937,2024.9706717144,2025.39726027397,CHIKV_RUN_S49b74_2025,55.766447,-21.125331
5778,2318,REU.3.1_1,REU.4.8_1,0.332387958156055,0.813537697178823,0.481149739022768,2025.06487231582,2025.39726027397,CHIKV_RUN_S49b64_2025,55.46001,-21.300896
3696,1806,REU.4.6_1,REU.4.6_1,0.275916474400091,0.813537697178823,0.537621222778733,2025.12134379957,2025.39726027397,CHIKV_RUN_S49b70_2025,55.418761,-21.285063
4354,1565,REU.4.3_1,REU.4.8_1,0.245705201542474,0.813537697178823,0.567832495636349,2025.15155507243,2025.39726027397,CHIKV_RUN_S49b71_2025,55.472488,-21.333883
3313,2462,REU.4.8_1,REU.4.1_1,0.185445969113126,0.813537697178823,0.628091728065698,2025.21181430486,2025.39726027397,CHIKV_RUN_S49b63_2025,55.471215,-21.137154
5534,1868,REU.3.1_1,REU.4.3_1,0.109000568109074,0.813537697178823,0.704537129069749,2025.28825970586,2025.39726027397,CHIKV_RUN_S49b65_2025,55.539287,-21.256112
3851,942,REU.3.5_1,REU.2.3_1,0.0853266119358675,0.813537697178823,0.728211085242956,2025.31193366204,2025.39726027397,CHIKV_RUN_S49b61_2025,55.459403,-20.8827
3851,943,REU.3.5_1,REU.2.3_1,0.0853266119358675,0.813537697178823,0.728211085242956,2025.31193366204,2025.39726027397,CHIKV_RUN_S49b59_2025,55.457295,-20.885927
5803,1922,REU.3.5_1,REU.3.5_1,0.302147796408596,0.816277423206408,0.514129626797812,2025.09785220359,2025.4,CHIKV_RUN_S52b28_2025,55.304019,-21.061157
5719,2504,REU.2.3_1,REU.3.5_1,0.213925169827019,0.816277423206408,0.602352253379389,2025.18607483017,2025.4,CHIKV_RUN_S50b87_2025,55.312584,-21.044144
5013,825,REU.4.5_1,REU.2.3_1,0.135206453765564,0.816277423206408,0.681070969440844,2025.26479354623,2025.4,CHIKV_RUN_S49b62_2025,55.476964,-20.906636
4796,458,REU.2.3_1,REU.2.5_1,0.246875916246672,0.819017149233765,0.572141232987093,2025.15586380978,2025.40273972603,CHIKV_RUN_S49b69_2025,55.639905,-20.938812
3999,138,REU.2.3_1,REU.2.3_1,0.179461564133924,0.819017149233765,0.639555585099841,2025.22327816189,2025.40273972603,CHIKV_RUN_S50b07_2025,55.462846,-20.901711
3602,3034,REU.4.3_1,REU.3.4_1,0.352054565968598,0.821756875261123,0.469702309292525,2025.05342488609,2025.40547945205,CHIKV_RUN_S50b24_2025,55.335026,-21.222045
4308,1407,REU.4.3_1,REU.2.3_1,0.278148506112166,0.821756875261123,0.543608369148957,2025.12733094594,2025.40547945205,CHIKV_RUN_S50b32_2025,55.485036,-20.893624
3874,181,REU.4.6_1,REU.2.3_1,0.264513398505753,0.821756875261123,0.55724347675537,2025.14096605355,2025.40547945205,CHIKV_RUN_S50b02_2025,55.482141,-20.886785
3486,2071,REU.4.5_1,REU.4.6_1,0.262855847361774,0.821756875261123,0.558901027899348,2025.14262360469,2025.40547945205,CHIKV_RUN_S50b28_2025,55.390862,-21.238667
5080,1181,REU.4.8_1,REU.4.8_1,0.209350736017259,0.821756875261123,0.612406139243864,2025.19612871604,2025.40547945205,CHIKV_RUN_S50b26_2025,55.473769,-21.339783
4158,1018,REU.2.3_1,REU.2.4_1,0.206335886808595,0.821756875261123,0.615420988452528,2025.19914356525,2025.40547945205,CHIKV_RUN_S50b23_2025,55.569605,-20.907787
3693,2681,REU.4.6_1,REU.2.4_1,0.195474144579432,0.821756875261123,0.626282730681691,2025.21000530748,2025.40547945205,CHIKV_RUN_S50b22_2025,55.5589,-20.899424
4455,91,REU.2.3_1,REU.2.4_1,0.292203086728914,0.82449660128848,0.532293514559566,2025.11601609135,2025.40821917808,CHIKV_RUN_S50b13_2025,55.532041,-20.938463
4534,1668,REU.4.3_1,REU.4.8_1,0.0855003456324156,0.82449660128848,0.738996255656065,2025.32271883245,2025.40821917808,CHIKV_RUN_S50b31_2025,55.456711,-21.306219
6144,2955,REU.3.4_1,REU.1.4_1,0.221450623442421,0.829976053343195,0.608525429900774,2025.19224800669,2025.41369863014,CHIKV_RUN_S50b88_2025,55.740408,-21.108704
5207,1743,REU.4.8_1,REU.1.4_1,0.230256492515513,0.83271577937078,0.602459286855267,2025.18618186365,2025.41643835616,CHIKV_RUN_S50b92_2025,55.712927,-21.048536
3605,3035,REU.4.3_1,REU.1.6_1,0.315903568452276,0.835455505398137,0.519551936945861,2025.10327451374,2025.41917808219,CHIKV_RUN_S50b95_2025,55.505737,-21.029322
3749,1044,REU.2.3_1,REU.1.3_1,0.303939690088744,0.835455505398137,0.531515815309394,2025.1152383921,2025.41917808219,CHIKV_RUN_S52b55_2025,55.652404,-20.963707
6116,2870,REU.2.4_1,REU.1.4_1,0.220221435294269,0.835455505398137,0.615234070103868,2025.1989566469,2025.41917808219,CHIKV_RUN_S50b91_2025,55.704526,-21.068496
6056,2929,REU.2.3_1,REU.3.5_1,0.197731707355496,0.835455505398137,0.637723798042641,2025.22144637484,2025.41917808219,CHIKV_RUN_S50b36_2025,55.312983,-21.039052
4808,425,REU.4.3_1,REU.1.4_1,0.382314445493028,0.838195231425495,0.455880785932467,2025.03960336273,2025.42191780822,CHIKV_RUN_S50b93_2025,55.743861,-21.090455
3551,3086,REU.4.8_1,REU.3.2_1,0.340064689127967,0.838195231425495,0.498130542297527,2025.08185311909,2025.42191780822,CHIKV_RUN_S50b35_2025,55.354855,-21.211461
3159,2224,REU.4.5_1,REU.4.8_1,0.298646058411692,0.838195231425495,0.539549173013802,2025.12327174981,2025.42191780822,CHIKV_RUN_S50b33_2025,55.480629,-21.346253
5221,1627,REU.3.5_1,REU.1.6_1,0.241222895500083,0.838195231425495,0.596972335925412,2025.18069491272,2025.42191780822,CHIKV_RUN_S50b94_2025,55.532838,-21.028124
5446,2253,REU.4.3_1,REU.2.3_1,0.277543804885674,0.840934957452852,0.563391152567178,2025.14711372936,2025.42465753425,CHIKV_RUN_S50b40_2025,55.456959,-20.881232
3936,204,REU.3.5_1,REU.2.3_1,0.248348858723354,0.840934957452852,0.592586098729498,2025.17630867552,2025.42465753425,CHIKV_RUN_S50b37_2025,55.463037,-20.897941
4696,576,REU.4.8_1,REU.1.3_1,0.203894858430744,0.840934957452852,0.637040099022107,2025.22076267582,2025.42465753425,CHIKV_RUN_S50b34_2025,55.667219,-20.944035
5234,1096,REU.3.1_1,REU.4.1_1,0.318305387480917,0.843674683480209,0.525369295999292,2025.10909187279,2025.42739726027,CHIKV_RUN_S50b71_2025,55.477603,-21.13326
6117,2875,REU.2.4_1,REU.2.3_1,0.3000508201988,0.843674683480209,0.543623863281409,2025.12734644008,2025.42739726027,CHIKV_RUN_S50b68_2025,55.461919,-20.894404
3748,1055,REU.4.5_1,REU.3.5_1,0.260110220037669,0.843674683480209,0.583564463442541,2025.16728704024,2025.42739726027,CHIKV_RUN_S50b89_2025,55.328243,-21.00007
4205,1470,REU.4.8_1,REU.3.5_1,0.167492339390308,0.843674683480209,0.676182344089901,2025.25990492088,2025.42739726027,CHIKV_RUN_S50b86_2025,55.299916,-20.976778
4140,1015,REU.2.3_1,REU.2.3_1,0.2840930184496,0.846414409507794,0.562321391058194,2025.14604396785,2025.4301369863,CHIKV_RUN_S52b82_2025,55.443586,-20.898292
6196,2996,REU.4.8_1,REU.2.3_1,0.149331690828281,0.849154135535152,0.69982244470687,2025.2835450215,2025.43287671233,CHIKV_RUN_S50b64_2025,55.48244,-20.91848
4550,103,REU.4.3_1,REU.3.5_1,0.369902031047247,0.851893861562509,0.481991830515262,2025.06571440731,2025.43561643836,CHIKV_RUN_S50b84_2025,55.299916,-20.976778
6193,2977,REU.3.4_1,REU.2.2_1,0.253074027145478,0.851893861562509,0.598819834417031,2025.18254241121,2025.43561643836,CHIKV_RUN_S52b88_2025,55.300268,-20.950214
4151,980,REU.2.3_1,REU.1.4_1,0.252351458753605,0.851893861562509,0.599542402808904,2025.1832649796,2025.43561643836,CHIKV_RUN_S50b67_2025,55.697135,-21.034256
3691,2202,REU.2.3_1,REU.2.3_1,0.182194606597183,0.851893861562509,0.669699254965326,2025.25342183176,2025.43561643836,CHIKV_RUN_S50b85_2025,55.445517,-20.877895
3604,3023,REU.4.3_1,REU.2.2_1,0.363624649523748,0.854633587589866,0.491008938066118,2025.07473151486,2025.43835616438,CHIKV_RUN_S52b83_2025,55.294525,-20.9386
3153,2312,REU.3.1_1,REU.3.5_1,0.35494005356628,0.854633587589866,0.499693534023586,2025.08341611082,2025.43835616438,CHIKV_RUN_S52b84_2025,55.331197,-21.044703
5261,336,REU.2.3_1,REU.2.3_1,0.327491189430301,0.854633587589866,0.527142398159566,2025.11086497495,2025.43835616438,CHIKV_RUN_S52b89_2025,55.490787,-20.89794
3806,1038,REU.4.3_1,REU.1.3_1,0.30656324276386,0.854633587589866,0.548070344826006,2025.13179292162,2025.43835616438,CHIKV_RUN_S53b19_2025,55.673705,-20.951418
4564,1032,REU.4.3_1,REU.3.5_1,0.290693410295389,0.854633587589866,0.563940177294478,2025.14766275409,2025.43835616438,CHIKV_RUN_S52b85_2025,55.294828,-21.083649
5300,1324,REU.4.8_1,REU.2.1_1,0.283834101901344,0.854633587589866,0.570799485688523,2025.15452206248,2025.43835616438,CHIKV_RUN_S53b18_2025,55.360185,-20.942008
4949,736,REU.4.3_1,REU.2.4_1,0.276114396415907,0.854633587589866,0.57851919117396,2025.16224176797,2025.43835616438,CHIKV_RUN_S50b70_2025,55.541941,-20.93172
5554,1930,REU.4.3_1,REU.4.8_1,0.268824892849218,0.854633587589866,0.585808694740648,2025.16953127153,2025.43835616438,CHIKV_RUN_S52b87_2025,55.486715,-21.342842
3511,2678,REU.4.8_1,REU.4.8_1,0.253181451754625,0.854633587589866,0.601452135835242,2025.18517471263,2025.43835616438,CHIKV_RUN_S50b72_2025,55.455381,-21.297715
5916,2568,REU.4.8_1,REU.1.2_1,0.232726894867528,0.854633587589866,0.621906692722338,2025.20562926952,2025.43835616438,CHIKV_RUN_S53b64_2025,55.642669,-21.122755
5373,1316,REU.3.5_1,REU.2.4_1,0.214241700550346,0.854633587589866,0.64039188703952,2025.22411446383,2025.43835616438,CHIKV_RUN_S52b86_2025,55.529016,-20.92049
3267,2808,REU.4.8_1,REU.1.4_1,0.348715418295288,0.857373313617224,0.508657895321936,2025.09238047212,2025.44109589041,CHIKV_RUN_S52b57_2025,55.73921,-21.088822
4292,1728,REU.2.2_1,REU.3.5_1,0.27148529899349,0.857373313617224,0.585888014623734,2025.16961059142,2025.44109589041,CHIKV_RUN_S50b74_2025,55.278733,-21.005674
4347,1643,REU.2.3_1,REU.1.4_1,0.182567738738103,0.857373313617224,0.67480557487912,2025.25852815167,2025.44109589041,CHIKV_RUN_S52b49_2025,55.702635,-21.053707
3866,227,REU.4.5_1,REU.1.3_1,0.293522756162216,0.860113039644581,0.566590283482366,2025.15031286028,2025.44383561644,CHIKV_RUN_S52b21_2025,55.665572,-20.956543
5805,1848,REU.3.1_1,REU.3.3_1,0.285310821409419,0.860113039644581,0.574802218235162,2025.15852479503,2025.44383561644,CHIKV_RUN_S50b73_2025,55.301243,-21.122749
3208,3067,REU.4.6_1,REU.1.4_1,0.263271879387552,0.860113039644581,0.596841160257029,2025.18056373705,2025.44383561644,CHIKV_RUN_S52b17_2025,55.713829,-21.051072
3168,2234,REU.2.2_1,REU.2.2_1,0.0776155210062102,0.860113039644581,0.782497518638371,2025.36622009543,2025.44383561644,CHIKV_RUN_S52b77_2025,55.304974,-20.946815
3168,2233,REU.2.2_1,REU.2.2_1,0.0776155210062102,0.860113039644581,0.782497518638371,2025.36622009543,2025.44383561644,CHIKV_RUN_S52b76_2025,55.304974,-20.946815
5423,2385,REU.4.3_1,REU.4.3_1,0.47111234392496,0.862852765672166,0.391740421747205,2024.97546299854,2025.44657534247,CHIKV_RUN_S53b16_2025,55.513796,-21.261606
3563,2231,REU.3.1_1,REU.2.3_1,0.375003202654161,0.862852765672166,0.487849563018005,2025.07157213981,2025.44657534247,CHIKV_RUN_S53b17_2025,55.44305,-20.8988
5614,2847,REU.4.3_1,REU.4.3_1,0.287356109742083,0.862852765672166,0.575496655930083,2025.15921923272,2025.44657534247,CHIKV_RUN_S52b66_2025,55.513218,-21.261521
4962,841,REU.4.3_1,REU.4.3_1,0.272939544738055,0.862852765672166,0.589913220934111,2025.17363579773,2025.44657534247,CHIKV_RUN_S53b22_2025,55.518798,-21.278363
4567,1484,REU.4.8_1,REU.2.2_1,0.25198489490523,0.862852765672166,0.610867870766936,2025.19459044756,2025.44657534247,CHIKV_RUN_S54b29_2025,55.28886,-20.947653
3220,2299,REU.4.8_1,REU.4.8_1,0.23235445947936,0.862852765672166,0.630498306192805,2025.21422088299,2025.44657534247,CHIKV_RUN_S52b74_2025,55.476546,-21.336671
5658,1989,REU.2.5_1,REU.2.3_1,0.228632307171535,0.862852765672166,0.634220458500631,2025.21794303529,2025.44657534247,CHIKV_RUN_S53b21_2025,55.464094,-20.912149
5259,328,REU.2.3_1,REU.2.2_1,0.218110129889945,0.862852765672166,0.64474263578222,2025.22846521258,2025.44657534247,CHIKV_RUN_S52b81_2025,55.304974,-20.946815
5417,1890,REU.3.5_1,REU.3.4_1,0.296063997301018,0.865592491699523,0.569528494398505,2025.15325107119,2025.44931506849,CHIKV_RUN_S53b05_2025,55.296659,-21.215211
4991,654,REU.4.5_1,REU.3.1_1,0.228911177567754,0.865592491699523,0.636681314131769,2025.22040389093,2025.44931506849,CHIKV_RUN_S53b11_2025,55.362398,-21.254601
3154,2673,REU.4.6_1,REU.4.6_1,0.219198353301557,0.865592491699523,0.646394138397966,2025.23011671519,2025.44931506849,CHIKV_RUN_S52b60_2025,55.443343,-21.280298
4534,1660,REU.4.3_1,REU.4.8_1,0.126596236043459,0.865592491699523,0.738996255656065,2025.32271883245,2025.44931506849,CHIKV_RUN_S53b67_2025,55.470875,-21.306395
3712,2266,REU.4.8_1,REU.2.2_1,0.35937370619215,0.871071943754238,0.511698237562088,2025.09542081436,2025.45479452055,CHIKV_RUN_S52b78_2025,55.297483,-20.94245
6025,2685,REU.4.8_1,REU.2.1_1,0.31270204001944,0.871071943754238,0.558369903734798,2025.14209248053,2025.45479452055,CHIKV_RUN_S52b90_2025,55.338999,-20.951218
5736,1963,REU.3.1_1,REU.2.3_1,0.308483032904891,0.871071943754238,0.562588910849347,2025.14631148764,2025.45479452055,CHIKV_RUN_S53b24_2025,55.444853,-20.894799
5167,1111,REU.4.8_1,REU.4.8_1,0.300970746448424,0.871071943754238,0.570101197305814,2025.1538237741,2025.45479452055,CHIKV_RUN_S53b09_2025,55.545844,-21.309253
3976,116,REU.4.8_1,REU.1.3_1,0.299104335357633,0.871071943754238,0.571967608396605,2025.15569018519,2025.45479452055,CHIKV_RUN_S53b12_2025,55.673595,-20.951936
4747,435,REU.4.3_1,REU.4.6_1,0.290078981684734,0.871071943754238,0.580992962069504,2025.16471553886,2025.45479452055,CHIKV_RUN_S53b63_2025,55.433699,-21.259772
4838,865,REU.4.8_1,REU.4.1_1,0.274364310166706,0.871071943754238,0.596707633587532,2025.18043021038,2025.45479452055,CHIKV_RUN_S53b69_2025,55.466952,-21.147761
3715,250,REU.4.3_1,REU.3.5_1,0.257140786073146,0.871071943754238,0.613931157681092,2025.19765373447,2025.45479452055,CHIKV_RUN_S53b04_2025,55.284665,-20.984473
3969,139,REU.4.8_1,REU.3.4_1,0.257120528453702,0.871071943754238,0.613951415300535,2025.19767399209,2025.45479452055,CHIKV_RUN_S52b92_2025,55.307758,-21.136957
5730,3044,REU.2.3_1,REU.2.2_1,0.256113931730821,0.871071943754238,0.614958012023417,2025.19868058882,2025.45479452055,CHIKV_RUN_S52b69_2025,55.305912,-20.938496
6179,2995,REU.4.6_1,REU.4.6_1,0.255374513276033,0.871071943754238,0.615697430478205,2025.19942000727,2025.45479452055,CHIKV_RUN_S53b65_2025,55.433699,-21.259772
3373,2597,REU.4.5_1,REU.4.8_1,0.253422386834696,0.871071943754238,0.617649556919542,2025.20137213371,2025.45479452055,CHIKV_RUN_S52b59_2025,55.45088,-21.298006
3654,2236,REU.3.5_1,REU.2.2_1,0.242808116402426,0.871071943754238,0.628263827351812,2025.21198640415,2025.45479452055,CHIKV_RUN_S52b79_2025,55.304974,-20.946815
4847,817,REU.4.8_1,REU.1.4_1,0.23502210150331,0.871071943754238,0.636049842250928,2025.21977241904,2025.45479452055,CHIKV_RUN_S52b32_2025,55.703276,-21.072697
6226,2508,REU.2.5_1,REU.2.3_1,0.232697900524637,0.871071943754238,0.638374043229601,2025.22209662002,2025.45479452055,CHIKV_RUN_S53b10_2025,55.497815,-20.924368
5227,1710,REU.2.3_1,REU.4.6_1,0.209205743930637,0.871071943754238,0.661866199823601,2025.24558877662,2025.45479452055,CHIKV_RUN_S52b65_2025,55.4064,-21.202185
3266,2804,REU.2.3_1,REU.3.5_1,0.208207625142126,0.871071943754238,0.662864318612112,2025.24658689541,2025.45479452055,CHIKV_RUN_S52b67_2025,55.325435,-20.978911
5208,1740,REU.4.8_1,REU.3.5_1,0.201179277782666,0.871071943754238,0.669892665971572,2025.25361524277,2025.45479452055,CHIKV_RUN_S52b80_2025,55.286441,-20.982459
5046,641,REU.4.3_1,REU.4.5_1,0.399103462077161,0.873811669781595,0.474708207704434,2025.0584307845,2025.45753424658,CHIKV_RUN_S53b13_2025,55.632465,-21.373177
6001,2343,REU.3.1_1,REU.3.1_1,0.349633299255399,0.873811669781595,0.524178370526196,2025.10790094732,2025.45753424658,CHIKV_RUN_S52b72_2025,55.375287,-21.257008
4300,609,REU.4.3_1,REU.2.3_1,0.341828653779918,0.873811669781595,0.531983016001678,2025.1157055928,2025.45753424658,CHIKV_RUN_S52b75_2025,55.411435,-20.912094
5952,2032,REU.4.3_1,REU.3.1_1,0.318236295982826,0.873811669781595,0.555575373798769,2025.13929795059,2025.45753424658,CHIKV_RUN_S53b70_2025,55.367615,-21.228519
4670,569,REU.4.3_1,REU.4.8_1,0.288406978590942,0.873811669781595,0.585404691190653,2025.16912726798,2025.45753424658,CHIKV_RUN_S52b91_2025,55.558465,-21.309273
5756,3012,REU.2.3_1,REU.2.3_1,0.280042765499608,0.873811669781596,0.593768904281987,2025.17749148108,2025.45753424658,CHIKV_RUN_S53b02_2025,55.510912,-20.919807
3685,1966,REU.4.8_1,REU.2.1_1,0.278168530086829,0.873811669781595,0.595643139694767,2025.17936571649,2025.45753424658,CHIKV_RUN_S53b06_2025,55.389341,-20.985753
3809,1094,REU.4.3_1,REU.4.6_1,0.272147345945111,0.873811669781596,0.601664323836485,2025.18538690063,2025.45753424658,CHIKV_RUN_S52b94_2025,55.450271,-21.278875
4086,1385,REU.1.4_1,REU.1.4_1,0.269007038534197,0.873811669781596,0.604804631247398,2025.18852720804,2025.45753424658,CHIKV_RUN_S54b31_2025,55.727447,-21.114257
3175,2497,REU.4.3_1,REU.4.6_1,0.245732183097132,0.873811669781595,0.628079486684463,2025.21180206348,2025.45753424658,CHIKV_RUN_S53b07_2025,55.434474,-21.27351
3329,2442,REU.4.8_1,REU.3.3_1,0.234984630904425,0.873811669781595,0.63882703887717,2025.22254961567,2025.45753424658,CHIKV_RUN_S53b71_2025,55.304623,-21.115611
4208,1736,REU.4.3_1,REU.4.8_1,0.360384043993665,0.876551395808953,0.516167351815288,2025.09988992861,2025.4602739726,CHIKV_RUN_S52b62_2025,55.48438,-21.290362
5039,741,REU.4.8_1,REU.2.3_1,0.349717230510289,0.876551395808953,0.526834165298664,2025.11055674209,2025.4602739726,CHIKV_RUN_S53b14_2025,55.485603,-20.893484
3289,3106,REU.4.6_1,REU.3.4_1,0.340821132920459,0.876551395808953,0.535730262888494,2025.11945283968,2025.4602739726,CHIKV_RUN_S53b15_2025,55.303331,-21.196947
3200,2309,REU.4.6_1,REU.3.5_1,0.322758943668884,0.876551395808953,0.553792452140069,2025.13751502893,2025.4602739726,CHIKV_RUN_S52b95_2025,55.27272,-21.007811
4115,1132,REU.3.5_1,REU.3.5_1,0.292635591458995,0.876551395808953,0.583915804349958,2025.16763838114,2025.4602739726,CHIKV_RUN_S53b23_2025,55.324997,-20.992186
4451,67,REU.2.1_1,REU.2.1_1,0.288475614810381,0.876551395808953,0.588075780998572,2025.17179835779,2025.4602739726,CHIKV_RUN_S53b08_2025,55.340959,-20.954251
6032,1842,REU.3.5_1,REU.4.6_1,0.27161393188873,0.876551395808953,0.604937463920223,2025.18866004071,2025.4602739726,CHIKV_RUN_S53b66_2025,55.434496,-21.245111
4062,297,REU.4.8_1,REU.3.5_1,0.234245621542751,0.876551395808953,0.642305774266202,2025.22602835106,2025.4602739726,CHIKV_RUN_S53b26_2025,55.32315,-21.009505
4228,1468,REU.4.3_1,REU.2.3_1,0.227845153439642,0.876551395808953,0.648706242369311,2025.23242881916,2025.4602739726,CHIKV_RUN_S53b03_2025,55.457941,-20.886181
3877,177,REU.2.3_1,REU.1.1_1,0.154652654527905,0.876551395808953,0.721898741281048,2025.30562131807,2025.4602739726,CHIKV_RUN_S52b93_2025,55.689891,-20.973409
4321,1588,REU.4.8_1,REU.4.6_1,0.345568707476465,0.879291121836538,0.533722414360073,2025.11744499115,2025.46301369863,CHIKV_RUN_S53b68_2025,55.433699,-21.259772
3856,972,REU.3.3_1,REU.2.3_1,0.293379617834332,0.879291121836537,0.585911504002206,2025.1696340808,2025.46301369863,CHIKV_RUN_S52b64_2025,55.495601,-20.899736
4254,1694,REU.4.8_1,REU.4.5_1,0.327301610397438,0.884770573891253,0.557468963493815,2025.14119154029,2025.46849315068,CHIKV_RUN_S53b20_2025,55.615647,-21.372166
5346,1730,REU.3.1_1,REU.2.1_1,0.309857541871395,0.890250025945967,0.580392484074572,2025.16411506087,2025.47397260274,CHIKV_RUN_S52b58_2025,55.356121,-20.932601
5390,1146,REU.2.3_1,REU.3.4_1,0.338394695228575,0.892989751973552,0.554595056744977,2025.13831763354,2025.47671232877,CHIKV_RUN_S53b34_2025,55.310615,-21.219586
5930,2369,REU.4.8_1,REU.4.3_1,0.277679380417106,0.892989751973552,0.615310371556446,2025.19903294835,2025.47671232877,CHIKV_RUN_S52b68_2025,55.510699,-21.264852
5764,2226,REU.3.4_1,REU.3.4_1,0.259437333476723,0.892989751973552,0.633552418496829,2025.21727499529,2025.47671232877,CHIKV_RUN_S53b32_2025,55.288421,-21.184104
4502,1373,REU.2.3_1,REU.2.4_1,0.191912583617484,0.892989751973552,0.701077168356067,2025.28479974515,2025.47671232877,CHIKV_RUN_S53b33_2025,55.554335,-20.898786
4665,558,REU.4.3_1,REU.4.3_1,0.293719776296758,0.898469204028267,0.604749427731508,2025.18847200453,2025.48219178082,CHIKV_RUN_S53b25_2025,55.528093,-21.266688
3446,2129,REU.4.5_1,REU.2.4_1,0.227183964383931,0.898469204028267,0.671285239644336,2025.25500781644,2025.48219178082,CHIKV_RUN_S53b36_2025,55.54609,-20.895585
3323,2454,REU.3.4_1,REU.4.3_1,0.310098660974923,0.901208930055624,0.591110269080701,2025.17483284587,2025.48493150685,CHIKV_RUN_S53b29_2025,55.527546,-21.236426
3907,216,REU.4.5_1,REU.2.3_1,0.287450992693395,0.901208930055624,0.613757937362229,2025.19748051416,2025.48493150685,CHIKV_RUN_S53b39_2025,55.395366,-20.907296
5773,1802,REU.3.4_1,REU.3.2_1,0.287420361338435,0.903948656082981,0.616528294744547,2025.20025087154,2025.48767123288,CHIKV_RUN_S52b71_2025,55.345057,-21.217678
4198,605,REU.4.3_1,REU.4.6_1,0.355193696687424,0.909428108137924,0.5542344114505,2025.13795698824,2025.49315068493,CHIKV_RUN_S54b39_2025,55.432855,-21.25574
3167,2721,REU.3.1_1,REU.2.3_1,0.334834611750287,0.909428108137924,0.574593496387637,2025.15831607318,2025.49315068493,CHIKV_RUN_S54b34_2025,55.500579,-20.907042
5594,1916,REU.4.8_1,REU.1.5_1,0.290627267413231,0.909428108137924,0.618800840724692,2025.20252341752,2025.49315068493,CHIKV_RUN_S52b73_2025,55.792295,-21.130409
3390,2598,REU.3.5_1,REU.1.3_1,0.283912686539021,0.909428108137924,0.625515421598903,2025.20923799839,2025.49315068493,CHIKV_RUN_S54b36_2025,55.647533,-20.932677
4772,370,REU.4.5_1,REU.4.3_1,0.239507951442594,0.909428108137924,0.66992015669533,2025.25364273349,2025.49315068493,CHIKV_RUN_S54b37_2025,55.519635,-21.284749
3147,1954,REU.2.3_1,REU.2.3_1,0.401818886744071,0.912167834165281,0.51034894742121,2025.09407152421,2025.49589041096,CHIKV_RUN_S54b40_2025,55.457211,-20.889417
5496,2538,REU.2.3_1,REU.1.4_1,0.388717575574053,0.917647286219996,0.528929710645943,2025.11265228744,2025.50136986301,CHIKV_RUN_S54b35_2025,55.7161,-21.111304
3723,1283,REU.3.5_1,REU.3.5_1,0.352330901392898,0.917647286219996,0.565316384827098,2025.14903896162,2025.50136986301,CHIKV_RUN_S54b38_2025,55.328107,-20.97611
4066,928,REU.4.8_1,REU.2.3_1,0.326191920504954,0.917647286219996,0.591455365715041,2025.17517794251,2025.50136986301,CHIKV_RUN_S54b41_2025,55.437121,-20.923859
5848,2394,REU.3.1_1,REU.3.5_1,0.309888684650277,0.917647286219996,0.607758601569719,2025.19148117836,2025.50136986301,CHIKV_RUN_S54b42_2025,55.230438,-21.027807
3510,2770,REU.4.8_1,REU.1.4_1,0.374133820605222,0.934085642384368,0.559951821779145,2025.14367439857,2025.51780821918,CHIKV_RUN_S54b43_2025,55.683352,-21.051656
5277,344,REU.2.2_1,REU.2.1_1,0.321360533021286,0.961482902658396,0.64012236963711,2025.22384494643,2025.54520547945,CHIKV_RUN_S54b44_2025,55.325934,-20.963165
5463,2245,REU.4.3_1,REU.3.5_1,0.450737842077043,0.972441806768053,0.52170396469101,2025.10542654148,2025.55616438356,CHIKV_RUN_S54b47_2025,55.301159,-21.03638
3301,2457,REU.3.4_1,REU.4.4_1,0.402307640671445,0.972441806768053,0.570134166096608,2025.15385674289,2025.55616438356,CHIKV_RUN_S54b46_2025,55.566737,-21.368159
5891,61,REU.3.1_1,REU.4.8_1,0.644357524140677,1.01079797115151,0.366440447010834,2024.9501630238,2025.59452054795,CHIKV_RUN_S54b48_2025,55.526603,-21.356887
