node1,node2,startLoc,endLoc,length,endNodeL,startNodeL,startYear,endYear,tipLabel,endLon,endLat
3115,3116,REU.3.5_1,REU.3.1_1,0.214091155543982,0.214091155543982,0,2024.58512394031,2024.79921509585,NA,NA,NA
3115,3190,REU.3.5_1,REU.3.5_1,0.0234319792694828,0.0234319792694828,0,2024.58512394031,2024.60855591957,NA,NA,NA
3190,1,REU.3.5_1,REU.3.5_1,0.0089304192229207,0.0323623984924035,0.0234319792694828,2024.60855591957,2024.6174863388,CHIKV_RUN_S06b01_2024,55.222994,-21.03531
3190,3191,REU.3.5_1,REU.3.5_1,0.0142020502077843,0.0376340294772671,0.0234319792694828,2024.60855591957,2024.62275796978,NA,NA,NA
3191,3192,REU.3.5_1,REU.3.5_1,0.0147143296910575,0.0523483591683246,0.0376340294772671,2024.62275796978,2024.63747229947,NA,NA,NA
3192,3193,REU.3.5_1,REU.3.5_1,0.00956453222590292,0.0619128913942275,0.0523483591683246,2024.63747229947,2024.6470368317,NA,NA,NA
3193,3194,REU.3.5_1,REU.3.5_1,0.000628263227629544,0.062541154621857,0.0619128913942275,2024.6470368317,2024.64766509493,NA,NA,NA
3192,6227,REU.3.5_1,REU.3.5_1,0.0102310170042261,0.0625793761725507,0.0523483591683246,2024.63747229947,2024.64770331648,NA,NA,NA
6227,2,REU.3.5_1,REU.3.5_1,0.0053021480029477,0.0678815241754984,0.0625793761725507,2024.64770331648,2024.65300546448,CHIKV_RUN_S2b92_2024,55.222994,-21.03531
3194,5593,REU.3.5_1,REU.3.5_1,0.0154114201062964,0.0779525747281534,0.062541154621857,2024.64766509493,2024.66307651503,NA,NA,NA
3194,3195,REU.3.5_1,REU.3.5_1,0.0166558510666305,0.0791970056884875,0.062541154621857,2024.64766509493,2024.66432094599,NA,NA,NA
5593,2588,REU.3.5_1,REU.3.5_1,0.00905463250745553,0.087007207235609,0.0779525747281534,2024.66307651503,2024.67213114754,CHIKV_RUN_S2b93_2024,55.223179,-21.035738
3193,5798,REU.3.5_1,REU.3.5_1,0.0275879960815331,0.0895008874757606,0.0619128913942275,2024.6470368317,2024.67462482778,NA,NA,NA
5798,3114,REU.3.5_1,REU.3.5_1,0.0220964836942112,0.111597371169972,0.0895008874757606,2024.67462482778,2024.69672131148,CHIKV_RUN_S3b83_2024,55.222489,-21.036097
6227,1769,REU.3.5_1,REU.3.4_1,0.0599469567461531,0.122526332918704,0.0625793761725507,2024.64770331648,2024.70765027322,CHIKV_RUN_S3b82_2024,55.288681,-21.171711
5798,5799,REU.3.5_1,REU.3.1_1,0.0603305993951555,0.149831486870916,0.0895008874757606,2024.67462482778,2024.73495542718,NA,NA,NA
3191,2399,REU.3.5_1,REU.3.5_1,0.112214707812926,0.149848737290193,0.0376340294772671,2024.62275796978,2024.7349726776,CHIKV_RUN_S12b41_2024,55.224204,-21.078267
3195,3225,REU.3.5_1,REU.3.1_1,0.0727290895526393,0.151926095241127,0.0791970056884875,2024.66432094599,2024.73705003555,NA,NA,NA
5799,5800,REU.3.1_1,REU.3.1_1,0.0114863698868979,0.161317856757814,0.149831486870916,2024.73495542718,2024.74644179706,NA,NA,NA
3225,4950,REU.3.1_1,REU.3.1_1,0.0125418657213133,0.16446796096244,0.151926095241127,2024.73705003555,2024.74959190127,NA,NA,NA
4950,4951,REU.3.1_1,REU.3.1_1,0.00712033532946343,0.171588296291904,0.16446796096244,2024.74959190127,2024.7567122366,NA,NA,NA
5799,6003,REU.3.1_1,REU.3.1_1,0.0295859499838196,0.179417436854736,0.149831486870916,2024.73495542718,2024.76454137716,NA,NA,NA
3225,3226,REU.3.1_1,REU.3.1_1,0.0359134678632079,0.187839563104335,0.151926095241127,2024.73705003555,2024.77296350341,NA,NA,NA
5593,5594,REU.3.5_1,REU.3.1_1,0.11105979971902,0.189012374447174,0.0779525747281534,2024.66307651503,2024.77413631475,NA,NA,NA
5594,5597,REU.3.1_1,REU.3.1_1,0.00166088321621338,0.190673257663387,0.189012374447174,2024.77413631475,2024.77579719797,NA,NA,NA
3226,3244,REU.3.1_1,REU.4.3_1,0.0176453480478547,0.205484911152189,0.187839563104335,2024.77296350341,2024.79060885146,NA,NA,NA
3244,3568,REU.4.3_1,REU.4.3_1,0.00968443268965502,0.215169343841844,0.205484911152189,2024.79060885146,2024.80029328415,NA,NA,NA
3568,3569,REU.4.3_1,REU.4.3_1,0.00316592278964478,0.218335266631489,0.215169343841844,2024.80029328415,2024.80345920694,NA,NA,NA
5594,5595,REU.3.1_1,REU.3.1_1,0.0310507987301597,0.220063173177333,0.189012374447174,2024.77413631475,2024.80518711348,NA,NA,NA
6003,6073,REU.3.1_1,REU.3.1_1,0.0412513548633047,0.22066879171804,0.179417436854736,2024.76454137716,2024.80579273202,NA,NA,NA
4951,4952,REU.3.1_1,REU.3.1_1,0.050668697784217,0.222256994076121,0.171588296291904,2024.7567122366,2024.80738093438,NA,NA,NA
5597,5636,REU.3.1_1,REU.3.1_1,0.0342842947234072,0.224957552386794,0.190673257663387,2024.77579719797,2024.81008149269,NA,NA,NA
5800,5801,REU.3.1_1,REU.3.1_1,0.0670511919816195,0.228369048739433,0.161317856757814,2024.74644179706,2024.81349298904,NA,NA,NA
5595,2587,REU.3.1_1,REU.3.5_1,0.0090205367904278,0.229083709967761,0.220063173177333,2024.80518711348,2024.81420765027,CHIKV_RUN_S4b3_2024,55.231193,-21.051375
3569,3760,REU.4.3_1,REU.4.3_1,0.0119428671459629,0.230278133777452,0.218335266631489,2024.80345920694,2024.81540207408,NA,NA,NA
5595,5596,REU.3.1_1,REU.3.1_1,0.0117104101034282,0.231773583280762,0.220063173177333,2024.80518711348,2024.81689752359,NA,NA,NA
3760,4089,REU.4.3_1,REU.4.3_1,0.00179257695854718,0.232070710735999,0.230278133777452,2024.81540207408,2024.81719465104,NA,NA,NA
6073,6220,REU.3.1_1,REU.3.1_1,0.0114396273034897,0.23210841902153,0.22066879171804,2024.80579273202,2024.81723235933,NA,NA,NA
4951,5454,REU.3.1_1,REU.3.1_1,0.0724554024017197,0.244043698693623,0.171588296291904,2024.7567122366,2024.829167639,NA,NA,NA
3760,3761,REU.4.3_1,REU.4.3_1,0.0147176867658115,0.244995820543264,0.230278133777452,2024.81540207408,2024.83011976085,NA,NA,NA
4089,4090,REU.4.3_1,REU.4.3_1,0.013651401012252,0.245722111748251,0.232070710735999,2024.81719465104,2024.83084605205,NA,NA,NA
5454,5456,REU.3.1_1,REU.3.1_1,0.00507363888113943,0.249117337574763,0.244043698693623,2024.829167639,2024.83424127788,NA,NA,NA
6073,6074,REU.3.1_1,REU.3.1_1,0.0287605859819209,0.249429377699961,0.22066879171804,2024.80579273202,2024.83455331801,NA,NA,NA
5801,5811,REU.3.1_1,REU.3.1_1,0.0214719128823314,0.249840961621765,0.228369048739433,2024.81349298904,2024.83496490193,NA,NA,NA
3244,3245,REU.4.3_1,REU.4.3_1,0.0465007587987205,0.25198566995091,0.205484911152189,2024.79060885146,2024.83710961026,NA,NA,NA
6074,6075,REU.3.1_1,REU.3.1_1,0.00555859415862814,0.254987971858589,0.249429377699961,2024.83455331801,2024.84011191216,NA,NA,NA
6220,6221,REU.3.1_1,REU.3.1_1,0.0237796933209716,0.255888112342502,0.23210841902153,2024.81723235933,2024.84101205265,NA,NA,NA
4950,5580,REU.3.1_1,REU.3.1_1,0.0938663698466772,0.258334330809117,0.16446796096244,2024.74959190127,2024.84345827111,NA,NA,NA
3568,637,REU.4.3_1,REU.3.5_1,0.0439690109347592,0.259138354776604,0.215169343841844,2024.80029328415,2024.84426229508,CHIKV_RUN_S5b01_2024,55.223821,-21.079274
3761,3870,REU.4.3_1,REU.4.3_1,0.0145462334734373,0.259542054016701,0.244995820543264,2024.83011976085,2024.84466599432,NA,NA,NA
5811,5818,REU.3.1_1,REU.3.1_1,0.0115070404423269,0.261348002064092,0.249840961621765,2024.83496490193,2024.84647194237,NA,NA,NA
4952,5013,REU.3.1_1,REU.3.1_1,0.0392393937549246,0.261496387831045,0.222256994076121,2024.80738093438,2024.84662032814,NA,NA,NA
3761,3762,REU.4.3_1,REU.4.3_1,0.0173276343130561,0.26232345485632,0.244995820543264,2024.83011976085,2024.84744739516,NA,NA,NA
6003,6004,REU.3.1_1,REU.3.1_1,0.0843721325690915,0.263789569423827,0.179417436854736,2024.76454137716,2024.84891350973,NA,NA,NA
4090,4091,REU.4.3_1,REU.4.3_1,0.0183563007947457,0.264078412542997,0.245722111748251,2024.83084605205,2024.84920235285,NA,NA,NA
5013,5014,REU.3.1_1,REU.3.1_1,0.00374091599329096,0.265237303824336,0.261496387831045,2024.84662032814,2024.85036124413,NA,NA,NA
5636,5637,REU.3.1_1,REU.3.1_1,0.0446976929671866,0.269655245353981,0.224957552386794,2024.81008149269,2024.85477918566,NA,NA,NA
4952,4953,REU.3.1_1,REU.3.1_1,0.0475358290562409,0.269792823132362,0.222256994076121,2024.80738093438,2024.85491676344,NA,NA,NA
3870,3871,REU.4.3_1,REU.4.3_1,0.0115295913242126,0.271071645340914,0.259542054016701,2024.84466599432,2024.85619558565,NA,NA,NA
3245,3246,REU.4.3_1,REU.4.3_1,0.0192124717374751,0.271198141688385,0.25198566995091,2024.83710961026,2024.85632208199,NA,NA,NA
6221,6222,REU.3.1_1,REU.3.1_1,0.0185642560790207,0.274452368421522,0.255888112342502,2024.84101205265,2024.85957630873,NA,NA,NA
6074,6170,REU.3.1_1,REU.3.1_1,0.02772851418004,0.277157891880001,0.249429377699961,2024.83455331801,2024.86228183219,NA,NA,NA
5013,5271,REU.3.1_1,REU.3.1_1,0.0185961377352829,0.280092525566328,0.261496387831045,2024.84662032814,2024.86521646587,NA,NA,NA
5637,5638,REU.3.1_1,REU.3.1_1,0.0109518979085051,0.280607143262486,0.269655245353981,2024.85477918566,2024.86573108357,NA,NA,NA
4953,5000,REU.3.1_1,REU.3.1_1,0.0113952205552798,0.281188043687641,0.269792823132362,2024.85491676344,2024.86631198399,NA,NA,NA
3246,3247,REU.4.3_1,REU.4.3_1,0.0104962943144786,0.281694436002864,0.271198141688385,2024.85632208199,2024.86681837631,NA,NA,NA
4090,4447,REU.4.3_1,REU.4.3_1,0.0372528865122198,0.282974998260471,0.245722111748251,2024.83084605205,2024.86809893857,NA,NA,NA
3762,3809,REU.4.3_1,REU.4.3_1,0.0209175100411366,0.283240964897456,0.26232345485632,2024.84744739516,2024.8683649052,NA,NA,NA
3871,1699,REU.4.3_1,REU.3.5_1,0.0126568733700529,0.283728518710967,0.271071645340914,2024.85619558565,2024.86885245902,CHIKV_RUN_S5b06_2024,55.225315,-21.079569
3226,3227,REU.3.1_1,REU.3.1_1,0.096503075451716,0.284342638556051,0.187839563104335,2024.77296350341,2024.86946657886,NA,NA,NA
5271,5298,REU.3.1_1,REU.3.1_1,0.00536768986100489,0.285460215427333,0.280092525566328,2024.86521646587,2024.87058415573,NA,NA,NA
6004,6062,REU.3.1_1,REU.3.1_1,0.0222401091613491,0.286029678585176,0.263789569423827,2024.84891350973,2024.87115361889,NA,NA,NA
3247,3248,REU.4.3_1,REU.4.3_1,0.00526475694637041,0.286959192949234,0.281694436002864,2024.86681837631,2024.87208313325,NA,NA,NA
5597,5598,REU.3.1_1,REU.3.1_1,0.0971550830544257,0.287828340717813,0.190673257663387,2024.77579719797,2024.87295228102,NA,NA,NA
5298,5299,REU.3.1_1,REU.3.1_1,0.00250178752695673,0.28796200295429,0.285460215427333,2024.87058415573,2024.87308594326,NA,NA,NA
3247,1755,REU.4.3_1,REU.4.3_1,0.00749856358235523,0.289192999585219,0.281694436002864,2024.86681837631,2024.87431693989,CHIKV_RUN_S12b01_2024,55.507669,-21.286309
3195,3196,REU.3.5_1,REU.3.1_1,0.212056252199311,0.291253257887799,0.0791970056884875,2024.66432094599,2024.87637719819,NA,NA,NA
6170,6171,REU.3.1_1,REU.3.1_1,0.0143042333631395,0.291462125243141,0.277157891880001,2024.86228183219,2024.87658606555,NA,NA,NA
5801,5802,REU.3.1_1,REU.3.1_1,0.0641947313871942,0.292563780126628,0.228369048739433,2024.81349298904,2024.87768772043,NA,NA,NA
5580,5592,REU.3.1_1,REU.3.1_1,0.0342373223211924,0.29257165313031,0.258334330809117,2024.84345827111,2024.87769559344,NA,NA,NA
3569,3570,REU.4.3_1,REU.4.3_1,0.0744476657488699,0.292782932380359,0.218335266631489,2024.80345920694,2024.87790687269,NA,NA,NA
4447,4525,REU.4.3_1,REU.4.3_1,0.0104451990390505,0.293420197299522,0.282974998260471,2024.86809893857,2024.8785441376,NA,NA,NA
5592,1919,REU.3.1_1,REU.3.1_1,0.00208582732938889,0.294657480459699,0.29257165313031,2024.87769559344,2024.87978142077,CHIKV_RUN_S5b09_2024,55.365166,-21.257606
3809,3810,REU.4.3_1,REU.4.3_1,0.0119836718579067,0.295224636755363,0.283240964897456,2024.8683649052,2024.88034857706,NA,NA,NA
5271,5272,REU.3.1_1,REU.3.1_1,0.0162660382435806,0.296358563809909,0.280092525566328,2024.86521646587,2024.88148250412,NA,NA,NA
5802,5803,REU.3.1_1,REU.3.1_1,0.00417051534746538,0.296734295474093,0.292563780126628,2024.87768772043,2024.88185823578,NA,NA,NA
5456,5457,REU.3.1_1,REU.3.1_1,0.0497898148055781,0.298907152380341,0.249117337574763,2024.83424127788,2024.88403109269,NA,NA,NA
4089,4871,REU.4.3_1,REU.4.5_1,0.0668525699933833,0.298923280729383,0.232070710735999,2024.81719465104,2024.88404722103,NA,NA,NA
3762,3763,REU.4.3_1,REU.4.3_1,0.0374204982078195,0.299743953064139,0.26232345485632,2024.84744739516,2024.88486789337,NA,NA,NA
5638,5639,REU.3.1_1,REU.3.1_1,0.0206354528702811,0.301242596132767,0.280607143262486,2024.86573108357,2024.88636653644,NA,NA,NA
4091,4092,REU.4.3_1,REU.4.3_1,0.0376821703764057,0.301760582919403,0.264078412542997,2024.84920235285,2024.88688452322,NA,NA,NA
4871,4905,REU.4.5_1,REU.4.5_1,0.00375972636294486,0.302683007092328,0.298923280729383,2024.88404722103,2024.8878069474,NA,NA,NA
5014,5015,REU.3.1_1,REU.3.1_1,0.0380281304132439,0.30326543423758,0.265237303824336,2024.85036124413,2024.88838937454,NA,NA,NA
3248,3249,REU.4.3_1,REU.4.3_1,0.018986310226271,0.305945503175505,0.286959192949234,2024.87208313325,2024.89106944348,NA,NA,NA
3570,3571,REU.4.3_1,REU.4.3_1,0.0132040273672522,0.305986959747611,0.292782932380359,2024.87790687269,2024.89111090005,NA,NA,NA
3196,3215,REU.3.1_1,REU.3.1_1,0.0164546532361026,0.307707911123901,0.291253257887799,2024.87637719819,2024.89283185143,NA,NA,NA
4953,4954,REU.3.1_1,REU.3.1_1,0.0383906765516542,0.308183499684016,0.269792823132362,2024.85491676344,2024.89330743999,NA,NA,NA
5800,2701,REU.3.1_1,REU.3.1_1,0.147000825887516,0.308318682645329,0.161317856757814,2024.74644179706,2024.89344262295,CHIKV_RUN_S8b03_2024,55.367555,-21.25695
5639,5640,REU.3.1_1,REU.3.1_1,0.00899051663570782,0.310233112768475,0.301242596132767,2024.88636653644,2024.89535705307,NA,NA,NA
6004,6005,REU.3.1_1,REU.3.1_1,0.0466464587382257,0.310436028162053,0.263789569423827,2024.84891350973,2024.89555996847,NA,NA,NA
5598,5613,REU.3.1_1,REU.3.1_1,0.0229557602516779,0.310784100969491,0.287828340717813,2024.87295228102,2024.89590804127,NA,NA,NA
5638,5699,REU.3.1_1,REU.3.1_1,0.0303792848099755,0.310986428072462,0.280607143262486,2024.86573108357,2024.89611036838,NA,NA,NA
5014,5084,REU.3.1_1,REU.3.1_1,0.0467792107218561,0.312016514546192,0.265237303824336,2024.85036124413,2024.89714045485,NA,NA,NA
5000,5002,REU.3.1_1,REU.3.1_1,0.0319215566160829,0.313109600303724,0.281188043687641,2024.86631198399,2024.89823354061,NA,NA,NA
5818,5819,REU.3.1_1,REU.3.1_1,0.0518196240721948,0.313167626136286,0.261348002064092,2024.84647194237,2024.89829156644,NA,NA,NA
5596,2703,REU.3.1_1,REU.3.1_1,0.0820095802390476,0.313783163519809,0.231773583280762,2024.81689752359,2024.89890710383,CHIKV_RUN_S8b01_2024,55.365339,-21.256825
5298,5373,REU.3.1_1,REU.3.1_1,0.0288781280964142,0.314338343523747,0.285460215427333,2024.87058415573,2024.89946228383,NA,NA,NA
4091,4219,REU.4.3_1,REU.4.3_1,0.053228409828569,0.317306822371566,0.264078412542997,2024.84920235285,2024.90243076268,NA,NA,NA
4447,4448,REU.4.3_1,REU.4.3_1,0.0345152345230689,0.31749023278354,0.282974998260471,2024.86809893857,2024.90261417309,NA,NA,NA
5084,5091,REU.3.1_1,REU.3.1_1,0.00676403973072737,0.31878055427692,0.312016514546192,2024.89714045485,2024.90390449458,NA,NA,NA
5091,5092,REU.3.1_1,REU.3.1_1,0.000390308711267773,0.319170862988187,0.31878055427692,2024.90390449458,2024.90429480329,NA,NA,NA
6075,2400,REU.3.1_1,REU.3.1_1,0.0642596725354722,0.319247644394062,0.254987971858589,2024.84011191216,2024.9043715847,CHIKV_RUN_S8b06_2024,55.364925,-21.256758
3249,3250,REU.4.3_1,REU.4.3_1,0.0134375047410052,0.31938300791651,0.305945503175505,2024.89106944348,2024.90450694822,NA,NA,NA
5299,5348,REU.3.1_1,REU.3.1_1,0.0325214806410937,0.320483483595383,0.28796200295429,2024.87308594326,2024.9056074239,NA,NA,NA
4092,4121,REU.4.3_1,REU.4.3_1,0.0188066725239392,0.320567255443342,0.301760582919403,2024.88688452322,2024.90569119575,NA,NA,NA
3871,3872,REU.4.3_1,REU.4.3_1,0.0514315673786743,0.322503212719588,0.271071645340914,2024.85619558565,2024.90762715303,NA,NA,NA
5613,5614,REU.3.1_1,REU.3.1_1,0.0126264323247717,0.323410533294262,0.310784100969491,2024.89590804127,2024.9085344736,NA,NA,NA
3227,3238,REU.3.1_1,REU.3.1_1,0.039439465666932,0.323782104222983,0.284342638556051,2024.86946657886,2024.90890604453,NA,NA,NA
5640,5641,REU.3.1_1,REU.3.1_1,0.0139578387854364,0.324190951553911,0.310233112768475,2024.89535705307,2024.90931489186,NA,NA,NA
3250,1768,REU.4.3_1,REU.4.3_1,0.00532911735180353,0.324712125268314,0.31938300791651,2024.90450694822,2024.90983606557,CHIKV_RUN_S8b04_2024,55.55342,-21.215457
5299,5300,REU.3.1_1,REU.3.1_1,0.0367965781159542,0.324758581070244,0.28796200295429,2024.87308594326,2024.90988252138,NA,NA,NA
3249,3263,REU.4.3_1,REU.4.3_1,0.018931601611937,0.324877104787442,0.305945503175505,2024.89106944348,2024.91000104509,NA,NA,NA
5373,5386,REU.3.1_1,REU.3.1_1,0.0110989997214959,0.325437343245243,0.314338343523747,2024.89946228383,2024.91056128355,NA,NA,NA
5015,5016,REU.3.1_1,REU.3.1_1,0.0237436729413192,0.327009107178899,0.30326543423758,2024.88838937454,2024.91213304748,NA,NA,NA
6222,2003,REU.3.1_1,REU.3.1_1,0.0529919972839177,0.32744436570544,0.274452368421522,2024.85957630873,2024.91256830601,CHIKV_RUN_S8b07_2024,55.3668,-21.2598
3872,3887,REU.4.3_1,REU.4.3_1,0.005002040579003,0.327505253298591,0.322503212719588,2024.90762715303,2024.9126291936,NA,NA,NA
5802,5807,REU.3.1_1,REU.3.1_1,0.0349646902884472,0.327528470415075,0.292563780126628,2024.87768772043,2024.91265241072,NA,NA,NA
5386,5387,REU.3.1_1,REU.3.1_1,0.00242227072842016,0.327859613973663,0.325437343245243,2024.91056128355,2024.91298355428,NA,NA,NA
5580,5581,REU.3.1_1,REU.3.1_1,0.0708164348335731,0.32915076564269,0.258334330809117,2024.84345827111,2024.91427470595,NA,NA,NA
6171,6172,REU.3.1_1,REU.3.1_1,0.0384882893469404,0.329950414590081,0.291462125243141,2024.87658606555,2024.9150743549,NA,NA,NA
4121,4122,REU.4.3_1,REU.4.3_1,0.0097715308765034,0.330338786319845,0.320567255443342,2024.90569119575,2024.91546272663,NA,NA,NA
3263,3297,REU.4.3_1,REU.4.3_1,0.00554628971404569,0.330423394501488,0.324877104787442,2024.91000104509,2024.91554733481,NA,NA,NA
5016,5054,REU.3.1_1,REU.3.1_1,0.00344514098025417,0.330454248159153,0.327009107178899,2024.91213304748,2024.91557818846,NA,NA,NA
5699,5700,REU.3.1_1,REU.3.1_1,0.0198248285989393,0.330811256671401,0.310986428072462,2024.89611036838,2024.91593519698,NA,NA,NA
4525,4526,REU.4.3_1,REU.4.4_1,0.0375319566460038,0.330952153945526,0.293420197299522,2024.8785441376,2024.91607609425,NA,NA,NA
5456,5473,REU.3.1_1,REU.3.1_1,0.0820460847620872,0.33116342233685,0.249117337574763,2024.83424127788,2024.91628736264,NA,NA,NA
4525,4619,REU.4.3_1,REU.4.3_1,0.0379223670914284,0.33134256439095,0.293420197299522,2024.8785441376,2024.9164665047,NA,NA,NA
6005,6006,REU.3.1_1,REU.3.1_1,0.0222375442775504,0.332673572439603,0.310436028162053,2024.89555996847,2024.91779751274,NA,NA,NA
3810,266,REU.4.3_1,REU.4.3_1,0.0376842098245566,0.33290884657992,0.295224636755363,2024.88034857706,2024.91803278689,CHIKV_RUN_S12b56_2024,55.50965,-21.285721
6005,6061,REU.3.1_1,REU.3.1_1,0.0225512310247958,0.332987259186849,0.310436028162053,2024.89555996847,2024.91811119949,NA,NA,NA
3887,3890,REU.4.3_1,REU.4.3_1,0.00643117714198782,0.333936430440579,0.327505253298591,2024.9126291936,2024.91906037075,NA,NA,NA
5016,5017,REU.3.1_1,REU.3.1_1,0.00739721487143818,0.334406322050337,0.327009107178899,2024.91213304748,2024.91953026236,NA,NA,NA
5054,5056,REU.3.1_1,REU.3.1_1,0.00448007922060689,0.33493432737976,0.330454248159153,2024.91557818846,2024.92005826769,NA,NA,NA
5091,5198,REU.3.1_1,REU.3.1_1,0.0166413033886426,0.335421857665562,0.31878055427692,2024.90390449458,2024.92054579797,NA,NA,NA
6061,1818,REU.3.1_1,REU.3.1_1,0.00265382783019719,0.335641087017046,0.332987259186849,2024.91811119949,2024.92076502732,CHIKV_RUN_S8b10_2024,55.366226,-21.25806
5300,5301,REU.3.1_1,REU.3.1_1,0.0119639454619186,0.336722526532163,0.324758581070244,2024.90988252138,2024.92184646684,NA,NA,NA
5473,5553,REU.3.1_1,REU.3.1_1,0.00574908057773726,0.336912502914587,0.33116342233685,2024.91628736264,2024.92203644322,NA,NA,NA
4219,4220,REU.4.3_1,REU.4.3_1,0.020176533580332,0.337483355951898,0.317306822371566,2024.90243076268,2024.92260729626,NA,NA,NA
5301,5302,REU.3.1_1,REU.3.1_1,0.00110504216607332,0.337827568698236,0.336722526532163,2024.92184646684,2024.922951509,NA,NA,NA
5613,1814,REU.3.1_1,REU.4.6_1,0.0275892264846814,0.338373327454172,0.310784100969491,2024.89590804127,2024.92349726776,CHIKV_RUN_S8b13_2024,55.450236,-21.274307
5017,2735,REU.3.1_1,REU.3.1_1,0.00396700540383454,0.338373327454172,0.334406322050337,2024.91953026236,2024.92349726776,CHIKV_RUN_S12b70_2024,55.36742,-21.260008
3571,3572,REU.4.3_1,REU.4.3_1,0.0324238181793544,0.338410777926966,0.305986959747611,2024.89111090005,2024.92353471823,NA,NA,NA
6220,6226,REU.3.1_1,REU.3.1_1,0.106315109001218,0.338423528022748,0.23210841902153,2024.81723235933,2024.92354746833,NA,NA,NA
6172,6173,REU.3.1_1,REU.3.1_1,0.0087695158956006,0.338719930485682,0.329950414590081,2024.9150743549,2024.92384387079,NA,NA,NA
5198,5199,REU.3.1_1,REU.3.1_1,0.00332455096365958,0.338746408629222,0.335421857665562,2024.92054579797,2024.92387034893,NA,NA,NA
6006,6007,REU.3.1_1,REU.3.1_1,0.00653478762508775,0.339208360064691,0.332673572439603,2024.91779751274,2024.92433230037,NA,NA,NA
5473,5474,REU.3.1_1,REU.3.1_1,0.00883355701289801,0.339996979349748,0.33116342233685,2024.91628736264,2024.92512091966,NA,NA,NA
5598,5599,REU.3.1_1,REU.3.1_1,0.0522716599843318,0.340100000702145,0.287828340717813,2024.87295228102,2024.92522394101,NA,NA,NA
5553,5554,REU.3.1_1,REU.3.1_1,0.00365695994201454,0.340569462856602,0.336912502914587,2024.92203644322,2024.92569340316,NA,NA,NA
5056,2702,REU.3.1_1,REU.3.1_1,0.00617124051153783,0.341105567891298,0.33493432737976,2024.92005826769,2024.9262295082,CHIKV_RUN_S12b75_2024,55.366999,-21.260304
6007,2642,REU.3.1_1,REU.3.1_1,0.00189720782660718,0.341105567891298,0.339208360064691,2024.92433230037,2024.9262295082,CHIKV_RUN_S12b57_2024,55.375341,-21.265219
4954,4955,REU.3.1_1,REU.3.1_1,0.0333278749894911,0.341511374673507,0.308183499684016,2024.89330743999,2024.92663531498,NA,NA,NA
3890,3921,REU.4.3_1,REU.4.3_1,0.00786359992550234,0.341800030366081,0.333936430440579,2024.91906037075,2024.92692397067,NA,NA,NA
3196,3197,REU.3.1_1,REU.3.1_1,0.0507515117772217,0.34200476966502,0.291253257887799,2024.87637719819,2024.92712870997,NA,NA,NA
3297,3356,REU.4.3_1,REU.4.3_1,0.0126737756454333,0.343097170146921,0.330423394501488,2024.91554733481,2024.92822111045,NA,NA,NA
5614,5615,REU.3.1_1,REU.3.1_1,0.020169070599363,0.343579603893625,0.323410533294262,2024.9085344736,2024.9287035442,NA,NA,NA
5596,1771,REU.3.1_1,REU.3.1_1,0.112064225047663,0.343837808328424,0.231773583280762,2024.81689752359,2024.92896174863,CHIKV_RUN_S8b15_2024,55.366468,-21.260281
6061,2736,REU.3.1_1,REU.3.1_1,0.0108505491415757,0.343837808328424,0.332987259186849,2024.91811119949,2024.92896174863,CHIKV_RUN_S8b14_2024,55.3668,-21.2598
5819,5844,REU.3.1_1,REU.3.1_1,0.0307834660733955,0.343951092209682,0.313167626136286,2024.89829156644,2024.92907503252,NA,NA,NA
5700,5730,REU.3.1_1,REU.3.1_1,0.0140764782147457,0.344887734886147,0.330811256671401,2024.91593519698,2024.93001167519,NA,NA,NA
5457,5458,REU.3.1_1,REU.3.1_1,0.0462466979399397,0.345153850320281,0.298907152380341,2024.88403109269,2024.93027779063,NA,NA,NA
3810,3811,REU.4.3_1,REU.4.3_1,0.0500017988412236,0.345226435596587,0.295224636755363,2024.88034857706,2024.9303503759,NA,NA,NA
5581,5582,REU.3.1_1,REU.3.1_1,0.0163468224441095,0.3454975880868,0.32915076564269,2024.91427470595,2024.93062152839,NA,NA,NA
4219,4314,REU.4.3_1,REU.4.3_1,0.0285372601885433,0.345844082560109,0.317306822371566,2024.90243076268,2024.93096802287,NA,NA,NA
3116,3088,REU.3.1_1,REU.3.1_1,0.132478893221568,0.346570048765551,0.214091155543982,2024.79921509585,2024.93169398907,CHIKV_RUN_S8b17_2024,55.367306,-21.258026
5002,63,REU.3.1_1,REU.3.1_1,0.0334604484618264,0.346570048765551,0.313109600303724,2024.89823354061,2024.93169398907,CHIKV_RUN_S12b81_2024,55.366316,-21.258659
5844,6000,REU.3.1_1,REU.3.1_1,0.00307086761661857,0.347021959826301,0.343951092209682,2024.92907503252,2024.93214590013,NA,NA,NA
5844,5845,REU.3.1_1,REU.3.4_1,0.00422483859161737,0.348175930801299,0.343951092209682,2024.92907503252,2024.93329987111,NA,NA,NA
5272,5292,REU.3.1_1,REU.3.1_1,0.0528755961057619,0.349234159915671,0.296358563809909,2024.88148250412,2024.93435810022,NA,NA,NA
5845,5882,REU.3.4_1,REU.3.4_1,0.00119753304436976,0.349373463845669,0.348175930801299,2024.93329987111,2024.93449740415,NA,NA,NA
5819,5820,REU.3.1_1,REU.3.1_1,0.0362110986187859,0.349378724755072,0.313167626136286,2024.89829156644,2024.93450266506,NA,NA,NA
4121,4123,REU.4.3_1,REU.4.3_1,0.0291776028430744,0.349744858286416,0.320567255443342,2024.90569119575,2024.93486879859,NA,NA,NA
5092,5093,REU.3.1_1,REU.3.1_1,0.0310778987316053,0.350248761719793,0.319170862988187,2024.90429480329,2024.93537270203,NA,NA,NA
5699,5737,REU.3.1_1,REU.3.1_1,0.0405733217249481,0.35155974979741,0.310986428072462,2024.89611036838,2024.9366836901,NA,NA,NA
5882,5883,REU.3.4_1,REU.3.4_1,0.00235202608445717,0.351725489930126,0.349373463845669,2024.93449740415,2024.93684943024,NA,NA,NA
5198,5270,REU.3.1_1,REU.3.1_1,0.0175700990059267,0.352991956671489,0.335421857665562,2024.92054579797,2024.93811589698,NA,NA,NA
4619,4685,REU.4.3_1,REU.4.3_1,0.0217351294253112,0.353077693816261,0.33134256439095,2024.9164665047,2024.93820163412,NA,NA,NA
4314,4346,REU.4.3_1,REU.4.3_1,0.00777878680850741,0.353622869368617,0.345844082560109,2024.93096802287,2024.93874680967,NA,NA,NA
4526,4527,REU.4.4_1,REU.4.4_1,0.0226924466855013,0.353644600631027,0.330952153945526,2024.91607609425,2024.93876854094,NA,NA,NA
5387,5388,REU.3.1_1,REU.3.1_1,0.0258156928569593,0.353675306830623,0.327859613973663,2024.91298355428,2024.93879924714,NA,NA,NA
3246,3557,REU.4.3_1,REU.4.3_1,0.0828150367547749,0.35401317844316,0.271198141688385,2024.85632208199,2024.93913711875,NA,NA,NA
4871,4872,REU.4.5_1,REU.4.5_1,0.0551153228665786,0.354038603595961,0.298923280729383,2024.88404722103,2024.9391625439,NA,NA,NA
6062,6066,REU.3.1_1,REU.3.1_1,0.0685995026037823,0.354629181188959,0.286029678585176,2024.87115361889,2024.93975312149,NA,NA,NA
4872,4873,REU.4.5_1,REU.4.5_1,0.000610022218436868,0.354648625814398,0.354038603595961,2024.9391625439,2024.93977256612,NA,NA,NA
5554,5556,REU.3.1_1,REU.3.1_1,0.0144980430912811,0.355067505947883,0.340569462856602,2024.92569340316,2024.94019144625,NA,NA,NA
3248,3490,REU.4.3_1,REU.4.3_1,0.0683693164511098,0.355328509400344,0.286959192949234,2024.87208313325,2024.94045244971,NA,NA,NA
5641,5681,REU.3.1_1,REU.3.1_1,0.031430539212528,0.355621490766439,0.324190951553911,2024.90931489186,2024.94074543107,NA,NA,NA
3872,3873,REU.4.3_1,REU.4.3_1,0.0334639728629982,0.355967185582586,0.322503212719588,2024.90762715303,2024.94109112589,NA,NA,NA
6066,6067,REU.3.1_1,REU.3.1_1,0.00135861811187077,0.355987799300829,0.354629181188959,2024.93975312149,2024.94111173961,NA,NA,NA
4685,4686,REU.4.3_1,REU.4.3_1,0.0035105403591168,0.356588234175378,0.353077693816261,2024.93820163412,2024.94171217448,NA,NA,NA
4448,4460,REU.4.3_1,REU.4.3_1,0.0394067052250288,0.356896938008569,0.31749023278354,2024.90261417309,2024.94202087831,NA,NA,NA
5093,5094,REU.3.1_1,REU.3.1_1,0.00682584844235135,0.357074610162144,0.350248761719793,2024.93537270203,2024.94219855047,NA,NA,NA
5388,5407,REU.3.1_1,REU.3.1_1,0.00340049098425543,0.357075797814878,0.353675306830623,2024.93879924714,2024.94219973812,NA,NA,NA
5681,2669,REU.3.1_1,REU.3.1_1,0.00187751974784311,0.357499010514283,0.355621490766439,2024.94074543107,2024.94262295082,CHIKV_RUN_S12b78_2024,55.366999,-21.260304
5730,5733,REU.3.1_1,REU.3.1_1,0.0129069514479342,0.357794686334081,0.344887734886147,2024.93001167519,2024.94291862664,NA,NA,NA
3356,3357,REU.4.3_1,REU.4.3_1,0.016385438043316,0.359482608190237,0.343097170146921,2024.92822111045,2024.9446065485,NA,NA,NA
4686,4687,REU.4.3_1,REU.4.3_1,0.00290015322966197,0.35948838740504,0.356588234175378,2024.94171217448,2024.94461232771,NA,NA,NA
3250,3251,REU.4.3_1,REU.4.3_1,0.0402608954925529,0.359643903409063,0.31938300791651,2024.90450694822,2024.94476784371,NA,NA,NA
5592,2172,REU.3.1_1,REU.3.1_1,0.067659597821099,0.360231250951409,0.29257165313031,2024.87769559344,2024.94535519126,CHIKV_RUN_S12b63_2024,55.335646,-21.271694
6000,3007,REU.3.1_1,REU.3.1_1,0.0132092911251082,0.360231250951409,0.347021959826301,2024.93214590013,2024.94535519126,CHIKV_RUN_S8b26_2024,55.367536,-21.255162
3921,3977,REU.4.3_1,REU.4.3_1,0.0187831605516313,0.360583190917712,0.341800030366081,2024.92692397067,2024.94570713122,NA,NA,NA
5094,5095,REU.3.1_1,REU.3.1_1,0.00351376169563544,0.36058837185778,0.357074610162144,2024.94219855047,2024.94571231216,NA,NA,NA
3238,3239,REU.3.1_1,REU.3.1_1,0.0370469000327907,0.360829004255773,0.323782104222983,2024.90890604453,2024.94595294456,NA,NA,NA
4619,4620,REU.4.3_1,REU.4.3_1,0.0295051063445928,0.360847670735543,0.33134256439095,2024.9164665047,2024.94597161104,NA,NA,NA
5474,5512,REU.3.1_1,REU.4.8_1,0.0210607743989351,0.361057753748683,0.339996979349748,2024.92512091966,2024.94618169405,NA,NA,NA
5733,5734,REU.3.1_1,REU.3.1_1,0.00426173381396333,0.362056420148044,0.357794686334081,2024.94291862664,2024.94718036045,NA,NA,NA
3245,363,REU.4.3_1,REU.4.8_1,0.110977821437625,0.362963491388535,0.25198566995091,2024.83710961026,2024.94808743169,CHIKV_RUN_S12b54_2024,55.496277,-21.271636
3215,2589,REU.3.1_1,REU.3.1_1,0.0552555802646335,0.362963491388535,0.307707911123901,2024.89283185143,2024.94808743169,CHIKV_RUN_S9b19_2025,55.366333,-21.258894
5640,2241,REU.3.1_1,REU.3.1_1,0.0527303786200599,0.362963491388535,0.310233112768475,2024.89535705307,2024.94808743169,CHIKV_RUN_S8b24_2024,55.365547,-21.258072
5270,2293,REU.3.1_1,REU.3.1_1,0.00997153471704604,0.362963491388535,0.352991956671489,2024.93811589698,2024.94808743169,CHIKV_RUN_S8b25_2024,55.365547,-21.258072
6222,6223,REU.3.1_1,REU.3.1_1,0.0886068102645144,0.363059178686037,0.274452368421522,2024.85957630873,2024.94818311899,NA,NA,NA
3811,3812,REU.4.3_1,REU.4.3_1,0.017852677571722,0.363079113168309,0.345226435596587,2024.9303503759,2024.94820305347,NA,NA,NA
4526,4555,REU.4.4_1,REU.4.4_1,0.0325891093656493,0.363541263311175,0.330952153945526,2024.91607609425,2024.94866520362,NA,NA,NA
3977,3978,REU.4.3_1,REU.4.3_1,0.00367741515662345,0.364260606074336,0.360583190917712,2024.94570713122,2024.94938454638,NA,NA,NA
5882,5914,REU.3.4_1,REU.3.4_1,0.0151932256217983,0.364566689467467,0.349373463845669,2024.93449740415,2024.94969062977,NA,NA,NA
5272,5273,REU.3.1_1,REU.3.1_1,0.0685124956399554,0.364871059449864,0.296358563809909,2024.88148250412,2024.94999499976,NA,NA,NA
3557,3558,REU.4.3_1,REU.4.3_1,0.0108893013531092,0.364902479796269,0.35401317844316,2024.93913711875,2024.9500264201,NA,NA,NA
5554,5555,REU.3.1_1,REU.3.1_1,0.024890802905201,0.365460265761803,0.340569462856602,2024.92569340316,2024.95058420607,NA,NA,NA
5582,5590,REU.3.1_1,REU.3.1_1,0.019992455588883,0.365490043675683,0.3454975880868,2024.93062152839,2024.95061398398,NA,NA,NA
6007,6008,REU.3.1_1,REU.3.1_1,0.0263530188209575,0.365561378885649,0.339208360064691,2024.92433230037,2024.95068531919,NA,NA,NA
6067,2738,REU.3.1_1,REU.3.1_1,0.00970793252483171,0.365695731825661,0.355987799300829,2024.94111173961,2024.95081967213,CHIKV_RUN_S8b29_2024,55.367755,-21.255332
5094,2675,REU.3.1_1,REU.3.1_1,0.00862112166351703,0.365695731825661,0.357074610162144,2024.94219855047,2024.95081967213,CHIKV_RUN_S9b27_2025,55.365944,-21.258234
4220,4223,REU.4.3_1,REU.4.3_1,0.0290443772912128,0.366527733243111,0.337483355951898,2024.92260729626,2024.95165167355,NA,NA,NA
5820,5821,REU.3.1_1,REU.3.1_1,0.0191634106358791,0.368542135390951,0.349378724755072,2024.93450266506,2024.9536660757,NA,NA,NA
4460,4491,REU.4.3_1,REU.4.3_1,0.0122778822616992,0.369174820270268,0.356896938008569,2024.94202087831,2024.95429876058,NA,NA,NA
3357,3429,REU.4.3_1,REU.4.3_1,0.00970077481552056,0.369183383005758,0.359482608190237,2024.9446065485,2024.95430732331,NA,NA,NA
5454,5455,REU.3.1_1,REU.3.1_1,0.125140950214844,0.369184648908467,0.244043698693623,2024.829167639,2024.95430858921,NA,NA,NA
4872,4889,REU.4.5_1,REU.4.5_1,0.015392170395244,0.369430773991205,0.354038603595961,2024.9391625439,2024.9545547143,NA,NA,NA
3887,3888,REU.4.3_1,REU.4.3_1,0.042464316603714,0.369969569902305,0.327505253298591,2024.9126291936,2024.95509351021,NA,NA,NA
6075,6076,REU.3.1_1,REU.4.5_1,0.114985622230282,0.369973594088871,0.254987971858589,2024.84011191216,2024.95509753439,NA,NA,NA
6000,6001,REU.3.1_1,REU.3.1_1,0.0231985013136532,0.370220461139954,0.347021959826301,2024.93214590013,2024.95534440145,NA,NA,NA
5302,5303,REU.3.1_1,REU.4.3_1,0.0325283959211162,0.370355964619352,0.337827568698236,2024.922951509,2024.95547990492,NA,NA,NA
5386,5452,REU.3.1_1,REU.3.1_1,0.0451858426959877,0.370623185941231,0.325437343245243,2024.91056128355,2024.95574712625,NA,NA,NA
4223,4224,REU.4.3_1,REU.4.3_1,0.0041168181935759,0.370644551436687,0.366527733243111,2024.95165167355,2024.95576849174,NA,NA,NA
5818,2292,REU.3.1_1,REU.3.1_1,0.109812210636049,0.371160212700141,0.261348002064092,2024.84647194237,2024.95628415301,CHIKV_RUN_S12b62_2024,55.368633,-21.256765
6226,2240,REU.3.1_1,REU.3.1_1,0.0327366846773927,0.371160212700141,0.338423528022748,2024.92354746833,2024.95628415301,CHIKV_RUN_S8b34_2024,55.360735,-21.261353
3978,1460,REU.4.3_1,REU.4.8_1,0.00689960662580491,0.371160212700141,0.364260606074336,2024.94938454638,2024.95628415301,CHIKV_RUN_S12b53_2024,55.494449,-21.268551
4620,4621,REU.4.3_1,REU.4.3_1,0.010435297491139,0.371282968226682,0.360847670735543,2024.94597161104,2024.95640690853,NA,NA,NA
6008,6011,REU.3.1_1,REU.3.1_1,0.00628114482140663,0.371842523707055,0.365561378885649,2024.95068531919,2024.95696646401,NA,NA,NA
3297,3298,REU.4.3_1,REU.4.3_1,0.04164631298768,0.372069707489168,0.330423394501488,2024.91554733481,2024.95719364779,NA,NA,NA
5407,5408,REU.3.1_1,REU.3.1_1,0.0151255998184712,0.372201397633349,0.357075797814878,2024.94219973812,2024.95732533794,NA,NA,NA
4687,4688,REU.4.3_1,REU.4.3_1,0.0127989872469603,0.372287374652,0.35948838740504,2024.94461232771,2024.95741131496,NA,NA,NA
3978,3979,REU.4.3_1,REU.4.3_1,0.00848179795875825,0.372742404033094,0.364260606074336,2024.94938454638,2024.95786634434,NA,NA,NA
4123,4124,REU.4.3_1,REU.4.3_1,0.0232262030103859,0.372971061296802,0.349744858286416,2024.93486879859,2024.9580950016,NA,NA,NA
5614,5618,REU.3.1_1,REU.3.1_1,0.0498959901665015,0.373306523460764,0.323410533294262,2024.9085344736,2024.95843046377,NA,NA,NA
5883,5885,REU.3.4_1,REU.3.4_1,0.0217113288081386,0.373436818738265,0.351725489930126,2024.93684943024,2024.95856075904,NA,NA,NA
5821,5822,REU.3.1_1,REU.3.1_1,0.00490720651423826,0.37344934190519,0.368542135390951,2024.9536660757,2024.95857328221,NA,NA,NA
3356,3435,REU.4.3_1,REU.4.3_1,0.0306710476180122,0.373768217764933,0.343097170146921,2024.92822111045,2024.95889215807,NA,NA,NA
5458,2549,REU.3.1_1,REU.3.1_1,0.0287386028169864,0.373892453137267,0.345153850320281,2024.93027779063,2024.95901639344,CHIKV_RUN_S12b14_2025,55.36634,-21.257965
3873,1480,REU.4.3_1,REU.4.3_1,0.0179252675546808,0.373892453137267,0.355967185582586,2024.94109112589,2024.95901639344,CHIKV_RUN_S8b54_2024,55.507856,-21.286776
5452,5453,REU.3.1_1,REU.3.1_1,0.00331247296535486,0.373935658906586,0.370623185941231,2024.95574712625,2024.95905959921,NA,NA,NA
5199,5200,REU.3.1_1,REU.3.1_1,0.0357191670702668,0.374465575699489,0.338746408629222,2024.92387034893,2024.959589516,NA,NA,NA
3227,3228,REU.3.1_1,REU.3.1_1,0.0910636287165488,0.3754062672726,0.284342638556051,2024.86946657886,2024.96053020758,NA,NA,NA
3571,3682,REU.4.3_1,REU.4.8_1,0.0697373945981548,0.375724354345766,0.305986959747611,2024.89111090005,2024.96084829465,NA,NA,NA
5914,5915,REU.3.4_1,REU.2.3_1,0.0114981524511674,0.376064841918635,0.364566689467467,2024.94969062977,2024.96118878222,NA,NA,NA
3197,3203,REU.3.1_1,REU.3.1_1,0.0342666049117657,0.376271374576786,0.34200476966502,2024.92712870997,2024.96139531488,NA,NA,NA
4223,4288,REU.4.3_1,REU.4.3_1,0.00998596374733429,0.376513696990445,0.366527733243111,2024.95165167355,2024.9616376373,NA,NA,NA
5015,2205,REU.3.1_1,REU.3.1_1,0.073359259336813,0.376624693574393,0.30326543423758,2024.88838937454,2024.96174863388,CHIKV_RUN_S12b20_2025,55.365206,-21.258791
6226,2239,REU.3.1_1,REU.3.1_1,0.038201165551645,0.376624693574393,0.338423528022748,2024.92354746833,2024.96174863388,CHIKV_RUN_S9b49_2025,55.363511,-21.258699
5093,3087,REU.3.1_1,REU.3.1_1,0.0263759318546004,0.376624693574393,0.350248761719793,2024.93537270203,2024.96174863388,CHIKV_RUN_S9b50_2025,55.367266,-21.257385
5270,2004,REU.3.1_1,REU.3.1_1,0.0236327369029042,0.376624693574393,0.352991956671489,2024.93811589698,2024.96174863388,CHIKV_RUN_S9b42_2025,55.368633,-21.256765
6067,2150,REU.3.1_1,REU.3.1_1,0.0206368942735637,0.376624693574393,0.355987799300829,2024.94111173961,2024.96174863388,CHIKV_RUN_S12b15_2025,55.365944,-21.258234
5555,2790,REU.3.1_1,REU.3.1_1,0.0111644278125904,0.376624693574393,0.365460265761803,2024.95058420607,2024.96174863388,CHIKV_RUN_S9b46_2025,55.367704,-21.256858
5455,2737,REU.3.1_1,REU.3.1_1,0.00744004466592618,0.376624693574393,0.369184648908467,2024.95430858921,2024.96174863388,CHIKV_RUN_S9b28_2025,55.366973,-21.260719
3682,1361,REU.4.8_1,REU.1.3_1,0.000900339228626978,0.376624693574393,0.375724354345766,2024.96084829465,2024.96174863388,CHIKV_RUN_S12b21_2025,55.65664,-20.958424
3979,3991,REU.4.3_1,REU.4.3_1,0.00409147724398928,0.376833881277083,0.372742404033094,2024.95786634434,2024.96195782158,NA,NA,NA
3572,3573,REU.4.3_1,REU.4.8_1,0.0386374584845232,0.377048236411489,0.338410777926966,2024.92353471823,2024.96217217672,NA,NA,NA
5681,5682,REU.3.1_1,REU.3.1_1,0.0216253374076866,0.377246828174126,0.355621490766439,2024.94074543107,2024.96237076848,NA,NA,NA
5200,5201,REU.3.1_1,REU.3.1_1,0.00282035188859653,0.377285927588085,0.374465575699489,2024.959589516,2024.96240986789,NA,NA,NA
5807,5808,REU.3.1_1,REU.3.1_1,0.0498949145219166,0.377423384936991,0.327528470415075,2024.91265241072,2024.96254732524,NA,NA,NA
5700,5701,REU.3.1_1,REU.3.1_1,0.0468552891734257,0.377666545844827,0.330811256671401,2024.91593519698,2024.96279048615,NA,NA,NA
3435,3462,REU.4.3_1,REU.4.3_1,0.00421735175293148,0.377985569517865,0.373768217764933,2024.95889215807,2024.96310950982,NA,NA,NA
3812,3813,REU.4.3_1,REU.4.3_1,0.0151277298645327,0.378206843032841,0.363079113168309,2024.94820305347,2024.96333078334,NA,NA,NA
5737,5738,REU.3.1_1,REU.2.5_1,0.0268588364200469,0.378418586217457,0.35155974979741,2024.9366836901,2024.96354252652,NA,NA,NA
6006,6018,REU.3.1_1,REU.3.1_1,0.0458472796127001,0.378520852052303,0.332673572439603,2024.91779751274,2024.96364479236,NA,NA,NA
3813,3814,REU.4.3_1,REU.4.3_1,0.0005325570191278,0.378739400051969,0.378206843032841,2024.96333078334,2024.96386334036,NA,NA,NA
5641,5642,REU.3.1_1,REU.3.1_1,0.0545668933831621,0.378757844937074,0.324190951553911,2024.90931489186,2024.96388178524,NA,NA,NA
3809,1754,REU.4.3_1,REU.4.3_1,0.0961159691140628,0.379356934011519,0.283240964897456,2024.8683649052,2024.96448087432,CHIKV_RUN_S8b68_2024,55.521081,-21.28097
4122,1034,REU.4.3_1,REU.4.3_1,0.0490181476916739,0.379356934011519,0.330338786319845,2024.91546272663,2024.96448087432,CHIKV_RUN_S8b43_2024,55.562342,-21.222214
3814,1459,REU.4.3_1,REU.4.3_1,0.000617533959549998,0.379356934011519,0.378739400051969,2024.96386334036,2024.96448087432,CHIKV_RUN_S8b91_2025,55.507853,-21.286538
5303,5327,REU.4.3_1,REU.4.3_1,0.00940893034328605,0.379764894962638,0.370355964619352,2024.95547990492,2024.96488883527,NA,NA,NA
5054,5055,REU.3.1_1,REU.3.1_1,0.049367124070587,0.37982137222974,0.330454248159153,2024.91557818846,2024.96494531254,NA,NA,NA
4491,4492,REU.4.3_1,REU.4.3_1,0.0107006654230324,0.379875485693301,0.369174820270268,2024.95429876058,2024.964999426,NA,NA,NA
3435,3436,REU.4.3_1,REU.4.3_1,0.00630295786992796,0.380071175634861,0.373768217764933,2024.95889215807,2024.96519511594,NA,NA,NA
5273,5274,REU.3.1_1,REU.4.3_1,0.0152735356170808,0.380144595066945,0.364871059449864,2024.94999499976,2024.96526853537,NA,NA,NA
4688,4747,REU.4.3_1,REU.4.3_1,0.008186596265219,0.380473970917219,0.372287374652,2024.95741131496,2024.96559791122,NA,NA,NA
3263,3264,REU.4.3_1,REU.4.3_1,0.0556949847491914,0.380572089536633,0.324877104787442,2024.91000104509,2024.96569602984,NA,NA,NA
4224,4272,REU.4.3_1,REU.4.3_1,0.0103503947553659,0.380994946192053,0.370644551436687,2024.95576849174,2024.9661188865,NA,NA,NA
5730,5731,REU.3.1_1,REU.3.4_1,0.0363917663352635,0.38127950122141,0.344887734886147,2024.93001167519,2024.96640344153,NA,NA,NA
5407,5417,REU.3.1_1,REU.3.1_1,0.024253838565618,0.381329636380496,0.357075797814878,2024.94219973812,2024.96645357669,NA,NA,NA
3197,3198,REU.3.1_1,REU.3.1_1,0.0395858352548887,0.381590604919909,0.34200476966502,2024.92712870997,2024.96671454523,NA,NA,NA
5582,5583,REU.3.1_1,REU.3.1_1,0.0362112369752894,0.381708825062089,0.3454975880868,2024.93062152839,2024.96683276537,NA,NA,NA
5453,3020,REU.3.1_1,REU.3.1_1,0.00815351554205979,0.382089174448645,0.373935658906586,2024.95905959921,2024.96721311475,CHIKV_RUN_S12b11_2025,55.362512,-21.256727
5327,5328,REU.4.3_1,REU.4.3_1,0.00272587616420383,0.382490771126842,0.379764894962638,2024.96488883527,2024.96761471143,NA,NA,NA
5095,5096,REU.3.1_1,REU.3.1_1,0.0219244558907712,0.382512827748551,0.36058837185778,2024.94571231216,2024.96763676805,NA,NA,NA
3264,3265,REU.4.3_1,REU.4.3_1,0.00325752409730906,0.383829613633943,0.380572089536633,2024.96569602984,2024.96895355394,NA,NA,NA
5096,5097,REU.3.1_1,REU.3.1_1,0.00143762021338467,0.383950447961935,0.382512827748551,2024.96763676805,2024.96907438827,NA,NA,NA
5303,5304,REU.4.3_1,REU.4.3_1,0.0138077966974499,0.384163761316802,0.370355964619352,2024.95547990492,2024.96928770162,NA,NA,NA
6076,6077,REU.4.5_1,REU.4.5_1,0.0145206170717339,0.384494211160605,0.369973594088871,2024.95509753439,2024.96961815147,NA,NA,NA
5682,2550,REU.3.1_1,REU.3.1_1,0.00757458671164557,0.384821414885772,0.377246828174126,2024.96237076848,2024.96994535519,CHIKV_RUN_S12b22_2025,55.366468,-21.260281
3814,3815,REU.4.3_1,REU.4.3_1,0.00654612875342708,0.385285528805396,0.378739400051969,2024.96386334036,2024.97040946911,NA,NA,NA
5581,5591,REU.3.1_1,REU.3.1_1,0.0562118397143736,0.385362605357064,0.32915076564269,2024.91427470595,2024.97048654566,NA,NA,NA
5512,5513,REU.4.8_1,REU.4.8_1,0.0247422159350269,0.38579996968371,0.361057753748683,2024.94618169405,2024.97092390999,NA,NA,NA
3573,3574,REU.4.8_1,REU.4.8_1,0.00900126580294547,0.386049502214434,0.377048236411489,2024.96217217672,2024.97117344252,NA,NA,NA
5201,5215,REU.3.1_1,REU.3.1_1,0.00895285532596368,0.386238782914049,0.377285927588085,2024.96240986789,2024.97136272322,NA,NA,NA
4685,4815,REU.4.3_1,REU.4.3_1,0.0333748015731682,0.38645249538943,0.353077693816261,2024.93820163412,2024.97157643569,NA,NA,NA
4288,4294,REU.4.3_1,REU.4.3_1,0.0100289744593515,0.386542671449797,0.376513696990445,2024.9616376373,2024.97166661176,NA,NA,NA
4954,4992,REU.3.1_1,REU.3.1_1,0.0783656910996828,0.386549190783699,0.308183499684016,2024.89330743999,2024.97167313109,NA,NA,NA
4220,4221,REU.4.3_1,REU.4.3_1,0.0494703916053147,0.386953747557213,0.337483355951898,2024.92260729626,2024.97207768786,NA,NA,NA
3572,3626,REU.4.3_1,REU.4.3_1,0.0486335502952103,0.387044328222176,0.338410777926966,2024.92353471823,2024.97216826853,NA,NA,NA
6172,6184,REU.3.1_1,REU.3.1_1,0.0582955346064084,0.388245949196489,0.329950414590081,2024.9150743549,2024.9733698895,NA,NA,NA
4621,4630,REU.4.3_1,REU.4.8_1,0.0174390079571433,0.388721976183825,0.371282968226682,2024.95640690853,2024.97384591649,NA,NA,NA
4492,4500,REU.4.3_1,REU.4.3_1,0.00897386137890743,0.388849347072208,0.379875485693301,2024.964999426,2024.97397328738,NA,NA,NA
3682,3683,REU.4.8_1,REU.4.8_1,0.013306735663797,0.389031090009563,0.375724354345766,2024.96084829465,2024.97415503031,NA,NA,NA
5915,5916,REU.2.3_1,REU.2.3_1,0.0131029798525192,0.389167821771154,0.376064841918635,2024.96118878222,2024.97429176208,NA,NA,NA
4955,4991,REU.3.1_1,REU.3.1_1,0.0480248788138373,0.389536253487344,0.341511374673507,2024.92663531498,2024.97466019379,NA,NA,NA
5618,5619,REU.3.1_1,REU.3.1_1,0.0163313044130958,0.38963782787386,0.373306523460764,2024.95843046377,2024.97476176818,NA,NA,NA
3116,3117,REU.3.1_1,REU.3.4_1,0.175568913175887,0.389660068719869,0.214091155543982,2024.79921509585,2024.97478400903,NA,NA,NA
5095,5141,REU.3.1_1,REU.3.1_1,0.0293267265942307,0.38991509845201,0.36058837185778,2024.94571231216,2024.97503903876,NA,NA,NA
5056,5057,REU.3.1_1,REU.3.1_1,0.0552034284807486,0.390137755860509,0.33493432737976,2024.92005826769,2024.97526169617,NA,NA,NA
5820,2397,REU.3.1_1,REU.3.1_1,0.0409071710051789,0.390285895760251,0.349378724755072,2024.93450266506,2024.97540983607,CHIKV_RUN_S8b75_2025,55.366258,-21.259718
6223,1999,REU.3.1_1,REU.3.1_1,0.0272267170742145,0.390285895760251,0.363059178686037,2024.94818311899,2024.97540983607,CHIKV_RUN_S12b28_2025,55.366778,-21.260717
4123,4176,REU.4.3_1,REU.4.3_1,0.0406423338472288,0.390387192133645,0.349744858286416,2024.93486879859,2024.97551113244,NA,NA,NA
3921,3922,REU.4.3_1,REU.4.3_1,0.050533689432303,0.392333719798384,0.341800030366081,2024.92692397067,2024.9774576601,NA,NA,NA
5301,1770,REU.3.1_1,REU.3.1_1,0.056295609665215,0.393018136197377,0.336722526532163,2024.92184646684,2024.9781420765,CHIKV_RUN_S12b13_2025,55.366971,-21.25879
3557,1030,REU.4.3_1,REU.4.3_1,0.0390049577542175,0.393018136197377,0.35401317844316,2024.93913711875,2024.9781420765,CHIKV_RUN_S12b67_2024,55.495944,-21.267947
5453,2197,REU.3.1_1,REU.3.1_1,0.0190824772907918,0.393018136197377,0.373935658906586,2024.95905959921,2024.9781420765,CHIKV_RUN_S9b56_2025,55.367755,-21.255332
5637,5761,REU.3.1_1,REU.3.1_1,0.123371916946216,0.393027162300197,0.269655245353981,2024.85477918566,2024.97815110261,NA,NA,NA
3683,3684,REU.4.8_1,REU.4.8_1,0.00409578925507537,0.393126879264639,0.389031090009563,2024.97415503031,2024.97825081957,NA,NA,NA
5883,5884,REU.3.4_1,REU.3.4_1,0.0414108265017548,0.393136316431881,0.351725489930126,2024.93684943024,2024.97826025674,NA,NA,NA
3490,3510,REU.4.3_1,REU.4.3_1,0.0384920808460023,0.393820590246346,0.355328509400344,2024.94045244971,2024.97894453055,NA,NA,NA
3298,3330,REU.4.3_1,REU.4.3_1,0.0222322488683971,0.394301956357565,0.372069707489168,2024.95719364779,2024.97942589666,NA,NA,NA
4314,4315,REU.4.3_1,REU.4.3_1,0.0485622516966692,0.394406334256779,0.345844082560109,2024.93096802287,2024.97953027456,NA,NA,NA
3890,3891,REU.4.3_1,REU.4.3_1,0.060619181043225,0.394555611483804,0.333936430440579,2024.91906037075,2024.97967955179,NA,NA,NA
3436,3437,REU.4.3_1,REU.4.3_1,0.0145867683244281,0.394657943959289,0.380071175634861,2024.96519511594,2024.97978188426,NA,NA,NA
4747,4748,REU.4.3_1,REU.4.3_1,0.0142570196374162,0.394730990554636,0.380473970917219,2024.96559791122,2024.97985493086,NA,NA,NA
4527,4528,REU.4.4_1,REU.4.4_1,0.0411117614576543,0.394756362088681,0.353644600631027,2024.93876854094,2024.97988030239,NA,NA,NA
5556,5557,REU.3.1_1,REU.3.1_1,0.0397837279783593,0.394851233926242,0.355067505947883,2024.94019144625,2024.97997517423,NA,NA,NA
4555,4556,REU.4.4_1,REU.4.4_1,0.0317620476041031,0.395303310915278,0.363541263311175,2024.94866520362,2024.98042725122,NA,NA,NA
3574,3582,REU.4.8_1,REU.4.8_1,0.00938850798403179,0.395438010198466,0.386049502214434,2024.97117344252,2024.9805619505,NA,NA,NA
5615,5616,REU.3.1_1,REU.3.1_1,0.0522998442268522,0.395879448120477,0.343579603893625,2024.9287035442,2024.98100338843,NA,NA,NA
3462,3463,REU.4.3_1,REU.4.3_1,0.0179033929234392,0.395888962441304,0.377985569517865,2024.96310950982,2024.98101290275,NA,NA,NA
4346,4347,REU.4.3_1,REU.4.3_1,0.0425678588075437,0.39619072817616,0.353622869368617,2024.93874680967,2024.98131466848,NA,NA,NA
3582,3583,REU.4.8_1,REU.4.8_1,0.000767874415722347,0.396205884614188,0.395438010198466,2024.9805619505,2024.98132982492,NA,NA,NA
3570,3728,REU.4.3_1,REU.3.5_1,0.103460899268758,0.396243831649117,0.292782932380359,2024.87790687269,2024.98136777195,NA,NA,NA
4124,4157,REU.4.3_1,REU.4.3_1,0.0236246580460172,0.396595719342819,0.372971061296802,2024.9580950016,2024.98171965965,NA,NA,NA
3265,3266,REU.4.3_1,REU.4.3_1,0.013706900500606,0.397536514134548,0.383829613633943,2024.96895355394,2024.98266045444,NA,NA,NA
3574,3575,REU.4.8_1,REU.4.8_1,0.0115814199694001,0.397630922183834,0.386049502214434,2024.97117344252,2024.98275486249,NA,NA,NA
4815,4816,REU.4.3_1,REU.4.3_1,0.011302603875901,0.39775509926533,0.38645249538943,2024.97157643569,2024.98287903957,NA,NA,NA
5636,5785,REU.3.1_1,REU.4.8_1,0.17327816566679,0.398235718053584,0.224957552386794,2024.81008149269,2024.98335965836,NA,NA,NA
3298,3299,REU.4.3_1,REU.4.3_1,0.0261821678209778,0.398251875310145,0.372069707489168,2024.95719364779,2024.98337581562,NA,NA,NA
4092,4093,REU.4.3_1,REU.4.3_1,0.0965865154117588,0.398347098331162,0.301760582919403,2024.88688452322,2024.98347103864,NA,NA,NA
5302,2700,REU.3.1_1,REU.3.1_1,0.060655048373394,0.39848261707163,0.337827568698236,2024.922951509,2024.98360655738,CHIKV_RUN_S9b21_2025,55.368293,-21.260142
4620,1351,REU.4.3_1,REU.4.8_1,0.0376349463360869,0.39848261707163,0.360847670735543,2024.94597161104,2024.98360655738,CHIKV_RUN_S9b34_2025,55.474916,-21.333905
6223,1998,REU.3.1_1,REU.3.1_1,0.035423438385593,0.39848261707163,0.363059178686037,2024.94818311899,2024.98360655738,CHIKV_RUN_S9b23_2025,55.367444,-21.261771
5555,1813,REU.3.1_1,REU.3.1_1,0.0330223513098271,0.39848261707163,0.365460265761803,2024.95058420607,2024.98360655738,CHIKV_RUN_S9b20_2025,55.364644,-21.257538
5590,1872,REU.3.1_1,REU.3.1_1,0.0329925733959469,0.39848261707163,0.365490043675683,2024.95061398398,2024.98360655738,CHIKV_RUN_S9b47_2025,55.367704,-21.256858
5455,2018,REU.3.1_1,REU.3.1_1,0.0292979681631629,0.39848261707163,0.369184648908467,2024.95430858921,2024.98360655738,CHIKV_RUN_S12b18_2025,55.367335,-21.259965
6001,2964,REU.3.1_1,REU.3.1_1,0.028262155931676,0.39848261707163,0.370220461139954,2024.95534440145,2024.98360655738,CHIKV_RUN_S9b24_2025,55.367755,-21.255332
5822,2705,REU.3.1_1,REU.3.1_1,0.02503327516644,0.39848261707163,0.37344934190519,2024.95857328221,2024.98360655738,CHIKV_RUN_S9b22_2025,55.366258,-21.259718
5055,1855,REU.3.1_1,REU.3.1_1,0.0186612448418894,0.39848261707163,0.37982137222974,2024.96494531254,2024.98360655738,CHIKV_RUN_S8b77_2025,55.367906,-21.259218
4448,4449,REU.4.3_1,REU.4.3_1,0.0811525276861429,0.398642760469683,0.31749023278354,2024.90261417309,2024.98376670078,NA,NA,NA
4224,4225,REU.4.3_1,REU.4.3_1,0.0283259570233764,0.398970508460063,0.370644551436687,2024.95576849174,2024.98409444877,NA,NA,NA
3763,3764,REU.4.3_1,REU.4.3_1,0.0992662272567804,0.39901018032092,0.299743953064139,2024.88486789337,2024.98413412063,NA,NA,NA
5304,5305,REU.4.3_1,REU.4.3_1,0.0148716837495062,0.399035445066308,0.384163761316802,2024.96928770162,2024.98415938537,NA,NA,NA
4905,4906,REU.4.5_1,REU.4.5_1,0.0968103566499047,0.399493363742232,0.302683007092328,2024.8878069474,2024.98461730405,NA,NA,NA
5097,5098,REU.3.1_1,REU.3.1_1,0.0157566972823959,0.399707145244331,0.383950447961935,2024.96907438827,2024.98483108555,NA,NA,NA
5215,5216,REU.3.1_1,REU.3.1_1,0.0137287892593322,0.399967572173381,0.386238782914049,2024.97136272322,2024.98509151248,NA,NA,NA
3813,3823,REU.4.3_1,REU.4.3_1,0.0220837146149537,0.400290557647795,0.378206843032841,2024.96333078334,2024.98541449795,NA,NA,NA
5098,5122,REU.3.1_1,REU.3.1_1,0.000644090656915286,0.400351235901247,0.399707145244331,2024.98483108555,2024.98547517621,NA,NA,NA
3228,3229,REU.3.1_1,REU.3.1_1,0.0250864762575869,0.400492743530186,0.3754062672726,2024.96053020758,2024.98561668384,NA,NA,NA
3812,3833,REU.4.3_1,REU.4.3_1,0.0375108329358332,0.400589946104142,0.363079113168309,2024.94820305347,2024.98571388641,NA,NA,NA
4889,4892,REU.4.5_1,REU.4.5_1,0.0315323339961323,0.400963107987338,0.369430773991205,2024.9545547143,2024.98608704829,NA,NA,NA
5092,5176,REU.3.1_1,REU.3.4_1,0.0819024778953751,0.401073340883563,0.319170862988187,2024.90429480329,2024.98619728119,NA,NA,NA
5348,5357,REU.3.1_1,REU.4.3_1,0.0807157347275702,0.401199218322954,0.320483483595383,2024.9056074239,2024.98632315863,NA,NA,NA
5300,1884,REU.3.1_1,REU.3.1_1,0.076456276438512,0.401214857508756,0.324758581070244,2024.90988252138,2024.98633879781,CHIKV_RUN_S12b29_2025,55.3668,-21.2598
4122,1360,REU.4.3_1,REU.4.8_1,0.0708760711889106,0.401214857508756,0.330338786319845,2024.91546272663,2024.98633879781,CHIKV_RUN_S8b46_2024,55.494515,-21.268085
3811,1169,REU.4.3_1,REU.4.3_1,0.0559884219121692,0.401214857508756,0.345226435596587,2024.9303503759,2024.98633879781,CHIKV_RUN_S8b88_2025,55.531014,-21.256219
5273,1819,REU.3.1_1,REU.3.1_1,0.0363437980588918,0.401214857508756,0.364871059449864,2024.94999499976,2024.98633879781,CHIKV_RUN_S12b31_2025,55.370469,-21.279948
5590,2619,REU.3.1_1,REU.3.1_1,0.035724813833073,0.401214857508756,0.365490043675683,2024.95061398398,2024.98633879781,CHIKV_RUN_S12b25_2025,55.368106,-21.256429
3436,588,REU.4.3_1,REU.4.3_1,0.0211436818738948,0.401214857508756,0.380071175634861,2024.96519511594,2024.98633879781,CHIKV_RUN_S8b82_2025,55.521211,-21.284099
5591,2398,REU.3.1_1,REU.3.1_1,0.0158522521516918,0.401214857508756,0.385362605357064,2024.97048654566,2024.98633879781,CHIKV_RUN_S8b41_2024,55.366671,-21.258766
4500,1443,REU.4.3_1,REU.4.8_1,0.012365510436548,0.401214857508756,0.388849347072208,2024.97397328738,2024.98633879781,CHIKV_RUN_S8b45_2024,55.484767,-21.341844
5785,2548,REU.4.8_1,REU.1.3_1,0.0029791394551717,0.401214857508756,0.398235718053584,2024.98335965836,2024.98633879781,CHIKV_RUN_S8b79_2025,55.673705,-20.951418
5122,1854,REU.3.1_1,REU.3.1_1,0.000863621607509413,0.401214857508756,0.400351235901247,2024.98547517621,2024.98633879781,CHIKV_RUN_S12b26_2025,55.36449,-21.257887
3991,4009,REU.4.3_1,REU.4.3_1,0.02441475886355,0.401248640140633,0.376833881277083,2024.96195782158,2024.98637258045,NA,NA,NA
3117,3118,REU.3.4_1,REU.3.4_1,0.0119526620055666,0.401612730725436,0.389660068719869,2024.97478400903,2024.98673667103,NA,NA,NA
5822,5823,REU.3.1_1,REU.3.1_1,0.0281768606832757,0.401626202588465,0.37344934190519,2024.95857328221,2024.98675014289,NA,NA,NA
4955,4956,REU.3.1_1,REU.3.1_1,0.0603624946357134,0.40187386930922,0.341511374673507,2024.92663531498,2024.98699780961,NA,NA,NA
5328,5345,REU.4.3_1,REU.4.3_1,0.0195142315180715,0.402005002644913,0.382490771126842,2024.96761471143,2024.98712894295,NA,NA,NA
3888,3889,REU.4.3_1,REU.4.3_1,0.0320757311719858,0.402045301074291,0.369969569902305,2024.95509351021,2024.98716924138,NA,NA,NA
5141,5167,REU.3.1_1,REU.3.1_1,0.0121595629813853,0.402074661433396,0.38991509845201,2024.97503903876,2024.98719860174,NA,NA,NA
3626,3627,REU.4.3_1,REU.4.3_1,0.0153288051383905,0.402373133360567,0.387044328222176,2024.97216826853,2024.98749707367,NA,NA,NA
5216,5234,REU.3.1_1,REU.3.1_1,0.00251788163836852,0.40248545381175,0.399967572173381,2024.98509151248,2024.98760939412,NA,NA,NA
4009,4010,REU.4.3_1,REU.4.3_1,0.00124018923554159,0.402488829376175,0.401248640140633,2024.98637258045,2024.98761276968,NA,NA,NA
6018,6030,REU.3.1_1,REU.3.1_1,0.0241704292366326,0.402691281288936,0.378520852052303,2024.96364479236,2024.98781522159,NA,NA,NA
5304,5306,REU.4.3_1,REU.4.3_1,0.0185373888793755,0.402701150196177,0.384163761316802,2024.96928770162,2024.9878250905,NA,NA,NA
3815,3817,REU.4.3_1,REU.4.3_1,0.0174695743750761,0.402755103180472,0.385285528805396,2024.97040946911,2024.98787904349,NA,NA,NA
3229,3230,REU.3.1_1,REU.3.1_1,0.00233277982355939,0.402825523353746,0.400492743530186,2024.98561668384,2024.98794946366,NA,NA,NA
4527,4548,REU.4.4_1,REU.4.4_1,0.0495353406529694,0.403179941283996,0.353644600631027,2024.93876854094,2024.98830388159,NA,NA,NA
3922,3958,REU.4.3_1,REU.4.3_1,0.0111278127107799,0.403461532509164,0.392333719798384,2024.9774576601,2024.98858547281,NA,NA,NA
4687,4799,REU.4.3_1,REU.4.3_1,0.0442947785343067,0.403783165939347,0.35948838740504,2024.94461232771,2024.98890710624,NA,NA,NA
5167,5172,REU.3.1_1,REU.3.1_1,0.0018099802054129,0.403884641638808,0.402074661433396,2024.98719860174,2024.98900858194,NA,NA,NA
3251,1544,REU.4.3_1,REU.1.3_1,0.044303194536819,0.403947097945882,0.359643903409063,2024.94476784371,2024.98907103825,CHIKV_RUN_S8b87_2025,55.656723,-20.957975
5452,3093,REU.3.1_1,REU.4.8_1,0.0333239120046513,0.403947097945882,0.370623185941231,2024.95574712625,2024.98907103825,CHIKV_RUN_S9b57_2025,55.479401,-21.33674
5618,2754,REU.3.1_1,REU.3.1_1,0.0306405744851184,0.403947097945882,0.373306523460764,2024.95843046377,2024.98907103825,CHIKV_RUN_S8b90_2025,55.367343,-21.259531
5215,2379,REU.3.1_1,REU.3.4_1,0.0177083150318333,0.403947097945882,0.386238782914049,2024.97136272322,2024.98907103825,CHIKV_RUN_S9b26_2025,55.297344,-21.157499
4991,62,REU.3.1_1,REU.3.5_1,0.014410844458538,0.403947097945882,0.389536253487344,2024.97466019379,2024.98907103825,CHIKV_RUN_S8b89_2025,55.239684,-21.09315
4449,1070,REU.4.3_1,REU.4.3_1,0.00530433747619907,0.403947097945882,0.398642760469683,2024.98376670078,2024.98907103825,CHIKV_RUN_S8b86_2025,55.508302,-21.286593
4460,4461,REU.4.3_1,REU.4.3_1,0.0472783170943027,0.404175255102872,0.356896938008569,2024.94202087831,2024.98929919541,NA,NA,NA
4315,4316,REU.4.3_1,REU.4.3_1,0.0106724613920507,0.405078795648829,0.394406334256779,2024.97953027456,2024.99020273595,NA,NA,NA
5357,5360,REU.4.3_1,REU.4.3_1,0.00388780782397868,0.405087026146932,0.401199218322954,2024.98632315863,2024.99021096645,NA,NA,NA
4816,4839,REU.4.3_1,REU.4.3_1,0.007512158463854,0.405267257729184,0.39775509926533,2024.98287903957,2024.99039119803,NA,NA,NA
4906,4907,REU.4.5_1,REU.4.5_1,0.00686790130674064,0.406361265048973,0.399493363742232,2024.98461730405,2024.99148520535,NA,NA,NA
3763,3774,REU.4.3_1,REU.4.3_1,0.106636185713617,0.406380138777756,0.299743953064139,2024.88486789337,2024.99150407908,NA,NA,NA
4630,4631,REU.4.8_1,REU.4.8_1,0.0178110352236219,0.406533011407447,0.388721976183825,2024.97384591649,2024.99165695171,NA,NA,NA
5642,5644,REU.3.1_1,REU.4.3_1,0.0280057184599586,0.406763563397032,0.378757844937074,2024.96388178524,2024.9918875037,NA,NA,NA
4956,4961,REU.3.1_1,REU.3.1_1,0.00507313825016398,0.406947007559384,0.40187386930922,2024.98699780961,2024.99207094786,NA,NA,NA
3922,3923,REU.4.3_1,REU.4.3_1,0.0152876867247864,0.40762140652317,0.392333719798384,2024.9774576601,2024.99274534683,NA,NA,NA
3357,3358,REU.4.3_1,REU.4.3_1,0.0481511602388388,0.407633768429076,0.359482608190237,2024.9446065485,2024.99275770873,NA,NA,NA
4176,4181,REU.4.3_1,REU.4.3_1,0.0174968519135502,0.407884044047195,0.390387192133645,2024.97551113244,2024.99300798435,NA,NA,NA
4461,4462,REU.4.3_1,REU.4.3_1,0.00384616107284441,0.408021416175716,0.404175255102872,2024.98929919541,2024.99314535648,NA,NA,NA
5733,5735,REU.3.1_1,REU.3.1_1,0.0506522427965046,0.408446929130585,0.357794686334081,2024.94291862664,2024.99357086944,NA,NA,NA
5616,5617,REU.3.1_1,REU.3.1_1,0.0125796093717566,0.408459057492234,0.395879448120477,2024.98100338843,2024.9935829978,NA,NA,NA
5360,5363,REU.4.3_1,REU.4.3_1,0.00356177211787467,0.408648798264807,0.405087026146932,2024.99021096645,2024.99377273857,NA,NA,NA
4688,4689,REU.4.3_1,REU.2.3_1,0.0368195079735115,0.409106882625512,0.372287374652,2024.95741131496,2024.99423082293,NA,NA,NA
6171,6215,REU.3.1_1,REU.3.1_1,0.117657731069933,0.409119856313073,0.291462125243141,2024.87658606555,2024.99424379662,NA,NA,NA
3490,3491,REU.4.3_1,REU.4.3_1,0.053844793228398,0.409173302628742,0.355328509400344,2024.94045244971,2024.99429724293,NA,NA,NA
4009,896,REU.4.3_1,REU.4.8_1,0.00816293867972839,0.409411578820362,0.401248640140633,2024.98637258045,2024.99453551913,CHIKV_RUN_S8b92_2025,55.494703,-21.268366
4839,608,REU.4.3_1,REU.4.3_1,0.00414432109117735,0.409411578820362,0.405267257729184,2024.99039119803,2024.99453551913,CHIKV_RUN_S8b84_2025,55.499751,-21.239745
3923,3943,REU.4.3_1,REU.4.3_1,0.0019919916695168,0.409613398192687,0.40762140652317,2024.99274534683,2024.9947373385,NA,NA,NA
5583,5584,REU.3.1_1,REU.3.1_1,0.0281135723153813,0.409822397377471,0.381708825062089,2024.96683276537,2024.99494633768,NA,NA,NA
5474,5475,REU.3.1_1,REU.3.1_1,0.0698774470640207,0.409874426413769,0.339996979349748,2024.92512091966,2024.99499836672,NA,NA,NA
3429,3434,REU.4.3_1,REU.4.3_1,0.0411261946150977,0.410309577620855,0.369183383005758,2024.95430732331,2024.99543351793,NA,NA,NA
5017,5018,REU.3.1_1,REU.3.1_1,0.0759197702912867,0.410326092341624,0.334406322050337,2024.91953026236,2024.99545003265,NA,NA,NA
4631,4632,REU.4.8_1,REU.4.8_1,0.00399453679600559,0.410527548203453,0.406533011407447,2024.99165695171,2024.99565148851,NA,NA,NA
5018,5019,REU.3.1_1,REU.3.1_1,0.00025975740519113,0.410585849746815,0.410326092341624,2024.99545003265,2024.99570979005,NA,NA,NA
3117,3160,REU.3.4_1,REU.3.4_1,0.0214101744192093,0.411070243139078,0.389660068719869,2024.97478400903,2024.99619418344,NA,NA,NA
5513,5514,REU.4.8_1,REU.4.8_1,0.0252822278357866,0.411082197519496,0.38579996968371,2024.97092390999,2024.99620613782,NA,NA,NA
4181,4191,REU.4.3_1,REU.4.3_1,0.00391719844380334,0.411801242490999,0.407884044047195,2024.99300798435,2024.9969251828,NA,NA,NA
4961,4962,REU.3.1_1,REU.3.1_1,0.00491526020392541,0.41186226776331,0.406947007559384,2024.99207094786,2024.99698620807,NA,NA,NA
4288,4289,REU.4.3_1,REU.4.3_1,0.0354272437240396,0.411940940714485,0.376513696990445,2024.9616376373,2024.99706488102,NA,NA,NA
3203,3212,REU.3.1_1,REU.3.1_1,0.0359860361816858,0.412257410758472,0.376271374576786,2024.96139531488,2024.99738135106,NA,NA,NA
3462,3484,REU.4.3_1,REU.4.3_1,0.0345108260484064,0.412496395566271,0.377985569517865,2024.96310950982,2024.99762033587,NA,NA,NA
5475,5486,REU.3.1_1,REU.3.1_1,0.00301234877545631,0.412886775189225,0.409874426413769,2024.99499836672,2024.99801071549,NA,NA,NA
3358,3359,REU.4.3_1,REU.4.3_1,0.00553178022544853,0.413165548654524,0.407633768429076,2024.99275770873,2024.99828948896,NA,NA,NA
5583,5587,REU.3.1_1,REU.3.1_1,0.0319921186297508,0.41370094369184,0.381708825062089,2024.96683276537,2024.998824884,NA,NA,NA
3582,3587,REU.4.8_1,REU.4.8_1,0.0183939155887782,0.413831925787244,0.395438010198466,2024.9805619505,2024.99895586609,NA,NA,NA
6215,6216,REU.3.1_1,REU.3.1_1,0.00559809774653552,0.414717954059609,0.409119856313073,2024.99424379662,2024.99984189437,NA,NA,NA
6030,6060,REU.3.1_1,REU.3.1_1,0.0123057399033775,0.414997021192313,0.402691281288936,2024.98781522159,2025.0001209615,NA,NA,NA
3684,3693,REU.4.8_1,REU.4.3_1,0.0219568708311959,0.415083750095834,0.393126879264639,2024.97825081957,2025.0002076904,NA,NA,NA
3833,3841,REU.4.3_1,REU.4.3_1,0.0147963680651179,0.41538631416926,0.400589946104142,2024.98571388641,2025.00051025447,NA,NA,NA
5761,5763,REU.3.1_1,REU.3.1_1,0.0229598700710542,0.415987032371251,0.393027162300197,2024.97815110261,2025.00111097268,NA,NA,NA
5373,5374,REU.3.1_1,REU.3.1_1,0.101700452528425,0.416038796052172,0.314338343523747,2024.89946228383,2025.00116273636,NA,NA,NA
5885,5886,REU.3.4_1,REU.3.4_1,0.0426894898090148,0.41612630854728,0.373436818738265,2024.95856075904,2025.00125024885,NA,NA,NA
5738,5739,REU.2.5_1,REU.2.5_1,0.0378752501801046,0.416293836397561,0.378418586217457,2024.96354252652,2025.0014177767,NA,NA,NA
5200,5259,REU.3.1_1,REU.3.1_1,0.0420836927647585,0.416549268464247,0.374465575699489,2024.959589516,2025.00167320877,NA,NA,NA
3923,3924,REU.4.3_1,REU.4.3_1,0.00894231637563669,0.416563722898807,0.40762140652317,2024.99274534683,2025.0016876632,NA,NA,NA
4491,4515,REU.4.3_1,REU.4.3_1,0.0476700358875659,0.416844856157834,0.369174820270268,2024.95429876058,2025.00196879646,NA,NA,NA
6011,6013,REU.3.1_1,REU.4.6_1,0.0451053904445983,0.416947914151653,0.371842523707055,2024.95696646401,2025.00207185446,NA,NA,NA
4556,4565,REU.4.4_1,REU.4.4_1,0.0216582903225044,0.416961601237782,0.395303310915278,2024.98042725122,2025.00208554154,NA,NA,NA
4347,4409,REU.4.3_1,REU.4.3_1,0.0209052937621612,0.417096021938322,0.39619072817616,2024.98131466848,2025.00221996224,NA,NA,NA
5216,5217,REU.3.1_1,REU.3.1_1,0.0171806821375361,0.417148254310917,0.399967572173381,2024.98509151248,2025.00227219462,NA,NA,NA
5619,5620,REU.3.1_1,REU.3.1_1,0.0277343250484665,0.417372152922326,0.38963782787386,2024.97476176818,2025.00249609323,NA,NA,NA
5172,5173,REU.3.1_1,REU.3.1_1,0.0136067291141917,0.417491370753,0.403884641638808,2024.98900858194,2025.00261531106,NA,NA,NA
3299,3320,REU.4.3_1,REU.4.3_1,0.0192505922477809,0.417502467557926,0.398251875310145,2024.98337581562,2025.00262640786,NA,NA,NA
3943,3947,REU.4.3_1,REU.4.3_1,0.00796410209134091,0.417577500284028,0.409613398192687,2024.9947373385,2025.00270144059,NA,NA,NA
5084,5085,REU.3.1_1,REU.4.3_1,0.105595678119891,0.417612192666083,0.312016514546192,2024.89714045485,2025.00273613297,NA,NA,NA
5737,1772,REU.3.1_1,REU.3.1_1,0.0660560359245619,0.417615785721972,0.35155974979741,2024.9366836901,2025.00273972603,CHIKV_RUN_S9b04_2025,55.368499,-21.25689
3683,168,REU.4.8_1,REU.4.8_1,0.0285846957124084,0.417615785721972,0.389031090009563,2024.97415503031,2025.00273972603,CHIKV_RUN_S9b06_2025,55.493406,-21.305081
5557,2213,REU.3.1_1,REU.3.1_1,0.0227645517957294,0.417615785721972,0.394851233926242,2024.97997517423,2025.00273972603,CHIKV_RUN_S12b23_2025,55.36694,-21.261172
3817,1753,REU.4.3_1,REU.4.3_1,0.0148606825414991,0.417615785721972,0.402755103180472,2024.98787904349,2025.00273972603,CHIKV_RUN_S12b72_2025,55.536778,-21.195583
3230,2378,REU.3.1_1,REU.3.2_1,0.0147902623682257,0.417615785721972,0.402825523353746,2024.98794946366,2025.00273972603,CHIKV_RUN_S8b49_2025,55.350482,-21.215183
3873,3874,REU.4.3_1,REU.4.3_1,0.0616821504312667,0.417649336013853,0.355967185582586,2024.94109112589,2025.00277327632,NA,NA,NA
3627,3638,REU.4.3_1,REU.4.3_1,0.0154618788686263,0.417835012229193,0.402373133360567,2024.98749707367,2025.00295895253,NA,NA,NA
6170,6219,REU.3.1_1,REU.2.1_1,0.140782908965787,0.417940800845788,0.277157891880001,2024.86228183219,2025.00306474115,NA,NA,NA
3299,3300,REU.4.3_1,REU.4.3_1,0.0199091480124687,0.418161023322614,0.398251875310145,2024.98337581562,2025.00328496363,NA,NA,NA
3774,3802,REU.4.3_1,REU.4.3_1,0.0118676040369762,0.418247742814732,0.406380138777756,2024.99150407908,2025.00337168312,NA,NA,NA
4748,4749,REU.4.3_1,REU.4.3_1,0.0237258588430221,0.418456849397658,0.394730990554636,2024.97985493086,2025.0035807897,NA,NA,NA
3359,3372,REU.4.3_1,REU.4.3_1,0.00529599879953169,0.418461547454056,0.413165548654524,2024.99828948896,2025.00358548776,NA,NA,NA
5167,5168,REU.3.1_1,REU.4.6_1,0.0165171140372362,0.418591775470632,0.402074661433396,2024.98719860174,2025.00371571578,NA,NA,NA
5763,5764,REU.3.1_1,REU.3.1_1,0.00263724916024743,0.418624281531499,0.415987032371251,2025.00111097268,2025.00374822184,NA,NA,NA
5019,5031,REU.3.1_1,REU.3.1_1,0.00823039142323456,0.41881624117005,0.410585849746815,2024.99570979005,2025.00394018148,NA,NA,NA
3118,3119,REU.3.4_1,REU.3.4_1,0.0174123852350371,0.419025115960473,0.401612730725436,2024.98673667103,2025.00414905627,NA,NA,NA
4892,4893,REU.4.5_1,REU.4.5_1,0.0190519963199877,0.420015104307325,0.400963107987338,2024.98608704829,2025.00513904461,NA,NA,NA
6077,6078,REU.4.5_1,REU.4.5_1,0.0355907019560726,0.420084913116678,0.384494211160605,2024.96961815147,2025.00520885342,NA,NA,NA
6066,6068,REU.3.1_1,REU.3.1_1,0.065602285528187,0.420231466717146,0.354629181188959,2024.93975312149,2025.00535540702,NA,NA,NA
5553,2168,REU.3.1_1,REU.3.1_1,0.0834430088347418,0.420355511749329,0.336912502914587,2024.92203644322,2025.00547945205,CHIKV_RUN_S8b93_2025,55.368764,-21.255057
5734,2704,REU.3.1_1,REU.3.1_1,0.0582990916012849,0.420355511749329,0.362056420148044,2024.94718036045,2025.00547945205,CHIKV_RUN_S12b24_2025,55.368617,-21.255999
4157,635,REU.4.3_1,REU.4.3_1,0.0237597924065095,0.420355511749329,0.396595719342819,2024.98171965965,2025.00547945205,CHIKV_RUN_S8b57_2025,55.50038,-21.26625
5274,5275,REU.4.3_1,REU.4.3_1,0.0404902292575358,0.420634824324481,0.380144595066945,2024.96526853537,2025.00575876463,NA,NA,NA
5845,5846,REU.3.4_1,REU.3.4_1,0.072472278133975,0.420648208935274,0.348175930801299,2024.93329987111,2025.00577214924,NA,NA,NA
5098,5099,REU.3.1_1,REU.4.8_1,0.0210225742122191,0.42072971945655,0.399707145244331,2024.98483108555,2025.00585365976,NA,NA,NA
3228,3235,REU.3.1_1,REU.4.6_1,0.0455390927032044,0.420945359975804,0.3754062672726,2024.96053020758,2025.00606930028,NA,NA,NA
3693,3694,REU.4.3_1,REU.4.3_1,0.00597451296922868,0.421058263065063,0.415083750095834,2025.0002076904,2025.00618220337,NA,NA,NA
5916,5931,REU.2.3_1,REU.2.3_1,0.0319352492421965,0.42110307101335,0.389167821771154,2024.97429176208,2025.00622701132,NA,NA,NA
3251,3252,REU.4.3_1,REU.4.3_1,0.0614846308461721,0.421128534255235,0.359643903409063,2024.94476784371,2025.00625247456,NA,NA,NA
4347,4348,REU.4.3_1,REU.4.8_1,0.0250822535451917,0.421272981721352,0.39619072817616,2024.98131466848,2025.00639692203,NA,NA,NA
4157,4158,REU.4.3_1,REU.4.3_1,0.0247355078422605,0.42133122718508,0.396595719342819,2024.98171965965,2025.00645516749,NA,NA,NA
5417,5430,REU.3.1_1,REU.3.1_1,0.0408061313302319,0.422135767710728,0.381329636380496,2024.96645357669,2025.00725970802,NA,NA,NA
6078,6113,REU.4.5_1,REU.4.5_1,0.00230866188633672,0.422393575003015,0.420084913116678,2025.00520885342,2025.00751751531,NA,NA,NA
3491,3500,REU.4.3_1,REU.4.3_1,0.0133966164221528,0.422569919050895,0.409173302628742,2024.99429724293,2025.00769385936,NA,NA,NA
3924,3925,REU.4.3_1,REU.4.3_1,0.00603458784291211,0.422598310741719,0.416563722898807,2025.0016876632,2025.00772225105,NA,NA,NA
4176,4177,REU.4.3_1,REU.4.3_1,0.0325255883356492,0.422912780469294,0.390387192133645,2024.97551113244,2025.00803672077,NA,NA,NA
5803,1959,REU.3.1_1,REU.3.1_1,0.126360942302821,0.423095237776914,0.296734295474093,2024.88185823578,2025.00821917808,CHIKV_RUN_S9b11_2025,55.366735,-21.258484
4124,4125,REU.4.3_1,REU.4.3_1,0.0501987390850643,0.423169800381867,0.372971061296802,2024.9580950016,2025.00829374069,NA,NA,NA
5587,5589,REU.3.1_1,REU.3.1_1,0.00989650069413839,0.423597444385979,0.41370094369184,2024.998824884,2025.00872138469,NA,NA,NA
5292,5297,REU.3.1_1,REU.3.1_1,0.0745485148123001,0.423782674727971,0.349234159915671,2024.93435810022,2025.00890661503,NA,NA,NA
6013,6014,REU.4.6_1,REU.4.6_1,0.00700154514061924,0.423949459292273,0.416947914151653,2025.00207185446,2025.0090733996,NA,NA,NA
4409,4410,REU.4.3_1,REU.4.3_1,0.00703978955752838,0.42413581149585,0.417096021938322,2025.00221996224,2025.0092597518,NA,NA,NA
3558,3559,REU.4.3_1,REU.4.3_1,0.0596579119602,0.424560391756469,0.364902479796269,2024.9500264201,2025.00968433206,NA,NA,NA
3372,3373,REU.4.3_1,REU.4.3_1,0.00628522858948233,0.424746776043538,0.418461547454056,2025.00358548776,2025.00987071635,NA,NA,NA
4528,4529,REU.4.4_1,REU.4.4_1,0.0302806456031565,0.425037007691838,0.394756362088681,2024.97988030239,2025.010160948,NA,NA,NA
5486,5487,REU.3.1_1,REU.3.1_1,0.0122052736777543,0.425092048866979,0.412886775189225,2024.99801071549,2025.01021598917,NA,NA,NA
5587,5588,REU.3.1_1,REU.3.1_1,0.011546536853157,0.425247480544997,0.41370094369184,2024.998824884,2025.01037142085,NA,NA,NA
3358,3402,REU.4.3_1,REU.4.3_1,0.0179848576873025,0.425618626116378,0.407633768429076,2024.99275770873,2025.01074256642,NA,NA,NA
5619,5626,REU.3.1_1,REU.3.1_1,0.0364352899830909,0.42607311785695,0.38963782787386,2024.97476176818,2025.01119705816,NA,NA,NA
5803,5804,REU.3.1_1,REU.3.1_1,0.129350450697584,0.426084746171677,0.296734295474093,2024.88185823578,2025.01120868648,NA,NA,NA
3833,3834,REU.4.3_1,REU.4.3_1,0.0257966171877099,0.426386563291852,0.400589946104142,2024.98571388641,2025.0115105036,NA,NA,NA
4555,4615,REU.4.4_1,REU.4.4_1,0.0628863451548711,0.426427608466046,0.363541263311175,2024.94866520362,2025.01155154877,NA,NA,NA
4500,4501,REU.4.3_1,REU.4.3_1,0.0379814335848533,0.426830780657061,0.388849347072208,2024.97397328738,2025.01195472096,NA,NA,NA
4815,4856,REU.4.3_1,REU.4.3_1,0.0405128213508474,0.426965316740277,0.38645249538943,2024.97157643569,2025.01208925705,NA,NA,NA
3638,3639,REU.4.3_1,REU.4.3_1,0.0094098157394511,0.427244827968644,0.417835012229193,2025.00295895253,2025.01236876827,NA,NA,NA
4289,4291,REU.4.3_1,REU.4.3_1,0.0156337739281665,0.427574714642651,0.411940940714485,2024.99706488102,2025.01269865495,NA,NA,NA
5388,5389,REU.3.1_1,REU.3.1_1,0.0739256606334163,0.427600967464039,0.353675306830623,2024.93879924714,2025.01272490777,NA,NA,NA
3774,3775,REU.4.3_1,REU.4.3_1,0.0218255889892659,0.428205727767022,0.406380138777756,2024.99150407908,2025.01332966807,NA,NA,NA
5201,5202,REU.3.1_1,REU.3.1_1,0.0509293907860614,0.428215318374147,0.377285927588085,2024.96240986789,2025.01333925868,NA,NA,NA
5141,5142,REU.3.1_1,REU.3.1_1,0.0384928439816382,0.428407942433648,0.38991509845201,2024.97503903876,2025.01353188274,NA,NA,NA
5457,2393,REU.3.1_1,REU.3.1_1,0.129667537451288,0.428574689831628,0.298907152380341,2024.88403109269,2025.01369863014,CHIKV_RUN_S9b03_2025,55.35882,-21.240599
3229,1783,REU.3.1_1,REU.3.1_1,0.028081946301442,0.428574689831628,0.400492743530186,2024.98561668384,2025.01369863014,CHIKV_RUN_S10b67_2025,55.368489,-21.256659
3484,594,REU.4.3_1,REU.4.3_1,0.0160782942653575,0.428574689831628,0.412496395566271,2024.99762033587,2025.01369863014,CHIKV_RUN_S8b51_2025,55.582002,-21.275874
3924,897,REU.4.3_1,REU.2.3_1,0.0120109669328213,0.428574689831628,0.416563722898807,2025.0016876632,2025.01369863014,CHIKV_RUN_S12b64_2025,55.459069,-20.8973
5217,5225,REU.3.1_1,REU.4.8_1,0.0120753089324532,0.42922356324337,0.417148254310917,2025.00227219462,2025.01434750355,NA,NA,NA
3841,3865,REU.4.3_1,REU.4.3_1,0.0142246071258912,0.429610921295151,0.41538631416926,2025.00051025447,2025.0147348616,NA,NA,NA
4992,4993,REU.3.1_1,REU.3.1_1,0.0432453969370433,0.429794587720742,0.386549190783699,2024.97167313109,2025.01491852803,NA,NA,NA
4529,4534,REU.4.4_1,REU.4.4_1,0.00483556450826916,0.429872572200107,0.425037007691838,2025.010160948,2025.01499651251,NA,NA,NA
4348,4349,REU.4.8_1,REU.4.8_1,0.00862444055602729,0.42989742227738,0.421272981721352,2025.00639692203,2025.01502136258,NA,NA,NA
6030,6031,REU.3.1_1,REU.3.1_1,0.0272395180899999,0.429930799378936,0.402691281288936,2024.98781522159,2025.01505473968,NA,NA,NA
3925,3926,REU.4.3_1,REU.4.3_1,0.00796888241829707,0.430567193160016,0.422598310741719,2025.00772225105,2025.01569113347,NA,NA,NA
5738,5753,REU.2.5_1,REU.2.5_1,0.0523403533139505,0.430758939531407,0.378418586217457,2024.96354252652,2025.01588287984,NA,NA,NA
4291,4292,REU.4.3_1,REU.4.3_1,0.00326400845816988,0.430838723100821,0.427574714642651,2025.01269865495,2025.01596266341,NA,NA,NA
4873,4874,REU.4.5_1,REU.4.7_1,0.0762804041327049,0.430929029947103,0.354648625814398,2024.93977256612,2025.01605297025,NA,NA,NA
5615,2801,REU.3.1_1,REU.3.1_1,0.0877348119653606,0.431314415858986,0.343579603893625,2024.9287035442,2025.01643835616,CHIKV_RUN_S9b12_2025,55.367555,-21.25695
5735,2622,REU.3.1_1,REU.3.1_1,0.0228674867284006,0.431314415858986,0.408446929130585,2024.99357086944,2025.01643835616,CHIKV_RUN_S9b05_2025,55.365654,-21.258541
6219,2384,REU.2.1_1,REU.2.1_1,0.0133736150131979,0.431314415858986,0.417940800845788,2025.00306474115,2025.01643835616,CHIKV_RUN_S54b32_2025,55.385431,-20.986796
5275,2553,REU.4.3_1,REU.4.3_1,0.0106795915345052,0.431314415858986,0.420634824324481,2025.00575876463,2025.01643835616,CHIKV_RUN_S8b59_2025,55.523946,-21.237275
5588,2586,REU.3.1_1,REU.3.1_1,0.00606693531398872,0.431314415858986,0.425247480544997,2025.01037142085,2025.01643835616,CHIKV_RUN_S9b14_2025,55.368418,-21.257105
4294,4301,REU.4.3_1,REU.4.3_1,0.044974633965514,0.431517305415311,0.386542671449797,2024.97166661176,2025.01664124572,NA,NA,NA
5644,5657,REU.4.3_1,REU.4.3_1,0.0249089816991988,0.431672545096231,0.406763563397032,2024.9918875037,2025.0167964854,NA,NA,NA
4515,4522,REU.4.3_1,REU.4.3_1,0.0148734668361908,0.431718322994025,0.416844856157834,2025.00196879646,2025.0168422633,NA,NA,NA
4630,4644,REU.4.8_1,REU.3.5_1,0.0433392280572432,0.432061204241068,0.388721976183825,2024.97384591649,2025.01718514455,NA,NA,NA
3817,3818,REU.4.3_1,REU.4.3_1,0.0298826278349056,0.432637731015378,0.402755103180472,2024.98787904349,2025.01776167132,NA,NA,NA
5142,5146,REU.3.1_1,REU.3.1_1,0.00433637679782273,0.432744319231471,0.428407942433648,2025.01353188274,2025.01786825954,NA,NA,NA
5486,5492,REU.3.1_1,REU.3.1_1,0.0199077794591882,0.432794554648413,0.412886775189225,2024.99801071549,2025.01791849495,NA,NA,NA
4905,4930,REU.4.5_1,REU.4.5_1,0.130169783319151,0.432852790411479,0.302683007092328,2024.8878069474,2025.01797673072,NA,NA,NA
5328,5329,REU.4.3_1,REU.4.3_1,0.0503674771877167,0.432858248314559,0.382490771126842,2024.96761471143,2025.01798218862,NA,NA,NA
3330,3331,REU.4.3_1,REU.4.3_1,0.0389373958129344,0.433239352170499,0.394301956357565,2024.97942589666,2025.01836329248,NA,NA,NA
4501,4502,REU.4.3_1,REU.4.3_1,0.00651345271962867,0.43334423337669,0.426830780657061,2025.01195472096,2025.01846817368,NA,NA,NA
4839,4840,REU.4.3_1,REU.4.3_1,0.0283488355698249,0.433616093299009,0.405267257729184,2024.99039119803,2025.0187400336,NA,NA,NA
5306,5307,REU.4.3_1,REU.4.3_1,0.0309573065189105,0.433658456715088,0.402701150196177,2024.9878250905,2025.01878239702,NA,NA,NA
6216,6218,REU.3.1_1,REU.3.1_1,0.0190594927500917,0.433777446809701,0.414717954059609,2024.99984189437,2025.01890138712,NA,NA,NA
4644,4646,REU.3.5_1,REU.3.5_1,0.00185944243790193,0.43392064667897,0.432061204241068,2025.01718514455,2025.01904458698,NA,NA,NA
3198,2618,REU.3.1_1,REU.3.1_1,0.0524635369664341,0.434054141886343,0.381590604919909,2024.96671454523,2025.01917808219,CHIKV_RUN_S9b13_2025,55.365414,-21.258661
4991,16,REU.3.1_1,REU.3.1_1,0.0445178883989992,0.434054141886343,0.389536253487344,2024.97466019379,2025.01917808219,CHIKV_RUN_S9b07_2025,55.373644,-21.266206
4181,4182,REU.4.3_1,REU.4.3_1,0.0263064658020318,0.434190509849227,0.407884044047195,2024.99300798435,2025.01931445015,NA,NA,NA
5785,5786,REU.4.8_1,REU.2.3_1,0.0361983581961101,0.434434076249694,0.398235718053584,2024.98335965836,2025.01955801656,NA,NA,NA
4349,4350,REU.4.8_1,REU.4.8_1,0.00465957105659276,0.434556993333972,0.42989742227738,2025.01502136258,2025.01968093364,NA,NA,NA
5657,5662,REU.4.3_1,REU.4.3_1,0.0030195936364511,0.434692138732682,0.431672545096231,2025.0167964854,2025.01981607904,NA,NA,NA
4689,4711,REU.2.3_1,REU.2.3_1,0.0256447354205133,0.434751618046025,0.409106882625512,2024.99423082293,2025.01987555835,NA,NA,NA
6078,6079,REU.4.5_1,REU.4.5_1,0.0147078534557754,0.434792766572453,0.420084913116678,2025.00520885342,2025.01991670688,NA,NA,NA
5274,5284,REU.4.3_1,REU.4.8_1,0.054735706470775,0.43488030153772,0.380144595066945,2024.96526853537,2025.02000424184,NA,NA,NA
5057,5058,REU.3.1_1,REU.3.1_1,0.0450173629513967,0.435155118811906,0.390137755860509,2024.97526169617,2025.02027905912,NA,NA,NA
3694,3703,REU.4.3_1,REU.4.3_1,0.0142043944666501,0.435262657531713,0.421058263065063,2025.00618220337,2025.02038659784,NA,NA,NA
5146,5147,REU.3.1_1,REU.3.1_1,0.00277344056827233,0.435517759799743,0.432744319231471,2025.01786825954,2025.02064170011,NA,NA,NA
5176,5177,REU.3.4_1,REU.3.4_1,0.0347408375276989,0.435814178411261,0.401073340883563,2024.98619728119,2025.02093811872,NA,NA,NA
4010,4011,REU.4.3_1,REU.4.3_1,0.0333989611867685,0.435887790562944,0.402488829376175,2024.98761276968,2025.02101173087,NA,NA,NA
4225,4239,REU.4.3_1,REU.4.3_1,0.0369694445102878,0.435939952970351,0.398970508460063,2024.98409444877,2025.02106389328,NA,NA,NA
3638,3646,REU.4.3_1,REU.4.3_1,0.0181437561993825,0.435978768428575,0.417835012229193,2025.00295895253,2025.02110270873,NA,NA,NA
5173,2552,REU.3.1_1,REU.3.1_1,0.0193024971607005,0.436793867913701,0.417491370753,2025.00261531106,2025.02191780822,CHIKV_RUN_S9b44_2025,55.365035,-21.259783
4747,4783,REU.4.3_1,REU.4.3_1,0.0564903929308879,0.436964363848107,0.380473970917219,2024.96559791122,2025.02208830415,NA,NA,NA
5512,5528,REU.4.8_1,REU.4.1_1,0.0759829751477716,0.437040728896455,0.361057753748683,2024.94618169405,2025.0221646692,NA,NA,NA
4711,4722,REU.2.3_1,REU.2.3_1,0.0022894293980058,0.437041047444031,0.434751618046025,2025.01987555835,2025.02216498775,NA,NA,NA
3510,3538,REU.4.3_1,REU.4.3_1,0.043240710673456,0.437061300919802,0.393820590246346,2024.97894453055,2025.02218524123,NA,NA,NA
5701,5714,REU.3.1_1,REU.3.1_1,0.059552834225355,0.437219380070182,0.377666545844827,2024.96279048615,2025.02234332038,NA,NA,NA
5931,5964,REU.2.3_1,REU.2.3_1,0.0161553534639515,0.437258424477302,0.42110307101335,2025.00622701132,2025.02238236478,NA,NA,NA
5408,5412,REU.3.1_1,REU.4.3_1,0.065714360920616,0.437915758553965,0.372201397633349,2024.95732533794,2025.02303969886,NA,NA,NA
5458,5459,REU.3.1_1,REU.4.5_1,0.0929717070891495,0.43812555740943,0.345153850320281,2024.93027779063,2025.02324949771,NA,NA,NA
3834,3835,REU.4.3_1,REU.4.8_1,0.0119140896800071,0.438300652971859,0.426386563291852,2025.0115105036,2025.02342459328,NA,NA,NA
3775,3776,REU.4.3_1,REU.4.3_1,0.0103296142099819,0.438535341977004,0.428205727767022,2025.01332966807,2025.02365928228,NA,NA,NA
5804,5806,REU.3.1_1,REU.3.1_1,0.0124792137497296,0.438563959921407,0.426084746171677,2025.01120868648,2025.02368790023,NA,NA,NA
3373,3374,REU.4.3_1,REU.4.3_1,0.0142149615074761,0.438961737551015,0.424746776043538,2025.00987071635,2025.02408567786,NA,NA,NA
3373,3389,REU.4.3_1,REU.4.3_1,0.0144404591394616,0.439187235183,0.424746776043538,2025.00987071635,2025.02431117549,NA,NA,NA
4349,4378,REU.4.8_1,REU.4.8_1,0.0094263434139995,0.439323765691379,0.42989742227738,2025.01502136258,2025.024447706,NA,NA,NA
4799,4800,REU.4.3_1,REU.4.3_1,0.0355604475668838,0.439343613506231,0.403783165939347,2024.98890710624,2025.02446755381,NA,NA,NA
6173,3070,REU.3.1_1,REU.3.1_1,0.100813663455604,0.439533593941285,0.338719930485682,2024.92384387079,2025.02465753425,CHIKV_RUN_S12b51_2025,55.363068,-21.255442
5731,1815,REU.3.4_1,REU.4.6_1,0.0582540927198754,0.439533593941285,0.38127950122141,2024.96640344153,2025.02465753425,CHIKV_RUN_S15b64_2025,55.440285,-21.263275
5764,3043,REU.3.1_1,REU.3.1_1,0.0209093124097869,0.439533593941285,0.418624281531499,2025.00374822184,2025.02465753425,CHIKV_RUN_S9b35_2025,55.357447,-21.258959
5297,2795,REU.3.1_1,REU.4.6_1,0.0157509192133147,0.439533593941285,0.423782674727971,2025.00890661503,2025.02465753425,CHIKV_RUN_S12b06_2025,55.437936,-21.26189
5002,5003,REU.3.1_1,REU.3.5_1,0.126451543516117,0.439561143819841,0.313109600303724,2024.89823354061,2025.02468508413,NA,NA,NA
6173,6174,REU.3.1_1,REU.3.1_1,0.101022908490938,0.439742838976619,0.338719930485682,2024.92384387079,2025.02486677928,NA,NA,NA
6079,6089,REU.4.5_1,REU.4.5_1,0.0050795088541864,0.43987227542664,0.434792766572453,2025.01991670688,2025.02499621573,NA,NA,NA
3330,3346,REU.4.3_1,REU.4.3_1,0.0455816567286822,0.439883613086247,0.394301956357565,2024.97942589666,2025.02500755339,NA,NA,NA
5292,5293,REU.3.1_1,REU.3.1_1,0.0906853082369232,0.439919468152594,0.349234159915671,2024.93435810022,2025.02504340846,NA,NA,NA
4906,4913,REU.4.5_1,REU.4.5_1,0.0405520012920014,0.440045365034234,0.399493363742232,2024.98461730405,2025.02516930534,NA,NA,NA
3252,3253,REU.4.3_1,REU.4.3_1,0.0189468206681563,0.440075354923392,0.421128534255235,2025.00625247456,2025.02519929523,NA,NA,NA
5147,5148,REU.3.1_1,REU.3.1_1,0.00464882336634764,0.440166583166091,0.435517759799743,2025.02064170011,2025.02529052347,NA,NA,NA
3728,3729,REU.3.5_1,REU.3.5_1,0.0440263391696494,0.440270170818767,0.396243831649117,2024.98136777195,2025.02539411112,NA,NA,NA
5682,5683,REU.3.1_1,REU.4.3_1,0.0630817108864102,0.440328539060536,0.377246828174126,2024.96237076848,2025.02545247937,NA,NA,NA
4316,4319,REU.4.3_1,REU.4.3_1,0.035289384773076,0.440368180421905,0.405078795648829,2024.99020273595,2025.02549212073,NA,NA,NA
5357,5358,REU.4.3_1,REU.4.3_1,0.0394243893964177,0.440623607719371,0.401199218322954,2024.98632315863,2025.02574754802,NA,NA,NA
3776,3779,REU.4.3_1,REU.4.3_1,0.00223377388429591,0.4407691158613,0.438535341977004,2025.02365928228,2025.02589305617,NA,NA,NA
4239,4240,REU.4.3_1,REU.4.3_1,0.00502082137033333,0.440960774340684,0.435939952970351,2025.02106389328,2025.02608471465,NA,NA,NA
4722,4723,REU.2.3_1,REU.2.3_1,0.00397969656493546,0.441020744008966,0.437041047444031,2025.02216498775,2025.02614468431,NA,NA,NA
5492,5493,REU.3.1_1,REU.3.1_1,0.00824204261522021,0.441036597263633,0.432794554648413,2025.01791849495,2025.02616053757,NA,NA,NA
6011,6012,REU.3.1_1,REU.3.1_1,0.0692383120972823,0.441080835804337,0.371842523707055,2024.95696646401,2025.02620477611,NA,NA,NA
3266,3272,REU.4.3_1,REU.4.3_1,0.0436516013536917,0.44118811548824,0.397536514134548,2024.98266045444,2025.02631205579,NA,NA,NA
4907,4908,REU.4.5_1,REU.4.5_1,0.0348416093981643,0.441202874447137,0.406361265048973,2024.99148520535,2025.02632681475,NA,NA,NA
4410,4419,REU.4.3_1,REU.4.3_1,0.0170929402979139,0.441228751793764,0.42413581149585,2025.0092597518,2025.0263526921,NA,NA,NA
3119,3120,REU.3.4_1,REU.3.4_1,0.0222939669588424,0.441319082919315,0.419025115960473,2025.00414905627,2025.02644302322,NA,NA,NA
3160,3161,REU.3.4_1,REU.3.4_1,0.0302494016951211,0.4413196448342,0.411070243139078,2024.99619418344,2025.02644358514,NA,NA,NA
5275,5276,REU.4.3_1,REU.4.3_1,0.0208517463486204,0.441486570673101,0.420634824324481,2025.00575876463,2025.02661051098,NA,NA,NA
3437,3449,REU.4.3_1,REU.4.3_1,0.0468577551493053,0.441515699108595,0.394657943959289,2024.97978188426,2025.02663963941,NA,NA,NA
3703,3704,REU.4.3_1,REU.4.3_1,0.00653726597064397,0.441799923502357,0.435262657531713,2025.02038659784,2025.02692386381,NA,NA,NA
3646,3647,REU.4.3_1,REU.4.3_1,0.0059926683082222,0.441971436736798,0.435978768428575,2025.02110270873,2025.02709537704,NA,NA,NA
4240,4241,REU.4.3_1,REU.4.3_1,0.00103025191279071,0.441991026253475,0.440960774340684,2025.02608471465,2025.02711496656,NA,NA,NA
5964,5987,REU.2.3_1,REU.2.3_1,0.00500263900057452,0.442261063477876,0.437258424477302,2025.02238236478,2025.02738500378,NA,NA,NA
3253,3255,REU.4.3_1,REU.4.3_1,0.00229430366913674,0.442369658592528,0.440075354923392,2025.02519929523,2025.0274935989,NA,NA,NA
3728,3749,REU.3.5_1,REU.3.5_1,0.0462459391155418,0.442489770764659,0.396243831649117,2024.98136777195,2025.02761371107,NA,NA,NA
5217,5218,REU.3.1_1,REU.3.1_1,0.025576566212877,0.442724820523794,0.417148254310917,2025.00227219462,2025.02784876083,NA,NA,NA
4241,4242,REU.4.3_1,REU.4.3_1,0.00077035236891676,0.442761378622392,0.441991026253475,2025.02711496656,2025.02788531893,NA,NA,NA
5846,5847,REU.3.4_1,REU.3.4_1,0.0221243191834566,0.442772528118731,0.420648208935274,2025.00577214924,2025.02789646842,NA,NA,NA
3320,3321,REU.4.3_1,REU.4.3_1,0.0254633440656373,0.442965811623564,0.417502467557926,2025.00262640786,2025.02808975193,NA,NA,NA
4242,4243,REU.4.3_1,REU.4.3_1,0.000300861491634552,0.443062240114026,0.442761378622392,2025.02788531893,2025.02818618042,NA,NA,NA
5345,5346,REU.4.3_1,REU.4.3_1,0.0413315127174576,0.443336515362371,0.402005002644913,2024.98712894295,2025.02846045567,NA,NA,NA
3402,3403,REU.4.3_1,REU.4.3_1,0.0180035012924802,0.443622127408859,0.425618626116378,2025.01074256642,2025.02874606771,NA,NA,NA
5492,5503,REU.3.1_1,REU.3.1_1,0.0109358452236409,0.443730399872054,0.432794554648413,2025.01791849495,2025.02885434018,NA,NA,NA
4534,4536,REU.4.4_1,REU.4.4_1,0.0139039147073983,0.443776486907505,0.429872572200107,2025.01499651251,2025.02890042721,NA,NA,NA
4315,4339,REU.4.3_1,REU.4.3_1,0.0495861457320504,0.443992479988829,0.394406334256779,2024.97953027456,2025.02911642029,NA,NA,NA
5885,5897,REU.3.4_1,REU.3.4_1,0.0705626817712303,0.443999500509495,0.373436818738265,2024.95856075904,2025.02912344081,NA,NA,NA
6031,6032,REU.3.1_1,REU.3.1_1,0.0142562927168993,0.444187092095835,0.429930799378936,2025.01505473968,2025.0293110324,NA,NA,NA
5503,5507,REU.3.1_1,REU.3.1_1,0.000511574557984895,0.444241974430039,0.443730399872054,2025.02885434018,2025.02936591474,NA,NA,NA
5557,5558,REU.3.1_1,REU.4.3_1,0.0495475500914652,0.444398784017707,0.394851233926242,2024.97997517423,2025.02952272432,NA,NA,NA
3977,4049,REU.4.3_1,REU.4.3_1,0.0839091931102048,0.444492384027917,0.360583190917712,2024.94570713122,2025.02961632433,NA,NA,NA
4962,4965,REU.3.1_1,REU.2.3_1,0.0326579081528382,0.444520175916148,0.41186226776331,2024.99698620807,2025.02964411622,NA,NA,NA
3119,3151,REU.3.4_1,REU.3.4_1,0.0255618846020997,0.444587000562572,0.419025115960473,2025.00414905627,2025.02971094087,NA,NA,NA
3764,3765,REU.4.3_1,REU.4.3_1,0.0457511776314792,0.444761357952399,0.39901018032092,2024.98413412063,2025.02988529826,NA,NA,NA
6184,6185,REU.3.1_1,REU.4.8_1,0.0565252075853092,0.444771156781799,0.388245949196489,2024.9733698895,2025.02989509709,NA,NA,NA
5234,5242,REU.3.1_1,REU.4.8_1,0.042463689676475,0.444949143488224,0.40248545381175,2024.98760939412,2025.03007308379,NA,NA,NA
3870,4061,REU.4.3_1,REU.4.3_1,0.18547322161131,0.445015275628011,0.259542054016701,2024.84466599432,2025.03013921593,NA,NA,NA
4965,4966,REU.2.3_1,REU.2.3_1,0.000533772260284504,0.445053948176432,0.444520175916148,2025.02964411622,2025.03017788848,NA,NA,NA
4191,4192,REU.4.3_1,REU.4.3_1,0.0332865098533506,0.445087752344349,0.411801242490999,2024.9969251828,2025.03021169265,NA,NA,NA
3402,3417,REU.4.3_1,REU.4.3_1,0.0196771354681498,0.445295761584528,0.425618626116378,2025.01074256642,2025.03041970189,NA,NA,NA
3818,3822,REU.4.3_1,REU.4.3_1,0.0127584448568167,0.445396175872195,0.432637731015378,2025.01776167132,2025.03052011618,NA,NA,NA
6184,6192,REU.3.1_1,REU.3.1_1,0.0572367264436159,0.445482675640105,0.388245949196489,2024.9733698895,2025.03060661595,NA,NA,NA
5099,5100,REU.4.8_1,REU.4.8_1,0.0248377816419373,0.445567501098488,0.42072971945655,2025.00585365976,2025.0306914414,NA,NA,NA
3764,3772,REU.4.3_1,REU.4.3_1,0.0466636258567629,0.445673806177682,0.39901018032092,2024.98413412063,2025.03079774648,NA,NA,NA
3510,3511,REU.4.3_1,REU.4.3_1,0.0519857057339201,0.445806295980266,0.393820590246346,2024.97894453055,2025.03093023629,NA,NA,NA
4799,4807,REU.4.3_1,REU.4.3_1,0.0426646710849543,0.446447837024301,0.403783165939347,2024.98890710624,2025.03157177733,NA,NA,NA
4158,4175,REU.4.3_1,REU.4.3_1,0.0253243540584753,0.446655581243555,0.42133122718508,2025.00645516749,2025.03177952155,NA,NA,NA
4840,4841,REU.4.3_1,REU.4.3_1,0.0132179972272346,0.446834090526244,0.433616093299009,2025.0187400336,2025.03195803083,NA,NA,NA
5626,5628,REU.3.1_1,REU.3.1_1,0.020885057902171,0.446958175759121,0.42607311785695,2025.01119705816,2025.03208211606,NA,NA,NA
4908,4909,REU.4.5_1,REU.4.5_1,0.00578752124422721,0.446990395691364,0.441202874447137,2025.02632681475,2025.032114336,NA,NA,NA
4930,4931,REU.4.5_1,REU.4.5_1,0.014231321411594,0.447084111823073,0.432852790411479,2025.01797673072,2025.03220805213,NA,NA,NA
5057,5075,REU.3.1_1,REU.3.1_1,0.0571025695671996,0.447240325427709,0.390137755860509,2024.97526169617,2025.03236426573,NA,NA,NA
6014,6015,REU.4.6_1,REU.4.8_1,0.0234284073232612,0.447377866615534,0.423949459292273,2025.0090733996,2025.03250180692,NA,NA,NA
3272,3275,REU.4.3_1,REU.4.3_1,0.00651321985326003,0.4477013353415,0.44118811548824,2025.02631205579,2025.03282527565,NA,NA,NA
5055,2636,REU.3.1_1,REU.3.1_1,0.0679313997936172,0.447752772023358,0.37982137222974,2024.96494531254,2025.03287671233,CHIKV_RUN_S9b41_2025,55.36684,-21.253691
4501,1455,REU.4.3_1,REU.4.3_1,0.0209219913662964,0.447752772023358,0.426830780657061,2025.01195472096,2025.03287671233,CHIKV_RUN_S8b64_2025,55.511546,-21.290774
6012,2009,REU.3.1_1,REU.3.1_1,0.00667193621902018,0.447752772023358,0.441080835804337,2025.02620477611,2025.03287671233,CHIKV_RUN_S9b55_2025,55.369315,-21.25742
5100,1920,REU.4.8_1,REU.4.8_1,0.00218527092486998,0.447752772023358,0.445567501098488,2025.0306914414,2025.03287671233,CHIKV_RUN_S10b66_2025,55.463444,-21.340653
6113,6134,REU.4.5_1,REU.4.5_1,0.0254911797233698,0.447884754726384,0.422393575003015,2025.00751751531,2025.03300869503,NA,NA,NA
4243,4244,REU.4.3_1,REU.4.3_1,0.00487092380143628,0.447933163915463,0.443062240114026,2025.02818618042,2025.03305710422,NA,NA,NA
5475,5476,REU.3.1_1,REU.3.1_1,0.038345518196459,0.448219944610228,0.409874426413769,2024.99499836672,2025.03334388492,NA,NA,NA
4956,4957,REU.3.1_1,REU.3.1_1,0.0464695115006497,0.44834338080987,0.40187386930922,2024.98699780961,2025.03346732112,NA,NA,NA
3252,3256,REU.4.3_1,REU.4.3_1,0.0274048745674027,0.448533408822638,0.421128534255235,2025.00625247456,2025.03365734913,NA,NA,NA
3775,3789,REU.4.3_1,REU.4.3_1,0.0203354061960789,0.448541133963101,0.428205727767022,2025.01332966807,2025.03366507427,NA,NA,NA
4874,4880,REU.4.7_1,REU.4.7_1,0.0176694580558273,0.44859848800293,0.430929029947103,2025.01605297025,2025.03372242831,NA,NA,NA
3646,3650,REU.4.3_1,REU.4.3_1,0.013171924141779,0.449150692570354,0.435978768428575,2025.02110270873,2025.03427463288,NA,NA,NA
4061,4072,REU.4.3_1,REU.4.3_1,0.00439977474716957,0.44941505037518,0.445015275628011,2025.03013921593,2025.03453899068,NA,NA,NA
4841,4848,REU.4.3_1,REU.4.3_1,0.00261364496354621,0.44944773548979,0.446834090526244,2025.03195803083,2025.0345716758,NA,NA,NA
4893,4894,REU.4.5_1,REU.4.5_1,0.029688274951475,0.4497033792588,0.420015104307325,2025.00513904461,2025.03482731956,NA,NA,NA
4931,4932,REU.4.5_1,REU.4.5_1,0.00289549645860254,0.449979608281675,0.447084111823073,2025.03220805213,2025.03510354859,NA,NA,NA
3198,3199,REU.3.1_1,REU.3.1_1,0.0685698178537402,0.450160422773649,0.381590604919909,2024.96671454523,2025.03528436308,NA,NA,NA
4011,4025,REU.4.3_1,REU.4.3_1,0.0145046424722739,0.450392433035217,0.435887790562944,2025.02101173087,2025.03551637334,NA,NA,NA
3573,1352,REU.4.8_1,REU.4.8_1,0.0734442616392261,0.450492498050715,0.377048236411489,2024.96217217672,2025.03561643836,CHIKV_RUN_S9b52_2025,55.481378,-21.286908
5327,2263,REU.4.3_1,REU.4.3_1,0.0707276030880769,0.450492498050715,0.379764894962638,2024.96488883527,2025.03561643836,CHIKV_RUN_S10b64_2025,55.535637,-21.312182
5173,2551,REU.3.1_1,REU.4.3_1,0.0330011272977149,0.450492498050715,0.417491370753,2025.00261531106,2025.03561643836,CHIKV_RUN_S12b07_2025,55.521114,-21.238608
3947,249,REU.4.3_1,REU.4.3_1,0.0329149977666868,0.450492498050715,0.417577500284028,2025.00270144059,2025.03561643836,CHIKV_RUN_S10b65_2025,55.530559,-21.194993
3235,2359,REU.4.6_1,REU.4.6_1,0.0295471380749109,0.450492498050715,0.420945359975804,2025.00606930028,2025.03561643836,CHIKV_RUN_S9b31_2025,55.439303,-21.261898
4292,828,REU.4.3_1,REU.4.8_1,0.0196537749498938,0.450492498050715,0.430838723100821,2025.01596266341,2025.03561643836,CHIKV_RUN_S9b40_2025,55.478977,-21.283245
3255,898,REU.4.3_1,REU.4.3_1,0.0081228394581867,0.450492498050715,0.442369658592528,2025.0274935989,2025.03561643836,CHIKV_RUN_S9b83_2025,55.530559,-21.194993
5513,5517,REU.4.8_1,REU.4.8_1,0.0647216291522549,0.450521598835965,0.38579996968371,2024.97092390999,2025.03564553914,NA,NA,NA
4548,4549,REU.4.4_1,REU.4.4_1,0.0473952021955609,0.450575143479557,0.403179941283996,2024.98830388159,2025.03569908378,NA,NA,NA
4011,4012,REU.4.3_1,REU.4.3_1,0.0147131769622691,0.450600967525213,0.435887790562944,2025.02101173087,2025.03572490783,NA,NA,NA
4301,4304,REU.4.3_1,REU.4.3_1,0.0193580543092354,0.450875359724546,0.431517305415311,2025.01664124572,2025.03599930003,NA,NA,NA
4462,4463,REU.4.3_1,REU.4.3_1,0.0428636101496611,0.450885026325377,0.408021416175716,2024.99314535648,2025.03600896663,NA,NA,NA
4549,4550,REU.4.4_1,REU.4.4_1,0.000476371468589476,0.451051514948147,0.450575143479557,2025.03569908378,2025.03617545525,NA,NA,NA
4565,4566,REU.4.4_1,REU.4.4_1,0.0341186048887134,0.451080206126496,0.416961601237782,2025.00208554154,2025.03620414643,NA,NA,NA
3417,3423,REU.4.3_1,REU.4.3_1,0.0058137592690497,0.451109520853578,0.445295761584528,2025.03041970189,2025.03623346116,NA,NA,NA
5148,5149,REU.3.1_1,REU.3.1_1,0.0110231404062808,0.451189723572372,0.440166583166091,2025.02529052347,2025.03631366388,NA,NA,NA
4182,4183,REU.4.3_1,REU.4.3_1,0.0173871600090887,0.451577669858316,0.434190509849227,2025.01931445015,2025.03670161016,NA,NA,NA
3694,3695,REU.4.3_1,REU.4.3_1,0.030701428127681,0.451759691192744,0.421058263065063,2025.00618220337,2025.0368836315,NA,NA,NA
6076,6163,REU.4.5_1,REU.4.5_1,0.0818046629423332,0.451778257031205,0.369973594088871,2024.95509753439,2025.03690219734,NA,NA,NA
3300,3304,REU.4.3_1,REU.4.3_1,0.0337810394432817,0.451942062765896,0.418161023322614,2025.00328496363,2025.03706600307,NA,NA,NA
5931,5932,REU.2.3_1,REU.2.3_1,0.0309157790223362,0.452018850035687,0.42110307101335,2025.00622701132,2025.03714279034,NA,NA,NA
4748,4764,REU.4.3_1,REU.4.3_1,0.0573083951171659,0.452039385671801,0.394730990554636,2024.97985493086,2025.03716332598,NA,NA,NA
6185,6188,REU.4.8_1,REU.4.8_1,0.00728707341720758,0.452058230199006,0.444771156781799,2025.02989509709,2025.0371821705,NA,NA,NA
3583,3584,REU.4.8_1,REU.4.8_1,0.0559315640218061,0.452137448635995,0.396205884614188,2024.98132982492,2025.03726138894,NA,NA,NA
5493,5500,REU.3.1_1,REU.3.1_1,0.0111127034823282,0.452149300745961,0.441036597263633,2025.02616053757,2025.03727324105,NA,NA,NA
5897,5898,REU.3.4_1,REU.3.4_1,0.00822976519397889,0.452229265703474,0.443999500509495,2025.02912344081,2025.03735320601,NA,NA,NA
5763,5773,REU.3.1_1,REU.4.3_1,0.0364216047697856,0.452408637141037,0.415987032371251,2025.00111097268,2025.03753257745,NA,NA,NA
4225,4226,REU.4.3_1,REU.4.3_1,0.0536008776383844,0.452571386098448,0.398970508460063,2024.98409444877,2025.0376953264,NA,NA,NA
3389,3394,REU.4.3_1,REU.4.3_1,0.0134821865496656,0.452669421732666,0.439187235183,2025.02431117549,2025.03779336204,NA,NA,NA
5058,5059,REU.3.1_1,REU.3.1_1,0.0175670571298973,0.452722175941803,0.435155118811906,2025.02027905912,2025.03784611625,NA,NA,NA
4783,4784,REU.4.3_1,REU.4.3_1,0.0159872905900041,0.452951654438111,0.436964363848107,2025.02208830415,2025.03807559474,NA,NA,NA
3120,3121,REU.3.4_1,REU.3.4_1,0.0116677006202799,0.452986783539595,0.441319082919315,2025.02644302322,2025.03811072384,NA,NA,NA
4893,4899,REU.4.5_1,REU.4.5_1,0.03301291195374,0.453028016261065,0.420015104307325,2025.00513904461,2025.03815195657,NA,NA,NA
5345,5347,REU.4.3_1,REU.4.3_1,0.0511380566691891,0.453143059314103,0.402005002644913,2024.98712894295,2025.03826699962,NA,NA,NA
5847,5848,REU.3.4_1,REU.3.4_1,0.010393233810237,0.453165761928968,0.442772528118731,2025.02789646842,2025.03828970223,NA,NA,NA
3304,3308,REU.4.3_1,REU.4.3_1,0.00125232235547901,0.453194385121375,0.451942062765896,2025.03706600307,2025.03831832543,NA,NA,NA
3822,888,REU.4.3_1,REU.4.3_1,0.00783604820587769,0.453232224078072,0.445396175872195,2025.03052011618,2025.03835616438,CHIKV_RUN_S9b84_2025,55.50038,-21.26625
3199,2613,REU.3.1_1,REU.3.1_1,0.00307180130442308,0.453232224078072,0.450160422773649,2025.03528436308,2025.03835616438,CHIKV_RUN_S9b81_2025,55.366189,-21.2601
5528,5546,REU.4.1_1,REU.4.1_1,0.0162619831951227,0.453302712091577,0.437040728896455,2025.0221646692,2025.0384266524,NA,NA,NA
3865,3867,REU.4.3_1,REU.4.3_1,0.0237078450674745,0.453318766362626,0.429610921295151,2025.0147348616,2025.03844270667,NA,NA,NA
4350,4351,REU.4.8_1,REU.4.8_1,0.0188120786658182,0.45336907199979,0.434556993333972,2025.01968093364,2025.03849301231,NA,NA,NA
3346,3347,REU.4.3_1,REU.4.3_1,0.0139075847889273,0.453791197875174,0.439883613086247,2025.02500755339,2025.03891513818,NA,NA,NA
3500,3501,REU.4.3_1,REU.4.3_1,0.031233904488329,0.453803823539224,0.422569919050895,2025.00769385936,2025.03892776384,NA,NA,NA
3161,3176,REU.3.4_1,REU.3.4_1,0.0128148427461405,0.45413448758034,0.4413196448342,2025.02644358514,2025.03925842789,NA,NA,NA
3374,3378,REU.4.3_1,REU.4.3_1,0.0151909320481867,0.454152669599201,0.438961737551015,2025.02408567786,2025.0392766099,NA,NA,NA
5898,5899,REU.3.4_1,REU.3.4_1,0.00220791728831948,0.454437182991794,0.452229265703474,2025.03735320601,2025.0395611233,NA,NA,NA
4565,4599,REU.4.4_1,REU.4.4_1,0.0379740005696793,0.454935601807462,0.416961601237782,2025.00208554154,2025.04005954211,NA,NA,NA
3891,3906,REU.4.3_1,REU.4.3_1,0.0603933806471738,0.454948992130978,0.394555611483804,2024.97967955179,2025.04007293244,NA,NA,NA
3695,3700,REU.4.3_1,REU.4.3_1,0.00326691755027564,0.45502660874302,0.451759691192744,2025.0368836315,2025.04015054905,NA,NA,NA
3511,3526,REU.4.3_1,REU.4.3_1,0.00942084155734102,0.455227137537607,0.445806295980266,2025.03093023629,2025.04035107784,NA,NA,NA
5199,5261,REU.3.1_1,REU.3.1_1,0.116526112517665,0.455272521146887,0.338746408629222,2024.92387034893,2025.04039646145,NA,NA,NA
5019,5020,REU.3.1_1,REU.4.8_1,0.0447470568259258,0.455332906572741,0.410585849746815,2024.99570979005,2025.04045684688,NA,NA,NA
5417,5418,REU.3.1_1,REU.4.8_1,0.0740452743461082,0.455374910726604,0.381329636380496,2024.96645357669,2025.04049885103,NA,NA,NA
5476,5477,REU.3.1_1,REU.3.5_1,0.00717780659821543,0.455397751208443,0.448219944610228,2025.03334388492,2025.04052169151,NA,NA,NA
4294,4295,REU.4.3_1,REU.4.3_1,0.0690167347922777,0.455559406242074,0.386542671449797,2024.97166661176,2025.04068334655,NA,NA,NA
5848,5857,REU.3.4_1,REU.3.4_1,0.00244568041806492,0.455611442347033,0.453165761928968,2025.03828970223,2025.04073538265,NA,NA,NA
3417,3418,REU.4.3_1,REU.4.6_1,0.0104061047593584,0.455701866343887,0.445295761584528,2025.03041970189,2025.04082580665,NA,NA,NA
4528,4541,REU.4.4_1,REU.4.4_1,0.0609845179008698,0.455740879989551,0.394756362088681,2024.97988030239,2025.0408648203,NA,NA,NA
5329,5330,REU.4.3_1,REU.4.3_1,0.0229567682597882,0.455815016574347,0.432858248314559,2025.01798218862,2025.04093895688,NA,NA,NA
6192,6193,REU.3.1_1,REU.4.3_1,0.0103951294384368,0.455877805078542,0.445482675640105,2025.03060661595,2025.04100174538,NA,NA,NA
3275,3276,REU.4.3_1,REU.4.3_1,0.00823831497450733,0.455939650316008,0.4477013353415,2025.03282527565,2025.04106359062,NA,NA,NA
3802,3803,REU.4.3_1,REU.4.3_1,0.0377267788504352,0.455974521665167,0.418247742814732,2025.00337168312,2025.04109846197,NA,NA,NA
4816,4817,REU.4.3_1,REU.4.3_1,0.0584854639148052,0.456240563180136,0.39775509926533,2024.98287903957,2025.04136450349,NA,NA,NA
4492,4493,REU.4.3_1,REU.4.3_1,0.0764863650114238,0.456361850704724,0.379875485693301,2024.964999426,2025.04148579101,NA,NA,NA
5823,5824,REU.3.1_1,REU.4.6_1,0.0548400844982789,0.456466287086744,0.401626202588465,2024.98675014289,2025.04159022739,NA,NA,NA
4239,4265,REU.4.3_1,REU.4.3_1,0.0207298307081434,0.456669783678494,0.435939952970351,2025.02106389328,2025.04179372398,NA,NA,NA
5100,5101,REU.4.8_1,REU.4.8_1,0.0111790151774268,0.456746516275914,0.445567501098488,2025.0306914414,2025.04187045658,NA,NA,NA
3121,3122,REU.3.4_1,REU.3.4_1,0.00379718075151259,0.456783964291108,0.452986783539595,2025.03811072384,2025.0419079046,NA,NA,NA
3491,3492,REU.4.3_1,REU.4.8_1,0.0477677072943963,0.456941009923138,0.409173302628742,2024.99429724293,2025.04206495023,NA,NA,NA
4093,4097,REU.4.3_1,REU.4.3_1,0.0586629442429143,0.457010042574076,0.398347098331162,2024.98347103864,2025.04213398288,NA,NA,NA
4689,4690,REU.2.3_1,REU.2.3_1,0.0479171936511472,0.457024076276659,0.409106882625512,2024.99423082293,2025.04214801658,NA,NA,NA
3559,3560,REU.4.3_1,REU.4.3_1,0.03269799860125,0.457258390357719,0.424560391756469,2025.00968433206,2025.04238233066,NA,NA,NA
3265,3288,REU.4.3_1,REU.4.3_1,0.0737535455869796,0.457583159220922,0.383829613633943,2024.96895355394,2025.04270709953,NA,NA,NA
6031,6042,REU.3.1_1,REU.3.1_1,0.0277943139830802,0.457725113362016,0.429930799378936,2025.01505473968,2025.04284905367,NA,NA,NA
4621,4622,REU.4.3_1,REU.4.3_1,0.0864687279352871,0.457751696161969,0.371282968226682,2024.95640690853,2025.04287563647,NA,NA,NA
5031,5033,REU.3.1_1,REU.3.1_1,0.0389571715664332,0.457773412736483,0.41881624117005,2025.00394018148,2025.04289735304,NA,NA,NA
4622,4623,REU.4.3_1,REU.4.3_1,4.42381069130082e-05,0.457795934268882,0.457751696161969,2025.04287563647,2025.04291987457,NA,NA,NA
4764,4765,REU.4.3_1,REU.4.3_1,0.00582909204224491,0.457868477714046,0.452039385671801,2025.03716332598,2025.04299241802,NA,NA,NA
3122,3123,REU.3.4_1,REU.3.4_1,0.0011092888630867,0.457893253154194,0.456783964291108,2025.0419079046,2025.04301719346,NA,NA,NA
3779,3782,REU.4.3_1,REU.4.3_1,0.0172202477485316,0.457989363609831,0.4407691158613,2025.02589305617,2025.04311330392,NA,NA,NA
5202,5203,REU.3.1_1,REU.3.1_1,0.0298730365276101,0.458088354901757,0.428215318374147,2025.01333925868,2025.04321229521,NA,NA,NA
4749,4751,REU.4.3_1,REU.4.3_1,0.039682026310144,0.458138875707802,0.418456849397658,2025.0035807897,2025.04326281601,NA,NA,NA
5662,5663,REU.4.3_1,REU.4.3_1,0.0235747050266387,0.458266843759321,0.434692138732682,2025.01981607904,2025.04339078406,NA,NA,NA
4783,4797,REU.4.3_1,REU.4.3_1,0.0214224940975835,0.458386857945691,0.436964363848107,2025.02208830415,2025.04351079825,NA,NA,NA
4061,4062,REU.4.3_1,REU.4.3_1,0.0134070348960312,0.458422310524042,0.445015275628011,2025.03013921593,2025.04354625083,NA,NA,NA
4409,4429,REU.4.3_1,REU.4.3_1,0.041372331673559,0.458468353611881,0.417096021938322,2025.00221996224,2025.04359229392,NA,NA,NA
3647,3648,REU.4.3_1,REU.4.3_1,0.0165988872689151,0.458570324005713,0.441971436736798,2025.02709537704,2025.04369426431,NA,NA,NA
4463,1639,REU.4.3_1,REU.4.4_1,0.00782664980763736,0.458711676133015,0.450885026325377,2025.03600896663,2025.04383561644,CHIKV_RUN_S8b67_2025,55.56018,-21.342402
3347,3348,REU.4.3_1,REU.4.3_1,0.0051104011369818,0.458901599012156,0.453791197875174,2025.03891513818,2025.04402553932,NA,NA,NA
4880,4881,REU.4.7_1,REU.4.7_1,0.0103527110219497,0.45895119902488,0.44859848800293,2025.03372242831,2025.04407513933,NA,NA,NA
5584,5585,REU.3.1_1,REU.4.8_1,0.0492947275030354,0.459117124880506,0.409822397377471,2024.99494633768,2025.04424106519,NA,NA,NA
4265,4266,REU.4.3_1,REU.4.3_1,0.00260098940493514,0.45927077308343,0.456669783678494,2025.04179372398,2025.04439471339,NA,NA,NA
4351,4352,REU.4.8_1,REU.4.8_1,0.00596539573828203,0.459334467738073,0.45336907199979,2025.03849301231,2025.04445840804,NA,NA,NA
6134,6144,REU.4.5_1,REU.4.5_1,0.0115275473093439,0.459412302035728,0.447884754726384,2025.03300869503,2025.04453624234,NA,NA,NA
5075,5076,REU.3.1_1,REU.3.1_1,0.012202372608011,0.45944269803572,0.447240325427709,2025.03236426573,2025.04456663834,NA,NA,NA
5556,5573,REU.3.1_1,REU.3.1_1,0.104489776127347,0.45955728207523,0.355067505947883,2024.94019144625,2025.04468122238,NA,NA,NA
3704,3705,REU.4.3_1,REU.4.3_1,0.0178298126804546,0.459629736182812,0.441799923502357,2025.02692386381,2025.04475367649,NA,NA,NA
3639,3641,REU.4.3_1,REU.4.3_1,0.0324765170372213,0.459721345005865,0.427244827968644,2025.01236876827,2025.04484528531,NA,NA,NA
4348,4408,REU.4.8_1,REU.4.8_1,0.0385387264802023,0.459811708201554,0.421272981721352,2025.00639692203,2025.04493564851,NA,NA,NA
5122,5123,REU.3.1_1,REU.4.8_1,0.0595706156357944,0.459921851537041,0.400351235901247,2024.98547517621,2025.04504579184,NA,NA,NA
5059,5060,REU.3.1_1,REU.3.1_1,0.00722388512584793,0.459946061067651,0.452722175941803,2025.03784611625,2025.04507000137,NA,NA,NA
5573,5574,REU.3.1_1,REU.3.1_1,0.000589276477575007,0.460146558552805,0.45955728207523,2025.04468122238,2025.04527049886,NA,NA,NA
4722,4741,REU.2.3_1,REU.2.3_1,0.0233315523051439,0.460372599749175,0.437041047444031,2025.02216498775,2025.04549654005,NA,NA,NA
6188,6189,REU.4.8_1,REU.4.8_1,0.0084703581259572,0.460528588324963,0.452058230199006,2025.0371821705,2025.04565252863,NA,NA,NA
5786,5787,REU.2.3_1,REU.2.3_1,0.0261330755777947,0.460567151827489,0.434434076249694,2025.01955801656,2025.04569109213,NA,NA,NA
4646,4647,REU.3.5_1,REU.3.5_1,0.0270033506658399,0.46092399734481,0.43392064667897,2025.01904458698,2025.04604793765,NA,NA,NA
4221,4222,REU.4.3_1,REU.4.3_1,0.0739715787557609,0.460925326312974,0.386953747557213,2024.97207768786,2025.04604926662,NA,NA,NA
5916,5917,REU.2.3_1,REU.2.3_1,0.0719128958763475,0.461080717647501,0.389167821771154,2024.97429176208,2025.04620465795,NA,NA,NA
5307,5313,REU.4.3_1,REU.4.3_1,0.0274629030255079,0.461121359740596,0.433658456715088,2025.01878239702,2025.04624530005,NA,NA,NA
3418,3419,REU.4.6_1,REU.4.6_1,0.00558610534632442,0.461287971690211,0.455701866343887,2025.04082580665,2025.046411912,NA,NA,NA
4097,4098,REU.4.3_1,REU.4.3_1,0.0047736864576482,0.461783729031724,0.457010042574076,2025.04213398288,2025.04690766934,NA,NA,NA
4010,4041,REU.4.3_1,REU.4.3_1,0.0596180398793554,0.46210686925553,0.402488829376175,2024.98761276968,2025.04723080956,NA,NA,NA
5389,5400,REU.3.1_1,REU.3.1_1,0.0345549996366332,0.462155967100672,0.427600967464039,2025.01272490777,2025.04727990741,NA,NA,NA
4784,4785,REU.4.3_1,REU.4.8_1,0.00923975406225563,0.462191408500367,0.452951654438111,2025.03807559474,2025.04731534881,NA,NA,NA
3230,3231,REU.3.1_1,REU.4.8_1,0.0593827876406107,0.462208310994357,0.402825523353746,2024.98794946366,2025.0473322513,NA,NA,NA
3359,3360,REU.4.3_1,REU.4.3_1,0.0490922493028018,0.462257797957326,0.413165548654524,2024.99828948896,2025.04738173826,NA,NA,NA
5225,5226,REU.4.8_1,REU.4.3_1,0.0330994144717421,0.462322977715112,0.42922356324337,2025.01434750355,2025.04744691802,NA,NA,NA
3700,3701,REU.4.3_1,REU.4.3_1,0.00729773088973662,0.462324339632756,0.45502660874302,2025.04015054905,2025.04744827994,NA,NA,NA
5847,5872,REU.3.4_1,REU.3.4_1,0.0196009821404988,0.46237351025923,0.442772528118731,2025.02789646842,2025.04749745056,NA,NA,NA
4599,4600,REU.4.4_1,REU.4.4_1,0.00747015719654243,0.462405759004004,0.454935601807462,2025.04005954211,2025.04752969931,NA,NA,NA
3891,3892,REU.4.3_1,REU.4.3_1,0.0678580296223079,0.462413641106112,0.394555611483804,2024.97967955179,2025.04753758141,NA,NA,NA
4292,4293,REU.4.3_1,REU.4.3_1,0.0317439943193228,0.462582717420144,0.430838723100821,2025.01596266341,2025.04770665773,NA,NA,NA
6077,6149,REU.4.5_1,REU.4.5_1,0.0781523831410049,0.46264659430161,0.384494211160605,2024.96961815147,2025.04777053461,NA,NA,NA
5857,5858,REU.3.4_1,REU.4.3_1,0.0070995569482758,0.462710999295309,0.455611442347033,2025.04073538265,2025.0478349396,NA,NA,NA
3492,3493,REU.4.8_1,REU.4.8_1,0.00586123535203875,0.462802245275177,0.456941009923138,2025.04206495023,2025.04792618558,NA,NA,NA
6163,6164,REU.4.5_1,REU.4.5_1,0.0110465368120235,0.462824793843228,0.451778257031205,2025.03690219734,2025.04794873415,NA,NA,NA
4319,4328,REU.4.3_1,REU.4.3_1,0.0225407444193432,0.462908924841248,0.440368180421905,2025.02549212073,2025.04803286515,NA,NA,NA
4025,4029,REU.4.3_1,REU.4.3_1,0.0126538184866223,0.46304625152184,0.450392433035217,2025.03551637334,2025.04817019183,NA,NA,NA
3215,3216,REU.3.1_1,REU.4.8_1,0.155420566327585,0.463128477451486,0.307707911123901,2024.89283185143,2025.04825241776,NA,NA,NA
4125,4126,REU.4.3_1,REU.4.3_1,0.0403416437932884,0.463511444175155,0.423169800381867,2025.00829374069,2025.04863538448,NA,NA,NA
3979,3980,REU.4.3_1,REU.4.3_1,0.0908520794209006,0.463594483453995,0.372742404033094,2024.95786634434,2025.04871842376,NA,NA,NA
4429,4436,REU.4.3_1,REU.4.3_1,0.00513353018794738,0.463601883799828,0.458468353611881,2025.04359229392,2025.04872582411,NA,NA,NA
3906,3907,REU.4.3_1,REU.4.3_1,0.00877157894088765,0.463720571071865,0.454948992130978,2025.04007293244,2025.04884451138,NA,NA,NA
3703,3710,REU.4.3_1,REU.4.3_1,0.0288522144447951,0.464114871976508,0.435262657531713,2025.02038659784,2025.04923881228,NA,NA,NA
4328,755,REU.4.3_1,REU.4.3_1,0.00128220334648088,0.464191128187729,0.462908924841248,2025.04803286515,2025.04931506849,CHIKV_RUN_S8b66_2025,55.510821,-21.285867
4098,4102,REU.4.3_1,REU.4.3_1,0.00285625684494251,0.464639985876667,0.461783729031724,2025.04690766934,2025.04976392618,NA,NA,NA
4502,4503,REU.4.3_1,REU.4.3_1,0.0313391622716133,0.464683395648303,0.43334423337669,2025.01846817368,2025.04980733595,NA,NA,NA
3926,3932,REU.4.3_1,REU.4.3_1,0.0342005697579929,0.464767762918009,0.430567193160016,2025.01569113347,2025.04989170322,NA,NA,NA
4304,4308,REU.4.3_1,REU.4.3_1,0.0139106388678566,0.464785998592403,0.450875359724546,2025.03599930003,2025.0499099389,NA,NA,NA
5804,5805,REU.3.1_1,REU.3.1_1,0.0389808600590573,0.465065606230735,0.426084746171677,2025.01120868648,2025.05018954654,NA,NA,NA
4647,4648,REU.3.5_1,REU.3.5_1,0.0043539281206787,0.465277925465489,0.46092399734481,2025.04604793765,2025.05040186577,NA,NA,NA
6144,6145,REU.4.5_1,REU.4.5_1,0.00590445277610818,0.465316754811837,0.459412302035728,2025.04453624234,2025.05044069512,NA,NA,NA
4841,4842,REU.4.3_1,REU.4.3_1,0.0186981413229499,0.465532231849194,0.446834090526244,2025.03195803083,2025.05065617215,NA,NA,NA
6079,6080,REU.4.5_1,REU.4.5_1,0.0307765059121785,0.465569272484632,0.434792766572453,2025.01991670688,2025.05069321279,NA,NA,NA
4419,4420,REU.4.3_1,REU.4.3_1,0.0243442455390692,0.465572997332833,0.441228751793764,2025.0263526921,2025.05069693764,NA,NA,NA
4807,4808,REU.4.3_1,REU.4.3_1,0.0191637387289134,0.465611575753215,0.446447837024301,2025.03157177733,2025.05073551606,NA,NA,NA
5558,5564,REU.4.3_1,REU.4.3_1,0.0213614921702479,0.465760276187955,0.444398784017707,2025.02952272432,2025.05088421649,NA,NA,NA
3906,3914,REU.4.3_1,REU.4.3_1,0.0108830946469859,0.465832086777963,0.454948992130978,2025.04007293244,2025.05095602708,NA,NA,NA
5360,5361,REU.4.3_1,REU.4.3_1,0.0608793477260655,0.465966373872998,0.405087026146932,2024.99021096645,2025.05109031418,NA,NA,NA
5932,5933,REU.2.3_1,REU.2.3_1,0.0139875676272166,0.466006417662903,0.452018850035687,2025.03714279034,2025.05113035797,NA,NA,NA
5033,5034,REU.3.1_1,REU.3.1_1,0.00841926953414662,0.46619268227063,0.457773412736483,2025.04289735304,2025.05131662258,NA,NA,NA
5363,5364,REU.4.3_1,REU.4.8_1,0.0579004539649374,0.466549252229744,0.408648798264807,2024.99377273857,2025.05167319254,NA,NA,NA
4436,4443,REU.4.3_1,REU.4.3_1,0.00322319221745815,0.466825076017286,0.463601883799828,2025.04872582411,2025.05194901632,NA,NA,NA
3449,378,REU.4.3_1,REU.4.4_1,0.0254151551064922,0.466930854215087,0.441515699108595,2025.02663963941,2025.05205479452,CHIKV_RUN_S9b73_2025,55.545941,-21.325712
4175,938,REU.4.3_1,REU.4.3_1,0.0202752729715314,0.466930854215087,0.446655581243555,2025.03177952155,2025.05205479452,CHIKV_RUN_S10b70_2025,55.495923,-21.267607
4622,1568,REU.4.3_1,REU.4.3_1,0.00917915805311764,0.466930854215087,0.457751696161969,2025.04287563647,2025.05205479452,CHIKV_RUN_S10b75_2025,55.510689,-21.284803
6144,2086,REU.4.5_1,REU.4.5_1,0.00751855217935837,0.466930854215087,0.459412302035728,2025.04453624234,2025.05205479452,CHIKV_RUN_S10b74_2025,55.635655,-21.3416
3980,3983,REU.4.3_1,REU.4.3_1,0.0036283304197614,0.467222813873756,0.463594483453995,2025.04871842376,2025.05234675418,NA,NA,NA
3538,3545,REU.4.3_1,REU.4.3_1,0.0304991152265244,0.467560416146327,0.437061300919802,2025.02218524123,2025.05268435645,NA,NA,NA
5177,5178,REU.3.4_1,REU.3.4_1,0.0318153966345576,0.467629575045819,0.435814178411261,2025.02093811872,2025.05275351535,NA,NA,NA
3276,3277,REU.4.3_1,REU.4.3_1,0.0117768018506322,0.46771645216664,0.455939650316008,2025.04106359062,2025.05284039247,NA,NA,NA
5857,5863,REU.3.4_1,REU.3.4_1,0.0121579021742092,0.467769344521242,0.455611442347033,2025.04073538265,2025.05289328483,NA,NA,NA
5363,5369,REU.4.3_1,REU.4.6_1,0.0591409849342972,0.467789783199104,0.408648798264807,2024.99377273857,2025.0529137235,NA,NA,NA
3789,3790,REU.4.3_1,REU.4.3_1,0.0192631877968784,0.467804321759979,0.448541133963101,2025.03366507427,2025.05292826207,NA,NA,NA
5599,5600,REU.3.1_1,REU.3.1_1,0.127736137815223,0.467836138517367,0.340100000702145,2024.92522394101,2025.05296007882,NA,NA,NA
5329,5343,REU.4.3_1,REU.4.3_1,0.0351809709506661,0.468039219265225,0.432858248314559,2025.01798218862,2025.05316315957,NA,NA,NA
3958,3963,REU.4.3_1,REU.4.8_1,0.0648252143970636,0.468286746906228,0.403461532509164,2024.98858547281,2025.05341068721,NA,NA,NA
3511,3512,REU.4.3_1,REU.3.5_1,0.0224834376396856,0.468289733619952,0.445806295980266,2025.03093023629,2025.05341367393,NA,NA,NA
5234,5235,REU.3.1_1,REU.2.3_1,0.0659032141824706,0.46838866799422,0.40248545381175,2024.98760939412,2025.0535126083,NA,NA,NA
5848,5849,REU.3.4_1,REU.3.4_1,0.0154699042285606,0.468635666157529,0.453165761928968,2025.03828970223,2025.05375960646,NA,NA,NA
5899,5902,REU.3.4_1,REU.3.4_1,0.0144280090145918,0.468865192006385,0.454437182991794,2025.0395611233,2025.05398913231,NA,NA,NA
4541,4542,REU.4.4_1,REU.4.4_1,0.0132093538935156,0.468950233883067,0.455740879989551,2025.0408648203,2025.05407417419,NA,NA,NA
4931,4941,REU.4.5_1,REU.4.7_1,0.02231409252742,0.469398204350493,0.447084111823073,2025.03220805213,2025.05452214466,NA,NA,NA
6008,6009,REU.3.1_1,REU.4.3_1,0.103943894371713,0.469505273257361,0.365561378885649,2024.95068531919,2025.05462921356,NA,NA,NA
5764,5765,REU.3.1_1,REU.4.3_1,0.050995946883645,0.469620228415144,0.418624281531499,2025.00374822184,2025.05474416872,NA,NA,NA
4183,4186,REU.4.3_1,REU.4.3_1,0.0180439572145565,0.469621627072872,0.451577669858316,2025.03670161016,2025.05474556738,NA,NA,NA
5389,5390,REU.3.1_1,REU.3.1_1,0.0420391720112206,0.46964013947526,0.427600967464039,2025.01272490777,2025.05476407978,NA,NA,NA
3264,498,REU.4.3_1,REU.4.3_1,0.089098490706038,0.469670580242671,0.380572089536633,2024.96569602984,2025.05479452055,CHIKV_RUN_S10b72_2025,55.514204,-21.283936
3176,2438,REU.3.4_1,REU.3.4_1,0.0155360926623315,0.469670580242671,0.45413448758034,2025.03925842789,2025.05479452055,CHIKV_RUN_S9b79_2025,55.314822,-21.220641
4817,623,REU.4.3_1,REU.2.3_1,0.0134300170625358,0.469670580242671,0.456240563180136,2025.04136450349,2025.05479452055,CHIKV_RUN_S10b73_2025,55.459243,-20.89727
5808,5810,REU.3.1_1,REU.3.1_1,0.0923158035063918,0.469739188443383,0.377423384936991,2024.96254732524,2025.05486312875,NA,NA,NA
4941,4942,REU.4.7_1,REU.4.7_1,0.000374751063003775,0.469772955413496,0.469398204350493,2025.05452214466,2025.05489689572,NA,NA,NA
3729,3730,REU.3.5_1,REU.3.5_1,0.0295220788269067,0.469792249645674,0.440270170818767,2025.02539411112,2025.05491618995,NA,NA,NA
4272,4273,REU.4.3_1,REU.4.3_1,0.088823577600828,0.469818523792881,0.380994946192053,2024.9661188865,2025.0549424641,NA,NA,NA
4503,4504,REU.4.3_1,REU.4.8_1,0.00525357849887254,0.469936974147176,0.464683395648303,2025.04980733595,2025.05506091445,NA,NA,NA
4158,4159,REU.4.3_1,REU.4.3_1,0.048649075889711,0.469980303074791,0.42133122718508,2025.00645516749,2025.05510424338,NA,NA,NA
6145,6148,REU.4.5_1,REU.4.5_1,0.00480198487529271,0.470118739687129,0.465316754811837,2025.05044069512,2025.05524267999,NA,NA,NA
3216,3217,REU.4.8_1,REU.4.8_1,0.00699654351208057,0.470125020963567,0.463128477451486,2025.04825241776,2025.05524896127,NA,NA,NA
5811,5812,REU.3.1_1,REU.4.3_1,0.220575913948942,0.470416875570707,0.249840961621765,2024.83496490193,2025.05554081588,NA,NA,NA
3331,3332,REU.4.3_1,REU.4.3_1,0.0373072745124022,0.470546626682901,0.433239352170499,2025.01836329248,2025.05567056699,NA,NA,NA
4600,4601,REU.4.4_1,REU.4.4_1,0.00819627088147312,0.470602029885477,0.462405759004004,2025.04752969931,2025.05572597019,NA,NA,NA
4328,4329,REU.4.3_1,REU.4.3_1,0.00777070831236637,0.470679633153615,0.462908924841248,2025.04803286515,2025.05580357346,NA,NA,NA
4177,4178,REU.4.3_1,REU.4.3_1,0.0478064178327317,0.470719198302026,0.422912780469294,2025.00803672077,2025.05584313861,NA,NA,NA
4125,4147,REU.4.3_1,REU.4.3_1,0.0479592038226246,0.471129004204491,0.423169800381867,2025.00829374069,2025.05625294451,NA,NA,NA
5418,5423,REU.4.8_1,REU.3.5_1,0.0158442289900826,0.471219139716687,0.455374910726604,2025.04049885103,2025.05634308002,NA,NA,NA
4965,4969,REU.2.3_1,REU.2.3_1,0.0268502568979325,0.47137043281408,0.444520175916148,2025.02964411622,2025.05649437312,NA,NA,NA
3526,3527,REU.4.3_1,REU.4.3_1,0.0165253948515934,0.471752532389201,0.455227137537607,2025.04035107784,2025.05687647269,NA,NA,NA
5348,5349,REU.3.1_1,REU.3.1_1,0.151298805612531,0.471782289207915,0.320483483595383,2024.9056074239,2025.05690622951,NA,NA,NA
4102,4103,REU.4.3_1,REU.4.3_1,0.00722803213707457,0.471868018013741,0.464639985876667,2025.04976392618,2025.05699195832,NA,NA,NA
3749,3751,REU.3.5_1,REU.4.8_1,0.0293827713929561,0.471872542157615,0.442489770764659,2025.02761371107,2025.05699648246,NA,NA,NA
3378,3379,REU.4.3_1,REU.4.3_1,0.0177279737588816,0.471880643358083,0.454152669599201,2025.0392766099,2025.05700458366,NA,NA,NA
5886,5894,REU.3.4_1,REU.3.4_1,0.0557610987237892,0.471887407271069,0.41612630854728,2025.00125024885,2025.05701134758,NA,NA,NA
3983,3984,REU.4.3_1,REU.4.3_1,0.00474907211286624,0.471971885986622,0.467222813873756,2025.05234675418,2025.05709582629,NA,NA,NA
3641,3642,REU.4.3_1,REU.4.3_1,0.012415037903591,0.472136382909456,0.459721345005865,2025.04484528531,2025.05726032321,NA,NA,NA
5284,2562,REU.4.8_1,REU.4.8_1,0.0375300047323089,0.472410306270029,0.43488030153772,2025.02000424184,2025.05753424658,CHIKV_RUN_S9b80_2025,55.469145,-21.276392
5714,5729,REU.3.1_1,REU.3.1_1,0.0353114422357073,0.472530822305889,0.437219380070182,2025.02234332038,2025.05765476261,NA,NA,NA
5142,5143,REU.3.1_1,REU.3.1_1,0.0442113187375719,0.47261926117122,0.428407942433648,2025.01353188274,2025.05774320148,NA,NA,NA
4723,4724,REU.2.3_1,REU.2.3_1,0.031639841493283,0.472660585502249,0.441020744008966,2025.02614468431,2025.05778452581,NA,NA,NA
5390,5391,REU.3.1_1,REU.3.1_1,0.00305977121602619,0.472699910691286,0.46964013947526,2025.05476407978,2025.057823851,NA,NA,NA
3980,3981,REU.4.3_1,REU.4.3_1,0.00930815636399451,0.472902639817989,0.463594483453995,2025.04871842376,2025.05802658012,NA,NA,NA
3151,3152,REU.3.4_1,REU.3.4_1,0.0284199004756124,0.473006901038185,0.444587000562572,2025.02971094087,2025.05813084134,NA,NA,NA
3584,3585,REU.4.8_1,REU.4.8_1,0.02096566619962,0.473103114835615,0.452137448635995,2025.03726138894,2025.05822705514,NA,NA,NA
4856,4859,REU.4.3_1,REU.4.3_1,0.0462944359018753,0.473259752642152,0.426965316740277,2025.01208925705,2025.05838369295,NA,NA,NA
4550,4551,REU.4.4_1,REU.4.4_1,0.0223440709238824,0.473395585872029,0.451051514948147,2025.03617545525,2025.05851952618,NA,NA,NA
3650,3659,REU.4.3_1,REU.4.3_1,0.0244722363679309,0.473622928938285,0.449150692570354,2025.03427463288,2025.05874686924,NA,NA,NA
5701,5702,REU.3.1_1,REU.4.8_1,0.0961976840915771,0.473864229936404,0.377666545844827,2024.96279048615,2025.05898817024,NA,NA,NA
4817,4818,REU.4.3_1,REU.4.3_1,0.0180767833338314,0.474317346513967,0.456240563180136,2025.04136450349,2025.05944128682,NA,NA,NA
5034,5036,REU.3.1_1,REU.2.2_1,0.008153022580626,0.474345704851256,0.46619268227063,2025.05131662258,2025.05946964516,NA,NA,NA
3463,3466,REU.4.3_1,REU.4.3_1,0.0784873983601605,0.474376360801464,0.395888962441304,2024.98101290275,2025.05950030111,NA,NA,NA
3782,3783,REU.4.3_1,REU.4.3_1,0.0164550765018046,0.474444440111636,0.457989363609831,2025.04311330392,2025.05956838042,NA,NA,NA
4378,4389,REU.4.8_1,REU.4.8_1,0.0351807336686042,0.474504499359983,0.439323765691379,2025.024447706,2025.05962843967,NA,NA,NA
4041,4042,REU.4.3_1,REU.4.3_1,0.0126748866880582,0.474781755943589,0.46210686925553,2025.04723080956,2025.05990569625,NA,NA,NA
3587,3593,REU.4.8_1,REU.4.8_1,0.0609690153403012,0.474800941127546,0.413831925787244,2024.99895586609,2025.05992488143,NA,NA,NA
4350,4366,REU.4.8_1,REU.4.6_1,0.0404116118382909,0.474968605172263,0.434556993333972,2025.01968093364,2025.06009254548,NA,NA,NA
5097,5134,REU.3.1_1,REU.4.3_1,0.0910449253308299,0.474995373292765,0.383950447961935,2024.96907438827,2025.0601193136,NA,NA,NA
5702,5704,REU.4.8_1,REU.4.8_1,0.00127686372240587,0.47514109365881,0.473864229936404,2025.05898817024,2025.06026503396,NA,NA,NA
3255,254,REU.4.3_1,REU.3.4_1,0.032780373704858,0.475150032297386,0.442369658592528,2025.0274935989,2025.0602739726,CHIKV_RUN_S9b66_2025,55.28587,-21.158538
3926,3927,REU.4.3_1,REU.4.3_1,0.0448714014526722,0.475438594612689,0.430567193160016,2025.01569113347,2025.06056253492,NA,NA,NA
5546,5548,REU.4.1_1,REU.4.1_1,0.022332686922272,0.475635399013849,0.453302712091577,2025.0384266524,2025.06075933932,NA,NA,NA
4012,4013,REU.4.3_1,REU.4.3_1,0.0251340716147468,0.47573503913996,0.450600967525213,2025.03572490783,2025.06085897945,NA,NA,NA
4429,4430,REU.4.3_1,REU.4.3_1,0.0173599517635354,0.475828305375416,0.458468353611881,2025.04359229392,2025.06095224568,NA,NA,NA
6068,6069,REU.3.1_1,REU.3.1_1,0.0559037514605968,0.476135218177742,0.420231466717146,2025.00535540702,2025.06125915848,NA,NA,NA
4797,4798,REU.4.3_1,REU.4.3_1,0.017804971896467,0.476191829842158,0.458386857945691,2025.04351079825,2025.06131577015,NA,NA,NA
4049,4050,REU.4.3_1,REU.4.3_1,0.0317182496369772,0.476210633664894,0.444492384027917,2025.02961632433,2025.06133457397,NA,NA,NA
3538,3539,REU.4.3_1,REU.4.3_1,0.0391904639354972,0.476251764855299,0.437061300919802,2025.02218524123,2025.06137570516,NA,NA,NA
4962,4963,REU.3.1_1,REU.3.1_1,0.0644733108322209,0.47633557859553,0.41186226776331,2024.99698620807,2025.0614595189,NA,NA,NA
5369,5370,REU.4.6_1,REU.4.6_1,0.00859995478297759,0.476389737982082,0.467789783199104,2025.0529137235,2025.06151367829,NA,NA,NA
4289,4290,REU.4.3_1,REU.4.3_1,0.0646224053219169,0.476563346036402,0.411940940714485,2024.99706488102,2025.06168728634,NA,NA,NA
4050,4052,REU.4.3_1,REU.4.3_1,0.00040180807853063,0.476612441743425,0.476210633664894,2025.06133457397,2025.06173638205,NA,NA,NA
3466,3467,REU.4.3_1,REU.4.3_1,0.00227194386249996,0.476648304663964,0.474376360801464,2025.05950030111,2025.06177224497,NA,NA,NA
5933,5934,REU.2.3_1,REU.2.3_1,0.0107216496103814,0.476728067273285,0.466006417662903,2025.05113035797,2025.06185200758,NA,NA,NA
4029,4037,REU.4.3_1,REU.4.3_1,0.0137430313934765,0.476789282915316,0.46304625152184,2025.04817019183,2025.06191322322,NA,NA,NA
5899,5900,REU.3.4_1,REU.3.4_1,0.0223831433260271,0.476820326317821,0.454437182991794,2025.0395611233,2025.06194426662,NA,NA,NA
6216,6217,REU.3.1_1,REU.3.1_1,0.0621440496027157,0.476862003662325,0.414717954059609,2024.99984189437,2025.06198594397,NA,NA,NA
6080,6084,REU.4.5_1,REU.4.5_1,0.0113300293506992,0.476899301835331,0.465569272484632,2025.05069321279,2025.06202324214,NA,NA,NA
4103,4104,REU.4.3_1,REU.4.3_1,0.0050610634896604,0.476929081503402,0.471868018013741,2025.05699195832,2025.06205302181,NA,NA,NA
3348,3354,REU.4.3_1,REU.4.3_1,0.0180971642857014,0.476998763297858,0.458901599012156,2025.04402553932,2025.0621227036,NA,NA,NA
5034,5035,REU.3.1_1,REU.3.1_1,0.0110862013127493,0.477278883583379,0.46619268227063,2025.05131662258,2025.06240282389,NA,NA,NA
5176,5191,REU.3.4_1,REU.3.4_1,0.0762821420068359,0.477355482890398,0.401073340883563,2024.98619728119,2025.0624794232,NA,NA,NA
3593,3611,REU.4.8_1,REU.4.8_1,0.00256842132113178,0.477369362448677,0.474800941127546,2025.05992488143,2025.06249330275,NA,NA,NA
4339,4345,REU.4.3_1,REU.4.3_1,0.0333859667097788,0.477378446698608,0.443992479988829,2025.02911642029,2025.062502387,NA,NA,NA
4840,4853,REU.4.3_1,REU.4.3_1,0.0439103469187452,0.477526440217755,0.433616093299009,2025.0187400336,2025.06265038052,NA,NA,NA
3943,3944,REU.4.3_1,REU.4.3_1,0.0682471417696263,0.477860539962314,0.409613398192687,2024.9947373385,2025.06298448027,NA,NA,NA
3647,1522,REU.4.3_1,REU.4.3_1,0.0359183215879462,0.477889758324744,0.441971436736798,2025.02709537704,2025.06301369863,CHIKV_RUN_S9b64_2025,55.5149,-21.268858
3822,270,REU.4.3_1,REU.4.3_1,0.032493582452549,0.477889758324744,0.445396175872195,2025.03052011618,2025.06301369863,CHIKV_RUN_S9b65_2025,55.525635,-21.281006
4266,850,REU.4.3_1,REU.4.3_1,0.0186189852413141,0.477889758324744,0.45927077308343,2025.04439471339,2025.06301369863,CHIKV_RUN_S9b62_2025,55.521447,-21.281511
5849,2965,REU.3.4_1,REU.3.4_1,0.00925409216721496,0.477889758324744,0.468635666157529,2025.05375960646,2025.06301369863,CHIKV_RUN_S9b61_2025,55.32904,-21.163219
4542,4544,REU.4.4_1,REU.4.4_1,0.00915643427777968,0.478106668160846,0.468950233883067,2025.05407417419,2025.06323060847,NA,NA,NA
6189,6191,REU.4.8_1,REU.4.8_1,0.0176863075531777,0.478214895878141,0.460528588324963,2025.04565252863,2025.06333883618,NA,NA,NA
5330,5338,REU.4.3_1,REU.4.3_1,0.0224420270301798,0.478257043604527,0.455815016574347,2025.04093895688,2025.06338098391,NA,NA,NA
4859,4860,REU.4.3_1,REU.4.3_1,0.00500210255675881,0.478261855198911,0.473259752642152,2025.05838369295,2025.0633857955,NA,NA,NA
3360,3361,REU.4.3_1,REU.4.3_1,0.0161215292918061,0.478379327249132,0.462257797957326,2025.04738173826,2025.06350326755,NA,NA,NA
3841,3842,REU.4.3_1,REU.4.8_1,0.0631162979990662,0.478502612168326,0.41538631416926,2025.00051025447,2025.06362655247,NA,NA,NA
3710,3712,REU.4.3_1,REU.3.5_1,0.0144093608212077,0.478524232797716,0.464114871976508,2025.04923881228,2025.0636481731,NA,NA,NA
4648,4655,REU.3.5_1,REU.3.5_1,0.0132821447132143,0.478560070178703,0.465277925465489,2025.05040186577,2025.06368401048,NA,NA,NA
3484,3485,REU.4.3_1,REU.4.3_1,0.0661603745311423,0.478656770097413,0.412496395566271,2024.99762033587,2025.0637807104,NA,NA,NA
3611,3612,REU.4.8_1,REU.4.8_1,0.00146019390796326,0.478829556356641,0.477369362448677,2025.06249330275,2025.06395349666,NA,NA,NA
4646,4674,REU.3.5_1,REU.3.5_1,0.0449961605167291,0.478916807195699,0.43392064667897,2025.01904458698,2025.0640407475,NA,NA,NA
3121,3132,REU.3.4_1,REU.3.4_1,0.0259832313000179,0.478970014839613,0.452986783539595,2025.03811072384,2025.06409395514,NA,NA,NA
4159,4160,REU.4.3_1,REU.4.3_1,0.0089999030815161,0.478980206156307,0.469980303074791,2025.05510424338,2025.06410414646,NA,NA,NA
5503,5504,REU.3.1_1,REU.3.1_1,0.0353732867044493,0.479103686576503,0.443730399872054,2025.02885434018,2025.06422762688,NA,NA,NA
5147,5159,REU.3.1_1,REU.3.1_1,0.0436992642716574,0.479217024071401,0.435517759799743,2025.02064170011,2025.06434096438,NA,NA,NA
5683,5684,REU.4.3_1,REU.4.3_1,0.0389539955094931,0.479282534570029,0.440328539060536,2025.02545247937,2025.06440647488,NA,NA,NA
5374,5375,REU.3.1_1,REU.3.1_1,0.0632560470662701,0.479294843118443,0.416038796052172,2025.00116273636,2025.06441878342,NA,NA,NA
4932,4933,REU.4.5_1,REU.4.5_1,0.029538619820264,0.479518228101939,0.449979608281675,2025.03510354859,2025.06464216841,NA,NA,NA
3729,3739,REU.3.5_1,REU.3.5_1,0.0393977437510442,0.479667914569811,0.440270170818767,2025.02539411112,2025.06479185488,NA,NA,NA
3348,3349,REU.4.3_1,REU.4.3_1,0.02078833516191,0.479689934174066,0.458901599012156,2025.04402553932,2025.06481387448,NA,NA,NA
3161,3162,REU.3.4_1,REU.3.4_1,0.0383904370456313,0.479710081879831,0.4413196448342,2025.02644358514,2025.06483402219,NA,NA,NA
3132,3141,REU.3.4_1,REU.3.4_1,0.000792591958294842,0.479762606797908,0.478970014839613,2025.06409395514,2025.0648865471,NA,NA,NA
6062,6063,REU.3.1_1,REU.4.3_1,0.193865050975391,0.479894729560567,0.286029678585176,2024.87115361889,2025.06501866987,NA,NA,NA
4420,4425,REU.4.3_1,REU.4.3_1,0.0143454127168784,0.479918410049712,0.465572997332833,2025.05069693764,2025.06504235036,NA,NA,NA
3485,3488,REU.4.3_1,REU.4.3_1,0.00127531236403333,0.479932082461447,0.478656770097413,2025.0637807104,2025.06505602277,NA,NA,NA
6113,6114,REU.4.5_1,REU.4.5_1,0.0575737019341431,0.479967276937158,0.422393575003015,2025.00751751531,2025.06509121724,NA,NA,NA
4601,4602,REU.4.4_1,REU.4.4_1,0.00940061802130043,0.480002647906778,0.470602029885477,2025.05572597019,2025.06512658821,NA,NA,NA
5704,5710,REU.4.8_1,REU.4.8_1,0.00492435270364955,0.480065446362459,0.47514109365881,2025.06026503396,2025.06518938667,NA,NA,NA
5226,5227,REU.4.3_1,REU.3.5_1,0.0178204253093009,0.480143403024413,0.462322977715112,2025.04744691802,2025.06526734333,NA,NA,NA
5242,5243,REU.4.8_1,REU.4.8_1,0.0354085914017258,0.48035773488995,0.444949143488224,2025.03007308379,2025.0654816752,NA,NA,NA
4942,226,REU.4.7_1,REU.4.7_1,0.0108565289386047,0.480629484352101,0.469772955413496,2025.05489689572,2025.06575342466,CHIKV_RUN_S9b63_2025,55.7704,-21.359617
4037,4038,REU.4.3_1,REU.4.3_1,0.00386791998490021,0.480657202900217,0.476789282915316,2025.06191322322,2025.06578114321,NA,NA,NA
5642,5643,REU.3.1_1,REU.3.1_1,0.101963840184489,0.480721685121563,0.378757844937074,2024.96388178524,2025.06584562543,NA,NA,NA
5846,5880,REU.3.4_1,REU.3.4_1,0.0601610195025327,0.480809228437807,0.420648208935274,2025.00577214924,2025.06593316874,NA,NA,NA
4186,4187,REU.4.3_1,REU.4.3_1,0.0113869539123337,0.481008580985206,0.469621627072872,2025.05474556738,2025.06613252129,NA,NA,NA
3288,3289,REU.4.3_1,REU.4.3_1,0.0234458165664594,0.481028975787381,0.457583159220922,2025.04270709953,2025.06615291609,NA,NA,NA
5684,5685,REU.4.3_1,REU.4.3_1,0.00178224727779763,0.481064781847827,0.479282534570029,2025.06440647488,2025.06618872215,NA,NA,NA
4723,4734,REU.2.3_1,REU.2.3_1,0.0401098858616393,0.481130629870606,0.441020744008966,2025.02614468431,2025.06625457018,NA,NA,NA
3583,3586,REU.4.8_1,REU.4.8_1,0.0849571729576166,0.481163057571805,0.396205884614188,2024.98132982492,2025.06628699788,NA,NA,NA
3332,3337,REU.4.3_1,REU.4.3_1,0.0108331960470494,0.481379822729951,0.470546626682901,2025.05567056699,2025.06650376304,NA,NA,NA
6164,6165,REU.4.5_1,REU.4.5_1,0.018595070061288,0.481419863904516,0.462824793843228,2025.04794873415,2025.06654380421,NA,NA,NA
4674,4675,REU.3.5_1,REU.3.5_1,0.00261055212981831,0.481527359325518,0.478916807195699,2025.0640407475,2025.06665129963,NA,NA,NA
3823,3825,REU.4.3_1,REU.4.3_1,0.081250170871174,0.481540728518969,0.400290557647795,2024.98541449795,2025.06666466882,NA,NA,NA
3684,3685,REU.4.8_1,REU.4.8_1,0.0886869972154639,0.481813876480102,0.393126879264639,2024.97825081957,2025.06693781679,NA,NA,NA
3779,3780,REU.4.3_1,REU.4.3_1,0.0410587402547548,0.481827856116054,0.4407691158613,2025.02589305617,2025.06695179642,NA,NA,NA
5134,5135,REU.4.3_1,REU.4.3_1,0.00700632090211251,0.482001694194878,0.474995373292765,2025.0601193136,2025.0671256345,NA,NA,NA
4410,4411,REU.4.3_1,REU.4.3_1,0.0578780342140514,0.482013845709901,0.42413581149585,2025.0092597518,2025.06713778602,NA,NA,NA
5808,5809,REU.3.1_1,REU.3.4_1,0.104657669636208,0.4820810545732,0.377423384936991,2024.96254732524,2025.06720499488,NA,NA,NA
3593,3594,REU.4.8_1,REU.4.8_1,0.0072957487394203,0.482096689866966,0.474800941127546,2025.05992488143,2025.06722063017,NA,NA,NA
4818,4826,REU.4.3_1,REU.4.3_1,0.00783957458808204,0.482156921102049,0.474317346513967,2025.05944128682,2025.06728086141,NA,NA,NA
3560,3561,REU.4.3_1,REU.4.8_1,0.0249177065831929,0.482176096940912,0.457258390357719,2025.04238233066,2025.06730003725,NA,NA,NA
3321,3322,REU.4.3_1,REU.4.3_1,0.0392527473809876,0.482218559004551,0.442965811623564,2025.02808975193,2025.06734249931,NA,NA,NA
5261,5262,REU.3.1_1,REU.3.1_1,0.0269958259714586,0.482268347118346,0.455272521146887,2025.04039646145,2025.06739228742,NA,NA,NA
4192,4193,REU.4.3_1,REU.4.3_1,0.0372160924678524,0.482303844812202,0.445087752344349,2025.03021169265,2025.06742778512,NA,NA,NA
3277,3278,REU.4.3_1,REU.4.3_1,0.014657271152321,0.482373723318961,0.46771645216664,2025.05284039247,2025.06749766362,NA,NA,NA
3639,3640,REU.4.3_1,REU.4.8_1,0.0552228944475861,0.48246772241623,0.427244827968644,2025.01236876827,2025.06759166272,NA,NA,NA
3437,3438,REU.4.3_1,REU.4.3_1,0.0878868302774871,0.482544774236776,0.394657943959289,2024.97978188426,2025.06766871454,NA,NA,NA
6089,6090,REU.4.5_1,REU.4.5_1,0.0426745146675641,0.482546790094204,0.43987227542664,2025.02499621573,2025.0676707304,NA,NA,NA
4623,4624,REU.4.3_1,REU.4.3_1,0.0247636527392032,0.482559587008085,0.457795934268882,2025.04291987457,2025.06768352731,NA,NA,NA
3239,3241,REU.3.1_1,REU.4.8_1,0.121853014690663,0.482682018946437,0.360829004255773,2024.94595294456,2025.06780595925,NA,NA,NA
5349,5355,REU.3.1_1,REU.3.1_1,0.0109153285820756,0.48269761778999,0.471782289207915,2025.05690622951,2025.0678215581,NA,NA,NA
5528,5529,REU.4.1_1,REU.4.1_1,0.0457473448708697,0.482788073767324,0.437040728896455,2025.0221646692,2025.06791201407,NA,NA,NA
3594,3595,REU.4.8_1,REU.4.8_1,0.00106200446290328,0.483158694329869,0.482096689866966,2025.06722063017,2025.06828263464,NA,NA,NA
5529,5530,REU.4.1_1,REU.4.1_1,0.00051433144466817,0.483302405211993,0.482788073767324,2025.06791201407,2025.06842634552,NA,NA,NA
4969,4970,REU.2.3_1,REU.2.3_1,0.0119846767953433,0.483355109609424,0.47137043281408,2025.05649437312,2025.06847904991,NA,NA,NA
3561,1133,REU.4.8_1,REU.4.8_1,0.00119311343854644,0.483369210379458,0.482176096940912,2025.06730003725,2025.06849315068,CHIKV_RUN_S9b59_2025,55.506982,-21.290194
3650,3651,REU.4.3_1,REU.4.3_1,0.0343279399451326,0.483478632515487,0.449150692570354,2025.03427463288,2025.06860257282,NA,NA,NA
5313,5314,REU.4.3_1,REU.4.8_1,0.0224723522217812,0.483593711962377,0.461121359740596,2025.04624530005,2025.06871765227,NA,NA,NA
6114,6119,REU.4.5_1,REU.4.5_1,0.00406413264292649,0.484031409580084,0.479967276937158,2025.06509121724,2025.06915534989,NA,NA,NA
4097,4112,REU.4.3_1,REU.4.3_1,0.0270403569542348,0.484050399528311,0.457010042574076,2025.04213398288,2025.06917433983,NA,NA,NA
5964,5965,REU.2.3_1,REU.2.3_1,0.0468163221806337,0.484074746657936,0.437258424477302,2025.02238236478,2025.06919868696,NA,NA,NA
5507,5509,REU.3.1_1,REU.3.1_1,0.0398330163726369,0.484074990802676,0.444241974430039,2025.02936591474,2025.06919893111,NA,NA,NA
4993,4996,REU.3.1_1,REU.3.1_1,0.0543522318703002,0.484146819591042,0.429794587720742,2025.01491852803,2025.0692707599,NA,NA,NA
6080,6081,REU.4.5_1,REU.4.5_1,0.0186342892582951,0.484203561742927,0.465569272484632,2025.05069321279,2025.06932750205,NA,NA,NA
4191,4214,REU.4.3_1,REU.4.3_1,0.0724359488932801,0.484237191384279,0.411801242490999,2024.9969251828,2025.06936113169,NA,NA,NA
5530,5531,REU.4.1_1,REU.4.1_1,0.000973841069213055,0.484276246281206,0.483302405211993,2025.06842634552,2025.06940018659,NA,NA,NA
4193,4195,REU.4.3_1,REU.4.3_1,0.00198764850800248,0.484291493320204,0.482303844812202,2025.06742778512,2025.06941543363,NA,NA,NA
4534,4535,REU.4.4_1,REU.4.8_1,0.0544833341318539,0.484355906331961,0.429872572200107,2025.01499651251,2025.06947984664,NA,NA,NA
3963,3965,REU.4.8_1,REU.4.8_1,0.0162937714147126,0.48458051832094,0.468286746906228,2025.05341068721,2025.06970445863,NA,NA,NA
3642,3643,REU.4.3_1,REU.4.3_1,0.01251538713766,0.484651770047116,0.472136382909456,2025.05726032321,2025.06977571035,NA,NA,NA
4093,4094,REU.4.3_1,REU.4.3_1,0.0864688720919283,0.48481597042309,0.398347098331162,2024.98347103864,2025.06993991073,NA,NA,NA
3288,3295,REU.4.3_1,REU.4.3_1,0.0272833412051116,0.484866500426034,0.457583159220922,2025.04270709953,2025.06999044073,NA,NA,NA
3643,3644,REU.4.3_1,REU.4.3_1,0.00024215039017339,0.48489392043729,0.484651770047116,2025.06977571035,2025.07001786074,NA,NA,NA
5101,5112,REU.4.8_1,REU.4.8_1,0.0281802508024139,0.484926767078328,0.456746516275914,2025.04187045658,2025.07005070738,NA,NA,NA
5858,5859,REU.4.3_1,REU.4.3_1,0.0222887816430577,0.484999780938366,0.462710999295309,2025.0478349396,2025.07012372124,NA,NA,NA
4449,4450,REU.4.3_1,REU.4.8_1,0.0863632127984139,0.485005973268097,0.398642760469683,2024.98376670078,2025.07012991357,NA,NA,NA
5370,5371,REU.4.6_1,REU.4.6_1,0.00874297521474354,0.485132713196825,0.476389737982082,2025.06151367829,2025.0702566535,NA,NA,NA
4826,4832,REU.4.3_1,REU.4.3_1,0.00299535662698169,0.485152277729031,0.482156921102049,2025.06728086141,2025.07027621803,NA,NA,NA
4832,4833,REU.4.3_1,REU.4.3_1,0.000149763055823038,0.485302040784854,0.485152277729031,2025.07027621803,2025.07042598109,NA,NA,NA
3803,3804,REU.4.3_1,REU.4.3_1,0.0293907462518589,0.485365267917026,0.455974521665167,2025.04109846197,2025.07048920822,NA,NA,NA
5872,5873,REU.3.4_1,REU.3.4_1,0.023037497721867,0.485411007981097,0.46237351025923,2025.04749745056,2025.07053494829,NA,NA,NA
5824,5832,REU.4.6_1,REU.4.8_1,0.0292865877148357,0.48575287480158,0.456466287086744,2025.04159022739,2025.07087681511,NA,NA,NA
3685,3686,REU.4.8_1,REU.4.8_1,0.00405665778166853,0.485870534261771,0.481813876480102,2025.06693781679,2025.07099447457,NA,NA,NA
3927,3928,REU.4.3_1,REU.4.3_1,0.0106384455209311,0.48607704013362,0.475438594612689,2025.06056253492,2025.07120098044,NA,NA,NA
5459,5460,REU.4.5_1,REU.4.5_1,0.0479765212121434,0.486102078621573,0.43812555740943,2025.02324949771,2025.07122601893,NA,NA,NA
3888,1752,REU.4.3_1,REU.4.4_1,0.116139366504738,0.486108936407043,0.369969569902305,2024.95509351021,2025.07123287671,CHIKV_RUN_S15b08_2025,55.561293,-21.342422
4182,319,REU.4.3_1,REU.4.3_1,0.0519184265578161,0.486108936407043,0.434190509849227,2025.01931445015,2025.07123287671,CHIKV_RUN_S15b25_2025,55.504538,-21.23339
5898,2959,REU.3.4_1,REU.3.4_1,0.0338796707035691,0.486108936407043,0.452229265703474,2025.03735320601,2025.07123287671,CHIKV_RUN_S12b45_2025,55.30615,-21.16494
4765,287,REU.4.3_1,REU.4.3_1,0.0282404586929969,0.486108936407043,0.457868477714046,2025.04299241802,2025.07123287671,CHIKV_RUN_S9b70_2025,55.524018,-21.28018
5123,1781,REU.4.8_1,REU.4.4_1,0.0261870848700023,0.486108936407043,0.459921851537041,2025.04504579184,2025.07123287671,CHIKV_RUN_S12b82_2025,55.563741,-21.359648
4741,974,REU.2.3_1,REU.4.8_1,0.0257363366578683,0.486108936407043,0.460372599749175,2025.04549654005,2025.07123287671,CHIKV_RUN_S15b27_2025,55.487095,-21.27371
4600,1185,REU.4.4_1,REU.4.3_1,0.0237031774030392,0.486108936407043,0.462405759004004,2025.04752969931,2025.07123287671,CHIKV_RUN_S15b16_2025,55.524533,-21.252621
4941,225,REU.4.7_1,REU.4.7_1,0.0167107320565506,0.486108936407043,0.469398204350493,2025.05452214466,2025.07123287671,CHIKV_RUN_S15b42_2025,55.787996,-21.351312
5810,3071,REU.3.1_1,REU.3.1_1,0.01636974796366,0.486108936407043,0.469739188443383,2025.05486312875,2025.07123287671,CHIKV_RUN_S15b56_2025,55.366553,-21.258276
6063,2843,REU.4.3_1,REU.4.3_1,0.00621420684647578,0.486108936407043,0.479894729560567,2025.06501866987,2025.07123287671,CHIKV_RUN_S15b43_2025,55.551621,-21.272343
3337,593,REU.4.3_1,REU.4.3_1,0.00472911367709239,0.486108936407043,0.481379822729951,2025.06650376304,2025.07123287671,CHIKV_RUN_S9b67_2025,55.522667,-21.287677
5809,2488,REU.3.4_1,REU.3.4_1,0.00402788183384373,0.486108936407043,0.4820810545732,2025.06720499488,2025.07123287671,CHIKV_RUN_S15b49_2025,55.309488,-21.16991
4450,317,REU.4.8_1,REU.4.8_1,0.00110296313894631,0.486108936407043,0.485005973268097,2025.07012991357,2025.07123287671,CHIKV_RUN_S15b36_2025,55.491803,-21.307722
6193,6199,REU.4.3_1,REU.4.3_1,0.0302878407921074,0.48616564587065,0.455877805078542,2025.04100174538,2025.07128958618,NA,NA,NA
5412,5413,REU.4.3_1,REU.4.3_1,0.0482533377918983,0.486169096345863,0.437915758553965,2025.02303969886,2025.07129303665,NA,NA,NA
3874,3875,REU.4.3_1,REU.4.3_1,0.0685240461429814,0.486173382156834,0.417649336013853,2025.00277327632,2025.07129732246,NA,NA,NA
3825,3829,REU.4.3_1,REU.4.8_1,0.00480080113920844,0.486341529658178,0.481540728518969,2025.06666466882,2025.07146546996,NA,NA,NA
5886,5887,REU.3.4_1,REU.4.6_1,0.0702456116314158,0.486371920178696,0.41612630854728,2025.00125024885,2025.07149586048,NA,NA,NA
3789,3795,REU.4.3_1,REU.4.3_1,0.0378819154542231,0.486423049417324,0.448541133963101,2025.03366507427,2025.07154698972,NA,NA,NA
4329,4331,REU.4.3_1,REU.4.3_1,0.015770141971083,0.486449775124698,0.470679633153615,2025.05580357346,2025.07157371543,NA,NA,NA
4029,4030,REU.4.3_1,REU.4.3_1,0.0234978767793427,0.486544128301182,0.46304625152184,2025.04817019183,2025.07166806861,NA,NA,NA
5517,5518,REU.4.8_1,REU.3.4_1,0.0360285810291907,0.486550179865155,0.450521598835965,2025.03564553914,2025.07167412017,NA,NA,NA
3907,3908,REU.4.3_1,REU.4.3_1,0.0228388970707258,0.486559468142591,0.463720571071865,2025.04884451138,2025.07168340845,NA,NA,NA
4013,4014,REU.4.3_1,REU.4.3_1,0.011094278731563,0.486829317871523,0.47573503913996,2025.06085897945,2025.07195325818,NA,NA,NA
5509,5510,REU.3.1_1,REU.3.1_1,0.00294333379058187,0.487018324593258,0.484074990802676,2025.06919893111,2025.0721422649,NA,NA,NA
4970,4971,REU.2.3_1,REU.2.3_1,0.00370945778460385,0.487064567394027,0.483355109609424,2025.06847904991,2025.0721885077,NA,NA,NA
3501,3502,REU.4.3_1,REU.4.3_1,0.0332612367933577,0.487065060332581,0.453803823539224,2025.03892776384,2025.07218900064,NA,NA,NA
4493,4497,REU.4.3_1,REU.4.3_1,0.0309241530016031,0.487286003706327,0.456361850704724,2025.04148579101,2025.07240994401,NA,NA,NA
3217,3218,REU.4.8_1,REU.4.8_1,0.0171912625588706,0.487316283522437,0.470125020963567,2025.05524896127,2025.07244022383,NA,NA,NA
4969,4979,REU.2.3_1,REU.2.3_1,0.0159554361876685,0.487325869001749,0.47137043281408,2025.05649437312,2025.07244980931,NA,NA,NA
4785,4786,REU.4.8_1,REU.4.8_1,0.0255069636820657,0.487698372182433,0.462191408500367,2025.04731534881,2025.07282231249,NA,NA,NA
4351,4362,REU.4.8_1,REU.4.3_1,0.0344752098306002,0.487844281830391,0.45336907199979,2025.03849301231,2025.07296822214,NA,NA,NA
5430,5434,REU.3.1_1,REU.3.1_1,0.0657291853976546,0.487864953108383,0.422135767710728,2025.00725970802,2025.07298889341,NA,NA,NA
4751,4752,REU.4.3_1,REU.4.3_1,0.0297300223847153,0.487868898092517,0.458138875707802,2025.04326281601,2025.0729928384,NA,NA,NA
4894,4896,REU.4.5_1,REU.4.5_1,0.0381718382411187,0.487875217499919,0.4497033792588,2025.03482731956,2025.07299915781,NA,NA,NA
4853,4854,REU.4.3_1,REU.4.3_1,0.0103994108089869,0.487925851026741,0.477526440217755,2025.06265038052,2025.07304979133,NA,NA,NA
5203,5204,REU.3.1_1,REU.3.1_1,0.0298407557833185,0.487929110685075,0.458088354901757,2025.04321229521,2025.07305305099,NA,NA,NA
6134,6135,REU.4.5_1,REU.4.5_1,0.0401998925877493,0.488084647314134,0.447884754726384,2025.03300869503,2025.07320858762,NA,NA,NA
3176,3177,REU.3.4_1,REU.3.4_1,0.0339751394874537,0.488109627067794,0.45413448758034,2025.03925842789,2025.07323356737,NA,NA,NA
4765,4766,REU.4.3_1,REU.4.3_1,0.0303177625032018,0.488186240217248,0.457868477714046,2025.04299241802,2025.07331018052,NA,NA,NA
5504,5505,REU.3.1_1,REU.3.1_1,0.00917074949911345,0.488274436075617,0.479103686576503,2025.06422762688,2025.07339837638,NA,NA,NA
5262,5263,REU.3.1_1,REU.3.1_1,0.00604105314772618,0.488309400266072,0.482268347118346,2025.06739228742,2025.07343334057,NA,NA,NA
4690,4696,REU.2.3_1,REU.2.3_1,0.0313810593967213,0.48840513567338,0.457024076276659,2025.04214801658,2025.07352907598,NA,NA,NA
3659,3663,REU.4.3_1,REU.4.3_1,0.0147832513467533,0.488406180285039,0.473622928938285,2025.05874686924,2025.07353012059,NA,NA,NA
5663,5665,REU.4.3_1,REU.4.3_1,0.0301454293495969,0.488412273108918,0.458266843759321,2025.04339078406,2025.07353621341,NA,NA,NA
4147,4148,REU.4.3_1,REU.4.3_1,0.0173364704931623,0.488465474697654,0.471129004204491,2025.05625294451,2025.073589415,NA,NA,NA
4860,4862,REU.4.3_1,REU.4.3_1,0.0104083164899437,0.488670171688855,0.478261855198911,2025.0633857955,2025.07379411199,NA,NA,NA
3795,3797,REU.4.3_1,REU.4.3_1,0.00229425967508901,0.488717309092413,0.486423049417324,2025.07154698972,2025.0738412494,NA,NA,NA
4933,4935,REU.4.5_1,REU.4.5_1,0.0092720123217086,0.488790240423648,0.479518228101939,2025.06464216841,2025.07391418073,NA,NA,NA
6014,3018,REU.4.6_1,REU.4.6_1,0.0648992031421279,0.488848662434401,0.423949459292273,2025.0090733996,2025.07397260274,CHIKV_RUN_S9b78_2025,55.428137,-21.243151
4599,1218,REU.4.4_1,REU.4.4_1,0.033913060626939,0.488848662434401,0.454935601807462,2025.04005954211,2025.07397260274,CHIKV_RUN_S9b75_2025,55.56083,-21.341381
4222,719,REU.4.3_1,REU.4.3_1,0.0279233361214268,0.488848662434401,0.460925326312974,2025.04604926662,2025.07397260274,CHIKV_RUN_S9b09_2025,55.563831,-21.236379
3585,1128,REU.4.8_1,REU.4.8_1,0.015745547598786,0.488848662434401,0.473103114835615,2025.05822705514,2025.07397260274,CHIKV_RUN_S15b28_2025,55.495244,-21.269828
4042,1765,REU.4.3_1,REU.4.3_1,0.014066906490812,0.488848662434401,0.474781755943589,2025.05990569625,2025.07397260274,CHIKV_RUN_S12b43_2025,55.526981,-21.282393
5832,2506,REU.4.8_1,REU.4.8_1,0.00309578763282048,0.488848662434401,0.48575287480158,2025.07087681511,2025.07397260274,CHIKV_RUN_S15b34_2025,55.471696,-21.279283
3275,3287,REU.4.3_1,REU.4.3_1,0.0411956275752875,0.488896962916788,0.4477013353415,2025.03282527565,2025.07402090322,NA,NA,NA
5812,5813,REU.4.3_1,REU.4.3_1,0.0185388325692436,0.48895570813995,0.470416875570707,2025.05554081588,2025.07407964845,NA,NA,NA
3783,3784,REU.4.3_1,REU.4.3_1,0.0146228833596074,0.489067323471243,0.474444440111636,2025.05956838042,2025.07419126378,NA,NA,NA
3627,3628,REU.4.3_1,REU.4.3_1,0.0868322980202586,0.489205431380825,0.402373133360567,2024.98749707367,2025.07432937169,NA,NA,NA
5059,5063,REU.3.1_1,REU.2.3_1,0.0367857849327234,0.489507960874526,0.452722175941803,2025.03784611625,2025.07463190118,NA,NA,NA
4463,4464,REU.4.3_1,REU.4.3_1,0.0386299699045245,0.489514996229902,0.450885026325377,2025.03600896663,2025.07463893654,NA,NA,NA
5987,5997,REU.2.3_1,REU.2.3_1,0.0472628642882387,0.489523927766115,0.442261063477876,2025.02738500378,2025.07464786807,NA,NA,NA
4301,4302,REU.4.3_1,REU.4.8_1,0.0581198738874041,0.489637179302715,0.431517305415311,2025.01664124572,2025.07476111961,NA,NA,NA
5076,5082,REU.3.1_1,REU.3.1_1,0.0303158991023279,0.489758597138047,0.45944269803572,2025.04456663834,2025.07488253744,NA,NA,NA
3712,3713,REU.3.5_1,REU.3.5_1,0.0112672296420084,0.489791462439724,0.478524232797716,2025.0636481731,2025.07491540275,NA,NA,NA
5242,5256,REU.4.8_1,REU.4.6_1,0.0449720861130473,0.489921229601272,0.444949143488224,2025.03007308379,2025.07504516991,NA,NA,NA
3991,3992,REU.4.3_1,REU.2.3_1,0.113178155393794,0.490012036670877,0.376833881277083,2024.96195782158,2025.07513597698,NA,NA,NA
5085,5086,REU.4.3_1,REU.4.3_1,0.0724232554217997,0.490035448087883,0.417612192666083,2025.00273613297,2025.07515938839,NA,NA,NA
3423,3424,REU.4.3_1,REU.4.3_1,0.0389393304857837,0.490048851339361,0.451109520853578,2025.03623346116,2025.07517279164,NA,NA,NA
4503,4509,REU.4.3_1,REU.4.3_1,0.025369062518557,0.49005245816686,0.464683395648303,2025.04980733595,2025.07517639847,NA,NA,NA
5314,5315,REU.4.8_1,REU.4.8_1,0.00649568373885601,0.490089395701233,0.483593711962377,2025.06871765227,2025.07521333601,NA,NA,NA
5434,5435,REU.3.1_1,REU.3.1_1,0.00235084007174635,0.490215793180129,0.487864953108383,2025.07298889341,2025.07533973349,NA,NA,NA
3932,3936,REU.4.3_1,REU.4.3_1,0.0254520413344763,0.490219804252486,0.464767762918009,2025.04989170322,2025.07534374456,NA,NA,NA
4752,4755,REU.4.3_1,REU.4.3_1,0.00252236792769078,0.490391266020208,0.487868898092517,2025.0729928384,2025.07551520633,NA,NA,NA
3289,3290,REU.4.3_1,REU.4.3_1,0.00937603403876497,0.490405009826146,0.481028975787381,2025.06615291609,2025.07552895013,NA,NA,NA
4273,4274,REU.4.3_1,REU.4.3_1,0.0206608566685796,0.49047938046146,0.469818523792881,2025.0549424641,2025.07560332077,NA,NA,NA
4094,4095,REU.4.3_1,REU.4.3_1,0.00566921736333792,0.490485187786428,0.48481597042309,2025.06993991073,2025.07560912809,NA,NA,NA
4566,4567,REU.4.4_1,REU.4.4_1,0.0394764260118251,0.490556632138321,0.451080206126496,2025.03620414643,2025.07568057244,NA,NA,NA
3361,3362,REU.4.3_1,REU.4.3_1,0.0122072726265842,0.490586599875716,0.478379327249132,2025.06350326755,2025.07571054018,NA,NA,NA
4072,4073,REU.4.3_1,REU.4.3_1,0.0411953902023053,0.490610440577486,0.44941505037518,2025.03453899068,2025.07573438088,NA,NA,NA
4826,4827,REU.4.3_1,REU.4.3_1,0.00855964757683014,0.490716568678879,0.482156921102049,2025.06728086141,2025.07584050898,NA,NA,NA
4331,4332,REU.4.3_1,REU.4.3_1,0.0043825629067481,0.490832338031446,0.486449775124698,2025.07157371543,2025.07595627834,NA,NA,NA
3611,3623,REU.4.8_1,REU.4.8_1,0.0135043437890223,0.4908737062377,0.477369362448677,2025.06249330275,2025.07599764654,NA,NA,NA
3266,3267,REU.4.3_1,REU.4.3_1,0.0933692999258091,0.490905814060358,0.397536514134548,2024.98266045444,2025.07602975437,NA,NA,NA
5644,5645,REU.4.3_1,REU.4.8_1,0.0841772403057712,0.490940803702803,0.406763563397032,2024.9918875037,2025.07606474401,NA,NA,NA
3651,3653,REU.4.3_1,REU.4.3_1,0.00758113251418191,0.491059765029669,0.483478632515487,2025.06860257282,2025.07618370534,NA,NA,NA
3659,3660,REU.4.3_1,REU.4.3_1,0.017569782541649,0.491192711479934,0.473622928938285,2025.05874686924,2025.07631665179,NA,NA,NA
6174,6175,REU.3.1_1,REU.4.8_1,0.0514842727493956,0.491227111726015,0.439742838976619,2025.02486677928,2025.07635105203,NA,NA,NA
5168,5169,REU.4.6_1,REU.4.6_1,0.0728036316818655,0.491395407152497,0.418591775470632,2025.00371571578,2025.07651934746,NA,NA,NA
3321,412,REU.4.3_1,REU.3.3_1,0.0486225768381943,0.491588388461758,0.442965811623564,2025.02808975193,2025.07671232877,CHIKV_RUN_S10b11_2025,55.28611,-21.111972
5369,3019,REU.4.6_1,REU.3.3_1,0.0237986052626538,0.491588388461758,0.467789783199104,2025.0529137235,2025.07671232877,CHIKV_RUN_S15b67_2025,55.28611,-21.111972
4535,1217,REU.4.8_1,REU.2.1_1,0.00723248212979732,0.491588388461758,0.484355906331961,2025.06947984664,2025.07671232877,CHIKV_RUN_S14b95_2025,55.342359,-20.955052
5371,1947,REU.4.6_1,REU.4.8_1,0.00645567526493263,0.491588388461758,0.485132713196825,2025.0702566535,2025.07671232877,CHIKV_RUN_S15b35_2025,55.464589,-21.335637
5518,2739,REU.3.4_1,REU.3.4_1,0.00503820859660253,0.491588388461758,0.486550179865155,2025.07167412017,2025.07671232877,CHIKV_RUN_S15b44_2025,55.304322,-21.173555
4302,4303,REU.4.8_1,REU.4.8_1,0.00198937303534841,0.491626552338063,0.489637179302715,2025.07476111961,2025.07675049264,NA,NA,NA
3612,3613,REU.4.8_1,REU.4.8_1,0.0128612655081422,0.491690821864783,0.478829556356641,2025.06395349666,2025.07681476217,NA,NA,NA
5739,5740,REU.2.5_1,REU.2.5_1,0.0755061974069474,0.491800033804509,0.416293836397561,2025.0014177767,2025.07692397411,NA,NA,NA
5773,5774,REU.4.3_1,REU.4.3_1,0.0394058043453139,0.491814441486351,0.452408637141037,2025.03753257745,2025.07693838179,NA,NA,NA
3776,3777,REU.4.3_1,REU.4.3_1,0.0532992270080007,0.491834568985004,0.438535341977004,2025.02365928228,2025.07695850929,NA,NA,NA
3804,3805,REU.4.3_1,REU.4.3_1,0.00647116976249462,0.491836437679521,0.485365267917026,2025.07048920822,2025.07696037798,NA,NA,NA
4073,4074,REU.4.3_1,REU.4.3_1,0.0014207990553784,0.492031239632864,0.490610440577486,2025.07573438088,2025.07715517994,NA,NA,NA
3892,3896,REU.4.3_1,REU.4.3_1,0.029757295563889,0.492170936670001,0.462413641106112,2025.04753758141,2025.07729487698,NA,NA,NA
4014,4015,REU.4.3_1,REU.4.3_1,0.00534677817617735,0.4921760960477,0.486829317871523,2025.07195325818,2025.07730003635,NA,NA,NA
4112,4113,REU.4.3_1,REU.4.3_1,0.00817441706871525,0.492224816597026,0.484050399528311,2025.06917433983,2025.0773487569,NA,NA,NA
3278,3279,REU.4.3_1,REU.4.3_1,0.00988630755399844,0.492260030872959,0.482373723318961,2025.06749766362,2025.07738397118,NA,NA,NA
3449,3450,REU.4.3_1,REU.4.3_1,0.0507991130631511,0.492314812171746,0.441515699108595,2025.02663963941,2025.07743875248,NA,NA,NA
3705,3706,REU.4.3_1,REU.4.3_1,0.0326953408535788,0.492325077036391,0.459629736182812,2025.04475367649,2025.07744901734,NA,NA,NA
4025,4026,REU.4.3_1,REU.4.3_1,0.0420249864381422,0.49241741947336,0.450392433035217,2025.03551637334,2025.07754135978,NA,NA,NA
3403,3404,REU.4.3_1,REU.4.3_1,0.0488151860066005,0.492437313415459,0.443622127408859,2025.02874606771,2025.07756125372,NA,NA,NA
4874,4875,REU.4.7_1,REU.4.7_1,0.0615784474137646,0.492507477360868,0.430929029947103,2025.01605297025,2025.07763141767,NA,NA,NA
4655,4661,REU.3.5_1,REU.3.5_1,0.0142983411572278,0.492858411335931,0.478560070178703,2025.06368401048,2025.07798235164,NA,NA,NA
4411,4412,REU.4.3_1,REU.4.3_1,0.0109016708424521,0.492915516552354,0.482013845709901,2025.06713778602,2025.07803945686,NA,NA,NA
3512,3513,REU.3.5_1,REU.3.5_1,0.0246297982283799,0.492919531848332,0.468289733619952,2025.05341367393,2025.07804347215,NA,NA,NA
5740,5742,REU.2.5_1,REU.2.5_1,0.00117989618481595,0.492979929989325,0.491800033804509,2025.07692397411,2025.07810387029,NA,NA,NA
4461,4469,REU.4.3_1,REU.4.3_1,0.0888948433174398,0.493070098420311,0.404175255102872,2024.98929919541,2025.07819403873,NA,NA,NA
5902,5903,REU.3.4_1,REU.3.4_1,0.0242542459179196,0.493119437924305,0.468865192006385,2025.05398913231,2025.07824337823,NA,NA,NA
5349,5350,REU.3.1_1,REU.3.1_1,0.0213769022710297,0.493159191478944,0.471782289207915,2025.05690622951,2025.07828313178,NA,NA,NA
3362,3363,REU.4.3_1,REU.4.3_1,0.00257428744207533,0.493160887317792,0.490586599875716,2025.07571054018,2025.07828482762,NA,NA,NA
5965,5966,REU.2.3_1,REU.2.3_1,0.00950821010880121,0.493582956766737,0.484074746657936,2025.06919868696,2025.07870689707,NA,NA,NA
6149,6150,REU.4.5_1,REU.4.5_1,0.0310771208709714,0.493723715172582,0.46264659430161,2025.04777053461,2025.07884765548,NA,NA,NA
5823,5834,REU.3.1_1,REU.3.1_1,0.0922241194452975,0.493850322033763,0.401626202588465,2024.98675014289,2025.07897426234,NA,NA,NA
5112,5113,REU.4.8_1,REU.4.8_1,0.00912873211541298,0.494055499193741,0.484926767078328,2025.07005070738,2025.0791794395,NA,NA,NA
4389,4392,REU.4.8_1,REU.4.8_1,0.0196157836209778,0.494120282980961,0.474504499359983,2025.05962843967,2025.07924422329,NA,NA,NA
6193,6194,REU.4.3_1,REU.4.8_1,0.0382518850721982,0.49412969015074,0.455877805078542,2025.04100174538,2025.07925363046,NA,NA,NA
4175,286,REU.4.3_1,REU.4.3_1,0.0476725332455601,0.494328114489115,0.446655581243555,2025.03177952155,2025.07945205479,CHIKV_RUN_S10b03_2025,55.507933,-21.286409
6015,2361,REU.4.8_1,REU.4.8_1,0.0469502478735815,0.494328114489115,0.447377866615534,2025.03250180692,2025.07945205479,CHIKV_RUN_S14b93_2025,55.473125,-21.282041
3585,1042,REU.4.8_1,REU.2.3_1,0.0212249996535008,0.494328114489115,0.473103114835615,2025.05822705514,2025.07945205479,CHIKV_RUN_S15b21_2025,55.444474,-20.878636
3361,519,REU.4.3_1,REU.4.3_1,0.0159487872399832,0.494328114489115,0.478379327249132,2025.06350326755,2025.07945205479,CHIKV_RUN_S17b19_2025,55.520854,-21.281548
3241,2380,REU.4.8_1,REU.4.8_1,0.0116460955426787,0.494328114489115,0.482682018946437,2025.06780595925,2025.07945205479,CHIKV_RUN_S15b17_2025,55.462048,-21.340179
3502,939,REU.4.3_1,REU.4.3_1,0.00726305415653405,0.494328114489115,0.487065060332581,2025.07218900064,2025.07945205479,CHIKV_RUN_S15b40_2025,55.524675,-21.282069
4854,1354,REU.4.3_1,REU.4.3_1,0.00640226346237394,0.494328114489115,0.487925851026741,2025.07304979133,2025.07945205479,CHIKV_RUN_S15b22_2025,55.502179,-21.267121
3287,417,REU.4.3_1,REU.4.8_1,0.00543115157232765,0.494328114489115,0.488896962916788,2025.07402090322,2025.07945205479,CHIKV_RUN_S15b20_2025,55.528958,-21.327563
6018,6019,REU.3.1_1,REU.3.1_1,0.115818047500762,0.494338899553066,0.378520852052303,2024.96364479236,2025.07946283986,NA,NA,NA
4052,4053,REU.4.3_1,REU.4.8_1,0.0180584491384624,0.494670890881888,0.476612441743425,2025.06173638205,2025.07979483119,NA,NA,NA
5400,5401,REU.3.1_1,REU.3.1_1,0.0327541301755462,0.494910097276218,0.462155967100672,2025.04727990741,2025.08003403758,NA,NA,NA
5018,5039,REU.3.1_1,REU.3.1_1,0.0847215672597226,0.495047659601347,0.410326092341624,2024.99545003265,2025.08017159991,NA,NA,NA
5423,5424,REU.3.5_1,REU.3.5_1,0.0239154957537049,0.495134635470392,0.471219139716687,2025.05634308002,2025.08025857578,NA,NA,NA
4631,4639,REU.4.8_1,REU.4.8_1,0.088670405287215,0.495203416694662,0.406533011407447,2024.99165695171,2025.080327357,NA,NA,NA
4366,4367,REU.4.6_1,REU.4.6_1,0.0204864282429853,0.495455033415248,0.474968605172263,2025.06009254548,2025.08057897372,NA,NA,NA
3527,3528,REU.4.3_1,REU.4.8_1,0.0237513671278992,0.4955038995171,0.471752532389201,2025.05687647269,2025.08062783982,NA,NA,NA
3628,3635,REU.4.3_1,REU.4.3_1,0.00630240071417631,0.495507832095001,0.489205431380825,2025.07432937169,2025.0806317724,NA,NA,NA
3403,3407,REU.4.3_1,REU.4.3_1,0.0521499117089601,0.495772039117819,0.443622127408859,2025.02874606771,2025.08089597942,NA,NA,NA
3467,3469,REU.4.3_1,REU.4.3_1,0.0191480143677377,0.495796319031702,0.476648304663964,2025.06177224497,2025.08092025934,NA,NA,NA
3363,3364,REU.4.3_1,REU.4.3_1,0.00269191934065727,0.495852806658449,0.493160887317792,2025.07828482762,2025.08097674696,NA,NA,NA
3829,3830,REU.4.8_1,REU.4.8_1,0.00968376799787318,0.496025297656051,0.486341529658178,2025.07146546996,2025.08114923796,NA,NA,NA
5033,5038,REU.3.1_1,REU.3.4_1,0.0382918302756395,0.496065243012123,0.457773412736483,2025.04289735304,2025.08118918332,NA,NA,NA
5685,5686,REU.4.3_1,REU.4.3_1,0.0151392243671148,0.496204006214942,0.481064781847827,2025.06618872215,2025.08132794652,NA,NA,NA
5390,5395,REU.3.1_1,REU.4.6_1,0.0265693266505522,0.496209466125812,0.46964013947526,2025.05476407978,2025.08133340643,NA,NA,NA
4038,4039,REU.4.3_1,REU.4.3_1,0.0157522307468086,0.496409433647025,0.480657202900217,2025.06578114321,2025.08153337395,NA,NA,NA
5897,5911,REU.3.4_1,REU.3.4_1,0.0524144598941423,0.496413960403637,0.443999500509495,2025.02912344081,2025.08153790071,NA,NA,NA
3374,3375,REU.4.3_1,REU.4.3_1,0.0575010148097909,0.496462752360805,0.438961737551015,2025.02408567786,2025.08158669267,NA,NA,NA
4854,4855,REU.4.3_1,REU.4.3_1,0.00857802079053049,0.496503871817272,0.487925851026741,2025.07304979133,2025.08162781212,NA,NA,NA
3575,3577,REU.4.8_1,REU.2.2_1,0.0991685156161857,0.49679943780002,0.397630922183834,2024.98275486249,2025.08192337811,NA,NA,NA
6221,6224,REU.3.1_1,REU.3.1_1,0.240992825716139,0.496880938058641,0.255888112342502,2024.84101205265,2025.08200487836,NA,NA,NA
4221,712,REU.4.3_1,REU.4.3_1,0.11011409295926,0.497067840516473,0.386953747557213,2024.97207768786,2025.08219178082,CHIKV_RUN_S15b45_2025,55.535437,-21.261063
5306,2282,REU.4.3_1,REU.4.3_1,0.0943666903202953,0.497067840516473,0.402701150196177,2024.9878250905,2025.08219178082,CHIKV_RUN_S15b29_2025,55.535921,-21.312265
4192,352,REU.4.3_1,REU.4.3_1,0.0519800881721235,0.497067840516473,0.445087752344349,2025.03021169265,2025.08219178082,CHIKV_RUN_S15b18_2025,55.500942,-21.266688
3560,1333,REU.4.3_1,REU.4.3_1,0.0398094501587537,0.497067840516473,0.457258390357719,2025.04238233066,2025.08219178082,CHIKV_RUN_S15b31_2025,55.517344,-21.285296
4408,693,REU.4.8_1,REU.4.8_1,0.0372561323149183,0.497067840516473,0.459811708201554,2025.04493564851,2025.08219178082,CHIKV_RUN_S15b53_2025,55.474593,-21.288804
4222,720,REU.4.3_1,REU.4.8_1,0.036142514203499,0.497067840516473,0.460925326312974,2025.04604926662,2025.08219178082,CHIKV_RUN_S15b46_2025,55.475677,-21.288946
5313,2262,REU.4.3_1,REU.4.3_1,0.0359464807758769,0.497067840516473,0.461121359740596,2025.04624530005,2025.08219178082,CHIKV_RUN_S15b38_2025,55.515682,-21.297533
4186,345,REU.4.3_1,REU.4.2_1,0.0274462134436004,0.497067840516473,0.469621627072872,2025.05474556738,2025.08219178082,CHIKV_RUN_S14b91_2025,55.502797,-21.234483
4430,855,REU.4.3_1,REU.4.3_1,0.0212395351410566,0.497067840516473,0.475828305375416,2025.06095224568,2025.08219178082,CHIKV_RUN_S15b47_2025,55.522092,-21.281134
5809,3064,REU.3.4_1,REU.3.2_1,0.0149867859432733,0.497067840516473,0.4820810545732,2025.06720499488,2025.08219178082,CHIKV_RUN_S17b13_2025,55.340476,-21.244221
5371,2396,REU.4.6_1,REU.4.6_1,0.0119351273196474,0.497067840516473,0.485132713196825,2025.0702566535,2025.08219178082,CHIKV_RUN_S15b33_2025,55.438869,-21.262742
4497,1461,REU.4.3_1,REU.4.3_1,0.00978183681014533,0.497067840516473,0.487286003706327,2025.07240994401,2025.08219178082,CHIKV_RUN_S15b41_2025,55.510902,-21.287473
4095,1062,REU.4.3_1,REU.4.3_1,0.00658265273004499,0.497067840516473,0.490485187786428,2025.07560912809,2025.08219178082,CHIKV_RUN_S17b12_2025,55.50893,-21.288346
3528,607,REU.4.8_1,REU.4.8_1,0.00156394099937285,0.497067840516473,0.4955038995171,2025.08062783982,2025.08219178082,CHIKV_RUN_S15b51_2025,55.469808,-21.283919
6042,6046,REU.3.1_1,REU.4.8_1,0.0394338184801135,0.49715893184213,0.457725113362016,2025.04284905367,2025.08228287215,NA,NA,NA
6089,6093,REU.4.5_1,REU.4.5_1,0.0573428801585528,0.497215155585193,0.43987227542664,2025.02499621573,2025.08233909589,NA,NA,NA
3528,3529,REU.4.8_1,REU.4.8_1,0.00174095400477148,0.497244853521871,0.4955038995171,2025.08062783982,2025.08236879383,NA,NA,NA
6194,6198,REU.4.8_1,REU.4.8_1,0.0031153735245677,0.497245063675308,0.49412969015074,2025.07925363046,2025.08236900398,NA,NA,NA
4352,4359,REU.4.8_1,REU.4.8_1,0.0380780361546283,0.497412503892701,0.459334467738073,2025.04445840804,2025.0825364442,NA,NA,NA
4655,4656,REU.3.5_1,REU.2.3_1,0.0189108083055459,0.497470878484249,0.478560070178703,2025.06368401048,2025.08259481879,NA,NA,NA
6084,6085,REU.4.5_1,REU.4.5_1,0.0206106722558079,0.497509974091139,0.476899301835331,2025.06202324214,2025.0826339144,NA,NA,NA
6046,6051,REU.4.8_1,REU.4.8_1,0.000434352123177995,0.497593283965308,0.49715893184213,2025.08228287215,2025.08271722427,NA,NA,NA
3712,3720,REU.3.5_1,REU.3.5_1,0.0192330479575361,0.497757280755252,0.478524232797716,2025.0636481731,2025.08288122106,NA,NA,NA
3308,3311,REU.4.3_1,REU.4.3_1,0.0446264775201142,0.497820862641489,0.453194385121375,2025.03831832543,2025.08294480295,NA,NA,NA
5276,5278,REU.4.3_1,REU.4.3_1,0.0564474000639196,0.497933970737021,0.441486570673101,2025.02661051098,2025.08305791104,NA,NA,NA
3132,3133,REU.3.4_1,REU.3.4_1,0.0191612306771238,0.498131245516737,0.478970014839613,2025.06409395514,2025.08325518582,NA,NA,NA
4827,4828,REU.4.3_1,REU.4.3_1,0.00746898945077268,0.498185558129652,0.490716568678879,2025.07584050898,2025.08330949844,NA,NA,NA
4842,4845,REU.4.3_1,REU.4.3_1,0.032774103952691,0.498306335801885,0.465532231849194,2025.05065617215,2025.08343027611,NA,NA,NA
3595,3599,REU.4.8_1,REU.4.8_1,0.0151737254056681,0.498332419735537,0.483158694329869,2025.06828263464,2025.08345636004,NA,NA,NA
5765,5766,REU.4.3_1,REU.4.3_1,0.0288539106226329,0.498474139037776,0.469620228415144,2025.05474416872,2025.08359807934,NA,NA,NA
3595,3596,REU.4.8_1,REU.4.8_1,0.0155114875960977,0.498670181925967,0.483158694329869,2025.06828263464,2025.08379412223,NA,NA,NA
6085,6086,REU.4.5_1,REU.4.5_1,0.00119143921277587,0.498701413303915,0.497509974091139,2025.0826339144,2025.08382535361,NA,NA,NA
3653,3654,REU.4.3_1,REU.4.3_1,0.00769291395831084,0.49875267898798,0.491059765029669,2025.07618370534,2025.08387661929,NA,NA,NA
5063,5069,REU.2.3_1,REU.2.3_1,0.00931067118455753,0.498818632059084,0.489507960874526,2025.07463190118,2025.08394257236,NA,NA,NA
6163,6168,REU.4.5_1,REU.4.5_1,0.0471366125863575,0.498914869617562,0.451778257031205,2025.03690219734,2025.08403880992,NA,NA,NA
5085,5090,REU.4.3_1,REU.4.5_1,0.0813175643165224,0.498929756982606,0.417612192666083,2025.00273613297,2025.08405369729,NA,NA,NA
4098,4099,REU.4.3_1,REU.4.3_1,0.0372249584426055,0.49900868747433,0.461783729031724,2025.04690766934,2025.08413262778,NA,NA,NA
5662,5668,REU.4.3_1,REU.4.8_1,0.0643902834856688,0.499082422218351,0.434692138732682,2025.01981607904,2025.08420636252,NA,NA,NA
4522,4523,REU.4.3_1,REU.4.3_1,0.0674426125982189,0.499160935592244,0.431718322994025,2025.0168422633,2025.0842848759,NA,NA,NA
4551,4552,REU.4.4_1,REU.4.4_1,0.025796252792859,0.499191838664888,0.473395585872029,2025.05851952618,2025.08431577897,NA,NA,NA
5430,5431,REU.3.1_1,REU.4.6_1,0.0772483702650644,0.499384137975792,0.422135767710728,2025.00725970802,2025.08450807828,NA,NA,NA
6119,6130,REU.4.5_1,REU.4.5_1,0.0153718531633135,0.499403262743398,0.484031409580084,2025.06915534989,2025.08452720305,NA,NA,NA
4074,4075,REU.4.3_1,REU.4.3_1,0.00745205774898172,0.499483297381846,0.492031239632864,2025.07715517994,2025.08460723769,NA,NA,NA
5243,5248,REU.4.8_1,REU.4.8_1,0.0192033900045093,0.49956112489446,0.48035773488995,2025.0654816752,2025.0846850652,NA,NA,NA
6090,6092,REU.4.5_1,REU.4.5_1,0.0170349768009649,0.499581766895169,0.482546790094204,2025.0676707304,2025.0847057072,NA,NA,NA
3290,3291,REU.4.3_1,REU.4.3_1,0.00922179183276373,0.49962680165891,0.490405009826146,2025.07552895013,2025.08475074196,NA,NA,NA
5894,5895,REU.3.4_1,REU.3.4_1,0.0278077600618316,0.499695167332901,0.471887407271069,2025.05701134758,2025.08481910764,NA,NA,NA
5058,2836,REU.3.1_1,REU.3.1_1,0.0646524477319246,0.49980756654383,0.435155118811906,2025.02027905912,2025.08493150685,CHIKV_RUN_S10b04_2025,55.362987,-21.255502
5423,2729,REU.3.5_1,REU.3.5_1,0.0285884268271434,0.49980756654383,0.471219139716687,2025.05634308002,2025.08493150685,CHIKV_RUN_S17b01_2025,55.22012,-21.044644
3830,595,REU.4.8_1,REU.4.2_1,0.00378226888777933,0.49980756654383,0.496025297656051,2025.08114923796,2025.08493150685,CHIKV_RUN_S15b23_2025,55.496559,-21.240158
6092,2091,REU.4.5_1,REU.4.5_1,0.000225799648661429,0.49980756654383,0.499581766895169,2025.0847057072,2025.08493150685,CHIKV_RUN_S17b33_2025,55.628806,-21.360568
5101,5102,REU.4.8_1,REU.4.3_1,0.0430763068842583,0.499822823160173,0.456746516275914,2025.04187045658,2025.08494676347,NA,NA,NA
4319,4320,REU.4.3_1,REU.4.3_1,0.0594606614188455,0.499828841840751,0.440368180421905,2025.02549212073,2025.08495278215,NA,NA,NA
6199,6207,REU.4.3_1,REU.4.8_1,0.0137528054418806,0.49991845131253,0.48616564587065,2025.07128958618,2025.08504239162,NA,NA,NA
4295,4297,REU.4.3_1,REU.4.3_1,0.0443637601254973,0.499923166367572,0.455559406242074,2025.04068334655,2025.08504710667,NA,NA,NA
3739,3743,REU.3.5_1,REU.3.5_1,0.020489399269529,0.50015731383934,0.479667914569811,2025.06479185488,2025.08528125414,NA,NA,NA
6046,6047,REU.4.8_1,REU.4.8_1,0.00302839421284928,0.500187326054979,0.49715893184213,2025.08228287215,2025.08531126636,NA,NA,NA
5314,5319,REU.4.8_1,REU.4.8_1,0.0166752259985314,0.500268937960909,0.483593711962377,2025.06871765227,2025.08539287827,NA,NA,NA
4112,4116,REU.4.3_1,REU.4.3_1,0.016266446228812,0.500316845757123,0.484050399528311,2025.06917433983,2025.08544078606,NA,NA,NA
5243,5244,REU.4.8_1,REU.4.8_1,0.0200079630436703,0.50036569793362,0.48035773488995,2025.0654816752,2025.08548963824,NA,NA,NA
3512,3521,REU.3.5_1,REU.3.5_1,0.032092107047934,0.500381840667886,0.468289733619952,2025.05341367393,2025.08550578097,NA,NA,NA
4786,4787,REU.4.8_1,REU.4.8_1,0.0127477194267255,0.500446091609158,0.487698372182433,2025.07282231249,2025.08557003191,NA,NA,NA
5834,5839,REU.3.1_1,REU.3.1_1,0.00663394230236403,0.500484264336127,0.493850322033763,2025.07897426234,2025.08560820464,NA,NA,NA
3896,3897,REU.4.3_1,REU.4.8_1,0.00831542580250899,0.50048636247251,0.492170936670001,2025.07729487698,2025.08561030278,NA,NA,NA
4971,4974,REU.2.3_1,REU.2.3_1,0.013785484443548,0.500850051837575,0.487064567394027,2025.0721885077,2025.08597399214,NA,NA,NA
5766,5767,REU.4.3_1,REU.4.3_1,0.00242443520521907,0.500898574242995,0.498474139037776,2025.08359807934,2025.08602251455,NA,NA,NA
5401,5406,REU.3.1_1,REU.3.1_1,0.00600987243388851,0.500919969710107,0.494910097276218,2025.08003403758,2025.08604391002,NA,NA,NA
3469,3481,REU.4.3_1,REU.4.5_1,0.00517719531146388,0.500973514343166,0.495796319031702,2025.08092025934,2025.08609745465,NA,NA,NA
3795,3796,REU.4.3_1,REU.4.3_1,0.014563621074657,0.500986670491981,0.486423049417324,2025.07154698972,2025.0861106108,NA,NA,NA
4316,4317,REU.4.3_1,REU.2.3_1,0.0959722606277893,0.501051056276619,0.405078795648829,2024.99020273595,2025.08617499658,NA,NA,NA
3419,3420,REU.4.6_1,REU.4.6_1,0.039841059734554,0.501129031424765,0.461287971690211,2025.046411912,2025.08625297173,NA,NA,NA
5573,5575,REU.3.1_1,REU.3.1_1,0.041604248249892,0.501161530325122,0.45955728207523,2025.04468122238,2025.08628547063,NA,NA,NA
4675,4677,REU.3.5_1,REU.3.5_1,0.0197274465340008,0.501254805859519,0.481527359325518,2025.06665129963,2025.08637874616,NA,NA,NA
5235,5236,REU.2.3_1,REU.2.3_1,0.0328668004522614,0.501255468446482,0.46838866799422,2025.0535126083,2025.08637940875,NA,NA,NA
3558,3563,REU.4.3_1,REU.4.3_1,0.136456659313001,0.501359139109271,0.364902479796269,2024.9500264201,2025.08648307941,NA,NA,NA
4160,4161,REU.4.3_1,REU.4.3_1,0.022398153580129,0.501378359736436,0.478980206156307,2025.06410414646,2025.08650230004,NA,NA,NA
3984,3985,REU.4.3_1,REU.4.8_1,0.0294670192742252,0.501438905260848,0.471971885986622,2025.05709582629,2025.08656284557,NA,NA,NA
4639,4640,REU.4.8_1,REU.2.3_1,0.00635515090912753,0.50155856760379,0.495203416694662,2025.080327357,2025.08668250791,NA,NA,NA
3660,3661,REU.4.3_1,REU.4.3_1,0.0104187375737806,0.501611449053715,0.491192711479934,2025.07631665179,2025.08673538936,NA,NA,NA
6119,6120,REU.4.5_1,REU.4.5_1,0.0176506470227497,0.501682056602834,0.484031409580084,2025.06915534989,2025.08680599691,NA,NA,NA
4724,4731,REU.2.3_1,REU.2.3_1,0.0291589858008666,0.501819571303116,0.472660585502249,2025.05778452581,2025.08694351161,NA,NA,NA
6042,6043,REU.3.1_1,REU.3.1_1,0.0440998560699797,0.501824969431996,0.457725113362016,2025.04284905367,2025.08694890974,NA,NA,NA
6120,6123,REU.4.5_1,REU.4.5_1,0.000156648918736013,0.50183870552157,0.501682056602834,2025.08680599691,2025.08696264583,NA,NA,NA
6135,6139,REU.4.5_1,REU.4.5_1,0.0138099263199482,0.501894573634082,0.488084647314134,2025.07320858762,2025.08701851394,NA,NA,NA
4425,4426,REU.4.3_1,REU.4.3_1,0.0219796436692336,0.501898053718945,0.479918410049712,2025.06504235036,2025.08702199402,NA,NA,NA
4764,4770,REU.4.3_1,REU.4.3_1,0.0499167441672402,0.501956129839042,0.452039385671801,2025.03716332598,2025.08708007014,NA,NA,NA
5248,5249,REU.4.8_1,REU.4.8_1,0.00246361663651518,0.502024741530975,0.49956112489446,2025.0846850652,2025.08714868184,NA,NA,NA
3835,3836,REU.4.8_1,REU.4.8_1,0.0637442548135974,0.502044907785456,0.438300652971859,2025.02342459328,2025.08716884809,NA,NA,NA
4392,4393,REU.4.8_1,REU.4.8_1,0.00798203506662687,0.502102318047588,0.494120282980961,2025.07924422329,2025.08722625835,NA,NA,NA
3289,3292,REU.4.3_1,REU.4.3_1,0.0212655504727847,0.502294526260166,0.481028975787381,2025.06615291609,2025.08741846657,NA,NA,NA
3133,3134,REU.3.4_1,REU.3.4_1,0.00418229001076653,0.502313535527503,0.498131245516737,2025.08325518582,2025.08743747583,NA,NA,NA
3277,3283,REU.4.3_1,REU.4.3_1,0.0346389490425725,0.502355401209212,0.46771645216664,2025.05284039247,2025.08747934151,NA,NA,NA
5460,5461,REU.4.5_1,REU.4.5_1,0.0162839611041637,0.502386039725737,0.486102078621573,2025.07122601893,2025.08750998003,NA,NA,NA
5102,5103,REU.4.3_1,REU.4.3_1,0.00259994359099602,0.502422766751169,0.499822823160173,2025.08494676347,2025.08754670706,NA,NA,NA
5143,5144,REU.3.1_1,REU.3.1_1,0.0299235125052135,0.502542773676434,0.47261926117122,2025.05774320148,2025.08766671398,NA,NA,NA
4389,4390,REU.4.8_1,REU.4.8_1,0.0280973717937885,0.502601871153772,0.474504499359983,2025.05962843967,2025.08772581146,NA,NA,NA
5531,5532,REU.4.1_1,REU.4.1_1,0.0183375009810741,0.50261374726228,0.484276246281206,2025.06940018659,2025.08773768757,NA,NA,NA
5645,5646,REU.4.8_1,REU.4.8_1,0.0116968602535027,0.502637663956306,0.490940803702803,2025.07606474401,2025.08776160426,NA,NA,NA
6086,6087,REU.4.5_1,REU.4.5_1,0.00396813565707055,0.502669548960985,0.498701413303915,2025.08382535361,2025.08779348927,NA,NA,NA
4148,4149,REU.4.3_1,REU.4.3_1,0.014216911404254,0.502682386101908,0.488465474697654,2025.073589415,2025.08780632641,NA,NA,NA
3311,3312,REU.4.3_1,REU.4.3_1,0.00496237236977715,0.502783235011266,0.497820862641489,2025.08294480295,2025.08790717532,NA,NA,NA
6207,6208,REU.4.8_1,REU.4.8_1,0.00293409317657978,0.50285254448911,0.49991845131253,2025.08504239162,2025.08797648479,NA,NA,NA
5172,5174,REU.3.1_1,REU.4.2_1,0.09909996688857,0.502984608527378,0.403884641638808,2024.98900858194,2025.08810854883,NA,NA,NA
4464,4465,REU.4.3_1,REU.4.3_1,0.0135041246229951,0.503019120852897,0.489514996229902,2025.07463893654,2025.08814306116,NA,NA,NA
4647,4670,REU.3.5_1,REU.3.5_1,0.0420984782689282,0.503022475613738,0.46092399734481,2025.04604793765,2025.08814641592,NA,NA,NA
3842,3843,REU.4.8_1,REU.2.3_1,0.0245266977454988,0.503029309913825,0.478502612168326,2025.06362655247,2025.08815325022,NA,NA,NA
3203,3204,REU.3.1_1,REU.2.3_1,0.126802952096186,0.503074326672972,0.376271374576786,2024.96139531488,2025.08819826698,NA,NA,NA
5103,5106,REU.4.3_1,REU.4.3_1,0.000653318171615402,0.503076084922784,0.502422766751169,2025.08754670706,2025.08820002523,NA,NA,NA
4195,4196,REU.4.3_1,REU.4.8_1,0.0188191541082063,0.50311064742841,0.484291493320204,2025.06941543363,2025.08823458773,NA,NA,NA
5330,5331,REU.4.3_1,REU.4.3_1,0.047314224951934,0.503129241526281,0.455815016574347,2025.04093895688,2025.08825318183,NA,NA,NA
4412,4413,REU.4.3_1,REU.4.3_1,0.0105206191139643,0.503436135666318,0.492915516552354,2025.07803945686,2025.08856007597,NA,NA,NA
4274,4275,REU.4.3_1,REU.4.3_1,0.0130392209082588,0.503518601369719,0.49047938046146,2025.07560332077,2025.08864254168,NA,NA,NA
5364,5365,REU.4.8_1,REU.4.8_1,0.0369925954641153,0.50354184769386,0.466549252229744,2025.05167319254,2025.088665788,NA,NA,NA
3423,3427,REU.4.3_1,REU.4.3_1,0.0524358030304016,0.503545323883979,0.451109520853578,2025.03623346116,2025.08866926419,NA,NA,NA
3123,3124,REU.3.4_1,REU.3.4_1,0.0456604935116206,0.503553746665815,0.457893253154194,2025.04301719346,2025.08867768697,NA,NA,NA
4509,4511,REU.4.3_1,REU.4.3_1,0.0135392848164931,0.503591742983353,0.49005245816686,2025.07517639847,2025.08871568329,NA,NA,NA
4367,4368,REU.4.6_1,REU.4.6_1,0.00815802521368081,0.503613058628929,0.495455033415248,2025.08057897372,2025.08873699893,NA,NA,NA
3204,3205,REU.2.3_1,REU.2.3_1,0.000600859711669566,0.503675186384642,0.503074326672972,2025.08819826698,2025.08879912669,NA,NA,NA
4378,4379,REU.4.8_1,REU.4.8_1,0.0644310509395237,0.503754816630903,0.439323765691379,2025.024447706,2025.08887875694,NA,NA,NA
6208,6209,REU.4.8_1,REU.4.8_1,0.000973596148254874,0.503826140637365,0.50285254448911,2025.08797648479,2025.08895008094,NA,NA,NA
5895,5896,REU.3.4_1,REU.3.4_1,0.00415556524861904,0.50385073258152,0.499695167332901,2025.08481910764,2025.08897467289,NA,NA,NA
6123,6124,REU.4.5_1,REU.4.5_1,0.00225663917821473,0.504095344699785,0.50183870552157,2025.08696264583,2025.089219285,NA,NA,NA
6068,6072,REU.3.1_1,REU.3.1_1,0.0839433929598382,0.504174859676984,0.420231466717146,2025.00535540702,2025.08929879998,NA,NA,NA
3663,3664,REU.4.3_1,REU.4.3_1,0.01581394451913,0.504220124804169,0.488406180285039,2025.07353012059,2025.08934406511,NA,NA,NA
4103,4109,REU.4.3_1,REU.4.3_1,0.0324481135772363,0.504316131590977,0.471868018013741,2025.05699195832,2025.0894400719,NA,NA,NA
3765,3766,REU.4.3_1,REU.4.3_1,0.0595698968909334,0.504331254843332,0.444761357952399,2025.02988529826,2025.08945519515,NA,NA,NA
4957,4958,REU.3.1_1,REU.3.1_1,0.056099422957622,0.504442803767492,0.44834338080987,2025.03346732112,2025.08956674407,NA,NA,NA
5585,5586,REU.4.8_1,REU.4.5_1,0.0454169843526733,0.504534109233179,0.459117124880506,2025.04424106519,2025.08965804954,NA,NA,NA
5824,5825,REU.4.6_1,REU.4.6_1,0.0482296013589117,0.504695888445656,0.456466287086744,2025.04159022739,2025.08981982875,NA,NA,NA
5532,5533,REU.4.1_1,REU.4.1_1,0.00211997004221276,0.504733717304492,0.50261374726228,2025.08773768757,2025.08985765761,NA,NA,NA
4304,4305,REU.4.3_1,REU.4.3_1,0.0538696410758719,0.504745000800418,0.450875359724546,2025.03599930003,2025.08986894111,NA,NA,NA
6001,6002,REU.3.1_1,REU.3.4_1,0.134593511055756,0.50481397219571,0.370220461139954,2024.95534440145,2025.0899379125,NA,NA,NA
5685,5690,REU.4.3_1,REU.4.3_1,0.023808254597682,0.504873036445509,0.481064781847827,2025.06618872215,2025.08999697675,NA,NA,NA
6019,6020,REU.3.1_1,REU.4.6_1,0.0105420711831957,0.504880970736261,0.494338899553066,2025.07946283986,2025.09000491104,NA,NA,NA
5249,5251,REU.4.8_1,REU.4.8_1,0.00289189885098096,0.504916640381956,0.502024741530975,2025.08714868184,2025.09004058069,NA,NA,NA
5620,5621,REU.3.1_1,REU.3.1_1,0.0875558093273369,0.504927962249663,0.417372152922326,2025.00249609323,2025.09005190256,NA,NA,NA
3378,3385,REU.4.3_1,REU.4.8_1,0.0508595387032865,0.505012208302488,0.454152669599201,2025.0392766099,2025.09013614861,NA,NA,NA
5863,5864,REU.3.4_1,REU.3.4_1,0.0372751909467358,0.505044535467978,0.467769344521242,2025.05289328483,2025.09016847577,NA,NA,NA
4696,4697,REU.2.3_1,REU.2.3_1,0.016672156284382,0.505077291957762,0.48840513567338,2025.07352907598,2025.09020123226,NA,NA,NA
3354,3355,REU.4.3_1,REU.4.3_1,0.0282799649300088,0.505278728227866,0.476998763297858,2025.0621227036,2025.09040266853,NA,NA,NA
5807,1812,REU.3.1_1,REU.3.4_1,0.177758548183698,0.505287018598772,0.327528470415075,2024.91265241072,2025.0904109589,CHIKV_RUN_S17b18_2025,55.335333,-21.202203
5003,15,REU.3.5_1,REU.2.3_1,0.0657258747789314,0.505287018598772,0.439561143819841,2025.02468508413,2025.0904109589,CHIKV_RUN_S17b22_2025,55.48129,-20.916907
4049,1353,REU.4.3_1,REU.4.3_1,0.0607946345708551,0.505287018598772,0.444492384027917,2025.02961632433,2025.0904109589,CHIKV_RUN_S17b34_2025,55.530935,-21.257714
3492,1756,REU.4.8_1,REU.2.5_1,0.0483460086756342,0.505287018598772,0.456941009923138,2025.04206495023,2025.0904109589,CHIKV_RUN_S10b05_2025,55.640541,-20.932497
5684,2188,REU.4.3_1,REU.4.3_1,0.026004484028743,0.505287018598772,0.479282534570029,2025.06440647488,2025.0904109589,CHIKV_RUN_S17b17_2025,55.52056,-21.281449
5997,2899,REU.2.3_1,REU.2.3_1,0.0157630908326573,0.505287018598772,0.489523927766115,2025.07464786807,2025.0904109589,CHIKV_RUN_S17b35_2025,55.502793,-20.911217
6085,2118,REU.4.5_1,REU.4.5_1,0.00777704450763339,0.505287018598772,0.497509974091139,2025.0826339144,2025.0904109589,CHIKV_RUN_S17b42_2025,55.629379,-21.3518
3205,2606,REU.2.3_1,REU.2.3_1,0.00161183221413053,0.505287018598772,0.503675186384642,2025.08879912669,2025.0904109589,CHIKV_RUN_S10b14_2025,55.476821,-20.900549
4450,4451,REU.4.8_1,REU.4.8_1,0.0202897855015999,0.505295758769697,0.485005973268097,2025.07012991357,2025.09041969908,NA,NA,NA
4062,4063,REU.4.3_1,REU.4.3_1,0.0468810048990901,0.505303315423132,0.458422310524042,2025.04354625083,2025.09042725573,NA,NA,NA
3256,3257,REU.4.3_1,REU.4.3_1,0.0568116330706837,0.505345041893322,0.448533408822638,2025.03365734913,2025.0904689822,NA,NA,NA
4469,4470,REU.4.3_1,REU.4.3_1,0.0122892269365567,0.505359325356868,0.493070098420311,2025.07819403873,2025.09048326566,NA,NA,NA
3936,3937,REU.4.3_1,REU.4.3_1,0.0151512979341023,0.505371102186588,0.490219804252486,2025.07534374456,2025.09049504249,NA,NA,NA
6043,6044,REU.3.1_1,REU.3.4_1,0.00365789665052185,0.505482866082518,0.501824969431996,2025.08694890974,2025.09060680639,NA,NA,NA
4511,4512,REU.4.3_1,REU.4.3_1,0.00190992010247781,0.505501663085831,0.503591742983353,2025.08871568329,2025.09062560339,NA,NA,NA
5864,5865,REU.3.4_1,REU.3.4_1,0.000558442658080249,0.505602978126058,0.505044535467978,2025.09016847577,2025.09072691843,NA,NA,NA
3874,3882,REU.4.3_1,REU.4.3_1,0.088147295173338,0.505796631187191,0.417649336013853,2025.00277327632,2025.09092057149,NA,NA,NA
3686,3687,REU.4.8_1,REU.4.8_1,0.0202464905881112,0.506117024849882,0.485870534261771,2025.07099447457,2025.09124096516,NA,NA,NA
3539,3541,REU.4.3_1,REU.4.3_1,0.0298729152551609,0.50612468011046,0.476251764855299,2025.06137570516,2025.09124862042,NA,NA,NA
6013,6016,REU.4.6_1,REU.4.6_1,0.0893134176980346,0.506261331849688,0.416947914151653,2025.00207185446,2025.09138527216,NA,NA,NA
3932,3933,REU.4.3_1,REU.4.3_1,0.0415187824400615,0.506286545358071,0.464767762918009,2025.04989170322,2025.09141048566,NA,NA,NA
3623,3624,REU.4.8_1,REU.4.8_1,0.0154543764782928,0.506328082715993,0.4908737062377,2025.07599764654,2025.09145202302,NA,NA,NA
4833,4834,REU.4.3_1,REU.4.3_1,0.0210978670350952,0.506399907819949,0.485302040784854,2025.07042598109,2025.09152384813,NA,NA,NA
5558,5559,REU.4.3_1,REU.4.3_1,0.0620590561967531,0.50645784021446,0.444398784017707,2025.02952272432,2025.09158178052,NA,NA,NA
3644,3645,REU.4.3_1,REU.4.3_1,0.0216063556650021,0.506500276102292,0.48489392043729,2025.07001786074,2025.09162421641,NA,NA,NA
5278,5279,REU.4.3_1,REU.4.3_1,0.00862817669200122,0.506562147429022,0.497933970737021,2025.08305791104,2025.09168608773,NA,NA,NA
4015,4016,REU.4.3_1,REU.4.4_1,0.0143898919934035,0.506565988041103,0.4921760960477,2025.07730003635,2025.09168992835,NA,NA,NA
5218,5220,REU.3.1_1,REU.4.6_1,0.0638588515037141,0.506583672027508,0.442724820523794,2025.02784876083,2025.09170761233,NA,NA,NA
5435,5436,REU.3.1_1,REU.3.1_1,0.0166063004661089,0.506822093646238,0.490215793180129,2025.07533973349,2025.09194603395,NA,NA,NA
5546,5547,REU.4.1_1,REU.4.1_1,0.053523704155204,0.506826416246781,0.453302712091577,2025.0384266524,2025.09195035655,NA,NA,NA
5263,5264,REU.3.1_1,REU.3.1_1,0.0185208139777869,0.506830214243859,0.488309400266072,2025.07343334057,2025.09195415455,NA,NA,NA
6150,6156,REU.4.5_1,REU.4.5_1,0.0131129538189197,0.506836668991501,0.493723715172582,2025.07884765548,2025.0919606093,NA,NA,NA
4297,4298,REU.4.3_1,REU.4.3_1,0.00693318636492823,0.5068563527325,0.499923166367572,2025.08504710667,2025.09198029304,NA,NA,NA
5531,5535,REU.4.1_1,REU.4.1_1,0.0228908164835024,0.507167062764708,0.484276246281206,2025.06940018659,2025.09229100307,NA,NA,NA
3501,3503,REU.4.3_1,REU.4.3_1,0.0536334933008449,0.507437316840069,0.453803823539224,2025.03892776384,2025.09256125715,NA,NA,NA
4320,4325,REU.4.3_1,REU.4.3_1,0.00763575404191319,0.507464595882664,0.499828841840751,2025.08495278215,2025.09258853619,NA,NA,NA
3162,3164,REU.3.4_1,REU.3.4_1,0.0277733388990897,0.50748342077892,0.479710081879831,2025.06483402219,2025.09260736108,NA,NA,NA
3720,3723,REU.3.5_1,REU.3.5_1,0.00992061957358337,0.507677900328836,0.497757280755252,2025.08288122106,2025.09280184063,NA,NA,NA
3928,3929,REU.4.3_1,REU.4.3_1,0.0217179936829595,0.507795033816579,0.48607704013362,2025.07120098044,2025.09291897412,NA,NA,NA
5834,5835,REU.3.1_1,REU.3.1_1,0.0139529664955784,0.507803288529341,0.493850322033763,2025.07897426234,2025.09292722883,NA,NA,NA
3563,3567,REU.4.3_1,REU.4.3_1,0.00654137300729385,0.507900512116564,0.501359139109271,2025.08648307941,2025.09302445242,NA,NA,NA
6192,2818,REU.3.1_1,REU.3.1_1,0.0625440689860245,0.50802674462613,0.445482675640105,2025.03060661595,2025.09315068493,CHIKV_RUN_S16b88_2025,55.3619,-21.255328
5338,2272,REU.4.3_1,REU.4.8_1,0.029769701021603,0.50802674462613,0.478257043604527,2025.06338098391,2025.09315068493,CHIKV_RUN_S17b15_2025,55.535126,-21.315144
3586,1419,REU.4.8_1,REU.3.5_1,0.0268636870543246,0.50802674462613,0.481163057571805,2025.06628699788,2025.09315068493,CHIKV_RUN_S10b19_2025,55.274867,-21.026481
4523,869,REU.4.3_1,REU.4.3_1,0.0088658090338859,0.50802674462613,0.499160935592244,2025.0842848759,2025.09315068493,CHIKV_RUN_S10b20_2025,55.496192,-21.267121
3312,418,REU.4.3_1,REU.4.3_1,0.00524350961486353,0.50802674462613,0.502783235011266,2025.08790717532,2025.09315068493,CHIKV_RUN_S14b90_2025,55.542606,-21.243523
5825,3113,REU.4.6_1,REU.4.6_1,0.00333085618047357,0.50802674462613,0.504695888445656,2025.08981982875,2025.09315068493,CHIKV_RUN_S17b38_2025,55.43888,-21.269082
3257,636,REU.4.3_1,REU.4.3_1,0.0026817027328081,0.50802674462613,0.505345041893322,2025.0904689822,2025.09315068493,CHIKV_RUN_S17b28_2025,55.510051,-21.291905
4731,4732,REU.2.3_1,REU.2.3_1,0.00621304846424187,0.508032619767358,0.501819571303116,2025.08694351161,2025.09315656007,NA,NA,NA
4368,4369,REU.4.6_1,REU.4.6_1,0.0044232094646357,0.508036268093565,0.503613058628929,2025.08873699893,2025.0931602084,NA,NA,NA
4298,4299,REU.4.3_1,REU.4.3_1,0.00122492045855838,0.508081273191058,0.5068563527325,2025.09198029304,2025.0932052135,NA,NA,NA
4749,4750,REU.4.3_1,REU.4.3_1,0.0896961352567376,0.508152984654395,0.418456849397658,2025.0035807897,2025.09327692496,NA,NA,NA
5264,5266,REU.3.1_1,REU.3.1_1,0.00135140766345432,0.508181621907313,0.506830214243859,2025.09195415455,2025.09330556221,NA,NA,NA
5204,5207,REU.3.1_1,REU.3.1_1,0.0203413261772044,0.508270436862279,0.487929110685075,2025.07305305099,2025.09339437717,NA,NA,NA
3739,3740,REU.3.5_1,REU.3.5_1,0.0286224141448894,0.5082903287147,0.479667914569811,2025.06479185488,2025.09341426902,NA,NA,NA
5683,5692,REU.4.3_1,REU.4.3_1,0.0681257178268213,0.508454256887358,0.440328539060536,2025.02545247937,2025.09357819719,NA,NA,NA
4359,4360,REU.4.8_1,REU.4.8_1,0.0111652779085936,0.508577781801294,0.497412503892701,2025.0825364442,2025.09370172211,NA,NA,NA
3790,3791,REU.4.3_1,REU.4.3_1,0.0408405652689856,0.508644887028965,0.467804321759979,2025.05292826207,2025.09376882733,NA,NA,NA
3730,3735,REU.3.5_1,REU.3.5_1,0.0388797597689776,0.508672009414651,0.469792249645674,2025.05491618995,2025.09379594972,NA,NA,NA
4966,4967,REU.2.3_1,REU.2.3_1,0.0636678240453471,0.508721772221779,0.445053948176432,2025.03017788848,2025.09384571253,NA,NA,NA
4295,4296,REU.4.3_1,REU.4.8_1,0.0533132892892957,0.50887269553137,0.455559406242074,2025.04068334655,2025.09399663584,NA,NA,NA
4430,4431,REU.4.3_1,REU.4.3_1,0.0332185796346196,0.509046885010036,0.475828305375416,2025.06095224568,2025.09417082532,NA,NA,NA
5178,5184,REU.3.4_1,REU.3.4_1,0.0414496344771127,0.509079209522932,0.467629575045819,2025.05275351535,2025.09420314983,NA,NA,NA
5665,5666,REU.4.3_1,REU.4.3_1,0.0207229715386362,0.509135244647554,0.488412273108918,2025.07353621341,2025.09425918495,NA,NA,NA
4339,4340,REU.4.3_1,REU.4.8_1,0.0651640827653612,0.50915656275419,0.443992479988829,2025.02911642029,2025.09428050306,NA,NA,NA
5159,5160,REU.3.1_1,REU.3.1_1,0.0301295898667898,0.509346613938191,0.479217024071401,2025.06434096438,2025.09447055424,NA,NA,NA
5628,5629,REU.3.1_1,REU.3.1_1,0.0624519355024075,0.509410111261529,0.446958175759121,2025.03208211606,2025.09453405157,NA,NA,NA
5668,5669,REU.4.8_1,REU.4.8_1,0.0103897679019258,0.509472190120277,0.499082422218351,2025.08420636252,2025.09459613043,NA,NA,NA
3843,3854,REU.2.3_1,REU.2.3_1,0.00653367136780614,0.509562981281631,0.503029309913825,2025.08815325022,2025.09468692159,NA,NA,NA
5461,5462,REU.4.5_1,REU.4.5_1,0.00743324100346066,0.509819280729198,0.502386039725737,2025.08750998003,2025.09494322103,NA,NA,NA
5786,5788,REU.2.3_1,REU.2.3_1,0.0754003113269592,0.509834387576654,0.434434076249694,2025.01955801656,2025.09495832788,NA,NA,NA
4161,4162,REU.4.3_1,REU.4.3_1,0.00850236228322787,0.509880722019664,0.501378359736436,2025.08650230004,2025.09500466232,NA,NA,NA
4724,4725,REU.2.3_1,REU.2.3_1,0.037321998779672,0.509982584281921,0.472660585502249,2025.05778452581,2025.09510652459,NA,NA,NA
4196,4197,REU.4.8_1,REU.2.3_1,0.0068771212389318,0.509987768667342,0.50311064742841,2025.08823458773,2025.09511170897,NA,NA,NA
4567,4568,REU.4.4_1,REU.4.4_1,0.0194509871358145,0.510007619274135,0.490556632138321,2025.07568057244,2025.09513155958,NA,NA,NA
5251,5252,REU.4.8_1,REU.4.8_1,0.00509286360867112,0.510009503990627,0.504916640381956,2025.09004058069,2025.0951334443,NA,NA,NA
4493,4494,REU.4.3_1,REU.4.3_1,0.0538672146141567,0.510229065318881,0.456361850704724,2025.04148579101,2025.09535300562,NA,NA,NA
4272,4282,REU.4.3_1,REU.4.3_1,0.129245395804787,0.51024034199684,0.380994946192053,2024.9661188865,2025.0953642823,NA,NA,NA
4195,4207,REU.4.3_1,REU.4.3_1,0.0259735349472584,0.510265028267463,0.484291493320204,2025.06941543363,2025.09538896857,NA,NA,NA
4393,4399,REU.4.8_1,REU.4.8_1,0.00818175362976525,0.510284071677353,0.502102318047588,2025.08722625835,2025.09540801198,NA,NA,NA
5714,5715,REU.3.1_1,REU.3.1_1,0.073068977654058,0.51028835772424,0.437219380070182,2025.02234332038,2025.09541229803,NA,NA,NA
3322,3323,REU.4.3_1,REU.4.3_1,0.0280856912876073,0.510304250292159,0.482218559004551,2025.06734249931,2025.0954281906,NA,NA,NA
4436,4437,REU.4.3_1,REU.4.3_1,0.0467510971687871,0.510352980968615,0.463601883799828,2025.04872582411,2025.09547692127,NA,NA,NA
5548,5549,REU.4.1_1,REU.4.1_1,0.034896187708646,0.510531586722495,0.475635399013849,2025.06075933932,2025.09565552703,NA,NA,NA
4770,4771,REU.4.3_1,REU.4.3_1,0.00861033989778714,0.510566469736829,0.501956129839042,2025.08708007014,2025.09569041004,NA,NA,NA
3563,3564,REU.4.3_1,REU.4.3_1,0.00925296477954196,0.510612103888813,0.501359139109271,2025.08648307941,2025.09573604419,NA,NA,NA
4800,4801,REU.4.3_1,REU.4.3_1,0.0713723582574116,0.510715971763642,0.439343613506231,2025.02446755381,2025.09583991207,NA,NA,NA
4567,4583,REU.4.4_1,REU.4.4_1,0.0201936878196448,0.510750319957966,0.490556632138321,2025.07568057244,2025.09587426026,NA,NA,NA
4913,4915,REU.4.5_1,REU.4.7_1,0.0707097654574106,0.510755130491644,0.440045365034234,2025.02516930534,2025.0958790708,NA,NA,NA
6164,2062,REU.4.5_1,REU.4.5_1,0.047941676810259,0.510766470653487,0.462824793843228,2025.04794873415,2025.09589041096,CHIKV_RUN_S17b39_2025,55.59222,-21.37455
4853,1749,REU.4.3_1,REU.4.4_1,0.0332400304357325,0.510766470653487,0.477526440217755,2025.06265038052,2025.09589041096,CHIKV_RUN_S10b26_2025,55.560539,-21.342963
6092,2119,REU.4.5_1,REU.4.3_1,0.0111847037583184,0.510766470653487,0.499581766895169,2025.0847057072,2025.09589041096,CHIKV_RUN_S10b18_2025,55.498016,-21.254205
4426,806,REU.4.3_1,REU.4.3_1,0.00886841693454199,0.510766470653487,0.501898053718945,2025.08702199402,2025.09589041096,CHIKV_RUN_S10b25_2025,55.503697,-21.272324
5184,1798,REU.3.4_1,REU.3.4_1,0.00168726113055551,0.510766470653487,0.509079209522932,2025.09420314983,2025.09589041096,CHIKV_RUN_S10b24_2025,55.289455,-21.17725
5620,5622,REU.3.1_1,REU.3.1_1,0.093523568523933,0.510895721446259,0.417372152922326,2025.00249609323,2025.09601966175,NA,NA,NA
5135,5138,REU.4.3_1,REU.4.3_1,0.0289175783055344,0.510919272500412,0.482001694194878,2025.0671256345,2025.09604321281,NA,NA,NA
5020,5021,REU.4.8_1,REU.4.8_1,0.0556206110613791,0.51095351763412,0.455332906572741,2025.04045684688,2025.09607745794,NA,NA,NA
5039,5042,REU.3.1_1,REU.3.1_1,0.0160302105957409,0.511077870197088,0.495047659601347,2025.08017159991,2025.0962018105,NA,NA,NA
4369,4370,REU.4.6_1,REU.4.6_1,0.00310335238032156,0.511139620473887,0.508036268093565,2025.0931602084,2025.09626356078,NA,NA,NA
4352,4353,REU.4.8_1,REU.4.8_1,0.051949994935193,0.511284462673266,0.459334467738073,2025.04445840804,2025.09640840298,NA,NA,NA
5021,5022,REU.4.8_1,REU.4.8_1,0.000369111293156088,0.511322628927276,0.51095351763412,2025.09607745794,2025.09644656923,NA,NA,NA
3965,3972,REU.4.8_1,REU.4.8_1,0.0267742645200689,0.511354782841009,0.48458051832094,2025.06970445863,2025.09647872315,NA,NA,NA
3612,3616,REU.4.8_1,REU.4.8_1,0.0325397591149262,0.511369315471567,0.478829556356641,2025.06395349666,2025.09649325578,NA,NA,NA
3526,3534,REU.4.3_1,REU.4.3_1,0.056221896657075,0.511449034194682,0.455227137537607,2025.04035107784,2025.0965729745,NA,NA,NA
5646,5654,REU.4.8_1,REU.4.8_1,0.00887301348658331,0.511510677442889,0.502637663956306,2025.08776160426,2025.09663461775,NA,NA,NA
5020,5030,REU.4.8_1,REU.4.8_1,0.056186743019162,0.511519649591903,0.455332906572741,2025.04045684688,2025.0966435899,NA,NA,NA
3882,3883,REU.4.3_1,REU.4.3_1,0.00575142917155735,0.511548060358748,0.505796631187191,2025.09092057149,2025.09667200066,NA,NA,NA
4431,4433,REU.4.3_1,REU.4.3_1,0.00252315436970751,0.511570039379743,0.509046885010036,2025.09417082532,2025.09669397969,NA,NA,NA
4420,4421,REU.4.3_1,REU.4.3_1,0.0460452492303577,0.511618246563191,0.465572997332833,2025.05069693764,2025.09674218687,NA,NA,NA
6194,6195,REU.4.8_1,REU.4.8_1,0.0175125654688515,0.511642255619592,0.49412969015074,2025.07925363046,2025.09676619593,NA,NA,NA
5761,5762,REU.3.1_1,REU.2.3_1,0.118778887720965,0.511806050021162,0.393027162300197,2024.97815110261,2025.09692999033,NA,NA,NA
3521,3523,REU.3.5_1,REU.3.5_1,0.0115844517345197,0.511966292402406,0.500381840667886,2025.08550578097,2025.09709023271,NA,NA,NA
5933,5943,REU.2.3_1,REU.2.3_1,0.0460002872833329,0.512006704946236,0.466006417662903,2025.05113035797,2025.09713064525,NA,NA,NA
4063,4068,REU.4.3_1,REU.4.3_1,0.00676583410649911,0.512069149529631,0.505303315423132,2025.09042725573,2025.09719308983,NA,NA,NA
5338,5339,REU.4.3_1,REU.4.3_1,0.033917847293739,0.512174890898266,0.478257043604527,2025.06338098391,2025.0972988312,NA,NA,NA
4353,4354,REU.4.8_1,REU.4.8_1,0.000934803059124523,0.51221926573239,0.511284462673266,2025.09640840298,2025.09734320604,NA,NA,NA
6093,6112,REU.4.5_1,REU.4.5_1,0.0150136533901966,0.512228808975389,0.497215155585193,2025.08233909589,2025.09735274928,NA,NA,NA
4996,4997,REU.3.1_1,REU.3.1_1,0.0281476759217045,0.512294495512747,0.484146819591042,2025.0692707599,2025.09741843582,NA,NA,NA
4859,4864,REU.4.3_1,REU.4.8_1,0.0390808266392055,0.512340579281358,0.473259752642152,2025.05838369295,2025.09746451959,NA,NA,NA
5477,5483,REU.3.5_1,REU.3.5_1,0.0570471725061679,0.512444923714611,0.455397751208443,2025.04052169151,2025.09756886402,NA,NA,NA
4075,4076,REU.4.3_1,REU.4.3_1,0.0130256113041602,0.512508908686006,0.499483297381846,2025.08460723769,2025.09763284899,NA,NA,NA
5715,5719,REU.3.1_1,REU.3.1_1,0.00223808395623704,0.512526441680477,0.51028835772424,2025.09541229803,2025.09765038199,NA,NA,NA
6174,6183,REU.3.1_1,REU.3.1_1,0.0729834787785619,0.512726317755181,0.439742838976619,2025.02486677928,2025.09785025806,NA,NA,NA
5530,5539,REU.4.1_1,REU.4.1_1,0.0294760791340518,0.512778484346044,0.483302405211993,2025.06842634552,2025.09790242465,NA,NA,NA
5293,5294,REU.3.1_1,REU.4.6_1,0.0728820102982252,0.512801478450819,0.439919468152594,2025.02504340846,2025.09792541876,NA,NA,NA
4243,4248,REU.4.3_1,REU.4.3_1,0.069798240853505,0.512860480967531,0.443062240114026,2025.02818618042,2025.09798442127,NA,NA,NA
5710,5711,REU.4.8_1,REU.4.8_1,0.0328041825715067,0.512869628933966,0.480065446362459,2025.06518938667,2025.09799356924,NA,NA,NA
5719,5720,REU.3.1_1,REU.3.1_1,0.000438145836808235,0.512964587517285,0.512526441680477,2025.09765038199,2025.09808852782,NA,NA,NA
5767,5769,REU.4.3_1,REU.4.3_1,0.0121151427967706,0.513013717039766,0.500898574242995,2025.08602251455,2025.09813765735,NA,NA,NA
5900,5901,REU.3.4_1,REU.3.4_1,0.0362127855624088,0.51303311188023,0.476820326317821,2025.06194426662,2025.09815705219,NA,NA,NA
4226,4227,REU.4.3_1,REU.4.3_1,0.0604623692990618,0.513033755397509,0.452571386098448,2025.0376953264,2025.0981576957,NA,NA,NA
3199,3200,REU.3.1_1,REU.4.8_1,0.062939592413902,0.513100015187551,0.450160422773649,2025.03528436308,2025.09822395549,NA,NA,NA
4433,4434,REU.4.3_1,REU.4.3_1,0.00155656311551922,0.513126602495263,0.511570039379743,2025.09669397969,2025.0982505428,NA,NA,NA
4602,4603,REU.4.4_1,REU.4.4_1,0.0331344839851191,0.513137131891897,0.480002647906778,2025.06512658821,2025.0982610722,NA,NA,NA
5873,5874,REU.3.4_1,REU.3.4_1,0.027917757268102,0.513328765249199,0.485411007981097,2025.07053494829,2025.09845270555,NA,NA,NA
3797,3798,REU.4.3_1,REU.4.3_1,0.0246579265379997,0.513375235630412,0.488717309092413,2025.0738412494,2025.09849917594,NA,NA,NA
5436,5439,REU.3.1_1,REU.3.1_1,0.00657683066011194,0.51339892430635,0.506822093646238,2025.09194603395,2025.09852286461,NA,NA,NA
3626,1521,REU.4.3_1,REU.4.3_1,0.126461868458668,0.513506196680845,0.387044328222176,2024.97216826853,2025.09863013699,CHIKV_RUN_S10b31_2025,55.513787,-21.267717
3889,271,REU.4.3_1,REU.4.4_1,0.111460895606554,0.513506196680845,0.402045301074291,2024.98716924138,2025.09863013699,CHIKV_RUN_S10b34_2025,55.55304,-21.350416
4751,1750,REU.4.3_1,REU.4.5_1,0.0553673209730429,0.513506196680845,0.458138875707802,2025.04326281601,2025.09863013699,CHIKV_RUN_S10b27_2025,55.596459,-21.333171
5226,2230,REU.4.3_1,REU.4.3_1,0.0511832189657321,0.513506196680845,0.462322977715112,2025.04744691802,2025.09863013699,CHIKV_RUN_S10b32_2025,55.525455,-21.285424
4552,1255,REU.4.4_1,REU.4.4_1,0.0143143580159565,0.513506196680845,0.499191838664888,2025.08431577897,2025.09863013699,CHIKV_RUN_S10b37_2025,55.561393,-21.340955
5406,3065,REU.3.1_1,REU.3.1_1,0.0125862269707377,0.513506196680845,0.500919969710107,2025.08604391002,2025.09863013699,CHIKV_RUN_S10b23_2025,55.353503,-21.259858
4126,4131,REU.4.3_1,REU.4.3_1,0.0499970462335647,0.51350849040872,0.463511444175155,2025.04863538448,2025.09863243071,NA,NA,NA
3818,3819,REU.4.3_1,REU.4.8_1,0.080921249624189,0.513558980639567,0.432637731015378,2025.01776167132,2025.09868292095,NA,NA,NA
5628,5632,REU.3.1_1,REU.3.1_1,0.0666395478254687,0.51359772358459,0.446958175759121,2025.03208211606,2025.09872166389,NA,NA,NA
4399,4406,REU.4.8_1,REU.4.8_1,0.00333197031899057,0.513616041996344,0.510284071677353,2025.09540801198,2025.0987399823,NA,NA,NA
4834,4835,REU.4.3_1,REU.4.3_1,0.00732790715689347,0.513727814976843,0.506399907819949,2025.09152384813,2025.09885175528,NA,NA,NA
4842,4843,REU.4.3_1,REU.4.3_1,0.0481959298252891,0.513728161674483,0.465532231849194,2025.05065617215,2025.09885210198,NA,NA,NA
6032,6035,REU.3.1_1,REU.3.5_1,0.0696248203865338,0.513811912482369,0.444187092095835,2025.0293110324,2025.09893585279,NA,NA,NA
4325,4326,REU.4.3_1,REU.4.3_1,0.00644326673157836,0.513907862614242,0.507464595882664,2025.09258853619,2025.09903180292,NA,NA,NA
5735,5736,REU.3.1_1,REU.3.1_1,0.105461350518132,0.513908279648717,0.408446929130585,2024.99357086944,2025.09903221995,NA,NA,NA
3276,3284,REU.4.3_1,REU.2.3_1,0.0580769435222968,0.514016593838304,0.455939650316008,2025.04106359062,2025.09914053414,NA,NA,NA
3695,3696,REU.4.3_1,REU.4.3_1,0.0622952727933678,0.514054963986112,0.451759691192744,2025.0368836315,2025.09917890429,NA,NA,NA
6047,6048,REU.4.8_1,REU.4.8_1,0.0138797857242424,0.514067111779221,0.500187326054979,2025.08531126636,2025.09919105208,NA,NA,NA
3292,3293,REU.4.3_1,REU.4.3_1,0.0118065306721283,0.514101056932294,0.502294526260166,2025.08741846657,2025.09922499724,NA,NA,NA
4266,4267,REU.4.3_1,REU.4.3_1,0.0548341538395954,0.514104926923025,0.45927077308343,2025.04439471339,2025.09922886723,NA,NA,NA
4063,4064,REU.4.3_1,REU.4.3_1,0.00881454226308709,0.514117857686219,0.505303315423132,2025.09042725573,2025.09924179799,NA,NA,NA
5622,5623,REU.3.1_1,REU.3.1_1,0.00327436535186687,0.514170086798126,0.510895721446259,2025.09601966175,2025.0992940271,NA,NA,NA
4196,4202,REU.4.8_1,REU.4.8_1,0.0111636233198709,0.514274270748281,0.50311064742841,2025.08823458773,2025.09939821105,NA,NA,NA
4362,4363,REU.4.3_1,REU.4.3_1,0.0264550614020882,0.514299343232479,0.487844281830391,2025.07296822214,2025.09942328354,NA,NA,NA
5564,5565,REU.4.3_1,REU.4.3_1,0.0486809146981093,0.514441190886064,0.465760276187955,2025.05088421649,2025.09956513119,NA,NA,NA
4544,4545,REU.4.4_1,REU.4.4_1,0.0363544544326028,0.514461122593449,0.478106668160846,2025.06323060847,2025.0995850629,NA,NA,NA
3992,3993,REU.2.3_1,REU.2.3_1,0.0245415865742838,0.514553623245161,0.490012036670877,2025.07513597698,2025.09967756355,NA,NA,NA
4640,4641,REU.2.3_1,REU.2.3_1,0.0130260947834551,0.514584662387245,0.50155856760379,2025.08668250791,2025.09970860269,NA,NA,NA
3160,3186,REU.3.4_1,REU.4.6_1,0.103525550681991,0.514595793821069,0.411070243139078,2024.99619418344,2025.09971973413,NA,NA,NA
3545,3546,REU.4.3_1,REU.4.3_1,0.0470752073917415,0.514635623538068,0.467560416146327,2025.05268435645,2025.09975956384,NA,NA,NA
5966,5967,REU.2.3_1,REU.2.3_1,0.0210537605326151,0.514636717299352,0.493582956766737,2025.07870689707,2025.0997606576,NA,NA,NA
3599,3600,REU.4.8_1,REU.4.8_1,0.0163675178665,0.514699937602037,0.498332419735537,2025.08345636004,2025.09982387791,NA,NA,NA
4030,4031,REU.4.3_1,REU.4.3_1,0.0281714835104335,0.514715611811616,0.486544128301182,2025.07166806861,2025.09983955212,NA,NA,NA
3663,3681,REU.4.3_1,REU.4.3_1,0.0264214615412223,0.514827641826261,0.488406180285039,2025.07353012059,2025.09995158213,NA,NA,NA
5331,5332,REU.4.3_1,REU.4.3_1,0.0117620641008068,0.514891305627088,0.503129241526281,2025.08825318183,2025.10001524593,NA,NA,NA
3541,3542,REU.4.3_1,REU.4.3_1,0.00885240699553236,0.514977087105993,0.50612468011046,2025.09124862042,2025.10010102741,NA,NA,NA
5278,5283,REU.4.3_1,REU.4.3_1,0.0170878240729504,0.515021794809971,0.497933970737021,2025.08305791104,2025.10014573512,NA,NA,NA
3300,3301,REU.4.3_1,REU.4.3_1,0.096974141693727,0.515135165016341,0.418161023322614,2025.00328496363,2025.10025910532,NA,NA,NA
3124,3125,REU.3.4_1,REU.3.4_1,0.011707608246726,0.515261354912541,0.503553746665815,2025.08867768697,2025.10038529522,NA,NA,NA
5418,5419,REU.4.8_1,REU.4.8_1,0.0599247302316566,0.515299640958261,0.455374910726604,2025.04049885103,2025.10042358126,NA,NA,NA
5266,5267,REU.3.1_1,REU.4.3_1,0.00717088122809262,0.515352503135406,0.508181621907313,2025.09330556221,2025.10047644344,NA,NA,NA
3883,3885,REU.4.3_1,REU.4.3_1,0.00388868201210002,0.515436742370848,0.511548060358748,2025.09667200066,2025.10056068268,NA,NA,NA
4159,4168,REU.4.3_1,REU.4.8_1,0.0454681208528244,0.515448423927615,0.469980303074791,2025.05510424338,2025.10057236423,NA,NA,NA
5773,5778,REU.4.3_1,REU.4.3_1,0.0630410484984605,0.515449685639497,0.452408637141037,2025.03753257745,2025.10057362594,NA,NA,NA
5575,5576,REU.3.1_1,REU.3.1_1,0.0142950493044025,0.515456579629524,0.501161530325122,2025.08628547063,2025.10058051993,NA,NA,NA
4697,4702,REU.2.3_1,REU.2.3_1,0.0104251154348126,0.515502407392575,0.505077291957762,2025.09020123226,2025.1006263477,NA,NA,NA
4568,4574,REU.4.4_1,REU.4.4_1,0.00552617425990665,0.515533793534042,0.510007619274135,2025.09513155958,2025.10065773384,NA,NA,NA
4512,4513,REU.4.3_1,REU.4.3_1,0.0101266359588805,0.515628299044712,0.505501663085831,2025.09062560339,2025.10075223935,NA,NA,NA
5813,5814,REU.4.3_1,REU.2.3_1,0.0268150783857809,0.515770786525731,0.48895570813995,2025.07407964845,2025.10089472683,NA,NA,NA
3664,3666,REU.4.3_1,REU.4.3_1,0.0116140968158072,0.515834221619976,0.504220124804169,2025.08934406511,2025.10095816193,NA,NA,NA
5374,5385,REU.3.1_1,REU.3.1_1,0.0998367496347475,0.51587554568692,0.416038796052172,2025.00116273636,2025.10099948599,NA,NA,NA
5350,5351,REU.3.1_1,REU.3.1_1,0.0227431805842238,0.515902372063168,0.493159191478944,2025.07828313178,2025.10102631237,NA,NA,NA
4915,4916,REU.4.7_1,REU.4.7_1,0.00514767592465715,0.515902806416301,0.510755130491644,2025.0958790708,2025.10102674672,NA,NA,NA
4052,4058,REU.4.3_1,REU.4.3_1,0.0395008290062561,0.516113270749681,0.476612441743425,2025.06173638205,2025.10123721106,NA,NA,NA
5559,5561,REU.4.3_1,REU.4.3_1,0.00967413333934941,0.51613197355381,0.50645784021446,2025.09158178052,2025.10125591386,NA,NA,NA
5460,5469,REU.4.5_1,REU.4.5_1,0.0300332791049726,0.516135357726546,0.486102078621573,2025.07122601893,2025.10125929803,NA,NA,NA
4437,4438,REU.4.3_1,REU.4.3_1,0.00582265623933076,0.516175637207946,0.510352980968615,2025.09547692127,2025.10129957751,NA,NA,NA
3594,3602,REU.4.8_1,REU.4.8_1,0.0340901080185644,0.51618679788553,0.482096689866966,2025.06722063017,2025.10131073819,NA,NA,NA
6019,6024,REU.3.1_1,REU.3.1_1,0.0218758093249284,0.516214708877994,0.494338899553066,2025.07946283986,2025.10133864918,NA,NA,NA
6218,2335,REU.3.1_1,REU.4.3_1,0.0824684758985014,0.516245922708202,0.433777446809701,2025.01890138712,2025.10136986301,CHIKV_RUN_S10b35_2025,55.511614,-21.285498
4178,318,REU.4.3_1,REU.4.3_1,0.0455267244061759,0.516245922708202,0.470719198302026,2025.05584313861,2025.10136986301,CHIKV_RUN_S10b33_2025,55.500237,-21.26577
3783,1682,REU.4.3_1,REU.4.3_1,0.0418014825965662,0.516245922708202,0.474444440111636,2025.05956838042,2025.10136986301,CHIKV_RUN_S10b10_2025,55.526003,-21.281414
3283,506,REU.4.3_1,REU.4.3_1,0.0138905214989896,0.516245922708202,0.502355401209212,2025.08747934151,2025.10136986301,CHIKV_RUN_S10b39_2025,55.520725,-21.265353
5586,2167,REU.4.5_1,REU.4.5_1,0.0117118134750226,0.516245922708202,0.504534109233179,2025.08965804954,2025.10136986301,CHIKV_RUN_S10b36_2025,55.607893,-21.328191
4353,4357,REU.4.8_1,REU.4.8_1,0.00502569336436931,0.516310156037635,0.511284462673266,2025.09640840298,2025.10143409634,NA,NA,NA
4509,4510,REU.4.3_1,REU.4.5_1,0.0262976612385483,0.516350119405408,0.49005245816686,2025.07517639847,2025.10147405971,NA,NA,NA
5227,5228,REU.3.5_1,REU.3.5_1,0.0362250230507392,0.516368426075153,0.480143403024413,2025.06526734333,2025.10149236638,NA,NA,NA
4568,4569,REU.4.4_1,REU.4.4_1,0.00701867202665452,0.51702629130079,0.510007619274135,2025.09513155958,2025.10215023161,NA,NA,NA
4267,4268,REU.4.3_1,REU.4.3_1,0.00301621775158833,0.517121144674613,0.514104926923025,2025.09922886723,2025.10224508498,NA,NA,NA
3798,3799,REU.4.3_1,REU.4.3_1,0.00384872826325844,0.517223963893671,0.513375235630412,2025.09849917594,2025.1023479042,NA,NA,NA
5146,5164,REU.3.1_1,REU.4.8_1,0.0845022878565403,0.517246607088012,0.432744319231471,2025.01786825954,2025.10237054739,NA,NA,NA
4282,4283,REU.4.3_1,REU.4.3_1,0.00701186704699408,0.517252209043834,0.51024034199684,2025.0953642823,2025.10237614935,NA,NA,NA
5469,5470,REU.4.5_1,REU.4.5_1,0.00116964980182921,0.517305007528375,0.516135357726546,2025.10125929803,2025.10242894783,NA,NA,NA
5943,5944,REU.2.3_1,REU.2.3_1,0.0053357338911002,0.517342438837336,0.512006704946236,2025.09713064525,2025.10246637914,NA,NA,NA
4149,4150,REU.4.3_1,REU.4.3_1,0.0146713596745528,0.51735374577646,0.502682386101908,2025.08780632641,2025.10247768608,NA,NA,NA
3450,3452,REU.4.3_1,REU.4.3_1,0.0251273179967231,0.517442130168469,0.492314812171746,2025.07743875248,2025.10256607047,NA,NA,NA
4241,4264,REU.4.3_1,REU.4.3_1,0.0754798457101505,0.517470871963626,0.441991026253475,2025.02711496656,2025.10259481227,NA,NA,NA
5493,5494,REU.3.1_1,REU.3.1_1,0.0764735816838679,0.517510178947501,0.441036597263633,2025.02616053757,2025.10263411925,NA,NA,NA
4072,4087,REU.4.3_1,REU.4.3_1,0.068098329497884,0.517513379873064,0.44941505037518,2025.03453899068,2025.10263732018,NA,NA,NA
3749,3750,REU.3.5_1,REU.3.5_1,0.07507166248912,0.517561433253779,0.442489770764659,2025.02761371107,2025.10268537356,NA,NA,NA
5669,5673,REU.4.8_1,REU.4.8_1,0.00810084672406985,0.517573036844346,0.509472190120277,2025.09459613043,2025.10269697715,NA,NA,NA
5251,5253,REU.4.8_1,REU.4.8_1,0.0127130036162965,0.517629643998252,0.504916640381956,2025.09004058069,2025.1027535843,NA,NA,NA
3177,3178,REU.3.4_1,REU.3.4_1,0.0297288743329956,0.517838501400789,0.488109627067794,2025.07323356737,2025.10296244171,NA,NA,NA
5494,5497,REU.3.1_1,REU.3.1_1,0.000410811897207597,0.517920990844709,0.517510178947501,2025.10263411925,2025.10304493115,NA,NA,NA
4116,4117,REU.4.3_1,REU.4.3_1,0.0176137272645055,0.517930573021628,0.500316845757123,2025.08544078606,2025.10305451333,NA,NA,NA
4379,4387,REU.4.8_1,REU.4.8_1,0.0142065761076213,0.517961392738524,0.503754816630903,2025.08887875694,2025.10308533304,NA,NA,NA
4656,4657,REU.2.3_1,REU.2.3_1,0.0205003817317297,0.517971260215979,0.497470878484249,2025.08259481879,2025.10309520052,NA,NA,NA
3485,3486,REU.4.3_1,REU.4.3_1,0.0393706733946717,0.518027443492085,0.478656770097413,2025.0637807104,2025.1031513838,NA,NA,NA
4393,4394,REU.4.8_1,REU.4.8_1,0.0160566336882744,0.518158951735862,0.502102318047588,2025.08722625835,2025.10328289204,NA,NA,NA
4860,4861,REU.4.3_1,REU.4.3_1,0.0399213382710276,0.518183193469939,0.478261855198911,2025.0633857955,2025.10330713378,NA,NA,NA
4808,4810,REU.4.3_1,REU.4.3_1,0.0526614800578217,0.518273055811036,0.465611575753215,2025.05073551606,2025.10339699612,NA,NA,NA
3481,3482,REU.4.5_1,REU.4.5_1,0.0173426836668419,0.518316198010008,0.500973514343166,2025.08609745465,2025.10344013832,NA,NA,NA
3914,3916,REU.4.3_1,REU.4.3_1,0.0525066923901277,0.518338779168091,0.465832086777963,2025.05095602708,2025.10346271947,NA,NA,NA
4875,4877,REU.4.7_1,REU.4.7_1,0.0258472226780971,0.518354700038965,0.492507477360868,2025.07763141767,2025.10347864034,NA,NA,NA
4741,4742,REU.2.3_1,REU.2.3_1,0.0579843598500945,0.518356959599269,0.460372599749175,2025.04549654005,2025.1034808999,NA,NA,NA
4711,4712,REU.2.3_1,REU.2.3_1,0.0836588581338935,0.518410476179919,0.434751618046025,2025.01987555835,2025.10353441649,NA,NA,NA
3363,3371,REU.4.3_1,REU.4.8_1,0.02529155865303,0.518452445970822,0.493160887317792,2025.07828482762,2025.10357638628,NA,NA,NA
6207,6214,REU.4.8_1,REU.3.1_1,0.0185906309297297,0.51850908224226,0.49991845131253,2025.08504239162,2025.10363302255,NA,NA,NA
4244,4245,REU.4.3_1,REU.4.3_1,0.0708745837414653,0.518807747656928,0.447933163915463,2025.03305710422,2025.10393168796,NA,NA,NA
5997,5998,REU.2.3_1,REU.2.3_1,0.0292871808448937,0.518811108611009,0.489523927766115,2025.07464786807,2025.10393504892,NA,NA,NA
5774,5777,REU.4.3_1,REU.4.3_1,0.0270115085455601,0.518825950031911,0.491814441486351,2025.07693838179,2025.10394989034,NA,NA,NA
5965,5982,REU.2.3_1,REU.2.3_1,0.0349018626980643,0.518976609356,0.484074746657936,2025.06919868696,2025.10410054966,NA,NA,NA
3418,525,REU.4.6_1,REU.2.3_1,0.0632837823919001,0.518985648735787,0.455701866343887,2025.04082580665,2025.10410958904,CHIKV_RUN_S10b45_2025,55.401742,-20.902126
5400,2010,REU.3.1_1,REU.4.6_1,0.0568296816351146,0.518985648735787,0.462155967100672,2025.04727990741,2025.10410958904,CHIKV_RUN_S15b60_2025,55.440135,-21.262738
6165,2110,REU.4.5_1,REU.4.5_1,0.0375657848312705,0.518985648735787,0.481419863904516,2025.06654380421,2025.10410958904,CHIKV_RUN_S10b29_2025,55.599125,-21.377223
3624,70,REU.4.8_1,REU.3.1_1,0.0126575660197942,0.518985648735787,0.506328082715993,2025.09145202302,2025.10410958904,CHIKV_RUN_S16b93_2025,55.371867,-21.27096
5266,2571,REU.3.1_1,REU.3.1_1,0.0108040268284735,0.518985648735787,0.508181621907313,2025.09330556221,2025.10410958904,CHIKV_RUN_S17b03_2025,55.367185,-21.258408
4296,777,REU.4.8_1,REU.4.8_1,0.0101129532044166,0.518985648735787,0.50887269553137,2025.09399663584,2025.10410958904,CHIKV_RUN_S15b52_2025,55.474593,-21.288804
5788,2542,REU.2.3_1,REU.2.3_1,0.00915126115913312,0.518985648735787,0.509834387576654,2025.09495832788,2025.10410958904,CHIKV_RUN_S10b71_2025,55.477508,-20.902553
3523,1630,REU.3.5_1,REU.4.8_1,0.00701935633338102,0.518985648735787,0.511966292402406,2025.09709023271,2025.10410958904,CHIKV_RUN_S10b51_2025,55.476533,-21.340631
3301,592,REU.4.3_1,REU.4.3_1,0.00385048371944552,0.518985648735787,0.515135165016341,2025.10025910532,2025.10410958904,CHIKV_RUN_S10b30_2025,55.527133,-21.260637
3332,3333,REU.4.3_1,REU.4.3_1,0.0485503091190309,0.519096935801932,0.470546626682901,2025.05567056699,2025.10422087611,NA,NA,NA
4603,4604,REU.4.4_1,REU.4.4_1,0.00596565591606057,0.519102787807957,0.513137131891897,2025.0982610722,2025.10422672811,NA,NA,NA
5331,5336,REU.4.3_1,REU.4.3_1,0.0161193511023607,0.519248592628642,0.503129241526281,2025.08825318183,2025.10437253293,NA,NA,NA
5021,5027,REU.4.8_1,REU.4.8_1,0.00836590051863229,0.519319418152753,0.51095351763412,2025.09607745794,2025.10444335846,NA,NA,NA
5060,5061,REU.3.1_1,REU.3.1_1,0.0594379623416282,0.519384023409279,0.459946061067651,2025.04507000137,2025.10450796371,NA,NA,NA
5236,5237,REU.2.3_1,REU.2.3_1,0.0182967837872579,0.519552252233739,0.501255468446482,2025.08637940875,2025.10467619254,NA,NA,NA
3740,3741,REU.3.5_1,REU.3.5_1,0.0112924098001448,0.519582738514845,0.5082903287147,2025.09341426902,2025.10470667882,NA,NA,NA
5113,5117,REU.4.8_1,REU.4.8_1,0.0255956186340347,0.519651117827776,0.494055499193741,2025.0791794395,2025.10477505813,NA,NA,NA
3710,3711,REU.4.3_1,REU.4.3_1,0.0556148160148728,0.519729687991381,0.464114871976508,2025.04923881228,2025.1048536283,NA,NA,NA
5169,5170,REU.4.6_1,REU.4.6_1,0.0283986404421128,0.51979404759461,0.491395407152497,2025.07651934746,2025.1049179879,NA,NA,NA
4076,4079,REU.4.3_1,REU.4.3_1,0.00729002363717157,0.519798932323178,0.512508908686006,2025.09763284899,2025.10492287263,NA,NA,NA
3815,3816,REU.4.3_1,REU.4.8_1,0.134541222945772,0.519826751751169,0.385285528805396,2024.97040946911,2025.10495069206,NA,NA,NA
4413,4414,REU.4.3_1,REU.4.3_1,0.0165919034215375,0.520028039087855,0.503436135666318,2025.08856007597,2025.10515197939,NA,NA,NA
4421,4422,REU.4.3_1,REU.4.3_1,0.00848120827386534,0.520099454837056,0.511618246563191,2025.09674218687,2025.10522339514,NA,NA,NA
5987,5988,REU.2.3_1,REU.2.3_1,0.0779052105451706,0.520166274023047,0.442261063477876,2025.02738500378,2025.10529021433,NA,NA,NA
4784,4794,REU.4.3_1,REU.4.8_1,0.0672319906461297,0.520183645084241,0.452951654438111,2025.03807559474,2025.10530758539,NA,NA,NA
3830,3831,REU.4.8_1,REU.4.8_1,0.0242563661253987,0.52028166378145,0.496025297656051,2025.08114923796,2025.10540560409,NA,NA,NA
3929,3930,REU.4.3_1,REU.4.8_1,0.0125537705699708,0.52034880438655,0.507795033816579,2025.09291897412,2025.10547274469,NA,NA,NA
5419,5420,REU.4.8_1,REU.4.8_1,0.00508246298107229,0.520382103939333,0.515299640958261,2025.10042358126,2025.10550604424,NA,NA,NA
4308,4309,REU.4.3_1,REU.4.8_1,0.0556510541172295,0.520437052709632,0.464785998592403,2025.0499099389,2025.10556099301,NA,NA,NA
4245,4246,REU.4.3_1,REU.4.3_1,0.00165636922646395,0.520464116883392,0.518807747656928,2025.10393168796,2025.10558805719,NA,NA,NA
5849,5850,REU.3.4_1,REU.3.4_1,0.0518883602510202,0.520524026408549,0.468635666157529,2025.05375960646,2025.10564796671,NA,NA,NA
5462,5463,REU.4.5_1,REU.4.5_1,0.0107196352830261,0.520538916012224,0.509819280729198,2025.09494322103,2025.10566285632,NA,NA,NA
5874,5875,REU.3.4_1,REU.3.4_1,0.00722236838621548,0.520551133635414,0.513328765249199,2025.09845270555,2025.10567507394,NA,NA,NA
5529,5542,REU.4.1_1,REU.4.1_1,0.0377816708563502,0.520569744623675,0.482788073767324,2025.06791201407,2025.10569368493,NA,NA,NA
4896,4898,REU.4.5_1,REU.4.5_1,0.0327068298050269,0.520582047304946,0.487875217499919,2025.07299915781,2025.10570598761,NA,NA,NA
4431,4432,REU.4.3_1,REU.4.3_1,0.0115786131052353,0.520625498115271,0.509046885010036,2025.09417082532,2025.10574943842,NA,NA,NA
4602,4605,REU.4.4_1,REU.4.4_1,0.0406586998410229,0.5206613477478,0.480002647906778,2025.06512658821,2025.10578528805,NA,NA,NA
5204,5205,REU.3.1_1,REU.4.6_1,0.0327553828175507,0.520684493502626,0.487929110685075,2025.07305305099,2025.10580843381,NA,NA,NA
4644,4645,REU.3.5_1,REU.2.3_1,0.0887304710419977,0.520791675283066,0.432061204241068,2025.01718514455,2025.10591561559,NA,NA,NA
5788,5789,REU.2.3_1,REU.2.3_1,0.0109870729067347,0.520821460483388,0.509834387576654,2025.09495832788,2025.10594540079,NA,NA,NA
5542,5543,REU.4.1_1,REU.4.1_1,0.000272443454606641,0.520842188078281,0.520569744623675,2025.10569368493,2025.10596612838,NA,NA,NA
5494,5495,REU.3.1_1,REU.3.1_1,0.00335342561029761,0.520863604557799,0.517510178947501,2025.10263411925,2025.10598754486,NA,NA,NA
4979,4982,REU.2.3_1,REU.2.3_1,0.0335385143556282,0.520864383357377,0.487325869001749,2025.07244980931,2025.10598832366,NA,NA,NA
3720,3721,REU.3.5_1,REU.3.5_1,0.0232148910549652,0.520972171810217,0.497757280755252,2025.08288122106,2025.10609611212,NA,NA,NA
4064,4065,REU.4.3_1,REU.4.3_1,0.00686127417658955,0.520979131862809,0.514117857686219,2025.09924179799,2025.10610307217,NA,NA,NA
5413,5414,REU.4.3_1,REU.4.3_1,0.0348139469811098,0.520983043326973,0.486169096345863,2025.07129303665,2025.10610698363,NA,NA,NA
4583,4584,REU.4.4_1,REU.4.8_1,0.0102533932316006,0.521003713189566,0.510750319957966,2025.09587426026,2025.1061276535,NA,NA,NA
6120,6121,REU.4.5_1,REU.4.5_1,0.0193566031881618,0.521038659790996,0.501682056602834,2025.08680599691,2025.1061626001,NA,NA,NA
3798,3800,REU.4.3_1,REU.4.3_1,0.00771539370377028,0.521090629334183,0.513375235630412,2025.09849917594,2025.10621456964,NA,NA,NA
4755,4761,REU.4.3_1,REU.4.3_1,0.0307519524419194,0.521143218462127,0.490391266020208,2025.07551520633,2025.10626715877,NA,NA,NA
3546,3547,REU.4.3_1,REU.4.3_1,0.00652473852039248,0.521160362058461,0.514635623538068,2025.09975956384,2025.10628430236,NA,NA,NA
3892,3893,REU.4.3_1,REU.4.3_1,0.058853038084352,0.521266679190464,0.462413641106112,2025.04753758141,2025.1063906195,NA,NA,NA
4248,4252,REU.4.3_1,REU.4.3_1,0.00842353831074039,0.521284019278272,0.512860480967531,2025.09798442127,2025.10640795958,NA,NA,NA
4648,4649,REU.3.5_1,REU.3.5_1,0.0564345566886071,0.521712482154096,0.465277925465489,2025.05040186577,2025.10683642246,NA,NA,NA
4273,681,REU.4.3_1,REU.4.3_1,0.0519068509702633,0.521725374763144,0.469818523792881,2025.0549424641,2025.10684931507,CHIKV_RUN_S10b38_2025,55.525735,-21.280463
5543,2510,REU.4.1_1,REU.4.1_1,0.000883186684862869,0.521725374763144,0.520842188078281,2025.10596612838,2025.10684931507,CHIKV_RUN_S10b28_2025,55.474882,-21.169926
3654,3655,REU.4.3_1,REU.4.3_1,0.0230192378360561,0.521771916824036,0.49875267898798,2025.08387661929,2025.10689585713,NA,NA,NA
4308,4312,REU.4.3_1,REU.4.3_1,0.0570063530287019,0.521792351621105,0.464785998592403,2025.0499099389,2025.10691629193,NA,NA,NA
4697,4698,REU.2.3_1,REU.2.3_1,0.016768566740772,0.521845858698534,0.505077291957762,2025.09020123226,2025.106969799,NA,NA,NA
3438,3440,REU.4.3_1,REU.4.8_1,0.0393895864658669,0.521934360702643,0.482544774236776,2025.06766871454,2025.10705830101,NA,NA,NA
3186,3187,REU.4.6_1,REU.4.6_1,0.0073689258839571,0.521964719705026,0.514595793821069,2025.09971973413,2025.10708866001,NA,NA,NA
5859,5860,REU.4.3_1,REU.4.8_1,0.0370100843221722,0.522009865260539,0.484999780938366,2025.07012372124,2025.10713380557,NA,NA,NA
5542,5544,REU.4.1_1,REU.4.1_1,0.00149933685771209,0.522069081481387,0.520569744623675,2025.10569368493,2025.10719302179,NA,NA,NA
3965,3966,REU.4.8_1,REU.4.8_1,0.0375136041692829,0.522094122490223,0.48458051832094,2025.06970445863,2025.1072180628,NA,NA,NA
6185,6186,REU.4.8_1,REU.4.8_1,0.0774473222699817,0.52221847905178,0.444771156781799,2025.02989509709,2025.10734241936,NA,NA,NA
3666,3667,REU.4.3_1,REU.4.3_1,0.00665139073920951,0.522485612359185,0.515834221619976,2025.10095816193,2025.10760955266,NA,NA,NA
3944,3945,REU.4.3_1,REU.4.3_1,0.0447166684613575,0.522577208423671,0.477860539962314,2025.06298448027,2025.10770114873,NA,NA,NA
5673,5674,REU.4.8_1,REU.4.8_1,0.00507895520229884,0.522651992046645,0.517573036844346,2025.10269697715,2025.10777593235,NA,NA,NA
5191,5192,REU.3.4_1,REU.3.4_1,0.0453227706517602,0.522678253542159,0.477355482890398,2025.0624794232,2025.10780219385,NA,NA,NA
3907,3912,REU.4.3_1,REU.4.3_1,0.0590547063192761,0.522775277391141,0.463720571071865,2025.04884451138,2025.1078992177,NA,NA,NA
5666,5667,REU.4.3_1,REU.4.3_1,0.0137392071520214,0.522874451799575,0.509135244647554,2025.09425918495,2025.1079983921,NA,NA,NA
6063,6064,REU.4.3_1,REU.4.3_1,0.0430043716183547,0.522899101178922,0.479894729560567,2025.06501866987,2025.10802304148,NA,NA,NA
4275,4276,REU.4.3_1,REU.4.3_1,0.0196256087000818,0.523144210069801,0.503518601369719,2025.08864254168,2025.10826815038,NA,NA,NA
5294,5295,REU.4.6_1,REU.4.6_1,0.0103596076362871,0.523161086087106,0.512801478450819,2025.09792541876,2025.10828502639,NA,NA,NA
3308,3309,REU.4.3_1,REU.4.3_1,0.0700258938304607,0.523220278951836,0.453194385121375,2025.03831832543,2025.10834421926,NA,NA,NA
5982,5985,REU.2.3_1,REU.2.3_1,0.00428141303056784,0.523258022386568,0.518976609356,2025.10410054966,2025.10838196269,NA,NA,NA
4725,4726,REU.2.3_1,REU.2.3_1,0.0132950241082761,0.523277608390198,0.509982584281921,2025.09510652459,2025.1084015487,NA,NA,NA
5704,5705,REU.4.8_1,REU.4.8_1,0.0482058773572093,0.523346971016019,0.47514109365881,2025.06026503396,2025.10847091132,NA,NA,NA
5042,5049,REU.3.1_1,REU.3.1_1,0.012357637504828,0.523435507701916,0.511077870197088,2025.0962018105,2025.10855944801,NA,NA,NA
5463,5464,REU.4.5_1,REU.4.5_1,0.00295568569331606,0.52349460170554,0.520538916012224,2025.10566285632,2025.10861854201,NA,NA,NA
5177,5185,REU.3.4_1,REU.3.4_1,0.0877752651162134,0.523589443527475,0.435814178411261,2025.02093811872,2025.10871338383,NA,NA,NA
4041,4044,REU.4.3_1,REU.2.1_1,0.0615120644260264,0.523618933681557,0.46210686925553,2025.04723080956,2025.10874287399,NA,NA,NA
3602,3603,REU.4.8_1,REU.4.8_1,0.00744152765613404,0.523628325541664,0.51618679788553,2025.10131073819,2025.10875226585,NA,NA,NA
5988,5992,REU.2.3_1,REU.2.3_1,0.00347177532828624,0.523638049351333,0.520166274023047,2025.10529021433,2025.10876198966,NA,NA,NA
6130,6131,REU.4.5_1,REU.4.5_1,0.0242576565461126,0.52366091928951,0.499403262743398,2025.08452720305,2025.10878485959,NA,NA,NA
4828,4829,REU.4.3_1,REU.4.3_1,0.0256019695504629,0.523787527680115,0.498185558129652,2025.08330949844,2025.10891146799,NA,NA,NA
5917,5918,REU.2.3_1,REU.2.3_1,0.0627122846346563,0.523793002282158,0.461080717647501,2025.04620465795,2025.10891694259,NA,NA,NA
4786,4789,REU.4.8_1,REU.4.8_1,0.0361042418291794,0.523802614011612,0.487698372182433,2025.07282231249,2025.10892655432,NA,NA,NA
5626,5627,REU.3.1_1,REU.3.1_1,0.0978113686311245,0.523884486488075,0.42607311785695,2025.01119705816,2025.10900842679,NA,NA,NA
5227,5229,REU.3.5_1,REU.3.5_1,0.0437496429141985,0.523893045938612,0.480143403024413,2025.06526734333,2025.10901698624,NA,NA,NA
4387,4388,REU.4.8_1,REU.4.8_1,0.0059630859071057,0.52392447864563,0.517961392738524,2025.10308533304,2025.10904841895,NA,NA,NA
4227,4228,REU.4.3_1,REU.4.3_1,0.0110675889088935,0.524101344306403,0.513033755397509,2025.0981576957,2025.10922528461,NA,NA,NA
4755,4756,REU.4.3_1,REU.4.8_1,0.0338368480816847,0.524228114101893,0.490391266020208,2025.07551520633,2025.10935205441,NA,NA,NA
6051,6057,REU.4.8_1,REU.4.8_1,0.0266483370283602,0.524241620993668,0.497593283965308,2025.08271722427,2025.1093655613,NA,NA,NA
5934,5935,REU.2.3_1,REU.2.3_1,0.047582254618359,0.524310321891644,0.476728067273285,2025.06185200758,2025.1094342622,NA,NA,NA
4346,757,REU.4.3_1,REU.4.3_1,0.170842231421885,0.524465100790501,0.353622869368617,2024.93874680967,2025.1095890411,CHIKV_RUN_S17b10_2025,55.512086,-21.290132
5617,2377,REU.3.1_1,REU.4.6_1,0.116006043298267,0.524465100790501,0.408459057492234,2024.9935829978,2025.1095890411,CHIKV_RUN_S15b62_2025,55.439999,-21.264258
5202,1910,REU.3.1_1,REU.3.1_1,0.096249782416355,0.524465100790501,0.428215318374147,2025.01333925868,2025.1095890411,CHIKV_RUN_S15b54_2025,55.371189,-21.258903
5806,3103,REU.3.1_1,REU.3.1_1,0.0859011408690946,0.524465100790501,0.438563959921407,2025.02368790023,2025.1095890411,CHIKV_RUN_S16b87_2025,55.357306,-21.260615
5346,2284,REU.4.3_1,REU.4.3_1,0.0811285854281304,0.524465100790501,0.443336515362371,2025.02846045567,2025.1095890411,CHIKV_RUN_S17b14_2025,55.534937,-21.312812
5574,3017,REU.3.1_1,REU.4.6_1,0.0643185422376968,0.524465100790501,0.460146558552805,2025.04527049886,2025.1095890411,CHIKV_RUN_S17b16_2025,55.437123,-21.260763
3701,1602,REU.4.3_1,REU.4.3_1,0.0621407611577451,0.524465100790501,0.462324339632756,2025.04744827994,2025.1095890411,CHIKV_RUN_S10b43_2025,55.525029,-21.280821
4038,1675,REU.4.3_1,REU.4.3_1,0.0438078978902849,0.524465100790501,0.480657202900217,2025.06578114321,2025.1095890411,CHIKV_RUN_S17b24_2025,55.527338,-21.255487
4411,702,REU.4.3_1,REU.4.3_1,0.0424512550806,0.524465100790501,0.482013845709901,2025.06713778602,2025.1095890411,CHIKV_RUN_S18b28_2025,55.50356,-21.27167
5263,2214,REU.3.1_1,REU.4.6_1,0.0361557005244295,0.524465100790501,0.488309400266072,2025.07343334057,2025.1095890411,CHIKV_RUN_S17b27_2025,55.433789,-21.27205
3287,377,REU.4.3_1,REU.4.3_1,0.0355681378737137,0.524465100790501,0.488896962916788,2025.07402090322,2025.1095890411,CHIKV_RUN_S17b64_2025,55.52116,-21.28895
6086,2135,REU.4.5_1,REU.4.8_1,0.0257636874865866,0.524465100790501,0.498701413303915,2025.08382535361,2025.1095890411,CHIKV_RUN_S17b77_2025,55.475277,-21.328819
5090,2740,REU.4.5_1,REU.4.5_1,0.0255353438078957,0.524465100790501,0.498929756982606,2025.08405369729,2025.1095890411,CHIKV_RUN_S10b46_2025,55.607303,-21.320451
3291,405,REU.4.3_1,REU.4.3_1,0.0248382991315913,0.524465100790501,0.49962680165891,2025.08475074196,2025.1095890411,CHIKV_RUN_S10b42_2025,55.52283,-21.287008
3796,880,REU.4.3_1,REU.4.3_1,0.0234784302985207,0.524465100790501,0.500986670491981,2025.0861106108,2025.1095890411,CHIKV_RUN_S16b90_2025,55.510858,-21.23651
4512,1446,REU.4.3_1,REU.4.3_1,0.0189634377046703,0.524465100790501,0.505501663085831,2025.09062560339,2025.1095890411,CHIKV_RUN_S10b44_2025,55.511462,-21.290096
3624,79,REU.4.8_1,REU.3.3_1,0.018137018074509,0.524465100790501,0.506328082715993,2025.09145202302,2025.1095890411,CHIKV_RUN_S15b57_2025,55.288043,-21.10829
4296,703,REU.4.8_1,REU.4.8_1,0.0155924052591314,0.524465100790501,0.50887269553137,2025.09399663584,2025.1095890411,CHIKV_RUN_S15b55_2025,55.472524,-21.29284
4282,679,REU.4.3_1,REU.4.3_1,0.0142247587936616,0.524465100790501,0.51024034199684,2025.0953642823,2025.1095890411,CHIKV_RUN_S17b70_2025,55.522647,-21.282954
6183,2219,REU.3.1_1,REU.4.6_1,0.0117387830353202,0.524465100790501,0.512726317755181,2025.09785025806,2025.1095890411,CHIKV_RUN_S16b95_2025,55.437372,-21.261606
5736,2484,REU.3.1_1,REU.3.1_1,0.0105568211417841,0.524465100790501,0.513908279648717,2025.09903221995,2025.1095890411,CHIKV_RUN_S16b86_2025,55.364006,-21.258249
3284,493,REU.2.3_1,REU.2.3_1,0.0104485069521971,0.524465100790501,0.514016593838304,2025.09914053414,2025.1095890411,CHIKV_RUN_S10b47_2025,55.42069,-20.888008
4513,1445,REU.4.3_1,REU.4.3_1,0.00883680174578982,0.524465100790501,0.515628299044712,2025.10075223935,2025.1095890411,CHIKV_RUN_S18b40_2025,55.527121,-21.273073
5561,2782,REU.4.3_1,REU.4.3_1,0.00833312723669166,0.524465100790501,0.51613197355381,2025.10125591386,2025.1095890411,CHIKV_RUN_S16b81_2025,55.50439,-21.281993
4264,663,REU.4.3_1,REU.4.3_1,0.00699422882687584,0.524465100790501,0.517470871963626,2025.10259481227,2025.1095890411,CHIKV_RUN_S15b58_2025,55.552986,-21.229051
4861,1061,REU.4.3_1,REU.4.8_1,0.00628190732056277,0.524465100790501,0.518183193469939,2025.10330713378,2025.1095890411,CHIKV_RUN_S16b89_2025,55.495703,-21.302606
5192,2761,REU.3.4_1,REU.4.6_1,0.00178684724834288,0.524465100790501,0.522678253542159,2025.10780219385,2025.1095890411,CHIKV_RUN_S17b11_2025,55.451053,-21.266485
4726,986,REU.2.3_1,REU.2.3_1,0.00118749240030391,0.524465100790501,0.523277608390198,2025.1084015487,2025.1095890411,CHIKV_RUN_S10b40_2025,55.445288,-20.894055
4388,849,REU.4.8_1,REU.4.8_1,0.000540622144871716,0.524465100790501,0.52392447864563,2025.10904841895,2025.1095890411,CHIKV_RUN_S17b66_2025,55.481127,-21.345224
3311,3318,REU.4.3_1,REU.4.3_1,0.0266819583643887,0.524502821005878,0.497820862641489,2025.08294480295,2025.10962676131,NA,NA,NA
5944,5945,REU.2.3_1,REU.2.3_1,0.0071709500563395,0.524513388893676,0.517342438837336,2025.10246637914,2025.1096373292,NA,NA,NA
5967,5968,REU.2.3_1,REU.2.3_1,0.0100550375913321,0.524691754890684,0.514636717299352,2025.0997606576,2025.1098156952,NA,NA,NA
5887,5892,REU.4.6_1,REU.4.6_1,0.0383331899147649,0.52470511009346,0.486371920178696,2025.07149586048,2025.1098290504,NA,NA,NA
4149,4151,REU.4.3_1,REU.4.3_1,0.0220289553417091,0.524711341443617,0.502682386101908,2025.08780632641,2025.10983528175,NA,NA,NA
3687,3688,REU.4.8_1,REU.4.8_1,0.0186384293102001,0.524755454160082,0.506117024849882,2025.09124096516,2025.10987939447,NA,NA,NA
3751,3752,REU.4.8_1,REU.4.8_1,0.0528987579892455,0.524771300146861,0.471872542157615,2025.05699648246,2025.10989524045,NA,NA,NA
5600,5601,REU.3.1_1,REU.3.1_1,0.0570495370693346,0.524885675586702,0.467836138517367,2025.05296007882,2025.11000961589,NA,NA,NA
6175,6180,REU.4.8_1,REU.4.8_1,0.0337253462551477,0.524952457981163,0.491227111726015,2025.07635105203,2025.11007639829,NA,NA,NA
4734,4735,REU.2.3_1,REU.2.3_1,0.0438349406130141,0.52496557048362,0.481130629870606,2025.06625457018,2025.11008951079,NA,NA,NA
4228,4232,REU.4.3_1,REU.4.3_1,0.000869620762370626,0.524970965068773,0.524101344306403,2025.10922528461,2025.11009490537,NA,NA,NA
4053,4054,REU.4.8_1,REU.4.8_1,0.0303907385760673,0.525061629457955,0.494670890881888,2025.07979483119,2025.11018556976,NA,NA,NA
5365,5367,REU.4.8_1,REU.4.8_1,0.0216485891205107,0.52519043681437,0.50354184769386,2025.088665788,2025.11031437712,NA,NA,NA
3648,3649,REU.4.3_1,REU.4.6_1,0.0666427782780388,0.525213102283751,0.458570324005713,2025.04369426431,2025.11033704259,NA,NA,NA
4574,4575,REU.4.4_1,REU.4.4_1,0.0097022373749005,0.525236030908943,0.515533793534042,2025.10065773384,2025.11035997121,NA,NA,NA
3542,3543,REU.4.3_1,REU.4.3_1,0.0102849926792046,0.525262079785197,0.514977087105993,2025.10010102741,2025.11038602009,NA,NA,NA
3766,3767,REU.4.3_1,REU.4.3_1,0.0209636540883475,0.52529490893168,0.504331254843332,2025.08945519515,2025.11041884924,NA,NA,NA
6124,6125,REU.4.5_1,REU.4.5_1,0.0212050349034978,0.525300379603282,0.504095344699785,2025.089219285,2025.11042431991,NA,NA,NA
3993,3994,REU.2.3_1,REU.2.3_1,0.0108549484553677,0.525408571700529,0.514553623245161,2025.09967756355,2025.11053251201,NA,NA,NA
3803,3806,REU.4.3_1,REU.4.8_1,0.0694932570005353,0.525467778665702,0.455974521665167,2025.04109846197,2025.11059171897,NA,NA,NA
5431,5432,REU.4.6_1,REU.4.6_1,0.0261117707350157,0.525495908710808,0.499384137975792,2025.08450807828,2025.11061984902,NA,NA,NA
5932,5959,REU.2.3_1,REU.4.8_1,0.073479112849916,0.525497962885603,0.452018850035687,2025.03714279034,2025.11062190319,NA,NA,NA
4379,4380,REU.4.8_1,REU.4.3_1,0.0217589593342951,0.525513775965198,0.503754816630903,2025.08887875694,2025.11063771627,NA,NA,NA
5063,5064,REU.2.3_1,REU.2.3_1,0.0360852890022596,0.525593249876786,0.489507960874526,2025.07463190118,2025.11071719018,NA,NA,NA
4104,4106,REU.4.3_1,REU.4.8_1,0.0486932490703679,0.525622330573769,0.476929081503402,2025.06205302181,2025.11074627088,NA,NA,NA
5339,5340,REU.4.3_1,REU.4.3_1,0.0135144534274074,0.525689344325673,0.512174890898266,2025.0972988312,2025.11081328463,NA,NA,NA
5539,5540,REU.4.1_1,REU.4.1_1,0.0132860301682363,0.526064514514281,0.512778484346044,2025.09790242465,2025.11118845482,NA,NA,NA
5160,5161,REU.3.1_1,REU.3.2_1,0.0167914275439072,0.526138041482098,0.509346613938191,2025.09447055424,2025.11126198179,NA,NA,NA
5778,5781,REU.4.3_1,REU.4.3_1,0.0107171741839596,0.526166859823457,0.515449685639497,2025.10057362594,2025.11129080013,NA,NA,NA
3267,3268,REU.4.3_1,REU.4.3_1,0.0353208828040953,0.526226696864453,0.490905814060358,2025.07602975437,2025.11135063717,NA,NA,NA
5267,5268,REU.4.3_1,REU.4.3_1,0.0108792400769532,0.526231743212359,0.515352503135406,2025.10047644344,2025.11135568352,NA,NA,NA
4880,4882,REU.4.7_1,REU.4.7_1,0.0776838331007288,0.526282321103659,0.44859848800293,2025.03372242831,2025.11140626141,NA,NA,NA
3547,3548,REU.4.3_1,REU.4.3_1,0.00516893745588387,0.526329299514344,0.521160362058461,2025.10628430236,2025.11145323982,NA,NA,NA
3825,3826,REU.4.3_1,REU.4.3_1,0.0448431350565262,0.526383863575495,0.481540728518969,2025.06666466882,2025.11150780388,NA,NA,NA
4963,4964,REU.3.1_1,REU.3.1_1,0.0500623552908541,0.526397933886385,0.47633557859553,2025.0614595189,2025.11152187419,NA,NA,NA
5835,5836,REU.3.1_1,REU.3.1_1,0.0186585083212317,0.526461796850573,0.507803288529341,2025.09292722883,2025.11158573716,NA,NA,NA
4332,4333,REU.4.3_1,REU.4.3_1,0.0357035301410839,0.52653586817253,0.490832338031446,2025.07595627834,2025.11165980848,NA,NA,NA
5719,5727,REU.3.1_1,REU.3.1_1,0.0141737929233009,0.526700234603777,0.512526441680477,2025.09765038199,2025.11182417491,NA,NA,NA
5711,5712,REU.4.8_1,REU.4.8_1,0.0139329814371779,0.526802610371144,0.512869628933966,2025.09799356924,2025.11192655068,NA,NA,NA
4380,4381,REU.4.3_1,REU.4.3_1,0.00131248064432932,0.526826256609527,0.525513775965198,2025.11063771627,2025.11195019691,NA,NA,NA
5351,5352,REU.3.1_1,REU.3.1_1,0.011045003115167,0.526947375178335,0.515902372063168,2025.10102631237,2025.11207131548,NA,NA,NA
3450,3451,REU.4.3_1,REU.4.3_1,0.0347187609099753,0.527033573081721,0.492314812171746,2025.07743875248,2025.11215751339,NA,NA,NA
3364,3365,REU.4.3_1,REU.4.3_1,0.0312249614590808,0.52707776811753,0.495852806658449,2025.08097674696,2025.11220170842,NA,NA,NA
5617,2376,REU.3.1_1,REU.4.6_1,0.118745769325625,0.527204826817859,0.408459057492234,2024.9935829978,2025.11232876712,CHIKV_RUN_S16b94_2025,55.439932,-21.264201
4800,1417,REU.4.3_1,REU.4.3_1,0.0878612133116282,0.527204826817859,0.439343613506231,2025.02446755381,2025.11232876712,CHIKV_RUN_S18b22_2025,55.506018,-21.280928
4240,653,REU.4.3_1,REU.4.8_1,0.0862440524771745,0.527204826817859,0.440960774340684,2025.02608471465,2025.11232876712,CHIKV_RUN_S17b02_2025,55.473472,-21.281852
6148,2108,REU.4.5_1,REU.4.5_1,0.0570860871307296,0.527204826817859,0.470118739687129,2025.05524267999,2025.11232876712,CHIKV_RUN_S18b27_2025,55.602468,-21.363129
3984,1088,REU.4.3_1,REU.4.3_1,0.0552329408312365,0.527204826817859,0.471971885986622,2025.05709582629,2025.11232876712,CHIKV_RUN_S15b63_2025,55.509417,-21.289059
3295,391,REU.4.3_1,REU.2.3_1,0.0423383263918252,0.527204826817859,0.484866500426034,2025.06999044073,2025.11232876712,CHIKV_RUN_S10b55_2025,55.421516,-20.888239
4331,836,REU.4.3_1,REU.4.3_1,0.0407550516931611,0.527204826817859,0.486449775124698,2025.07157371543,2025.11232876712,CHIKV_RUN_S18b18_2025,55.522865,-21.253903
4113,1732,REU.4.3_1,REU.4.3_1,0.034980010220833,0.527204826817859,0.492224816597026,2025.0773487569,2025.11232876712,CHIKV_RUN_S18b29_2025,55.49999,-21.267453
3529,1611,REU.4.8_1,REU.4.5_1,0.0299599732959874,0.527204826817859,0.497244853521871,2025.08236879383,2025.11232876712,CHIKV_RUN_S10b69_2025,55.6195,-21.36422
4677,140,REU.3.5_1,REU.3.5_1,0.0259500209583403,0.527204826817859,0.501254805859519,2025.08637874616,2025.11232876712,CHIKV_RUN_S10b56_2025,55.264558,-21.078907
6087,2055,REU.4.5_1,REU.4.5_1,0.0245352778568735,0.527204826817859,0.502669548960985,2025.08779348927,2025.11232876712,CHIKV_RUN_S10b61_2025,55.631218,-21.374233
5690,2196,REU.4.3_1,REU.4.3_1,0.0223317903723499,0.527204826817859,0.504873036445509,2025.08999697675,2025.11232876712,CHIKV_RUN_S18b25_2025,55.520693,-21.281605
5030,1791,REU.4.8_1,REU.3.5_1,0.0156851772259556,0.527204826817859,0.511519649591903,2025.0966435899,2025.11232876712,CHIKV_RUN_S10b53_2025,55.243917,-21.099544
5777,3032,REU.4.3_1,REU.4.3_1,0.00837887678594806,0.527204826817859,0.518825950031911,2025.10394989034,2025.11232876712,CHIKV_RUN_S18b31_2025,55.525863,-21.262906
3816,104,REU.4.8_1,REU.4.8_1,0.00737807506669008,0.527204826817859,0.519826751751169,2025.10495069206,2025.11232876712,CHIKV_RUN_S17b67_2025,55.482991,-21.320514
4131,4137,REU.4.3_1,REU.4.3_1,0.0138805269094762,0.527389017318196,0.51350849040872,2025.09863243071,2025.11251295762,NA,NA,NA
3323,3324,REU.4.3_1,REU.4.3_1,0.0171283004888491,0.527432550781008,0.510304250292159,2025.0954281906,2025.11255649109,NA,NA,NA
4232,4233,REU.4.3_1,REU.4.3_1,0.00250373969644646,0.52747470476522,0.524970965068773,2025.11009490537,2025.11259864507,NA,NA,NA
3896,3902,REU.4.3_1,REU.4.3_1,0.0355120950418145,0.527683031711815,0.492170936670001,2025.07729487698,2025.11280697202,NA,NA,NA
5307,5308,REU.4.3_1,REU.4.3_1,0.0940506450887889,0.527709101803877,0.433658456715088,2025.01878239702,2025.11283304211,NA,NA,NA
5003,5004,REU.3.5_1,REU.3.5_1,0.0882394911765468,0.527800634996388,0.439561143819841,2025.02468508413,2025.1129245753,NA,NA,NA
4178,4179,REU.4.3_1,REU.4.3_1,0.0571814692389432,0.527900667540969,0.470719198302026,2025.05584313861,2025.11302460785,NA,NA,NA
3994,3995,REU.2.3_1,REU.2.3_1,0.00266015375539252,0.528068725455921,0.525408571700529,2025.11053251201,2025.11319266576,NA,NA,NA
4801,4802,REU.4.3_1,REU.4.8_1,0.0174447229023689,0.528160694666011,0.510715971763642,2025.09583991207,2025.11328463497,NA,NA,NA
5375,5378,REU.3.1_1,REU.3.5_1,0.0491256795637418,0.528420522682184,0.479294843118443,2025.06441878342,2025.11354446299,NA,NA,NA
3331,3340,REU.4.3_1,REU.3.1_1,0.0952070210534042,0.528446373223903,0.433239352170499,2025.01836329248,2025.11357031353,NA,NA,NA
3309,3310,REU.4.3_1,REU.4.3_1,0.00522769712157733,0.528447976073413,0.523220278951836,2025.10834421926,2025.11357191638,NA,NA,NA
6156,6157,REU.4.5_1,REU.4.5_1,0.0216473325191622,0.528484001510664,0.506836668991501,2025.0919606093,2025.11360794182,NA,NA,NA
4202,4205,REU.4.8_1,REU.2.3_1,0.0143641151462852,0.528638385894567,0.514274270748281,2025.09939821105,2025.1137623262,NA,NA,NA
3365,3366,REU.4.3_1,REU.4.3_1,0.00179391630590364,0.528871684423433,0.52707776811753,2025.11220170842,2025.11399562473,NA,NA,NA
4470,4475,REU.4.3_1,REU.4.3_1,0.0235839807795396,0.528943306136408,0.505359325356868,2025.09048326566,2025.11406724644,NA,NA,NA
5470,5471,REU.4.5_1,REU.4.5_1,0.0116579313155647,0.52896293884394,0.517305007528375,2025.10242894783,2025.11408687915,NA,NA,NA
5229,5230,REU.3.5_1,REU.3.5_1,0.00509823780410856,0.52899128374272,0.523893045938612,2025.10901698624,2025.11411522405,NA,NA,NA
5256,5257,REU.4.6_1,REU.4.6_1,0.039564319094549,0.529485548695821,0.489921229601272,2025.07504516991,2025.114609489,NA,NA,NA
4657,4658,REU.2.3_1,REU.2.3_1,0.0115377485106338,0.529509008726613,0.517971260215979,2025.10309520052,2025.11463294903,NA,NA,NA
4915,4918,REU.4.7_1,REU.4.7_1,0.0187657165243489,0.529520847015993,0.510755130491644,2025.0958790708,2025.11464478732,NA,NA,NA
3613,3615,REU.4.8_1,REU.4.8_1,0.0378333478069383,0.529524169671721,0.491690821864783,2025.07681476217,2025.11464810998,NA,NA,NA
6224,6225,REU.3.1_1,REU.3.1_1,0.0327912287201083,0.529672166778749,0.496880938058641,2025.08200487836,2025.11479610708,NA,NA,NA
3806,3807,REU.4.8_1,REU.4.8_1,0.00422224586598763,0.52969002453169,0.525467778665702,2025.11059171897,2025.11481396484,NA,NA,NA
4982,4984,REU.2.3_1,REU.2.3_1,0.00887092061224259,0.52973530396962,0.520864383357377,2025.10598832366,2025.11485924428,NA,NA,NA
4771,4772,REU.4.3_1,REU.4.3_1,0.0192058789364751,0.529772348673304,0.510566469736829,2025.09569041004,2025.11489628898,NA,NA,NA
5646,5647,REU.4.8_1,REU.4.8_1,0.0272160614200765,0.529853725376383,0.502637663956306,2025.08776160426,2025.11497766568,NA,NA,NA
5237,5238,REU.2.3_1,REU.2.3_1,0.0103564840727689,0.529908736306508,0.519552252233739,2025.10467619254,2025.11503267661,NA,NA,NA
5584,2021,REU.3.1_1,REU.3.2_1,0.120122155467746,0.529944552845216,0.409822397377471,2024.99494633768,2025.11506849315,CHIKV_RUN_S18b11_2025,55.322143,-21.250985
3212,2601,REU.3.1_1,REU.3.1_1,0.117687142086744,0.529944552845216,0.412257410758472,2024.99738135106,2025.11506849315,CHIKV_RUN_S17b25_2025,55.364827,-21.260966
5459,2355,REU.4.5_1,REU.4.7_1,0.0918189954357862,0.529944552845216,0.43812555740943,2025.02324949771,2025.11506849315,CHIKV_RUN_S17b04_2025,55.765257,-21.36123
5806,3100,REU.3.1_1,REU.3.5_1,0.0913805929238094,0.529944552845216,0.438563959921407,2025.02368790023,2025.11506849315,CHIKV_RUN_S10b58_2025,55.262402,-21.059818
5149,2653,REU.3.1_1,REU.3.1_1,0.0787548292728443,0.529944552845216,0.451189723572372,2025.03631366388,2025.11506849315,CHIKV_RUN_S17b09_2025,55.362398,-21.254601
5347,2261,REU.4.3_1,REU.4.6_1,0.0768014935311137,0.529944552845216,0.453143059314103,2025.03826699962,2025.11506849315,CHIKV_RUN_S17b07_2025,55.427562,-21.265081
4623,1570,REU.4.3_1,REU.4.3_1,0.0721486185763341,0.529944552845216,0.457795934268882,2025.04291987457,2025.11506849315,CHIKV_RUN_S10b60_2025,55.510793,-21.284123
5810,1856,REU.3.1_1,REU.4.1_1,0.060205364401833,0.529944552845216,0.469739188443383,2025.05486312875,2025.11506849315,CHIKV_RUN_S17b05_2025,55.468576,-21.139971
6191,2806,REU.4.8_1,REU.3.1_1,0.0517296569670752,0.529944552845216,0.478214895878141,2025.06333883618,2025.11506849315,CHIKV_RUN_S10b54_2025,55.334621,-21.265962
3805,1578,REU.4.3_1,REU.4.3_1,0.0381081151656956,0.529944552845216,0.491836437679521,2025.07696037798,2025.11506849315,CHIKV_RUN_S18b10_2025,55.524274,-21.282466
5248,2756,REU.4.8_1,REU.3.3_1,0.0303834279507567,0.529944552845216,0.49956112489446,2025.0846850652,2025.11506849315,CHIKV_RUN_S15b61_2025,55.30341,-21.115527
3291,406,REU.4.3_1,REU.4.3_1,0.0303177511863061,0.529944552845216,0.49962680165891,2025.08475074196,2025.11506849315,CHIKV_RUN_S18b23_2025,55.528288,-21.285944
6020,3102,REU.4.6_1,REU.4.6_1,0.025063582108955,0.529944552845216,0.504880970736261,2025.09000491104,2025.11506849315,CHIKV_RUN_S10b59_2025,55.437551,-21.261414
5279,2554,REU.4.3_1,REU.4.3_1,0.0233824054161943,0.529944552845216,0.506562147429022,2025.09168608773,2025.11506849315,CHIKV_RUN_S18b09_2025,55.513589,-21.27456
5220,2156,REU.4.6_1,REU.4.6_1,0.0233608808177082,0.529944552845216,0.506583672027508,2025.09170761233,2025.11506849315,CHIKV_RUN_S16b92_2025,55.448834,-21.274102
4997,58,REU.3.1_1,REU.3.1_1,0.0176500573324696,0.529944552845216,0.512294495512747,2025.09741843582,2025.11506849315,CHIKV_RUN_S15b50_2025,55.335277,-21.266739
6183,2221,REU.3.1_1,REU.3.4_1,0.017218235090035,0.529944552845216,0.512726317755181,2025.09785025806,2025.11506849315,CHIKV_RUN_S10b57_2025,55.309708,-21.169576
5874,2970,REU.3.4_1,REU.3.4_1,0.0166157875960175,0.529944552845216,0.513328765249199,2025.09845270555,2025.11506849315,CHIKV_RUN_S17b76_2025,55.305385,-21.165123
6214,2807,REU.3.1_1,REU.3.2_1,0.0114354706029565,0.529944552845216,0.51850908224226,2025.10363302255,2025.11506849315,CHIKV_RUN_S17b06_2025,55.335342,-21.245019
3800,886,REU.4.3_1,REU.4.3_1,0.00885392351103353,0.529944552845216,0.521090629334183,2025.10621456964,2025.11506849315,CHIKV_RUN_S17b20_2025,55.509373,-21.238331
4394,4395,REU.4.8_1,REU.4.8_1,0.0117894615611249,0.529948413296987,0.518158951735862,2025.10328289204,2025.1150723536,NA,NA,NA
3667,3668,REU.4.3_1,REU.4.3_1,0.00751682997145731,0.530002442330643,0.522485612359185,2025.10760955266,2025.11512638264,NA,NA,NA
5887,5888,REU.4.6_1,REU.4.6_1,0.0436906185006893,0.530062538679385,0.486371920178696,2025.07149586048,2025.11518647898,NA,NA,NA
4930,4949,REU.4.5_1,REU.4.5_1,0.0973428597961962,0.530195650207675,0.432852790411479,2025.01797673072,2025.11531959051,NA,NA,NA
4632,4633,REU.4.8_1,REU.4.8_1,0.119726053534358,0.53025360173781,0.410527548203453,2024.99565148851,2025.11537754204,NA,NA,NA
5850,5851,REU.3.4_1,REU.3.4_1,0.00980483269886268,0.530328859107412,0.520524026408549,2025.10564796671,2025.11545279941,NA,NA,NA
3908,3909,REU.4.3_1,REU.4.3_1,0.0438256329276488,0.53038510107024,0.486559468142591,2025.07168340845,2025.11550904138,NA,NA,NA
5178,5179,REU.3.4_1,REU.3.4_1,0.0629430516356108,0.53057262668143,0.467629575045819,2025.05275351535,2025.11569656699,NA,NA,NA
5564,5568,REU.4.3_1,REU.4.3_1,0.0648711280710046,0.53063140425896,0.465760276187955,2025.05088421649,2025.11575534456,NA,NA,NA
4712,4713,REU.2.3_1,REU.2.3_1,0.0122763992111211,0.53068687539104,0.518410476179919,2025.10353441649,2025.1158108157,NA,NA,NA
4414,4415,REU.4.3_1,REU.4.3_1,0.01076688093221,0.530794920020065,0.520028039087855,2025.10515197939,2025.11591886033,NA,NA,NA
5892,5893,REU.4.6_1,REU.4.6_1,0.0061118141987403,0.530816924292201,0.52470511009346,2025.1098290504,2025.1159408646,NA,NA,NA
5332,5333,REU.4.3_1,REU.4.3_1,0.0164281802178342,0.531319485844922,0.514891305627088,2025.10001524593,2025.11644342615,NA,NA,NA
6156,6158,REU.4.5_1,REU.4.5_1,0.02451771273194,0.531354381723441,0.506836668991501,2025.0919606093,2025.11647832203,NA,NA,NA
4584,4585,REU.4.8_1,REU.4.8_1,0.0103656306749863,0.531369343864553,0.521003713189566,2025.1061276535,2025.11649328417,NA,NA,NA
3730,3731,REU.3.5_1,REU.3.5_1,0.0615836395080299,0.531375889153703,0.469792249645674,2025.05491618995,2025.11649982946,NA,NA,NA
3826,3827,REU.4.3_1,REU.4.3_1,0.0050078340315266,0.531391697607022,0.526383863575495,2025.11150780388,2025.11651563791,NA,NA,NA
3668,3669,REU.4.3_1,REU.4.3_1,0.00146945982955604,0.531471902160199,0.530002442330643,2025.11512638264,2025.11659584247,NA,NA,NA
4116,4120,REU.4.3_1,REU.4.3_1,0.0311851870714116,0.531502032828534,0.500316845757123,2025.08544078606,2025.11662597313,NA,NA,NA
5315,5316,REU.4.8_1,REU.4.8_1,0.0414232952836351,0.531512690984868,0.490089395701233,2025.07521333601,2025.11663663129,NA,NA,NA
3752,3755,REU.4.8_1,REU.4.8_1,0.00683051071704555,0.531601810863906,0.524771300146861,2025.10989524045,2025.11672575117,NA,NA,NA
4889,4890,REU.4.5_1,REU.4.5_1,0.162190759990124,0.53162153398133,0.369430773991205,2024.9545547143,2025.11674547429,NA,NA,NA
4065,4066,REU.4.3_1,REU.4.3_1,0.0106833176058719,0.531662449468681,0.520979131862809,2025.10610307217,2025.11678638977,NA,NA,NA
3933,3934,REU.4.3_1,REU.4.3_1,0.0254228951614326,0.531709440519503,0.506286545358071,2025.09141048566,2025.11683338082,NA,NA,NA
5401,5402,REU.3.1_1,REU.3.1_1,0.0368553275951756,0.531765424871394,0.494910097276218,2025.08003403758,2025.11688936518,NA,NA,NA
4702,4703,REU.2.3_1,REU.2.3_1,0.0163391064228907,0.531841513815466,0.515502407392575,2025.1006263477,2025.11696545412,NA,NA,NA
4497,4498,REU.4.3_1,REU.4.3_1,0.0445679467631795,0.531853950469507,0.487286003706327,2025.07240994401,2025.11697789077,NA,NA,NA
4470,4471,REU.4.3_1,REU.4.8_1,0.0266444776029414,0.53200380295981,0.505359325356868,2025.09048326566,2025.11712774327,NA,NA,NA
3635,3636,REU.4.3_1,REU.4.3_1,0.036496425976029,0.53200425807103,0.495507832095001,2025.0806317724,2025.11712819838,NA,NA,NA
4835,4836,REU.4.3_1,REU.4.3_1,0.018292290271657,0.5320201052485,0.513727814976843,2025.09885175528,2025.11714404555,NA,NA,NA
3947,3948,REU.4.3_1,REU.4.8_1,0.11454584599582,0.532123346279849,0.417577500284028,2025.00270144059,2025.11724728659,NA,NA,NA
5959,5963,REU.4.8_1,REU.2.1_1,0.00671837675011078,0.532216339635713,0.525497962885603,2025.11062190319,2025.11734027994,NA,NA,NA
4305,4306,REU.4.3_1,REU.4.3_1,0.0275704041362029,0.532315404936621,0.504745000800418,2025.08986894111,2025.11743934524,NA,NA,NA
5319,5324,REU.4.8_1,REU.4.8_1,0.032069424509457,0.532338362470366,0.500268937960909,2025.08539287827,2025.11746230278,NA,NA,NA
5935,5939,REU.2.3_1,REU.2.3_1,0.00804083875046779,0.532351160642111,0.524310321891644,2025.1094342622,2025.11747510095,NA,NA,NA
5911,5913,REU.3.4_1,REU.3.4_1,0.0359448846653739,0.532358845069011,0.496413960403637,2025.08153790071,2025.11748278537,NA,NA,NA
6121,6122,REU.4.5_1,REU.4.5_1,0.0113312750168848,0.53236993480788,0.521038659790996,2025.1061626001,2025.11749387511,NA,NA,NA
4742,4745,REU.2.3_1,REU.2.3_1,0.0141319220611684,0.532488881660438,0.518356959599269,2025.1034808999,2025.11761282197,NA,NA,NA
3322,3329,REU.4.3_1,REU.4.3_1,0.05039491159882,0.532613470603371,0.482218559004551,2025.06734249931,2025.11773741091,NA,NA,NA
6060,3054,REU.3.1_1,REU.3.5_1,0.117687257680488,0.532684278872801,0.414997021192313,2025.0001209615,2025.11780821918,CHIKV_RUN_S17b68_2025,55.325677,-20.997915
3648,1491,REU.4.3_1,REU.2.3_1,0.0741139548670884,0.532684278872801,0.458570324005713,2025.04369426431,2025.11780821918,CHIKV_RUN_S10b93_2025,55.452125,-20.890654
5900,2944,REU.3.4_1,REU.3.4_1,0.0558639525549803,0.532684278872801,0.476820326317821,2025.06194426662,2025.11780821918,CHIKV_RUN_S17b73_2025,55.30892,-21.184486
4187,346,REU.4.3_1,REU.2.2_1,0.051675697887595,0.532684278872801,0.481008580985206,2025.06613252129,2025.11780821918,CHIKV_RUN_S17b65_2025,55.316384,-20.955475
5470,2357,REU.4.5_1,REU.4.7_1,0.0153792713444258,0.532684278872801,0.517305007528375,2025.10242894783,2025.11780821918,CHIKV_RUN_S17b74_2025,55.76408,-21.362277
3482,452,REU.4.5_1,REU.4.5_1,0.0143680808627932,0.532684278872801,0.518316198010008,2025.10344013832,2025.11780821918,CHIKV_RUN_S10b08_2025,55.653767,-21.378893
3324,3325,REU.4.3_1,REU.4.3_1,0.00525736045816128,0.532689911239169,0.527432550781008,2025.11255649109,2025.11781385154,NA,NA,NA
5004,5005,REU.3.5_1,REU.3.5_1,0.00497561531901636,0.532776250315404,0.527800634996388,2025.1129245753,2025.11790019062,NA,NA,NA
3141,3142,REU.3.4_1,REU.4.8_1,0.0530179585562297,0.532780565354137,0.479762606797908,2025.0648865471,2025.11790450566,NA,NA,NA
3686,3689,REU.4.8_1,REU.4.8_1,0.0469243375906588,0.53279487185243,0.485870534261771,2025.07099447457,2025.11791881216,NA,NA,NA
4605,4606,REU.4.4_1,REU.4.4_1,0.0122997250049212,0.532961072752722,0.5206613477478,2025.10578528805,2025.11808501306,NA,NA,NA
4031,4032,REU.4.3_1,REU.4.3_1,0.0183733912625735,0.53308900307419,0.514715611811616,2025.09983955212,2025.11821294338,NA,NA,NA
4340,4341,REU.4.8_1,REU.4.8_1,0.0239414424544692,0.533098005208659,0.50915656275419,2025.09428050306,2025.11822194551,NA,NA,NA
5391,5392,REU.3.1_1,REU.3.1_1,0.0605174216542288,0.533217332345514,0.472699910691286,2025.057823851,2025.11834127265,NA,NA,NA
3561,3562,REU.4.8_1,REU.4.3_1,0.0511013708189555,0.533277467759868,0.482176096940912,2025.06730003725,2025.11840140807,NA,NA,NA
4413,4418,REU.4.3_1,REU.4.3_1,0.0298458107804055,0.533281946446723,0.503436135666318,2025.08856007597,2025.11840588675,NA,NA,NA
5148,5150,REU.3.1_1,REU.3.1_1,0.0931508070617341,0.533317390227825,0.440166583166091,2025.02529052347,2025.11844133053,NA,NA,NA
4829,4830,REU.4.3_1,REU.4.3_1,0.00954052040591857,0.533328048086034,0.523787527680115,2025.10891146799,2025.11845198839,NA,NA,NA
5720,5721,REU.3.1_1,REU.3.1_1,0.0204824860461758,0.533447073563461,0.512964587517285,2025.09808852782,2025.11857101387,NA,NA,NA
3600,3601,REU.4.8_1,REU.4.8_1,0.0189127904602354,0.533612728062273,0.514699937602037,2025.09982387791,2025.11873666837,NA,NA,NA
3755,3756,REU.4.8_1,REU.4.8_1,0.0021346541946009,0.533736465058507,0.531601810863906,2025.11672575117,2025.11886040536,NA,NA,NA
6032,6033,REU.3.1_1,REU.3.1_1,0.0897021782944326,0.533889270390268,0.444187092095835,2025.0293110324,2025.1190132107,NA,NA,NA
5432,5433,REU.4.6_1,REU.4.6_1,0.00841339766693294,0.533909306377741,0.525495908710808,2025.11061984902,2025.11903324668,NA,NA,NA
6016,6017,REU.4.6_1,REU.4.6_1,0.0276551707893304,0.533916502639018,0.506261331849688,2025.09138527216,2025.11904044294,NA,NA,NA
4399,4400,REU.4.8_1,REU.4.8_1,0.0236482476623248,0.533932319339678,0.510284071677353,2025.09540801198,2025.11905625965,NA,NA,NA
5138,5139,REU.4.3_1,REU.4.3_1,0.0230216507057961,0.533940923206208,0.510919272500412,2025.09604321281,2025.11906486351,NA,NA,NA
4044,4045,REU.2.1_1,REU.2.1_1,0.0103426588493192,0.533961592530876,0.523618933681557,2025.10874287399,2025.11908553284,NA,NA,NA
4933,4934,REU.4.5_1,REU.4.5_1,0.0545171482629917,0.534035376364931,0.479518228101939,2025.06464216841,2025.11915931667,NA,NA,NA
6093,6094,REU.4.5_1,REU.4.5_1,0.0368841465739792,0.534099302159172,0.497215155585193,2025.08233909589,2025.11922324246,NA,NA,NA
3791,3792,REU.4.3_1,REU.4.3_1,0.0254831233344568,0.534128010363421,0.508644887028965,2025.09376882733,2025.11925195067,NA,NA,NA
4187,4188,REU.4.3_1,REU.4.3_1,0.0531580214743661,0.534166602459572,0.481008580985206,2025.06613252129,2025.11929054276,NA,NA,NA
5123,5124,REU.4.8_1,REU.4.8_1,0.0743140219304468,0.534235873467488,0.459921851537041,2025.04504579184,2025.11935981377,NA,NA,NA
4772,4776,REU.4.3_1,REU.3.5_1,0.00446845804342466,0.534240806716729,0.529772348673304,2025.11489628898,2025.11936474702,NA,NA,NA
3452,3453,REU.4.3_1,REU.4.3_1,0.0168079043751984,0.534250034543667,0.517442130168469,2025.10256607047,2025.11937397485,NA,NA,NA
5540,5541,REU.4.1_1,REU.4.1_1,0.00818828405839644,0.534252798572677,0.526064514514281,2025.11118845482,2025.11937673888,NA,NA,NA
4882,4883,REU.4.7_1,REU.4.7_1,0.00802828629633556,0.534310607399995,0.526282321103659,2025.11140626141,2025.11943454771,NA,NA,NA
5378,5379,REU.3.5_1,REU.3.5_1,0.00590528192277306,0.534325804604957,0.528420522682184,2025.11354446299,2025.11944974491,NA,NA,NA
5576,5577,REU.3.1_1,REU.3.1_1,0.0188837334573335,0.534340313086858,0.515456579629524,2025.10058051993,2025.11946425339,NA,NA,NA
3253,3254,REU.4.3_1,REU.4.3_1,0.094308922726624,0.534384277650016,0.440075354923392,2025.02519929523,2025.11950821796,NA,NA,NA
6149,6160,REU.4.5_1,REU.4.5_1,0.0718101758793275,0.534456770180938,0.46264659430161,2025.04777053461,2025.11958071049,NA,NA,NA
3628,3629,REU.4.3_1,REU.4.3_1,0.0453051969817948,0.53451062836262,0.489205431380825,2025.07432937169,2025.11963456867,NA,NA,NA
4504,4506,REU.4.8_1,REU.4.8_1,0.0645750060220562,0.534511980169232,0.469936974147176,2025.05506091445,2025.11963592047,NA,NA,NA
4475,4485,REU.4.3_1,REU.4.3_1,0.00557897580964428,0.534522281946052,0.528943306136408,2025.11406724644,2025.11964622225,NA,NA,NA
3972,3976,REU.4.8_1,REU.4.8_1,0.0232030241057,0.534557806946709,0.511354782841009,2025.09647872315,2025.11968174725,NA,NA,NA
4400,4401,REU.4.8_1,REU.4.8_1,0.000653128186872243,0.53458544752655,0.533932319339678,2025.11905625965,2025.11970938783,NA,NA,NA
5375,5376,REU.3.1_1,REU.4.3_1,0.055299348572097,0.534594191690539,0.479294843118443,2025.06441878342,2025.119718132,NA,NA,NA
4772,4773,REU.4.3_1,REU.4.3_1,0.00484453355271586,0.53461688222602,0.529772348673304,2025.11489628898,2025.11974082253,NA,NA,NA
4039,4040,REU.4.3_1,REU.4.3_1,0.0383074758927192,0.534716909539744,0.496409433647025,2025.08153337395,2025.11984084985,NA,NA,NA
4756,4757,REU.4.8_1,REU.4.8_1,0.0105580445241601,0.534786158626053,0.524228114101893,2025.10935205441,2025.11991009893,NA,NA,NA
5858,5861,REU.4.3_1,REU.4.3_1,0.0721047125955299,0.534815711890839,0.462710999295309,2025.0478349396,2025.1199396522,NA,NA,NA
6125,6126,REU.4.5_1,REU.4.5_1,0.00956134134078224,0.534861720944065,0.525300379603282,2025.11042431991,2025.11998566125,NA,NA,NA
4982,4983,REU.2.3_1,REU.2.3_1,0.0140143556552363,0.534878739012613,0.520864383357377,2025.10598832366,2025.12000267932,NA,NA,NA
4044,4047,REU.2.1_1,REU.2.1_1,0.0113146222732421,0.534933555954799,0.523618933681557,2025.10874287399,2025.12005749626,NA,NA,NA
3440,3448,REU.4.8_1,REU.4.8_1,0.0131003622524222,0.535034722955065,0.521934360702643,2025.10705830101,2025.12015866326,NA,NA,NA
3503,3504,REU.4.3_1,REU.4.3_1,0.0276883903404075,0.535125707180476,0.507437316840069,2025.09256125715,2025.12024964749,NA,NA,NA
4113,4114,REU.4.3_1,REU.4.3_1,0.0429492113113219,0.535174027908348,0.492224816597026,2025.0773487569,2025.12029796821,NA,NA,NA
3784,3785,REU.4.3_1,REU.4.3_1,0.0461067102243464,0.535174033695589,0.489067323471243,2025.07419126378,2025.120297974,NA,NA,NA
5769,5770,REU.4.3_1,REU.4.3_1,0.0221609957579968,0.535174712797763,0.513013717039766,2025.09813765735,2025.1202986531,NA,NA,NA
5150,5151,REU.3.1_1,REU.3.1_1,0.00188525078389923,0.535202641011724,0.533317390227825,2025.11844133053,2025.12032658132,NA,NA,NA
3616,3617,REU.4.8_1,REU.4.8_1,0.0238467663332134,0.53521608180478,0.511369315471567,2025.09649325578,2025.12034002211,NA,NA,NA
5753,5754,REU.2.5_1,REU.2.5_1,0.104480575946628,0.535239515478035,0.430758939531407,2025.01588287984,2025.12036345578,NA,NA,NA
3547,3550,REU.4.3_1,REU.4.3_1,0.0142292202622827,0.535389582320743,0.521160362058461,2025.10628430236,2025.12051352263,NA,NA,NA
5305,2365,REU.4.3_1,REU.3.4_1,0.13638855983385,0.535424004900158,0.399035445066308,2024.98415938537,2025.12054794521,CHIKV_RUN_S10b86_2025,55.312033,-21.134693
3599,71,REU.4.8_1,REU.3.3_1,0.0370915851646212,0.535424004900158,0.498332419735537,2025.08345636004,2025.12054794521,CHIKV_RUN_S10b87_2025,55.289283,-21.108928
4465,1063,REU.4.3_1,REU.4.3_1,0.0324048840472616,0.535424004900158,0.503019120852897,2025.08814306116,2025.12054794521,CHIKV_RUN_S10b81_2025,55.527006,-21.238497
4205,341,REU.2.3_1,REU.2.5_1,0.00678561900559183,0.535424004900158,0.528638385894567,2025.1137623262,2025.12054794521,CHIKV_RUN_S10b77_2025,55.642871,-20.932313
4836,1751,REU.4.3_1,REU.4.3_1,0.00340389965165877,0.535424004900158,0.5320201052485,2025.11714404555,2025.12054794521,CHIKV_RUN_S10b85_2025,55.524773,-21.270816
5433,1881,REU.4.6_1,REU.4.6_1,0.00151469852241748,0.535424004900158,0.533909306377741,2025.11903324668,2025.12054794521,CHIKV_RUN_S10b76_2025,55.438002,-21.263799
5668,5675,REU.4.8_1,REU.4.8_1,0.0364373111697378,0.535519733388089,0.499082422218351,2025.08420636252,2025.12064367369,NA,NA,NA
5022,5023,REU.4.8_1,REU.4.8_1,0.0242198421185856,0.535542471045862,0.511322628927276,2025.09644656923,2025.12066641135,NA,NA,NA
3667,3676,REU.4.3_1,REU.4.3_1,0.0131169391623321,0.535602551521517,0.522485612359185,2025.10760955266,2025.12072649183,NA,NA,NA
6139,6140,REU.4.5_1,REU.4.5_1,0.0337548459140182,0.5356494195481,0.501894573634082,2025.08701851394,2025.12077335985,NA,NA,NA
4438,4439,REU.4.3_1,REU.4.3_1,0.0194963126254455,0.535671949833392,0.516175637207946,2025.10129957751,2025.12079589014,NA,NA,NA
5968,5972,REU.2.3_1,REU.2.3_1,0.0110057242212155,0.535697479111899,0.524691754890684,2025.1098156952,2025.12082141942,NA,NA,NA
3831,3832,REU.4.8_1,REU.4.8_1,0.0154259987843667,0.535707662565816,0.52028166378145,2025.10540560409,2025.12083160287,NA,NA,NA
3349,3350,REU.4.3_1,REU.4.3_1,0.0561461867284794,0.535836120902546,0.479689934174066,2025.06481387448,2025.12096006121,NA,NA,NA
4197,4198,REU.2.3_1,REU.2.3_1,0.0259171314348353,0.535904900102178,0.509987768667342,2025.09511170897,2025.12102884041,NA,NA,NA
5259,5260,REU.3.1_1,REU.4.6_1,0.119377853509291,0.535927121973538,0.416549268464247,2025.00167320877,2025.12105106228,NA,NA,NA
6035,6036,REU.3.5_1,REU.3.5_1,0.0221388997161895,0.535950812198559,0.513811912482369,2025.09893585279,2025.1210747525,NA,NA,NA
3304,3305,REU.4.3_1,REU.4.3_1,0.0840783359823414,0.536020398748237,0.451942062765896,2025.03706600307,2025.12114433905,NA,NA,NA
4661,4662,REU.3.5_1,REU.3.5_1,0.0432174087848729,0.536075820120804,0.492858411335931,2025.07798235164,2025.12119976043,NA,NA,NA
5244,5245,REU.4.8_1,REU.4.8_1,0.0358482176610476,0.536213915594668,0.50036569793362,2025.08548963824,2025.1213378559,NA,NA,NA
4818,4819,REU.4.3_1,REU.4.3_1,0.062058491711154,0.536375838225121,0.474317346513967,2025.05944128682,2025.12149977853,NA,NA,NA
3603,3604,REU.4.8_1,REU.2.3_1,0.0127517564433589,0.536380081985023,0.523628325541664,2025.10875226585,2025.12150402229,NA,NA,NA
3241,3242,REU.4.8_1,REU.4.8_1,0.0537077768989761,0.536389795845413,0.482682018946437,2025.06780595925,2025.12151373615,NA,NA,NA
5340,5341,REU.4.3_1,REU.4.8_1,0.0108283525027322,0.536517696828405,0.525689344325673,2025.11081328463,2025.12164163713,NA,NA,NA
3800,3801,REU.4.3_1,REU.4.3_1,0.0154582635894894,0.536548892923672,0.521090629334183,2025.10621456964,2025.12167283323,NA,NA,NA
3231,3232,REU.4.8_1,REU.4.4_1,0.0745280004585678,0.536736311452924,0.462208310994357,2025.0473322513,2025.12186025176,NA,NA,NA
5623,5624,REU.3.1_1,REU.3.1_1,0.0225906286495871,0.536760715447713,0.514170086798126,2025.0992940271,2025.12188465575,NA,NA,NA
5917,5928,REU.2.3_1,REU.2.3_1,0.0757018151843759,0.536782532831877,0.461080717647501,2025.04620465795,2025.12190647314,NA,NA,NA
4606,4607,REU.4.4_1,REU.4.4_1,0.00401984926012022,0.536980922012842,0.532961072752722,2025.11808501306,2025.12210486232,NA,NA,NA
4367,4373,REU.4.6_1,REU.4.6_1,0.0416245883798726,0.537079621795121,0.495455033415248,2025.08057897372,2025.1222035621,NA,NA,NA
5151,5152,REU.3.1_1,REU.3.1_1,0.00187741934466146,0.537080060356386,0.535202641011724,2025.12032658132,2025.12220400066,NA,NA,NA
4808,4809,REU.4.3_1,REU.4.3_1,0.0714850194985739,0.537096595251788,0.465611575753215,2025.05073551606,2025.12222053556,NA,NA,NA
3333,3336,REU.4.3_1,REU.2.3_1,0.0180083161357949,0.537105251937727,0.519096935801932,2025.10422087611,2025.12222919224,NA,NA,NA
3875,3876,REU.4.3_1,REU.4.3_1,0.0509752229763138,0.537148605133148,0.486173382156834,2025.07129732246,2025.12227254544,NA,NA,NA
4073,4085,REU.4.3_1,REU.4.3_1,0.046640018681274,0.53725045925876,0.490610440577486,2025.07573438088,2025.12237439956,NA,NA,NA
3301,3302,REU.4.3_1,REU.4.3_1,0.0221496162225464,0.537284781238888,0.515135165016341,2025.10025910532,2025.12240872154,NA,NA,NA
3216,3220,REU.4.8_1,REU.4.5_1,0.0741889182163469,0.537317395667833,0.463128477451486,2025.04825241776,2025.12244133597,NA,NA,NA
5191,5196,REU.3.4_1,REU.4.6_1,0.0600304664821304,0.537385949372529,0.477355482890398,2025.0624794232,2025.12250988968,NA,NA,NA
3302,3303,REU.4.3_1,REU.4.3_1,0.00014754237703174,0.537432323615919,0.537284781238888,2025.12240872154,2025.12255626392,NA,NA,NA
3902,3903,REU.4.3_1,REU.4.3_1,0.00977827160507827,0.537461303316893,0.527683031711815,2025.11280697202,2025.12258524362,NA,NA,NA
5778,5779,REU.4.3_1,REU.4.3_1,0.0221023870871349,0.537552072726632,0.515449685639497,2025.10057362594,2025.12267601303,NA,NA,NA
5414,5415,REU.4.3_1,REU.4.3_1,0.0165731484085627,0.537556191735536,0.520983043326973,2025.10610698363,2025.12268013204,NA,NA,NA
6069,6070,REU.3.1_1,REU.3.1_1,0.0614632153007699,0.537598433478512,0.476135218177742,2025.06125915848,2025.12272237378,NA,NA,NA
4770,4777,REU.4.3_1,REU.4.8_1,0.0356927674486451,0.537648897287687,0.501956129839042,2025.08708007014,2025.12277283759,NA,NA,NA
4605,4613,REU.4.4_1,REU.4.4_1,0.0170700526794115,0.537731400427212,0.5206613477478,2025.10578528805,2025.12285534073,NA,NA,NA
4971,4972,REU.2.3_1,REU.2.3_1,0.050718311120258,0.537782878514286,0.487064567394027,2025.0721885077,2025.12290681882,NA,NA,NA
5702,5703,REU.4.8_1,REU.4.8_1,0.0640016364690608,0.537865866405465,0.473864229936404,2025.05898817024,2025.12298980671,NA,NA,NA
3655,3656,REU.4.3_1,REU.4.3_1,0.0161196198543911,0.537891536678427,0.521771916824036,2025.10689585713,2025.12301547698,NA,NA,NA
3513,3519,REU.3.5_1,REU.3.5_1,0.0450550142290836,0.537974546077415,0.492919531848332,2025.07804347215,2025.12309848638,NA,NA,NA
3325,3326,REU.4.3_1,REU.4.3_1,0.00529321086412438,0.537983122103293,0.532689911239169,2025.11781385154,2025.12310706241,NA,NA,NA
6094,6095,REU.4.5_1,REU.4.5_1,0.00388443748287615,0.537983739642048,0.534099302159172,2025.11922324246,2025.12310767995,NA,NA,NA
4690,4691,REU.2.3_1,REU.2.3_1,0.0809777891604471,0.538001865437106,0.457024076276659,2025.04214801658,2025.12312580574,NA,NA,NA
5112,5118,REU.4.8_1,REU.4.8_1,0.0530887661138364,0.538015533192165,0.484926767078328,2025.07005070738,2025.1231394735,NA,NA,NA
5361,5362,REU.4.3_1,REU.4.6_1,0.0720970700771059,0.538063443950104,0.465966373872998,2025.05109031418,2025.12318738426,NA,NA,NA
5253,5254,REU.4.8_1,REU.4.8_1,0.020489139575455,0.538118783573707,0.517629643998252,2025.1027535843,2025.12324272388,NA,NA,NA
5500,2017,REU.3.1_1,REU.3.4_1,0.0860144301815543,0.538163730927516,0.452149300745961,2025.03727324105,2025.12328767123,CHIKV_RUN_S17b75_2025,55.304177,-21.172288
5510,2773,REU.3.1_1,REU.4.3_1,0.0511454063342581,0.538163730927516,0.487018324593258,2025.0721422649,2025.12328767123,CHIKV_RUN_S10b84_2025,55.529419,-21.267475
3777,1757,REU.4.3_1,REU.2.3_1,0.0463291619425115,0.538163730927516,0.491834568985004,2025.07695850929,2025.12328767123,CHIKV_RUN_S18b26_2025,55.445029,-20.887177
4855,280,REU.4.3_1,REU.4.3_1,0.0416598591102438,0.538163730927516,0.496503871817272,2025.08162781212,2025.12328767123,CHIKV_RUN_S10b82_2025,55.501615,-21.246082
3567,935,REU.4.3_1,REU.4.3_1,0.0302632188109514,0.538163730927516,0.507900512116564,2025.09302445242,2025.12328767123,CHIKV_RUN_S10b79_2025,55.491615,-21.250807
3741,953,REU.3.5_1,REU.3.5_1,0.0185809924126705,0.538163730927516,0.519582738514845,2025.10470667882,2025.12328767123,CHIKV_RUN_S10b88_2025,55.272836,-21.023559
5543,2517,REU.4.1_1,REU.4.1_1,0.0173215428492346,0.538163730927516,0.520842188078281,2025.10596612838,2025.12328767123,CHIKV_RUN_S10b80_2025,55.480729,-21.168218
4381,666,REU.4.3_1,REU.4.3_1,0.0113374743179887,0.538163730927516,0.526826256609527,2025.11195019691,2025.12328767123,CHIKV_RUN_S10b78_2025,55.522725,-21.283887
4830,899,REU.4.3_1,REU.4.3_1,0.00483568284148228,0.538163730927516,0.533328048086034,2025.11845198839,2025.12328767123,CHIKV_RUN_S10b83_2025,55.526664,-21.257323
5505,5506,REU.3.1_1,REU.4.6_1,0.0500489122969051,0.538323348372522,0.488274436075617,2025.07339837638,2025.12344728868,NA,NA,NA
5721,5722,REU.3.1_1,REU.4.5_1,0.00490825659034677,0.538355330153807,0.533447073563461,2025.11857101387,2025.12347927046,NA,NA,NA
5715,5716,REU.3.1_1,REU.3.1_1,0.0280827997142327,0.538371157438472,0.51028835772424,2025.09541229803,2025.12349509774,NA,NA,NA
4848,4849,REU.4.3_1,REU.4.3_1,0.0889321347062955,0.538379870196086,0.44944773548979,2025.0345716758,2025.1235038105,NA,NA,NA
4918,4923,REU.4.7_1,REU.4.7_1,0.00892458641890093,0.538445433434894,0.529520847015993,2025.11464478732,2025.12356937374,NA,NA,NA
6209,6211,REU.4.8_1,REU.4.8_1,0.0347446443856754,0.53857078502304,0.503826140637365,2025.08895008094,2025.12369472533,NA,NA,NA
6160,6162,REU.4.5_1,REU.4.5_1,0.00425583891628611,0.538712609097224,0.534456770180938,2025.11958071049,2025.1238365494,NA,NA,NA
5424,5426,REU.3.5_1,REU.4.8_1,0.043629192622625,0.538763828093017,0.495134635470392,2025.08025857578,2025.1238877684,NA,NA,NA
4401,4402,REU.4.8_1,REU.4.8_1,0.0042124824829638,0.538797930009514,0.53458544752655,2025.11970938783,2025.12392187031,NA,NA,NA
4471,4473,REU.4.8_1,REU.4.8_1,0.00688702715738243,0.538890830117192,0.53200380295981,2025.11712774327,2025.12401477042,NA,NA,NA
3792,3793,REU.4.3_1,REU.4.3_1,0.00496215193346727,0.539090162296889,0.534128010363421,2025.11925195067,2025.1242141026,NA,NA,NA
5514,5515,REU.4.8_1,REU.4.8_1,0.128035081818575,0.539117279338071,0.411082197519496,2024.99620613782,2025.12424121964,NA,NA,NA
5049,5050,REU.3.1_1,REU.3.1_1,0.0157055431005901,0.539141050802506,0.523435507701916,2025.10855944801,2025.12426499111,NA,NA,NA
4228,4229,REU.4.3_1,REU.4.3_1,0.0150410024014813,0.539142346707884,0.524101344306403,2025.10922528461,2025.12426628701,NA,NA,NA
5903,5904,REU.3.4_1,REU.3.4_1,0.0462539053768355,0.53937334330114,0.493119437924305,2025.07824337823,2025.12449728361,NA,NA,NA
5754,5755,REU.2.5_1,REU.2.5_1,0.00442853201782367,0.539668047495859,0.535239515478035,2025.12036345578,2025.1247919878,NA,NA,NA
5918,5919,REU.2.3_1,REU.2.3_1,0.0158860336239069,0.539679035906065,0.523793002282158,2025.10891694259,2025.12480297621,NA,NA,NA
5935,5936,REU.2.3_1,REU.2.3_1,0.0154022630499131,0.539712584941557,0.524310321891644,2025.1094342622,2025.12483652525,NA,NA,NA
5600,5612,REU.3.1_1,REU.3.4_1,0.0719615417272019,0.539797680244569,0.467836138517367,2025.05296007882,2025.12492162055,NA,NA,NA
3629,3630,REU.4.3_1,REU.4.3_1,0.00529100406586425,0.539801632428484,0.53451062836262,2025.11963456867,2025.12492557273,NA,NA,NA
5705,5706,REU.4.8_1,REU.4.6_1,0.016540459027338,0.539887430043357,0.523346971016019,2025.10847091132,2025.12501137035,NA,NA,NA
3981,3982,REU.4.3_1,REU.4.3_1,0.0670411344786798,0.539943774296669,0.472902639817989,2025.05802658012,2025.1250677146,NA,NA,NA
4583,4592,REU.4.4_1,REU.4.4_1,0.0293247047816338,0.5400750247396,0.510750319957966,2025.09587426026,2025.12519896505,NA,NA,NA
3539,3540,REU.4.3_1,REU.4.3_1,0.0639075278845548,0.540159292739854,0.476251764855299,2025.06137570516,2025.12528323305,NA,NA,NA
5174,5175,REU.4.2_1,REU.4.2_1,0.0371784845733352,0.540163093100714,0.502984608527378,2025.08810854883,2025.12528703341,NA,NA,NA
4613,4614,REU.4.4_1,REU.4.8_1,0.00244377906801785,0.54017517949523,0.537731400427212,2025.12285534073,2025.1252991198,NA,NA,NA
5710,5713,REU.4.8_1,REU.4.8_1,0.0603391154509041,0.540404561813363,0.480065446362459,2025.06518938667,2025.12552850212,NA,NA,NA
3909,3910,REU.4.3_1,REU.4.3_1,0.0100320608088655,0.540417161879105,0.53038510107024,2025.11550904138,2025.12554110218,NA,NA,NA
6081,6082,REU.4.5_1,REU.4.5_1,0.0562187957812128,0.54042235752414,0.484203561742927,2025.06932750205,2025.12554629783,NA,NA,NA
5919,5921,REU.2.3_1,REU.2.3_1,0.000749225898286521,0.540428261804351,0.539679035906065,2025.12480297621,2025.12555220211,NA,NA,NA
3713,3719,REU.3.5_1,REU.4.3_1,0.0506997877312919,0.540491250171016,0.489791462439724,2025.07491540275,2025.12561519048,NA,NA,NA
3142,3147,REU.4.8_1,REU.4.8_1,0.00777388419001845,0.540554449544156,0.532780565354137,2025.11790450566,2025.12567838985,NA,NA,NA
4632,4635,REU.4.8_1,REU.4.8_1,0.130088313620279,0.540615861823732,0.410527548203453,2024.99565148851,2025.12573980213,NA,NA,NA
4810,4812,REU.4.3_1,REU.4.3_1,0.0223740340414997,0.540647089852536,0.518273055811036,2025.10339699612,2025.12577103016,NA,NA,NA
5439,5440,REU.3.1_1,REU.3.1_1,0.0273090086995056,0.540707933005855,0.51339892430635,2025.09852286461,2025.12583187331,NA,NA,NA
5647,5650,REU.4.8_1,REU.4.8_1,0.0109500133826138,0.540803738758996,0.529853725376383,2025.11497766568,2025.12592767906,NA,NA,NA
4137,4146,REU.4.3_1,REU.4.4_1,0.0135076689826676,0.540896686300864,0.527389017318196,2025.11251295762,2025.12602062661,NA,NA,NA
4265,647,REU.4.3_1,REU.4.3_1,0.0842336732763788,0.540903456954873,0.456669783678494,2025.04179372398,2025.12602739726,CHIKV_RUN_S10b92_2025,55.522252,-21.278985
6009,1775,REU.4.3_1,REU.4.3_1,0.0713981836975119,0.540903456954873,0.469505273257361,2025.05462921356,2025.12602739726,CHIKV_RUN_S10b91_2025,55.510985,-21.286508
4013,1679,REU.4.3_1,REU.4.3_1,0.0651684178149137,0.540903456954873,0.47573503913996,2025.06085897945,2025.12602739726,CHIKV_RUN_S10b94_2025,55.527183,-21.256516
3721,252,REU.3.5_1,REU.4.3_1,0.0199312851446558,0.540903456954873,0.520972171810217,2025.10609611212,2025.12602739726,CHIKV_RUN_S10b89_2025,55.523069,-21.267089
3705,3709,REU.4.3_1,REU.4.3_1,0.0813270180079534,0.540956754190765,0.459629736182812,2025.04475367649,2025.1260806945,NA,NA,NA
5781,5784,REU.4.3_1,REU.4.3_1,0.0148061327210951,0.540972992544552,0.526166859823457,2025.11129080013,2025.12609693285,NA,NA,NA
5624,5625,REU.3.1_1,REU.3.1_1,0.00434104648624845,0.541101761933961,0.536760715447713,2025.12188465575,2025.12622570224,NA,NA,NA
5254,5255,REU.4.8_1,REU.4.8_1,0.00303766666764682,0.541156450241354,0.538118783573707,2025.12324272388,2025.12628039055,NA,NA,NA
5076,5077,REU.3.1_1,REU.3.1_1,0.0817956848821122,0.541238382917832,0.45944269803572,2025.04456663834,2025.12636232322,NA,NA,NA
4662,4666,REU.3.5_1,REU.3.5_1,0.00517984174160757,0.541255661862412,0.536075820120804,2025.12119976043,2025.12637960217,NA,NA,NA
4757,4758,REU.4.8_1,REU.4.8_1,0.00647419467871013,0.541260353304763,0.534786158626053,2025.11991009893,2025.12638429361,NA,NA,NA
3164,3172,REU.3.4_1,REU.3.4_1,0.0338407457396326,0.541324166518553,0.50748342077892,2025.09260736108,2025.12644810682,NA,NA,NA
6199,6200,REU.4.3_1,REU.4.3_1,0.0552799694290717,0.541445615299721,0.48616564587065,2025.07128958618,2025.1265695556,NA,NA,NA
5196,5197,REU.4.6_1,REU.4.6_1,0.00407879216331075,0.54146474153584,0.537385949372529,2025.12250988968,2025.12658868184,NA,NA,NA
3767,3768,REU.4.3_1,REU.4.3_1,0.0162153010940194,0.541510210025699,0.52529490893168,2025.11041884924,2025.12663415033,NA,NA,NA
3993,4007,REU.2.3_1,REU.2.3_1,0.0269758903992242,0.541529513644385,0.514553623245161,2025.09967756355,2025.12665345395,NA,NA,NA
3151,3155,REU.3.4_1,REU.3.4_1,0.0969669216313885,0.541553922193961,0.444587000562572,2025.02971094087,2025.1266778625,NA,NA,NA
3164,3165,REU.3.4_1,REU.3.4_1,0.0340706905019592,0.54155411128088,0.50748342077892,2025.09260736108,2025.12667805159,NA,NA,NA
4275,4280,REU.4.3_1,REU.4.5_1,0.0380624757765305,0.54158107714625,0.503518601369719,2025.08864254168,2025.12670501745,NA,NA,NA
4104,4105,REU.4.3_1,REU.4.3_1,0.0647105988044501,0.541639680307852,0.476929081503402,2025.06205302181,2025.12676362061,NA,NA,NA
5152,5154,REU.3.1_1,REU.3.1_1,0.00471168284392376,0.54179174320031,0.537080060356386,2025.12220400066,2025.12691568351,NA,NA,NA
4137,4138,REU.4.3_1,REU.4.3_1,0.0144082624133131,0.541797279731509,0.527389017318196,2025.11251295762,2025.12692122004,NA,NA,NA
4162,4166,REU.4.3_1,REU.4.3_1,0.0319391967819679,0.541819918801632,0.509880722019664,2025.09500466232,2025.12694385911,NA,NA,NA
5629,5630,REU.3.1_1,REU.3.1_1,0.0324524607087654,0.541862571970294,0.509410111261529,2025.09453405157,2025.12698651228,NA,NA,NA
4979,4980,REU.2.3_1,REU.2.3_1,0.0545917017817898,0.541917570783539,0.487325869001749,2025.07244980931,2025.12704151109,NA,NA,NA
4117,4118,REU.4.3_1,REU.4.3_1,0.0240514191505932,0.541981992172221,0.517930573021628,2025.10305451333,2025.12710593248,NA,NA,NA
4076,4077,REU.4.3_1,REU.4.3_1,0.0294937893918024,0.542002698077808,0.512508908686006,2025.09763284899,2025.12712663838,NA,NA,NA
3966,3967,REU.4.8_1,REU.4.8_1,0.0199625444134022,0.542056666903625,0.522094122490223,2025.1072180628,2025.12718060721,NA,NA,NA
3958,3959,REU.4.3_1,REU.4.8_1,0.138606690298607,0.542068222807771,0.403461532509164,2024.98858547281,2025.12719216311,NA,NA,NA
5839,5840,REU.3.1_1,REU.3.1_1,0.041677155579034,0.542161419915161,0.500484264336127,2025.08560820464,2025.12728536022,NA,NA,NA
5675,5676,REU.4.8_1,REU.4.8_1,0.00666468763245653,0.542184421020545,0.535519733388089,2025.12064367369,2025.12730836133,NA,NA,NA
5517,5524,REU.4.8_1,REU.4.3_1,0.0916659518658411,0.542187550701806,0.450521598835965,2025.03564553914,2025.12731149101,NA,NA,NA
4935,4936,REU.4.5_1,REU.4.5_1,0.0534365559929021,0.54222679641655,0.488790240423648,2025.07391418073,2025.12735073672,NA,NA,NA
4246,4247,REU.4.3_1,REU.4.3_1,0.0218298638702391,0.542293980753631,0.520464116883392,2025.10558805719,2025.12741792106,NA,NA,NA
5568,5572,REU.4.3_1,REU.4.3_1,0.0117186504640865,0.542350054723046,0.53063140425896,2025.11575534456,2025.12747399503,NA,NA,NA
5225,5233,REU.4.8_1,REU.4.8_1,0.113159013097072,0.542382576340443,0.42922356324337,2025.01434750355,2025.12750651665,NA,NA,NA
4138,4143,REU.4.3_1,REU.4.3_1,0.000631031636608936,0.542428311368118,0.541797279731509,2025.12692122004,2025.12755225167,NA,NA,NA
3937,3938,REU.4.3_1,REU.4.3_1,0.0370816545754615,0.542452756762049,0.505371102186588,2025.09049504249,2025.12757669707,NA,NA,NA
4789,4790,REU.4.8_1,REU.4.8_1,0.0186698263183684,0.542472440329981,0.523802614011612,2025.10892655432,2025.12759638064,NA,NA,NA
4283,4284,REU.4.3_1,REU.4.3_1,0.0254268351957457,0.54267904423958,0.517252209043834,2025.10237614935,2025.12780298455,NA,NA,NA
3985,3986,REU.4.8_1,REU.4.8_1,0.0412556768557323,0.54269458211658,0.501438905260848,2025.08656284557,2025.12781852242,NA,NA,NA
6094,6102,REU.4.5_1,REU.4.5_1,0.00861962410782269,0.542718926266994,0.534099302159172,2025.11922324246,2025.12784286657,NA,NA,NA
3843,3844,REU.2.3_1,REU.2.3_1,0.0397111658332232,0.542740475747048,0.503029309913825,2025.08815325022,2025.12786441605,NA,NA,NA
4050,4051,REU.4.3_1,REU.4.8_1,0.0665303666450902,0.542741000309985,0.476210633664894,2025.06133457397,2025.12786494062,NA,NA,NA
4819,4820,REU.4.3_1,REU.4.3_1,0.00651531366391,0.542891151889031,0.536375838225121,2025.12149977853,2025.12801509219,NA,NA,NA
4794,4796,REU.4.8_1,REU.4.8_1,0.0227567686403271,0.542940413724568,0.520183645084241,2025.10530758539,2025.12806435403,NA,NA,NA
6102,6103,REU.4.5_1,REU.4.5_1,0.000340507495012465,0.543059433762007,0.542718926266994,2025.12784286657,2025.12818337407,NA,NA,NA
4584,4586,REU.4.8_1,REU.4.8_1,0.0220571475865302,0.543060860776096,0.521003713189566,2025.1061276535,2025.12818480108,NA,NA,NA
3696,3698,REU.4.3_1,REU.3.5_1,0.0290564790883072,0.543111443074419,0.514054963986112,2025.09917890429,2025.12823538338,NA,NA,NA
4366,4376,REU.4.6_1,REU.4.6_1,0.0681728967477638,0.543141501920027,0.474968605172263,2025.06009254548,2025.12826544223,NA,NA,NA
5495,5496,REU.3.1_1,REU.3.1_1,0.0223395300130089,0.543203134570808,0.520863604557799,2025.10598754486,2025.12832707488,NA,NA,NA
4354,4355,REU.4.8_1,REU.4.8_1,0.0310006626889006,0.543219928421291,0.51221926573239,2025.09734320604,2025.12834386873,NA,NA,NA
3916,3917,REU.4.3_1,REU.4.3_1,0.0248927415564401,0.543231520724531,0.518338779168091,2025.10346271947,2025.12835546103,NA,NA,NA
5118,5119,REU.4.8_1,REU.2.3_1,0.005229083863588,0.543244617055753,0.538015533192165,2025.1231394735,2025.12836855736,NA,NA,NA
6070,6071,REU.3.1_1,REU.3.1_1,0.0056797274201914,0.543278160898704,0.537598433478512,2025.12272237378,2025.1284021012,NA,NA,NA
4666,4667,REU.3.5_1,REU.3.5_1,0.00208156658455239,0.543337228446964,0.541255661862412,2025.12637960217,2025.12846116875,NA,NA,NA
4390,4391,REU.4.8_1,REU.4.8_1,0.0407369117733006,0.543338782927072,0.502601871153772,2025.08772581146,2025.12846272323,NA,NA,NA
6051,6052,REU.4.8_1,REU.4.8_1,0.0457897825791728,0.54338306654448,0.497593283965308,2025.08271722427,2025.12850700685,NA,NA,NA
5365,5366,REU.4.8_1,REU.2.3_1,0.039867269393776,0.543409117087636,0.50354184769386,2025.088665788,2025.12853305739,NA,NA,NA
3854,3858,REU.2.3_1,REU.2.3_1,0.0339301953207857,0.543493176602417,0.509562981281631,2025.09468692159,2025.12861711691,NA,NA,NA
3735,3736,REU.3.5_1,REU.3.5_1,0.0348266131232017,0.543498622537853,0.508672009414651,2025.09379594972,2025.12862256284,NA,NA,NA
3155,3157,REU.3.4_1,REU.3.4_1,0.00198820194472238,0.543542124138683,0.541553922193961,2025.1266778625,2025.12866606444,NA,NA,NA
4936,4937,REU.4.5_1,REU.4.5_1,0.00131751842579131,0.543544314842341,0.54222679641655,2025.12735073672,2025.12866825515,NA,NA,NA
3438,3439,REU.4.3_1,REU.4.3_1,0.0610000595040259,0.543544833740802,0.482544774236776,2025.06766871454,2025.12866877405,NA,NA,NA
4252,4253,REU.4.3_1,REU.4.3_1,0.022270504199072,0.543554523477344,0.521284019278272,2025.10640795958,2025.12867846378,NA,NA,NA
5203,5211,REU.3.1_1,REU.3.1_1,0.0854897412248231,0.54357809612658,0.458088354901757,2025.04321229521,2025.12870203643,NA,NA,NA
4881,187,REU.4.7_1,REU.4.7_1,0.0846919839573506,0.543643182982231,0.45895119902488,2025.04407513933,2025.12876712329,CHIKV_RUN_S12b92_2025,55.726571,-21.370372
4881,189,REU.4.7_1,REU.4.7_1,0.0846919839573506,0.543643182982231,0.45895119902488,2025.04407513933,2025.12876712329,CHIKV_RUN_S12b87_2025,55.720654,-21.370892
5812,1948,REU.4.3_1,REU.4.8_1,0.0732263074115237,0.543643182982231,0.470416875570707,2025.05554081588,2025.12876712329,CHIKV_RUN_S27b60_2025,55.524192,-21.324928
5262,2623,REU.3.1_1,REU.3.1_1,0.0613748358638848,0.543643182982231,0.482268347118346,2025.06739228742,2025.12876712329,CHIKV_RUN_S12b88_2025,55.361177,-21.257752
3804,316,REU.4.3_1,REU.4.3_1,0.0582779150652045,0.543643182982231,0.485365267917026,2025.07048920822,2025.12876712329,CHIKV_RUN_S10b90_2025,55.523672,-21.279622
4392,787,REU.4.8_1,REU.4.8_1,0.0495229000012696,0.543643182982231,0.494120282980961,2025.07924422329,2025.12876712329,CHIKV_RUN_S19b24_2025,55.476016,-21.288311
4297,823,REU.4.3_1,REU.4.3_1,0.043720016614659,0.543643182982231,0.499923166367572,2025.08504710667,2025.12876712329,CHIKV_RUN_S12b93_2025,55.50798,-21.283212
5461,2356,REU.4.5_1,REU.4.7_1,0.0412571432564934,0.543643182982231,0.502386039725737,2025.08750998003,2025.12876712329,CHIKV_RUN_S19b31_2025,55.763815,-21.361786
4898,169,REU.4.5_1,REU.4.7_1,0.0230611356772847,0.543643182982231,0.520582047304946,2025.10570598761,2025.12876712329,CHIKV_RUN_S18b95_2025,55.770578,-21.362172
5627,2223,REU.3.1_1,REU.4.3_1,0.0197586964941556,0.543643182982231,0.523884486488075,2025.10900842679,2025.12876712329,CHIKV_RUN_S12b90_2025,55.517047,-21.27658
4120,1649,REU.4.3_1,REU.4.3_1,0.0121411501536963,0.543643182982231,0.531502032828534,2025.11662597313,2025.12876712329,CHIKV_RUN_S27b30_2025,55.520238,-21.268014
4066,1098,REU.4.3_1,REU.4.4_1,0.0119807335135499,0.54364318298223,0.531662449468681,2025.11678638977,2025.12876712329,CHIKV_RUN_S27b52_2025,55.560218,-21.369913
3636,1513,REU.4.3_1,REU.4.3_1,0.0116389249112001,0.543643182982231,0.53200425807103,2025.11712819838,2025.12876712329,CHIKV_RUN_S27b31_2025,55.518872,-21.275556
4085,1110,REU.4.3_1,REU.4.8_1,0.006392723723471,0.543643182982231,0.53725045925876,2025.12237439956,2025.12876712329,CHIKV_RUN_S27b51_2025,55.489609,-21.331674
5722,2093,REU.4.5_1,REU.4.5_1,0.00528785282842326,0.543643182982231,0.538355330153807,2025.12347927046,2025.12876712329,CHIKV_RUN_S27b56_2025,55.629504,-21.375479
5784,3033,REU.4.3_1,REU.4.3_1,0.00267019043767869,0.543643182982231,0.540972992544552,2025.12609693285,2025.12876712329,CHIKV_RUN_S27b40_2025,55.527201,-21.262726
3439,434,REU.4.3_1,REU.4.3_1,9.83492414283749e-05,0.543643182982231,0.543544833740802,2025.12866877405,2025.12876712329,CHIKV_RUN_S27b29_2025,55.516227,-21.284258
4662,4663,REU.3.5_1,REU.3.5_1,0.00764440526779597,0.5437202253886,0.536075820120804,2025.12119976043,2025.12884416569,NA,NA,NA
4661,4669,REU.3.5_1,REU.3.5_1,0.0508673964995714,0.543725807835503,0.492858411335931,2025.07798235164,2025.12884974814,NA,NA,NA
3577,3579,REU.2.2_1,REU.2.2_1,0.046979779810332,0.543779217610352,0.49679943780002,2025.08192337811,2025.12890315792,NA,NA,NA
4923,4924,REU.4.7_1,REU.4.7_1,0.00533524889171977,0.543780682326614,0.538445433434894,2025.12356937374,2025.12890462263,NA,NA,NA
3741,3742,REU.3.5_1,REU.3.5_1,0.024217767530835,0.54380050604568,0.519582738514845,2025.10470667882,2025.12892444635,NA,NA,NA
6200,6205,REU.4.3_1,REU.4.3_1,0.00236031119346247,0.543805926493184,0.541445615299721,2025.1265695556,2025.1289298668,NA,NA,NA
4031,4035,REU.4.3_1,REU.4.3_1,0.0290929628924909,0.543808574704107,0.514715611811616,2025.09983955212,2025.12893251501,NA,NA,NA
4725,4730,REU.2.3_1,REU.2.3_1,0.0339021404245813,0.543884724706503,0.509982584281921,2025.09510652459,2025.12900866501,NA,NA,NA
3630,3631,REU.4.3_1,REU.4.3_1,0.00427482183971084,0.544076454268195,0.539801632428484,2025.12492557273,2025.12920039457,NA,NA,NA
3755,3757,REU.4.8_1,REU.4.8_1,0.012493484799204,0.54409529566311,0.531601810863906,2025.11672575117,2025.12921923597,NA,NA,NA
5220,5221,REU.4.6_1,REU.4.6_1,0.0375807708727824,0.544164442900291,0.506583672027508,2025.09170761233,2025.12928838321,NA,NA,NA
5518,5519,REU.3.4_1,REU.3.4_1,0.0576519305554082,0.544202110420564,0.486550179865155,2025.07167412017,2025.12932605073,NA,NA,NA
5988,5989,REU.2.3_1,REU.2.3_1,0.0241012634197166,0.544267537442764,0.520166274023047,2025.10529021433,2025.12939147775,NA,NA,NA
4151,4152,REU.4.3_1,REU.4.3_1,0.0195606530014073,0.544271994445024,0.524711341443617,2025.10983528175,2025.12939593475,NA,NA,NA
4465,4466,REU.4.3_1,REU.4.3_1,0.0413103523192383,0.544329473172135,0.503019120852897,2025.08814306116,2025.12945341348,NA,NA,NA
5928,5930,REU.2.3_1,REU.2.3_1,0.00755364096424727,0.544336173796125,0.536782532831877,2025.12190647314,2025.1294601141,NA,NA,NA
4845,4846,REU.4.3_1,REU.3.5_1,0.0460851511046181,0.544391486906503,0.498306335801885,2025.08343027611,2025.12951542721,NA,NA,NA
5918,5925,REU.2.3_1,REU.2.4_1,0.0206069662108375,0.544399968492995,0.523793002282158,2025.10891694259,2025.1295239088,NA,NA,NA
5568,5569,REU.4.3_1,REU.4.3_1,0.0138729038239342,0.544504308082894,0.53063140425896,2025.11575534456,2025.12962824839,NA,NA,NA
5332,5335,REU.4.3_1,REU.4.3_1,0.0296460794319431,0.544537385059031,0.514891305627088,2025.10001524593,2025.12966132536,NA,NA,NA
4333,4336,REU.4.3_1,REU.4.3_1,0.0180513776902024,0.544587245862732,0.52653586817253,2025.11165980848,2025.12971118617,NA,NA,NA
5124,5125,REU.4.8_1,REU.4.8_1,0.010376104375876,0.544611977843364,0.534235873467488,2025.11935981377,2025.12973591815,NA,NA,NA
5221,5222,REU.4.6_1,REU.4.6_1,0.000457949860900086,0.544622392761191,0.544164442900291,2025.12928838321,2025.12974633307,NA,NA,NA
5102,5111,REU.4.3_1,REU.4.3_1,0.0448222102292822,0.544645033389455,0.499822823160173,2025.08494676347,2025.12976897369,NA,NA,NA
4545,4546,REU.4.4_1,REU.4.4_1,0.0302082389668306,0.54466936156028,0.514461122593449,2025.0995850629,2025.12979330187,NA,NA,NA
3948,3949,REU.4.8_1,REU.4.8_1,0.0125594474453096,0.544682793725158,0.532123346279849,2025.11724728659,2025.12980673403,NA,NA,NA
5256,5258,REU.4.6_1,REU.3.2_1,0.0548980821872778,0.54481931178855,0.489921229601272,2025.07504516991,2025.12994325209,NA,NA,NA
4970,4978,REU.2.3_1,REU.4.8_1,0.061535001240867,0.544890110850291,0.483355109609424,2025.06847904991,2025.13001405116,NA,NA,NA
4473,4474,REU.4.8_1,REU.4.8_1,0.00615700184946877,0.545047831966661,0.538890830117192,2025.12401477042,2025.13017177227,NA,NA,NA
5959,5960,REU.4.8_1,REU.4.8_1,0.0196140410682961,0.545112003953899,0.525497962885603,2025.11062190319,2025.13023594426,NA,NA,NA
5779,5780,REU.4.3_1,REU.4.3_1,0.00756523478512983,0.545117307511762,0.537552072726632,2025.12267601303,2025.13024124782,NA,NA,NA
4106,4108,REU.4.8_1,REU.4.8_1,0.0195582554048568,0.545180585978626,0.525622330573769,2025.11074627088,2025.13030452628,NA,NA,NA
3469,3470,REU.4.3_1,REU.4.8_1,0.0494294264327055,0.545225745464408,0.495796319031702,2025.08092025934,2025.13034968577,NA,NA,NA
4713,4714,REU.2.3_1,REU.2.3_1,0.0146162060904095,0.545303081481449,0.53068687539104,2025.1158108157,2025.13042702179,NA,NA,NA
5244,5247,REU.4.8_1,REU.4.5_1,0.0449493591468028,0.545315057080423,0.50036569793362,2025.08548963824,2025.13043899739,NA,NA,NA
4026,4027,REU.4.3_1,REU.4.3_1,0.0529597657586255,0.545377185231985,0.49241741947336,2025.07754135978,2025.13050112554,NA,NA,NA
5402,5403,REU.3.1_1,REU.3.1_1,0.0136515970528976,0.545417021924292,0.531765424871394,2025.11688936518,2025.13054096223,NA,NA,NA
4556,4557,REU.4.4_1,REU.4.5_1,0.150141776082461,0.545445086997739,0.395303310915278,2024.98042725122,2025.1305690273,NA,NA,NA
3424,3425,REU.4.3_1,REU.4.8_1,0.0554161081802604,0.545464959519622,0.490048851339361,2025.07517279164,2025.13058889982,NA,NA,NA
3394,3397,REU.4.3_1,REU.4.3_1,0.0928594626516709,0.545528884384336,0.452669421732666,2025.03779336204,2025.13065282469,NA,NA,NA
5645,5655,REU.4.8_1,REU.4.6_1,0.054607152036009,0.545547955738812,0.490940803702803,2025.07606474401,2025.13067189604,NA,NA,NA
4787,4788,REU.4.8_1,REU.4.8_1,0.0452063211014959,0.545652412710654,0.500446091609158,2025.08557003191,2025.13077635302,NA,NA,NA
4357,4358,REU.4.8_1,REU.4.8_1,0.0295145075523999,0.545824663590035,0.516310156037635,2025.10143409634,2025.1309486039,NA,NA,NA
4542,4543,REU.4.4_1,REU.4.4_1,0.0770088010747306,0.545959034957797,0.468950233883067,2025.05407417419,2025.13108297526,NA,NA,NA
3949,3950,REU.4.8_1,REU.4.8_1,0.00138065255375497,0.546063446278913,0.544682793725158,2025.12980673403,2025.13118738658,NA,NA,NA
5686,5688,REU.4.3_1,REU.4.3_1,0.0498975134477491,0.546101519662691,0.496204006214942,2025.08132794652,2025.13122545997,NA,NA,NA
6057,6058,REU.4.8_1,REU.4.8_1,0.0218953083096545,0.546136929303322,0.524241620993668,2025.1093655613,2025.13126086961,NA,NA,NA
3482,3483,REU.4.5_1,REU.4.5_1,0.0280011656670524,0.54631736367706,0.518316198010008,2025.10344013832,2025.13144130398,NA,NA,NA
3950,3951,REU.4.8_1,REU.4.8_1,0.000313302163479912,0.546376748442393,0.546063446278913,2025.13118738658,2025.13150068875,NA,NA,NA
5616,2374,REU.3.1_1,REU.4.6_1,0.15050346088911,0.546382909009588,0.395879448120477,2024.98100338843,2025.13150684931,CHIKV_RUN_S18b34_2025,55.438314,-21.256521
4242,648,REU.4.3_1,REU.4.8_1,0.103621530387196,0.546382909009588,0.442761378622392,2025.02788531893,2025.13150684931,CHIKV_RUN_S18b55_2025,55.47102,-21.294212
4957,59,REU.3.1_1,REU.3.1_1,0.0980395281997181,0.546382909009588,0.44834338080987,2025.03346732112,2025.13150684931,CHIKV_RUN_S22b89_2025,55.390383,-21.254236
5787,2547,REU.2.3_1,REU.1.3_1,0.085815757182099,0.546382909009588,0.460567151827489,2025.04569109213,2025.13150684931,CHIKV_RUN_S13b64_2025,55.652414,-20.956324
4293,704,REU.4.3_1,REU.4.5_1,0.083800191589444,0.546382909009588,0.462582717420144,2025.04770665773,2025.13150684931,CHIKV_RUN_S18b42_2025,55.602384,-21.346866
3466,415,REU.4.3_1,REU.2.5_1,0.0720065482081236,0.546382909009588,0.474376360801464,2025.05950030111,2025.13150684931,CHIKV_RUN_S13b08_2025,55.585197,-20.926529
6069,1853,REU.3.1_1,REU.3.1_1,0.0702476908318456,0.546382909009588,0.476135218177742,2025.06125915848,2025.13150684931,CHIKV_RUN_S18b46_2025,55.358783,-21.260978
4345,848,REU.4.3_1,REU.4.3_1,0.0690044623109801,0.546382909009588,0.477378446698608,2025.062502387,2025.13150684931,CHIKV_RUN_S19b28_2025,55.523739,-21.277885
6191,2826,REU.4.8_1,REU.4.8_1,0.0681680131314469,0.546382909009588,0.478214895878141,2025.06333883618,2025.13150684931,CHIKV_RUN_S19b13_2025,55.457515,-21.294591
3842,1761,REU.4.8_1,REU.4.8_1,0.067880296841262,0.546382909009588,0.478502612168326,2025.06362655247,2025.13150684931,CHIKV_RUN_S19b09_2025,55.493337,-21.303477
4053,282,REU.4.8_1,REU.4.8_1,0.0517120181277004,0.546382909009588,0.494670890881888,2025.07979483119,2025.13150684931,CHIKV_RUN_S18b35_2025,55.480704,-21.331683
5144,2644,REU.3.1_1,REU.3.1_1,0.0438401353331541,0.546382909009588,0.502542773676434,2025.08766671398,2025.13150684931,CHIKV_RUN_S19b10_2025,55.359519,-21.24756
4958,60,REU.3.1_1,REU.4.3_1,0.041940105242096,0.546382909009588,0.504442803767492,2025.08956674407,2025.13150684931,CHIKV_RUN_S27b68_2025,55.507241,-21.265242
5864,2993,REU.3.4_1,REU.3.4_1,0.04133837354161,0.546382909009588,0.505044535467978,2025.09016847577,2025.13150684931,CHIKV_RUN_S27b58_2025,55.304618,-21.171901
5547,2519,REU.4.1_1,REU.4.1_1,0.0395564927628066,0.546382909009588,0.506826416246781,2025.09195035655,2025.13150684931,CHIKV_RUN_S18b36_2025,55.474892,-21.170353
5160,2648,REU.3.1_1,REU.3.1_1,0.0370362950713973,0.546382909009588,0.509346613938191,2025.09447055424,2025.13150684931,CHIKV_RUN_S18b50_2025,55.359469,-21.243756
3323,457,REU.4.3_1,REU.4.3_1,0.0360786587174293,0.546382909009588,0.510304250292159,2025.0954281906,2025.13150684931,CHIKV_RUN_S12b91_2025,55.520611,-21.291756
5138,1773,REU.4.3_1,REU.4.3_1,0.0354636365091758,0.546382909009588,0.510919272500412,2025.09604321281,2025.13150684931,CHIKV_RUN_S19b16_2025,55.510985,-21.286508
5943,2881,REU.2.3_1,REU.2.3_1,0.0343762040633517,0.546382909009588,0.512006704946236,2025.09713064525,2025.13150684931,CHIKV_RUN_S27b69_2025,55.482739,-20.896065
4354,652,REU.4.8_1,REU.4.8_1,0.0341636432771979,0.546382909009588,0.51221926573239,2025.09734320604,2025.13150684931,CHIKV_RUN_S19b14_2025,55.472524,-21.29284
5623,2837,REU.3.1_1,REU.3.2_1,0.032212822211462,0.546382909009588,0.514170086798126,2025.0992940271,2025.13150684931,CHIKV_RUN_S19b20_2025,55.340367,-21.242575
3711,281,REU.4.3_1,REU.4.4_1,0.0266532210182068,0.546382909009588,0.519729687991381,2025.1048536283,2025.13150684931,CHIKV_RUN_S27b42_2025,55.559982,-21.342492
4079,1099,REU.4.3_1,REU.4.3_1,0.0265839766864104,0.546382909009588,0.519798932323178,2025.10492287263,2025.13150684931,CHIKV_RUN_S18b01_2025,55.537393,-21.258241
4246,665,REU.4.3_1,REU.4.3_1,0.025918792126196,0.546382909009588,0.520464116883392,2025.10558805719,2025.13150684931,CHIKV_RUN_S18b45_2025,55.521244,-21.281981
5495,2368,REU.3.1_1,REU.3.1_1,0.0255193044517892,0.546382909009588,0.520863604557799,2025.10598754486,2025.13150684931,CHIKV_RUN_S18b43_2025,55.367307,-21.252013
3318,499,REU.4.3_1,REU.4.6_1,0.0218800880037102,0.546382909009588,0.524502821005878,2025.10962676131,2025.13150684931,CHIKV_RUN_S23b06_2025,55.418708,-21.287578
3806,1392,REU.4.8_1,REU.4.8_1,0.0209151303438855,0.546382909009588,0.525467778665702,2025.11059171897,2025.13150684931,CHIKV_RUN_S18b47_2025,55.467126,-21.283099
5268,2750,REU.4.3_1,REU.4.3_1,0.020151165797229,0.546382909009588,0.526231743212359,2025.11135568352,2025.13150684931,CHIKV_RUN_S12b83_2025,55.500873,-21.261366
5378,1892,REU.3.5_1,REU.3.5_1,0.0179623863274037,0.546382909009588,0.528420522682184,2025.11354446299,2025.13150684931,CHIKV_RUN_S13b01_2025,55.270916,-21.010062
5257,2710,REU.4.6_1,REU.4.6_1,0.0168973603137672,0.546382909009588,0.529485548695821,2025.114609489,2025.13150684931,CHIKV_RUN_S19b08_2025,55.446532,-21.261029
3562,1315,REU.4.3_1,REU.4.3_1,0.0131054412497205,0.546382909009588,0.533277467759868,2025.11840140807,2025.13150684931,CHIKV_RUN_S19b18_2025,55.510181,-21.238015
3792,1758,REU.4.3_1,REU.4.3_1,0.0122548986461666,0.546382909009588,0.534128010363421,2025.11925195067,2025.13150684931,CHIKV_RUN_S18b39_2025,55.532526,-21.258023
5577,2723,REU.3.1_1,REU.3.1_1,0.0120425959227304,0.546382909009588,0.534340313086858,2025.11946425339,2025.13150684931,CHIKV_RUN_S19b22_2025,55.334014,-21.273578
4040,1656,REU.4.3_1,REU.4.3_1,0.0116659994698436,0.546382909009588,0.534716909539744,2025.11984084985,2025.13150684931,CHIKV_RUN_S18b37_2025,55.527058,-21.255759
3801,885,REU.4.3_1,REU.4.3_1,0.00983401608591583,0.546382909009588,0.536548892923672,2025.12167283323,2025.13150684931,CHIKV_RUN_S17b80_2025,55.508633,-21.233712
5196,2339,REU.4.6_1,REU.4.6_1,0.00899695963705915,0.546382909009588,0.537385949372529,2025.12250988968,2025.13150684931,CHIKV_RUN_S19b15_2025,55.437328,-21.264116
5515,2157,REU.4.8_1,REU.4.1_1,0.00726562967151656,0.546382909009588,0.539117279338071,2025.12424121964,2025.13150684931,CHIKV_RUN_S19b34_2025,55.479226,-21.168233
3719,1559,REU.4.3_1,REU.4.3_1,0.00589165883857157,0.546382909009588,0.540491250171016,2025.12561519048,2025.13150684931,CHIKV_RUN_S19b07_2025,55.532609,-21.256728
4146,1059,REU.4.4_1,REU.4.4_1,0.00548622270872445,0.546382909009588,0.540896686300864,2025.12602062661,2025.13150684931,CHIKV_RUN_S27b44_2025,55.573686,-21.352245
4007,1368,REU.2.3_1,REU.2.4_1,0.00485339536520291,0.546382909009588,0.541529513644385,2025.12665345395,2025.13150684931,CHIKV_RUN_S27b63_2025,55.573728,-20.926079
3736,951,REU.3.5_1,REU.3.5_1,0.00288428647173511,0.546382909009588,0.543498622537853,2025.12862256284,2025.13150684931,CHIKV_RUN_S12b94_2025,55.268916,-21.086747
5925,2874,REU.2.4_1,REU.2.4_1,0.00198294051659276,0.546382909009588,0.544399968492995,2025.1295239088,2025.13150684931,CHIKV_RUN_S27b61_2025,55.523953,-20.945377
4358,690,REU.4.8_1,REU.4.1_1,0.000558245419553294,0.546382909009588,0.545824663590035,2025.1309486039,2025.13150684931,CHIKV_RUN_S18b56_2025,55.43411,-21.160454
5519,5520,REU.3.4_1,REU.4.6_1,0.00223396132972775,0.546436071750291,0.544202110420564,2025.12932605073,2025.13156001206,NA,NA,NA
4761,4762,REU.4.3_1,REU.4.3_1,0.0253440298423899,0.546487248304517,0.521143218462127,2025.10626715877,2025.13161118861,NA,NA,NA
5814,5815,REU.2.3_1,REU.2.3_1,0.0308180018274007,0.546588788353132,0.515770786525731,2025.10089472683,2025.13171272866,NA,NA,NA
3772,3773,REU.4.3_1,REU.2.3_1,0.100915530329901,0.546589336507583,0.445673806177682,2025.03079774648,2025.13171327681,NA,NA,NA
6175,6176,REU.4.8_1,REU.4.8_1,0.055364073667399,0.546591185393414,0.491227111726015,2025.07635105203,2025.1317151257,NA,NA,NA
3995,3996,REU.2.3_1,REU.2.3_1,0.0185960940730836,0.546664819529005,0.528068725455921,2025.11319266576,2025.13178875983,NA,NA,NA
5497,5499,REU.3.1_1,REU.4.8_1,0.0287617012196618,0.546682692064371,0.517920990844709,2025.10304493115,2025.13180663237,NA,NA,NA
4935,4938,REU.4.5_1,REU.4.5_1,0.0579053112854861,0.546695551709134,0.488790240423648,2025.07391418073,2025.13181949201,NA,NA,NA
4138,4139,REU.4.3_1,REU.4.3_1,0.00491528105565453,0.546712560787163,0.541797279731509,2025.12692122004,2025.13183650109,NA,NA,NA
5577,5578,REU.3.1_1,REU.4.3_1,0.0124093556477525,0.54674966873461,0.534340313086858,2025.11946425339,2025.13187360904,NA,NA,NA
5179,5180,REU.3.4_1,REU.3.4_1,0.0162200274885351,0.546792654169965,0.53057262668143,2025.11569656699,2025.13191659448,NA,NA,NA
5464,5465,REU.4.5_1,REU.4.5_1,0.0233453688814036,0.546839970586944,0.52349460170554,2025.10861854201,2025.13196391089,NA,NA,NA
6114,6115,REU.4.5_1,REU.4.5_1,0.0670119666651304,0.546979243602288,0.479967276937158,2025.06509121724,2025.13210318391,NA,NA,NA
5211,5212,REU.3.1_1,REU.3.1_1,0.00359105035340146,0.547169146479981,0.54357809612658,2025.12870203643,2025.13229308679,NA,NA,NA
3575,3576,REU.4.8_1,REU.4.8_1,0.14957464601298,0.547205568196815,0.397630922183834,2024.98275486249,2025.1323295085,NA,NA,NA
4131,4132,REU.4.3_1,REU.4.3_1,0.0337791603301099,0.54728765073883,0.51350849040872,2025.09863243071,2025.13241159104,NA,NA,NA
5888,5890,REU.4.6_1,REU.4.6_1,0.0172370863340106,0.547299625013395,0.530062538679385,2025.11518647898,2025.13242356532,NA,NA,NA
4205,4206,REU.2.3_1,REU.2.3_1,0.0186866857274001,0.547325071621967,0.528638385894567,2025.1137623262,2025.13244901193,NA,NA,NA
4253,4261,REU.4.3_1,REU.4.8_1,0.00379419316418628,0.54734871664153,0.543554523477344,2025.12867846378,2025.13247265695,NA,NA,NA
5039,5040,REU.3.1_1,REU.3.1_1,0.0524968779542789,0.547544537555626,0.495047659601347,2025.08017159991,2025.13266847786,NA,NA,NA
3827,3828,REU.4.3_1,REU.4.3_1,0.0162194459954713,0.547611143602493,0.531391697607022,2025.11651563791,2025.13273508391,NA,NA,NA
4592,4594,REU.4.4_1,REU.4.4_1,0.00778294159439086,0.54785796633399,0.5400750247396,2025.12519896505,2025.13298190664,NA,NA,NA
5075,5083,REU.3.1_1,REU.4.3_1,0.100644882836104,0.547885208263812,0.447240325427709,2025.03236426573,2025.13300914857,NA,NA,NA
4355,4356,REU.4.8_1,REU.4.8_1,0.00468717396782448,0.547907102389115,0.543219928421291,2025.12834386873,2025.13303104269,NA,NA,NA
3876,3878,REU.4.3_1,REU.3.5_1,0.0108090553457927,0.547957660478941,0.537148605133148,2025.12227254544,2025.13308160078,NA,NA,NA
3278,3281,REU.4.3_1,REU.4.8_1,0.0656228734180139,0.547996596736975,0.482373723318961,2025.06749766362,2025.13312053704,NA,NA,NA
5005,5006,REU.3.5_1,REU.3.5_1,0.0152799438048568,0.548056194120261,0.532776250315404,2025.11790019062,2025.13318013443,NA,NA,NA
5050,5051,REU.3.1_1,REU.3.1_1,0.00894307649018877,0.548084127292695,0.539141050802506,2025.12426499111,2025.1332080676,NA,NA,NA
5042,5043,REU.3.1_1,REU.3.1_1,0.0370558525923453,0.548133722789433,0.511077870197088,2025.0962018105,2025.13325766309,NA,NA,NA
3212,3213,REU.3.1_1,REU.3.1_1,0.135900022355448,0.54815743311392,0.412257410758472,2024.99738135106,2025.13328137342,NA,NA,NA
6150,6151,REU.4.5_1,REU.4.5_1,0.0544381354807177,0.548161850653299,0.493723715172582,2025.07884765548,2025.13328579096,NA,NA,NA
4207,4208,REU.4.3_1,REU.4.3_1,0.0379060337050614,0.548171061972524,0.510265028267463,2025.09538896857,2025.13329500228,NA,NA,NA
5832,5833,REU.4.8_1,REU.4.8_1,0.0624346915042012,0.548187566305781,0.48575287480158,2025.07087681511,2025.13331150661,NA,NA,NA
5722,5723,REU.4.5_1,REU.4.5_1,0.00988726297378184,0.548242593127589,0.538355330153807,2025.12347927046,2025.13336653343,NA,NA,NA
4132,4133,REU.4.3_1,REU.4.8_1,0.0010486008301096,0.548336251568939,0.54728765073883,2025.13241159104,2025.13346019187,NA,NA,NA
5925,5926,REU.2.4_1,REU.2.4_1,0.00415032258863057,0.548550291081626,0.544399968492995,2025.1295239088,2025.13367423139,NA,NA,NA
4677,4678,REU.3.5_1,REU.4.8_1,0.0473246983835394,0.548579504243058,0.501254805859519,2025.08637874616,2025.13370344455,NA,NA,NA
3389,3390,REU.4.3_1,REU.4.3_1,0.109601888409522,0.548789123592522,0.439187235183,2025.02431117549,2025.1339130639,NA,NA,NA
4758,4759,REU.4.8_1,REU.4.8_1,0.00759070724163646,0.548851060546399,0.541260353304763,2025.12638429361,2025.13397500085,NA,NA,NA
4896,4897,REU.4.5_1,REU.4.5_1,0.0610009803008319,0.548876197800751,0.487875217499919,2025.07299915781,2025.13400013811,NA,NA,NA
3120,3149,REU.3.4_1,REU.3.4_1,0.107643831518021,0.548962914437336,0.441319082919315,2025.02644302322,2025.13408685474,NA,NA,NA
3187,3188,REU.4.6_1,REU.4.6_1,0.0270136380641952,0.548978357769221,0.521964719705026,2025.10708866001,2025.13410229807,NA,NA,NA
3878,3879,REU.3.5_1,REU.3.5_1,0.00103833682667487,0.548995997305616,0.547957660478941,2025.13308160078,2025.13411993761,NA,NA,NA
3157,3158,REU.3.4_1,REU.3.4_1,0.00552295622240973,0.549065080361093,0.543542124138683,2025.12866606444,2025.13418902067,NA,NA,NA
3152,3153,REU.3.4_1,REU.3.4_1,0.0760678740801675,0.549074775118352,0.473006901038185,2025.05813084134,2025.13419871542,NA,NA,NA
4522,106,REU.4.3_1,REU.4.3_1,0.117404312043148,0.549122635037173,0.431718322994025,2025.0168422633,2025.13424657534,CHIKV_RUN_S18b63_2025,55.520954,-21.25887
4226,805,REU.4.3_1,REU.4.8_1,0.0965512489387251,0.549122635037173,0.452571386098448,2025.0376953264,2025.13424657534,CHIKV_RUN_S23b55_2025,55.476564,-21.287283
4408,859,REU.4.8_1,REU.4.8_1,0.0893109268356183,0.549122635037173,0.459811708201554,2025.04493564851,2025.13424657534,CHIKV_RUN_S19b21_2025,55.475929,-21.289003
3231,3050,REU.4.8_1,REU.4.6_1,0.0869143240428162,0.549122635037173,0.462208310994357,2025.0473322513,2025.13424657534,CHIKV_RUN_S13b11_2025,55.435536,-21.257653
5548,2516,REU.4.1_1,REU.4.4_1,0.0734872360233234,0.549122635037173,0.475635399013849,2025.06075933932,2025.13424657534,CHIKV_RUN_S19b29_2025,55.560748,-21.34266
4798,1604,REU.4.3_1,REU.4.3_1,0.072930805195015,0.549122635037173,0.476191829842158,2025.06131577015,2025.13424657534,CHIKV_RUN_S18b64_2025,55.522895,-21.284184
4037,1659,REU.4.3_1,REU.4.3_1,0.0723333521218564,0.549122635037173,0.476789282915316,2025.06191322322,2025.13424657534,CHIKV_RUN_S23b46_2025,55.526932,-21.256132
6084,2045,REU.4.5_1,REU.3.1_1,0.0722233332018417,0.549122635037173,0.476899301835331,2025.06202324214,2025.13424657534,CHIKV_RUN_S23b49_2025,55.359209,-21.247912
3218,2590,REU.4.8_1,REU.3.3_1,0.0618063515147352,0.549122635037173,0.487316283522437,2025.07244022383,2025.13424657534,CHIKV_RUN_S18b38_2025,55.307354,-21.115926
3635,1509,REU.4.3_1,REU.4.3_1,0.0536148029421712,0.549122635037173,0.495507832095001,2025.0806317724,2025.13424657534,CHIKV_RUN_S17b81_2025,55.521425,-21.286557
4787,1687,REU.4.8_1,REU.4.8_1,0.0486765434280145,0.549122635037173,0.500446091609158,2025.08557003191,2025.13424657534,CHIKV_RUN_S23b52_2025,55.482481,-21.305879
5406,2625,REU.3.1_1,REU.3.4_1,0.048202665327066,0.549122635037173,0.500919969710107,2025.08604391002,2025.13424657534,CHIKV_RUN_S19b36_2025,55.30434,-21.171184
4426,778,REU.4.3_1,REU.4.3_1,0.0472245813182276,0.549122635037173,0.501898053718945,2025.08702199402,2025.13424657534,CHIKV_RUN_S23b50_2025,55.50159,-21.262261
5896,2963,REU.3.4_1,REU.3.4_1,0.0452719024556532,0.549122635037173,0.50385073258152,2025.08897467289,2025.13424657534,CHIKV_RUN_S19b37_2025,55.304716,-21.165275
5533,2521,REU.4.1_1,REU.4.1_1,0.0443889177326803,0.549122635037173,0.504733717304492,2025.08985765761,2025.13424657534,CHIKV_RUN_S23b44_2025,55.4794,-21.16923
3645,1507,REU.4.3_1,REU.4.3_1,0.042622358934881,0.549122635037173,0.506500276102292,2025.09162421641,2025.13424657534,CHIKV_RUN_S19b06_2025,55.51281,-21.269356
3645,1505,REU.4.3_1,REU.3.2_1,0.042622358934881,0.549122635037173,0.506500276102292,2025.09162421641,2025.13424657534,CHIKV_RUN_S19b39_2025,55.34103,-21.228618
5762,1867,REU.2.3_1,REU.2.3_1,0.0373165850160112,0.549122635037173,0.511806050021162,2025.09692999033,2025.13424657534,CHIKV_RUN_S27b73_2025,55.458259,-20.896785
4434,698,REU.4.3_1,REU.4.3_1,0.0359960325419102,0.549122635037173,0.513126602495263,2025.0982505428,2025.13424657534,CHIKV_RUN_S19b26_2025,55.52638,-21.268283
4406,797,REU.4.8_1,REU.4.8_1,0.035506593040829,0.549122635037173,0.513616041996344,2025.0987399823,2025.13424657534,CHIKV_RUN_S23b43_2025,55.476218,-21.288093
5998,2905,REU.2.3_1,REU.2.4_1,0.030311526426164,0.549122635037173,0.518811108611009,2025.10393504892,2025.13424657534,CHIKV_RUN_S13b03_2025,55.523873,-20.949386
5420,3104,REU.4.8_1,REU.3.4_1,0.0287405310978397,0.549122635037173,0.520382103939333,2025.10550604424,2025.13424657534,CHIKV_RUN_S13b04_2025,55.337103,-21.199327
5049,2674,REU.3.1_1,REU.4.6_1,0.0256871273352569,0.549122635037173,0.523435507701916,2025.10855944801,2025.13424657534,CHIKV_RUN_S18b33_2025,55.444541,-21.25901
4964,50,REU.3.1_1,REU.3.1_1,0.0227247011507882,0.549122635037173,0.526397933886385,2025.11152187419,2025.13424657534,CHIKV_RUN_S13b09_2025,55.336864,-21.267742
4964,51,REU.3.1_1,REU.3.1_1,0.0227247011507882,0.549122635037173,0.526397933886385,2025.11152187419,2025.13424657534,CHIKV_RUN_S27b32_2025,55.337372,-21.27396
5727,2141,REU.3.1_1,REU.4.6_1,0.0224224004333953,0.549122635037173,0.526700234603777,2025.11182417491,2025.13424657534,CHIKV_RUN_S19b11_2025,55.429417,-21.243485
5712,2481,REU.4.8_1,REU.3.3_1,0.0223200246660289,0.549122635037173,0.526802610371144,2025.11192655068,2025.13424657534,CHIKV_RUN_S19b19_2025,55.293694,-21.099441
3807,1393,REU.4.8_1,REU.4.8_1,0.0194326105054826,0.549122635037173,0.52969002453169,2025.11481396484,2025.13424657534,CHIKV_RUN_S23b51_2025,55.469038,-21.284028
5893,2999,REU.4.6_1,REU.4.6_1,0.018305710744972,0.549122635037173,0.530816924292201,2025.1159408646,2025.13424657534,CHIKV_RUN_S19b17_2025,55.417009,-21.287892
3756,962,REU.4.8_1,REU.3.1_1,0.0153861699786656,0.549122635037173,0.533736465058507,2025.11886040536,2025.13424657534,CHIKV_RUN_S22b88_2025,55.374111,-21.256982
6017,1808,REU.4.6_1,REU.4.6_1,0.0152061323981543,0.549122635037173,0.533916502639018,2025.11904044294,2025.13424657534,CHIKV_RUN_S17b78_2025,55.439832,-21.265983
3832,2265,REU.4.8_1,REU.4.8_1,0.0134149724713565,0.549122635037173,0.535707662565816,2025.12083160287,2025.13424657534,CHIKV_RUN_S13b06_2025,55.490219,-21.272538
4614,1272,REU.4.8_1,REU.2.3_1,0.00894745554194287,0.549122635037173,0.54017517949523,2025.1252991198,2025.13424657534,CHIKV_RUN_S27b55_2025,55.506388,-20.923243
4614,1268,REU.4.8_1,REU.4.8_1,0.00894745554194287,0.549122635037173,0.54017517949523,2025.1252991198,2025.13424657534,CHIKV_RUN_S18b44_2025,55.514915,-21.355031
4247,822,REU.4.3_1,REU.2.4_1,0.00682865428354162,0.549122635037173,0.542293980753631,2025.12741792106,2025.13424657534,CHIKV_RUN_S19b32_2025,55.526424,-20.916915
5233,2216,REU.4.8_1,REU.2.4_1,0.00674005869673011,0.549122635037173,0.542382576340443,2025.12750651665,2025.13424657534,CHIKV_RUN_S19b30_2025,55.512272,-20.915952
4143,1274,REU.4.3_1,REU.2.3_1,0.00669432366905476,0.549122635037173,0.542428311368118,2025.12755225167,2025.13424657534,CHIKV_RUN_S23b15_2025,55.458141,-20.895445
4466,292,REU.4.3_1,REU.4.3_1,0.00479316186503764,0.549122635037173,0.544329473172135,2025.12945341348,2025.13424657534,CHIKV_RUN_S13b13_2025,55.512674,-21.268748
4546,1228,REU.4.4_1,REU.4.4_1,0.00445327347689306,0.549122635037173,0.54466936156028,2025.12979330187,2025.13424657534,CHIKV_RUN_S19b35_2025,55.558329,-21.342406
4978,26,REU.4.8_1,REU.4.8_1,0.00423252418688214,0.549122635037173,0.544890110850291,2025.13001405116,2025.13424657534,CHIKV_RUN_S23b36_2025,55.50449,-21.295056
5578,3084,REU.4.3_1,REU.4.3_1,0.00237296630256267,0.549122635037173,0.54674966873461,2025.13187360904,2025.13424657534,CHIKV_RUN_S19b23_2025,55.542561,-21.235936
3828,1739,REU.4.3_1,REU.4.3_1,0.00151149143467955,0.549122635037173,0.547611143602493,2025.13273508391,2025.13424657534,CHIKV_RUN_S23b47_2025,55.511287,-21.237062
3213,2614,REU.3.1_1,REU.3.1_1,0.000965201923252446,0.549122635037173,0.54815743311392,2025.13328137342,2025.13424657534,CHIKV_RUN_S19b38_2025,55.377324,-21.264243
4678,4679,REU.4.8_1,REU.4.8_1,0.000687892408176904,0.549267396651235,0.548579504243058,2025.13370344455,2025.13439133696,NA,NA,NA
5575,5579,REU.3.1_1,REU.3.1_1,0.0481364317896821,0.549297962114804,0.501161530325122,2025.08628547063,2025.13442190242,NA,NA,NA
5440,5441,REU.3.1_1,REU.3.1_1,0.00863808093923168,0.549346013945087,0.540707933005855,2025.12583187331,2025.13446995425,NA,NA,NA
3452,3460,REU.4.3_1,REU.4.8_1,0.0319152272792079,0.549357357447677,0.517442130168469,2025.10256607047,2025.13448129775,NA,NA,NA
6090,6091,REU.4.5_1,REU.4.4_1,0.0668381650251416,0.549384955119345,0.482546790094204,2025.0676707304,2025.13450889542,NA,NA,NA
3757,3758,REU.4.8_1,REU.4.8_1,0.00531210410166083,0.549407399764771,0.54409529566311,2025.12921923597,2025.13453134007,NA,NA,NA
3963,3964,REU.4.8_1,REU.2.3_1,0.0812019172438778,0.549488664150105,0.468286746906228,2025.05341068721,2025.13461260446,NA,NA,NA
5968,5969,REU.2.3_1,REU.2.3_1,0.0248684615273201,0.549560216418004,0.524691754890684,2025.1098156952,2025.13468415672,NA,NA,NA
4575,4576,REU.4.4_1,REU.4.4_1,0.024384647474093,0.549620678383036,0.525236030908943,2025.11035997121,2025.13474461869,NA,NA,NA
3177,3183,REU.3.4_1,REU.4.6_1,0.0615473380907384,0.549656965158532,0.488109627067794,2025.07323356737,2025.13478090546,NA,NA,NA
5850,5854,REU.3.4_1,REU.3.4_1,0.0291409892879053,0.549665015696454,0.520524026408549,2025.10564796671,2025.134788956,NA,NA,NA
5279,5280,REU.4.3_1,REU.4.3_1,0.0431860411194056,0.549748188548428,0.506562147429022,2025.09168608773,2025.13487212885,NA,NA,NA
4177,4180,REU.4.3_1,REU.4.2_1,0.12684067129834,0.549753451767635,0.422912780469294,2025.00803672077,2025.13487739207,NA,NA,NA
5284,5285,REU.4.8_1,REU.4.8_1,0.11492918961156,0.54980949114928,0.43488030153772,2025.02000424184,2025.13493343145,NA,NA,NA
4762,4763,REU.4.3_1,REU.4.3_1,0.00338915836991172,0.549876406674429,0.546487248304517,2025.13161118861,2025.13500034698,NA,NA,NA
4726,4727,REU.2.3_1,REU.2.3_1,0.026662348637289,0.549939957027487,0.523277608390198,2025.1084015487,2025.13506389733,NA,NA,NA
4635,4638,REU.4.8_1,REU.4.8_1,0.00938263643382498,0.549998498257557,0.540615861823732,2025.12573980213,2025.13512243856,NA,NA,NA
4607,4608,REU.4.4_1,REU.4.4_1,0.0130576094789437,0.550038531491786,0.536980922012842,2025.12210486232,2025.1351624718,NA,NA,NA
5280,5281,REU.4.3_1,REU.4.3_1,0.000341860311556252,0.550090048859984,0.549748188548428,2025.13487212885,2025.13521398917,NA,NA,NA
3631,3632,REU.4.3_1,REU.4.3_1,0.00602227426365043,0.550098728531845,0.544076454268195,2025.12920039457,2025.13522266884,NA,NA,NA
5005,5010,REU.3.5_1,REU.3.5_1,0.0174565825501082,0.550232832865512,0.532776250315404,2025.11790019062,2025.13535677317,NA,NA,NA
4777,4778,REU.4.8_1,REU.4.8_1,0.0125935562508873,0.550242453538574,0.537648897287687,2025.12277283759,2025.13536639384,NA,NA,NA
4406,4407,REU.4.8_1,REU.4.8_1,0.036632280321715,0.550248322318059,0.513616041996344,2025.0987399823,2025.13537226262,NA,NA,NA
4586,4587,REU.4.8_1,REU.4.8_1,0.00726211567524537,0.550322976451342,0.543060860776096,2025.12818480108,2025.13544691676,NA,NA,NA
4395,4396,REU.4.8_1,REU.4.8_1,0.0203840796993178,0.550332492996305,0.529948413296987,2025.1150723536,2025.1354564333,NA,NA,NA
3523,3524,REU.3.5_1,REU.3.5_1,0.0383730682863266,0.550339360688732,0.511966292402406,2025.09709023271,2025.13546330099,NA,NA,NA
4064,4067,REU.4.3_1,REU.4.3_1,0.0364507585432046,0.550568616229424,0.514117857686219,2025.09924179799,2025.13569255653,NA,NA,NA
4443,4444,REU.4.3_1,REU.4.3_1,0.0837484033141265,0.550573479331413,0.466825076017286,2025.05194901632,2025.13569741964,NA,NA,NA
5789,5791,REU.2.3_1,REU.2.3_1,0.0297867207747398,0.550608181258128,0.520821460483388,2025.10594540079,2025.13573212156,NA,NA,NA
5510,5511,REU.3.1_1,REU.4.8_1,0.0636473276822886,0.550665652275546,0.487018324593258,2025.0721422649,2025.13578959258,NA,NA,NA
4899,4900,REU.4.5_1,REU.2.3_1,0.0976597029528877,0.550687719213953,0.453028016261065,2025.03815195657,2025.13581165952,NA,NA,NA
5967,5975,REU.2.3_1,REU.2.3_1,0.0361544158341978,0.55079113313355,0.514636717299352,2025.0997606576,2025.13591507344,NA,NA,NA
5655,5656,REU.4.6_1,REU.4.6_1,0.00526843222551854,0.550816387964331,0.545547955738812,2025.13067189604,2025.13594032827,NA,NA,NA
4594,4595,REU.4.4_1,REU.4.8_1,0.00305434070032029,0.550912307034311,0.54785796633399,2025.13298190664,2025.13603624734,NA,NA,NA
5319,5320,REU.4.8_1,REU.3.2_1,0.050714062925927,0.550983000886835,0.500268937960909,2025.08539287827,2025.13610694119,NA,NA,NA
3723,3724,REU.3.5_1,REU.3.5_1,0.0433606250473266,0.551038525376162,0.507677900328836,2025.09280184063,2025.13616246568,NA,NA,NA
3858,3859,REU.2.3_1,REU.2.3_1,0.00756283354047593,0.551056010142893,0.543493176602417,2025.12861711691,2025.13617995045,NA,NA,NA
3768,3769,REU.4.3_1,REU.4.3_1,0.00956208763110411,0.551072297656803,0.541510210025699,2025.12663415033,2025.13619623796,NA,NA,NA
4608,4612,REU.4.4_1,REU.4.4_1,0.00105104004971723,0.551089571541503,0.550038531491786,2025.1351624718,2025.13621351185,NA,NA,NA
3375,3376,REU.4.3_1,REU.4.8_1,0.0546274065455538,0.551090158906359,0.496462752360805,2025.08158669267,2025.13621409921,NA,NA,NA
5854,5855,REU.3.4_1,REU.3.4_1,0.00145806960500139,0.551123085301456,0.549665015696454,2025.134788956,2025.13624702561,NA,NA,NA
3470,3472,REU.4.8_1,REU.4.8_1,0.00594456873118043,0.551170314195588,0.545225745464408,2025.13034968577,2025.1362942545,NA,NA,NA
4439,4442,REU.4.3_1,REU.4.3_1,0.0155014962017745,0.551173446035166,0.535671949833392,2025.12079589014,2025.13629738634,NA,NA,NA
4415,4416,REU.4.3_1,REU.4.3_1,0.0204056302424026,0.551200550262468,0.530794920020065,2025.11591886033,2025.13632449057,NA,NA,NA
3603,3608,REU.4.8_1,REU.4.8_1,0.0276295234155448,0.551257848957209,0.523628325541664,2025.10875226585,2025.13638178926,NA,NA,NA
4370,4371,REU.4.6_1,REU.4.6_1,0.040165590238855,0.551305210712742,0.511139620473887,2025.09626356078,2025.13642915102,NA,NA,NA
4068,4069,REU.4.3_1,REU.4.3_1,0.0394097574981491,0.55147890702778,0.512069149529631,2025.09719308983,2025.13660284733,NA,NA,NA
5125,5126,REU.4.8_1,REU.4.8_1,0.00696375606428068,0.551575733907644,0.544611977843364,2025.12973591815,2025.13669967421,NA,NA,NA
3142,3143,REU.4.8_1,REU.4.8_1,0.0187962955246396,0.551576860878777,0.532780565354137,2025.11790450566,2025.13670080118,NA,NA,NA
3579,3580,REU.2.2_1,REU.2.2_1,0.00780567668175081,0.551584894292103,0.543779217610352,2025.12890315792,2025.1367088346,NA,NA,NA
5395,5396,REU.4.6_1,REU.4.6_1,0.0553954872063084,0.55160495333212,0.496209466125812,2025.08133340643,2025.13672889364,NA,NA,NA
3472,3475,REU.4.8_1,REU.4.8_1,0.000577960131024402,0.551748274326612,0.551170314195588,2025.1362942545,2025.13687221463,NA,NA,NA
6195,6196,REU.4.8_1,REU.4.8_1,0.040199918477435,0.551842174097027,0.511642255619592,2025.09676619593,2025.1369661144,NA,NA,NA
4913,4914,REU.4.5_1,REU.4.5_1,0.11181697393429,0.551862338968524,0.440045365034234,2025.02516930534,2025.13698627927,NA,NA,NA
5915,2869,REU.2.3_1,REU.2.3_1,0.175797519145895,0.55186236106453,0.376064841918635,2024.96118878222,2025.13698630137,CHIKV_RUN_S23b08_2025,55.438508,-20.917408
3642,1502,REU.4.3_1,REU.4.6_1,0.0797259781550739,0.55186236106453,0.472136382909456,2025.05726032321,2025.13698630137,CHIKV_RUN_S13b10_2025,55.43963,-21.275201
3362,510,REU.4.3_1,REU.4.3_1,0.0612757611888137,0.55186236106453,0.490586599875716,2025.07571054018,2025.13698630137,CHIKV_RUN_S13b37_2025,55.519152,-21.283831
3279,404,REU.4.3_1,REU.2.3_1,0.0596023301915709,0.55186236106453,0.492260030872959,2025.07738397118,2025.13698630137,CHIKV_RUN_S27b59_2025,55.421652,-20.888192
6002,2947,REU.3.4_1,REU.3.4_1,0.0470483888688202,0.55186236106453,0.50481397219571,2025.0899379125,2025.13698630137,CHIKV_RUN_S22b93_2025,55.302189,-21.155191
5184,1805,REU.3.4_1,REU.3.5_1,0.0427831515415985,0.55186236106453,0.509079209522932,2025.09420314983,2025.13698630137,CHIKV_RUN_S23b37_2025,55.225157,-21.049878
3546,1395,REU.4.3_1,REU.4.3_1,0.037226737526462,0.55186236106453,0.514635623538068,2025.09975956384,2025.13698630137,CHIKV_RUN_S23b38_2025,55.500238,-21.272496
6214,2819,REU.3.1_1,REU.3.1_1,0.0333532788222703,0.55186236106453,0.51850908224226,2025.10363302255,2025.13698630137,CHIKV_RUN_S22b78_2025,55.362398,-21.254601
4245,723,REU.4.3_1,REU.3.2_1,0.0330546134076022,0.55186236106453,0.518807747656928,2025.10393168796,2025.13698630137,CHIKV_RUN_S23b09_2025,55.348294,-21.250162
3930,1599,REU.4.8_1,REU.4.8_1,0.0315135566779803,0.55186236106453,0.52034880438655,2025.10547274469,2025.13698630137,CHIKV_RUN_S13b05_2025,55.495701,-21.271895
5860,2992,REU.4.8_1,REU.3.4_1,0.0298524958039914,0.55186236106453,0.522009865260539,2025.10713380557,2025.13698630137,CHIKV_RUN_S23b05_2025,55.332328,-21.200933
3649,1525,REU.4.6_1,REU.4.6_1,0.0266492587807787,0.55186236106453,0.525213102283751,2025.11033704259,2025.13698630137,CHIKV_RUN_S13b24_2025,55.423689,-21.278184
5161,2652,REU.3.2_1,REU.3.2_1,0.0257243195824323,0.55186236106453,0.526138041482098,2025.11126198179,2025.13698630137,CHIKV_RUN_S13b12_2025,55.345944,-21.243348
4179,361,REU.4.3_1,REU.4.3_1,0.0239616935235609,0.55186236106453,0.527900667540969,2025.11302460785,2025.13698630137,CHIKV_RUN_S27b62_2025,55.516227,-21.284258
4415,699,REU.4.3_1,REU.4.8_1,0.0210674410444648,0.55186236106453,0.530794920020065,2025.11591886033,2025.13698630137,CHIKV_RUN_S13b17_2025,55.465843,-21.338615
3976,2267,REU.4.8_1,REU.1.3_1,0.0173045541178212,0.55186236106453,0.534557806946709,2025.11968174725,2025.13698630137,CHIKV_RUN_S27b71_2025,55.646697,-20.962993
5612,2572,REU.3.4_1,REU.3.4_1,0.0120646808199609,0.55186236106453,0.539797680244569,2025.12492162055,2025.13698630137,CHIKV_RUN_S27b49_2025,55.302825,-21.172742
5255,2489,REU.4.8_1,REU.2.3_1,0.0107059108231762,0.55186236106453,0.541156450241354,2025.12628039055,2025.13698630137,CHIKV_RUN_S13b07_2025,55.445317,-20.896568
5926,2856,REU.2.4_1,REU.2.4_1,0.00331206998290434,0.55186236106453,0.548550291081626,2025.13367423139,2025.13698630137,CHIKV_RUN_S22b79_2025,55.525772,-20.947701
4180,354,REU.4.2_1,REU.4.2_1,0.00210890929689533,0.55186236106453,0.549753451767635,2025.13487739207,2025.13698630137,CHIKV_RUN_S23b18_2025,55.467584,-21.239789
5320,2273,REU.3.2_1,REU.3.2_1,0.000879360177694632,0.55186236106453,0.550983000886835,2025.13610694119,2025.13698630137,CHIKV_RUN_S23b11_2025,55.329478,-21.236768
3724,1380,REU.3.5_1,REU.3.5_1,0.000823835688367969,0.55186236106453,0.551038525376162,2025.13616246568,2025.13698630137,CHIKV_RUN_S27b43_2025,55.291935,-21.023551
4416,713,REU.4.3_1,REU.4.3_1,0.000661810802062179,0.55186236106453,0.551200550262468,2025.13632449057,2025.13698630137,CHIKV_RUN_S13b16_2025,55.498688,-21.266812
4087,4088,REU.4.3_1,REU.4.3_1,0.0343636860957737,0.551877065968838,0.517513379873064,2025.10263732018,2025.13700100627,NA,NA,NA
4439,4440,REU.4.3_1,REU.4.3_1,0.016264454246173,0.551936404079564,0.535671949833392,2025.12079589014,2025.13706034438,NA,NA,NA
4663,4665,REU.3.5_1,REU.3.5_1,0.00827656726201809,0.551996792650618,0.5437202253886,2025.12884416569,2025.13712073296,NA,NA,NA
4670,4672,REU.3.5_1,REU.2.1_1,0.0490227957309015,0.55204527134464,0.503022475613738,2025.08814641592,2025.13716921165,NA,NA,NA
4938,4939,REU.4.5_1,REU.4.5_1,0.00550810146467928,0.552203653173813,0.546695551709134,2025.13181949201,2025.13732759348,NA,NA,NA
4326,4327,REU.4.3_1,REU.4.3_1,0.0383702576186751,0.552278120232917,0.513907862614242,2025.09903180292,2025.13740206054,NA,NA,NA
4836,4837,REU.4.3_1,REU.4.3_1,0.020274048654614,0.552294153903114,0.5320201052485,2025.11714404555,2025.13741809421,NA,NA,NA
5875,5876,REU.3.4_1,REU.3.4_1,0.0318154462362764,0.552366579871691,0.520551133635414,2025.10567507394,2025.13749052018,NA,NA,NA
3689,3690,REU.4.8_1,REU.4.8_1,0.0197325406657692,0.552527412518199,0.53279487185243,2025.11791881216,2025.13765135282,NA,NA,NA
3427,3428,REU.4.3_1,REU.2.3_1,0.0489910356309611,0.55253635951494,0.503545323883979,2025.08866926419,2025.13766029982,NA,NA,NA
4340,4342,REU.4.8_1,REU.4.8_1,0.0434464226370799,0.55260298539127,0.50915656275419,2025.09428050306,2025.1377269257,NA,NA,NA
5835,5838,REU.3.1_1,REU.4.8_1,0.0448025099319586,0.5526057984613,0.507803288529341,2025.09292722883,2025.13772973877,NA,NA,NA
5632,5633,REU.3.1_1,REU.3.1_1,0.0390244247424193,0.552622148327009,0.51359772358459,2025.09872166389,2025.13774608863,NA,NA,NA
4778,4780,REU.4.8_1,REU.4.8_1,0.00254005804277957,0.552782511581354,0.550242453538574,2025.13536639384,2025.13790645189,NA,NA,NA
3651,3652,REU.4.3_1,REU.4.3_1,0.0693540778828676,0.552832710398355,0.483478632515487,2025.06860257282,2025.1379566507,NA,NA,NA
3972,3973,REU.4.8_1,REU.4.8_1,0.0415035169541911,0.5528582997952,0.511354782841009,2025.09647872315,2025.1379822401,NA,NA,NA
4735,4737,REU.2.3_1,REU.2.3_1,0.0280274857276934,0.552993056211313,0.52496557048362,2025.11008951079,2025.13811699652,NA,NA,NA
4085,4086,REU.4.3_1,REU.4.3_1,0.0158057634326808,0.55305622269144,0.53725045925876,2025.12237439956,2025.138180163,NA,NA,NA
5106,5109,REU.4.3_1,REU.4.3_1,0.0500257392789547,0.553101824201739,0.503076084922784,2025.08820002523,2025.13822576451,NA,NA,NA
5441,5446,REU.3.1_1,REU.3.1_1,0.00386075694118082,0.553206770886268,0.549346013945087,2025.13446995425,2025.13833071119,NA,NA,NA
3917,3918,REU.4.3_1,REU.4.3_1,0.0100187959847833,0.553250316709314,0.543231520724531,2025.12835546103,2025.13837425701,NA,NA,NA
5601,5602,REU.3.1_1,REU.3.1_1,0.0284048865321742,0.553290562118876,0.524885675586702,2025.11000961589,2025.13841450242,NA,NA,NA
4233,4234,REU.4.3_1,REU.4.3_1,0.025873367829752,0.553348072594972,0.52747470476522,2025.11259864507,2025.1384720129,NA,NA,NA
3545,3553,REU.4.3_1,REU.4.3_1,0.0857921993168018,0.553352615463128,0.467560416146327,2025.05268435645,2025.13847655577,NA,NA,NA
3407,3414,REU.4.3_1,REU.4.3_1,0.0576381850529765,0.553410224170795,0.495772039117819,2025.08089597942,2025.13853416448,NA,NA,NA
4109,4110,REU.4.3_1,REU.4.3_1,0.0491210963502576,0.553437227941235,0.504316131590977,2025.0894400719,2025.13856116825,NA,NA,NA
5126,5129,REU.4.8_1,REU.4.8_1,0.00187553973681964,0.553451273644464,0.551575733907644,2025.13669967421,2025.13857521395,NA,NA,NA
5825,5826,REU.4.6_1,REU.4.6_1,0.048831143873204,0.55352703231886,0.504695888445656,2025.08981982875,2025.13865097262,NA,NA,NA
3220,3221,REU.4.5_1,REU.4.5_1,0.0162564491086259,0.553573844776459,0.537317395667833,2025.12244133597,2025.13869778508,NA,NA,NA
5945,5946,REU.2.3_1,REU.2.3_1,0.0290929261324591,0.553606315026135,0.524513388893676,2025.1096373292,2025.13873025533,NA,NA,NA
5946,5947,REU.2.3_1,REU.2.3_1,1.16345898664161e-05,0.553617949616001,0.553606315026135,2025.13873025533,2025.13874188992,NA,NA,NA
5113,5114,REU.4.8_1,REU.4.8_1,0.0595744249721983,0.55362992416594,0.494055499193741,2025.0791794395,2025.13875386447,NA,NA,NA
4909,4911,REU.4.5_1,REU.4.5_1,0.106639867459522,0.553630263150886,0.446990395691364,2025.032114336,2025.13875420346,NA,NA,NA
6103,6106,REU.4.5_1,REU.4.5_1,0.010644269050849,0.553703702812856,0.543059433762007,2025.12818337407,2025.13882764312,NA,NA,NA
5880,5881,REU.3.4_1,REU.3.4_1,0.0729444765904638,0.553753705028271,0.480809228437807,2025.06593316874,2025.13887764533,NA,NA,NA
3513,3514,REU.3.5_1,REU.3.5_1,0.0608468682124677,0.553766400060799,0.492919531848332,2025.07804347215,2025.13889034037,NA,NA,NA
3668,3674,REU.4.3_1,REU.4.3_1,0.023841598473119,0.553844040803761,0.530002442330643,2025.11512638264,2025.13896798111,NA,NA,NA
5723,5724,REU.4.5_1,REU.4.5_1,0.00562259996127457,0.553865193088864,0.548242593127589,2025.13336653343,2025.13898913339,NA,NA,NA
6024,6025,REU.3.1_1,REU.3.1_1,0.0376926214792986,0.553907330357293,0.516214708877994,2025.10133864918,2025.13903127066,NA,NA,NA
5947,5948,REU.2.3_1,REU.2.3_1,0.000358868032447113,0.553976817648449,0.553617949616001,2025.13874188992,2025.13910075795,NA,NA,NA
4183,4184,REU.4.3_1,REU.2.3_1,0.102541098650792,0.554118768509107,0.451577669858316,2025.03670161016,2025.13924270881,NA,NA,NA
5355,5356,REU.3.1_1,REU.3.1_1,0.0715297560599699,0.55422737384996,0.48269761778999,2025.0678215581,2025.13935131416,NA,NA,NA
3407,3408,REU.4.3_1,REU.4.3_1,0.0584748161700619,0.554246855287881,0.495772039117819,2025.08089597942,2025.13937079559,NA,NA,NA
4253,4254,REU.4.3_1,REU.4.3_1,0.0106940593310778,0.554248582808422,0.543554523477344,2025.12867846378,2025.13937252311,NA,NA,NA
3938,3941,REU.4.3_1,REU.4.3_1,0.0118510206098736,0.554303777371923,0.542452756762049,2025.12757669707,2025.13942771768,NA,NA,NA
6115,6118,REU.4.5_1,REU.4.5_1,0.00733640663948698,0.554315650241775,0.546979243602288,2025.13210318391,2025.13943959055,NA,NA,NA
4276,4277,REU.4.3_1,REU.4.8_1,0.0312351193717829,0.554379329441584,0.523144210069801,2025.10826815038,2025.13950326975,NA,NA,NA
4624,4625,REU.4.3_1,REU.4.3_1,0.0718238122365856,0.554383399244671,0.482559587008085,2025.06768352731,2025.13950733955,NA,NA,NA
5982,5983,REU.2.3_1,REU.2.3_1,0.0355365064836594,0.554513115839659,0.518976609356,2025.10410054966,2025.13963705615,NA,NA,NA
6131,6132,REU.4.5_1,REU.3.4_1,0.0309273857774852,0.554588305066996,0.52366091928951,2025.10878485959,2025.13971224537,NA,NA,NA
3178,3179,REU.3.4_1,REU.3.4_1,0.0367631268507604,0.55460162825155,0.517838501400789,2025.10296244171,2025.13972556856,NA,NA,NA
3925,362,REU.4.3_1,REU.4.3_1,0.132003776350168,0.554602087091888,0.422598310741719,2025.00772225105,2025.1397260274,CHIKV_RUN_S13b28_2025,55.50899,-21.284725
5863,2969,REU.3.4_1,REU.3.4_1,0.0868327425706453,0.554602087091888,0.467769344521242,2025.05289328483,2025.1397260274,CHIKV_RUN_S13b25_2025,55.334736,-21.20266
4601,1233,REU.4.4_1,REU.4.4_1,0.0840000572064104,0.554602087091888,0.470602029885477,2025.05572597019,2025.1397260274,CHIKV_RUN_S13b40_2025,55.558109,-21.324034
5665,2848,REU.4.3_1,REU.4.8_1,0.06618981398297,0.554602087091888,0.488412273108918,2025.07353621341,2025.1397260274,CHIKV_RUN_S13b30_2025,55.459048,-21.298286
4834,1733,REU.4.3_1,REU.4.3_1,0.0482021792719384,0.554602087091888,0.506399907819949,2025.09152384813,2025.1397260274,CHIKV_RUN_S13b34_2025,55.513356,-21.298012
3740,955,REU.3.5_1,REU.3.5_1,0.046311758377187,0.554602087091888,0.5082903287147,2025.09341426902,2025.1397260274,CHIKV_RUN_S27b54_2025,55.272764,-21.02348
4967,49,REU.2.3_1,REU.2.3_1,0.0458803148701081,0.554602087091888,0.508721772221779,2025.09384571253,2025.1397260274,CHIKV_RUN_S23b10_2025,55.463205,-20.90265
4513,1454,REU.4.3_1,REU.4.3_1,0.0389737880471759,0.554602087091888,0.515628299044712,2025.10075223935,2025.1397260274,CHIKV_RUN_S22b94_2025,55.511103,-21.289659
4604,1235,REU.4.4_1,REU.4.4_1,0.0354992992839303,0.554602087091888,0.519102787807957,2025.10422672811,2025.1397260274,CHIKV_RUN_S13b15_2025,55.558008,-21.324226
5463,2344,REU.4.5_1,REU.4.5_1,0.0340631710796636,0.554602087091888,0.520538916012224,2025.10566285632,2025.1397260274,CHIKV_RUN_S23b07_2025,55.630522,-21.371802
4761,868,REU.4.3_1,REU.2.3_1,0.0334588686297603,0.554602087091888,0.521143218462127,2025.10626715877,2025.1397260274,CHIKV_RUN_S27b38_2025,55.492347,-20.899551
5333,2260,REU.4.3_1,REU.4.3_1,0.0232826012469656,0.554602087091888,0.531319485844922,2025.11644342615,2025.1397260274,CHIKV_RUN_S21b33_2025,55.535584,-21.313371
5721,1934,REU.3.1_1,REU.3.1_1,0.021155013528427,0.554602087091888,0.533447073563461,2025.11857101387,2025.1397260274,CHIKV_RUN_S13b58_2025,55.335118,-21.265649
4607,1264,REU.4.4_1,REU.4.4_1,0.0176211650790457,0.554602087091888,0.536980922012842,2025.12210486232,2025.1397260274,CHIKV_RUN_S13b23_2025,55.561586,-21.343243
4777,113,REU.4.8_1,REU.3.5_1,0.0169531898042007,0.554602087091888,0.537648897287687,2025.12277283759,2025.1397260274,CHIKV_RUN_S27b53_2025,55.272973,-21.026106
3656,1533,REU.4.3_1,REU.4.3_1,0.0167105504134606,0.554602087091888,0.537891536678427,2025.12301547698,2025.1397260274,CHIKV_RUN_S23b01_2025,55.513316,-21.271407
4796,1696,REU.4.8_1,REU.4.8_1,0.0116616733673194,0.554602087091888,0.542940413724568,2025.12806435403,2025.1397260274,CHIKV_RUN_S13b29_2025,55.493933,-21.296436
3157,2450,REU.3.4_1,REU.3.4_1,0.0110599629532042,0.554602087091888,0.543542124138683,2025.12866606444,2025.1397260274,CHIKV_RUN_S13b22_2025,55.313319,-21.218922
5511,2025,REU.4.8_1,REU.3.3_1,0.00393643481634121,0.554602087091888,0.550665652275546,2025.13578959258,2025.1397260274,CHIKV_RUN_S27b41_2025,55.262517,-21.124253
4440,701,REU.4.3_1,REU.4.3_1,0.00266568301232306,0.554602087091888,0.551936404079564,2025.13706034438,2025.1397260274,CHIKV_RUN_S23b03_2025,55.50785,-21.284289
4672,141,REU.2.1_1,REU.2.1_1,0.00255681574724753,0.554602087091888,0.55204527134464,2025.13716921165,2025.1397260274,CHIKV_RUN_S27b28_2025,55.340034,-20.92723
6118,2070,REU.4.5_1,REU.4.5_1,0.000286436850112315,0.554602087091888,0.554315650241775,2025.13943959055,2025.1397260274,CHIKV_RUN_S23b16_2025,55.59718,-21.377097
5524,5525,REU.4.3_1,REU.4.3_1,0.0125217910815063,0.554709341783312,0.542187550701806,2025.12731149101,2025.13983328209,NA,NA,NA
3948,3957,REU.4.8_1,REU.4.8_1,0.0226780551903824,0.554801401470231,0.532123346279849,2025.11724728659,2025.13992534178,NA,NA,NA
5872,5879,REU.3.4_1,REU.3.4_1,0.0925936157115899,0.55496712597082,0.46237351025923,2025.04749745056,2025.14009106628,NA,NA,NA
4234,4236,REU.4.3_1,REU.4.3_1,0.00163079921381626,0.554978871808788,0.553348072594972,2025.1384720129,2025.14010281211,NA,NA,NA
3318,3319,REU.4.3_1,REU.4.3_1,0.0304762314253253,0.554979052431203,0.524502821005878,2025.10962676131,2025.14010299274,NA,NA,NA
6033,6034,REU.3.1_1,REU.4.8_1,0.0210983884866447,0.554987658876912,0.533889270390268,2025.1190132107,2025.14011159918,NA,NA,NA
4148,4156,REU.4.3_1,REU.4.3_1,0.0665331393871087,0.554998614084762,0.488465474697654,2025.073589415,2025.14012255439,NA,NA,NA
4416,4417,REU.4.3_1,REU.4.3_1,0.00383232867857541,0.555032878941043,0.551200550262468,2025.13632449057,2025.14015681925,NA,NA,NA
6048,6049,REU.4.8_1,REU.4.8_1,0.0409843063330637,0.555051418112285,0.514067111779221,2025.09919105208,2025.14017535842,NA,NA,NA
3232,3234,REU.4.4_1,REU.4.4_1,0.0184173331850076,0.555153644637932,0.536736311452924,2025.12186025176,2025.14027758494,NA,NA,NA
4168,4170,REU.4.8_1,REU.4.8_1,0.0397175676650799,0.555165991592695,0.515448423927615,2025.10057236423,2025.1402899319,NA,NA,NA
5731,5732,REU.3.4_1,REU.3.4_1,0.173924942584392,0.555204443805802,0.38127950122141,2024.96640344153,2025.14032838411,NA,NA,NA
4485,4486,REU.4.3_1,REU.4.3_1,0.0207239283479411,0.555246210293993,0.534522281946052,2025.11964622225,2025.1403701506,NA,NA,NA
5031,5032,REU.3.1_1,REU.3.4_1,0.136450439929729,0.555266681099779,0.41881624117005,2025.00394018148,2025.14039062141,NA,NA,NA
4972,4973,REU.2.3_1,REU.2.3_1,0.0175195181130856,0.555302396627371,0.537782878514286,2025.12290681882,2025.14042633693,NA,NA,NA
4649,4650,REU.3.5_1,REU.3.5_1,0.0336135858971048,0.555326068051201,0.521712482154096,2025.10683642246,2025.14045000836,NA,NA,NA
5742,5743,REU.2.5_1,REU.2.5_1,0.0624090746843581,0.555389004673683,0.492979929989325,2025.07810387029,2025.14051294498,NA,NA,NA
3897,3899,REU.4.8_1,REU.4.8_1,0.0550347218418464,0.555521084314356,0.50048636247251,2025.08561030278,2025.14064502462,NA,NA,NA
4047,4048,REU.2.1_1,REU.2.1_1,0.0207407673148325,0.555674323269632,0.534933555954799,2025.12005749626,2025.14079826358,NA,NA,NA
5061,5062,REU.3.1_1,REU.3.1_1,0.036442090295301,0.55582611370458,0.519384023409279,2025.10450796371,2025.14095005401,NA,NA,NA
4837,4838,REU.4.3_1,REU.4.3_1,0.00366968278597857,0.555963836689092,0.552294153903114,2025.13741809421,2025.14108777699,NA,NA,NA
4650,4651,REU.3.5_1,REU.3.5_1,0.000674210855378776,0.55600027890658,0.555326068051201,2025.14045000836,2025.14112421921,NA,NA,NA
5911,5912,REU.3.4_1,REU.3.4_1,0.0597400769214862,0.556154037325124,0.496413960403637,2025.08153790071,2025.14127797763,NA,NA,NA
5170,5171,REU.4.6_1,REU.4.6_1,0.0364012870625454,0.556195334657156,0.51979404759461,2025.1049179879,2025.14131927496,NA,NA,NA
3632,3633,REU.4.3_1,REU.4.8_1,0.00617286514599635,0.556271593677842,0.550098728531845,2025.13522266884,2025.14139553398,NA,NA,NA
5742,5747,REU.2.5_1,REU.2.5_1,0.063395379124241,0.556375309113566,0.492979929989325,2025.07810387029,2025.14149924942,NA,NA,NA
4422,4423,REU.4.3_1,REU.4.3_1,0.0363043190839296,0.556403773920986,0.520099454837056,2025.10522339514,2025.14152771423,NA,NA,NA
4032,4033,REU.4.3_1,REU.4.3_1,0.0233490367098289,0.556438039784018,0.53308900307419,2025.11821294338,2025.14156198009,NA,NA,NA
4054,4055,REU.4.8_1,REU.4.8_1,0.0314052708823555,0.55646690034031,0.525061629457955,2025.11018556976,2025.14159084065,NA,NA,NA
5351,5354,REU.3.1_1,REU.4.6_1,0.0405984333020287,0.556500805365197,0.515902372063168,2025.10102631237,2025.14162474567,NA,NA,NA
5791,5794,REU.2.3_1,REU.2.3_1,0.00589498595014037,0.556503167208268,0.550608181258128,2025.13573212156,2025.14162710751,NA,NA,NA
4261,4263,REU.4.8_1,REU.4.8_1,0.00926123928621414,0.556609955927744,0.54734871664153,2025.13247265695,2025.14173389623,NA,NA,NA
4877,4878,REU.4.7_1,REU.4.7_1,0.0382756689884522,0.556630369027417,0.518354700038965,2025.10347864034,2025.14175430933,NA,NA,NA
3867,3868,REU.4.3_1,REU.2.3_1,0.103484509093548,0.556803275456174,0.453318766362626,2025.03844270667,2025.14192721576,NA,NA,NA
3854,3855,REU.2.3_1,REU.2.3_1,0.0474332845373873,0.556996265819018,0.509562981281631,2025.09468692159,2025.14212020612,NA,NA,NA
3493,3494,REU.4.8_1,REU.4.8_1,0.0941984880407342,0.557000733315911,0.462802245275177,2025.04792618558,2025.14212467362,NA,NA,NA
5222,5223,REU.4.6_1,REU.4.6_1,0.0123920117880256,0.557014404549216,0.544622392761191,2025.12974633307,2025.14213834485,NA,NA,NA
5743,5744,REU.2.5_1,REU.2.5_1,0.00166260057748979,0.557051605251172,0.555389004673683,2025.14051294498,2025.14217554556,NA,NA,NA
4475,4476,REU.4.3_1,REU.4.3_1,0.0282911690135355,0.557234475149943,0.528943306136408,2025.11406724644,2025.14235841546,NA,NA,NA
3698,3699,REU.3.5_1,REU.3.5_1,0.014161448618262,0.557272891692681,0.543111443074419,2025.12823538338,2025.142396832,NA,NA,NA
4864,4865,REU.4.8_1,REU.4.8_1,0.0449409777950964,0.557281557076454,0.512340579281358,2025.09746451959,2025.14240549738,NA,NA,NA
5884,2945,REU.3.4_1,REU.3.4_1,0.164205496687364,0.557341813119245,0.393136316431881,2024.97826025674,2025.14246575342,CHIKV_RUN_S21b68_2025,55.306796,-21.167113
3122,2410,REU.3.4_1,REU.3.4_1,0.100557848828137,0.557341813119245,0.456783964291108,2025.0419079046,2025.14246575342,CHIKV_RUN_S21b87_2025,55.312945,-21.22104
5082,2322,REU.3.1_1,REU.3.2_1,0.0675832159811974,0.557341813119245,0.489758597138047,2025.07488253744,2025.14246575342,CHIKV_RUN_S22b54_2025,55.350756,-21.250515
4845,1462,REU.4.3_1,REU.4.5_1,0.05903547731736,0.557341813119245,0.498306335801885,2025.08343027611,2025.14246575342,CHIKV_RUN_S22b73_2025,55.595541,-21.376879
4640,114,REU.2.3_1,REU.2.3_1,0.0557832455154552,0.557341813119245,0.50155856760379,2025.08668250791,2025.14246575342,CHIKV_RUN_S22b20_2025,55.485603,-20.893484
4432,668,REU.4.3_1,REU.4.8_1,0.0367163150039738,0.557341813119245,0.520625498115271,2025.10574943842,2025.14246575342,CHIKV_RUN_S13b31_2025,55.475168,-21.291116
5985,2931,REU.2.3_1,REU.1.3_1,0.0340837907326772,0.557341813119245,0.523258022386568,2025.10838196269,2025.14246575342,CHIKV_RUN_S22b68_2025,55.650143,-20.945776
3767,1278,REU.4.3_1,REU.3.5_1,0.0320469041875652,0.557341813119245,0.52529490893168,2025.11041884924,2025.14246575342,CHIKV_RUN_S13b75_2025,55.267193,-21.088881
4120,364,REU.4.3_1,REU.4.3_1,0.0258397802907107,0.557341813119245,0.531502032828534,2025.11662597313,2025.14246575342,CHIKV_RUN_S22b80_2025,55.51826,-21.283594
5139,1774,REU.4.3_1,REU.4.3_1,0.0234008899130367,0.557341813119245,0.533940923206208,2025.11906486351,2025.14246575342,CHIKV_RUN_S22b52_2025,55.509157,-21.285937
4776,1161,REU.3.5_1,REU.3.5_1,0.0231010064025163,0.557341813119245,0.534240806716729,2025.11936474702,2025.14246575342,CHIKV_RUN_S22b71_2025,55.256024,-21.069379
4198,357,REU.2.3_1,REU.2.3_1,0.0214369130170673,0.557341813119245,0.535904900102178,2025.12102884041,2025.14246575342,CHIKV_RUN_S27b50_2025,55.489878,-20.901869
5624,2482,REU.3.1_1,REU.4.6_1,0.0205810976715319,0.557341813119245,0.536760715447713,2025.12188465575,2025.14246575342,CHIKV_RUN_S13b33_2025,55.417117,-21.288149
5496,2367,REU.3.1_1,REU.3.4_1,0.0141386785484372,0.557341813119245,0.543203134570808,2025.12832707488,2025.14246575342,CHIKV_RUN_S22b69_2025,55.333643,-21.20512
3153,2409,REU.3.4_1,REU.3.4_1,0.00826703800089268,0.557341813119245,0.549074775118352,2025.13419871542,2025.14246575342,CHIKV_RUN_S22b65_2025,55.313137,-21.219563
5579,2755,REU.3.1_1,REU.4.3_1,0.00804385100444127,0.557341813119245,0.549297962114804,2025.13442190242,2025.14246575342,CHIKV_RUN_S22b72_2025,55.503945,-21.272541
4763,1292,REU.4.3_1,REU.4.3_1,0.00746540644481597,0.557341813119245,0.549876406674429,2025.13500034698,2025.14246575342,CHIKV_RUN_S13b38_2025,55.500433,-21.268068
3632,1512,REU.4.3_1,REU.4.3_1,0.00724308458739942,0.557341813119245,0.550098728531845,2025.13522266884,2025.14246575342,CHIKV_RUN_S21b66_2025,55.514184,-21.270686
5855,2981,REU.3.4_1,REU.3.4_1,0.00621872781778932,0.557341813119245,0.551123085301456,2025.13624702561,2025.14246575342,CHIKV_RUN_S21b73_2025,55.305466,-21.164923
4088,1114,REU.4.3_1,REU.4.3_1,0.00546474715040712,0.557341813119245,0.551877065968838,2025.13700100627,2025.14246575342,CHIKV_RUN_S22b53_2025,55.517289,-21.272915
4911,248,REU.4.5_1,REU.4.7_1,0.00371154996835898,0.557341813119245,0.553630263150886,2025.13875420346,2025.14246575342,CHIKV_RUN_S13b39_2025,55.722794,-21.369702
5356,2641,REU.3.1_1,REU.3.1_1,0.00311443926928479,0.557341813119245,0.55422737384996,2025.13935131416,2025.14246575342,CHIKV_RUN_S13b36_2025,55.361274,-21.254655
4263,743,REU.4.8_1,REU.2.3_1,0.000731857191500485,0.557341813119245,0.556609955927744,2025.14173389623,2025.14246575342,CHIKV_RUN_S27b37_2025,55.447153,-20.898216
5223,2151,REU.4.6_1,REU.4.6_1,0.000327408570028553,0.557341813119245,0.557014404549216,2025.14213834485,2025.14246575342,CHIKV_RUN_S22b19_2025,55.448136,-21.27193
3475,3476,REU.4.8_1,REU.4.8_1,0.00562257155623525,0.557370845882848,0.551748274326612,2025.13687221463,2025.14249478619,NA,NA,NA
5755,5756,REU.2.5_1,REU.2.5_1,0.0177581794100692,0.557426226905928,0.539668047495859,2025.1247919878,2025.14255016721,NA,NA,NA
3272,3273,REU.4.3_1,REU.4.5_1,0.116274676935922,0.557462792424162,0.44118811548824,2025.02631205579,2025.14258673273,NA,NA,NA
4608,4609,REU.4.4_1,REU.4.4_1,0.00745490270568283,0.557493434197468,0.550038531491786,2025.1351624718,2025.1426173745,NA,NA,NA
3204,3206,REU.2.3_1,REU.4.8_1,0.0544491226528755,0.557523449325848,0.503074326672972,2025.08819826698,2025.14264738963,NA,NA,NA
3292,3294,REU.4.3_1,REU.4.6_1,0.0552491644079278,0.557543690668094,0.502294526260166,2025.08741846657,2025.14266763097,NA,NA,NA
6087,6088,REU.4.5_1,REU.4.8_1,0.0549078446846682,0.557577393645654,0.502669548960985,2025.08779348927,2025.14270133395,NA,NA,NA
4883,4884,REU.4.7_1,REU.4.5_1,0.0232826225496257,0.55759322994962,0.534310607399995,2025.11943454771,2025.14271717026,NA,NA,NA
4810,4811,REU.4.3_1,REU.4.3_1,0.0393233479472852,0.557596403758321,0.518273055811036,2025.10339699612,2025.14272034406,NA,NA,NA
5561,5562,REU.4.3_1,REU.4.3_1,0.0415250554578063,0.557657029011616,0.51613197355381,2025.10125591386,2025.14278096932,NA,NA,NA
5650,5651,REU.4.8_1,REU.4.8_1,0.0168723355445743,0.557676074303571,0.540803738758996,2025.12592767906,2025.14280001461,NA,NA,NA
6044,6045,REU.3.4_1,REU.2.3_1,0.0522739376091398,0.557756803691657,0.505482866082518,2025.09060680639,2025.142880744,NA,NA,NA
4997,4998,REU.3.1_1,REU.4.3_1,0.0454646098165945,0.557759105329341,0.512294495512747,2025.09741843582,2025.14288304563,NA,NA,NA
5705,5708,REU.4.8_1,REU.4.8_1,0.0344378694370248,0.557784840453044,0.523346971016019,2025.10847091132,2025.14290878076,NA,NA,NA
5295,5296,REU.4.6_1,REU.4.6_1,0.0346599179405284,0.557821004027634,0.523161086087106,2025.10828502639,2025.14294494433,NA,NA,NA
3743,3744,REU.3.5_1,REU.4.3_1,0.0576669977084585,0.557824311547799,0.50015731383934,2025.08528125414,2025.14294825185,NA,NA,NA
4820,4821,REU.4.3_1,REU.4.3_1,0.0149820783213191,0.55787323021035,0.542891151889031,2025.12801509219,2025.14299717052,NA,NA,NA
4875,4876,REU.4.7_1,REU.4.7_1,0.0654005071092779,0.557907984470146,0.492507477360868,2025.07763141767,2025.14303192478,NA,NA,NA
4261,4262,REU.4.8_1,REU.4.8_1,0.0105629268195925,0.557911643461123,0.54734871664153,2025.13247265695,2025.14303558377,NA,NA,NA
3527,3530,REU.4.3_1,REU.4.3_1,0.0864414884827697,0.55819402087197,0.471752532389201,2025.05687647269,2025.14331796118,NA,NA,NA
4773,4774,REU.4.3_1,REU.4.3_1,0.0237023064754511,0.558319188701471,0.53461688222602,2025.11974082253,2025.14344312901,NA,NA,NA
3903,3904,REU.4.3_1,REU.4.3_1,0.0209231776944755,0.558384481011369,0.537461303316893,2025.12258524362,2025.14350842132,NA,NA,NA
5904,5905,REU.3.4_1,REU.3.4_1,0.0190334019732644,0.558406745274405,0.53937334330114,2025.12449728361,2025.14353068558,NA,NA,NA
3379,3380,REU.4.3_1,REU.4.3_1,0.0865621333704895,0.558442776728572,0.471880643358083,2025.05700458366,2025.14356671703,NA,NA,NA
4672,4673,REU.2.1_1,REU.2.3_1,0.0065180212472149,0.558563292591855,0.55204527134464,2025.13716921165,2025.1436872329,NA,NA,NA
5601,5604,REU.3.1_1,REU.3.1_1,0.0337062943372166,0.558591969923918,0.524885675586702,2025.11000961589,2025.14371591023,NA,NA,NA
4214,4216,REU.4.3_1,REU.4.3_1,0.0743745378435674,0.558611729227846,0.484237191384279,2025.06936113169,2025.14373566953,NA,NA,NA
3973,3974,REU.4.8_1,REU.2.5_1,0.00587117403345616,0.558729473828656,0.5528582997952,2025.1379822401,2025.14385341413,NA,NA,NA
3553,3556,REU.4.3_1,REU.4.3_1,0.00543480895253545,0.558787424415664,0.553352615463128,2025.13847655577,2025.14391136472,NA,NA,NA
4878,4879,REU.4.7_1,REU.4.7_1,0.00218110465949639,0.558811473686913,0.556630369027417,2025.14175430933,2025.14393541399,NA,NA,NA
5487,5488,REU.3.1_1,REU.3.1_1,0.133747249569676,0.558839298436655,0.425092048866979,2025.01021598917,2025.14396323874,NA,NA,NA
3500,3509,REU.4.3_1,REU.4.8_1,0.136280479782075,0.55885039883297,0.422569919050895,2025.00769385936,2025.14397433914,NA,NA,NA
3143,3144,REU.4.8_1,REU.4.8_1,0.00732973892835509,0.558906599807132,0.551576860878777,2025.13670080118,2025.14403054011,NA,NA,NA
6115,6116,REU.4.5_1,REU.4.5_1,0.0119439645931092,0.558923208195397,0.546979243602288,2025.13210318391,2025.1440471485,NA,NA,NA
4821,4824,REU.4.3_1,REU.4.3_1,0.00112745911469736,0.559000689325048,0.55787323021035,2025.14299717052,2025.14412462963,NA,NA,NA
4856,4857,REU.4.3_1,REU.4.8_1,0.132475442172873,0.55944075891315,0.426965316740277,2025.01208925705,2025.14456469922,NA,NA,NA
3693,3725,REU.4.3_1,REU.4.8_1,0.14445214536428,0.559535895460115,0.415083750095834,2025.0002076904,2025.14465983577,NA,NA,NA
6106,6107,REU.4.5_1,REU.4.5_1,0.0058462656073377,0.559549968420194,0.553703702812856,2025.13882764312,2025.14467390873,NA,NA,NA
4109,4111,REU.4.3_1,REU.4.8_1,0.0552715945658879,0.559587726156865,0.504316131590977,2025.0894400719,2025.14471166646,NA,NA,NA
5744,5745,REU.2.5_1,REU.2.5_1,0.00259613876477993,0.559647744015952,0.557051605251172,2025.14217554556,2025.14477168432,NA,NA,NA
4202,4203,REU.4.8_1,REU.2.2_1,0.0454344640474756,0.559708734795757,0.514274270748281,2025.09939821105,2025.1448326751,NA,NA,NA
4276,4278,REU.4.3_1,REU.4.3_1,0.0365813770452098,0.559725587115011,0.523144210069801,2025.10826815038,2025.14484952742,NA,NA,NA
5602,5603,REU.3.1_1,REU.3.1_1,0.0064436101739237,0.5597341722928,0.553290562118876,2025.13841450242,2025.1448581126,NA,NA,NA
5604,5605,REU.3.1_1,REU.3.1_1,0.0012653303724558,0.559857300296374,0.558591969923918,2025.14371591023,2025.1449812406,NA,NA,NA
4168,4169,REU.4.8_1,REU.4.8_1,0.0444876714899237,0.559936095417539,0.515448423927615,2025.10057236423,2025.14506003572,NA,NA,NA
4188,4189,REU.4.3_1,REU.4.3_1,0.0258099834000379,0.55997658585961,0.534166602459572,2025.11929054276,2025.14510052616,NA,NA,NA
5826,5828,REU.4.6_1,REU.4.6_1,0.00646641365960243,0.559993445978463,0.55352703231886,2025.13865097262,2025.14511738628,NA,NA,NA
4924,4925,REU.4.7_1,REU.4.7_1,0.0162810893288637,0.560061771655478,0.543780682326614,2025.12890462263,2025.14518571196,NA,NA,NA
5805,1969,REU.3.1_1,REU.3.5_1,0.0950159329158677,0.560081539146602,0.465065606230735,2025.05018954654,2025.14520547945,CHIKV_RUN_S13b26_2025,55.285162,-21.044863
3944,1683,REU.4.3_1,REU.4.8_1,0.0822209991842887,0.560081539146602,0.477860539962314,2025.06298448027,2025.14520547945,CHIKV_RUN_S13b51_2025,55.448517,-21.296921
3586,1039,REU.4.8_1,REU.4.3_1,0.0789184815747972,0.560081539146602,0.481163057571805,2025.06628699788,2025.14520547945,CHIKV_RUN_S13b32_2025,55.524101,-21.281978
3290,407,REU.4.3_1,REU.4.3_1,0.0696765293204559,0.560081539146602,0.490405009826146,2025.07552895013,2025.14520547945,CHIKV_RUN_S13b49_2025,55.52406,-21.261906
3660,1488,REU.4.3_1,REU.4.6_1,0.068888827666668,0.560081539146602,0.491192711479934,2025.07631665179,2025.14520547945,CHIKV_RUN_S13b56_2025,55.438234,-21.275668
5547,2515,REU.4.1_1,REU.4.5_1,0.0532551228998209,0.560081539146602,0.506826416246781,2025.09195035655,2025.14520547945,CHIKV_RUN_S13b46_2025,55.635273,-21.339571
5385,2387,REU.3.1_1,REU.3.4_1,0.0442059934596823,0.560081539146602,0.51587554568692,2025.10099948599,2025.14520547945,CHIKV_RUN_S13b74_2025,55.297536,-21.199663
5673,2294,REU.4.8_1,REU.3.4_1,0.0425085023022559,0.560081539146602,0.517573036844346,2025.10269697715,2025.14520547945,CHIKV_RUN_S13b73_2025,55.301143,-21.224126
3902,1309,REU.4.3_1,REU.4.8_1,0.0323985074347872,0.560081539146602,0.527683031711815,2025.11280697202,2025.14520547945,CHIKV_RUN_S13b52_2025,55.524076,-21.331375
6140,2050,REU.4.5_1,REU.4.5_1,0.0244321195985022,0.560081539146602,0.5356494195481,2025.12077335985,2025.14520547945,CHIKV_RUN_S13b43_2025,55.615186,-21.380735
4613,1202,REU.4.4_1,REU.4.4_1,0.0223501387193903,0.560081539146602,0.537731400427212,2025.12285534073,2025.14520547945,CHIKV_RUN_S13b61_2025,55.570236,-21.334491
3656,1529,REU.4.3_1,REU.4.3_1,0.0221900024681754,0.560081539146602,0.537891536678427,2025.12301547698,2025.14520547945,CHIKV_RUN_S13b41_2025,55.517542,-21.268791
4849,1091,REU.4.3_1,REU.4.3_1,0.0217016689505166,0.560081539146602,0.538379870196086,2025.1235038105,2025.14520547945,CHIKV_RUN_S13b47_2025,55.508907,-21.288239
5625,2211,REU.3.1_1,REU.3.4_1,0.0189797772126409,0.560081539146602,0.541101761933961,2025.12622570224,2025.14520547945,CHIKV_RUN_S13b76_2025,55.328353,-21.194489
4208,340,REU.4.3_1,REU.4.3_1,0.0119104771740783,0.560081539146602,0.548171061972524,2025.13329500228,2025.14520547945,CHIKV_RUN_S13b62_2025,55.501479,-21.265295
3652,1535,REU.4.3_1,REU.4.3_1,0.00724882874824773,0.560081539146602,0.552832710398355,2025.1379566507,2025.14520547945,CHIKV_RUN_S13b35_2025,55.517542,-21.268791
3974,1048,REU.2.5_1,REU.2.5_1,0.00135206531794618,0.560081539146602,0.558729473828656,2025.14385341413,2025.14520547945,CHIKV_RUN_S13b27_2025,55.635744,-20.942429
4879,188,REU.4.7_1,REU.4.7_1,0.00127006545968888,0.560081539146602,0.558811473686913,2025.14393541399,2025.14520547945,CHIKV_RUN_S13b44_2025,55.721214,-21.371189
5514,5516,REU.4.8_1,REU.4.5_1,0.149000348343636,0.560082545863132,0.411082197519496,2024.99620613782,2025.14520648617,NA,NA,NA
3777,3778,REU.4.3_1,REU.4.3_1,0.0682815060077312,0.560116074992736,0.491834568985004,2025.07695850929,2025.1452400153,NA,NA,NA
3596,3597,REU.4.8_1,REU.3.3_1,0.0615227845692347,0.560192966495201,0.498670181925967,2025.08379412223,2025.1453169068,NA,NA,NA
4189,4190,REU.4.3_1,REU.4.8_1,0.00023695147865288,0.560213537338263,0.55997658585961,2025.14510052616,2025.14533747764,NA,NA,NA
5936,5937,REU.2.3_1,REU.2.3_1,0.0206406821719738,0.56035326711353,0.539712584941557,2025.12483652525,2025.14547720742,NA,NA,NA
5379,5380,REU.3.5_1,REU.3.5_1,0.026056693980001,0.560382498584958,0.534325804604957,2025.11944974491,2025.14550643889,NA,NA,NA
5152,5153,REU.3.1_1,REU.3.1_1,0.02331622900153,0.560396289357916,0.537080060356386,2025.12220400066,2025.14552022966,NA,NA,NA
4485,4490,REU.4.3_1,REU.4.3_1,0.0259486040936205,0.560470886039673,0.534522281946052,2025.11964622225,2025.14559482635,NA,NA,NA
5426,5427,REU.4.8_1,REU.4.8_1,0.0217512026278619,0.560515030720879,0.538763828093017,2025.1238877684,2025.14563897103,NA,NA,NA
4095,4096,REU.4.3_1,REU.4.3_1,0.0700898410788782,0.560575028865306,0.490485187786428,2025.07560912809,2025.14569896917,NA,NA,NA
5077,5080,REU.3.1_1,REU.3.1_1,0.0193835779931925,0.560621960911024,0.541238382917832,2025.12636232322,2025.14574590122,NA,NA,NA
4731,4733,REU.2.3_1,REU.2.3_1,0.0588442379075721,0.560663809210688,0.501819571303116,2025.08694351161,2025.14578774952,NA,NA,NA
6035,6041,REU.3.5_1,REU.3.5_1,0.0469854169417039,0.560797329424073,0.513811912482369,2025.09893585279,2025.14592126973,NA,NA,NA
4569,4570,REU.4.4_1,REU.4.4_1,0.0438206595655515,0.560846950866341,0.51702629130079,2025.10215023161,2025.14597089117,NA,NA,NA
3553,3554,REU.4.3_1,REU.4.3_1,0.00755764398415482,0.560910259447283,0.553352615463128,2025.13847655577,2025.14603419975,NA,NA,NA
4848,4850,REU.4.3_1,REU.4.3_1,0.111497585279271,0.560945320769061,0.44944773548979,2025.0345716758,2025.14606926107,NA,NA,NA
3235,3236,REU.4.6_1,REU.4.8_1,0.140000781529885,0.560946141505689,0.420945359975804,2025.00606930028,2025.14607008181,NA,NA,NA
6064,6065,REU.4.3_1,REU.4.3_1,0.0380492543738735,0.560948355552796,0.522899101178922,2025.10802304148,2025.14607229586,NA,NA,NA
4575,4580,REU.4.4_1,REU.4.4_1,0.0358259435271022,0.561061974436045,0.525236030908943,2025.11035997121,2025.14618591474,NA,NA,NA
3945,3946,REU.4.3_1,REU.4.3_1,0.038507447534264,0.561084655957935,0.522577208423671,2025.10770114873,2025.14620859626,NA,NA,NA
4801,4806,REU.4.3_1,REU.4.4_1,0.0504675223764523,0.561183494140095,0.510715971763642,2025.09583991207,2025.14630743445,NA,NA,NA
4216,4218,REU.4.3_1,REU.4.3_1,0.00259635109198686,0.561208080319833,0.558611729227846,2025.14373566953,2025.14633202063,NA,NA,NA
4254,4258,REU.4.3_1,REU.4.3_1,0.00703344341180923,0.561282026220231,0.554248582808422,2025.13937252311,2025.14640596653,NA,NA,NA
3206,3207,REU.4.8_1,REU.4.8_1,0.00380082748178312,0.561324276807631,0.557523449325848,2025.14264738963,2025.14644821711,NA,NA,NA
4883,4888,REU.4.7_1,REU.4.7_1,0.0270590605428745,0.561369667942869,0.534310607399995,2025.11943454771,2025.14649360825,NA,NA,NA
3372,3399,REU.4.3_1,REU.4.3_1,0.142940284254726,0.561401831708782,0.418461547454056,2025.00358548776,2025.14652577201,NA,NA,NA
4667,4668,REU.3.5_1,REU.3.5_1,0.0181355234182854,0.561472751865249,0.543337228446964,2025.12846116875,2025.14659669217,NA,NA,NA
4444,4445,REU.4.3_1,REU.4.3_1,0.01091850110101,0.561491980432423,0.550573479331413,2025.13569741964,2025.14661592074,NA,NA,NA
3623,3625,REU.4.8_1,REU.4.8_1,0.0706394942930009,0.5615132005307,0.4908737062377,2025.07599764654,2025.14663714084,NA,NA,NA
3721,3722,REU.3.5_1,REU.3.5_1,0.0406209596044894,0.561593131414707,0.520972171810217,2025.10609611212,2025.14671707172,NA,NA,NA
5419,5421,REU.4.8_1,REU.4.8_1,0.0463108459983818,0.561610486956643,0.515299640958261,2025.10042358126,2025.14673442726,NA,NA,NA
4774,4775,REU.4.3_1,REU.4.3_1,0.00330372325172101,0.561622911953192,0.558319188701471,2025.14344312901,2025.14674685226,NA,NA,NA
4794,4795,REU.4.8_1,REU.4.8_1,0.0415035685556268,0.561687213639868,0.520183645084241,2025.10530758539,2025.14681115395,NA,NA,NA
5675,5678,REU.4.8_1,REU.4.8_1,0.0262090699243107,0.561728803312399,0.535519733388089,2025.12064367369,2025.14685274362,NA,NA,NA
5392,5393,REU.3.1_1,REU.3.2_1,0.0285178300839721,0.561735162429487,0.533217332345514,2025.11834127265,2025.14685910273,NA,NA,NA
4139,4140,REU.4.3_1,REU.4.3_1,0.0150429095889237,0.561755470376087,0.546712560787163,2025.13183650109,2025.14687941068,NA,NA,NA
4336,4337,REU.4.3_1,REU.4.3_1,0.0172407627853477,0.56182800864808,0.544587245862732,2025.12971118617,2025.14695194895,NA,NA,NA
5754,5757,REU.2.5_1,REU.2.5_1,0.0266774626458484,0.561916978123884,0.535239515478035,2025.12036345578,2025.14704091843,NA,NA,NA
5185,5186,REU.3.4_1,REU.2.3_1,0.038338426995057,0.561927870522532,0.523589443527475,2025.10871338383,2025.14705181083,NA,NA,NA
4884,4886,REU.4.5_1,REU.4.4_1,0.00434948836054405,0.561942718310164,0.55759322994962,2025.14271717026,2025.14706665862,NA,NA,NA
3165,3166,REU.3.4_1,REU.3.4_1,0.0204312696994413,0.561985380980321,0.54155411128088,2025.12667805159,2025.14710932129,NA,NA,NA
6024,6028,REU.3.1_1,REU.3.5_1,0.0458047903336368,0.562019499211631,0.516214708877994,2025.10133864918,2025.14714343952,NA,NA,NA
3376,3377,REU.4.8_1,REU.4.8_1,0.0109375642889624,0.562027723195322,0.551090158906359,2025.13621409921,2025.1471516635,NA,NA,NA
4451,4454,REU.4.8_1,REU.4.8_1,0.0567820744928301,0.562077833262527,0.505295758769697,2025.09041969908,2025.14720177357,NA,NA,NA
6140,6141,REU.4.5_1,REU.4.5_1,0.0264984221457271,0.562147841693827,0.5356494195481,2025.12077335985,2025.147271782,NA,NA,NA
4254,4255,REU.4.3_1,REU.4.8_1,0.00802559363131028,0.562274176439732,0.554248582808422,2025.13937252311,2025.14739811675,NA,NA,NA
3577,3578,REU.2.2_1,REU.2.2_1,0.0655223461640663,0.562321783964086,0.49679943780002,2025.08192337811,2025.14744572427,NA,NA,NA
5944,5955,REU.2.3_1,REU.2.3_1,0.0449884796516806,0.562330918489017,0.517342438837336,2025.10246637914,2025.14745485879,NA,NA,NA
3669,3670,REU.4.3_1,REU.4.8_1,0.0308761623551228,0.562348064515321,0.531471902160199,2025.11659584247,2025.14747200482,NA,NA,NA
5854,5856,REU.3.4_1,REU.3.4_1,0.0127910011900483,0.562456016886502,0.549665015696454,2025.134788956,2025.14757995719,NA,NA,NA
5488,5489,REU.3.1_1,REU.3.1_1,0.00371845676366389,0.562557755200319,0.558839298436655,2025.14396323874,2025.14768169551,NA,NA,NA
5639,5695,REU.3.1_1,REU.3.1_1,0.261414649782189,0.562657245914956,0.301242596132767,2024.88636653644,2025.14778118622,NA,NA,NA
6116,6117,REU.4.5_1,REU.4.5_1,0.00377031686029472,0.562693525055692,0.558923208195397,2025.1440471485,2025.14781746536,NA,NA,NA
5657,5658,REU.4.3_1,REU.4.8_1,0.131073201383405,0.562745746479635,0.431672545096231,2025.0167964854,2025.14786968679,NA,NA,NA
4026,4028,REU.4.3_1,REU.4.3_1,0.0703615973329257,0.562779016806285,0.49241741947336,2025.07754135978,2025.14790295711,NA,NA,NA
3346,502,REU.4.3_1,REU.4.5_1,0.122937652087713,0.56282126517396,0.439883613086247,2025.02500755339,2025.14794520548,CHIKV_RUN_S13b45_2025,55.634855,-21.338243
3704,596,REU.4.3_1,REU.4.3_1,0.121021341671603,0.56282126517396,0.441799923502357,2025.02692386381,2025.14794520548,CHIKV_RUN_S35b86_2025,55.515828,-21.265663
4550,1271,REU.4.4_1,REU.4.3_1,0.111769750225813,0.56282126517396,0.451051514948147,2025.03617545525,2025.14794520548,CHIKV_RUN_S21b27_2025,55.533046,-21.247305
4544,1229,REU.4.4_1,REU.4.4_1,0.0847145970131135,0.56282126517396,0.478106668160846,2025.06323060847,2025.14794520548,CHIKV_RUN_S35b93_2025,55.558956,-21.341875
5859,2971,REU.4.3_1,REU.4.2_1,0.0778214842355932,0.56282126517396,0.484999780938366,2025.07012372124,2025.14794520548,CHIKV_RUN_S35b83_2025,55.49,-21.239956
3375,575,REU.4.3_1,REU.4.3_1,0.0663585128131543,0.56282126517396,0.496462752360805,2025.08158669267,2025.14794520548,CHIKV_RUN_S21b16_2025,55.514525,-21.248457
5896,2946,REU.3.4_1,REU.3.4_1,0.0589705325924401,0.56282126517396,0.50385073258152,2025.08897467289,2025.14794520548,CHIKV_RUN_S21b65_2025,55.307185,-21.163728
4861,1071,REU.4.3_1,REU.4.3_1,0.044638071704021,0.56282126517396,0.518183193469939,2025.10330713378,2025.14794520548,CHIKV_RUN_S21b14_2025,55.513955,-21.242682
5777,3029,REU.4.3_1,REU.4.3_1,0.0439953151420489,0.56282126517396,0.518825950031911,2025.10394989034,2025.14794520548,CHIKV_RUN_S35b70_2025,55.526031,-21.263312
6186,2805,REU.4.8_1,REU.3.3_1,0.0406027861221794,0.56282126517396,0.52221847905178,2025.10734241936,2025.14794520548,CHIKV_RUN_S21b88_2025,55.294753,-21.109486
5667,2846,REU.4.3_1,REU.4.3_1,0.0399468133743845,0.56282126517396,0.522874451799575,2025.1079983921,2025.14794520548,CHIKV_RUN_S22b64_2025,55.552755,-21.290964
3310,390,REU.4.3_1,REU.4.3_1,0.0343732891005468,0.56282126517396,0.528447976073413,2025.11357191638,2025.14794520548,CHIKV_RUN_S13b53_2025,55.524274,-21.282466
3310,445,REU.4.3_1,REU.4.3_1,0.0343732891005468,0.56282126517396,0.528447976073413,2025.11357191638,2025.14794520548,CHIKV_RUN_S21b38_2025,55.517192,-21.289306
3903,2212,REU.4.3_1,REU.4.3_1,0.0253599618570663,0.56282126517396,0.537461303316893,2025.12258524362,2025.14794520548,CHIKV_RUN_S21b69_2025,55.561177,-21.296153
6162,2121,REU.4.5_1,REU.4.5_1,0.0241086560767358,0.56282126517396,0.538712609097224,2025.1238365494,2025.14794520548,CHIKV_RUN_S21b34_2025,55.628272,-21.338398
5175,2706,REU.4.2_1,REU.4.2_1,0.0226581720732461,0.56282126517396,0.540163093100714,2025.12528703341,2025.14794520548,CHIKV_RUN_S21b52_2025,55.471684,-21.251072
3910,616,REU.4.3_1,REU.4.3_1,0.0224041032948542,0.56282126517396,0.540417161879105,2025.12554110218,2025.14794520548,CHIKV_RUN_S35b74_2025,55.52397,-21.27929
3147,2448,REU.4.8_1,REU.2.1_1,0.0222668156298038,0.56282126517396,0.540554449544156,2025.12567838985,2025.14794520548,CHIKV_RUN_S35b89_2025,55.337988,-20.936785
4820,279,REU.4.3_1,REU.4.3_1,0.0199301132849286,0.56282126517396,0.542891151889031,2025.12801509219,2025.14794520548,CHIKV_RUN_S21b41_2025,55.509442,-21.238585
5366,2719,REU.2.3_1,REU.2.3_1,0.019412148086324,0.56282126517396,0.543409117087636,2025.12853305739,2025.14794520548,CHIKV_RUN_S21b72_2025,55.483066,-20.909951
3742,954,REU.3.5_1,REU.3.5_1,0.0190207591282794,0.56282126517396,0.54380050604568,2025.12892444635,2025.14794520548,CHIKV_RUN_S35b56_2025,55.272975,-21.023558
3631,1518,REU.4.3_1,REU.4.3_1,0.0187448109057646,0.56282126517396,0.544076454268195,2025.12920039457,2025.14794520548,CHIKV_RUN_S35b85_2025,55.514184,-21.270686
4897,193,REU.4.5_1,REU.4.6_1,0.0139450673732089,0.56282126517396,0.548876197800751,2025.13400013811,2025.14794520548,CHIKV_RUN_S21b62_2025,55.412307,-21.288231
5656,2206,REU.4.6_1,REU.4.6_1,0.0120048772096288,0.56282126517396,0.550816387964331,2025.13594032827,2025.14794520548,CHIKV_RUN_S13b54_2025,55.43806,-21.256328
4442,670,REU.4.3_1,REU.4.3_1,0.0116478191387936,0.56282126517396,0.551173446035166,2025.13629738634,2025.14794520548,CHIKV_RUN_S35b63_2025,55.502146,-21.274582
5838,2677,REU.4.8_1,REU.2.1_1,0.0102154667126597,0.56282126517396,0.5526057984613,2025.13772973877,2025.14794520548,CHIKV_RUN_S35b64_2025,55.336769,-20.930469
5525,3081,REU.4.3_1,REU.4.3_1,0.00811192339064748,0.56282126517396,0.554709341783312,2025.13983328209,2025.14794520548,CHIKV_RUN_S35b84_2025,55.516538,-21.280238
3319,501,REU.4.3_1,REU.4.3_1,0.00784221274275665,0.56282126517396,0.554979052431203,2025.14010299274,2025.14794520548,CHIKV_RUN_S35b87_2025,55.519139,-21.279495
4417,671,REU.4.3_1,REU.4.3_1,0.00778838623291633,0.56282126517396,0.555032878941043,2025.14015681925,2025.14794520548,CHIKV_RUN_S13b68_2025,55.523902,-21.275298
4263,745,REU.4.8_1,REU.3.1_1,0.00621130924621527,0.56282126517396,0.556609955927744,2025.14173389623,2025.14794520548,CHIKV_RUN_S21b43_2025,55.366033,-21.264375
5562,2788,REU.4.3_1,REU.4.3_1,0.00516423616234363,0.56282126517396,0.557657029011616,2025.14278096932,2025.14794520548,CHIKV_RUN_S35b81_2025,55.509868,-21.273835
5488,2475,REU.3.1_1,REU.3.1_1,0.00398196673730422,0.56282126517396,0.558839298436655,2025.14396323874,2025.14794520548,CHIKV_RUN_S21b80_2025,55.366607,-21.253818
4189,350,REU.4.3_1,REU.4.3_1,0.00284467931434962,0.56282126517396,0.55997658585961,2025.14510052616,2025.14794520548,CHIKV_RUN_S22b15_2025,55.506602,-21.236975
5421,2720,REU.4.8_1,REU.4.8_1,0.00121077821731719,0.56282126517396,0.561610486956643,2025.14673442726,2025.14794520548,CHIKV_RUN_S35b82_2025,55.496838,-21.272187
4795,1695,REU.4.8_1,REU.4.8_1,0.00113405153409185,0.56282126517396,0.561687213639868,2025.14681115395,2025.14794520548,CHIKV_RUN_S13b59_2025,55.493725,-21.296335
4028,1678,REU.4.3_1,REU.4.3_1,4.22483676743024e-05,0.56282126517396,0.562779016806285,2025.14790295711,2025.14794520548,CHIKV_RUN_S21b24_2025,55.525958,-21.256346
5890,5891,REU.4.6_1,REU.4.6_1,0.015570578700711,0.562870203714106,0.547299625013395,2025.13242356532,2025.14799414402,NA,NA,NA
5129,5130,REU.4.8_1,REU.4.8_1,0.00943308072654492,0.562884354371009,0.553451273644464,2025.13857521395,2025.14800829468,NA,NA,NA
4557,4563,REU.4.5_1,REU.4.5_1,0.0175933352870428,0.563038422284782,0.545445086997739,2025.1305690273,2025.14816236259,NA,NA,NA
5230,5231,REU.3.5_1,REU.3.5_1,0.034055777720317,0.563047061463037,0.52899128374272,2025.11411522405,2025.14817100177,NA,NA,NA
5937,5938,REU.2.3_1,REU.2.3_1,0.00269851025471091,0.563051777368241,0.56035326711353,2025.14547720742,2025.14817571767,NA,NA,NA
4504,4505,REU.4.8_1,REU.4.8_1,0.0931992334938716,0.563136207641047,0.469936974147176,2025.05506091445,2025.14826014795,NA,NA,NA
4258,4259,REU.4.3_1,REU.4.3_1,0.00192038002577866,0.56320240624601,0.561282026220231,2025.14640596653,2025.14832634655,NA,NA,NA
4958,4959,REU.3.1_1,REU.3.1_1,0.0588625862982155,0.563305390065707,0.504442803767492,2025.08956674407,2025.14842933037,NA,NA,NA
4790,4793,REU.4.8_1,REU.4.8_1,0.020844796575897,0.563317236905878,0.542472440329981,2025.12759638064,2025.14844117721,NA,NA,NA
5280,5282,REU.4.3_1,REU.4.3_1,0.0136595316542333,0.563407720202661,0.549748188548428,2025.13487212885,2025.14853166051,NA,NA,NA
3239,3240,REU.3.1_1,REU.3.1_1,0.202631203823299,0.563460208079072,0.360829004255773,2024.94595294456,2025.14858414838,NA,NA,NA
5939,5940,REU.2.3_1,REU.2.3_1,0.0311402008574435,0.563491361499555,0.532351160642111,2025.11747510095,2025.1486153018,NA,NA,NA
4045,4046,REU.2.1_1,REU.2.1_1,0.0295495648022819,0.563511157333158,0.533961592530876,2025.11908553284,2025.14863509764,NA,NA,NA
3521,3522,REU.3.5_1,REU.3.5_1,0.0631687623656535,0.563550603033539,0.500381840667886,2025.08550578097,2025.14867454334,NA,NA,NA
3908,3911,REU.4.3_1,REU.4.3_1,0.07703408934842,0.563593557491011,0.486559468142591,2025.07168340845,2025.1487174978,NA,NA,NA
4232,4238,REU.4.3_1,REU.4.3_1,0.0386794523502696,0.563650417419043,0.524970965068773,2025.11009490537,2025.14877435772,NA,NA,NA
5439,5449,REU.3.1_1,REU.4.8_1,0.0502607398439051,0.563659664150255,0.51339892430635,2025.09852286461,2025.14878360446,NA,NA,NA
3514,3515,REU.3.5_1,REU.3.5_1,0.00993713413855668,0.563703534199356,0.553766400060799,2025.13889034037,2025.1488274745,NA,NA,NA
5465,5466,REU.4.5_1,REU.4.5_1,0.0169375754940893,0.563777546081033,0.546839970586944,2025.13196391089,2025.14890148639,NA,NA,NA
3147,3148,REU.4.8_1,REU.4.8_1,0.0232399936518313,0.563794443195987,0.540554449544156,2025.12567838985,2025.1489183835,NA,NA,NA
4993,4994,REU.3.1_1,REU.3.2_1,0.134087431014655,0.563882018735397,0.429794587720742,2025.01491852803,2025.14900595904,NA,NA,NA
5839,5841,REU.3.1_1,REU.4.3_1,0.0634270746682215,0.563911339004349,0.500484264336127,2025.08560820464,2025.14903527931,NA,NA,NA
3340,3341,REU.3.1_1,REU.2.5_1,0.0355624242683764,0.56400879749228,0.528446373223903,2025.11357031353,2025.1491327378,NA,NA,NA
4258,4260,REU.4.3_1,REU.4.3_1,0.00288407996699314,0.564166106187224,0.561282026220231,2025.14640596653,2025.14929004649,NA,NA,NA
4216,4217,REU.4.3_1,REU.4.3_1,0.00560692910562788,0.564218658333474,0.558611729227846,2025.14373566953,2025.14934259864,NA,NA,NA
4691,4692,REU.2.3_1,REU.2.3_1,0.0262520894188869,0.564253954855993,0.538001865437106,2025.12312580574,2025.14937789516,NA,NA,NA
6126,6127,REU.4.5_1,REU.4.5_1,0.0294267171710583,0.564288438115123,0.534861720944065,2025.11998566125,2025.14941237842,NA,NA,NA
3844,3847,REU.2.3_1,REU.2.3_1,0.0217800023781085,0.564520478125156,0.542740475747048,2025.12786441605,2025.14964441843,NA,NA,NA
5441,5442,REU.3.1_1,REU.3.1_1,0.0152738820813894,0.564619896026476,0.549346013945087,2025.13446995425,2025.14974383633,NA,NA,NA
5865,5866,REU.3.4_1,REU.3.4_1,0.059116374779605,0.564719352905663,0.505602978126058,2025.09072691843,2025.14984329321,NA,NA,NA
4118,4119,REU.4.3_1,REU.4.3_1,0.0227510926682176,0.564733084840439,0.541981992172221,2025.12710593248,2025.14985702515,NA,NA,NA
4229,4230,REU.4.3_1,REU.4.3_1,0.025630079829867,0.564772426537751,0.539142346707884,2025.12426628701,2025.14989636684,NA,NA,NA
4727,4728,REU.2.3_1,REU.2.3_1,0.0149180304067873,0.564857987434274,0.549939957027487,2025.13506389733,2025.14998192774,NA,NA,NA
6107,6108,REU.4.5_1,REU.4.5_1,0.00535012993568729,0.564900098355881,0.559549968420194,2025.14467390873,2025.15002403866,NA,NA,NA
4625,4626,REU.4.3_1,REU.4.3_1,0.010533570826821,0.564916970071492,0.554383399244671,2025.13950733955,2025.15004091038,NA,NA,NA
4380,4383,REU.4.3_1,REU.4.3_1,0.0395992193229836,0.565112995288181,0.525513775965198,2025.11063771627,2025.15023693559,NA,NA,NA
4974,4976,REU.2.3_1,REU.2.3_1,0.0642694808498793,0.565119532687455,0.500850051837575,2025.08597399214,2025.15024347299,NA,NA,NA
4476,4477,REU.4.3_1,REU.4.8_1,0.00789383665867927,0.565128311808622,0.557234475149943,2025.14235841546,2025.15025225211,NA,NA,NA
4650,4653,REU.3.5_1,REU.3.5_1,0.00981679198111807,0.565142860032319,0.555326068051201,2025.14045000836,2025.15026680034,NA,NA,NA
3256,3258,REU.4.3_1,REU.4.3_1,0.116729408623541,0.565262817446179,0.448533408822638,2025.03365734913,2025.15038675775,NA,NA,NA
3912,3913,REU.4.3_1,REU.4.3_1,0.0426966232456113,0.565471900636753,0.522775277391141,2025.1078992177,2025.15059584094,NA,NA,NA
3608,3609,REU.4.8_1,REU.3.3_1,0.0142343922795313,0.56549224123674,0.551257848957209,2025.13638178926,2025.15061618154,NA,NA,NA
4992,55,REU.3.1_1,REU.4.8_1,0.179011800417846,0.565560991201544,0.386549190783699,2024.97167313109,2025.15068493151,CHIKV_RUN_S22b27_2025,55.467087,-21.306099
5589,2222,REU.3.1_1,REU.4.8_1,0.141963546815566,0.565560991201544,0.423597444385979,2025.00872138469,2025.15068493151,CHIKV_RUN_S35b94_2025,55.467256,-21.34022
5787,2540,REU.2.3_1,REU.1.1_1,0.104993839374055,0.565560991201544,0.460567151827489,2025.04569109213,2025.15068493151,CHIKV_RUN_S15b69_2025,55.679974,-20.996331
3419,520,REU.4.6_1,REU.4.6_1,0.104273019511333,0.565560991201544,0.461287971690211,2025.046411912,2025.15068493151,CHIKV_RUN_S21b64_2025,55.412307,-21.288231
3493,2169,REU.4.8_1,REU.4.6_1,0.102758745926368,0.565560991201544,0.462802245275177,2025.04792618558,2025.15068493151,CHIKV_RUN_S21b17_2025,55.440381,-21.263707
3640,1500,REU.4.8_1,REU.4.8_1,0.0830932687853144,0.565560991201544,0.48246772241623,2025.06759166272,2025.15068493151,CHIKV_RUN_S21b74_2025,55.528609,-21.330834
5509,1926,REU.3.1_1,REU.3.1_1,0.0814860003988687,0.565560991201544,0.484074990802676,2025.06919893111,2025.15068493151,CHIKV_RUN_S22b58_2025,55.388986,-21.25054
4996,57,REU.3.1_1,REU.3.1_1,0.0814141716105024,0.565560991201544,0.484146819591042,2025.0692707599,2025.15068493151,CHIKV_RUN_S21b29_2025,55.336113,-21.268849
6081,2040,REU.4.5_1,REU.4.4_1,0.0813574294586175,0.565560991201544,0.484203561742927,2025.06932750205,2025.15068493151,CHIKV_RUN_S35b77_2025,55.564873,-21.358894
4833,283,REU.4.3_1,REU.1.3_1,0.0802589504166905,0.565560991201544,0.485302040784854,2025.07042598109,2025.15068493151,CHIKV_RUN_S15b66_2025,55.653395,-20.973052
4766,1482,REU.4.3_1,REU.4.8_1,0.0773747509842962,0.565560991201544,0.488186240217248,2025.07331018052,2025.15068493151,CHIKV_RUN_S21b32_2025,55.481352,-21.314278
3364,509,REU.4.3_1,REU.4.6_1,0.0697081845430955,0.565560991201544,0.495852806658449,2025.08097674696,2025.15068493151,CHIKV_RUN_S21b19_2025,55.418728,-21.290946
3985,1706,REU.4.8_1,REU.4.8_1,0.0641220859406969,0.565560991201544,0.501438905260848,2025.08656284557,2025.15068493151,CHIKV_RUN_S21b55_2025,55.472824,-21.304821
6043,1797,REU.3.1_1,REU.4.6_1,0.0637360217695487,0.565560991201544,0.501824969431996,2025.08694890974,2025.15068493151,CHIKV_RUN_S35b68_2025,55.433726,-21.276805
3567,111,REU.4.3_1,REU.4.1_1,0.0576604790849801,0.565560991201544,0.507900512116564,2025.09302445242,2025.15068493151,CHIKV_RUN_S21b79_2025,55.466646,-21.144892
5252,2716,REU.4.8_1,REU.4.3_1,0.0555514872109176,0.565560991201544,0.510009503990627,2025.0951334443,2025.15068493151,CHIKV_RUN_S21b20_2025,55.524765,-21.270645
5549,2528,REU.4.1_1,REU.4.1_1,0.0550294044790491,0.565560991201544,0.510531586722495,2025.09565552703,2025.15068493151,CHIKV_RUN_S21b75_2025,55.477446,-21.169435
3602,65,REU.4.8_1,REU.3.3_1,0.0493741933160142,0.565560991201544,0.51618679788553,2025.10131073819,2025.15068493151,CHIKV_RUN_S21b37_2025,55.28447,-21.111307
4569,1269,REU.4.4_1,REU.4.4_1,0.0485346999007545,0.565560991201544,0.51702629130079,2025.10215023161,2025.15068493151,CHIKV_RUN_S13b67_2025,55.562923,-21.35388
5253,1864,REU.4.8_1,REU.4.6_1,0.0479313472032923,0.565560991201544,0.517629643998252,2025.1027535843,2025.15068493151,CHIKV_RUN_S13b83_2025,55.412502,-21.279366
4422,858,REU.4.3_1,REU.4.3_1,0.0454615363644882,0.565560991201544,0.520099454837056,2025.10522339514,2025.15068493151,CHIKV_RUN_S22b28_2025,55.539411,-21.238334
5860,2984,REU.4.8_1,REU.4.8_1,0.0435511259410057,0.565560991201544,0.522009865260539,2025.10713380557,2025.15068493151,CHIKV_RUN_S35b59_2025,55.483149,-21.337769
5367,2624,REU.4.8_1,REU.4.8_1,0.0403705543871741,0.565560991201544,0.52519043681437,2025.11031437712,2025.15068493151,CHIKV_RUN_S21b49_2025,55.478389,-21.285709
5257,1784,REU.4.6_1,REU.4.6_1,0.0360754425057237,0.565560991201544,0.529485548695821,2025.114609489,2025.15068493151,CHIKV_RUN_S21b56_2025,55.437328,-21.264116
6225,2002,REU.3.1_1,REU.3.1_1,0.0358888244227955,0.565560991201544,0.529672166778749,2025.11479610708,2025.15068493151,CHIKV_RUN_S21b23_2025,55.363019,-21.250659
4066,1126,REU.4.3_1,REU.4.6_1,0.0338985417328638,0.565560991201544,0.531662449468681,2025.11678638977,2025.15068493151,CHIKV_RUN_S21b30_2025,55.438904,-21.269211
6122,2095,REU.4.5_1,REU.3.5_1,0.0331910563936638,0.565560991201544,0.53236993480788,2025.11749387511,2025.15068493151,CHIKV_RUN_S21b42_2025,55.26568,-21.025643
4400,782,REU.4.8_1,REU.4.8_1,0.0316286718618666,0.565560991201544,0.533932319339678,2025.11905625965,2025.15068493151,CHIKV_RUN_S21b21_2025,55.476804,-21.285892
4045,891,REU.2.1_1,REU.2.1_1,0.0315993986706683,0.565560991201544,0.533961592530876,2025.11908553284,2025.15068493151,CHIKV_RUN_S35b88_2025,55.341718,-20.937803
5124,2143,REU.4.8_1,REU.4.8_1,0.0313251177340568,0.565560991201544,0.534235873467488,2025.11935981377,2025.15068493151,CHIKV_RUN_S35b65_2025,55.480522,-21.344532
3448,442,REU.4.8_1,REU.4.1_1,0.0305262682464791,0.565560991201544,0.535034722955065,2025.12015866326,2025.15068493151,CHIKV_RUN_S22b34_2025,55.47275,-21.143112
4114,1341,REU.4.3_1,REU.4.3_1,0.0303869632931967,0.565560991201544,0.535174027908348,2025.12029796821,2025.15068493151,CHIKV_RUN_S13b70_2025,55.51631,-21.296854
5260,2835,REU.4.6_1,REU.4.6_1,0.029633869228006,0.565560991201544,0.535927121973538,2025.12105106228,2025.15068493151,CHIKV_RUN_S21b45_2025,55.440178,-21.260841
3801,884,REU.4.3_1,REU.4.3_1,0.0290120982778723,0.565560991201544,0.536548892923672,2025.12167283323,2025.15068493151,CHIKV_RUN_S21b59_2025,55.510616,-21.236884
5211,1905,REU.3.1_1,REU.3.1_1,0.0219828950749648,0.565560991201544,0.54357809612658,2025.12870203643,2025.15068493151,CHIKV_RUN_S21b63_2025,55.335866,-21.273848
6205,2827,REU.4.3_1,REU.2.3_1,0.0217550647083609,0.565560991201544,0.543805926493184,2025.1289298668,2025.15068493151,CHIKV_RUN_S35b69_2025,55.470775,-20.901613
4730,1016,REU.2.3_1,REU.2.3_1,0.0216762664950417,0.565560991201544,0.543884724706503,2025.12900866501,2025.15068493151,CHIKV_RUN_S13b79_2025,55.444339,-20.895055
3949,1585,REU.4.8_1,REU.4.8_1,0.0208781974763863,0.565560991201544,0.544682793725158,2025.12980673403,2025.15068493151,CHIKV_RUN_S21b18_2025,55.473297,-21.335316
4027,1664,REU.4.3_1,REU.4.3_1,0.0201838059695593,0.565560991201544,0.545377185231985,2025.13050112554,2025.15068493151,CHIKV_RUN_S21b11_2025,55.537304,-21.252454
5655,2207,REU.4.6_1,REU.4.6_1,0.0200130354627321,0.565560991201544,0.545547955738812,2025.13067189604,2025.15068493151,CHIKV_RUN_S21b39_2025,55.440064,-21.256676
3576,1334,REU.4.8_1,REU.4.8_1,0.0183554230047297,0.565560991201544,0.547205568196815,2025.1323295085,2025.15068493151,CHIKV_RUN_S22b33_2025,55.482599,-21.277955
3188,2468,REU.4.6_1,REU.4.6_1,0.0165826334323231,0.565560991201544,0.548978357769221,2025.13410229807,2025.15068493151,CHIKV_RUN_S22b18_2025,55.421074,-21.253782
4763,1087,REU.4.3_1,REU.2.4_1,0.0156845845271155,0.565560991201544,0.549876406674429,2025.13500034698,2025.15068493151,CHIKV_RUN_S15b65_2025,55.57527,-20.927587
4587,1250,REU.4.8_1,REU.4.8_1,0.0152380147502025,0.565560991201544,0.550322976451342,2025.13544691676,2025.15068493151,CHIKV_RUN_S21b61_2025,55.459625,-21.292355
4396,786,REU.4.8_1,REU.4.8_1,0.0152284982052395,0.565560991201544,0.550332492996305,2025.1354564333,2025.15068493151,CHIKV_RUN_S21b13_2025,55.474649,-21.286325
4914,233,REU.4.5_1,REU.4.6_1,0.0136986522330204,0.565560991201544,0.551862338968524,2025.13698627927,2025.15068493151,CHIKV_RUN_S21b86_2025,55.41854,-21.283393
4625,1577,REU.4.3_1,REU.4.3_1,0.0111775919568735,0.565560991201544,0.554383399244671,2025.13950733955,2025.15068493151,CHIKV_RUN_S13b85_2025,55.511148,-21.283736
3957,1586,REU.4.8_1,REU.4.8_1,0.0107595897313135,0.565560991201544,0.554801401470231,2025.13992534178,2025.15068493151,CHIKV_RUN_S21b10_2025,55.458276,-21.297216
3319,500,REU.4.3_1,REU.4.3_1,0.0105819387703414,0.565560991201544,0.554979052431203,2025.14010299274,2025.15068493151,CHIKV_RUN_S21b47_2025,55.523534,-21.238463
4048,892,REU.2.1_1,REU.2.1_1,0.00988666793191295,0.565560991201544,0.555674323269632,2025.14079826358,2025.15068493151,CHIKV_RUN_S21b46_2025,55.331844,-20.958921
4423,802,REU.4.3_1,REU.4.3_1,0.00915721728055863,0.565560991201544,0.556403773920986,2025.14152771423,2025.15068493151,CHIKV_RUN_S35b75_2025,55.503625,-21.273697
4033,1658,REU.4.3_1,REU.4.3_1,0.00912295141752606,0.565560991201544,0.556438039784018,2025.14156198009,2025.15068493151,CHIKV_RUN_S22b14_2025,55.526059,-21.256546
3509,256,REU.4.8_1,REU.4.8_1,0.00671059236857463,0.565560991201544,0.55885039883297,2025.14397433914,2025.15068493151,CHIKV_RUN_S21b28_2025,55.492018,-21.302727
5603,2576,REU.3.1_1,REU.3.1_1,0.0058268189087447,0.565560991201544,0.5597341722928,2025.1448581126,2025.15068493151,CHIKV_RUN_S21b31_2025,55.364818,-21.26293
4169,1584,REU.4.8_1,REU.4.8_1,0.00562489578400538,0.565560991201544,0.559936095417539,2025.14506003572,2025.15068493151,CHIKV_RUN_S13b77_2025,55.462848,-21.334591
4096,102,REU.4.3_1,REU.1.2_1,0.00498596233623849,0.565560991201544,0.560575028865306,2025.14569896917,2025.15068493151,CHIKV_RUN_S15b68_2025,55.626601,-21.132939
3236,2730,REU.4.8_1,REU.4.8_1,0.00461484969585535,0.565560991201544,0.560946141505689,2025.14607008181,2025.15068493151,CHIKV_RUN_S21b67_2025,55.498282,-21.299974
4218,321,REU.4.3_1,REU.4.3_1,0.00435291088171141,0.565560991201544,0.561208080319833,2025.14633202063,2025.15068493151,CHIKV_RUN_S35b72_2025,55.523613,-21.261098
4888,174,REU.4.7_1,REU.4.7_1,0.00419132325867522,0.565560991201544,0.561369667942869,2025.14649360825,2025.15068493151,CHIKV_RUN_S13b86_2025,55.717646,-21.371602
3522,1629,REU.3.5_1,REU.3.5_1,0.00201038816800503,0.565560991201544,0.563550603033539,2025.14867454334,2025.15068493151,CHIKV_RUN_S22b17_2025,55.3288,-20.998901
4217,325,REU.4.3_1,REU.4.3_1,0.0013423328680704,0.565560991201544,0.564218658333474,2025.14934259864,2025.15068493151,CHIKV_RUN_S13b78_2025,55.518063,-21.285981
4383,656,REU.4.3_1,REU.4.3_1,0.000447995913363086,0.565560991201544,0.565112995288181,2025.15023693559,2025.15068493151,CHIKV_RUN_S21b58_2025,55.512236,-21.291815
3913,1302,REU.4.3_1,REU.4.3_1,8.90905647918938e-05,0.565560991201544,0.565471900636753,2025.15059584094,2025.15068493151,CHIKV_RUN_S13b71_2025,55.532668,-21.262135
4942,4943,REU.4.7_1,REU.4.5_1,0.0958293876063176,0.565602343019814,0.469772955413496,2025.05489689572,2025.15072628333,NA,NA,NA
3758,3759,REU.4.8_1,REU.4.8_1,0.0161966660381777,0.565604065802949,0.549407399764771,2025.13453134007,2025.15072800611,NA,NA,NA
5449,5450,REU.4.8_1,REU.4.8_1,0.00202727910751133,0.565686943257766,0.563659664150255,2025.14878360446,2025.15081088356,NA,NA,NA
3587,3588,REU.4.8_1,REU.4.8_1,0.151940028328434,0.565771954115679,0.413831925787244,2024.99895586609,2025.15089589442,NA,NA,NA
5695,5696,REU.3.1_1,REU.3.1_1,0.00315582983237239,0.565813075747329,0.562657245914956,2025.14778118622,2025.15093701605,NA,NA,NA
3802,3808,REU.4.3_1,REU.4.3_1,0.147619092624726,0.565866835439457,0.418247742814732,2025.00337168312,2025.15099077574,NA,NA,NA
4317,4318,REU.2.3_1,REU.2.3_1,0.0648488357776704,0.565899892054289,0.501051056276619,2025.08617499658,2025.15102383236,NA,NA,NA
4939,4940,REU.4.5_1,REU.4.5_1,0.0137001154408426,0.565903768614656,0.552203653173813,2025.13732759348,2025.15102770892,NA,NA,NA
4552,4553,REU.4.4_1,REU.4.4_1,0.0667547121883714,0.565946550853259,0.499191838664888,2025.08431577897,2025.15107049116,NA,NA,NA
5975,5976,REU.2.3_1,REU.2.3_1,0.0151737308698713,0.565964864003421,0.55079113313355,2025.13591507344,2025.15108880431,NA,NA,NA
4984,4985,REU.2.3_1,REU.2.3_1,0.0362490650657685,0.565984369035388,0.52973530396962,2025.11485924428,2025.15110830934,NA,NA,NA
3380,3382,REU.4.3_1,REU.4.3_1,0.00757480206902439,0.566017578797597,0.558442776728572,2025.14356671703,2025.1511415191,NA,NA,NA
6189,6190,REU.4.8_1,REU.3.3_1,0.105500769516958,0.566029357841921,0.460528588324963,2025.04565252863,2025.15115329815,NA,NA,NA
4865,4866,REU.4.8_1,REU.4.8_1,0.00876541926104224,0.566046976337496,0.557281557076454,2025.14240549738,2025.15117091664,NA,NA,NA
6186,6187,REU.4.8_1,REU.4.8_1,0.0438445603790394,0.56606303943082,0.52221847905178,2025.10734241936,2025.15118697974,NA,NA,NA
5549,5550,REU.4.1_1,REU.4.1_1,0.0555565349953085,0.566088121717804,0.510531586722495,2025.09565552703,2025.15121206202,NA,NA,NA
3467,3468,REU.4.3_1,REU.4.3_1,0.0894599035285465,0.566108208192511,0.476648304663964,2025.06177224497,2025.1512321485,NA,NA,NA
5903,5907,REU.3.4_1,REU.4.8_1,0.0730311023322531,0.566150540256558,0.493119437924305,2025.07824337823,2025.15127448056,NA,NA,NA
4342,4343,REU.4.8_1,REU.4.5_1,0.0135763586121651,0.566179344003435,0.55260298539127,2025.1377269257,2025.15130328431,NA,NA,NA
4679,4680,REU.4.8_1,REU.4.8_1,0.0170379794006612,0.566305376051896,0.549267396651235,2025.13439133696,2025.15142931636,NA,NA,NA
3782,3787,REU.4.3_1,REU.4.3_1,0.108333669370401,0.566323032980232,0.457989363609831,2025.04311330392,2025.15144697329,NA,NA,NA
3232,3233,REU.4.4_1,REU.4.4_1,0.0296045663051715,0.566340877758096,0.536736311452924,2025.12186025176,2025.15146481806,NA,NA,NA
5159,5162,REU.3.1_1,REU.3.2_1,0.0871274921523457,0.566344516223747,0.479217024071401,2025.06434096438,2025.15146845653,NA,NA,NA
3424,3426,REU.4.3_1,REU.4.3_1,0.0763200436425246,0.566368894981886,0.490048851339361,2025.07517279164,2025.15149283529,NA,NA,NA
5316,5317,REU.4.8_1,REU.4.4_1,0.0348994556936881,0.566412146678556,0.531512690984868,2025.11663663129,2025.15153608698,NA,NA,NA
5692,5693,REU.4.3_1,REU.4.3_1,0.0579819613424513,0.566436218229809,0.508454256887358,2025.09357819719,2025.15156015854,NA,NA,NA
5544,5545,REU.4.1_1,REU.4.1_1,0.0443742868650297,0.566443368346416,0.522069081481387,2025.10719302179,2025.15156730865,NA,NA,NA
5162,5163,REU.3.2_1,REU.3.2_1,0.000140421601924734,0.566484937825671,0.566344516223747,2025.15146845653,2025.15160887813,NA,NA,NA
4373,4375,REU.4.6_1,REU.4.8_1,0.0294852807996198,0.566564902594741,0.537079621795121,2025.1222035621,2025.1516888429,NA,NA,NA
3879,3881,REU.3.5_1,REU.3.5_1,0.0175718975214163,0.566567894827032,0.548995997305616,2025.13411993761,2025.15169183513,NA,NA,NA
4162,4163,REU.4.3_1,REU.4.3_1,0.0568013420008826,0.566682064020547,0.509880722019664,2025.09500466232,2025.15180600433,NA,NA,NA
6176,6178,REU.4.8_1,REU.4.8_1,0.0201040979858509,0.566695283379265,0.546591185393414,2025.1317151257,2025.15181922368,NA,NA,NA
5647,5648,REU.4.8_1,REU.4.8_1,0.0369259799339007,0.566779705310283,0.529853725376383,2025.11497766568,2025.15190364562,NA,NA,NA
4900,4901,REU.2.3_1,REU.2.3_1,0.0161110166670588,0.566798735881012,0.550687719213953,2025.13581165952,2025.15192267619,NA,NA,NA
3460,3461,REU.4.8_1,REU.4.8_1,0.0174752775820253,0.566832635029702,0.549357357447677,2025.13448129775,2025.15195657534,NA,NA,NA
6141,6142,REU.4.5_1,REU.4.5_1,0.0048172373429477,0.566965079036775,0.562147841693827,2025.147271782,2025.15208901934,NA,NA,NA
4494,4495,REU.4.3_1,REU.4.3_1,0.0567888391290942,0.567017904447975,0.510229065318881,2025.09535300562,2025.15214184475,NA,NA,NA
3515,3516,REU.3.5_1,REU.3.5_1,0.00354688894734156,0.567250423146698,0.563703534199356,2025.1488274745,2025.15237436345,NA,NA,NA
4759,4760,REU.4.8_1,REU.4.3_1,0.0185423811768464,0.567393441723246,0.548851060546399,2025.13397500085,2025.15251738203,NA,NA,NA
3408,3409,REU.4.3_1,REU.4.3_1,0.0131554107809821,0.567402266068863,0.554246855287881,2025.13937079559,2025.15252620637,NA,NA,NA
4918,4919,REU.4.7_1,REU.4.7_1,0.037899560315888,0.567420407331881,0.529520847015993,2025.11464478732,2025.15254434764,NA,NA,NA
4402,4403,REU.4.8_1,REU.4.8_1,0.0286848566375509,0.567482786647065,0.538797930009514,2025.12392187031,2025.15260672695,NA,NA,NA
3494,3496,REU.4.8_1,REU.4.8_1,0.0105404127942564,0.567541146110167,0.557000733315911,2025.14212467362,2025.15266508642,NA,NA,NA
4714,4715,REU.2.3_1,REU.2.3_1,0.0222788432637886,0.567581924745238,0.545303081481449,2025.13042702179,2025.15270586505,NA,NA,NA
3440,3441,REU.4.8_1,REU.4.8_1,0.0457205279838437,0.567654888686487,0.521934360702643,2025.10705830101,2025.15277882899,NA,NA,NA
3713,3714,REU.3.5_1,REU.3.5_1,0.0779065887962681,0.567698051235993,0.489791462439724,2025.07491540275,2025.15282199154,NA,NA,NA
4143,4144,REU.4.3_1,REU.4.8_1,0.0252804719063764,0.567708783274494,0.542428311368118,2025.12755225167,2025.15283272358,NA,NA,NA
3731,3732,REU.3.5_1,REU.3.5_1,0.0363706337939622,0.567746522947666,0.531375889153703,2025.11649982946,2025.15287046325,NA,NA,NA
3934,3935,REU.4.3_1,REU.4.3_1,0.0361027879365898,0.567812228456093,0.531709440519503,2025.11683338082,2025.15293616876,NA,NA,NA
5972,5973,REU.2.3_1,REU.2.3_1,0.0321836551716822,0.567881134283582,0.535697479111899,2025.12082141942,2025.15300507459,NA,NA,NA
5352,5353,REU.3.1_1,REU.3.1_1,0.0410559356265443,0.568003310804879,0.526947375178335,2025.11207131548,2025.15312725111,NA,NA,NA
4207,4212,REU.4.3_1,REU.2.3_1,0.0577795619181051,0.568044590185568,0.510265028267463,2025.09538896857,2025.15316853049,NA,NA,NA
3123,3131,REU.3.4_1,REU.3.4_1,0.110153763061906,0.5680470162161,0.457893253154194,2025.04301719346,2025.15317095652,NA,NA,NA
5658,5660,REU.4.8_1,REU.4.8_1,0.00531252737596333,0.568058273855599,0.562745746479635,2025.14786968679,2025.15318221416,NA,NA,NA
5358,5359,REU.4.3_1,REU.2.2_1,0.127514817310114,0.568138425029485,0.440623607719371,2025.02574754802,2025.15326236533,NA,NA,NA
5205,5206,REU.4.6_1,REU.4.8_1,0.0474953903405793,0.568179883843205,0.520684493502626,2025.10580843381,2025.15330382415,NA,NA,NA
3636,3637,REU.4.3_1,REU.4.3_1,0.0361948684270018,0.568199126498032,0.53200425807103,2025.11712819838,2025.1533230668,NA,NA,NA
5500,5501,REU.3.1_1,REU.3.1_1,0.116071646374181,0.568220947120142,0.452149300745961,2025.03727324105,2025.15334488743,NA,NA,NA
5928,5929,REU.2.3_1,REU.2.3_1,0.031502823308804,0.568285356140681,0.536782532831877,2025.12190647314,2025.15340929645,NA,NA,NA
4502,1452,REU.4.3_1,REU.4.6_1,0.134956483852212,0.568300717228902,0.43334423337669,2025.01846817368,2025.15342465753,CHIKV_RUN_S21b35_2025,55.408711,-21.289178
5574,2486,REU.3.1_1,REU.3.5_1,0.108154158676097,0.568300717228902,0.460146558552805,2025.04527049886,2025.15342465753,CHIKV_RUN_S21b50_2025,55.285628,-21.089236
3797,881,REU.4.3_1,REU.4.3_1,0.0795834081364891,0.568300717228902,0.488717309092413,2025.0738412494,2025.15342465753,CHIKV_RUN_S13b90_2025,55.512085,-21.236172
5038,1901,REU.3.4_1,REU.3.4_1,0.0722354742167792,0.568300717228902,0.496065243012123,2025.08118918332,2025.15342465753,CHIKV_RUN_S22b59_2025,55.303985,-21.173627
4390,781,REU.4.8_1,REU.4.8_1,0.0656988460751302,0.568300717228902,0.502601871153772,2025.08772581146,2025.15342465753,CHIKV_RUN_S22b29_2025,55.477033,-21.287757
5622,2477,REU.3.1_1,REU.3.1_1,0.0574049957826428,0.568300717228902,0.510895721446259,2025.09601966175,2025.15342465753,CHIKV_RUN_S21b78_2025,55.36739,-21.251415
3666,1496,REU.4.3_1,REU.3.1_1,0.0524664956089261,0.568300717228902,0.515834221619976,2025.10095816193,2025.15342465753,CHIKV_RUN_S22b21_2025,55.371738,-21.266489
4117,933,REU.4.3_1,REU.4.3_1,0.0503701442072737,0.568300717228902,0.517930573021628,2025.10305451333,2025.15342465753,CHIKV_RUN_S13b87_2025,55.510972,-21.289362
4388,807,REU.4.8_1,REU.4.8_1,0.0443762385832721,0.568300717228902,0.52392447864563,2025.10904841895,2025.15342465753,CHIKV_RUN_S35b90_2025,55.481762,-21.346205
5340,2287,REU.4.3_1,REU.4.3_1,0.0426113729032287,0.568300717228902,0.525689344325673,2025.11081328463,2025.15342465753,CHIKV_RUN_S21b44_2025,55.518603,-21.29672
3826,98,REU.4.3_1,REU.4.3_1,0.0419168536534065,0.568300717228902,0.526383863575495,2025.11150780388,2025.15342465753,CHIKV_RUN_S14b30_2025,55.520338,-21.268537
3807,1394,REU.4.8_1,REU.2.1_1,0.0386106926972117,0.568300717228902,0.52969002453169,2025.11481396484,2025.15342465753,CHIKV_RUN_S13b88_2025,55.340153,-20.937131
4949,223,REU.4.5_1,REU.4.5_1,0.0381050670212271,0.568300717228902,0.530195650207675,2025.11531959051,2025.15342465753,CHIKV_RUN_S14b34_2025,55.593875,-21.366009
4703,994,REU.2.3_1,REU.2.3_1,0.0364592034134361,0.568300717228902,0.531841513815466,2025.11696545412,2025.15342465753,CHIKV_RUN_S35b80_2025,55.490575,-20.922373
5963,2853,REU.2.1_1,REU.2.1_1,0.0360843775931884,0.568300717228902,0.532216339635713,2025.11734027994,2025.15342465753,CHIKV_RUN_S35b76_2025,55.338492,-20.956196
4606,1254,REU.4.4_1,REU.4.5_1,0.0353396444761802,0.568300717228902,0.532961072752722,2025.11808501306,2025.15342465753,CHIKV_RUN_S21b60_2025,55.617375,-21.375613
3562,293,REU.4.3_1,REU.4.5_1,0.0350232494690343,0.568300717228902,0.533277467759868,2025.11840140807,2025.15342465753,CHIKV_RUN_S22b66_2025,55.602883,-21.332519
4418,672,REU.4.3_1,REU.4.8_1,0.0350187707821785,0.568300717228902,0.533281946446723,2025.11840588675,2025.15342465753,CHIKV_RUN_S22b26_2025,55.502758,-21.295395
5341,2283,REU.4.8_1,REU.4.8_1,0.0317830204004965,0.568300717228902,0.536517696828405,2025.12164163713,2025.15342465753,CHIKV_RUN_S21b36_2025,55.533664,-21.316372
6162,2122,REU.4.5_1,REU.4.8_1,0.029588108131678,0.568300717228902,0.538712609097224,2025.1238365494,2025.15342465753,CHIKV_RUN_S13b82_2025,55.527768,-21.330149
5713,1635,REU.4.8_1,REU.4.8_1,0.0278961554155386,0.568300717228902,0.540404561813363,2025.12552850212,2025.15342465753,CHIKV_RUN_S21b57_2025,55.472224,-21.311853
4247,803,REU.4.3_1,REU.4.3_1,0.0260067364752707,0.568300717228902,0.542293980753631,2025.12741792106,2025.15342465753,CHIKV_RUN_S13b89_2025,55.513214,-21.285639
6071,1851,REU.3.1_1,REU.3.1_1,0.0250225563301981,0.568300717228902,0.543278160898704,2025.1284021012,2025.15342465753,CHIKV_RUN_S21b70_2025,55.337482,-21.270987
4669,122,REU.3.5_1,REU.3.5_1,0.0245749093933993,0.568300717228902,0.543725807835503,2025.12884974814,2025.15342465753,CHIKV_RUN_S14b07_2025,55.270136,-21.083703
5258,3009,REU.3.2_1,REU.3.2_1,0.0234814054403524,0.568300717228902,0.54481931178855,2025.12994325209,2025.15342465753,CHIKV_RUN_S22b61_2025,55.340688,-21.242198
4133,1935,REU.4.8_1,REU.4.6_1,0.0199644656599627,0.568300717228902,0.548336251568939,2025.13346019187,2025.15342465753,CHIKV_RUN_S21b51_2025,55.436296,-21.26359
4086,1103,REU.4.3_1,REU.4.3_1,0.0152444945374615,0.568300717228902,0.55305622269144,2025.138180163,2025.15342465753,CHIKV_RUN_S35b92_2025,55.541191,-21.257468
3674,1501,REU.4.3_1,REU.4.3_1,0.0144566764251404,0.568300717228902,0.553844040803761,2025.13896798111,2025.15342465753,CHIKV_RUN_S13b84_2025,55.511534,-21.232849
3633,1517,REU.4.8_1,REU.4.8_1,0.01202912355106,0.568300717228902,0.556271593677842,2025.14139553398,2025.15342465753,CHIKV_RUN_S35b66_2025,55.484298,-21.257965
4865,365,REU.4.8_1,REU.3.1_1,0.0110191601524476,0.568300717228902,0.557281557076454,2025.14240549738,2025.15342465753,CHIKV_RUN_S22b63_2025,55.370369,-21.281844
4262,746,REU.4.8_1,REU.4.8_1,0.0103890737677792,0.568300717228902,0.557911643461123,2025.14303558377,2025.15342465753,CHIKV_RUN_S35b61_2025,55.487301,-21.345641
4570,1256,REU.4.4_1,REU.4.4_1,0.00745376636256045,0.568300717228902,0.560846950866341,2025.14597089117,2025.15342465753,CHIKV_RUN_S35b60_2025,55.566791,-21.348393
4668,166,REU.3.5_1,REU.3.5_1,0.00682796536365249,0.568300717228902,0.561472751865249,2025.14659669217,2025.15342465753,CHIKV_RUN_S14b06_2025,55.271828,-21.08516
5449,1879,REU.4.8_1,REU.4.4_1,0.00464105307864704,0.568300717228902,0.563659664150255,2025.14878360446,2025.15342465753,CHIKV_RUN_S14b32_2025,55.563997,-21.348199
3148,2446,REU.4.8_1,REU.3.5_1,0.0045062740329147,0.568300717228902,0.563794443195987,2025.1489183835,2025.15342465753,CHIKV_RUN_S22b76_2025,55.223868,-21.048254
3609,89,REU.3.3_1,REU.3.3_1,0.0028084759921615,0.568300717228902,0.56549224123674,2025.15061618154,2025.15342465753,CHIKV_RUN_S21b54_2025,55.289794,-21.107537
5317,2291,REU.4.4_1,REU.4.4_1,0.00188857055034541,0.568300717228902,0.566412146678556,2025.15153608698,2025.15342465753,CHIKV_RUN_S35b78_2025,55.551897,-21.350346
4144,1612,REU.4.8_1,REU.3.2_1,0.000591933954407375,0.568300717228902,0.567708783274494,2025.15283272358,2025.15342465753,CHIKV_RUN_S22b67_2025,55.333221,-21.240232
5206,1912,REU.4.8_1,REU.4.8_1,0.000120833385696795,0.568300717228902,0.568179883843205,2025.15330382415,2025.15342465753,CHIKV_RUN_S21b40_2025,55.46748,-21.301269
4126,4127,REU.4.3_1,REU.4.8_1,0.104793560562589,0.568305004737744,0.463511444175155,2025.04863538448,2025.15342894504,NA,NA,NA
3752,3753,REU.4.8_1,REU.2.1_1,0.0435854668803055,0.568356767027166,0.524771300146861,2025.10989524045,2025.15348070733,NA,NA,NA
5212,5214,REU.3.1_1,REU.3.1_1,0.0213045388293739,0.568473685309355,0.547169146479981,2025.13229308679,2025.15359762561,NA,NA,NA
6151,6153,REU.4.5_1,REU.4.5_1,0.0203994940930025,0.568561344746302,0.548161850653299,2025.13328579096,2025.15368528505,NA,NA,NA
4766,4767,REU.4.3_1,REU.4.8_1,0.080447138017704,0.568633378234952,0.488186240217248,2025.07331018052,2025.15375731854,NA,NA,NA
3404,3405,REU.4.3_1,REU.4.3_1,0.0763342172348884,0.568771530650347,0.492437313415459,2025.07756125372,2025.15389547096,NA,NA,NA
4911,4912,REU.4.5_1,REU.4.5_1,0.0151945291243121,0.568824792275198,0.553630263150886,2025.13875420346,2025.15394873258,NA,NA,NA
3341,3342,REU.2.5_1,REU.2.5_1,0.00489154850562046,0.5689003459979,0.56400879749228,2025.1491327378,2025.1540242863,NA,NA,NA
4477,4479,REU.4.8_1,REU.4.8_1,0.00390968546924064,0.569037997277863,0.565128311808622,2025.15025225211,2025.15416193758,NA,NA,NA
3743,3747,REU.3.5_1,REU.3.5_1,0.0689088914903114,0.569066205329651,0.50015731383934,2025.08528125414,2025.15419014564,NA,NA,NA
5154,5156,REU.3.1_1,REU.3.1_1,0.0272932883211641,0.569085031521474,0.54179174320031,2025.12691568351,2025.15420897183,NA,NA,NA
4284,4285,REU.4.3_1,REU.4.3_1,0.0265014169104301,0.56918046115001,0.54267904423958,2025.12780298455,2025.15430440146,NA,NA,NA
3995,4006,REU.2.3_1,REU.2.3_1,0.0411169830840385,0.56918570853996,0.528068725455921,2025.11319266576,2025.15430964885,NA,NA,NA
5948,5949,REU.2.3_1,REU.2.4_1,0.0153575436018647,0.569334361250313,0.553976817648449,2025.13910075795,2025.15445830156,NA,NA,NA
3696,3697,REU.4.3_1,REU.4.3_1,0.0553248763614365,0.569379840347548,0.514054963986112,2025.09917890429,2025.15450378065,NA,NA,NA
5828,5829,REU.4.6_1,REU.4.6_1,0.00938756098186233,0.569381006960325,0.559993445978463,2025.14511738628,2025.15450494727,NA,NA,NA
4919,4920,REU.4.7_1,REU.4.7_1,0.00200683714209271,0.569427244473974,0.567420407331881,2025.15254434764,2025.15455118478,NA,NA,NA
5235,5241,REU.2.3_1,REU.4.8_1,0.1010780581521,0.56946672614632,0.46838866799422,2025.0535126083,2025.15459066645,NA,NA,NA
3534,3535,REU.4.3_1,REU.4.3_1,0.0580305792499818,0.569479613444664,0.511449034194682,2025.0965729745,2025.15460355375,NA,NA,NA
5367,5368,REU.4.8_1,REU.4.6_1,0.0446168754938051,0.569807312308175,0.52519043681437,2025.11031437712,2025.15493125261,NA,NA,NA
5815,5816,REU.2.3_1,REU.2.3_1,0.0232479917931563,0.569836780146288,0.546588788353132,2025.13171272866,2025.15496072045,NA,NA,NA
3966,3970,REU.4.8_1,REU.4.8_1,0.0477522420198218,0.569846364510045,0.522094122490223,2025.1072180628,2025.15497030482,NA,NA,NA
4363,4365,REU.4.3_1,REU.4.3_1,0.0556370129347254,0.569936356167204,0.514299343232479,2025.09942328354,2025.15506029647,NA,NA,NA
4943,4944,REU.4.5_1,REU.4.5_1,0.00436244544138931,0.569964788461203,0.565602343019814,2025.15072628333,2025.15508872877,NA,NA,NA
4944,4946,REU.4.5_1,REU.4.5_1,6.7345446235545e-05,0.570032133907439,0.569964788461203,2025.15508872877,2025.15515607421,NA,NA,NA
6108,6109,REU.4.5_1,REU.4.5_1,0.00514893077407885,0.57004902912996,0.564900098355881,2025.15002403866,2025.15517296944,NA,NA,NA
5393,5394,REU.3.2_1,REU.3.2_1,0.00834171871474731,0.570076881144234,0.561735162429487,2025.14685910273,2025.15520082145,NA,NA,NA
4586,4588,REU.4.8_1,REU.4.3_1,0.0273102968664494,0.570371157642546,0.543060860776096,2025.12818480108,2025.15549509795,NA,NA,NA
3337,3338,REU.4.3_1,REU.4.3_1,0.0890747852804741,0.570454608010425,0.481379822729951,2025.06650376304,2025.15557854832,NA,NA,NA
4363,4364,REU.4.3_1,REU.4.3_1,0.0562484217123429,0.570547764944822,0.514299343232479,2025.09942328354,2025.15567170525,NA,NA,NA
5678,5679,REU.4.8_1,REU.3.1_1,0.00891737291306871,0.570646176225468,0.561728803312399,2025.14685274362,2025.15577011653,NA,NA,NA
3579,3581,REU.2.2_1,REU.2.2_1,0.0268921004313324,0.570671318041684,0.543779217610352,2025.12890315792,2025.15579525835,NA,NA,NA
4495,4496,REU.4.3_1,REU.4.3_1,0.00370616437052351,0.570724068818499,0.567017904447975,2025.15214184475,2025.15584800912,NA,NA,NA
3879,3880,REU.3.5_1,REU.3.5_1,0.0217640499705651,0.570760047276181,0.548995997305616,2025.13411993761,2025.15588398758,NA,NA,NA
3554,3555,REU.4.3_1,REU.4.3_1,0.00990105228920746,0.570811311736491,0.560910259447283,2025.14603419975,2025.15593525204,NA,NA,NA
5285,5290,REU.4.8_1,REU.4.8_1,0.0210496514047835,0.570859142554064,0.54980949114928,2025.13493343145,2025.15598308286,NA,NA,NA
5245,5246,REU.4.8_1,REU.4.6_1,0.0346795241805362,0.570893439775204,0.536213915594668,2025.1213378559,2025.15601738008,NA,NA,NA
3414,3415,REU.4.3_1,REU.3.5_1,0.0174909421446159,0.570901166315411,0.553410224170795,2025.13853416448,2025.15602510662,NA,NA,NA
4850,4851,REU.4.3_1,REU.2.3_1,0.00998705651742304,0.570932377286484,0.560945320769061,2025.14606926107,2025.15605631759,NA,NA,NA
4727,4729,REU.2.3_1,REU.2.3_1,0.021090482439494,0.57103043946698,0.549939957027487,2025.13506389733,2025.15615437977,NA,NA,NA
4549,1257,REU.4.4_1,REU.4.4_1,0.120465299776702,0.571040443256259,0.450575143479557,2025.03569908378,2025.15616438356,CHIKV_RUN_S14b37_2025,55.561036,-21.338621
3780,615,REU.4.3_1,REU.4.8_1,0.089212587140205,0.571040443256259,0.481827856116054,2025.06695179642,2025.15616438356,CHIKV_RUN_S14b10_2025,55.489611,-21.276861
3451,388,REU.4.3_1,REU.4.3_1,0.0440068701745383,0.571040443256259,0.527033573081721,2025.11215751339,2025.15616438356,CHIKV_RUN_S35b73_2025,55.522762,-21.281672
5393,3055,REU.3.2_1,REU.3.2_1,0.00930528082677273,0.571040443256259,0.561735162429487,2025.14685910273,2025.15616438356,CHIKV_RUN_S14b25_2025,55.336888,-21.2427
6127,2099,REU.4.5_1,REU.4.5_1,0.00675200514113627,0.571040443256259,0.564288438115123,2025.14941237842,2025.15616438356,CHIKV_RUN_S14b26_2025,55.632211,-21.332511
3935,1312,REU.4.3_1,REU.4.3_1,0.00322821480016611,0.571040443256259,0.567812228456093,2025.15293616876,2025.15616438356,CHIKV_RUN_S14b23_2025,55.524084,-21.278363
3131,2464,REU.3.4_1,REU.3.4_1,0.00299342704015892,0.571040443256259,0.5680470162161,2025.15317095652,2025.15616438356,CHIKV_RUN_S14b35_2025,55.310861,-21.220284
3637,1515,REU.4.3_1,REU.2.2_1,0.00284131675822696,0.571040443256259,0.568199126498032,2025.1533230668,2025.15616438356,CHIKV_RUN_S35b79_2025,55.300556,-20.942792
4364,711,REU.4.3_1,REU.4.3_1,0.000492678311437511,0.571040443256259,0.570547764944822,2025.15567170525,2025.15616438356,CHIKV_RUN_S14b31_2025,55.487883,-21.255229
3338,3339,REU.4.3_1,REU.4.3_1,0.000596338063680091,0.571050946074105,0.570454608010425,2025.15557854832,2025.15617488638,NA,NA,NA
3504,3505,REU.4.3_1,REU.4.3_1,0.0361645985746124,0.571290305755088,0.535125707180476,2025.12024964749,2025.15641424606,NA,NA,NA
6165,6166,REU.4.5_1,REU.4.5_1,0.08991922645731,0.571339090361826,0.481419863904516,2025.06654380421,2025.15646303067,NA,NA,NA
4099,4100,REU.4.3_1,REU.4.3_1,0.0723468426931153,0.571355530167445,0.49900868747433,2025.08413262778,2025.15647947047,NA,NA,NA
5851,5852,REU.3.4_1,REU.3.4_1,0.0410358989493267,0.571364758056738,0.530328859107412,2025.11545279941,2025.15648869836,NA,NA,NA
4140,4141,REU.4.3_1,REU.4.3_1,0.00971585053628465,0.571471320912372,0.561755470376087,2025.14687941068,2025.15659526122,NA,NA,NA
5440,5447,REU.3.1_1,REU.3.1_1,0.0307947307902404,0.571502663796096,0.540707933005855,2025.12583187331,2025.1566266041,NA,NA,NA
3476,3477,REU.4.8_1,REU.4.8_1,0.0141515910193812,0.571522436902229,0.557370845882848,2025.14249478619,2025.15664637721,NA,NA,NA
4967,4968,REU.2.3_1,REU.2.3_1,0.0628670212140503,0.57158879343583,0.508721772221779,2025.09384571253,2025.15671273374,NA,NA,NA
3530,3531,REU.4.3_1,REU.4.3_1,0.0133975193867151,0.571591540258686,0.55819402087197,2025.14331796118,2025.15671548056,NA,NA,NA
4337,4338,REU.4.3_1,REU.4.3_1,0.00976691446819322,0.571594923116273,0.56182800864808,2025.14695194895,2025.15671886342,NA,NA,NA
5605,5607,REU.3.1_1,REU.3.1_1,0.0117480080144106,0.571605308310785,0.559857300296374,2025.1449812406,2025.15672924862,NA,NA,NA
5945,5953,REU.2.3_1,REU.2.3_1,0.0471031411854661,0.571616530079142,0.524513388893676,2025.1096373292,2025.15674047038,NA,NA,NA
3258,3261,REU.4.3_1,REU.4.3_1,0.00668507722230216,0.571947894668481,0.565262817446179,2025.15038675775,2025.15707183497,NA,NA,NA
4278,4279,REU.4.3_1,REU.4.3_1,0.0122322649775706,0.571957852092581,0.559725587115011,2025.14484952742,2025.1570817924,NA,NA,NA
4373,4374,REU.4.6_1,REU.4.6_1,0.0349257014029493,0.57200532319807,0.537079621795121,2025.1222035621,2025.1571292635,NA,NA,NA
5989,5990,REU.2.3_1,REU.2.3_1,0.0278044754562426,0.572072012899006,0.544267537442764,2025.12939147775,2025.1571959532,NA,NA,NA
4014,4020,REU.4.3_1,REU.4.3_1,0.08527682226713,0.572106140138652,0.486829317871523,2025.07195325818,2025.15723008044,NA,NA,NA
4790,4791,REU.4.8_1,REU.4.8_1,0.0296872846152731,0.572159724945254,0.542472440329981,2025.12759638064,2025.15728366525,NA,NA,NA
4074,4082,REU.4.3_1,REU.4.3_1,0.0801680397292951,0.572199279362159,0.492031239632864,2025.07715517994,2025.15732321967,NA,NA,NA
5992,5996,REU.2.3_1,REU.2.3_1,0.0485839496021697,0.572221998953503,0.523638049351333,2025.10876198966,2025.15734593926,NA,NA,NA
4980,4981,REU.2.3_1,REU.2.3_1,0.0303272530970103,0.572244823880549,0.541917570783539,2025.12704151109,2025.15736876419,NA,NA,NA
5686,5687,REU.4.3_1,REU.4.3_1,0.0761166099314776,0.572320616146419,0.496204006214942,2025.08132794652,2025.15744455645,NA,NA,NA
3155,3156,REU.3.4_1,REU.3.4_1,0.0307800569183136,0.572333979112275,0.541553922193961,2025.1266778625,2025.15745791942,NA,NA,NA
3183,3185,REU.4.6_1,REU.4.6_1,0.0227932504472429,0.572450215605775,0.549656965158532,2025.13478090546,2025.15757415591,NA,NA,NA
4641,4642,REU.2.3_1,REU.2.3_1,0.0580412352942707,0.572625897681516,0.514584662387245,2025.09970860269,2025.15774983799,NA,NA,NA
4133,4134,REU.4.8_1,REU.4.8_1,0.0246665594267619,0.573002810995701,0.548336251568939,2025.13346019187,2025.1581267513,NA,NA,NA
3390,3391,REU.4.3_1,REU.4.3_1,0.024284716865538,0.57307384045806,0.548789123592522,2025.1339130639,2025.15819778076,NA,NA,NA
4383,4384,REU.4.3_1,REU.4.3_1,0.00796589156415417,0.573078886852336,0.565112995288181,2025.15023693559,2025.15820282716,NA,NA,NA
3399,3401,REU.4.3_1,REU.4.3_1,0.0117853770483929,0.573187208757175,0.561401831708782,2025.14652577201,2025.15831114906,NA,NA,NA
5794,5796,REU.2.3_1,REU.2.3_1,0.0167102919196188,0.573213459127887,0.556503167208268,2025.14162710751,2025.15833739943,NA,NA,NA
5477,5478,REU.3.5_1,REU.2.3_1,0.117862539320377,0.57326029052882,0.455397751208443,2025.04052169151,2025.15838423083,NA,NA,NA
4557,4558,REU.4.5_1,REU.4.5_1,0.0278394254767674,0.573284512474507,0.545445086997739,2025.1305690273,2025.15840845278,NA,NA,NA
6095,6096,REU.4.5_1,REU.4.5_1,0.0353197569298086,0.573303496571857,0.537983739642048,2025.12310767995,2025.15842743688,NA,NA,NA
5876,5877,REU.3.4_1,REU.3.4_1,0.0212830967476615,0.573649676619352,0.552366579871691,2025.13749052018,2025.15877361692,NA,NA,NA
5740,5741,REU.2.5_1,REU.2.5_1,0.0818578569908316,0.57365789079534,0.491800033804509,2025.07692397411,2025.1587818311,NA,NA,NA
5660,5661,REU.4.8_1,REU.1.4_1,0.00562694182707446,0.573685215682673,0.568058273855599,2025.15318221416,2025.15880915599,NA,NA,NA
4595,4596,REU.4.8_1,REU.4.8_1,0.0227955461438485,0.573707853178159,0.550912307034311,2025.13603624734,2025.15883179348,NA,NA,NA
3385,3386,REU.4.8_1,REU.3.4_1,0.0687056160018396,0.573717824304327,0.505012208302488,2025.09013614861,2025.15884176461,NA,NA,NA
4163,4164,REU.4.3_1,REU.4.3_1,0.00704953891831961,0.573731602938866,0.566682064020547,2025.15180600433,2025.15885554324,NA,NA,NA
4082,4083,REU.4.3_1,REU.4.3_1,0.0015380483030385,0.573737327665198,0.572199279362159,2025.15732321967,2025.15886126797,NA,NA,NA
5358,3060,REU.4.3_1,REU.4.3_1,0.133156561564245,0.573780169283617,0.440623607719371,2025.02574754802,2025.15890410959,CHIKV_RUN_S14b21_2025,55.498797,-21.258041
5335,2259,REU.4.3_1,REU.4.3_1,0.0292427842245858,0.573780169283617,0.544537385059031,2025.12966132536,2025.15890410959,CHIKV_RUN_S14b24_2025,55.516538,-21.280238
4553,1209,REU.4.4_1,REU.4.4_1,0.00783361843035724,0.573780169283617,0.565946550853259,2025.15107049116,2025.15890410959,CHIKV_RUN_S14b22_2025,55.55582,-21.342746
5139,5140,REU.4.3_1,REU.4.3_1,0.0398892501041284,0.573830173310337,0.533940923206208,2025.11906486351,2025.15895411362,NA,NA,NA
4742,4743,REU.2.3_1,REU.2.3_1,0.0555370981475761,0.573894057746846,0.518356959599269,2025.1034808999,2025.15901799805,NA,NA,NA
4477,4478,REU.4.8_1,REU.4.8_1,0.00878669392970277,0.573915005738325,0.565128311808622,2025.15025225211,2025.15903894604,NA,NA,NA
3273,3274,REU.4.5_1,REU.4.5_1,0.0164528153132504,0.573915607737412,0.557462792424162,2025.14258673273,2025.15903954804,NA,NA,NA
4515,4516,REU.4.3_1,REU.3.5_1,0.157115340373627,0.573960196531461,0.416844856157834,2025.00196879646,2025.15908413684,NA,NA,NA
4506,4507,REU.4.8_1,REU.4.5_1,0.0395711904596057,0.574083170628838,0.534511980169232,2025.11963592047,2025.15920711093,NA,NA,NA
4698,4699,REU.2.3_1,REU.2.3_1,0.0523231694026056,0.57416902810114,0.521845858698534,2025.106969799,2025.15929296841,NA,NA,NA
5550,5551,REU.4.1_1,REU.4.1_1,0.00821122334854107,0.574299345066345,0.566088121717804,2025.15121206202,2025.15942328537,NA,NA,NA
6109,6110,REU.4.5_1,REU.4.5_1,0.0042930444259861,0.574342073555946,0.57004902912996,2025.15517296944,2025.15946601386,NA,NA,NA
3899,3900,REU.4.8_1,REU.4.8_1,0.0188558107902504,0.574376895104606,0.555521084314356,2025.14064502462,2025.15950083541,NA,NA,NA
4594,4597,REU.4.4_1,REU.4.4_1,0.0266192636917573,0.574477230025748,0.54785796633399,2025.13298190664,2025.15960117033,NA,NA,NA
5036,5037,REU.2.2_1,REU.2.2_1,0.100136773722039,0.574482478573295,0.474345704851256,2025.05946964516,2025.15960641888,NA,NA,NA
4184,4185,REU.2.3_1,REU.2.3_1,0.0204283329940702,0.574547101503178,0.554118768509107,2025.13924270881,2025.15967104181,NA,NA,NA
3186,3189,REU.4.6_1,REU.4.6_1,0.0599739924254561,0.574569786246525,0.514595793821069,2025.09971973413,2025.15969372655,NA,NA,NA
4320,4321,REU.4.3_1,REU.4.8_1,0.0747846612081944,0.574613503048945,0.499828841840751,2025.08495278215,2025.15973744335,NA,NA,NA
4114,4115,REU.4.3_1,REU.4.3_1,0.0394494626084435,0.574623490516791,0.535174027908348,2025.12029796821,2025.15974743082,NA,NA,NA
4394,4397,REU.4.8_1,REU.4.8_1,0.0564736600923244,0.574632611828187,0.518158951735862,2025.10328289204,2025.15975655213,NA,NA,NA
5676,5677,REU.4.8_1,REU.4.8_1,0.0325248777818519,0.574709298802397,0.542184421020545,2025.12730836133,2025.15983323911,NA,NA,NA
3453,3454,REU.4.3_1,REU.4.3_1,0.0406127554334211,0.574862789977088,0.534250034543667,2025.11937397485,2025.15998673028,NA,NA,NA
3409,3410,REU.4.3_1,REU.4.3_1,0.00749881988390944,0.574901085952772,0.567402266068863,2025.15252620637,2025.16002502626,NA,NA,NA
5370,5372,REU.4.6_1,REU.4.8_1,0.0985270653051068,0.574916803287189,0.476389737982082,2025.06151367829,2025.16004074359,NA,NA,NA
3441,3444,REU.4.8_1,REU.4.8_1,0.00729045653982296,0.57494534522631,0.567654888686487,2025.15277882899,2025.16006928553,NA,NA,NA
6153,6154,REU.4.5_1,REU.4.5_1,0.00639543136664078,0.574956776112943,0.568561344746302,2025.15368528505,2025.16008071642,NA,NA,NA
4033,4034,REU.4.3_1,REU.4.3_1,0.0185334627538182,0.574971502537837,0.556438039784018,2025.14156198009,2025.16009544284,NA,NA,NA
4866,4868,REU.4.8_1,REU.4.8_1,0.00914335631699825,0.575190332654495,0.566046976337496,2025.15117091664,2025.16031427296,NA,NA,NA
5135,5136,REU.4.3_1,REU.4.3_1,0.0932178222038652,0.575219516398743,0.482001694194878,2025.0671256345,2025.1603434567,NA,NA,NA
5442,5443,REU.3.1_1,REU.4.6_1,0.01065055970332,0.575270455729796,0.564619896026476,2025.14974383633,2025.16039439604,NA,NA,NA
4886,4887,REU.4.4_1,REU.4.4_1,0.0133415496825822,0.575284267992747,0.561942718310164,2025.14706665862,2025.1604082083,NA,NA,NA
4160,4167,REU.4.3_1,REU.3.5_1,0.0963538586274296,0.575334064783737,0.478980206156307,2025.06410414646,2025.16045800509,NA,NA,NA
5533,5534,REU.4.1_1,REU.4.1_1,0.0707472899279663,0.575481007232459,0.504733717304492,2025.08985765761,2025.16060494754,NA,NA,NA
4626,4627,REU.4.3_1,REU.4.3_1,0.0105705672070514,0.575487537278543,0.564916970071492,2025.15004091038,2025.16061147758,NA,NA,NA
5990,5991,REU.2.3_1,REU.2.3_1,0.00348100697210152,0.575553019871108,0.572072012899006,2025.1571959532,2025.16067696018,NA,NA,NA
5192,5193,REU.3.4_1,REU.3.4_1,0.0528960471156393,0.575574300657798,0.522678253542159,2025.10780219385,2025.16069824096,NA,NA,NA
5402,5404,REU.3.1_1,REU.4.8_1,0.0438125809055767,0.575578005776971,0.531765424871394,2025.11688936518,2025.16070194608,NA,NA,NA
3967,3968,REU.4.8_1,REU.4.8_1,0.0335239393727937,0.575580606276419,0.542056666903625,2025.12718060721,2025.16070454658,NA,NA,NA
5043,5044,REU.3.1_1,REU.3.1_1,0.0274482178533906,0.575581940642824,0.548133722789433,2025.13325766309,2025.16070588095,NA,NA,NA
3613,3614,REU.4.8_1,REU.3.3_1,0.0840012085827454,0.575692030447528,0.491690821864783,2025.07681476217,2025.16081597075,NA,NA,NA
4570,4571,REU.4.4_1,REU.4.4_1,0.0149916426666781,0.57583859353302,0.560846950866341,2025.14597089117,2025.16096253384,NA,NA,NA
3653,3658,REU.4.3_1,REU.4.3_1,0.0848759018978233,0.575935666927492,0.491059765029669,2025.07618370534,2025.16105960723,NA,NA,NA
4371,4372,REU.4.6_1,REU.4.6_1,0.0247320802938316,0.576037291006573,0.551305210712742,2025.13642915102,2025.16116123131,NA,NA,NA
5669,5670,REU.4.8_1,REU.4.8_1,0.0665725660004766,0.576044756120753,0.509472190120277,2025.09459613043,2025.16116869643,NA,NA,NA
4691,4694,REU.2.3_1,REU.2.3_1,0.0380848049434392,0.576086670380545,0.538001865437106,2025.12312580574,2025.16121061069,NA,NA,NA
4170,4172,REU.4.8_1,REU.2.5_1,0.0209263652331441,0.576092356825839,0.555165991592695,2025.1402899319,2025.16121629713,NA,NA,NA
3654,3657,REU.4.3_1,REU.4.3_1,0.0775225742366191,0.576275253224599,0.49875267898798,2025.08387661929,2025.16139919353,NA,NA,NA
4451,4452,REU.4.8_1,REU.4.8_1,0.0709933221692787,0.576289080938975,0.505295758769697,2025.09041969908,2025.16141302124,NA,NA,NA
3706,3707,REU.4.3_1,REU.4.5_1,0.0839687230914955,0.576293800127886,0.492325077036391,2025.07744901734,2025.16141774043,NA,NA,NA
5866,5867,REU.3.4_1,REU.3.4_1,0.0115894169181684,0.576308769823832,0.564719352905663,2025.14984329321,2025.16143271013,NA,NA,NA
4462,4467,REU.4.3_1,REU.2.3_1,0.168347301997543,0.576368718173259,0.408021416175716,2024.99314535648,2025.16149265848,NA,NA,NA
5218,5219,REU.3.1_1,REU.3.1_1,0.13368381233751,0.576408632861304,0.442724820523794,2025.02784876083,2025.16153257317,NA,NA,NA
5308,5309,REU.4.3_1,REU.4.3_1,0.0487582473592678,0.576467349163145,0.527709101803877,2025.11283304211,2025.16159128947,NA,NA,NA
3165,3168,REU.3.4_1,REU.3.4_1,0.0349162766773671,0.576470387958247,0.54155411128088,2025.12667805159,2025.16159432826,NA,NA,NA
3420,3422,REU.4.6_1,REU.4.8_1,0.0753635762740841,0.576492607698849,0.501129031424765,2025.08625297173,2025.161616548,NA,NA,NA
5249,5250,REU.4.8_1,REU.4.8_1,0.074484602723622,0.576509344254597,0.502024741530975,2025.08714868184,2025.16163328456,NA,NA,NA
3564,919,REU.4.3_1,REU.4.3_1,0.0659077914221615,0.576519895310974,0.510612103888813,2025.09573604419,2025.16164383562,CHIKV_RUN_S14b14_2025,55.533632,-21.283827
3542,1414,REU.4.3_1,REU.4.3_1,0.0615428082049814,0.576519895310974,0.514977087105993,2025.10010102741,2025.16164383562,CHIKV_RUN_S14b04_2025,55.518117,-21.277147
5814,1953,REU.2.3_1,REU.2.3_1,0.0607491087852426,0.576519895310974,0.515770786525731,2025.10089472683,2025.16164383562,CHIKV_RUN_S16b83_2025,55.446423,-20.894682
4916,228,REU.4.7_1,REU.4.7_1,0.0606170888946727,0.576519895310974,0.515902806416301,2025.10102674672,2025.16164383562,CHIKV_RUN_S14b05_2025,55.706919,-21.371935
5161,2662,REU.3.2_1,REU.3.2_1,0.0503818538288762,0.576519895310974,0.526138041482098,2025.11126198179,2025.16164383562,CHIKV_RUN_S14b09_2025,55.343116,-21.221034
4498,1477,REU.4.3_1,REU.4.3_1,0.044665944841467,0.576519895310974,0.531853950469507,2025.11697789077,2025.16164383562,CHIKV_RUN_S14b19_2025,55.526862,-21.280133
3302,475,REU.4.3_1,REU.1.1_1,0.0392351140720865,0.576519895310974,0.537284781238888,2025.12240872154,2025.16164383562,CHIKV_RUN_S16b82_2025,55.682539,-20.998509
5703,2005,REU.4.8_1,REU.4.3_1,0.0386540289055095,0.576519895310974,0.537865866405465,2025.12298980671,2025.16164383562,CHIKV_RUN_S14b36_2025,55.514278,-21.257017
3967,1049,REU.4.8_1,REU.4.5_1,0.0344632284073489,0.576519895310974,0.542056666903625,2025.12718060721,2025.16164383562,CHIKV_RUN_S14b12_2025,55.689517,-21.366414
4284,676,REU.4.3_1,REU.4.3_1,0.0338408510713943,0.576519895310974,0.54267904423958,2025.12780298455,2025.16164383562,CHIKV_RUN_S13b93_2025,55.527448,-21.29073
6052,2765,REU.4.8_1,REU.3.4_1,0.0331368287664937,0.576519895310974,0.54338306654448,2025.12850700685,2025.16164383562,CHIKV_RUN_S14b56_2025,55.335341,-21.201919
4035,1676,REU.4.3_1,REU.4.3_1,0.0327113206068672,0.576519895310974,0.543808574704107,2025.12893251501,2025.16164383562,CHIKV_RUN_S14b13_2025,55.527306,-21.25541
5335,2258,REU.4.3_1,REU.4.3_1,0.0319825102519432,0.576519895310974,0.544537385059031,2025.12966132536,2025.16164383562,CHIKV_RUN_S13b92_2025,55.516588,-21.288807
4407,791,REU.4.8_1,REU.4.8_1,0.0262715729929154,0.576519895310974,0.550248322318059,2025.13537226262,2025.16164383562,CHIKV_RUN_S14b11_2025,55.473862,-21.287217
3377,547,REU.4.8_1,REU.4.8_1,0.0144921721156525,0.576519895310974,0.562027723195322,2025.1471516635,2025.16164383562,CHIKV_RUN_S13b91_2025,55.498253,-21.294116
3808,1726,REU.4.3_1,REU.4.3_1,0.0106530598715165,0.576519895310974,0.565866835439457,2025.15099077574,2025.16164383562,CHIKV_RUN_S14b40_2025,55.533409,-21.262617
5163,2650,REU.3.2_1,REU.3.2_1,0.0100349574853027,0.576519895310974,0.566484937825671,2025.15160887813,2025.16164383562,CHIKV_RUN_S14b20_2025,55.354662,-21.243279
5679,2307,REU.3.1_1,REU.3.1_1,0.00587371908550605,0.576519895310974,0.570646176225468,2025.15577011653,2025.16164383562,CHIKV_RUN_S14b01_2025,55.362654,-21.261016
3555,1401,REU.4.3_1,REU.4.3_1,0.00570858357448334,0.576519895310974,0.570811311736491,2025.15593525204,2025.16164383562,CHIKV_RUN_S14b15_2025,55.503577,-21.27514
4372,768,REU.4.6_1,REU.4.6_1,0.000482604304400946,0.576519895310974,0.576037291006573,2025.16116123131,2025.16164383562,CHIKV_RUN_S14b39_2025,55.428683,-21.264105
4452,1194,REU.4.8_1,REU.4.8_1,0.000230814371998567,0.576519895310974,0.576289080938975,2025.16141302124,2025.16164383562,CHIKV_RUN_S14b08_2025,55.462594,-21.339923
3125,3127,REU.3.4_1,REU.3.4_1,0.0612796359199912,0.576540990832532,0.515261354912541,2025.10038529522,2025.16166493114,NA,NA,NA
4615,4617,REU.4.4_1,REU.4.4_1,0.150265457214684,0.57669306568073,0.426427608466046,2025.01155154877,2025.16181700599,NA,NA,NA
4360,4361,REU.4.8_1,REU.2.3_1,0.0681866752856307,0.576764457086925,0.508577781801294,2025.09370172211,2025.16188839739,NA,NA,NA
3836,3837,REU.4.8_1,REU.4.8_1,0.0748030867140681,0.576847994499524,0.502044907785456,2025.08716884809,2025.1619719348,NA,NA,NA
3918,3919,REU.4.3_1,REU.4.6_1,0.0236122937550242,0.576862610464339,0.553250316709314,2025.13837425701,2025.16198655077,NA,NA,NA
5193,5194,REU.3.4_1,REU.3.4_1,0.00158869667148809,0.577162997329286,0.575574300657798,2025.16069824096,2025.16228693763,NA,NA,NA
5180,5181,REU.3.4_1,REU.3.4_1,0.0304381057808132,0.577230759950778,0.546792654169965,2025.13191659448,2025.16235470026,NA,NA,NA
4780,4781,REU.4.8_1,REU.4.8_1,0.0245184617798654,0.577300973361219,0.552782511581354,2025.13790645189,2025.16242491367,NA,NA,NA
4609,4610,REU.4.4_1,REU.4.4_1,0.0200339855207036,0.577527419718172,0.557493434197468,2025.1426173745,2025.16265136002,NA,NA,NA
4558,4559,REU.4.5_1,REU.4.3_1,0.00430637661380417,0.577590889088311,0.573284512474507,2025.15840845278,2025.16271482939,NA,NA,NA
3516,3517,REU.3.5_1,REU.3.5_1,0.0103650480212274,0.577615471167925,0.567250423146698,2025.15237436345,2025.16273941147,NA,NA,NA
5926,5927,REU.2.4_1,REU.2.4_1,0.0290787388796712,0.577629029961297,0.548550291081626,2025.13367423139,2025.16275297027,NA,NA,NA
4529,4530,REU.4.4_1,REU.4.4_1,0.152599648312343,0.577636656004181,0.425037007691838,2025.010160948,2025.16276059631,NA,NA,NA
5129,5133,REU.4.8_1,REU.4.8_1,0.0242806018766504,0.577731875521114,0.553451273644464,2025.13857521395,2025.16285581583,NA,NA,NA
3550,3551,REU.4.3_1,REU.4.3_1,0.0423620071718955,0.577751589492639,0.535389582320743,2025.12051352263,2025.1628755298,NA,NA,NA
5861,5862,REU.4.3_1,REU.4.3_1,0.0429513129273155,0.577767024818154,0.534815711890839,2025.1199396522,2025.16289096512,NA,NA,NA
6058,6059,REU.4.8_1,REU.4.8_1,0.0316909844639546,0.577827913767277,0.546136929303322,2025.13126086961,2025.16295185407,NA,NA,NA
5447,5448,REU.3.1_1,REU.4.6_1,0.00633454775458298,0.577837211550679,0.571502663796096,2025.1566266041,2025.16296115186,NA,NA,NA
4901,4902,REU.2.3_1,REU.2.3_1,0.0110446931225876,0.577843429003599,0.566798735881012,2025.15192267619,2025.16296736931,NA,NA,NA
3472,3473,REU.4.8_1,REU.4.8_1,0.0267280902047859,0.577898404400374,0.551170314195588,2025.1362942545,2025.16302234471,NA,NA,NA
5285,5286,REU.4.8_1,REU.4.8_1,0.028109381428451,0.577918872577731,0.54980949114928,2025.13493343145,2025.16304281288,NA,NA,NA
3617,3618,REU.4.8_1,REU.2.1_1,0.0427856157873525,0.578001697592133,0.53521608180478,2025.12034002211,2025.1631256379,NA,NA,NA
4846,4847,REU.3.5_1,REU.3.5_1,0.0336785959905577,0.578070082897061,0.544391486906503,2025.12951542721,2025.1631940232,NA,NA,NA
3597,3598,REU.3.3_1,REU.3.3_1,0.0180207619079938,0.578213728403195,0.560192966495201,2025.1453169068,2025.16333766871,NA,NA,NA
6135,6136,REU.4.5_1,REU.4.5_1,0.0902627081313111,0.578347355445445,0.488084647314134,2025.07320858762,2025.16347129575,NA,NA,NA
5179,5183,REU.3.4_1,REU.3.4_1,0.0479795541219459,0.578552180803376,0.53057262668143,2025.11569656699,2025.16367612111,NA,NA,NA
4633,4634,REU.4.8_1,REU.4.3_1,0.0483507848954549,0.578604386633265,0.53025360173781,2025.11537754204,2025.16372832694,NA,NA,NA
5130,5131,REU.4.8_1,REU.4.8_1,0.0157731947894981,0.578657549160507,0.562884354371009,2025.14800829468,2025.16378148947,NA,NA,NA
4020,4021,REU.4.3_1,REU.4.3_1,0.006597306849911,0.578703446988563,0.572106140138652,2025.15723008044,2025.16382738729,NA,NA,NA
5396,5397,REU.4.6_1,REU.4.8_1,0.0271246593844736,0.578729612716594,0.55160495333212,2025.13672889364,2025.16385355302,NA,NA,NA
4615,4616,REU.4.4_1,REU.4.4_1,0.152341097674518,0.578768706140564,0.426427608466046,2025.01155154877,2025.16389264645,NA,NA,NA
5747,5748,REU.2.5_1,REU.2.5_1,0.0224456400772718,0.578820949190837,0.556375309113566,2025.14149924942,2025.1639448895,NA,NA,NA
5955,5956,REU.2.3_1,REU.2.3_1,0.0164907600541118,0.578821678543129,0.562330918489017,2025.14745485879,2025.16394561885,NA,NA,NA
4381,4382,REU.4.3_1,REU.4.3_1,0.0521604116324,0.578986668241927,0.526826256609527,2025.11195019691,2025.16411060855,NA,NA,NA
5706,5707,REU.4.6_1,REU.4.6_1,0.0391722261980649,0.579059656241422,0.539887430043357,2025.12501137035,2025.16418359655,NA,NA,NA
4312,4313,REU.4.3_1,REU.4.3_1,0.0573976480206528,0.579189999641758,0.521792351621105,2025.10691629193,2025.16431393995,NA,NA,NA
4576,4577,REU.4.4_1,REU.4.3_1,0.0295858917182694,0.579206570101305,0.549620678383036,2025.13474461869,2025.16433051041,NA,NA,NA
3268,3269,REU.4.3_1,REU.4.3_1,0.0529844694767365,0.579211166341189,0.526226696864453,2025.11135063717,2025.16433510665,NA,NA,NA
3897,3898,REU.4.8_1,REU.3.5_1,0.0787276007495177,0.579213963222027,0.50048636247251,2025.08561030278,2025.16433790353,NA,NA,NA
6049,6050,REU.4.8_1,REU.4.8_1,0.0241695605501504,0.579220978662435,0.555051418112285,2025.14017535842,2025.16434491897,NA,NA,NA
5884,2941,REU.3.4_1,REU.3.4_1,0.186123304906678,0.579259621338559,0.393136316431881,2024.97826025674,2025.16438356164,CHIKV_RUN_S14b43_2025,55.282931,-21.141466
5412,2391,REU.4.3_1,REU.2.1_1,0.141343862784594,0.579259621338559,0.437915758553965,2025.02303969886,2025.16438356164,CHIKV_RUN_S14b44_2025,55.33609,-20.9304
4425,824,REU.4.3_1,REU.4.3_1,0.0993412112888472,0.579259621338559,0.479918410049712,2025.06504235036,2025.16438356164,CHIKV_RUN_S14b69_2025,55.50941,-21.284798
3929,1600,REU.4.3_1,REU.4.3_1,0.0714645875219797,0.579259621338559,0.507795033816579,2025.09291897412,2025.16438356164,CHIKV_RUN_S14b70_2025,55.508973,-21.270762
4603,1263,REU.4.4_1,REU.4.3_1,0.0661224894466621,0.579259621338559,0.513137131891897,2025.0982610722,2025.16438356164,CHIKV_RUN_S14b47_2025,55.525847,-21.280431
4309,724,REU.4.8_1,REU.4.3_1,0.0588225686289265,0.579259621338559,0.520437052709632,2025.10556099301,2025.16438356164,CHIKV_RUN_S14b59_2025,55.521902,-21.279851
4312,735,REU.4.3_1,REU.4.3_1,0.0574672697174541,0.579259621338559,0.521792351621105,2025.10691629193,2025.16438356164,CHIKV_RUN_S14b51_2025,55.525741,-21.286123
3912,1388,REU.4.3_1,REU.4.3_1,0.0564843439474175,0.579259621338559,0.522775277391141,2025.1078992177,2025.16438356164,CHIKV_RUN_S14b66_2025,55.533591,-21.261149
4585,1200,REU.4.8_1,REU.4.4_1,0.0478902774740062,0.579259621338559,0.531369343864553,2025.11649328417,2025.16438356164,CHIKV_RUN_S14b54_2025,55.559399,-21.339634
3769,112,REU.4.3_1,REU.4.3_1,0.0281873236817556,0.579259621338559,0.551072297656803,2025.13619623796,2025.16438356164,CHIKV_RUN_S14b53_2025,55.510516,-21.288478
5603,2578,REU.3.1_1,REU.3.1_1,0.019525449045759,0.579259621338559,0.5597341722928,2025.1448581126,2025.16438356164,CHIKV_RUN_S14b02_2025,55.359477,-21.249932
4259,749,REU.4.3_1,REU.4.3_1,0.0160572150925493,0.579259621338559,0.56320240624601,2025.14832634655,2025.16438356164,CHIKV_RUN_S14b38_2025,55.511398,-21.275432
3468,451,REU.4.3_1,REU.4.3_1,0.013151413146048,0.579259621338559,0.566108208192511,2025.1512321485,2025.16438356164,CHIKV_RUN_S14b46_2025,55.520366,-21.289812
5693,2194,REU.4.3_1,REU.4.3_1,0.01282340310875,0.579259621338559,0.566436218229809,2025.15156015854,2025.16438356164,CHIKV_RUN_S14b64_2025,55.512497,-21.280336
5443,2752,REU.4.6_1,REU.4.6_1,0.00398916560876239,0.579259621338559,0.575270455729796,2025.16039439604,2025.16438356164,CHIKV_RUN_S14b50_2025,55.436071,-21.251919
4077,4078,REU.4.3_1,REU.4.8_1,0.0372880832716793,0.579290781349488,0.542002698077808,2025.12712663838,2025.16441472165,NA,NA,NA
3236,3237,REU.4.8_1,REU.4.8_1,0.0183840936970044,0.579330235202694,0.560946141505689,2025.14607008181,2025.16445417551,NA,NA,NA
5106,5107,REU.4.3_1,REU.4.8_1,0.0763176140239199,0.579393698946704,0.503076084922784,2025.08820002523,2025.16451763925,NA,NA,NA
3242,3243,REU.4.8_1,REU.3.1_1,0.0431692348038711,0.579559030649284,0.536389795845413,2025.12151373615,2025.16468297095,NA,NA,NA
5069,5070,REU.2.3_1,REU.2.3_1,0.08074102661585,0.579559658674934,0.498818632059084,2025.08394257236,2025.16468359898,NA,NA,NA
4679,4684,REU.4.8_1,REU.4.8_1,0.0302950642942766,0.579562460945511,0.549267396651235,2025.13439133696,2025.16468640125,NA,NA,NA
3780,3781,REU.4.3_1,REU.4.8_1,0.0977948770417683,0.579622733157823,0.481827856116054,2025.06695179642,2025.16474667346,NA,NA,NA
3340,3343,REU.3.1_1,REU.3.1_1,0.0512278829190186,0.579674256142922,0.528446373223903,2025.11357031353,2025.16479819645,NA,NA,NA
4403,4405,REU.4.8_1,REU.4.6_1,0.0122599863801531,0.579742773027218,0.567482786647065,2025.15260672695,2025.16486671333,NA,NA,NA
6025,6026,REU.3.1_1,REU.3.1_1,0.025869050275445,0.579776380632738,0.553907330357293,2025.13903127066,2025.16490032094,NA,NA,NA
3844,3845,REU.2.3_1,REU.2.3_1,0.0370411018667214,0.579781577613769,0.542740475747048,2025.12786441605,2025.16490551792,NA,NA,NA
5852,5853,REU.3.4_1,REU.3.4_1,0.00846422969809479,0.579828987754833,0.571364758056738,2025.15648869836,2025.16495292806,NA,NA,NA
4208,4209,REU.4.3_1,REU.2.3_1,0.0318410773729236,0.580012139345448,0.548171061972524,2025.13329500228,2025.16513607965,NA,NA,NA
3564,3565,REU.4.3_1,REU.4.8_1,0.0694296015083187,0.580041705397131,0.510612103888813,2025.09573604419,2025.1651656457,NA,NA,NA
5086,5087,REU.4.3_1,REU.4.8_1,0.0900548564025625,0.580090304490446,0.490035448087883,2025.07515938839,2025.1652142448,NA,NA,NA
4703,4704,REU.2.3_1,REU.2.3_1,0.0482684831534625,0.580109996968928,0.531841513815466,2025.11696545412,2025.16523393727,NA,NA,NA
5947,5950,REU.2.3_1,REU.2.3_1,0.0265278848450268,0.580145834461028,0.553617949616001,2025.13874188992,2025.16526977477,NA,NA,NA
4851,4852,REU.2.3_1,REU.2.3_1,0.00922897476352391,0.580161352050008,0.570932377286484,2025.15605631759,2025.16528529236,NA,NA,NA
4704,4705,REU.2.3_1,REU.2.3_1,0.000157907653293043,0.580267904622221,0.580109996968928,2025.16523393727,2025.16539184493,NA,NA,NA
5478,5479,REU.2.3_1,REU.2.3_1,0.00707598154765565,0.580336272076476,0.57326029052882,2025.15838423083,2025.16546021238,NA,NA,NA
3617,3619,REU.4.8_1,REU.2.3_1,0.0451318816594031,0.580347963464183,0.53521608180478,2025.12034002211,2025.16547190377,NA,NA,NA
3885,3886,REU.4.3_1,REU.4.5_1,0.0649231900393881,0.580359932410236,0.515436742370848,2025.10056068268,2025.16548387272,NA,NA,NA
5324,5325,REU.4.8_1,REU.4.8_1,0.0480669978848247,0.58040536035519,0.532338362470366,2025.11746230278,2025.16552930066,NA,NA,NA
5696,5697,REU.3.1_1,REU.3.1_1,0.0146502534387646,0.580463329186093,0.565813075747329,2025.15093701605,2025.16558726949,NA,NA,NA
5320,5321,REU.3.2_1,REU.3.1_1,0.029587359330308,0.580570360217143,0.550983000886835,2025.13610694119,2025.16569430052,NA,NA,NA
4274,4281,REU.4.3_1,REU.4.3_1,0.0902006206146367,0.580680001076097,0.49047938046146,2025.07560332077,2025.16580394138,NA,NA,NA
6036,6040,REU.3.5_1,REU.3.5_1,0.0449357416546736,0.580886553853232,0.535950812198559,2025.1210747525,2025.16601049416,NA,NA,NA
4791,4792,REU.4.8_1,REU.4.8_1,0.00884958388776791,0.581009308833022,0.572159724945254,2025.15728366525,2025.16613324914,NA,NA,NA
5379,5383,REU.3.5_1,REU.3.5_1,0.0467074596699097,0.581033264274867,0.534325804604957,2025.11944974491,2025.16615720458,NA,NA,NA
4015,4019,REU.4.3_1,REU.4.3_1,0.0890649315727451,0.581241027620445,0.4921760960477,2025.07730003635,2025.16636496793,NA,NA,NA
3261,3262,REU.4.3_1,REU.4.3_1,0.0093519552778758,0.581299849946357,0.571947894668481,2025.15707183497,2025.16642379025,NA,NA,NA
3168,3169,REU.3.4_1,REU.2.3_1,0.00499708404092358,0.58146747199917,0.576470387958247,2025.16159432826,2025.1665914123,NA,NA,NA
5238,5239,REU.2.3_1,REU.2.3_1,0.0517756781246104,0.581684414431119,0.529908736306508,2025.11503267661,2025.16680835474,NA,NA,NA
4403,4404,REU.4.8_1,REU.4.8_1,0.0142146742097862,0.581697460856851,0.567482786647065,2025.15260672695,2025.16682140116,NA,NA,NA
3183,3184,REU.4.6_1,REU.4.6_1,0.0322317663825739,0.581888731541106,0.549656965158532,2025.13478090546,2025.16701267185,NA,NA,NA
3970,3971,REU.4.8_1,REU.4.8_1,0.0120681820144521,0.581914546524497,0.569846364510045,2025.15497030482,2025.16703848683,NA,NA,NA
5087,5088,REU.4.8_1,REU.4.8_1,0.00187326795096543,0.581963572441411,0.580090304490446,2025.1652142448,2025.16708751275,NA,NA,NA
3883,3884,REU.4.3_1,REU.3.5_1,0.0704244047642993,0.581972465123047,0.511548060358748,2025.09667200066,2025.16709640543,NA,NA,NA
5585,2166,REU.4.8_1,REU.1.6_1,0.12288222248541,0.581999347365916,0.459117124880506,2025.04424106519,2025.16712328767,CHIKV_RUN_S17b23_2025,55.521337,-21.063858
3355,474,REU.4.3_1,REU.4.3_1,0.0767206191380498,0.581999347365916,0.505278728227866,2025.09040266853,2025.16712328767,CHIKV_RUN_S14b60_2025,55.517092,-21.289428
4370,773,REU.4.6_1,REU.4.6_1,0.0708597268920297,0.581999347365916,0.511139620473887,2025.09626356078,2025.16712328767,CHIKV_RUN_S14b63_2025,55.445292,-21.229154
3615,68,REU.4.8_1,REU.4.6_1,0.0524751776941952,0.581999347365916,0.529524169671721,2025.11464810998,2025.16712328767,CHIKV_RUN_S53b93_2025,55.433699,-21.259772
5770,3030,REU.4.3_1,REU.4.3_1,0.0468246345681533,0.581999347365916,0.535174712797763,2025.1202986531,2025.16712328767,CHIKV_RUN_S14b76_2025,55.523988,-21.262614
4356,808,REU.4.8_1,REU.4.8_1,0.0340922449768011,0.581999347365916,0.547907102389115,2025.13303104269,2025.16712328767,CHIKV_RUN_S14b73_2025,55.472927,-21.290846
4897,197,REU.4.5_1,REU.4.7_1,0.0331231495651654,0.581999347365916,0.548876197800751,2025.13400013811,2025.16712328767,CHIKV_RUN_S14b72_2025,55.770985,-21.361132
4576,1171,REU.4.4_1,REU.4.4_1,0.0323786689828809,0.581999347365916,0.549620678383036,2025.13474461869,2025.16712328767,CHIKV_RUN_S14b77_2025,55.564591,-21.351744
4595,1205,REU.4.8_1,REU.4.8_1,0.0310870403316054,0.581999347365916,0.550912307034311,2025.13603624734,2025.16712328767,CHIKV_RUN_S14b45_2025,55.54478,-21.314126
5881,2960,REU.3.4_1,REU.3.4_1,0.0282456423376453,0.581999347365916,0.553753705028271,2025.13887764533,2025.16712328767,CHIKV_RUN_S14b89_2025,55.309105,-21.161791
5732,2791,REU.3.4_1,REU.3.4_1,0.026794903560114,0.581999347365916,0.555204443805802,2025.14032838411,2025.16712328767,CHIKV_RUN_S14b55_2025,55.309806,-21.216273
6117,2114,REU.4.5_1,REU.4.5_1,0.019305822310224,0.581999347365916,0.562693525055692,2025.14781746536,2025.16712328767,CHIKV_RUN_S14b75_2025,55.596242,-21.376686
4046,889,REU.2.1_1,REU.2.1_1,0.018488190032758,0.581999347365916,0.563511157333158,2025.14863509764,2025.16712328767,CHIKV_RUN_S28b11_2025,55.332324,-20.958743
5450,2490,REU.4.8_1,REU.4.8_1,0.01631240410815,0.581999347365916,0.565686943257766,2025.15081088356,2025.16712328767,CHIKV_RUN_S14b49_2025,55.529403,-21.336865
3409,545,REU.4.3_1,REU.4.3_1,0.0145970812970535,0.581999347365916,0.567402266068863,2025.15252620637,2025.16712328767,CHIKV_RUN_S14b67_2025,55.516124,-21.284688
5394,3057,REU.3.2_1,REU.3.2_1,0.0119224662216824,0.581999347365916,0.570076881144234,2025.15520082145,2025.16712328767,CHIKV_RUN_S14b71_2025,55.338642,-21.244145
3401,559,REU.4.3_1,REU.4.3_1,0.00881213860874153,0.581999347365916,0.573187208757175,2025.15831114906,2025.16712328767,CHIKV_RUN_S14b79_2025,55.529269,-21.274375
4478,107,REU.4.8_1,REU.4.8_1,0.00808434162759097,0.581999347365916,0.573915005738325,2025.15903894604,2025.16712328767,CHIKV_RUN_S14b52_2025,55.531103,-21.317341
5927,2886,REU.2.4_1,REU.2.4_1,0.00437031740461924,0.581999347365916,0.577629029961297,2025.16275297027,2025.16712328767,CHIKV_RUN_S37b87_2025,55.529005,-20.9434
4634,157,REU.4.3_1,REU.4.3_1,0.003394960732651,0.581999347365916,0.578604386633265,2025.16372832694,2025.16712328767,CHIKV_RUN_S14b68_2025,55.512257,-21.267568
4684,115,REU.4.8_1,REU.1.3_1,0.00243688642040474,0.581999347365916,0.579562460945511,2025.16468640125,2025.16712328767,CHIKV_RUN_S18b52_2025,55.663773,-20.954799
3781,1077,REU.4.8_1,REU.4.8_1,0.00237661420809365,0.581999347365916,0.579622733157823,2025.16474667346,2025.16712328767,CHIKV_RUN_S14b62_2025,55.46923,-21.340059
3781,1076,REU.4.8_1,REU.2.3_1,0.00237661420809365,0.581999347365916,0.579622733157823,2025.16474667346,2025.16712328767,CHIKV_RUN_S14b61_2025,55.46025,-20.895074
5658,5659,REU.4.8_1,REU.4.8_1,0.0193488455929622,0.582094592072598,0.562745746479635,2025.14786968679,2025.16721853238,NA,NA,NA
5866,5869,REU.3.4_1,REU.4.6_1,0.0175092909770399,0.582228643882703,0.564719352905663,2025.14984329321,2025.16735258419,NA,NA,NA
5308,5310,REU.4.3_1,REU.4.8_1,0.0546527043155065,0.582361806119383,0.527709101803877,2025.11283304211,2025.16748574642,NA,NA,NA
4454,4455,REU.4.8_1,REU.4.8_1,0.0204016353088879,0.582479468571415,0.562077833262527,2025.14720177357,2025.16760340888,NA,NA,NA
5791,5792,REU.2.3_1,REU.1.3_1,0.0318782121652474,0.582486393423375,0.550608181258128,2025.13573212156,2025.16761033373,NA,NA,NA
3548,3549,REU.4.3_1,REU.4.3_1,0.0562438669731158,0.58257316648746,0.526329299514344,2025.11145323982,2025.16769710679,NA,NA,NA
3790,3794,REU.4.3_1,REU.4.3_1,0.114771153741896,0.582575475501874,0.467804321759979,2025.05292826207,2025.16769941581,NA,NA,NA
4812,4814,REU.4.3_1,REU.4.3_1,0.0419393543094261,0.582586444161962,0.540647089852536,2025.12577103016,2025.16771038447,NA,NA,NA
3565,3566,REU.4.8_1,REU.4.8_1,0.00263969351244175,0.582681398909573,0.580041705397131,2025.1651656457,2025.16780533921,NA,NA,NA
4680,4683,REU.4.8_1,REU.3.4_1,0.0165337599793212,0.582839136031217,0.566305376051896,2025.15142931636,2025.16796307634,NA,NA,NA
3588,3589,REU.4.8_1,REU.4.8_1,0.0172530944862189,0.583025048601898,0.565771954115679,2025.15089589442,2025.16814898891,NA,NA,NA
3463,3464,REU.4.3_1,REU.2.3_1,0.187175460115205,0.583064422556508,0.395888962441304,2024.98101290275,2025.16818836286,NA,NA,NA
4384,4385,REU.4.3_1,REU.4.3_1,0.0100731605015433,0.583152047353879,0.573078886852336,2025.15820282716,2025.16827598766,NA,NA,NA
3366,3367,REU.4.3_1,REU.4.3_1,0.0542925234536701,0.583164207877104,0.528871684423433,2025.11399562473,2025.16828814818,NA,NA,NA
3125,3126,REU.3.4_1,REU.3.4_1,0.067932832936213,0.583194187848754,0.515261354912541,2025.10038529522,2025.16831812815,NA,NA,NA
5087,5089,REU.4.8_1,REU.4.8_1,0.00312343133005755,0.583213735820503,0.580090304490446,2025.1652142448,2025.16833767613,NA,NA,NA
5443,5444,REU.4.6_1,REU.4.6_1,0.0080871517617277,0.583357607491524,0.575270455729796,2025.16039439604,2025.1684815478,NA,NA,NA
4385,4386,REU.4.3_1,REU.4.3_1,0.000241030404911302,0.58339307775879,0.583152047353879,2025.16827598766,2025.16851701806,NA,NA,NA
5757,5758,REU.2.5_1,REU.2.5_1,0.0214864648014859,0.583403442925369,0.561916978123884,2025.14704091843,2025.16852738323,NA,NA,NA
4516,4521,REU.3.5_1,REU.3.5_1,0.00949551816704808,0.583455714698509,0.573960196531461,2025.15908413684,2025.168579655,NA,NA,NA
4507,4508,REU.4.5_1,REU.4.5_1,0.00942429573954118,0.583507466368379,0.574083170628838,2025.15920711093,2025.16863140667,NA,NA,NA
4530,4531,REU.4.4_1,REU.4.4_1,0.00591813859526069,0.583554794599441,0.577636656004181,2025.16276059631,2025.1686787349,NA,NA,NA
5310,5311,REU.4.8_1,REU.4.8_1,0.00123562948309064,0.583597435602474,0.582361806119383,2025.16748574642,2025.16872137591,NA,NA,NA
5966,5980,REU.2.3_1,REU.2.3_1,0.0900680300363024,0.583650986803039,0.493582956766737,2025.07870689707,2025.16877492711,NA,NA,NA
4925,4926,REU.4.7_1,REU.4.8_1,0.0236591398578493,0.583720911513327,0.560061771655478,2025.14518571196,2025.16884485182,NA,NA,NA
4055,4056,REU.4.8_1,REU.4.8_1,0.0273236201482282,0.583790520488539,0.55646690034031,2025.14159084065,2025.16891446079,NA,NA,NA
6158,6159,REU.4.5_1,REU.4.5_1,0.0525180534979497,0.583872435221391,0.531354381723441,2025.11647832203,2025.16899637553,NA,NA,NA
4511,4514,REU.4.3_1,REU.4.8_1,0.0802834138818526,0.583875156865206,0.503591742983353,2025.08871568329,2025.16899909717,NA,NA,NA
3325,3327,REU.4.3_1,REU.4.5_1,0.051294031490663,0.583983942729832,0.532689911239169,2025.11781385154,2025.16910788304,NA,NA,NA
5648,5649,REU.4.8_1,REU.4.6_1,0.017378158964148,0.584157864274431,0.566779705310283,2025.15190364562,2025.16928180458,NA,NA,NA
5186,5187,REU.2.3_1,REU.4.6_1,0.0222562234912347,0.584184094013766,0.561927870522532,2025.14705181083,2025.16930803432,NA,NA,NA
3444,3445,REU.4.8_1,REU.4.8_1,0.00930431614663851,0.584249661372948,0.57494534522631,2025.16006928553,2025.16937360168,NA,NA,NA
4152,4155,REU.4.3_1,REU.4.3_1,0.0399924356890434,0.584264430134067,0.544271994445024,2025.12939593475,2025.16938837044,NA,NA,NA
4705,4707,REU.2.3_1,REU.2.3_1,0.00416849560671106,0.584436400228932,0.580267904622221,2025.16539184493,2025.16956034053,NA,NA,NA
5992,5993,REU.2.3_1,REU.2.3_1,0.0608821010000191,0.584520150351352,0.523638049351333,2025.10876198966,2025.16964409066,NA,NA,NA
3349,3351,REU.4.3_1,REU.4.7_1,0.104888298378451,0.584578232552517,0.479689934174066,2025.06481387448,2025.16970217286,NA,NA,NA
3787,3788,REU.4.3_1,REU.4.3_1,0.0184112292954396,0.584734262275671,0.566323032980232,2025.15144697329,2025.16985820258,NA,NA,NA
3238,3094,REU.3.1_1,REU.4.6_1,0.260956969170291,0.584739073393274,0.323782104222983,2024.90890604453,2025.1698630137,CHIKV_RUN_S53b49_2025,55.435688,-21.26464
3360,535,REU.4.3_1,REU.3.1_1,0.122481275435947,0.584739073393274,0.462257797957326,2025.04738173826,2025.1698630137,CHIKV_RUN_S53b51_2025,55.33551,-21.27167
4293,801,REU.4.3_1,REU.4.8_1,0.12215635597313,0.584739073393274,0.462582717420144,2025.04770665773,2025.1698630137,CHIKV_RUN_S54b19_2025,55.502604,-21.296098
5729,1789,REU.3.1_1,REU.3.4_1,0.112208251087385,0.584739073393274,0.472530822305889,2025.05765476261,2025.1698630137,CHIKV_RUN_S53b38_2025,55.31675,-21.162094
5355,1834,REU.3.1_1,REU.4.6_1,0.102041455603283,0.584739073393274,0.48269761778999,2025.0678215581,2025.1698630137,CHIKV_RUN_S53b94_2025,55.444091,-21.264059
3404,579,REU.4.3_1,REU.4.3_1,0.0923017599778145,0.584739073393274,0.492437313415459,2025.07756125372,2025.1698630137,CHIKV_RUN_S14b81_2025,55.507301,-21.275826
3882,629,REU.4.3_1,REU.4.3_1,0.0789424422060828,0.584739073393274,0.505796631187191,2025.09092057149,2025.1698630137,CHIKV_RUN_S14b74_2025,55.526611,-21.282033
5629,2179,REU.3.1_1,REU.4.4_1,0.0753289621317447,0.584739073393274,0.509410111261529,2025.09453405157,2025.1698630137,CHIKV_RUN_S53b77_2025,55.555784,-21.320683
5736,2483,REU.3.1_1,REU.3.1_1,0.0708307937445563,0.584739073393274,0.513908279648717,2025.09903221995,2025.1698630137,CHIKV_RUN_S53b75_2025,55.363511,-21.258699
4150,614,REU.4.3_1,REU.4.3_1,0.0673853276168133,0.584739073393274,0.51735374577646,2025.10247768608,2025.1698630137,CHIKV_RUN_S15b85_2025,55.52464,-21.270751
3371,516,REU.4.8_1,REU.3.3_1,0.0662866274224518,0.584739073393274,0.518452445970822,2025.10357638628,2025.1698630137,CHIKV_RUN_S15b72_2025,55.304369,-21.098406
3371,508,REU.4.8_1,REU.4.8_1,0.0662866274224518,0.584739073393274,0.518452445970822,2025.10357638628,2025.1698630137,CHIKV_RUN_S53b78_2025,55.508278,-21.292707
5336,2271,REU.4.3_1,REU.4.8_1,0.0654904807646319,0.584739073393274,0.519248592628642,2025.10437253293,2025.1698630137,CHIKV_RUN_S15b82_2025,55.530527,-21.317145
6121,2039,REU.4.5_1,REU.4.5_1,0.0637004136022778,0.584739073393274,0.521038659790996,2025.1061626001,2025.1698630137,CHIKV_RUN_S14b85_2025,55.629497,-21.375119
6180,2757,REU.4.8_1,REU.4.8_1,0.059786615412111,0.584739073393274,0.524952457981163,2025.11007639829,2025.1698630137,CHIKV_RUN_S53b46_2025,55.492462,-21.302535
4040,1665,REU.4.3_1,REU.1.4_1,0.0500221638535292,0.584739073393274,0.534716909539744,2025.11984084985,2025.1698630137,CHIKV_RUN_S53b50_2025,55.720041,-21.04402
5779,3022,REU.4.3_1,REU.4.3_1,0.0471870006666415,0.584739073393274,0.537552072726632,2025.12267601303,2025.1698630137,CHIKV_RUN_S15b84_2025,55.523521,-21.261178
5426,2140,REU.4.8_1,REU.4.4_1,0.0459752453002569,0.584739073393274,0.538763828093017,2025.1238877684,2025.1698630137,CHIKV_RUN_S53b43_2025,55.558037,-21.325456
5706,2027,REU.4.6_1,REU.4.6_1,0.0448516433499166,0.584739073393274,0.539887430043357,2025.12501137035,2025.1698630137,CHIKV_RUN_S54b30_2025,55.444091,-21.264059
5625,3049,REU.3.1_1,REU.3.1_1,0.0436373114593122,0.584739073393274,0.541101761933961,2025.12622570224,2025.1698630137,CHIKV_RUN_S14b88_2025,55.334495,-21.267326
5579,2158,REU.3.1_1,REU.3.1_1,0.0354411112784699,0.584739073393274,0.549297962114804,2025.13442190242,2025.1698630137,CHIKV_RUN_S54b27_2025,55.388254,-21.245303
4396,785,REU.4.8_1,REU.4.8_1,0.0344065803969686,0.584739073393274,0.550332492996305,2025.1354564333,2025.1698630137,CHIKV_RUN_S54b10_2025,55.478822,-21.28933
4371,774,REU.4.6_1,REU.4.6_1,0.0334338626805321,0.584739073393274,0.551305210712742,2025.13642915102,2025.1698630137,CHIKV_RUN_S53b62_2025,55.428997,-21.267044
5633,1859,REU.3.1_1,REU.3.1_1,0.0321169250662642,0.584739073393274,0.552622148327009,2025.13774608863,2025.1698630137,CHIKV_RUN_S53b55_2025,55.360037,-21.260685
5171,3078,REU.4.6_1,REU.4.6_1,0.028543738736118,0.584739073393274,0.556195334657156,2025.14131927496,2025.1698630137,CHIKV_RUN_S54b06_2025,55.437809,-21.26552
3294,408,REU.4.6_1,REU.4.6_1,0.0271953827251796,0.584739073393274,0.557543690668094,2025.14266763097,2025.1698630137,CHIKV_RUN_S15b87_2025,55.415217,-21.284554
3509,255,REU.4.8_1,REU.4.8_1,0.0258886745603037,0.584739073393274,0.55885039883297,2025.14397433914,2025.1698630137,CHIKV_RUN_S54b07_2025,55.472549,-21.304408
3670,1526,REU.4.8_1,REU.4.8_1,0.0223910088779522,0.584739073393274,0.562348064515321,2025.14747200482,2025.1698630137,CHIKV_RUN_S54b04_2025,55.499749,-21.296938
4959,53,REU.3.1_1,REU.3.1_1,0.0214336833275661,0.584739073393274,0.563305390065707,2025.14842933037,2025.1698630137,CHIKV_RUN_S54b28_2025,55.390892,-21.256011
5282,2561,REU.4.3_1,REU.4.3_1,0.0213313531906127,0.584739073393274,0.563407720202661,2025.14853166051,2025.1698630137,CHIKV_RUN_S53b58_2025,55.506538,-21.26503
3426,538,REU.4.3_1,REU.4.3_1,0.0183701784113874,0.584739073393274,0.566368894981886,2025.15149283529,2025.1698630137,CHIKV_RUN_S14b80_2025,55.515599,-21.260593
3496,1648,REU.4.8_1,REU.3.1_1,0.0171979272831061,0.584739073393274,0.567541146110167,2025.15266508642,2025.1698630137,CHIKV_RUN_S14b82_2025,55.390415,-21.254832
5660,2715,REU.4.8_1,REU.4.6_1,0.0166807995376748,0.584739073393274,0.568058273855599,2025.15318221416,2025.1698630137,CHIKV_RUN_S53b89_2025,55.437726,-21.260802
3637,1508,REU.4.3_1,REU.4.3_1,0.0165399468952413,0.584739073393274,0.568199126498032,2025.1533230668,2025.1698630137,CHIKV_RUN_S14b83_2025,55.514408,-21.269187
4365,831,REU.4.3_1,REU.4.3_1,0.0148027172260693,0.584739073393274,0.569936356167204,2025.15506029647,2025.1698630137,CHIKV_RUN_S14b87_2025,55.49344,-21.257015
5551,2527,REU.4.1_1,REU.4.1_1,0.0104397283269286,0.584739073393274,0.574299345066345,2025.15942328537,2025.1698630137,CHIKV_RUN_S53b54_2025,55.4733307913944,-21.1699148940747
4115,253,REU.4.3_1,REU.4.3_1,0.0101155828764823,0.584739073393274,0.574623490516791,2025.15974743082,2025.1698630137,CHIKV_RUN_S54b21_2025,55.520114,-21.266965
3422,524,REU.4.8_1,REU.4.1_1,0.00824646569442455,0.584739073393274,0.576492607698849,2025.161616548,2025.1698630137,CHIKV_RUN_S53b91_2025,55.436942,-21.157306
3237,3101,REU.4.8_1,REU.4.8_1,0.00540883819058002,0.584739073393274,0.579330235202694,2025.16445417551,2025.1698630137,CHIKV_RUN_S53b40_2025,55.507327,-21.289398
5980,2927,REU.2.3_1,REU.1.3_1,0.0010880865902344,0.584739073393274,0.583650986803039,2025.16877492711,2025.1698630137,CHIKV_RUN_S18b51_2025,55.619916,-20.954687
5921,5922,REU.2.3_1,REU.2.3_1,0.0443758491136375,0.584804110917989,0.540428261804351,2025.12555220211,2025.16992805122,NA,NA,NA
4452,4453,REU.4.8_1,REU.4.8_1,0.00853631594339854,0.584825396882374,0.576289080938975,2025.16141302124,2025.16994933719,NA,NA,NA
4627,4628,REU.4.3_1,REU.4.3_1,0.009342358590399,0.584829895868942,0.575487537278543,2025.16061147758,2025.16995383617,NA,NA,NA
4824,4825,REU.4.3_1,REU.4.3_1,0.0258306229878248,0.584831312312872,0.559000689325048,2025.14412462963,2025.16995525262,NA,NA,NA
4657,4660,REU.2.3_1,REU.2.3_1,0.0668914622557362,0.584862722471715,0.517971260215979,2025.10309520052,2025.16998666278,NA,NA,NA
5975,5978,REU.2.3_1,REU.2.3_1,0.0342667749715494,0.585057908105099,0.55079113313355,2025.13591507344,2025.17018184841,NA,NA,NA
3445,3446,REU.4.8_1,REU.4.8_1,0.000813918550691906,0.58506357992364,0.584249661372948,2025.16937360168,2025.17018752023,NA,NA,NA
4577,4578,REU.4.3_1,REU.4.3_1,0.00588746626211756,0.585094036363422,0.579206570101305,2025.16433051041,2025.17021797667,NA,NA,NA
3327,3328,REU.4.5_1,REU.4.5_1,0.00116871501365712,0.585152657743489,0.583983942729832,2025.16910788304,2025.17027659805,NA,NA,NA
3206,3210,REU.4.8_1,REU.4.8_1,0.0276327975602805,0.585156246886128,0.557523449325848,2025.14264738963,2025.17028018719,NA,NA,NA
3706,3708,REU.4.3_1,REU.4.8_1,0.0928737713597332,0.585198848396124,0.492325077036391,2025.07744901734,2025.1703227887,NA,NA,NA
3149,3150,REU.3.4_1,REU.3.4_1,0.03628367145594,0.585246585893276,0.548962914437336,2025.13408685474,2025.1703705262,NA,NA,NA
4574,4582,REU.4.4_1,REU.4.4_1,0.0697168119419427,0.585250605475985,0.515533793534042,2025.10065773384,2025.17037454578,NA,NA,NA
4333,4334,REU.4.3_1,REU.4.3_1,0.0588424502866084,0.585378318459138,0.52653586817253,2025.11165980848,2025.17050225876,NA,NA,NA
3415,3416,REU.3.5_1,REU.3.5_1,0.014642127248999,0.58554329356441,0.570901166315411,2025.15602510662,2025.17066723387,NA,NA,NA
5341,5342,REU.4.8_1,REU.4.8_1,0.0491284748755487,0.585646171703954,0.536517696828405,2025.12164163713,2025.17077011201,NA,NA,NA
5836,5837,REU.3.1_1,REU.3.1_1,0.05919055530135,0.585652352151923,0.526461796850573,2025.11158573716,2025.17077629246,NA,NA,NA
4106,4107,REU.4.8_1,REU.3.5_1,0.0601458394028108,0.58576816997658,0.525622330573769,2025.11074627088,2025.17089211028,NA,NA,NA
6195,6197,REU.4.8_1,REU.4.8_1,0.0741570105452933,0.585799266164885,0.511642255619592,2025.09676619593,2025.17092320647,NA,NA,NA
3397,3398,REU.4.3_1,REU.4.3_1,0.0403109911055868,0.585839875489923,0.545528884384336,2025.13065282469,2025.1709638158,NA,NA,NA
5466,5467,REU.4.5_1,REU.2.3_1,0.0221427920308224,0.585920338111855,0.563777546081033,2025.14890148639,2025.17104427842,NA,NA,NA
5525,5526,REU.4.3_1,REU.4.3_1,0.0312362688106425,0.585945610593955,0.554709341783312,2025.13983328209,2025.1710695509,NA,NA,NA
4144,4145,REU.4.8_1,REU.4.8_1,0.0183061361768808,0.586014919451375,0.567708783274494,2025.15283272358,2025.17113885976,NA,NA,NA
4868,4869,REU.4.8_1,REU.4.8_1,0.0108593257175562,0.586049658372051,0.575190332654495,2025.16031427296,2025.17117359868,NA,NA,NA
3429,3430,REU.4.3_1,REU.4.3_1,0.216906982577985,0.586090365583742,0.369183383005758,2024.95430732331,2025.17121430589,NA,NA,NA
5114,5116,REU.4.8_1,REU.2.3_1,0.0325012958771826,0.586131220043122,0.55362992416594,2025.13875386447,2025.17125516035,NA,NA,NA
3996,3997,REU.2.3_1,REU.2.3_1,0.0395008639600221,0.586165683489027,0.546664819529005,2025.13178875983,2025.17128962379,NA,NA,NA
4976,4977,REU.2.3_1,REU.2.3_1,0.0211848454237874,0.586304378111242,0.565119532687455,2025.15024347299,2025.17142831842,NA,NA,NA
6052,6053,REU.4.8_1,REU.4.8_1,0.0430001556438603,0.586383222188341,0.54338306654448,2025.12850700685,2025.17150716249,NA,NA,NA
4523,4524,REU.4.3_1,REU.4.3_1,0.0872623714435897,0.586423307035834,0.499160935592244,2025.0842848759,2025.17154724734,NA,NA,NA
3382,3384,REU.4.3_1,REU.4.3_1,0.0205297745091764,0.586547353306773,0.566017578797597,2025.1511415191,2025.17167129361,NA,NA,NA
4653,4654,REU.3.5_1,REU.4.8_1,0.0214268936948925,0.586569753727211,0.565142860032319,2025.15026680034,2025.17169369403,NA,NA,NA
4479,4480,REU.4.8_1,REU.4.8_1,0.0175366169256519,0.586574614203515,0.569037997277863,2025.15416193758,2025.17169855451,NA,NA,NA
4715,4716,REU.2.3_1,REU.2.3_1,0.0190897650133353,0.586671689758573,0.567581924745238,2025.15270586505,2025.17179563006,NA,NA,NA
4268,4269,REU.4.3_1,REU.4.3_1,0.0695548311765021,0.586675975851115,0.517121144674613,2025.10224508498,2025.17179991616,NA,NA,NA
3676,3677,REU.4.3_1,REU.4.3_1,0.0510759076624426,0.58667845918396,0.535602551521517,2025.12072649183,2025.17180239949,NA,NA,NA
5286,5287,REU.4.8_1,REU.4.8_1,0.0087617901981385,0.58668066277587,0.577918872577731,2025.16304281288,2025.17180460308,NA,NA,NA
3169,3170,REU.2.3_1,REU.2.3_1,0.00522333323025626,0.586690805229427,0.58146747199917,2025.1665914123,2025.17181474553,NA,NA,NA
4321,4322,REU.4.8_1,REU.4.8_1,0.0120847315720509,0.586698234620996,0.574613503048945,2025.15973744335,2025.17182217493,NA,NA,NA
3220,3222,REU.4.5_1,REU.3.5_1,0.0494297843305627,0.586747179998396,0.537317395667833,2025.12244133597,2025.1718711203,NA,NA,NA
5136,5137,REU.4.3_1,REU.4.3_1,0.0116394437554335,0.586858960154176,0.575219516398743,2025.1603434567,2025.17198290046,NA,NA,NA
5212,5213,REU.3.1_1,REU.2.3_1,0.0397607365137845,0.586929882993766,0.547169146479981,2025.13229308679,2025.1720538233,NA,NA,NA
3819,3821,REU.4.8_1,REU.4.8_1,0.073395782912339,0.586954763551906,0.513558980639567,2025.09868292095,2025.17207870386,NA,NA,NA
5696,5698,REU.3.1_1,REU.3.1_1,0.0212018498926643,0.587014925639993,0.565813075747329,2025.15093701605,2025.17213886595,NA,NA,NA
5311,5312,REU.4.8_1,REU.4.8_1,0.00344650834153049,0.587043943944004,0.583597435602474,2025.16872137591,2025.17216788425,NA,NA,NA
5064,5067,REU.2.3_1,REU.2.3_1,0.0614797088905048,0.587072958767291,0.525593249876786,2025.11071719018,2025.17219689907,NA,NA,NA
5993,5994,REU.2.3_1,REU.2.3_1,0.00261376616640863,0.587133916517761,0.584520150351352,2025.16964409066,2025.17225785682,NA,NA,NA
3213,3214,REU.3.1_1,REU.4.8_1,0.0391047360685932,0.587262169182514,0.54815743311392,2025.13328137342,2025.17238610949,NA,NA,NA
3938,3939,REU.4.3_1,REU.4.3_1,0.044878355350402,0.587331112112451,0.542452756762049,2025.12757669707,2025.17245505242,NA,NA,NA
5427,5428,REU.4.8_1,REU.4.8_1,0.0269622587933236,0.587477289514202,0.560515030720879,2025.14563897103,2025.17260122982,NA,NA,NA
3320,399,REU.4.3_1,REU.1.2_1,0.169976331862705,0.587478799420631,0.417502467557926,2025.00262640786,2025.17260273973,CHIKV_RUN_S17b72_2025,55.617232,-21.14786
3751,958,REU.4.8_1,REU.3.3_1,0.115606257263016,0.587478799420631,0.471872542157615,2025.05699648246,2025.17260273973,CHIKV_RUN_S37b84_2025,55.290406,-21.109758
3152,2449,REU.3.4_1,REU.3.4_1,0.114471898382446,0.587478799420631,0.473006901038185,2025.05813084134,2025.17260273973,CHIKV_RUN_S53b60_2025,55.295708,-21.213117
6217,2764,REU.3.1_1,REU.3.1_1,0.110616795758306,0.587478799420631,0.476862003662325,2025.06198594397,2025.17260273973,CHIKV_RUN_S53b52_2025,55.336864,-21.267742
5621,3063,REU.3.1_1,REU.4.2_1,0.082550837170968,0.587478799420631,0.504927962249663,2025.09005190256,2025.17260273973,CHIKV_RUN_S54b16_2025,55.471068,-21.24966
4864,1168,REU.4.8_1,REU.4.8_1,0.0751382201392732,0.587478799420631,0.512340579281358,2025.09746451959,2025.17260273973,CHIKV_RUN_S54b12_2025,55.472479,-21.279912
5385,1945,REU.3.1_1,REU.4.2_1,0.071603253733711,0.587478799420631,0.51587554568692,2025.10099948599,2025.17260273973,CHIKV_RUN_S15b59_2025,55.465554,-21.254063
3799,882,REU.4.3_1,REU.4.3_1,0.0702548355269601,0.587478799420631,0.517223963893671,2025.1023479042,2025.17260273973,CHIKV_RUN_S53b61_2025,55.514751,-21.244228
6225,2000,REU.3.1_1,REU.3.1_1,0.057806632641882,0.587478799420631,0.529672166778749,2025.11479610708,2025.17260273973,CHIKV_RUN_S54b14_2025,55.361485,-21.25901
6033,2340,REU.3.1_1,REU.3.1_1,0.0535895290303632,0.587478799420631,0.533889270390268,2025.1190132107,2025.17260273973,CHIKV_RUN_S16b01_2025,55.363928,-21.26362
3793,1760,REU.4.3_1,REU.4.3_1,0.0483886371237423,0.587478799420631,0.539090162296889,2025.1242141026,2025.17260273973,CHIKV_RUN_S54b15_2025,55.531852,-21.256267
3709,1566,REU.4.3_1,REU.4.3_1,0.0465220452298658,0.587478799420631,0.540956754190765,2025.1260806945,2025.17260273973,CHIKV_RUN_S53b37_2025,55.510761,-21.253684
4166,901,REU.4.3_1,REU.4.3_1,0.0456588806189991,0.587478799420631,0.541819918801632,2025.12694385911,2025.17260273973,CHIKV_RUN_S53b41_2025,55.539911,-21.299987
4796,1697,REU.4.8_1,REU.4.8_1,0.0445383856960628,0.587478799420631,0.542940413724568,2025.12806435403,2025.17260273973,CHIKV_RUN_S53b44_2025,55.492855,-21.296449
5258,3008,REU.3.2_1,REU.3.2_1,0.0426594876320815,0.587478799420631,0.54481931178855,2025.12994325209,2025.17260273973,CHIKV_RUN_S15b04_2025,55.340941,-21.241734
4474,1287,REU.4.8_1,REU.4.8_1,0.0424309674539702,0.587478799420631,0.545047831966661,2025.13017177227,2025.17260273973,CHIKV_RUN_S53b90_2025,55.487494,-21.277798
3281,455,REU.4.8_1,REU.4.1_1,0.0394822026836563,0.587478799420631,0.547996596736975,2025.13312053704,2025.17260273973,CHIKV_RUN_S54b05_2025,55.475041,-21.168695
5833,1904,REU.4.8_1,REU.4.8_1,0.0392912331148496,0.587478799420631,0.548187566305781,2025.13331150661,2025.17260273973,CHIKV_RUN_S54b20_2025,55.48477,-21.301816
4759,1303,REU.4.8_1,REU.4.8_1,0.0386277388742319,0.587478799420631,0.548851060546399,2025.13397500085,2025.17260273973,CHIKV_RUN_S54b26_2025,55.469909,-21.284304
3964,1043,REU.2.3_1,REU.2.3_1,0.0379901352705256,0.587478799420631,0.549488664150105,2025.13461260446,2025.17260273973,CHIKV_RUN_S15b79_2025,55.456378,-20.904032
4086,1104,REU.4.3_1,REU.4.3_1,0.0344225767291906,0.587478799420631,0.55305622269144,2025.138180163,2025.17260273973,CHIKV_RUN_S53b76_2025,55.537274,-21.25887
3414,536,REU.4.3_1,REU.4.3_1,0.0340685752498359,0.587478799420631,0.553410224170795,2025.13853416448,2025.17260273973,CHIKV_RUN_S15b86_2025,55.501495,-21.274366
4486,1738,REU.4.3_1,REU.4.3_1,0.0322325891266378,0.587478799420631,0.555246210293993,2025.1403701506,2025.17260273973,CHIKV_RUN_S15b09_2025,55.520157,-21.260094
3855,1138,REU.2.3_1,REU.2.3_1,0.0304825336016128,0.587478799420631,0.556996265819018,2025.14212020612,2025.17260273973,CHIKV_RUN_S15b83_2025,55.447502,-20.889213
5516,1961,REU.4.5_1,REU.4.5_1,0.0273962535574989,0.587478799420631,0.560082545863132,2025.14520648617,2025.17260273973,CHIKV_RUN_S53b87_2025,55.609715,-21.376921
5442,2760,REU.3.1_1,REU.3.1_1,0.0228589033941545,0.587478799420631,0.564619896026476,2025.14974383633,2025.17260273973,CHIKV_RUN_S54b22_2025,55.33551,-21.27167
4626,1576,REU.4.3_1,REU.4.3_1,0.022561829349139,0.587478799420631,0.564916970071492,2025.15004091038,2025.17260273973,CHIKV_RUN_S53b92_2025,55.554131,-21.303825
6190,2815,REU.3.3_1,REU.3.3_1,0.0214494415787101,0.587478799420631,0.566029357841921,2025.15115329815,2025.17260273973,CHIKV_RUN_S53b56_2025,55.294761,-21.109829
3233,1897,REU.4.4_1,REU.4.4_1,0.0211379216625351,0.587478799420631,0.566340877758096,2025.15146481806,2025.17260273973,CHIKV_RUN_S15b80_2025,55.566763,-21.367484
5214,1907,REU.3.1_1,REU.3.1_1,0.0190051141112758,0.587478799420631,0.568473685309355,2025.15359762561,2025.17260273973,CHIKV_RUN_S15b81_2025,55.336592,-21.273767
5246,2732,REU.4.6_1,REU.4.6_1,0.0165853596454265,0.587478799420631,0.570893439775204,2025.15601738008,2025.17260273973,CHIKV_RUN_S15b95_2025,55.43908,-21.262658
4338,837,REU.4.3_1,REU.4.3_1,0.0158838763043579,0.587478799420631,0.571594923116273,2025.15671886342,2025.17260273973,CHIKV_RUN_S54b18_2025,55.519366,-21.261462
4082,1113,REU.4.3_1,REU.4.3_1,0.0152795200584719,0.587478799420631,0.572199279362159,2025.15732321967,2025.17260273973,CHIKV_RUN_S54b03_2025,55.53279,-21.257958
4034,1652,REU.4.3_1,REU.4.3_1,0.0125072968827944,0.587478799420631,0.574971502537837,2025.16009544284,2025.17260273973,CHIKV_RUN_S53b82_2025,55.527183,-21.256516
4034,1286,REU.4.3_1,REU.4.3_1,0.0125072968827944,0.587478799420631,0.574971502537837,2025.16009544284,2025.17260273973,CHIKV_RUN_S53b45_2025,55.527183,-21.256516
3614,64,REU.3.3_1,REU.3.3_1,0.0117867689731028,0.587478799420631,0.575692030447528,2025.16081597075,2025.17260273973,CHIKV_RUN_S53b47_2025,55.286921,-21.110012
5219,1831,REU.3.1_1,REU.3.1_1,0.0110701665593272,0.587478799420631,0.576408632861304,2025.16153257317,2025.17260273973,CHIKV_RUN_S53b74_2025,55.357744,-21.255258
3598,86,REU.3.3_1,REU.3.3_1,0.00926507101743568,0.587478799420631,0.578213728403195,2025.16333766871,2025.17260273973,CHIKV_RUN_S53b42_2025,55.287172,-21.106988
5707,2019,REU.4.6_1,REU.4.6_1,0.00841914317920922,0.587478799420631,0.579059656241422,2025.16418359655,2025.17260273973,CHIKV_RUN_S53b73_2025,55.400593,-21.289238
4405,798,REU.4.6_1,REU.4.6_1,0.00773602639341298,0.587478799420631,0.579742773027218,2025.16486671333,2025.17260273973,CHIKV_RUN_S53b53_2025,55.447652,-21.273302
4019,1657,REU.4.3_1,REU.4.3_1,0.00623777180018603,0.587478799420631,0.581241027620445,2025.16636496793,2025.17260273973,CHIKV_RUN_S15b76_2025,55.527948,-21.256723
5869,2973,REU.4.6_1,REU.4.6_1,0.00525015553792785,0.587478799420631,0.582228643882703,2025.16735258419,2025.17260273973,CHIKV_RUN_S53b79_2025,55.433699,-21.259772
3351,401,REU.4.7_1,REU.4.7_1,0.00290056686811369,0.587478799420631,0.584578232552517,2025.16970217286,2025.17260273973,CHIKV_RUN_S54b25_2025,55.763819,-21.361122
4269,758,REU.4.3_1,REU.4.2_1,0.000802823569515554,0.587478799420631,0.586675975851115,2025.17179991616,2025.17260273973,CHIKV_RUN_S53b59_2025,55.468463,-21.247905
5213,1909,REU.2.3_1,REU.2.3_1,0.000548916426865165,0.587478799420631,0.586929882993766,2025.1720538233,2025.17260273973,CHIKV_RUN_S54b09_2025,55.467156,-20.886212
5698,2800,REU.3.1_1,REU.3.1_1,0.000463873780638169,0.587478799420631,0.587014925639993,2025.17213886595,2025.17260273973,CHIKV_RUN_S53b95_2025,55.366607,-21.253818
5698,2799,REU.3.1_1,REU.3.1_1,0.000463873780638169,0.587478799420631,0.587014925639993,2025.17213886595,2025.17260273973,CHIKV_RUN_S53b84_2025,55.368013,-21.257563
4516,4517,REU.3.5_1,REU.3.5_1,0.0135308418157892,0.58749103834725,0.573960196531461,2025.15908413684,2025.17261497865,NA,NA,NA
5748,5750,REU.2.5_1,REU.2.5_1,0.00875377622455464,0.587574725415392,0.578820949190837,2025.1639448895,2025.17269866572,NA,NA,NA
5069,5074,REU.2.3_1,REU.2.2_1,0.0888243279764581,0.587642960035542,0.498818632059084,2025.08394257236,2025.17276690034,NA,NA,NA
5077,5078,REU.3.1_1,REU.3.2_1,0.0465149203236486,0.58775330324148,0.541238382917832,2025.12636232322,2025.17287724355,NA,NA,NA
4778,4779,REU.4.8_1,REU.4.2_1,0.0375681305277829,0.587810584066357,0.550242453538574,2025.13536639384,2025.17293452437,NA,NA,NA
4680,4681,REU.4.8_1,REU.4.8_1,0.0215714712981651,0.587876847350061,0.566305376051896,2025.15142931636,2025.17300078766,NA,NA,NA
4558,4560,REU.4.5_1,REU.4.5_1,0.0147003807639106,0.587984893238417,0.573284512474507,2025.15840845278,2025.17310883354,NA,NA,NA
5769,5771,REU.4.3_1,REU.4.3_1,0.0751797882452349,0.588193505285001,0.513013717039766,2025.09813765735,2025.17331744559,NA,NA,NA
4735,4736,REU.2.3_1,REU.2.3_1,0.0634453409098112,0.588410911393431,0.52496557048362,2025.11008951079,2025.1735348517,NA,NA,NA
5792,5793,REU.1.3_1,REU.1.3_1,0.00593332987874862,0.588419723302124,0.582486393423375,2025.16761033373,2025.17354366361,NA,NA,NA
5144,5145,REU.3.1_1,REU.3.5_1,0.0858819991611375,0.588424772837571,0.502542773676434,2025.08766671398,2025.17354871314,NA,NA,NA
3382,3383,REU.4.3_1,REU.4.3_1,0.0224846528355674,0.588502231633164,0.566017578797597,2025.1511415191,2025.17362617194,NA,NA,NA
3677,3679,REU.4.3_1,REU.4.3_1,0.00194552711197193,0.588623986295932,0.58667845918396,2025.17180239949,2025.1737479266,NA,NA,NA
5716,5717,REU.3.1_1,REU.3.1_1,0.0502548641788654,0.588626021617338,0.538371157438472,2025.12349509774,2025.17374996192,NA,NA,NA
3496,3497,REU.4.8_1,REU.4.8_1,0.0211503799091293,0.588691526019297,0.567541146110167,2025.15266508642,2025.17381546632,NA,NA,NA
5483,5484,REU.3.5_1,REU.3.5_1,0.076289689802705,0.588734613517316,0.512444923714611,2025.09756886402,2025.17385855382,NA,NA,NA
3470,3471,REU.4.8_1,REU.4.8_1,0.043514210099354,0.588739955563762,0.545225745464408,2025.13034968577,2025.17386389587,NA,NA,NA
3210,3211,REU.4.8_1,REU.4.8_1,0.00365364673899093,0.588809893625119,0.585156246886128,2025.17028018719,2025.17393383393,NA,NA,NA
5107,5108,REU.4.8_1,REU.4.8_1,0.00943466501809676,0.588828363964801,0.579393698946704,2025.16451763925,2025.17395230427,NA,NA,NA
3847,3851,REU.2.3_1,REU.1.3_1,0.0244004382981864,0.588920916423343,0.564520478125156,2025.14964441843,2025.17404485673,NA,NA,NA
3162,3163,REU.3.4_1,REU.2.3_1,0.109298183595736,0.589008265475566,0.479710081879831,2025.06483402219,2025.17413220578,NA,NA,NA
4209,4210,REU.2.3_1,REU.2.3_1,0.00906259330375914,0.589074732649207,0.580012139345448,2025.16513607965,2025.17419867295,NA,NA,NA
3453,3456,REU.4.3_1,REU.4.5_1,0.0549425186866606,0.589192553230328,0.534250034543667,2025.11937397485,2025.17431649354,NA,NA,NA
5869,5870,REU.4.6_1,REU.4.6_1,0.00710695750440793,0.589335601387111,0.582228643882703,2025.16735258419,2025.17445954169,NA,NA,NA
5607,5608,REU.3.1_1,REU.3.1_1,0.0177827865386071,0.589388094849392,0.571605308310785,2025.15672924862,2025.17451203515,NA,NA,NA
5006,5007,REU.3.5_1,REU.3.5_1,0.0413743959045416,0.589430590024802,0.548056194120261,2025.13318013443,2025.17455453033,NA,NA,NA
5067,5068,REU.2.3_1,REU.2.3_1,0.00241666895263859,0.589489627719929,0.587072958767291,2025.17219689907,2025.17461356803,NA,NA,NA
3333,3334,REU.4.3_1,REU.4.3_1,0.070464703569854,0.589561639371786,0.519096935801932,2025.10422087611,2025.17468557968,NA,NA,NA
4531,4532,REU.4.4_1,REU.4.4_1,0.00603930020261734,0.589594094802059,0.583554794599441,2025.1686787349,2025.17471803511,NA,NA,NA
5194,5195,REU.3.4_1,REU.3.4_1,0.0125026264529116,0.589665623782198,0.577162997329286,2025.16228693763,2025.17478956409,NA,NA,NA
4536,4537,REU.4.4_1,REU.4.3_1,0.145923494601702,0.589699981509207,0.443776486907505,2025.02890042721,2025.17482392181,NA,NA,NA
5131,5132,REU.4.8_1,REU.4.4_1,0.0110711712298666,0.589728720390374,0.578657549160507,2025.16378148947,2025.1748526607,NA,NA,NA
4020,4023,REU.4.3_1,REU.4.3_1,0.0177535423466133,0.589859682485266,0.572106140138652,2025.15723008044,2025.17498362279,NA,NA,NA
3134,3135,REU.3.4_1,REU.2.3_1,0.0876137476151213,0.589927283142625,0.502313535527503,2025.08743747583,2025.17505122345,NA,NA,NA
5774,5775,REU.4.3_1,REU.4.3_1,0.0982282289809372,0.590042670467288,0.491814441486351,2025.07693838179,2025.17516661077,NA,NA,NA
3172,3173,REU.3.4_1,REU.2.3_1,0.0487609592030596,0.590085125721613,0.541324166518553,2025.12644810682,2025.17520906603,NA,NA,NA
4419,4427,REU.4.3_1,REU.1.3_1,0.148867579808896,0.59009633160266,0.441228751793764,2025.0263526921,2025.17522027191,NA,NA,NA
3936,3942,REU.4.3_1,REU.3.5_1,0.0999134500067871,0.590133254259273,0.490219804252486,2025.07534374456,2025.17525719456,NA,NA,NA
4692,4693,REU.2.3_1,REU.2.3_1,0.0258853825022161,0.590139337358209,0.564253954855993,2025.14937789516,2025.17526327766,NA,NA,NA
3534,3537,REU.4.3_1,REU.4.3_1,0.0787464310365049,0.590195465231187,0.511449034194682,2025.0965729745,2025.17531940554,NA,NA,NA
5404,5405,REU.4.8_1,REU.4.8_1,0.014618257801899,0.59019626357887,0.575578005776971,2025.16070194608,2025.17532020388,NA,NA,NA
4443,669,REU.4.3_1,REU.2.3_1,0.123393449430702,0.590218525447988,0.466825076017286,2025.05194901632,2025.17534246575,CHIKV_RUN_S15b12_2025,55.473452,-20.904294
5532,2524,REU.4.1_1,REU.4.1_1,0.0876047781857087,0.590218525447988,0.50261374726228,2025.08773768757,2025.17534246575,CHIKV_RUN_S16b56_2025,55.47479,-21.170469
5539,2373,REU.4.1_1,REU.4.1_1,0.077440041101944,0.590218525447988,0.512778484346044,2025.09790242465,2025.17534246575,CHIKV_RUN_S16b79_2025,55.47633,-21.168947
3200,2604,REU.4.8_1,REU.4.5_1,0.077118510260437,0.590218525447988,0.513100015187551,2025.09822395549,2025.17534246575,CHIKV_RUN_S16b36_2025,55.626989,-21.379438
4264,664,REU.4.3_1,REU.4.3_1,0.0727476534843627,0.590218525447988,0.517470871963626,2025.10259481227,2025.17534246575,CHIKV_RUN_S16b70_2025,55.521282,-21.252269
3930,1596,REU.4.8_1,REU.4.8_1,0.0698697210614385,0.590218525447988,0.52034880438655,2025.10547274469,2025.17534246575,CHIKV_RUN_S15b92_2025,55.477771,-21.342704
5362,3053,REU.4.6_1,REU.4.6_1,0.0521550814978846,0.590218525447988,0.538063443950104,2025.12318738426,2025.17534246575,CHIKV_RUN_S16b71_2025,55.433794,-21.251845
4051,1041,REU.4.8_1,REU.2.5_1,0.0474775251380037,0.590218525447988,0.542741000309985,2025.12786494062,2025.17534246575,CHIKV_RUN_S37b89_2025,55.605935,-20.951382
5119,1788,REU.2.3_1,REU.2.3_1,0.0469739083922356,0.590218525447988,0.543244617055753,2025.12836855736,2025.17534246575,CHIKV_RUN_S15b15_2025,55.462476,-20.88777
4937,208,REU.4.5_1,REU.4.4_1,0.0466742106056472,0.590218525447988,0.543544314842341,2025.12866825515,2025.17534246575,CHIKV_RUN_S16b68_2025,55.558938,-21.338599
5403,2232,REU.3.1_1,REU.3.2_1,0.0448015035236967,0.590218525447988,0.545417021924292,2025.13054096223,2025.17534246575,CHIKV_RUN_S15b90_2025,55.329506,-21.234528
6091,2048,REU.4.4_1,REU.4.8_1,0.0408335703286429,0.590218525447988,0.549384955119345,2025.13450889542,2025.17534246575,CHIKV_RUN_S15b93_2025,55.533549,-21.332922
5511,2494,REU.4.8_1,REU.3.2_1,0.039552873172442,0.590218525447988,0.550665652275546,2025.13578959258,2025.17534246575,CHIKV_RUN_S16b77_2025,55.352255,-21.242327
4069,1125,REU.4.3_1,REU.4.3_1,0.0387396184202081,0.590218525447988,0.55147890702778,2025.13660284733,2025.17534246575,CHIKV_RUN_S16b69_2025,55.517036,-21.294639
5838,1939,REU.4.8_1,REU.1.3_1,0.0376127269866884,0.590218525447988,0.5526057984613,2025.13772973877,2025.17534246575,CHIKV_RUN_S18b53_2025,55.623947,-20.950749
5446,2709,REU.3.1_1,REU.4.6_1,0.0370117545617206,0.590218525447988,0.553206770886268,2025.13833071119,2025.17534246575,CHIKV_RUN_S15b11_2025,55.43735,-21.282083
5756,1992,REU.2.5_1,REU.1.4_1,0.0327922985420603,0.590218525447988,0.557426226905928,2025.14255016721,2025.17534246575,CHIKV_RUN_S17b71_2025,55.68464,-21.015043
4262,744,REU.4.8_1,REU.4.8_1,0.0323068819868657,0.590218525447988,0.557911643461123,2025.14303558377,2025.17534246575,CHIKV_RUN_S15b74_2025,55.471073,-21.307635
3778,1422,REU.4.3_1,REU.4.3_1,0.0301024504552528,0.590218525447988,0.560116074992736,2025.1452400153,2025.17534246575,CHIKV_RUN_S16b65_2025,55.508741,-21.238603
5153,2664,REU.3.1_1,REU.3.1_1,0.0298222360900724,0.590218525447988,0.560396289357916,2025.14552022966,2025.17534246575,CHIKV_RUN_S15b13_2025,55.357299,-21.254774
5080,2321,REU.3.1_1,REU.3.2_1,0.0295965645369641,0.590218525447988,0.560621960911024,2025.14574590122,2025.17534246575,CHIKV_RUN_S15b05_2025,55.322143,-21.250985
5695,2796,REU.3.1_1,REU.3.1_1,0.0275612795330322,0.590218525447988,0.562657245914956,2025.14778118622,2025.17534246575,CHIKV_RUN_S16b74_2025,55.366601,-21.253912
4692,990,REU.2.3_1,REU.2.3_1,0.0259645705919953,0.590218525447988,0.564253954855993,2025.14937789516,2025.17534246575,CHIKV_RUN_S15b88_2025,55.464831,-20.8845
4653,121,REU.3.5_1,REU.3.5_1,0.0250756654156694,0.590218525447988,0.565142860032319,2025.15026680034,2025.17534246575,CHIKV_RUN_S16b57_2025,55.266295,-21.074346
6166,2101,REU.4.5_1,REU.4.5_1,0.0188794350861622,0.590218525447988,0.571339090361826,2025.15646303067,2025.17534246575,CHIKV_RUN_S15b10_2025,55.627197,-21.374731
5534,2518,REU.4.1_1,REU.4.1_1,0.0147375182155296,0.590218525447988,0.575481007232459,2025.16060494754,2025.17534246575,CHIKV_RUN_S15b07_2025,55.47775,-21.1691
4627,1575,REU.4.3_1,REU.4.8_1,0.014730988169445,0.590218525447988,0.575487537278543,2025.16061147758,2025.17534246575,CHIKV_RUN_S15b89_2025,55.494927,-21.296698
3707,274,REU.4.5_1,REU.4.5_1,0.0139247253201022,0.590218525447988,0.576293800127886,2025.16141774043,2025.17534246575,CHIKV_RUN_S16b41_2025,55.602285,-21.348454
4559,1220,REU.4.3_1,REU.4.3_1,0.0126276363596775,0.590218525447988,0.577590889088311,2025.16271482939,2025.17534246575,CHIKV_RUN_S15b03_2025,55.521673,-21.257382
5088,2746,REU.4.8_1,REU.4.8_1,0.0082549530065773,0.590218525447988,0.581963572441411,2025.16708751275,2025.17534246575,CHIKV_RUN_S15b01_2025,55.463816,-21.285384
4145,1703,REU.4.8_1,REU.4.8_1,0.00420360599661307,0.590218525447988,0.586014919451375,2025.17113885976,2025.17534246575,CHIKV_RUN_S16b75_2025,55.472365,-21.280115
5116,1964,REU.2.3_1,REU.2.3_1,0.00408730540486602,0.590218525447988,0.586131220043122,2025.17125516035,2025.17534246575,CHIKV_RUN_S15b06_2025,55.44655,-20.899567
5074,2159,REU.2.2_1,REU.2.2_1,0.00257556541244641,0.590218525447988,0.587642960035542,2025.17276690034,2025.17534246575,CHIKV_RUN_S17b43_2025,55.302715,-20.938755
3537,649,REU.4.3_1,REU.4.3_1,2.30602168010963e-05,0.590218525447988,0.590195465231187,2025.17531940554,2025.17534246575,CHIKV_RUN_S15b14_2025,55.509572,-21.284307
3893,3894,REU.4.3_1,REU.3.5_1,0.0690497461249984,0.590316425315462,0.521266679190464,2025.1063906195,2025.17544036562,NA,NA,NA
6200,6201,REU.4.3_1,REU.4.3_1,0.048889103831078,0.590334719130799,0.541445615299721,2025.1265695556,2025.17545865944,NA,NA,NA
3334,3335,REU.4.3_1,REU.4.3_1,0.000887390580680103,0.590449029952467,0.589561639371786,2025.17468557968,2025.17557297026,NA,NA,NA
4560,4561,REU.4.5_1,REU.4.5_1,0.00255807600060121,0.590542969239019,0.587984893238417,2025.17310883354,2025.17566690954,NA,NA,NA
3674,3675,REU.4.3_1,REU.4.3_1,0.0368719153994506,0.590715956203212,0.553844040803761,2025.13896798111,2025.17583989651,NA,NA,NA
5080,5081,REU.3.1_1,REU.3.1_1,0.0301904488848955,0.59081240979592,0.560621960911024,2025.14574590122,2025.1759363501,NA,NA,NA
5336,5337,REU.4.3_1,REU.4.3_1,0.0715716303441443,0.590820222972786,0.519248592628642,2025.10437253293,2025.17594416328,NA,NA,NA
5535,5536,REU.4.1_1,REU.4.1_1,0.0838040255626908,0.590971088327399,0.507167062764708,2025.09229100307,2025.17609502863,NA,NA,NA
3736,3737,REU.3.5_1,REU.3.5_1,0.0475260903841466,0.591024712921999,0.543498622537853,2025.12862256284,2025.17614865323,NA,NA,NA
3394,3395,REU.4.3_1,REU.4.3_1,0.138749343954939,0.591418765687604,0.452669421732666,2025.03779336204,2025.17654270599,NA,NA,NA
4283,4287,REU.4.3_1,REU.4.3_1,0.074168177882448,0.591420386926282,0.517252209043834,2025.10237614935,2025.17654432723,NA,NA,NA
4062,4071,REU.4.3_1,REU.4.3_1,0.133112358726676,0.591534669250718,0.458422310524042,2025.04354625083,2025.17665860956,NA,NA,NA
4203,4204,REU.2.2_1,REU.2.2_1,0.0318732773705748,0.591582012166332,0.559708734795757,2025.1448326751,2025.17670595247,NA,NA,NA
5004,5012,REU.3.5_1,REU.3.5_1,0.0638153501205136,0.591615985116901,0.527800634996388,2025.1129245753,2025.17673992542,NA,NA,NA
3951,3952,REU.4.8_1,REU.4.8_1,0.0454746398780698,0.591851388320463,0.546376748442393,2025.13150068875,2025.17697532863,NA,NA,NA
5748,5749,REU.2.5_1,REU.2.5_1,0.0130519915272385,0.591872940718076,0.578820949190837,2025.1639448895,2025.17699688102,NA,NA,NA
5670,5671,REU.4.8_1,REU.4.8_1,0.0159246591685642,0.591969415289317,0.576044756120753,2025.16116869643,2025.17709335559,NA,NA,NA
3281,3282,REU.4.8_1,REU.2.3_1,0.0440130572018966,0.592009653938871,0.547996596736975,2025.13312053704,2025.17713359424,NA,NA,NA
3454,3455,REU.4.3_1,REU.2.3_1,0.0173129507456472,0.592175740722735,0.574862789977088,2025.15998673028,2025.17729968103,NA,NA,NA
6180,6181,REU.4.8_1,REU.2.3_1,0.0673429580864731,0.592295416067636,0.524952457981163,2025.11007639829,2025.17741935637,NA,NA,NA
5994,5995,REU.2.3_1,REU.2.3_1,0.00516926511701088,0.592303181634772,0.587133916517761,2025.17225785682,2025.17742712194,NA,NA,NA
4248,4249,REU.4.3_1,REU.4.3_1,0.0794457310142973,0.592306211981829,0.512860480967531,2025.09798442127,2025.17743015229,NA,NA,NA
3847,3848,REU.2.3_1,REU.2.3_1,0.0281651208642599,0.592685598989416,0.564520478125156,2025.14964441843,2025.1778095393,NA,NA,NA
3222,3223,REU.3.5_1,REU.3.5_1,0.00594236463985198,0.592689544638248,0.586747179998396,2025.1718711203,2025.17781348494,NA,NA,NA
5276,5277,REU.4.3_1,REU.4.3_1,0.151287483840804,0.592774054513905,0.441486570673101,2025.02661051098,2025.17789799482,NA,NA,NA
3535,3536,REU.4.3_1,REU.4.3_1,0.0233737816118077,0.592853395056472,0.569479613444664,2025.15460355375,2025.17797733536,NA,NA,NA
5376,5377,REU.4.3_1,REU.2.3_1,0.0583597655357919,0.592953957226331,0.534594191690539,2025.119718132,2025.17807789753,NA,NA,NA
4291,820,REU.4.3_1,REU.4.2_1,0.165383536832694,0.592958251475346,0.427574714642651,2025.01269865495,2025.17808219178,CHIKV_RUN_S16b59_2025,55.49552,-21.241122
4639,158,REU.4.8_1,REU.4.6_1,0.0977548347806836,0.592958251475346,0.495203416694662,2025.080327357,2025.17808219178,CHIKV_RUN_S16b18_2025,55.437616,-21.268652
5535,2522,REU.4.1_1,REU.4.1_1,0.0857911887106377,0.592958251475346,0.507167062764708,2025.09229100307,2025.17808219178,CHIKV_RUN_S16b23_2025,55.476481,-21.170794
4750,310,REU.4.3_1,REU.4.3_1,0.0848052668209505,0.592958251475346,0.508152984654395,2025.09327692496,2025.17808219178,CHIKV_RUN_S16b29_2025,55.533773,-21.28242
4087,1116,REU.4.3_1,REU.4.3_1,0.0754448716022815,0.592958251475346,0.517513379873064,2025.10263732018,2025.17808219178,CHIKV_RUN_S16b22_2025,55.517611,-21.279828
4756,900,REU.4.8_1,REU.3.1_1,0.0687301373734532,0.592958251475346,0.524228114101893,2025.10935205441,2025.17808219178,CHIKV_RUN_S36b51_2025,55.334015,-21.272898
3629,1514,REU.4.3_1,REU.4.3_1,0.0584476231127258,0.592958251475346,0.53451062836262,2025.11963456867,2025.17808219178,CHIKV_RUN_S16b60_2025,55.525549,-21.286563
4923,203,REU.4.7_1,REU.4.7_1,0.0545128180404517,0.592958251475346,0.538445433434894,2025.12356937374,2025.17808219178,CHIKV_RUN_S16b80_2025,55.771718,-21.363786
6211,2812,REU.4.8_1,REU.2.3_1,0.0543874664523056,0.592958251475346,0.53857078502304,2025.12369472533,2025.17808219178,CHIKV_RUN_S16b72_2025,55.470775,-20.901613
4391,792,REU.4.8_1,REU.4.8_1,0.0496194685482735,0.592958251475346,0.543338782927072,2025.12846272323,2025.17808219178,CHIKV_RUN_S16b63_2025,55.532847,-21.352894
4358,696,REU.4.8_1,REU.4.3_1,0.0471335878853111,0.592958251475346,0.545824663590035,2025.1309486039,2025.17808219178,CHIKV_RUN_S16b58_2025,55.542606,-21.243523
4236,812,REU.4.3_1,REU.4.3_1,0.0379793796665575,0.592958251475346,0.554978871808788,2025.14010281211,2025.17808219178,CHIKV_RUN_S16b66_2025,55.521328,-21.278701
5743,1978,REU.2.5_1,REU.2.5_1,0.0375692468016631,0.592958251475346,0.555389004673683,2025.14051294498,2025.17808219178,CHIKV_RUN_S28b06_2025,55.598072,-20.90818
5353,2628,REU.3.1_1,REU.4.3_1,0.0249549406704663,0.592958251475346,0.568003310804879,2025.15312725111,2025.17808219178,CHIKV_RUN_S16b38_2025,55.498283,-21.267012
3237,2753,REU.4.8_1,REU.3.2_1,0.0136280162726522,0.592958251475346,0.579330235202694,2025.16445417551,2025.17808219178,CHIKV_RUN_S37b83_2025,55.351102,-21.244876
3184,2415,REU.4.6_1,REU.4.6_1,0.0110695199342398,0.592958251475346,0.581888731541106,2025.16701267185,2025.17808219178,CHIKV_RUN_S16b78_2025,55.43178,-21.261588
4814,1097,REU.4.3_1,REU.4.3_1,0.0103718073133837,0.592958251475346,0.582586444161962,2025.16771038447,2025.17808219178,CHIKV_RUN_S16b14_2025,55.504085,-21.266514
4628,1572,REU.4.3_1,REU.3.2_1,0.00812835560640335,0.592958251475346,0.584829895868942,2025.16995383617,2025.17808219178,CHIKV_RUN_S16b73_2025,55.334132,-21.24718
3914,3915,REU.4.3_1,REU.2.3_1,0.127170707966569,0.593002794744532,0.465832086777963,2025.05095602708,2025.17812673505,NA,NA,NA
4862,4863,REU.4.3_1,REU.4.3_1,0.104400669924466,0.593070841613321,0.488670171688855,2025.07379411199,2025.17819478192,NA,NA,NA
5000,5001,REU.3.1_1,REU.4.3_1,0.311927246241013,0.593115289928654,0.281188043687641,2024.86631198399,2025.17823923023,NA,NA,NA
3753,3754,REU.2.1_1,REU.2.1_1,0.0249339592397317,0.593290726266898,0.568356767027166,2025.15348070733,2025.17841466657,NA,NA,NA
3986,3987,REU.4.8_1,REU.4.8_1,0.0506413930469566,0.593335975163536,0.54269458211658,2025.12781852242,2025.17845991547,NA,NA,NA
5070,5071,REU.2.3_1,REU.2.3_1,0.013893728304485,0.593453386979419,0.579559658674934,2025.16468359898,2025.17857732728,NA,NA,NA
3876,3877,REU.4.3_1,REU.4.3_1,0.0563180715027389,0.593466676635887,0.537148605133148,2025.12227254544,2025.17859061694,NA,NA,NA
4802,4804,REU.4.8_1,REU.4.8_1,0.065377868290827,0.593538562956838,0.528160694666011,2025.11328463497,2025.17866250326,NA,NA,NA
3904,3905,REU.4.3_1,REU.4.3_1,0.0351805596553385,0.593565040666707,0.558384481011369,2025.14350842132,2025.17868898097,NA,NA,NA
5985,5986,REU.2.3_1,REU.2.3_1,0.0703435510878696,0.593601573474437,0.523258022386568,2025.10838196269,2025.17872551378,NA,NA,NA
5187,5189,REU.4.6_1,REU.4.6_1,0.00969100360122743,0.593875097614994,0.584184094013766,2025.16930803432,2025.17899903792,NA,NA,NA
3456,3457,REU.4.5_1,REU.4.5_1,0.00485048163778401,0.594043034868112,0.589192553230328,2025.17431649354,2025.17916697517,NA,NA,NA
3997,4001,REU.2.3_1,REU.2.3_1,0.0079264039316469,0.594092087420674,0.586165683489027,2025.17128962379,2025.17921602773,NA,NA,NA
4548,4554,REU.4.4_1,REU.4.8_1,0.190950748852737,0.594130690136733,0.403179941283996,2024.98830388159,2025.17925463044,NA,NA,NA
3952,3953,REU.4.8_1,REU.4.8_1,0.00232024502127226,0.594171633341735,0.591851388320463,2025.17697532863,2025.17929557365,NA,NA,NA
3992,4008,REU.2.3_1,REU.2.3_1,0.10422139337025,0.594233430041127,0.490012036670877,2025.07513597698,2025.17935737035,NA,NA,NA
4444,4446,REU.4.3_1,REU.4.8_1,0.0437336734380038,0.594307152769417,0.550573479331413,2025.13569741964,2025.17943109307,NA,NA,NA
4517,4518,REU.3.5_1,REU.3.5_1,0.00692715039175473,0.594418188739005,0.58749103834725,2025.17261497865,2025.17954212904,NA,NA,NA
3714,3715,REU.3.5_1,REU.3.5_1,0.0267456444080798,0.594443695644072,0.567698051235993,2025.15282199154,2025.17956763595,NA,NA,NA
5380,5381,REU.3.5_1,REU.3.5_1,0.0341242014543861,0.594506700039344,0.560382498584958,2025.14550643889,2025.17963064034,NA,NA,NA
4100,4101,REU.4.3_1,REU.4.3_1,0.0231593575310332,0.594514887698478,0.571355530167445,2025.15647947047,2025.179638828,NA,NA,NA
5650,5653,REU.4.8_1,REU.4.8_1,0.0538784791769988,0.594682217935995,0.540803738758996,2025.12592767906,2025.17980615824,NA,NA,NA
3179,3180,REU.3.4_1,REU.2.3_1,0.0401600111948957,0.594761639446445,0.55460162825155,2025.13972556856,2025.17988557975,NA,NA,NA
5663,5664,REU.4.3_1,REU.4.3_1,0.136689077653609,0.59495592141293,0.458266843759321,2025.04339078406,2025.18007986172,NA,NA,NA
4752,4753,REU.4.3_1,REU.1.4_1,0.107110518976601,0.594979417069118,0.487868898092517,2025.0729928384,2025.18010335737,NA,NA,NA
5489,5490,REU.3.1_1,REU.4.8_1,0.0324425141022991,0.595000269302619,0.562557755200319,2025.14768169551,2025.18012420961,NA,NA,NA
5608,5609,REU.3.1_1,REU.3.1_1,0.00566804940508769,0.59505614425448,0.589388094849392,2025.17451203515,2025.18018008456,NA,NA,NA
4707,4708,REU.2.3_1,REU.2.3_1,0.0106575255563728,0.595093925785305,0.584436400228932,2025.16956034053,2025.18021786609,NA,NA,NA
4434,4435,REU.4.3_1,REU.4.3_1,0.0820207734887791,0.595147375984042,0.513126602495263,2025.0982505428,2025.18027131629,NA,NA,NA
3180,3181,REU.2.3_1,REU.2.3_1,0.000412678299851255,0.595174317746297,0.594761639446445,2025.17988557975,2025.18029825805,NA,NA,NA
3267,3270,REU.4.3_1,REU.4.3_1,0.104309168525846,0.595214982586204,0.490905814060358,2025.07602975437,2025.18033892289,NA,NA,NA
5569,5570,REU.4.3_1,REU.4.3_1,0.0509027962616284,0.595407104344522,0.544504308082894,2025.12962824839,2025.18053104465,NA,NA,NA
5114,5115,REU.4.8_1,REU.4.8_1,0.041801762322679,0.595431686488619,0.55362992416594,2025.13875386447,2025.18055562679,NA,NA,NA
4578,4579,REU.4.3_1,REU.4.3_1,0.0105435200280106,0.595637556391433,0.585094036363422,2025.17021797667,2025.1807614967,NA,NA,NA
4827,1359,REU.4.3_1,REU.4.3_1,0.104981408824051,0.59569797750293,0.490716568678879,2025.07584050898,2025.18082191781,CHIKV_RUN_S16b54_2025,55.498279,-21.26971
3805,1467,REU.4.3_1,REU.3.5_1,0.10386153982341,0.59569797750293,0.491836437679521,2025.07696037798,2025.18082191781,CHIKV_RUN_S16b06_2025,55.284204,-21.0281
6047,2502,REU.4.8_1,REU.3.5_1,0.0955106514479517,0.59569797750293,0.500187326054979,2025.08531126636,2025.18082191781,CHIKV_RUN_S17b30_2025,55.283911,-21.045065
5027,2138,REU.4.8_1,REU.2.1_1,0.0763785593501781,0.595697977502931,0.519319418152753,2025.10444335846,2025.18082191781,CHIKV_RUN_S16b43_2025,55.333107,-20.933901
5117,1882,REU.4.8_1,REU.3.2_1,0.0760468596751545,0.59569797750293,0.519651117827776,2025.10477505813,2025.18082191781,CHIKV_RUN_S16b21_2025,55.336407,-21.241245
5892,3001,REU.4.6_1,REU.4.6_1,0.0709928674094701,0.59569797750293,0.52470511009346,2025.1098290504,2025.18082191781,CHIKV_RUN_S16b16_2025,55.417173,-21.289649
4188,348,REU.4.3_1,REU.4.3_1,0.0615313750433584,0.59569797750293,0.534166602459572,2025.11929054276,2025.18082191781,CHIKV_RUN_S16b12_2025,55.507032,-21.235247
5111,3092,REU.4.3_1,REU.4.3_1,0.0510529441134755,0.59569797750293,0.544645033389455,2025.12976897369,2025.18082191781,CHIKV_RUN_S16b46_2025,55.50159,-21.262261
3425,573,REU.4.8_1,REU.4.8_1,0.0502330179833086,0.59569797750293,0.545464959519622,2025.13058889982,2025.18082191781,CHIKV_RUN_S16b49_2025,55.494289,-21.271536
4132,1356,REU.4.3_1,REU.4.3_1,0.048410326764101,0.59569797750293,0.54728765073883,2025.13241159104,2025.18082191781,CHIKV_RUN_S16b40_2025,55.510576,-21.237746
4180,353,REU.4.2_1,REU.4.2_1,0.0459445257352957,0.59569797750293,0.549753451767635,2025.13487739207,2025.18082191781,CHIKV_RUN_S16b42_2025,55.470247,-21.233447
4914,230,REU.4.5_1,REU.4.5_1,0.0438356385344064,0.59569797750293,0.551862338968524,2025.13698627927,2025.18082191781,CHIKV_RUN_S16b53_2025,55.612604,-21.324901
4445,638,REU.4.3_1,REU.4.3_1,0.0342059970705078,0.59569797750293,0.561491980432423,2025.14661592074,2025.18082191781,CHIKV_RUN_S16b51_2025,55.502596,-21.239002
4365,832,REU.4.3_1,REU.4.3_1,0.0257616213357262,0.59569797750293,0.569936356167204,2025.15506029647,2025.18082191781,CHIKV_RUN_S16b52_2025,55.521718,-21.274164
5136,2683,REU.4.3_1,REU.4.3_1,0.0204784611041876,0.59569797750293,0.575219516398743,2025.1603434567,2025.18082191781,CHIKV_RUN_S16b44_2025,55.516217,-21.279021
4167,1737,REU.3.5_1,REU.3.5_1,0.0203639127191938,0.59569797750293,0.575334064783737,2025.16045800509,2025.18082191781,CHIKV_RUN_S16b07_2025,55.254318,-21.069518
5534,2520,REU.4.1_1,REU.4.1_1,0.0202169702704718,0.59569797750293,0.575481007232459,2025.16060494754,2025.18082191781,CHIKV_RUN_S29b19_2025,55.480513,-21.167453
5181,1799,REU.3.4_1,REU.3.4_1,0.0184672175521526,0.595697977502931,0.577230759950778,2025.16235470026,2025.18082191781,CHIKV_RUN_S16b20_2025,55.323303,-21.210595
3262,1325,REU.4.3_1,REU.4.6_1,0.0143981275565734,0.59569797750293,0.581299849946357,2025.16642379025,2025.18082191781,CHIKV_RUN_S16b37_2025,55.446209,-21.267209
4386,645,REU.4.3_1,REU.4.2_1,0.0123048997441404,0.59569797750293,0.58339307775879,2025.16851701806,2025.18082191781,CHIKV_RUN_S37b88_2025,55.479227,-21.246157
5978,2930,REU.2.3_1,REU.2.3_1,0.0106400693978315,0.59569797750293,0.585057908105099,2025.17018184841,2025.18082191781,CHIKV_RUN_S16b30_2025,55.467005,-20.898535
5078,2317,REU.3.2_1,REU.3.2_1,0.00794467426145018,0.59569797750293,0.58775330324148,2025.17287724355,2025.18082191781,CHIKV_RUN_S16b35_2025,55.348289,-21.250872
5793,2541,REU.1.3_1,REU.1.3_1,0.00727825420080619,0.59569797750293,0.588419723302124,2025.17354366361,2025.18082191781,CHIKV_RUN_S27b88_2025,55.672884,-20.93834
3942,908,REU.3.5_1,REU.3.5_1,0.00556472324365787,0.59569797750293,0.590133254259273,2025.17525719456,2025.18082191781,CHIKV_RUN_S17b37_2025,55.300808,-21.035281
5337,2250,REU.4.3_1,REU.4.3_1,0.00487775453014461,0.59569797750293,0.590820222972786,2025.17594416328,2025.18082191781,CHIKV_RUN_S16b13_2025,55.511654,-21.277057
4804,872,REU.4.8_1,REU.4.8_1,0.00215941454609236,0.59569797750293,0.593538562956838,2025.17866250326,2025.18082191781,CHIKV_RUN_S37b86_2025,55.53957,-21.313953
5664,2849,REU.4.3_1,REU.4.3_1,0.000742056090000442,0.59569797750293,0.59495592141293,2025.18007986172,2025.18082191781,CHIKV_RUN_S16b24_2025,55.504978,-21.280264
5651,5652,REU.4.8_1,REU.4.8_1,0.0382006067050658,0.595876681008636,0.557676074303571,2025.14280001461,2025.18100062131,NA,NA,NA
5976,5977,REU.2.3_1,REU.2.3_1,0.030010683143928,0.595975547147349,0.565964864003421,2025.15108880431,2025.18109948745,NA,NA,NA
3477,3478,REU.4.8_1,REU.2.3_1,0.024470425230942,0.595992862133171,0.571522436902229,2025.15664637721,2025.18111680244,NA,NA,NA
5467,5468,REU.2.3_1,REU.2.3_1,0.0101668265533473,0.596087164665203,0.585920338111855,2025.17104427842,2025.18121110497,NA,NA,NA
6145,6146,REU.4.5_1,REU.4.5_1,0.13094452144969,0.596261276261526,0.465316754811837,2025.05044069512,2025.18138521657,NA,NA,NA
5829,5830,REU.4.6_1,REU.4.6_1,0.0269807402078877,0.596361747168213,0.569381006960325,2025.15450494727,2025.18148568747,NA,NA,NA
3486,3487,REU.4.3_1,REU.4.3_1,0.0784461149350257,0.596473558427111,0.518027443492085,2025.1031513838,2025.18159749873,NA,NA,NA
3222,3224,REU.3.5_1,REU.3.5_1,0.00977415625618461,0.59652133625458,0.586747179998396,2025.1718711203,2025.18164527656,NA,NA,NA
3391,3392,REU.4.3_1,REU.4.3_1,0.0234729327774233,0.596546773235484,0.57307384045806,2025.15819778076,2025.18167071354,NA,NA,NA
4230,4231,REU.4.3_1,REU.4.8_1,0.0318520427348565,0.596624469272608,0.564772426537751,2025.14989636684,2025.18174840958,NA,NA,NA
5040,5041,REU.3.1_1,REU.3.1_1,0.0491922325760906,0.596736770131716,0.547544537555626,2025.13266847786,2025.18186071044,NA,NA,NA
5027,5028,REU.4.8_1,REU.4.8_1,0.077687766562424,0.597007184715177,0.519319418152753,2025.10444335846,2025.18213112502,NA,NA,NA
3604,3605,REU.2.3_1,REU.2.3_1,0.0607837810810715,0.597163863066095,0.536380081985023,2025.12150402229,2025.18228780337,NA,NA,NA
3785,3786,REU.4.3_1,REU.4.3_1,0.0620040218154043,0.597178055510994,0.535174033695589,2025.120297974,2025.18230199582,NA,NA,NA
5723,5726,REU.4.5_1,REU.4.5_1,0.0490220984184098,0.597264691545999,0.548242593127589,2025.13336653343,2025.18238863185,NA,NA,NA
4919,4922,REU.4.7_1,REU.4.7_1,0.0299108129599248,0.597331220291806,0.567420407331881,2025.15254434764,2025.1824551606,NA,NA,NA
4233,4237,REU.4.3_1,REU.4.8_1,0.0698838791741504,0.59735858393937,0.52747470476522,2025.11259864507,2025.18248252424,NA,NA,NA
6146,6147,REU.4.5_1,REU.4.5_1,0.00109767766970115,0.597358953931227,0.596261276261526,2025.18138521657,2025.18248289424,NA,NA,NA
3531,3533,REU.4.3_1,REU.4.3_1,0.0258636565060142,0.5974551967647,0.571591540258686,2025.15671548056,2025.18257913707,NA,NA,NA
3399,3400,REU.4.3_1,REU.4.3_1,0.0361743165284307,0.597576148237212,0.561401831708782,2025.14652577201,2025.18270008854,NA,NA,NA
5767,5768,REU.4.3_1,REU.4.8_1,0.0968331534158278,0.597731727658823,0.500898574242995,2025.08602251455,2025.18285566796,NA,NA,NA
5559,5560,REU.4.3_1,REU.4.8_1,0.0914694652936079,0.597927305508068,0.50645784021446,2025.09158178052,2025.18305124581,NA,NA,NA
5010,5011,REU.3.5_1,REU.3.5_1,0.0477569562035606,0.597989789069073,0.550232832865512,2025.13535677317,2025.18311372937,NA,NA,NA
3997,3998,REU.2.3_1,REU.2.3_1,0.0119050646192289,0.598070748108256,0.586165683489027,2025.17128962379,2025.18319468841,NA,NA,NA
5973,5974,REU.2.3_1,REU.2.3_1,0.0302947569607009,0.598175891244283,0.567881134283582,2025.15300507459,2025.18329983155,NA,NA,NA
3367,3369,REU.4.3_1,REU.4.3_1,0.0150564249245182,0.598220632801622,0.583164207877104,2025.16828814818,2025.18334457311,NA,NA,NA
5293,2020,REU.3.1_1,REU.3.5_1,0.158518235377694,0.598437703530288,0.439919468152594,2025.02504340846,2025.18356164384,CHIKV_RUN_S17b62_2025,55.278687,-21.005672
5765,3021,REU.4.3_1,REU.4.3_1,0.128817475115144,0.598437703530288,0.469620228415144,2025.05474416872,2025.18356164384,CHIKV_RUN_S16b33_2025,55.524422,-21.263706
4147,601,REU.4.3_1,REU.4.3_1,0.127308699325797,0.598437703530288,0.471129004204491,2025.05625294451,2025.18356164384,CHIKV_RUN_S16b28_2025,55.500423,-21.269213
4302,728,REU.4.8_1,REU.4.8_1,0.108800524227573,0.598437703530288,0.489637179302715,2025.07476111961,2025.18356164384,CHIKV_RUN_S16b34_2025,55.506493,-21.295548
5164,2645,REU.4.8_1,REU.3.2_1,0.0811910964422764,0.598437703530288,0.517246607088012,2025.10237054739,2025.18356164384,CHIKV_RUN_S16b62_2025,55.353823,-21.24368
3711,1745,REU.4.3_1,REU.2.3_1,0.0787080155389067,0.598437703530288,0.519729687991381,2025.1048536283,2025.18356164384,CHIKV_RUN_S16b39_2025,55.455148,-20.884458
4054,1423,REU.4.8_1,REU.3.2_1,0.073376074072333,0.598437703530288,0.525061629457955,2025.11018556976,2025.18356164384,CHIKV_RUN_S17b49_2025,55.337752,-21.248872
4809,910,REU.4.3_1,REU.3.5_1,0.0613411082784995,0.598437703530288,0.537096595251788,2025.12222053556,2025.18356164384,CHIKV_RUN_S17b54_2025,55.274238,-21.051114
3326,403,REU.4.3_1,REU.4.3_1,0.0604545814269946,0.598437703530288,0.537983122103293,2025.12310706241,2025.18356164384,CHIKV_RUN_S16b04_2025,55.514475,-21.286882
4846,905,REU.3.5_1,REU.3.5_1,0.054046216623785,0.598437703530288,0.544391486906503,2025.12951542721,2025.18356164384,CHIKV_RUN_S17b55_2025,55.263479,-21.059954
5780,3031,REU.4.3_1,REU.4.3_1,0.053320396018526,0.598437703530288,0.545117307511762,2025.13024124782,2025.18356164384,CHIKV_RUN_S16b27_2025,55.523827,-21.264611
4788,1688,REU.4.8_1,REU.3.5_1,0.0527852908196338,0.598437703530288,0.545652412710654,2025.13077635302,2025.18356164384,CHIKV_RUN_S17b45_2025,55.273672,-21.101752
4665,164,REU.3.5_1,REU.3.5_1,0.0464409108796698,0.598437703530288,0.551996792650618,2025.13712073296,2025.18356164384,CHIKV_RUN_S17b36_2025,55.272848,-21.088341
5032,2220,REU.3.4_1,REU.3.4_1,0.0431710224305089,0.598437703530288,0.555266681099779,2025.14039062141,2025.18356164384,CHIKV_RUN_S16b50_2025,55.324856,-21.1608
4238,721,REU.4.3_1,REU.4.3_1,0.0347872861112448,0.598437703530288,0.563650417419043,2025.14877435772,2025.18356164384,CHIKV_RUN_S17b40_2025,55.510974,-21.264532
4728,981,REU.2.3_1,REU.2.3_1,0.0335797160960141,0.598437703530288,0.564857987434274,2025.14998192774,2025.18356164384,CHIKV_RUN_S16b26_2025,55.445741,-20.892562
3461,589,REU.4.8_1,REU.4.8_1,0.031605068500586,0.598437703530288,0.566832635029702,2025.15195657534,2025.18356164384,CHIKV_RUN_S16b17_2025,55.494854,-21.317646
3935,1358,REU.4.3_1,REU.4.8_1,0.0306254750741948,0.598437703530288,0.567812228456093,2025.15293616876,2025.18356164384,CHIKV_RUN_S16b08_2025,55.524076,-21.331375
3697,291,REU.4.3_1,REU.4.4_1,0.0290578631827396,0.598437703530288,0.569379840347548,2025.15450378065,2025.18356164384,CHIKV_RUN_S17b59_2025,55.563952,-21.347612
4920,234,REU.4.7_1,REU.4.7_1,0.029010459056314,0.598437703530288,0.569427244473974,2025.15455118478,2025.18356164384,CHIKV_RUN_S17b57_2025,55.72195,-21.369915
4100,1557,REU.4.3_1,REU.4.3_1,0.027082173362843,0.598437703530288,0.571355530167445,2025.15647947047,2025.18356164384,CHIKV_RUN_S17b41_2025,55.508193,-21.286333
4597,1184,REU.4.4_1,REU.4.4_1,0.0239604735045401,0.598437703530288,0.574477230025748,2025.15960117033,2025.18356164384,CHIKV_RUN_S16b25_2025,55.562571,-21.359957
5309,2252,REU.4.3_1,REU.4.3_1,0.0219703543671432,0.598437703530288,0.576467349163145,2025.16159128947,2025.18356164384,CHIKV_RUN_S16b02_2025,55.535622,-21.312495
4530,1253,REU.4.4_1,REU.4.4_1,0.0208010475261071,0.598437703530288,0.577636656004181,2025.16276059631,2025.18356164384,CHIKV_RUN_S17b56_2025,55.560447,-21.351132
3551,1408,REU.4.3_1,REU.4.3_1,0.0206861140376491,0.598437703530288,0.577751589492639,2025.1628755298,2025.18356164384,CHIKV_RUN_S16b64_2025,55.511843,-21.228954
4078,1102,REU.4.8_1,REU.4.8_1,0.0191469221808002,0.598437703530288,0.579290781349488,2025.16441472165,2025.18356164384,CHIKV_RUN_S16b10_2025,55.547587,-21.318066
3328,367,REU.4.5_1,REU.4.5_1,0.0132850457867988,0.598437703530288,0.585152657743489,2025.17027659805,2025.18356164384,CHIKV_RUN_S16b05_2025,55.666314,-21.375208
3150,2463,REU.3.4_1,REU.3.4_1,0.0131911176370119,0.598437703530288,0.585246585893276,2025.1703705262,2025.18356164384,CHIKV_RUN_S16b55_2025,55.303481,-21.210995
3430,537,REU.4.3_1,REU.4.3_1,0.0123473379465457,0.598437703530288,0.586090365583742,2025.17121430589,2025.18356164384,CHIKV_RUN_S17b60_2025,55.549179,-21.275143
3383,548,REU.4.3_1,REU.4.3_1,0.00993547189712385,0.598437703530288,0.588502231633164,2025.17362617194,2025.18356164384,CHIKV_RUN_S16b11_2025,55.563302,-21.285697
4101,903,REU.4.3_1,REU.4.3_1,0.00392281583180998,0.598437703530288,0.594514887698478,2025.179638828,2025.18356164384,CHIKV_RUN_S16b03_2025,55.514449,-21.28783
5960,5961,REU.4.8_1,REU.4.8_1,0.0535340324392857,0.598646036393184,0.545112003953899,2025.13023594426,2025.1837699767,NA,NA,NA
4455,4458,REU.4.8_1,REU.4.8_1,0.0162448028622609,0.598724271433676,0.582479468571415,2025.16760340888,2025.18384821174,NA,NA,NA
5830,5831,REU.4.6_1,REU.4.6_1,0.00252607189980192,0.598887819068014,0.596361747168213,2025.18148568747,2025.18401175937,NA,NA,NA
6020,6021,REU.4.6_1,REU.4.8_1,0.094148684209064,0.599029654945325,0.504880970736261,2025.09000491104,2025.18415359525,NA,NA,NA
4172,4173,REU.2.5_1,REU.2.5_1,0.0230925155037601,0.5991848723296,0.576092356825839,2025.16121629713,2025.18430881263,NA,NA,NA
6205,6206,REU.4.3_1,REU.4.8_1,0.0554579540511579,0.599263880544342,0.543805926493184,2025.1289298668,2025.18438782085,NA,NA,NA
5980,5981,REU.2.3_1,REU.2.3_1,0.0156776463751493,0.599328633178189,0.583650986803039,2025.16877492711,2025.18445257348,NA,NA,NA
3380,3381,REU.4.3_1,REU.4.8_1,0.040941569882097,0.599384346610669,0.558442776728572,2025.14356671703,2025.18450828692,NA,NA,NA
5826,5827,REU.4.6_1,REU.4.6_1,0.0460159627657308,0.599542995084591,0.55352703231886,2025.13865097262,2025.18466693539,NA,NA,NA
4001,4002,REU.2.3_1,REU.2.4_1,0.00545580601284534,0.599547893433519,0.594092087420674,2025.17921602773,2025.18467183374,NA,NA,NA
3679,3680,REU.4.3_1,REU.4.3_1,0.0109995208321034,0.599623507128035,0.588623986295932,2025.1737479266,2025.18474744743,NA,NA,NA
3998,4000,REU.2.3_1,REU.2.3_1,0.00158595585232524,0.599656703960581,0.598070748108256,2025.18319468841,2025.18478064427,NA,NA,NA
3144,3145,REU.4.8_1,REU.2.3_1,0.0408252461793293,0.599731845986461,0.558906599807132,2025.14403054011,2025.18485578629,NA,NA,NA
4588,4589,REU.4.3_1,REU.4.8_1,0.0293669248563238,0.59973808249887,0.570371157642546,2025.15549509795,2025.1848620228,NA,NA,NA
4212,4213,REU.2.3_1,REU.2.3_1,0.0317660166378076,0.599810606823375,0.568044590185568,2025.15316853049,2025.18493454713,NA,NA,NA
5343,5344,REU.4.3_1,REU.4.8_1,0.131853750754554,0.599892970019779,0.468039219265225,2025.05316315957,2025.18501691033,NA,NA,NA
5919,5920,REU.2.3_1,REU.2.3_1,0.0602240588664457,0.59990309477251,0.539679035906065,2025.12480297621,2025.18502703508,NA,NA,NA
5766,5772,REU.4.3_1,REU.4.3_1,0.101432588947382,0.599906727985158,0.498474139037776,2025.08359807934,2025.18503066829,NA,NA,NA
5907,5908,REU.4.8_1,REU.4.8_1,0.0337997004985404,0.599950240755099,0.566150540256558,2025.15127448056,2025.18507418106,NA,NA,NA
3158,3159,REU.3.4_1,REU.3.4_1,0.0509335065607681,0.599998586921861,0.549065080361093,2025.13418902067,2025.18512252723,NA,NA,NA
3172,3174,REU.3.4_1,REU.3.4_1,0.0588760737939273,0.60020024031248,0.541324166518553,2025.12644810682,2025.18532418062,NA,NA,NA
5961,5962,REU.4.8_1,REU.4.8_1,0.00162025801485133,0.600266294408036,0.598646036393184,2025.1837699767,2025.18539023471,NA,NA,NA
4946,4947,REU.4.5_1,REU.4.5_1,0.0302409284928952,0.600273062400334,0.570032133907439,2025.15515607421,2025.18539700271,NA,NA,NA
3998,3999,REU.2.3_1,REU.2.3_1,0.00228414682794598,0.600354894936202,0.598070748108256,2025.18319468841,2025.18547883524,NA,NA,NA
4821,4822,REU.4.3_1,REU.4.3_1,0.0425293889682078,0.600402619178558,0.55787323021035,2025.14299717052,2025.18552655948,NA,NA,NA
6136,6137,REU.4.5_1,REU.4.5_1,0.0221030092724296,0.600450364717874,0.578347355445445,2025.16347129575,2025.18557430502,NA,NA,NA
5946,5951,REU.2.3_1,REU.2.4_1,0.0468484911556455,0.60045480618178,0.553606315026135,2025.13873025533,2025.18557874649,NA,NA,NA
5044,5045,REU.3.1_1,REU.3.1_1,0.0250639785737191,0.600645919216543,0.575581940642824,2025.16070588095,2025.18576985952,NA,NA,NA
6211,6212,REU.4.8_1,REU.2.1_1,0.062156683262446,0.600727468285486,0.53857078502304,2025.12369472533,2025.18585140859,NA,NA,NA
4329,4330,REU.4.3_1,REU.4.3_1,0.130075367516679,0.600755000670294,0.470679633153615,2025.05580357346,2025.18587894098,NA,NA,NA
5051,5052,REU.3.1_1,REU.3.1_1,0.0530066535046776,0.601090780797372,0.548084127292695,2025.1332080676,2025.1862147211,NA,NA,NA
6136,6138,REU.4.5_1,REU.4.5_1,0.0228258240193382,0.601173179464783,0.578347355445445,2025.16347129575,2025.18629711977,NA,NA,NA
3685,258,REU.4.8_1,REU.4.2_1,0.119363553077543,0.601177429557645,0.481813876480102,2025.06693781679,2025.18630136986,CHIKV_RUN_S27b94_2025,55.47721,-21.249677
3644,1495,REU.4.3_1,REU.4.3_1,0.116283509120356,0.601177429557645,0.48489392043729,2025.07001786074,2025.18630136986,CHIKV_RUN_S17b44_2025,55.492978,-21.257809
6112,2057,REU.4.5_1,REU.2.3_1,0.0889486205822562,0.601177429557645,0.512228808975389,2025.09735274928,2025.18630136986,CHIKV_RUN_S27b83_2025,55.485603,-20.893484
4510,1451,REU.4.5_1,REU.4.5_1,0.0848273101522369,0.601177429557645,0.516350119405408,2025.10147405971,2025.18630136986,CHIKV_RUN_S27b95_2025,55.615038,-21.375754
5471,2358,REU.4.5_1,REU.4.5_1,0.0722144907137054,0.601177429557645,0.52896293884394,2025.11408687915,2025.18630136986,CHIKV_RUN_S17b84_2025,55.67745,-21.372594
5254,1927,REU.4.8_1,REU.4.6_1,0.0630586459839382,0.601177429557645,0.538118783573707,2025.12324272388,2025.18630136986,CHIKV_RUN_S17b92_2025,55.437794,-21.265429
6082,2117,REU.4.5_1,REU.4.5_1,0.0607550720335055,0.601177429557645,0.54042235752414,2025.12554629783,2025.18630136986,CHIKV_RUN_S18b03_2025,55.629023,-21.374059
4166,1431,REU.4.3_1,REU.3.3_1,0.0593575107560135,0.601177429557645,0.541819918801632,2025.12694385911,2025.18630136986,CHIKV_RUN_S17b46_2025,55.298893,-21.105446
4936,218,REU.4.5_1,REU.4.5_1,0.0589506331410955,0.601177429557645,0.54222679641655,2025.12735073672,2025.18630136986,CHIKV_RUN_S17b47_2025,55.61912,-21.368139
5222,2155,REU.4.6_1,REU.4.6_1,0.0565550367964546,0.601177429557645,0.544622392761191,2025.12974633307,2025.18630136986,CHIKV_RUN_S17b51_2025,55.445979,-21.229482
6058,1970,REU.4.8_1,REU.3.4_1,0.0550405002543231,0.601177429557645,0.546136929303322,2025.13126086961,2025.18630136986,CHIKV_RUN_S17b89_2025,55.295778,-21.198431
5109,2635,REU.4.3_1,REU.4.3_1,0.0480756053559064,0.601177429557645,0.553101824201739,2025.13822576451,2025.18630136986,CHIKV_RUN_S18b04_2025,55.528924,-21.245314
4850,1089,REU.4.3_1,REU.4.3_1,0.0402321087885843,0.601177429557645,0.560945320769061,2025.14606926107,2025.18630136986,CHIKV_RUN_S16b09_2025,55.499411,-21.245559
5955,2868,REU.2.3_1,REU.3.5_1,0.0388465110686282,0.601177429557645,0.562330918489017,2025.14745485879,2025.18630136986,CHIKV_RUN_S18b19_2025,55.225194,-21.078288
5841,1925,REU.4.3_1,REU.4.3_1,0.0372660905532968,0.601177429557645,0.563911339004349,2025.14903527931,2025.18630136986,CHIKV_RUN_S17b50_2025,55.51306,-21.278663
3747,944,REU.3.5_1,REU.3.5_1,0.0321112242279938,0.601177429557645,0.569066205329651,2025.15419014564,2025.18630136986,CHIKV_RUN_S36b54_2025,55.272725,-21.021971
3156,2451,REU.3.4_1,REU.3.4_1,0.0288434504453706,0.601177429557645,0.572333979112275,2025.15745791942,2025.18630136986,CHIKV_RUN_S17b87_2025,55.315995,-21.216088
4372,769,REU.4.6_1,REU.4.6_1,0.0251401385510722,0.601177429557645,0.576037291006573,2025.16116123131,2025.18630136986,CHIKV_RUN_S17b95_2025,55.441574,-21.271818
4467,599,REU.2.3_1,REU.2.3_1,0.0248087113843865,0.601177429557645,0.576368718173259,2025.16149265848,2025.18630136986,CHIKV_RUN_S28b05_2025,55.458062,-20.894803
3598,95,REU.3.3_1,REU.3.3_1,0.02296370115445,0.601177429557645,0.578213728403195,2025.16333766871,2025.18630136986,CHIKV_RUN_S18b07_2025,55.287571,-21.110372
4616,1195,REU.4.4_1,REU.4.4_1,0.0224087234170813,0.601177429557645,0.578768706140564,2025.16389264645,2025.18630136986,CHIKV_RUN_S17b53_2025,55.53399,-21.362956
3898,1724,REU.3.5_1,REU.3.5_1,0.0219634663356181,0.601177429557645,0.579213963222027,2025.16433790353,2025.18630136986,CHIKV_RUN_S17b31_2025,55.26877,-21.087665
4281,683,REU.4.3_1,REU.4.3_1,0.0204974284815481,0.601177429557645,0.580680001076097,2025.16580394138,2025.18630136986,CHIKV_RUN_S17b61_2025,55.52421,-21.282558
4779,1306,REU.4.2_1,REU.4.2_1,0.0133668454912882,0.601177429557645,0.587810584066357,2025.17293452437,2025.18630136986,CHIKV_RUN_S17b94_2025,55.47803,-21.249929
4681,132,REU.4.8_1,REU.4.8_1,0.0133005822075842,0.601177429557645,0.587876847350061,2025.17300078766,2025.18630136986,CHIKV_RUN_S17b93_2025,55.50931,-21.3534
6201,2811,REU.4.3_1,REU.4.3_1,0.0108427104268461,0.601177429557645,0.590334719130799,2025.17545865944,2025.18630136986,CHIKV_RUN_S17b58_2025,55.48957,-21.256775
4561,1219,REU.4.5_1,REU.4.5_1,0.0106344603186268,0.601177429557645,0.590542969239019,2025.17566690954,2025.18630136986,CHIKV_RUN_S17b52_2025,55.628387,-21.34136
5977,2900,REU.2.3_1,REU.2.3_1,0.0052018824102964,0.601177429557645,0.595975547147349,2025.18109948745,2025.18630136986,CHIKV_RUN_S27b85_2025,55.505121,-20.913125
5479,5480,REU.2.3_1,REU.2.3_1,0.0209257411655955,0.601262013242072,0.580336272076476,2025.16546021238,2025.18638595355,NA,NA,NA
4580,4581,REU.4.4_1,REU.4.8_1,0.0403751931448214,0.601437167580866,0.561061974436045,2025.14618591474,2025.18656110789,NA,NA,NA
5998,5999,REU.2.3_1,REU.2.3_1,0.0827241948145228,0.601535303425532,0.518811108611009,2025.10393504892,2025.18665924373,NA,NA,NA
5562,5563,REU.4.3_1,REU.4.3_1,0.0438878864343684,0.601544915445984,0.557657029011616,2025.14278096932,2025.18666885575,NA,NA,NA
3633,3634,REU.4.8_1,REU.4.8_1,0.0452847070982044,0.601556300776046,0.556271593677842,2025.14139553398,2025.18668024108,NA,NA,NA
5333,5334,REU.4.3_1,REU.4.3_1,0.0705781223599071,0.601897608204829,0.531319485844922,2025.11644342615,2025.18702154851,NA,NA,NA
4334,4335,REU.4.3_1,REU.4.8_1,0.0166002766465378,0.601978595105676,0.585378318459138,2025.17050225876,2025.18710253541,NA,NA,NA
5006,5008,REU.3.5_1,REU.3.5_1,0.0539228636660876,0.601979057786348,0.548056194120261,2025.13318013443,2025.18710299809,NA,NA,NA
6036,6037,REU.3.5_1,REU.3.5_1,0.0661840006638318,0.60213481286239,0.535950812198559,2025.1210747525,2025.18725875317,NA,NA,NA
5679,5680,REU.3.1_1,REU.3.1_1,0.031593933879665,0.602240110105133,0.570646176225468,2025.15577011653,2025.18736405041,NA,NA,NA
5070,5073,REU.2.3_1,REU.2.3_1,0.0227581204857157,0.60231777916065,0.579559658674934,2025.16468359898,2025.18744171947,NA,NA,NA
5969,5971,REU.2.3_1,REU.2.3_1,0.0527846973532349,0.602344913771239,0.549560216418004,2025.13468415672,2025.18746885408,NA,NA,NA
5921,5923,REU.2.3_1,REU.2.3_1,0.0619726761466353,0.602400937950986,0.540428261804351,2025.12555220211,2025.18752487826,NA,NA,NA
5381,5382,REU.3.5_1,REU.3.5_1,0.00793974894832616,0.602446448987671,0.594506700039344,2025.17963064034,2025.18757038929,NA,NA,NA
3497,3498,REU.4.8_1,REU.1.4_1,0.0137936810519356,0.602485207071232,0.588691526019297,2025.17381546632,2025.18760914738,NA,NA,NA
6096,6097,REU.4.5_1,REU.4.3_1,0.0296196193198629,0.602923115891719,0.573303496571857,2025.15842743688,2025.1880470562,NA,NA,NA
5268,5269,REU.4.3_1,REU.4.8_1,0.0768007360330966,0.603032479245456,0.526231743212359,2025.11135568352,2025.18815641955,NA,NA,NA
3725,3726,REU.4.8_1,REU.4.8_1,0.0435379211993057,0.60307381665942,0.559535895460115,2025.14465983577,2025.18819775696,NA,NA,NA
4152,4153,REU.4.3_1,REU.4.4_1,0.0588311567288551,0.603103151173879,0.544271994445024,2025.12939593475,2025.18822709148,NA,NA,NA
5383,5384,REU.3.5_1,REU.3.5_1,0.0221591072389223,0.60319237151379,0.581033264274867,2025.16615720458,2025.18831631182,NA,NA,NA
3367,3368,REU.4.3_1,REU.4.3_1,0.0200596305479614,0.603223838425065,0.583164207877104,2025.16828814818,2025.18834777873,NA,NA,NA
3689,3692,REU.4.8_1,REU.4.8_1,0.0705015732300796,0.603296445082509,0.53279487185243,2025.11791881216,2025.18842038539,NA,NA,NA
3133,3139,REU.3.4_1,REU.3.4_1,0.105557098070169,0.603688343586905,0.498131245516737,2025.08325518582,2025.18881228389,NA,NA,NA
4702,4710,REU.2.3_1,REU.2.3_1,0.088248294072483,0.603750701465058,0.515502407392575,2025.1006263477,2025.18887464177,NA,NA,NA
6151,6152,REU.4.5_1,REU.4.5_1,0.0556841121628459,0.603845962816145,0.548161850653299,2025.13328579096,2025.18896990312,NA,NA,NA
4541,1204,REU.4.4_1,REU.4.4_1,0.148176275595452,0.603917155585003,0.455740879989551,2025.0408648203,2025.18904109589,CHIKV_RUN_S19b04_2025,55.56475,-21.35229
6217,2014,REU.3.1_1,REU.1.2_1,0.127055151922678,0.603917155585003,0.476862003662325,2025.06198594397,2025.18904109589,CHIKV_RUN_S20b81_2025,55.628875,-21.13951
4696,1013,REU.2.3_1,REU.2.3_1,0.115512019911622,0.603917155585003,0.48840513567338,2025.07352907598,2025.18904109589,CHIKV_RUN_S36b53_2025,55.445815,-20.892723
4469,1762,REU.4.3_1,REU.2.3_1,0.110847057164691,0.603917155585003,0.493070098420311,2025.07819403873,2025.18904109589,CHIKV_RUN_S18b69_2025,55.458177,-20.892007
6072,2137,REU.3.1_1,REU.2.5_1,0.0997422959080189,0.603917155585003,0.504174859676984,2025.08929879998,2025.18904109589,CHIKV_RUN_S36b49_2025,55.625019,-20.949018
5865,2980,REU.3.4_1,REU.3.4_1,0.0983141774589444,0.603917155585003,0.505602978126058,2025.09072691843,2025.18904109589,CHIKV_RUN_S18b15_2025,55.306257,-21.172821
4604,1236,REU.4.4_1,REU.4.5_1,0.0848143677770454,0.603917155585003,0.519102787807957,2025.10422672811,2025.18904109589,CHIKV_RUN_S17b91_2025,55.594453,-21.370629
4789,1690,REU.4.8_1,REU.4.8_1,0.0801145415733906,0.603917155585003,0.523802614011612,2025.10892655432,2025.18904109589,CHIKV_RUN_S18b14_2025,55.472968,-21.310873
5540,2526,REU.4.1_1,REU.4.1_1,0.0778526410707221,0.603917155585003,0.526064514514281,2025.11118845482,2025.18904109589,CHIKV_RUN_S18b13_2025,55.478606,-21.16859
4506,1444,REU.4.8_1,REU.4.3_1,0.0694051754157707,0.603917155585003,0.534511980169232,2025.11963592047,2025.18904109589,CHIKV_RUN_S17b86_2025,55.505031,-21.26403
5572,2783,REU.4.3_1,REU.4.6_1,0.0615671008619565,0.603917155585003,0.542350054723046,2025.12747399503,2025.18904109589,CHIKV_RUN_S19b03_2025,55.433495,-21.246208
3425,574,REU.4.8_1,REU.1.4_1,0.0584521960653808,0.603917155585003,0.545464959519622,2025.13058889982,2025.18904109589,CHIKV_RUN_S20b79_2025,55.706863,-21.031537
3578,1067,REU.2.2_1,REU.2.2_1,0.0415953716209163,0.603917155585003,0.562321783964086,2025.14744572427,2025.18904109589,CHIKV_RUN_S37b90_2025,55.299328,-20.944648
4238,662,REU.4.3_1,REU.4.5_1,0.0402667381659596,0.603917155585003,0.563650417419043,2025.14877435772,2025.18904109589,CHIKV_RUN_S18b02_2025,55.68226,-21.370466
5545,2531,REU.4.1_1,REU.4.1_1,0.0374737872385865,0.603917155585003,0.566443368346416,2025.15156730865,2025.18904109589,CHIKV_RUN_S21b25_2025,55.478545,-21.169212
5741,1981,REU.2.5_1,REU.2.5_1,0.0302592647896625,0.603917155585003,0.57365789079534,2025.1587818311,2025.18904109589,CHIKV_RUN_S20b77_2025,55.63888,-20.930024
5140,1777,REU.4.3_1,REU.4.3_1,0.0300869822746661,0.603917155585003,0.573830173310337,2025.15895411362,2025.18904109589,CHIKV_RUN_S18b05_2025,55.514278,-21.286856
3517,1619,REU.3.5_1,REU.3.5_1,0.0263016844170776,0.603917155585003,0.577615471167925,2025.16273941147,2025.18904109589,CHIKV_RUN_S18b57_2025,55.319669,-21.012661
5133,2748,REU.4.8_1,REU.4.2_1,0.0261852800638884,0.603917155585003,0.577731875521114,2025.16285581583,2025.18904109589,CHIKV_RUN_S18b87_2025,55.465342,-21.245991
4852,1085,REU.2.3_1,REU.4.8_1,0.0237558035349947,0.603917155585003,0.580161352050008,2025.16528529236,2025.18904109589,CHIKV_RUN_S17b85_2025,55.514196,-21.341529
3327,368,REU.4.5_1,REU.4.5_1,0.0199332128551707,0.603917155585003,0.583983942729832,2025.16910788304,2025.18904109589,CHIKV_RUN_S18b21_2025,55.672937,-21.378165
3497,1554,REU.4.8_1,REU.4.8_1,0.0152256295657059,0.603917155585003,0.588691526019297,2025.17381546632,2025.18904109589,CHIKV_RUN_S18b06_2025,55.466911,-21.289041
5405,1876,REU.4.8_1,REU.4.5_1,0.013720892006133,0.603917155585003,0.59019626357887,2025.17532020388,2025.18904109589,CHIKV_RUN_S18b92_2025,55.600533,-21.37723
4753,1383,REU.1.4_1,REU.1.4_1,0.00893773851588464,0.603917155585003,0.594979417069118,2025.18010335737,2025.18904109589,CHIKV_RUN_S20b80_2025,55.683274,-21.032164
4581,1198,REU.4.8_1,REU.3.4_1,0.00247998800413662,0.603917155585003,0.601437167580866,2025.18656110789,2025.18904109589,CHIKV_RUN_S18b24_2025,55.314152,-21.148676
3207,3209,REU.4.8_1,REU.4.8_1,0.0427097774933574,0.604034054300988,0.561324276807631,2025.14644821711,2025.18915799461,NA,NA,NA
4985,4986,REU.2.3_1,REU.2.3_1,0.0380926778715162,0.604077046906904,0.565984369035388,2025.15110830934,2025.18920098721,NA,NA,NA
4716,4717,REU.2.3_1,REU.2.3_1,0.0174695056202301,0.604141195378803,0.586671689758573,2025.17179563006,2025.18926513568,NA,NA,NA
4486,4487,REU.4.3_1,REU.4.3_1,0.0490373915835959,0.604283601877589,0.555246210293993,2025.1403701506,2025.18940754218,NA,NA,NA
3343,3344,REU.3.1_1,REU.2.3_1,0.0247383987433311,0.604412654886253,0.579674256142922,2025.16479819645,2025.18953659519,NA,NA,NA
4056,4057,REU.4.8_1,REU.4.5_1,0.0206417398140449,0.604432260302583,0.583790520488539,2025.16891446079,2025.18955620061,NA,NA,NA
3505,3506,REU.4.3_1,REU.4.3_1,0.0332439226775215,0.60453422843261,0.571290305755088,2025.15641424606,2025.18965816874,NA,NA,NA
3457,3459,REU.4.5_1,REU.4.5_1,0.0105299266486013,0.604572961516713,0.594043034868112,2025.17916697517,2025.18969690182,NA,NA,NA
4427,4428,REU.1.3_1,REU.1.3_1,0.014478775276328,0.604575106878988,0.59009633160266,2025.17522027191,2025.18969904718,NA,NA,NA
4498,4499,REU.4.3_1,REU.4.3_1,0.0728555381965112,0.604709488666018,0.531853950469507,2025.11697789077,2025.18983342897,NA,NA,NA
3848,3849,REU.2.3_1,REU.2.3_1,0.0124565639903483,0.605142162979765,0.592685598989416,2025.1778095393,2025.19026610329,NA,NA,NA
6127,6128,REU.4.5_1,REU.4.5_1,0.0412498394983175,0.60553827761344,0.564288438115123,2025.14941237842,2025.19066221792,NA,NA,NA
3312,3313,REU.4.3_1,REU.4.3_1,0.102793620468361,0.605576855479627,0.502783235011266,2025.08790717532,2025.19070079579,NA,NA,NA
3420,3421,REU.4.6_1,REU.4.6_1,0.104657332108111,0.605786363532876,0.501129031424765,2025.08625297173,2025.19091030384,NA,NA,NA
5570,5571,REU.4.3_1,REU.4.3_1,0.0105273574973699,0.605934461841892,0.595407104344522,2025.18053104465,2025.19105840215,NA,NA,NA
4571,4572,REU.4.4_1,REU.4.4_1,0.0301248940563918,0.605963487589411,0.57583859353302,2025.16096253384,2025.1910874279,NA,NA,NA
5781,5782,REU.4.3_1,REU.3.5_1,0.0799067685853468,0.606073628408804,0.526166859823457,2025.11129080013,2025.19119756871,NA,NA,NA
5023,5024,REU.4.8_1,REU.4.8_1,0.0708067429348248,0.606349213980687,0.535542471045862,2025.12066641135,2025.19147315429,NA,NA,NA
3506,3507,REU.4.3_1,REU.4.3_1,0.00194459608462394,0.606478824517234,0.60453422843261,2025.18965816874,2025.19160276482,NA,NA,NA
4197,4199,REU.2.3_1,REU.2.3_1,0.0965318397895024,0.606519608456845,0.509987768667342,2025.09511170897,2025.19164354876,NA,NA,NA
4433,640,REU.4.3_1,REU.1.6_1,0.0950868422326168,0.60665688161236,0.511570039379743,2025.09669397969,2025.19178082192,CHIKV_RUN_S36b50_2025,55.55331,-21.016598
3548,1396,REU.4.3_1,REU.4.3_1,0.0803275820980155,0.60665688161236,0.526329299514344,2025.11145323982,2025.19178082192,CHIKV_RUN_S18b62_2025,55.524404,-21.242318
5118,2136,REU.4.8_1,REU.4.6_1,0.0686413484201953,0.60665688161236,0.538015533192165,2025.1231394735,2025.19178082192,CHIKV_RUN_S18b72_2025,55.415391,-21.269514
3793,1759,REU.4.3_1,REU.4.3_1,0.0675667193154714,0.60665688161236,0.539090162296889,2025.1242141026,2025.19178082192,CHIKV_RUN_S19b02_2025,55.53301,-21.258202
3709,1567,REU.4.3_1,REU.4.4_1,0.0657001274215949,0.60665688161236,0.540956754190765,2025.1260806945,2025.19178082192,CHIKV_RUN_S18b75_2025,55.533559,-21.361857
4118,1707,REU.4.3_1,REU.4.3_1,0.0646748894401388,0.60665688161236,0.541981992172221,2025.12710593248,2025.19178082192,CHIKV_RUN_S19b44_2025,55.543695,-21.309753
3951,1591,REU.4.8_1,REU.4.8_1,0.060280133169967,0.60665688161236,0.546376748442393,2025.13150068875,2025.19178082192,CHIKV_RUN_S18b70_2025,55.458383,-21.297386
5499,2364,REU.4.8_1,REU.4.5_1,0.0599741895479895,0.60665688161236,0.546682692064371,2025.13180663237,2025.19178082192,CHIKV_RUN_S18b86_2025,55.617519,-21.383632
3957,1594,REU.4.8_1,REU.4.8_1,0.0518554801421292,0.60665688161236,0.554801401470231,2025.13992534178,2025.19178082192,CHIKV_RUN_S18b67_2025,55.459644,-21.296356
4609,1238,REU.4.4_1,REU.4.8_1,0.0491634474148918,0.60665688161236,0.557493434197468,2025.1426173745,2025.19178082192,CHIKV_RUN_S18b71_2025,55.540467,-21.316628
4811,1092,REU.4.3_1,REU.4.3_1,0.0490604778540387,0.60665688161236,0.557596403758321,2025.14272034406,2025.19178082192,CHIKV_RUN_S18b89_2025,55.529542,-21.271949
4857,1357,REU.4.8_1,REU.4.1_1,0.0472161226992102,0.60665688161236,0.55944075891315,2025.14456469922,2025.19178082192,CHIKV_RUN_S18b78_2025,55.48698,-21.152237
4505,1448,REU.4.8_1,REU.4.8_1,0.0435206739713128,0.60665688161236,0.563136207641047,2025.14826014795,2025.19178082192,CHIKV_RUN_S18b85_2025,55.47382,-21.281662
4119,620,REU.4.3_1,REU.4.3_1,0.0419237967719212,0.60665688161236,0.564733084840439,2025.14985702515,2025.19178082192,CHIKV_RUN_S18b91_2025,55.509764,-21.282726
4791,1689,REU.4.8_1,REU.4.8_1,0.0344971566671064,0.60665688161236,0.572159724945254,2025.15728366525,2025.19178082192,CHIKV_RUN_S18b73_2025,55.474403,-21.310216
5741,1982,REU.2.5_1,REU.2.5_1,0.0329989908170198,0.60665688161236,0.57365789079534,2025.1587818311,2025.19178082192,CHIKV_RUN_S19b01_2025,55.596196,-20.907629
4571,1247,REU.4.4_1,REU.4.4_1,0.0308182880793406,0.60665688161236,0.57583859353302,2025.16096253384,2025.19178082192,CHIKV_RUN_S18b60_2025,55.563959,-21.351833
4155,308,REU.4.3_1,REU.4.3_1,0.0223924514782927,0.60665688161236,0.584264430134067,2025.16938837044,2025.19178082192,CHIKV_RUN_S18b76_2025,55.525956,-21.271916
4582,1237,REU.4.4_1,REU.4.4_1,0.0214062761363755,0.60665688161236,0.585250605475985,2025.17037454578,2025.19178082192,CHIKV_RUN_S19b70_2025,55.561765,-21.339729
3170,2437,REU.2.3_1,REU.1.4_1,0.0199660763829335,0.60665688161236,0.586690805229427,2025.17181474553,2025.19178082192,CHIKV_RUN_S19b69_2025,55.666146,-21.037454
4532,1213,REU.4.4_1,REU.4.4_1,0.0170627868103013,0.60665688161236,0.589594094802059,2025.17471803511,2025.19178082192,CHIKV_RUN_S18b74_2025,55.564934,-21.358381
3905,1072,REU.4.3_1,REU.4.4_1,0.0130918409456527,0.60665688161236,0.593565040666707,2025.17868898097,2025.19178082192,CHIKV_RUN_S18b90_2025,55.568942,-21.351257
5028,2842,REU.4.8_1,REU.4.1_1,0.00964969689718376,0.60665688161236,0.597007184715177,2025.18213112502,2025.19178082192,CHIKV_RUN_S19b05_2025,55.46543,-21.135881
5344,2288,REU.4.8_1,REU.4.8_1,0.0067639115925815,0.60665688161236,0.599892970019779,2025.18501691033,2025.19178082192,CHIKV_RUN_S18b77_2025,55.489165,-21.348342
5334,2286,REU.4.3_1,REU.4.6_1,0.00475927340753102,0.60665688161236,0.601897608204829,2025.18702154851,2025.19178082192,CHIKV_RUN_S18b93_2025,55.405768,-21.271514
3517,3518,REU.3.5_1,REU.3.5_1,0.0291178100418903,0.606733281209815,0.577615471167925,2025.16273941147,2025.19185722152,NA,NA,NA
5008,5009,REU.3.5_1,REU.3.5_1,0.00476347337953997,0.606742531165888,0.601979057786348,2025.18710299809,2025.19186647147,NA,NA,NA
5753,5759,REU.2.5_1,REU.2.5_1,0.176123181291481,0.606882120822888,0.430758939531407,2025.01588287984,2025.19200606113,NA,NA,NA
3664,3665,REU.4.3_1,REU.4.8_1,0.102736874529993,0.606956999334162,0.504220124804169,2025.08934406511,2025.19208093964,NA,NA,NA
3386,3387,REU.3.4_1,REU.3.4_1,0.0332847733423531,0.60700259764668,0.573717824304327,2025.15884176461,2025.19212653795,NA,NA,NA
3715,3716,REU.3.5_1,REU.3.5_1,0.0126178384673155,0.607061534111388,0.594443695644072,2025.17956763595,2025.19218547442,NA,NA,NA
5536,5538,REU.4.1_1,REU.4.1_1,0.0161422371571794,0.607113325484578,0.590971088327399,2025.17609502863,2025.19223726579,NA,NA,NA
3477,3479,REU.4.8_1,REU.4.8_1,0.0356013920825353,0.607123828984764,0.571522436902229,2025.15664637721,2025.19224776929,NA,NA,NA
3519,3520,REU.3.5_1,REU.3.5_1,0.0693743877004795,0.607348933777895,0.537974546077415,2025.12309848638,2025.19247287408,NA,NA,NA
5956,5957,REU.2.3_1,REU.2.3_1,0.0286331425461019,0.607454821089231,0.578821678543129,2025.16394561885,2025.19257876139,NA,NA,NA
5223,5224,REU.4.6_1,REU.4.6_1,0.0504927747173642,0.60750717926658,0.557014404549216,2025.14213834485,2025.19263111957,NA,NA,NA
5978,5979,REU.2.3_1,REU.2.3_1,0.0225417592011209,0.60759966730622,0.585057908105099,2025.17018184841,2025.19272360761,NA,NA,NA
3139,3140,REU.3.4_1,REU.3.4_1,0.00393952724519864,0.607627870832104,0.603688343586905,2025.18881228389,2025.19275181114,NA,NA,NA
6037,6038,REU.3.5_1,REU.3.5_1,0.00569874384960423,0.607833556711995,0.60213481286239,2025.18725875317,2025.19295749702,NA,NA,NA
4021,4022,REU.4.3_1,REU.4.3_1,0.0291502494291002,0.607853696417664,0.578703446988563,2025.16382738729,2025.19297763672,NA,NA,NA
4694,4695,REU.2.3_1,REU.2.3_1,0.0317820244656652,0.607868694846211,0.576086670380545,2025.16121061069,2025.19299263515,NA,NA,NA
4745,4746,REU.2.3_1,REU.2.3_1,0.0754109585047358,0.607899840165174,0.532488881660438,2025.11761282197,2025.19302378047,NA,NA,NA
3446,3447,REU.4.8_1,REU.4.8_1,0.0228650908609425,0.607928670784583,0.58506357992364,2025.17018752023,2025.19305261109,NA,NA,NA
4681,4682,REU.4.8_1,REU.4.8_1,0.0201084267987652,0.607985274148826,0.587876847350061,2025.17300078766,2025.19310921445,NA,NA,NA
4708,4709,REU.2.3_1,REU.2.3_1,0.0129347952508021,0.608028721036107,0.595093925785305,2025.18021786609,2025.19315266134,NA,NA,NA
4016,4017,REU.4.4_1,REU.4.4_1,0.101784883405475,0.608350871446579,0.506565988041103,2025.09168992835,2025.19347481175,NA,NA,NA
6021,6022,REU.4.8_1,REU.4.8_1,0.00935402248679706,0.608383677432122,0.599029654945325,2025.18415359525,2025.19350761774,NA,NA,NA
4670,4671,REU.3.5_1,REU.3.5_1,0.105437561368675,0.608460036982414,0.503022475613738,2025.08814641592,2025.19358397729,NA,NA,NA
3200,3201,REU.4.8_1,REU.4.8_1,0.0953880471929411,0.608488062380492,0.513100015187551,2025.09822395549,2025.19361200269,NA,NA,NA
5526,5527,REU.4.3_1,REU.4.3_1,0.0225944078123606,0.608540018406315,0.585945610593955,2025.1710695509,2025.19366395871,NA,NA,NA
3953,3954,REU.4.8_1,REU.4.8_1,0.0143993360118306,0.608570969353566,0.594171633341735,2025.17929557365,2025.19369490966,NA,NA,NA
4255,4256,REU.4.8_1,REU.4.8_1,0.0464693892486266,0.608743565688359,0.562274176439732,2025.14739811675,2025.19386750599,NA,NA,NA
4994,4995,REU.3.2_1,REU.3.2_1,0.0449471201032116,0.608829138838608,0.563882018735397,2025.14900595904,2025.19395307914,NA,NA,NA
3313,3314,REU.4.3_1,REU.4.3_1,0.00355510941635551,0.609131964895983,0.605576855479627,2025.19070079579,2025.1942559052,NA,NA,NA
4566,4598,REU.4.4_1,REU.4.4_1,0.158067244413772,0.609147450540268,0.451080206126496,2025.03620414643,2025.19427139085,NA,NA,NA
4199,4201,REU.2.3_1,REU.2.3_1,0.002643257944282,0.609162866401127,0.606519608456845,2025.19164354876,2025.19428680671,NA,NA,NA
3766,3770,REU.4.3_1,REU.3.4_1,0.104887712583948,0.60921896742728,0.504331254843332,2025.08945519515,2025.19434290773,NA,NA,NA
5387,2338,REU.3.1_1,REU.4.2_1,0.281536993666054,0.609396607639717,0.327859613973663,2024.91298355428,2025.19452054795,CHIKV_RUN_S29b01_2025,55.466067,-21.255356
3889,1304,REU.4.3_1,REU.4.8_1,0.207351306565427,0.609396607639717,0.402045301074291,2024.98716924138,2025.19452054795,CHIKV_RUN_S29b06_2025,55.46405,-21.275017
5297,2627,REU.3.1_1,REU.3.2_1,0.185613932911747,0.609396607639717,0.423782674727971,2025.00890661503,2025.19452054795,CHIKV_RUN_S29b11_2025,55.336193,-21.232995
5346,2268,REU.4.3_1,REU.4.2_1,0.166060092277346,0.609396607639717,0.443336515362371,2025.02846045567,2025.19452054795,CHIKV_RUN_S27b89_2025,55.467204,-21.248946
5036,2390,REU.2.2_1,REU.2.2_1,0.135050902788462,0.609396607639717,0.474345704851256,2025.05946964516,2025.19452054795,CHIKV_RUN_S20b22_2025,55.302628,-20.939219
6224,2001,REU.3.1_1,REU.3.1_1,0.112515669581077,0.609396607639717,0.496880938058641,2025.08200487836,2025.19452054795,CHIKV_RUN_S19b46_2025,55.364173,-21.24993
5283,2558,REU.4.3_1,REU.4.3_1,0.0943748128297464,0.609396607639717,0.515021794809971,2025.10014573512,2025.19452054795,CHIKV_RUN_S27b79_2025,55.51426,-21.273119
3994,1367,REU.2.3_1,REU.2.4_1,0.0839880359391889,0.609396607639717,0.525408571700529,2025.11053251201,2025.19452054795,CHIKV_RUN_S19b47_2025,55.5589,-20.899424
3451,389,REU.4.3_1,REU.4.3_1,0.0823630345579965,0.609396607639717,0.527033573081721,2025.11215751339,2025.19452054795,CHIKV_RUN_S19b88_2025,55.516991,-21.29559
5913,2939,REU.3.4_1,REU.3.4_1,0.077037762570706,0.609396607639717,0.532358845069011,2025.11748278537,2025.19452054795,CHIKV_RUN_S27b92_2025,55.295784,-21.171432
6122,2065,REU.4.5_1,REU.4.2_1,0.0770266728318368,0.609396607639717,0.53236993480788,2025.11749387511,2025.19452054795,CHIKV_RUN_S20b35_2025,55.46646,-21.253315
5392,3056,REU.3.1_1,REU.3.1_1,0.076179275294203,0.609396607639717,0.533217332345514,2025.11834127265,2025.19452054795,CHIKV_RUN_S28b04_2025,55.355323,-21.260479
3540,1413,REU.4.3_1,REU.4.2_1,0.0692373148998633,0.609396607639717,0.540159292739854,2025.12528323305,2025.19452054795,CHIKV_RUN_S27b82_2025,55.50081,-21.235022
3540,1399,REU.4.3_1,REU.4.4_1,0.0692373148998633,0.609396607639717,0.540159292739854,2025.12528323305,2025.19452054795,CHIKV_RUN_S36b52_2025,55.543785,-21.337061
5247,1946,REU.4.5_1,REU.4.5_1,0.0640815505592942,0.609396607639717,0.545315057080423,2025.13043899739,2025.19452054795,CHIKV_RUN_S29b05_2025,55.649305,-21.380086
3397,532,REU.4.3_1,REU.4.3_1,0.063867723255381,0.609396607639717,0.545528884384336,2025.13065282469,2025.19452054795,CHIKV_RUN_S27b81_2025,55.524857,-21.293715
5083,1875,REU.4.3_1,REU.4.3_1,0.0615113993759051,0.609396607639717,0.547885208263812,2025.13300914857,2025.19452054795,CHIKV_RUN_S28b13_2025,55.511427,-21.282575
6196,2825,REU.4.8_1,REU.1.3_1,0.0575544335426907,0.609396607639717,0.551842174097027,2025.1369661144,2025.19452054795,CHIKV_RUN_S19b42_2025,55.647533,-20.932677
4088,1115,REU.4.3_1,REU.1.2_1,0.0575195416708797,0.609396607639718,0.551877065968838,2025.13700100627,2025.19452054795,CHIKV_RUN_S19b77_2025,55.627058,-21.134421
4837,288,REU.4.3_1,REU.4.3_1,0.0571024537366038,0.609396607639717,0.552294153903114,2025.13741809421,2025.19452054795,CHIKV_RUN_S20b11_2025,55.517789,-21.295793
6025,2670,REU.3.1_1,REU.3.4_1,0.0554892772824249,0.609396607639717,0.553907330357293,2025.13903127066,2025.19452054795,CHIKV_RUN_S27b86_2025,55.295778,-21.198431
5912,2950,REU.3.4_1,REU.3.4_1,0.0532425703145938,0.609396607639717,0.556154037325124,2025.14127797763,2025.19452054795,CHIKV_RUN_S29b14_2025,55.308324,-21.164939
4876,179,REU.4.7_1,REU.4.7_1,0.0514886231695719,0.609396607639717,0.557907984470146,2025.14303192478,2025.19452054795,CHIKV_RUN_S19b51_2025,55.720654,-21.370892
5905,2953,REU.3.4_1,REU.3.4_1,0.0509898623653126,0.609396607639717,0.558406745274405,2025.14353068558,2025.19452054795,CHIKV_RUN_S29b07_2025,55.306494,-21.169285
4925,205,REU.4.7_1,REU.4.7_1,0.0493348359842399,0.609396607639717,0.560061771655478,2025.14518571196,2025.19452054795,CHIKV_RUN_S28b10_2025,55.787996,-21.351312
4218,320,REU.4.3_1,REU.4.4_1,0.0481885273198844,0.609396607639717,0.561208080319833,2025.14633202063,2025.19452054795,CHIKV_RUN_S19b45_2025,55.562133,-21.352463
4793,1691,REU.4.8_1,REU.4.8_1,0.0460793707338399,0.609396607639717,0.563317236905878,2025.14844117721,2025.19452054795,CHIKV_RUN_S28b94_2025,55.476016,-21.310483
5940,2861,REU.2.3_1,REU.2.3_1,0.0459052461401623,0.609396607639717,0.563491361499555,2025.1486153018,2025.19452054795,CHIKV_RUN_S19b52_2025,55.493743,-20.902481
5545,2511,REU.4.1_1,REU.4.1_1,0.0429532392933013,0.609396607639718,0.566443368346416,2025.15156730865,2025.19452054795,CHIKV_RUN_S19b89_2025,55.478192,-21.169782
5163,2651,REU.3.2_1,REU.1.4_1,0.0429116698140461,0.609396607639717,0.566484937825671,2025.15160887813,2025.19452054795,CHIKV_RUN_S19b71_2025,55.685249,-21.050381
4478,1438,REU.4.8_1,REU.4.3_1,0.0354816019013923,0.609396607639717,0.573915005738325,2025.15903894604,2025.19452054795,CHIKV_RUN_S29b10_2025,55.519942,-21.293275
5131,1824,REU.4.8_1,REU.4.8_1,0.0307390584792105,0.609396607639718,0.578657549160507,2025.16378148947,2025.19452054795,CHIKV_RUN_S27b91_2025,55.459526,-21.288009
4577,1174,REU.4.3_1,REU.4.8_1,0.0301900375384128,0.609396607639718,0.579206570101305,2025.16433051041,2025.19452054795,CHIKV_RUN_S19b40_2025,55.521678,-21.356251
5239,2728,REU.2.3_1,REU.1.2_1,0.0277121932085987,0.609396607639717,0.581684414431119,2025.16680835474,2025.19452054795,CHIKV_RUN_S19b57_2025,55.631428,-21.141252
3210,2616,REU.4.8_1,REU.3.4_1,0.0242403607535893,0.609396607639717,0.585156246886128,2025.17028018719,2025.19452054795,CHIKV_RUN_S19b49_2025,55.307329,-21.216247
3211,2609,REU.4.8_1,REU.4.6_1,0.0205867140145983,0.609396607639717,0.588809893625119,2025.17393383393,2025.19452054795,CHIKV_RUN_S27b90_2025,55.416635,-21.273583
5108,2228,REU.4.8_1,REU.3.2_1,0.0205682436749166,0.609396607639717,0.588828363964801,2025.17395230427,2025.19452054795,CHIKV_RUN_S29b04_2025,55.341644,-21.234903
3335,489,REU.4.3_1,REU.4.3_1,0.018947577687251,0.609396607639717,0.590449029952467,2025.17557297026,2025.19452054795,CHIKV_RUN_S29b12_2025,55.521838,-21.286364
4287,678,REU.4.3_1,REU.4.3_1,0.0179762207134355,0.609396607639717,0.591420386926282,2025.17654432723,2025.19452054795,CHIKV_RUN_S20b34_2025,55.517676,-21.237331
5920,2880,REU.2.3_1,REU.2.3_1,0.00949351286720712,0.609396607639717,0.59990309477251,2025.18502703508,2025.19452054795,CHIKV_RUN_S32b11_2025,55.438545,-20.918203
5563,2784,REU.4.3_1,REU.4.3_1,0.00785169219373305,0.609396607639717,0.601544915445984,2025.18666885575,2025.19452054795,CHIKV_RUN_S18b66_2025,55.510876,-21.273771
5680,2300,REU.3.1_1,REU.3.1_1,0.00715649753458447,0.609396607639717,0.602240110105133,2025.18736405041,2025.19452054795,CHIKV_RUN_S27b78_2025,55.362551,-21.26155
6128,2063,REU.4.5_1,REU.4.5_1,0.003858330026277,0.609396607639717,0.60553827761344,2025.19066221792,2025.19452054795,CHIKV_RUN_S27b87_2025,55.597508,-21.376015
4017,1666,REU.4.4_1,REU.4.4_1,0.00104573619313886,0.609396607639717,0.608350871446579,2025.19347481175,2025.19452054795,CHIKV_RUN_S18b68_2025,55.560977,-21.337237
3858,3863,REU.2.3_1,REU.2.3_1,0.0659420538217071,0.609435230424124,0.543493176602417,2025.12861711691,2025.19455917073,NA,NA,NA
3258,3259,REU.4.3_1,REU.4.3_1,0.0441919893845273,0.609454806830706,0.565262817446179,2025.15038675775,2025.19457874714,NA,NA,NA
3605,3606,REU.2.3_1,REU.2.3_1,0.0123786221364669,0.609542485202562,0.597163863066095,2025.18228780337,2025.19466642551,NA,NA,NA
6096,6098,REU.4.5_1,REU.4.5_1,0.0363323435934454,0.609635840165302,0.573303496571857,2025.15842743688,2025.19475978047,NA,NA,NA
4705,4706,REU.2.3_1,REU.2.3_1,0.0294082013138989,0.60967610593612,0.580267904622221,2025.16539184493,2025.19480004624,NA,NA,NA
4959,4960,REU.3.1_1,REU.3.1_1,0.0465191545141721,0.60982454457988,0.563305390065707,2025.14842933037,2025.19494848489,NA,NA,NA
4920,4921,REU.4.7_1,REU.4.5_1,0.0404509763164955,0.609878220790469,0.569427244473974,2025.15455118478,2025.1950021611,NA,NA,NA
3855,3856,REU.2.3_1,REU.2.3_1,0.0529355755697987,0.609931841388817,0.556996265819018,2025.14212020612,2025.19505578169,NA,NA,NA
5154,5155,REU.3.1_1,REU.3.1_1,0.068214909356755,0.610006652557065,0.54179174320031,2025.12691568351,2025.19513059286,NA,NA,NA
5633,5634,REU.3.1_1,REU.2.3_1,0.0574168386076067,0.610038986934616,0.552622148327009,2025.13774608863,2025.19516292724,NA,NA,NA
3473,3474,REU.4.8_1,REU.2.3_1,0.0322137002267878,0.610112104627162,0.577898404400374,2025.16302234471,2025.19523604493,NA,NA,NA
6208,6213,REU.4.8_1,REU.4.8_1,0.107425294874706,0.610277839363816,0.50285254448911,2025.08797648479,2025.19540177967,NA,NA,NA
4610,4611,REU.4.4_1,REU.4.4_1,0.0329554590775473,0.610482878795719,0.577527419718172,2025.16265136002,2025.1956068191,NA,NA,NA
5471,5472,REU.4.5_1,REU.4.5_1,0.0815803421592042,0.610543281003144,0.52896293884394,2025.11408687915,2025.19566722131,NA,NA,NA
5028,5029,REU.4.8_1,REU.4.8_1,0.0137314119247265,0.610738596639903,0.597007184715177,2025.18213112502,2025.19586253695,NA,NA,NA
5688,5689,REU.4.3_1,REU.4.4_1,0.0647857552164576,0.610887274879148,0.546101519662691,2025.13122545997,2025.19601121518,NA,NA,NA
5671,5672,REU.4.8_1,REU.4.8_1,0.0190309680293688,0.611000383318686,0.591969415289317,2025.17709335559,2025.19612432362,NA,NA,NA
4737,4738,REU.2.3_1,REU.4.8_1,0.0580608393565738,0.611053895567887,0.552993056211313,2025.13811699652,2025.19617783587,NA,NA,NA
4628,4629,REU.4.3_1,REU.4.3_1,0.026423147234208,0.61125304310315,0.584829895868942,2025.16995383617,2025.19637698341,NA,NA,NA
3851,3852,REU.1.3_1,REU.1.3_1,0.0224471936113142,0.611368110034657,0.588920916423343,2025.17404485673,2025.19649205034,NA,NA,NA
4894,4895,REU.4.5_1,REU.4.5_1,0.161682869306885,0.611386248565686,0.4497033792588,2025.03482731956,2025.19651018887,NA,NA,NA
3819,3820,REU.4.8_1,REU.4.8_1,0.0979477118501335,0.611506692489701,0.513558980639567,2025.09868292095,2025.1966306328,NA,NA,NA
5536,5537,REU.4.1_1,REU.4.1_1,0.0207024398029165,0.611673528130315,0.590971088327399,2025.17609502863,2025.19679746844,NA,NA,NA
4985,4987,REU.2.3_1,REU.2.3_1,0.0457182693165115,0.6117026383519,0.565984369035388,2025.15110830934,2025.19682657866,NA,NA,NA
3314,3315,REU.4.3_1,REU.4.3_1,0.00272591660766452,0.611857881503647,0.609131964895983,2025.1942559052,2025.19698182181,NA,NA,NA
5914,2962,REU.3.4_1,REU.4.3_1,0.247569644199835,0.612136333667302,0.364566689467467,2024.94969062977,2025.19726027397,CHIKV_RUN_S36b80_2025,55.557863,-21.22154
5096,2766,REU.3.1_1,REU.4.2_1,0.229623505918752,0.612136333667302,0.382512827748551,2024.96763676805,2025.19726027397,CHIKV_RUN_S19b92_2025,55.473528,-21.250753
6012,2008,REU.3.1_1,REU.4.2_1,0.171055497862965,0.612136333667302,0.441080835804337,2025.02620477611,2025.19726027397,CHIKV_RUN_S19b87_2025,55.468504,-21.24505
4862,110,REU.4.3_1,REU.4.3_1,0.123466161978448,0.612136333667302,0.488670171688855,2025.07379411199,2025.19726027397,CHIKV_RUN_S20b05_2025,55.515803,-21.295734
5350,1955,REU.3.1_1,REU.1.3_1,0.118977142188358,0.612136333667302,0.493159191478944,2025.07828313178,2025.19726027397,CHIKV_RUN_S19b75_2025,55.619233,-20.956399
3796,879,REU.4.3_1,REU.2.3_1,0.111149663175321,0.612136333667302,0.500986670491981,2025.0861106108,2025.19726027397,CHIKV_RUN_S19b95_2025,55.427046,-20.876761
3735,957,REU.3.5_1,REU.3.5_1,0.103464324252651,0.612136333667302,0.508672009414651,2025.09379594972,2025.19726027397,CHIKV_RUN_S28b07_2025,55.272533,-21.023493
5627,2333,REU.3.1_1,REU.3.2_1,0.0882518471792273,0.612136333667302,0.523884486488075,2025.10900842679,2025.19726027397,CHIKV_RUN_S20b03_2025,55.335638,-21.235998
4047,893,REU.2.1_1,REU.2.3_1,0.0772027777125033,0.612136333667302,0.534933555954799,2025.12005749626,2025.19726027397,CHIKV_RUN_S20b38_2025,55.423079,-20.87676
4819,1763,REU.4.3_1,REU.4.3_1,0.0757604954421811,0.612136333667302,0.536375838225121,2025.12149977853,2025.19726027397,CHIKV_RUN_S29b02_2025,55.51602,-21.29526
4007,1371,REU.2.3_1,REU.1.1_1,0.0706068200229172,0.612136333667302,0.541529513644385,2025.12665345395,2025.19726027397,CHIKV_RUN_S19b53_2025,55.655827,-20.977547
5221,2154,REU.4.6_1,REU.4.6_1,0.0679718907670117,0.612136333667302,0.544164442900291,2025.12928838321,2025.19726027397,CHIKV_RUN_S20b28_2025,55.431827,-21.24552
4342,660,REU.4.8_1,REU.4.8_1,0.0595333482760321,0.612136333667302,0.55260298539127,2025.1377269257,2025.19726027397,CHIKV_RUN_S20b29_2025,55.461845,-21.295303
4879,178,REU.4.7_1,REU.4.7_1,0.0533248599803888,0.612136333667302,0.558811473686913,2025.14393541399,2025.19726027397,CHIKV_RUN_S20b04_2025,55.719455,-21.371287
4190,347,REU.4.8_1,REU.1.4_1,0.0519227963290393,0.612136333667302,0.560213537338263,2025.14533747764,2025.19726027397,CHIKV_RUN_S19b78_2025,55.697947,-21.032141
3166,2436,REU.3.4_1,REU.3.4_1,0.0501509526869811,0.612136333667302,0.561985380980321,2025.14710932129,2025.19726027397,CHIKV_RUN_S22b08_2025,55.306352,-21.170628
4230,722,REU.4.3_1,REU.4.3_1,0.0473639071295511,0.612136333667302,0.564772426537751,2025.14989636684,2025.19726027397,CHIKV_RUN_S20b17_2025,55.508697,-21.283779
4946,222,REU.4.5_1,REU.4.7_1,0.0421041997598633,0.612136333667302,0.570032133907439,2025.15515607421,2025.19726027397,CHIKV_RUN_S19b86_2025,55.764023,-21.360531
5372,3095,REU.4.8_1,REU.4.6_1,0.0372195303801136,0.612136333667302,0.574916803287189,2025.16004074359,2025.19726027397,CHIKV_RUN_S19b74_2025,55.415033,-21.26939
5183,1800,REU.3.4_1,REU.3.4_1,0.0335841528639267,0.612136333667302,0.578552180803376,2025.16367612111,2025.19726027397,CHIKV_RUN_S19b81_2025,55.319437,-21.213998
4616,1273,REU.4.4_1,REU.1.5_1,0.0333676275267383,0.612136333667302,0.578768706140564,2025.16389264645,2025.19726027397,CHIKV_RUN_S19b80_2025,55.821351,-21.148572
3898,1725,REU.3.5_1,REU.3.5_1,0.032922370445275,0.612136333667302,0.579213963222027,2025.16433790353,2025.19726027397,CHIKV_RUN_S20b19_2025,55.269553,-21.101379
4521,1326,REU.3.5_1,REU.2.3_1,0.0286806189687936,0.612136333667302,0.583455714698509,2025.168579655,2025.19726027397,CHIKV_RUN_S29b09_2025,55.485603,-20.893484
3445,439,REU.4.8_1,REU.4.2_1,0.0278866722943538,0.612136333667302,0.584249661372948,2025.16937360168,2025.19726027397,CHIKV_RUN_S20b18_2025,55.466556,-21.243784
3328,369,REU.4.5_1,REU.4.5_1,0.0269836759238131,0.612136333667302,0.585152657743489,2025.17027659805,2025.19726027397,CHIKV_RUN_S20b37_2025,55.644412,-21.379083
3416,534,REU.3.5_1,REU.3.5_1,0.0265930401028922,0.612136333667302,0.58554329356441,2025.17066723387,2025.19726027397,CHIKV_RUN_S28b12_2025,55.267558,-21.013211
5312,2257,REU.4.8_1,REU.4.8_1,0.0250923897232979,0.612136333667302,0.587043943944004,2025.17216788425,2025.19726027397,CHIKV_RUN_S19b73_2025,55.534789,-21.314946
5067,1809,REU.2.3_1,REU.2.3_1,0.0250633749000115,0.612136333667302,0.587072958767291,2025.17219689907,2025.19726027397,CHIKV_RUN_S29b13_2025,55.485603,-20.893484
3754,964,REU.2.1_1,REU.2.1_1,0.0188456074004042,0.612136333667302,0.593290726266898,2025.17841466657,2025.19726027397,CHIKV_RUN_S20b90_2025,55.331182,-20.952532
3877,917,REU.4.3_1,REU.3.5_1,0.0186696570314153,0.612136333667302,0.593466676635887,2025.17859061694,2025.19726027397,CHIKV_RUN_S20b87_2025,55.273404,-21.026997
4518,1329,REU.3.5_1,REU.3.5_1,0.0177181449282977,0.612136333667302,0.594418188739005,2025.17954212904,2025.19726027397,CHIKV_RUN_S19b94_2025,55.25298,-21.042346
4101,613,REU.4.3_1,REU.3.5_1,0.0176214459688243,0.612136333667302,0.594514887698478,2025.179638828,2025.19726027397,CHIKV_RUN_S20b32_2025,55.29306,-21.03516
5570,2780,REU.4.3_1,REU.4.3_1,0.0167292293227799,0.612136333667302,0.595407104344522,2025.18053104465,2025.19726027397,CHIKV_RUN_S19b82_2025,55.581068,-21.201849
5115,1967,REU.4.8_1,REU.4.4_1,0.0167046471786836,0.612136333667302,0.595431686488619,2025.18055562679,2025.19726027397,CHIKV_RUN_S20b95_2025,55.567608,-21.357211
3478,402,REU.2.3_1,REU.1.4_1,0.0161434715341314,0.612136333667302,0.595992862133171,2025.18111680244,2025.19726027397,CHIKV_RUN_S19b67_2025,55.672176,-21.04822
3786,1389,REU.4.3_1,REU.3.5_1,0.0149582781563085,0.612136333667302,0.597178055510994,2025.18230199582,2025.19726027397,CHIKV_RUN_S28b08_2025,55.228101,-21.063277
4173,1713,REU.2.5_1,REU.2.5_1,0.0129514613377028,0.612136333667302,0.5991848723296,2025.18430881263,2025.19726027397,CHIKV_RUN_S27b93_2025,55.605959,-20.904676
6037,2692,REU.3.5_1,REU.3.5_1,0.0100015208049119,0.612136333667302,0.60213481286239,2025.18725875317,2025.19726027397,CHIKV_RUN_S20b94_2025,55.299916,-20.976778
3368,517,REU.4.3_1,REU.4.4_1,0.00891249524223725,0.612136333667302,0.603223838425065,2025.18834777873,2025.19726027397,CHIKV_RUN_S19b64_2025,55.565613,-21.360891
3313,387,REU.4.3_1,REU.1.1_1,0.00655947818767522,0.612136333667302,0.605576855479627,2025.19070079579,2025.19726027397,CHIKV_RUN_S19b63_2025,55.682519,-20.998617
3518,1623,REU.3.5_1,REU.3.5_1,0.00540305245748696,0.612136333667302,0.606733281209815,2025.19185722152,2025.19726027397,CHIKV_RUN_S22b06_2025,55.272076,-21.029578
4671,126,REU.3.5_1,REU.3.5_1,0.00367629668488867,0.612136333667302,0.608460036982414,2025.19358397729,2025.19726027397,CHIKV_RUN_S20b36_2025,55.270344,-21.069224
3852,1156,REU.1.3_1,REU.1.3_1,0.000768223632645171,0.612136333667302,0.611368110034657,2025.19649205034,2025.19726027397,CHIKV_RUN_S28b93_2025,55.672793,-20.966915
5537,2525,REU.4.1_1,REU.4.1_1,0.000462805536986855,0.612136333667302,0.611673528130315,2025.19679746844,2025.19726027397,CHIKV_RUN_S20b31_2025,55.467884,-21.146662
4397,4398,REU.4.8_1,REU.4.8_1,0.0375540641551064,0.612186675983293,0.574632611828187,2025.15975655213,2025.19731061629,NA,NA,NA
5187,5188,REU.4.6_1,REU.4.8_1,0.0280426191322622,0.612226713146029,0.584184094013766,2025.16930803432,2025.19735065345,NA,NA,NA
3856,3857,REU.2.3_1,REU.2.3_1,0.00240686505033949,0.612338706439156,0.609931841388817,2025.19505578169,2025.19746264674,NA,NA,NA
3259,3260,REU.4.3_1,REU.4.3_1,0.00295734866700337,0.61241215549771,0.609454806830706,2025.19457874714,2025.1975360958,NA,NA,NA
5239,5240,REU.2.3_1,REU.3.5_1,0.0307538324397287,0.612438246870847,0.581684414431119,2025.16680835474,2025.19756218718,NA,NA,NA
4753,4754,REU.1.4_1,REU.1.4_1,0.0177497612715278,0.612729178340646,0.594979417069118,2025.18010335737,2025.19785311865,NA,NA,NA
5957,5958,REU.2.3_1,REU.2.4_1,0.00544201368270425,0.612896834771935,0.607454821089231,2025.19257876139,2025.19802077508,NA,NA,NA
4467,4468,REU.2.3_1,REU.2.3_1,0.0366956944885102,0.613064412661769,0.576368718173259,2025.16149265848,2025.19818835297,NA,NA,NA
4589,4590,REU.4.8_1,REU.4.8_1,0.0133800250882044,0.613118107587074,0.59973808249887,2025.1848620228,2025.19824204789,NA,NA,NA
3987,3988,REU.4.8_1,REU.4.8_1,0.0198061510579778,0.613142126221514,0.593335975163536,2025.17845991547,2025.19826606653,NA,NA,NA
4153,4154,REU.4.4_1,REU.4.4_1,0.0101301945403073,0.613233345714186,0.603103151173879,2025.18822709148,2025.19835728602,NA,NA,NA
3464,3465,REU.2.3_1,REU.2.3_1,0.0302731148064563,0.613337537362965,0.583064422556508,2025.16818836286,2025.19846147767,NA,NA,NA
4545,4547,REU.4.4_1,REU.4.4_1,0.0990771513008116,0.613538273894261,0.514461122593449,2025.0995850629,2025.1986622142,NA,NA,NA
3917,3920,REU.4.3_1,REU.4.8_1,0.0704400604636269,0.613671581188158,0.543231520724531,2025.12835546103,2025.19879552149,NA,NA,NA
3726,3727,REU.4.8_1,REU.4.3_1,0.0107684969330312,0.613842313592451,0.60307381665942,2025.18819775696,2025.1989662539,NA,NA,NA
5750,5751,REU.2.5_1,REU.2.5_1,0.0263171614036666,0.613891886819059,0.587574725415392,2025.17269866572,2025.19901582712,NA,NA,NA
4001,4003,REU.2.3_1,REU.2.3_1,0.0198673895598322,0.613959476980506,0.594092087420674,2025.17921602773,2025.19908341729,NA,NA,NA
6160,6161,REU.4.5_1,REU.4.5_1,0.0795734410398906,0.614030211220828,0.534456770180938,2025.11958071049,2025.19915415153,NA,NA,NA
3609,3610,REU.3.3_1,REU.3.3_1,0.0486713261204886,0.614163567357229,0.56549224123674,2025.15061618154,2025.19928750766,NA,NA,NA
3690,3691,REU.4.8_1,REU.4.8_1,0.0616758865145816,0.614203299032781,0.552527412518199,2025.13765135282,2025.19932723934,NA,NA,NA
5396,5398,REU.4.6_1,REU.4.6_1,0.062618971057133,0.614223924389253,0.55160495333212,2025.13672889364,2025.19934786469,NA,NA,NA
4829,4831,REU.4.3_1,REU.2.3_1,0.0905303236890579,0.614317851369173,0.523787527680115,2025.10891146799,2025.19944179167,NA,NA,NA
5103,5104,REU.4.3_1,REU.4.6_1,0.112090187450238,0.614512954201407,0.502422766751169,2025.08754670706,2025.19963689451,NA,NA,NA
4699,4701,REU.2.3_1,REU.2.3_1,0.0404389027516217,0.614607930852762,0.57416902810114,2025.15929296841,2025.19973187116,NA,NA,NA
6154,6155,REU.4.5_1,REU.4.5_1,0.0397231061570648,0.614679882270007,0.574956776112943,2025.16008071642,2025.19980382258,NA,NA,NA
5444,5445,REU.4.6_1,REU.4.6_1,0.0313900148805001,0.614747622372024,0.583357607491524,2025.1684815478,2025.19987156268,NA,NA,NA
3640,1524,REU.4.8_1,REU.1.1_1,0.13240833727843,0.61487605969466,0.48246772241623,2025.06759166272,2025.2,CHIKV_RUN_S20b73_2025,55.643354,-20.980309
5621,2324,REU.3.1_1,REU.4.8_1,0.109948097444997,0.61487605969466,0.504927962249663,2025.09005190256,2025.2,CHIKV_RUN_S20b62_2025,55.473625,-21.334544
5692,2184,REU.4.3_1,REU.4.8_1,0.106421802807302,0.61487605969466,0.508454256887358,2025.09357819719,2025.2,CHIKV_RUN_S20b20_2025,55.476655,-21.339972
4418,708,REU.4.3_1,REU.1.3_1,0.0815941132479363,0.61487605969466,0.533281946446723,2025.11840588675,2025.2,CHIKV_RUN_S19b66_2025,55.689055,-20.960639
5602,2580,REU.3.1_1,REU.3.2_1,0.0615854975757836,0.61487605969466,0.553290562118876,2025.13841450242,2025.2,CHIKV_RUN_S20b14_2025,55.344688,-21.249764
5062,2671,REU.3.1_1,REU.4.6_1,0.0590499459900796,0.61487605969466,0.55582611370458,2025.14095005401,2025.2,CHIKV_RUN_S20b21_2025,55.435536,-21.257653
4490,1476,REU.4.3_1,REU.1.4_1,0.0544051736549871,0.61487605969466,0.560470886039673,2025.14559482635,2025.2,CHIKV_RUN_S19b65_2025,55.715283,-21.049538
4806,874,REU.4.4_1,REU.4.4_1,0.0536925655545651,0.61487605969466,0.561183494140095,2025.14630743445,2025.2,CHIKV_RUN_S20b16_2025,55.568332,-21.350095
4847,909,REU.3.5_1,REU.3.5_1,0.036805976797599,0.61487605969466,0.578070082897061,2025.1631940232,2025.2,CHIKV_RUN_S19b61_2025,55.300808,-21.035281
5089,2743,REU.4.8_1,REU.4.8_1,0.0316623238741565,0.61487605969466,0.583213735820503,2025.16833767613,2025.2,CHIKV_RUN_S20b13_2025,55.461679,-21.292518
5342,2244,REU.4.8_1,REU.4.8_1,0.0292298879907056,0.61487605969466,0.585646171703954,2025.17077011201,2025.2,CHIKV_RUN_S20b07_2025,55.533492,-21.315633
5428,1933,REU.4.8_1,REU.3.2_1,0.0273987701804573,0.61487605969466,0.587477289514202,2025.17260122982,2025.2,CHIKV_RUN_S20b12_2025,55.337829,-21.236051
3163,2425,REU.2.3_1,REU.2.3_1,0.0258677942190932,0.61487605969466,0.589008265475566,2025.17413220578,2025.2,CHIKV_RUN_S20b25_2025,55.473705,-20.891769
3952,1587,REU.4.8_1,REU.4.8_1,0.0230246713741968,0.61487605969466,0.591851388320463,2025.17697532863,2025.2,CHIKV_RUN_S20b23_2025,55.457023,-21.296888
5726,2051,REU.4.5_1,REU.4.5_1,0.0176113681486605,0.614876059694659,0.597264691545999,2025.18238863185,2025.2,CHIKV_RUN_S20b06_2025,55.599932,-21.377836
3400,560,REU.4.3_1,REU.4.3_1,0.0172999114574471,0.61487605969466,0.597576148237212,2025.18270008854,2025.2,CHIKV_RUN_S20b30_2025,55.503677,-21.265174
4002,1378,REU.2.4_1,REU.2.4_1,0.0153281662611408,0.61487605969466,0.599547893433519,2025.18467183374,2025.2,CHIKV_RUN_S20b27_2025,55.5589,-20.899424
3159,2453,REU.3.4_1,REU.3.4_1,0.0148774727727985,0.61487605969466,0.599998586921861,2025.18512252723,2025.2,CHIKV_RUN_S19b60_2025,55.325669,-21.227271
5334,2269,REU.4.3_1,REU.4.3_1,0.0129784514898306,0.61487605969466,0.601897608204829,2025.18702154851,2025.2,CHIKV_RUN_S19b91_2025,55.516227,-21.284258
4995,18,REU.3.2_1,REU.3.2_1,0.00604692085605119,0.61487605969466,0.608829138838608,2025.19395307914,2025.2,CHIKV_RUN_S20b33_2025,55.339341,-21.247299
6213,2828,REU.4.8_1,REU.2.5_1,0.00459822033084378,0.61487605969466,0.610277839363816,2025.19540177967,2025.2,CHIKV_RUN_S19b68_2025,55.582725,-20.929146
4471,4472,REU.4.8_1,REU.4.8_1,0.0830530473245062,0.615056850284316,0.53200380295981,2025.11712774327,2025.20018079059,NA,NA,NA
4487,4488,REU.4.3_1,REU.4.3_1,0.0108201655288678,0.615103767406457,0.604283601877589,2025.18940754218,2025.20022770771,NA,NA,NA
5321,5323,REU.3.1_1,REU.3.1_1,0.03458752810189,0.615157888319034,0.580570360217143,2025.16569430052,2025.20028182862,NA,NA,NA
3589,3592,REU.4.8_1,REU.4.8_1,0.0325889205921375,0.615613969194035,0.583025048601898,2025.16814898891,2025.2007379095,NA,NA,NA
4267,4271,REU.4.3_1,REU.4.3_1,0.101636027662256,0.615740954585281,0.514104926923025,2025.09922886723,2025.20086489489,NA,NA,NA
3524,3525,REU.3.5_1,REU.3.5_1,0.065498481490491,0.615837842179223,0.550339360688732,2025.13546330099,2025.20096178248,NA,NA,NA
3127,3128,REU.3.4_1,REU.3.4_1,0.0394169829469855,0.615957973779518,0.576540990832532,2025.16166493114,2025.20108191408,NA,NA,NA
4455,4456,REU.4.8_1,REU.4.8_1,0.0335774777753526,0.616056946346767,0.582479468571415,2025.16760340888,2025.20118088665,NA,NA,NA
6009,6010,REU.4.3_1,REU.4.3_1,0.146697447354148,0.61620272061151,0.469505273257361,2025.05462921356,2025.20132666092,NA,NA,NA
4172,4174,REU.2.5_1,REU.2.5_1,0.0401795842312568,0.616271941057096,0.576092356825839,2025.16121629713,2025.20139588136,NA,NA,NA
5904,5906,REU.3.4_1,REU.3.4_1,0.0769139204652425,0.616287263766383,0.53937334330114,2025.12449728361,2025.20141120407,NA,NA,NA
4322,4324,REU.4.8_1,REU.4.8_1,0.0296218281482291,0.616320062769225,0.586698234620996,2025.17182217493,2025.20144400307,NA,NA,NA
3900,3901,REU.4.8_1,REU.4.8_1,0.0419768322494365,0.616353727354043,0.574376895104606,2025.15950083541,2025.20147766766,NA,NA,NA
5023,5026,REU.4.8_1,REU.4.8_1,0.0809715497050921,0.616514020750954,0.535542471045862,2025.12066641135,2025.20163796106,NA,NA,NA
5490,5491,REU.4.8_1,REU.4.6_1,0.021625143327298,0.616625412629917,0.595000269302619,2025.18012420961,2025.20174935294,NA,NA,NA
3441,3442,REU.4.8_1,REU.4.8_1,0.049246935794603,0.61690182448109,0.567654888686487,2025.15277882899,2025.20202576479,NA,NA,NA
5708,5709,REU.4.8_1,REU.2.5_1,0.0592714474832159,0.61705628793626,0.557784840453044,2025.14290878076,2025.20218022824,NA,NA,NA
4743,4744,REU.2.3_1,REU.2.3_1,0.0433714202674923,0.617265478014338,0.573894057746846,2025.15901799805,2025.20238941832,NA,NA,NA
6038,6039,REU.3.5_1,REU.3.5_1,0.0095393820109837,0.617372938722978,0.607833556711995,2025.19295749702,2025.20249687903,NA,NA,NA
3939,3940,REU.4.3_1,REU.4.3_1,0.0302474654465212,0.617578577558973,0.587331112112451,2025.17245505242,2025.20270251786,NA,NA,NA
6198,2821,REU.4.8_1,REU.4.8_1,0.120370722046709,0.617615785722017,0.497245063675308,2025.08236900398,2025.20273972603,CHIKV_RUN_S21b90_2025,55.519889,-21.357469
4299,815,REU.4.3_1,REU.4.3_1,0.109534512530959,0.617615785722017,0.508081273191058,2025.0932052135,2025.20273972603,CHIKV_RUN_S21b93_2025,55.519407,-21.267386
4771,1124,REU.4.3_1,REU.4.3_1,0.107049315985188,0.617615785722017,0.510566469736829,2025.09569041004,2025.20273972603,CHIKV_RUN_S22b09_2025,55.537784,-21.258087
4058,1078,REU.4.3_1,REU.3.5_1,0.101502514972336,0.617615785722017,0.516113270749681,2025.10123721106,2025.20273972603,CHIKV_RUN_S19b54_2025,55.271574,-21.026973
5316,2243,REU.4.8_1,REU.4.8_1,0.0861030947371488,0.617615785722017,0.531512690984868,2025.11663663129,2025.20273972603,CHIKV_RUN_S21b81_2025,55.534554,-21.315623
5362,3052,REU.4.6_1,REU.4.6_1,0.0795523417719133,0.617615785722017,0.538063443950104,2025.12318738426,2025.20273972603,CHIKV_RUN_S21b82_2025,55.432997,-21.248315
5755,1991,REU.2.5_1,REU.1.3_1,0.0779477382261581,0.617615785722017,0.539668047495859,2025.1247919878,2025.20273972603,CHIKV_RUN_S20b58_2025,55.654996,-20.932423
5175,2707,REU.4.2_1,REU.4.2_1,0.0774526926213034,0.617615785722017,0.540163093100714,2025.12528703341,2025.20273972603,CHIKV_RUN_S20b24_2025,55.479106,-21.2451
3986,627,REU.4.8_1,REU.3.5_1,0.0749212036054372,0.617615785722017,0.54269458211658,2025.12781852242,2025.20273972603,CHIKV_RUN_S22b07_2025,55.324686,-20.985262
3475,464,REU.4.8_1,REU.4.8_1,0.0658675113954046,0.617615785722017,0.551748274326612,2025.13687221463,2025.20273972603,CHIKV_RUN_S21b92_2025,55.490388,-21.305859
5651,2695,REU.4.8_1,REU.4.3_1,0.0599397114184462,0.617615785722017,0.557676074303571,2025.14280001461,2025.20273972603,CHIKV_RUN_S21b85_2025,55.517795,-21.254732
5604,2577,REU.3.1_1,REU.4.6_1,0.0590238157980986,0.617615785722017,0.558591969923918,2025.14371591023,2025.20273972603,CHIKV_RUN_S20b85_2025,55.435536,-21.257653
5214,1908,REU.3.1_1,REU.3.1_1,0.0491421004126619,0.617615785722017,0.568473685309355,2025.15359762561,2025.20273972603,CHIKV_RUN_S21b91_2025,55.336441,-21.272893
4141,1734,REU.4.3_1,REU.4.3_1,0.046144464809645,0.617615785722017,0.571471320912372,2025.15659526122,2025.20273972603,CHIKV_RUN_S20b86_2025,55.520744,-21.268097
3473,482,REU.4.8_1,REU.2.1_1,0.039717381321643,0.617615785722017,0.577898404400374,2025.16302234471,2025.20273972603,CHIKV_RUN_S19b58_2025,55.4112566163266,-21.04474661488
3894,1299,REU.3.5_1,REU.3.5_1,0.0272993604065549,0.617615785722017,0.590316425315462,2025.17544036562,2025.20273972603,CHIKV_RUN_S19b56_2025,55.290102,-21.021219
3905,1162,REU.4.3_1,REU.3.5_1,0.0240507450553097,0.617615785722017,0.593565040666707,2025.17868898097,2025.20273972603,CHIKV_RUN_S22b12_2025,55.270787,-21.026406
3494,3495,REU.4.8_1,REU.4.5_1,0.0606499403155427,0.617650673631454,0.557000733315911,2025.14212467362,2025.20277461394,NA,NA,NA
4699,4700,REU.2.3_1,REU.2.3_1,0.043531520395981,0.617700548497121,0.57416902810114,2025.15929296841,2025.2028244888,NA,NA,NA
5064,5065,REU.2.3_1,REU.2.3_1,0.0921416868451401,0.617734936721926,0.525593249876786,2025.11071719018,2025.20285887703,NA,NA,NA
4480,4481,REU.4.8_1,REU.4.8_1,0.0312710602379759,0.617845674441491,0.586574614203515,2025.17169855451,2025.20296961475,NA,NA,NA
4822,4823,REU.4.3_1,REU.4.3_1,0.017494817185597,0.617897436364155,0.600402619178558,2025.18552655948,2025.20302137667,NA,NA,NA
4042,4043,REU.4.3_1,REU.3.4_1,0.143117728666473,0.617899484610062,0.474781755943589,2025.05990569625,2025.20302342492,NA,NA,NA
3744,3745,REU.4.3_1,REU.2.4_1,0.06010285979888,0.617927171346679,0.557824311547799,2025.14294825185,2025.20305111165,NA,NA,NA
5156,5157,REU.3.1_1,REU.2.3_1,0.0488622634404154,0.617947294961889,0.569085031521474,2025.15420897183,2025.20307123527,NA,NA,NA
5821,5843,REU.3.1_1,REU.4.6_1,0.249594414744721,0.618136550135672,0.368542135390951,2024.9536660757,2025.20326049044,NA,NA,NA
5421,5422,REU.4.8_1,REU.3.5_1,0.056714954859449,0.618325441816092,0.561610486956643,2025.14673442726,2025.20344938212,NA,NA,NA
4617,4618,REU.4.4_1,REU.4.4_1,0.041788794611023,0.618481860291753,0.57669306568073,2025.16181700599,2025.2036058006,NA,NA,NA
5325,5326,REU.4.8_1,REU.4.8_1,0.0381226700610633,0.618528030416254,0.58040536035519,2025.16552930066,2025.20365197072,NA,NA,NA
3201,3202,REU.4.8_1,REU.4.8_1,0.010077248011681,0.618565310392173,0.608488062380492,2025.19361200269,2025.2036892507,NA,NA,NA
4164,4165,REU.4.3_1,REU.4.3_1,0.0448560639650393,0.618587666903905,0.573731602938866,2025.15885554324,2025.20371160721,NA,NA,NA
3218,3219,REU.4.8_1,REU.4.8_1,0.13136650703549,0.618682790557927,0.487316283522437,2025.07244022383,2025.20380673086,NA,NA,NA
6053,6054,REU.4.8_1,REU.4.8_1,0.0324117146375913,0.618794936825932,0.586383222188341,2025.17150716249,2025.20391887713,NA,NA,NA
5902,5910,REU.3.4_1,REU.3.4_1,0.150043607855547,0.618908799861933,0.468865192006385,2025.05398913231,2025.20403274017,NA,NA,NA
5045,5046,REU.3.1_1,REU.4.8_1,0.0183647698860596,0.619010689102602,0.600645919216543,2025.18576985952,2025.20413462941,NA,NA,NA
6176,6177,REU.4.8_1,REU.4.8_1,0.0726690642370291,0.619260249630443,0.546591185393414,2025.1317151257,2025.20438418994,NA,NA,NA
4193,4194,REU.4.3_1,REU.2.3_1,0.137031748836638,0.61933559364884,0.482303844812202,2025.06742778512,2025.20445953395,NA,NA,NA
5424,5425,REU.3.5_1,REU.3.5_1,0.124283644615927,0.619418280086319,0.495134635470392,2025.08025857578,2025.20454222039,NA,NA,NA
4884,4885,REU.4.5_1,REU.4.5_1,0.0618685563888229,0.619461786338443,0.55759322994962,2025.14271717026,2025.20458572664,NA,NA,NA
5164,5165,REU.4.8_1,REU.2.2_1,0.102540265012919,0.61978687210093,0.517246607088012,2025.10237054739,2025.20491081241,NA,NA,NA
3135,3136,REU.2.3_1,REU.2.3_1,0.0298978100457972,0.619825093188422,0.589927283142625,2025.17505122345,2025.20494903349,NA,NA,NA
4909,4910,REU.4.5_1,REU.4.5_1,0.172959754332558,0.619950150023923,0.446990395691364,2025.032114336,2025.20507409033,NA,NA,NA
4944,4945,REU.4.5_1,REU.4.5_1,0.0500140479108526,0.619978836372056,0.569964788461203,2025.15508872877,2025.20510277668,NA,NA,NA
3863,3864,REU.2.3_1,REU.2.3_1,0.0105880181842746,0.620023248608398,0.609435230424124,2025.19455917073,2025.20514718891,NA,NA,NA
4343,4344,REU.4.5_1,REU.3.5_1,0.0538673207771494,0.620046664780585,0.566179344003435,2025.15130328431,2025.20517060509,NA,NA,NA
3434,587,REU.4.3_1,REU.4.8_1,0.210045934128519,0.620355511749374,0.410309577620855,2024.99543351793,2025.20547945205,CHIKV_RUN_S20b88_2025,55.48033,-21.336361
3983,1064,REU.4.3_1,REU.4.8_1,0.153132697875618,0.620355511749374,0.467222813873756,2025.05234675418,2025.20547945205,CHIKV_RUN_S21b84_2025,55.51112,-21.338051
4094,926,REU.4.3_1,REU.4.3_1,0.135539541326285,0.620355511749374,0.48481597042309,2025.06993991073,2025.20547945205,CHIKV_RUN_S20b53_2025,55.505164,-21.233941
3355,414,REU.4.3_1,REU.1.4_1,0.115076783521508,0.620355511749374,0.505278728227866,2025.09040266853,2025.20547945205,CHIKV_RUN_S20b59_2025,55.677842,-21.033315
4325,639,REU.4.3_1,REU.3.4_1,0.11289091586671,0.620355511749374,0.507464595882664,2025.09258853619,2025.20547945205,CHIKV_RUN_S20b40_2025,55.288334,-21.179854
5022,309,REU.4.8_1,REU.1.5_1,0.109032882822098,0.620355511749375,0.511322628927276,2025.09644656923,2025.20547945205,CHIKV_RUN_S23b61_2025,55.807465,-21.1391
5901,2371,REU.3.4_1,REU.1.4_1,0.107322399869145,0.620355511749374,0.51303311188023,2025.09815705219,2025.20547945205,CHIKV_RUN_S20b75_2025,55.681691,-21.051248
3945,1717,REU.4.3_1,REU.3.5_1,0.0977783033257034,0.620355511749374,0.522577208423671,2025.10770114873,2025.20547945205,CHIKV_RUN_S20b66_2025,55.328756,-20.992537
4983,29,REU.2.3_1,REU.2.3_1,0.085476772736761,0.620355511749374,0.534878739012613,2025.12000267932,2025.20547945205,CHIKV_RUN_S21b95_2025,55.489259,-20.899933
3242,2381,REU.4.8_1,REU.1.5_1,0.0839657159039616,0.620355511749374,0.536389795845413,2025.12151373615,2025.20547945205,CHIKV_RUN_S23b57_2025,55.825446,-21.160461
4402,780,REU.4.8_1,REU.4.8_1,0.0815575817398605,0.620355511749374,0.538797930009514,2025.12392187031,2025.20547945205,CHIKV_RUN_S20b93_2025,55.475097,-21.286417
4336,839,REU.4.3_1,REU.4.5_1,0.0757682658866423,0.620355511749374,0.544587245862732,2025.12971118617,2025.20547945205,CHIKV_RUN_S20b89_2025,55.631708,-21.316831
3899,925,REU.4.8_1,REU.4.2_1,0.0648344274350184,0.620355511749374,0.555521084314356,2025.14064502462,2025.20547945205,CHIKV_RUN_S20b44_2025,55.481192,-21.242388
5744,1984,REU.2.5_1,REU.2.5_1,0.063303906498202,0.620355511749374,0.557051605251172,2025.14217554556,2025.20547945205,CHIKV_RUN_S20b64_2025,55.60401,-20.904928
4811,1093,REU.4.3_1,REU.1.4_1,0.062759107991053,0.620355511749374,0.557596403758321,2025.14272034406,2025.20547945205,CHIKV_RUN_S20b74_2025,55.690182,-21.03149
3725,303,REU.4.8_1,REU.2.1_1,0.0608196162892599,0.620355511749374,0.559535895460115,2025.14465983577,2025.20547945205,CHIKV_RUN_S20b41_2025,55.349202,-20.926914
4111,1167,REU.4.8_1,REU.4.8_1,0.0607677855925091,0.620355511749374,0.559587726156865,2025.14471166646,2025.20547945205,CHIKV_RUN_S21b83_2025,55.487626,-21.348676
3759,961,REU.4.8_1,REU.2.1_1,0.0547514459464256,0.620355511749374,0.565604065802949,2025.15072800611,2025.20547945205,CHIKV_RUN_S22b13_2025,55.333527,-20.944568
3505,1382,REU.4.3_1,REU.1.5_1,0.049065205994286,0.620355511749374,0.571290305755088,2025.15641424606,2025.20547945205,CHIKV_RUN_S23b63_2025,55.822143,-21.1597
3410,544,REU.4.3_1,REU.4.8_1,0.0454544257966023,0.620355511749374,0.574901085952772,2025.16002502626,2025.20547945205,CHIKV_RUN_S21b89_2025,55.535711,-21.322413
5397,2392,REU.4.8_1,REU.4.1_1,0.0416258990327807,0.620355511749374,0.578729612716594,2025.16385355302,2025.20547945205,CHIKV_RUN_S20b76_2025,55.465028,-21.141487
4531,1212,REU.4.4_1,REU.4.4_1,0.0368007171499329,0.620355511749374,0.583554794599441,2025.1686787349,2025.20547945205,CHIKV_RUN_S20b55_2025,55.566331,-21.353253
5137,2217,REU.4.3_1,REU.4.6_1,0.033496551595198,0.620355511749374,0.586858960154176,2025.17198290046,2025.20547945205,CHIKV_RUN_S20b92_2025,55.436741,-21.260014
5749,1983,REU.2.5_1,REU.2.5_1,0.0284825710312986,0.620355511749374,0.591872940718076,2025.17699688102,2025.20547945205,CHIKV_RUN_S20b63_2025,55.580087,-20.926019
5749,1980,REU.2.5_1,REU.2.5_1,0.0284825710312986,0.620355511749374,0.591872940718076,2025.17699688102,2025.20547945205,CHIKV_RUN_S20b61_2025,55.580446,-20.925973
4589,1234,REU.4.8_1,REU.4.8_1,0.0206174292505048,0.620355511749374,0.59973808249887,2025.1848620228,2025.20547945205,CHIKV_RUN_S20b45_2025,55.547044,-21.316856
5908,2937,REU.4.8_1,REU.2.1_1,0.020405270994276,0.620355511749375,0.599950240755099,2025.18507418106,2025.20547945205,CHIKV_RUN_S22b02_2025,55.349438,-20.953558
3459,381,REU.4.5_1,REU.4.5_1,0.0157825502326614,0.620355511749374,0.604572961516713,2025.18969690182,2025.20547945205,CHIKV_RUN_S20b54_2025,55.647033,-21.381365
3518,1626,REU.3.5_1,REU.1.4_1,0.0136222305395591,0.620355511749375,0.606733281209815,2025.19185722152,2025.20547945205,CHIKV_RUN_S23b62_2025,55.748666,-21.088386
5751,1979,REU.2.5_1,REU.2.5_1,0.00646362493031583,0.620355511749374,0.613891886819059,2025.19901582712,2025.20547945205,CHIKV_RUN_S20b71_2025,55.580087,-20.926019
6039,2687,REU.3.5_1,REU.3.5_1,0.00298257302639593,0.620355511749374,0.617372938722978,2025.20249687903,2025.20547945205,CHIKV_RUN_S22b03_2025,55.275771,-21.049194
3219,2608,REU.4.8_1,REU.1.1_1,0.00167272119144712,0.620355511749374,0.618682790557927,2025.20380673086,2025.20547945205,CHIKV_RUN_S23b59_2025,55.676699,-20.999218
3531,3532,REU.4.3_1,REU.4.3_1,0.048764099983378,0.620355640242064,0.571591540258686,2025.15671548056,2025.20547958055,NA,NA,NA
5520,5521,REU.4.6_1,REU.4.8_1,0.073956545608505,0.620392617358796,0.546436071750291,2025.13156001206,2025.20551655766,NA,NA,NA
4767,4768,REU.4.8_1,REU.4.8_1,0.0518063979317034,0.620439776166656,0.568633378234952,2025.15375731854,2025.20556371647,NA,NA,NA
4035,4036,REU.4.3_1,REU.4.3_1,0.0767534173857913,0.620561992089898,0.543808574704107,2025.12893251501,2025.2056859324,NA,NA,NA
5428,5429,REU.4.8_1,REU.4.6_1,0.0331663853753384,0.620643674889541,0.587477289514202,2025.17260122982,2025.2057676152,NA,NA,NA
5521,5522,REU.4.8_1,REU.4.8_1,0.00057985832387808,0.620972475682674,0.620392617358796,2025.20551655766,2025.20609641599,NA,NA,NA
4309,4310,REU.4.8_1,REU.2.3_1,0.100599678014507,0.621036730724139,0.520437052709632,2025.10556099301,2025.20616067103,NA,NA,NA
3669,3671,REU.4.3_1,REU.4.3_1,0.0897041269551438,0.621176029115342,0.531471902160199,2025.11659584247,2025.20629996942,NA,NA,NA
5501,5502,REU.3.1_1,REU.3.1_1,0.0530498696433025,0.621270816763445,0.568220947120142,2025.15334488743,2025.20639475707,NA,NA,NA
6028,6029,REU.3.5_1,REU.3.5_1,0.059295611187677,0.621315110399308,0.562019499211631,2025.14714343952,2025.2064390507,NA,NA,NA
4592,4593,REU.4.4_1,REU.4.4_1,0.0813623448612,0.6214373696008,0.5400750247396,2025.12519896505,2025.20656130991,NA,NA,NA
4079,4080,REU.4.3_1,REU.4.3_1,0.101785603588949,0.621584535912127,0.519798932323178,2025.10492287263,2025.20670847622,NA,NA,NA
3134,3137,REU.3.4_1,REU.2.3_1,0.119276538183218,0.621590073710721,0.502313535527503,2025.08743747583,2025.20671401402,NA,NA,NA
3270,3271,REU.4.3_1,REU.4.3_1,0.0264225235558712,0.621637506142075,0.595214982586204,2025.18033892289,2025.20676144645,NA,NA,NA
3954,3955,REU.4.8_1,REU.4.6_1,0.0131356513972185,0.621706620750784,0.608570969353566,2025.19369490966,2025.20683056106,NA,NA,NA
5724,5725,REU.4.5_1,REU.4.5_1,0.0678985002710396,0.621763693359903,0.553865193088864,2025.13898913339,2025.20688763367,NA,NA,NA
3661,3662,REU.4.3_1,REU.4.3_1,0.120324209676132,0.621935658729847,0.501611449053715,2025.08673538936,2025.20705959904,NA,NA,NA
3959,3960,REU.4.8_1,REU.4.8_1,0.0799006648928817,0.621968887700653,0.542068222807771,2025.12719216311,2025.20709282801,NA,NA,NA
6095,6100,REU.4.5_1,REU.4.5_1,0.0839950235259578,0.621978763168006,0.537983739642048,2025.12310767995,2025.20710270347,NA,NA,NA
4003,4004,REU.2.3_1,REU.2.3_1,0.00814862061375399,0.62210809759426,0.613959476980506,2025.19908341729,2025.2072320379,NA,NA,NA
5065,5066,REU.2.3_1,REU.2.3_1,0.00443178254285126,0.622166719264777,0.617734936721926,2025.20285887703,2025.20729065957,NA,NA,NA
4127,4129,REU.4.8_1,REU.4.8_1,0.0539062826394194,0.622211287377164,0.568305004737744,2025.15342894504,2025.20733522768,NA,NA,NA
5480,5481,REU.2.3_1,REU.2.3_1,0.0211238858227066,0.622385899064778,0.601262013242072,2025.18638595355,2025.20750983937,NA,NA,NA
4802,4803,REU.4.8_1,REU.4.8_1,0.0943794920768026,0.622540186742814,0.528160694666011,2025.11328463497,2025.20766412705,NA,NA,NA
5264,5265,REU.3.1_1,REU.4.8_1,0.115749857925966,0.622580072169825,0.506830214243859,2025.09195415455,2025.20770401248,NA,NA,NA
3179,3182,REU.3.4_1,REU.3.4_1,0.0680936798628793,0.622695308114429,0.55460162825155,2025.13972556856,2025.20781924842,NA,NA,NA
5608,5610,REU.3.1_1,REU.3.1_1,0.0333255214416939,0.622713616291086,0.589388094849392,2025.17451203515,2025.2078375566,NA,NA,NA
6026,6027,REU.3.1_1,REU.3.1_1,0.0430207260887453,0.622797106721483,0.579776380632738,2025.16490032094,2025.20792104703,NA,NA,NA
5505,2161,REU.3.1_1,REU.4.3_1,0.134820801701115,0.623095237776732,0.488274436075617,2025.07339837638,2025.20821917808,CHIKV_RUN_S22b24_2025,55.510209,-21.280397
6198,2820,REU.4.8_1,REU.1.3_1,0.125850174101424,0.623095237776732,0.497245063675308,2025.08236900398,2025.20821917808,CHIKV_RUN_S20b42_2025,55.647533,-20.932677
4656,152,REU.2.3_1,REU.2.3_1,0.125624359292483,0.623095237776732,0.497470878484249,2025.08259481879,2025.20821917808,CHIKV_RUN_S21b07_2025,55.460338,-20.886165
4828,1583,REU.4.3_1,REU.3.5_1,0.12490967964708,0.623095237776732,0.498185558129652,2025.08330949844,2025.20821917808,CHIKV_RUN_S22b56_2025,55.254996,-21.070169
5174,2708,REU.4.2_1,REU.4.2_1,0.120110629249353,0.623095237776732,0.502984608527378,2025.08810854883,2025.20821917808,CHIKV_RUN_S20b39_2025,55.465985,-21.255257
3205,2617,REU.2.3_1,REU.2.3_1,0.11942005139209,0.623095237776732,0.503675186384642,2025.08879912669,2025.20821917808,CHIKV_RUN_S37b43_2025,55.448067,-20.885594
5586,2165,REU.4.5_1,REU.1.3_1,0.118561128543552,0.623095237776732,0.504534109233179,2025.08965804954,2025.20821917808,CHIKV_RUN_S23b60_2025,55.691819,-20.965765
4843,934,REU.4.3_1,REU.2.1_1,0.109367076102249,0.623095237776732,0.513728161674483,2025.09885210198,2025.20821917808,CHIKV_RUN_S20b47_2025,55.340997,-20.937638
3293,411,REU.4.3_1,REU.4.3_1,0.108994180844437,0.623095237776732,0.514101056932294,2025.09922499724,2025.20821917808,CHIKV_RUN_S22b40_2025,55.51795,-21.294785
4641,145,REU.2.3_1,REU.3.5_1,0.108510575389487,0.623095237776732,0.514584662387245,2025.09970860269,2025.20821917808,CHIKV_RUN_S22b47_2025,55.28848,-21.027908
3187,2469,REU.4.6_1,REU.4.8_1,0.101130518071706,0.623095237776732,0.521964719705026,2025.10708866001,2025.20821917808,CHIKV_RUN_S20b43_2025,55.4906,-21.329232
5229,2235,REU.3.5_1,REU.3.5_1,0.09920219183812,0.623095237776732,0.523893045938612,2025.10901698624,2025.20821917808,CHIKV_RUN_S22b86_2025,55.331919,-20.995294
3649,1494,REU.4.6_1,REU.4.8_1,0.0978821354929804,0.623095237776732,0.525213102283751,2025.11033704259,2025.20821917808,CHIKV_RUN_S20b57_2025,55.483212,-21.341105
4890,200,REU.4.5_1,REU.4.5_1,0.0914737037954023,0.623095237776732,0.53162153398133,2025.11674547429,2025.20821917808,CHIKV_RUN_S22b30_2025,55.658339,-21.356015
5433,2485,REU.4.6_1,REU.3.5_1,0.0891859313989909,0.623095237776732,0.533909306377741,2025.11903324668,2025.20821917808,CHIKV_RUN_S22b42_2025,55.276167,-21.039355
5506,2162,REU.4.6_1,REU.4.6_1,0.08477188940421,0.623095237776732,0.538323348372522,2025.12344728868,2025.20821917808,CHIKV_RUN_S20b50_2025,55.433162,-21.278064
5840,1823,REU.3.1_1,REU.3.4_1,0.0809338178615708,0.623095237776732,0.542161419915161,2025.12728536022,2025.20821917808,CHIKV_RUN_S22b85_2025,55.30063,-21.143952
4051,1040,REU.4.8_1,REU.1.4_1,0.0803542374667472,0.623095237776732,0.542741000309985,2025.12786494062,2025.20821917808,CHIKV_RUN_S23b54_2025,55.737814,-21.091369
4277,686,REU.4.8_1,REU.4.8_1,0.0687159083351478,0.623095237776732,0.554379329441584,2025.13950326975,2025.20821917808,CHIKV_RUN_S22b31_2025,55.487036,-21.342299
5708,2507,REU.4.8_1,REU.3.4_1,0.0653103973236882,0.623095237776732,0.557784840453044,2025.14290878076,2025.20821917808,CHIKV_RUN_S22b44_2025,55.301143,-21.224126
4495,1355,REU.4.3_1,REU.4.5_1,0.0560773333287566,0.623095237776732,0.567017904447975,2025.15214184475,2025.20821917808,CHIKV_RUN_S20b49_2025,55.649742,-21.383587
3405,546,REU.4.3_1,REU.4.3_1,0.0543237071263843,0.623095237776732,0.568771530650347,2025.15389547096,2025.20821917808,CHIKV_RUN_S21b03_2025,55.52977,-21.284634
4968,42,REU.2.3_1,REU.2.3_1,0.0515064443409021,0.623095237776732,0.57158879343583,2025.15671273374,2025.20821917808,CHIKV_RUN_S21b06_2025,55.489016,-20.899314
3884,902,REU.3.5_1,REU.3.5_1,0.0411227726536844,0.623095237776732,0.581972465123047,2025.16709640543,2025.20821917808,CHIKV_RUN_S22b55_2025,55.282476,-21.032773
5793,2537,REU.1.3_1,REU.1.1_1,0.0346755144746075,0.623095237776732,0.588419723302124,2025.17354366361,2025.20821917808,CHIKV_RUN_S37b69_2025,55.694698,-20.970791
4071,1118,REU.4.3_1,REU.4.4_1,0.0315605685260136,0.623095237776732,0.591534669250718,2025.17665860956,2025.20821917808,CHIKV_RUN_S22b38_2025,55.571442,-21.319214
5671,2305,REU.4.8_1,REU.1.4_1,0.0311258224874146,0.623095237776732,0.591969415289317,2025.17709335559,2025.20821917808,CHIKV_RUN_S23b58_2025,55.699835,-21.056736
3877,937,REU.4.3_1,REU.4.3_1,0.0296285611408449,0.623095237776732,0.593466676635887,2025.17859061694,2025.20821917808,CHIKV_RUN_S22b49_2025,55.504713,-21.279589
5768,3041,REU.4.8_1,REU.4.8_1,0.0253635101179086,0.623095237776732,0.597731727658823,2025.18285566796,2025.20821917808,CHIKV_RUN_S20b51_2025,55.49073,-21.34553
5560,2787,REU.4.8_1,REU.4.2_1,0.0251679322686635,0.623095237776732,0.597927305508068,2025.18305124581,2025.20821917808,CHIKV_RUN_S22b39_2025,55.496612,-21.240339
5269,2034,REU.4.8_1,REU.4.8_1,0.0200627585312763,0.623095237776732,0.603032479245456,2025.18815641955,2025.20821917808,CHIKV_RUN_S22b82_2025,55.483579,-21.346509
4057,1638,REU.4.5_1,REU.4.5_1,0.0186629774741484,0.623095237776732,0.604432260302583,2025.18955620061,2025.20821917808,CHIKV_RUN_S22b57_2025,55.607058,-21.327605
3610,92,REU.3.3_1,REU.3.3_1,0.00893167041950282,0.623095237776732,0.614163567357229,2025.19928750766,2025.20821917808,CHIKV_RUN_S20b65_2025,55.286864,-21.111585
3495,626,REU.4.5_1,REU.4.5_1,0.00544456414527805,0.623095237776732,0.617650673631454,2025.20277461394,2025.20821917808,CHIKV_RUN_S22b37_2025,55.662949,-21.336795
4593,1206,REU.4.4_1,REU.4.4_1,0.00165786817593228,0.623095237776732,0.6214373696008,2025.20656130991,2025.20821917808,CHIKV_RUN_S22b32_2025,55.561763,-21.337337
4129,1279,REU.4.8_1,REU.4.8_1,0.000883950399567901,0.623095237776732,0.622211287377164,2025.20733522768,2025.20821917808,CHIKV_RUN_S21b05_2025,55.506893,-21.288194
6103,6104,REU.4.5_1,REU.4.5_1,0.0801396971123385,0.623199130874345,0.543059433762007,2025.12818337407,2025.20832307118,NA,NA,NA
4717,4719,REU.2.3_1,REU.2.3_1,0.0191115115855472,0.62325270696435,0.604141195378803,2025.18926513568,2025.20837664727,NA,NA,NA
3865,3866,REU.4.3_1,REU.2.3_1,0.193927018401972,0.623537939697123,0.429610921295151,2025.0147348616,2025.20866188,NA,NA,NA
5497,5498,REU.3.1_1,REU.4.8_1,0.105778268315552,0.623699259160261,0.517920990844709,2025.10304493115,2025.20882319947,NA,NA,NA
4712,4721,REU.2.3_1,REU.2.3_1,0.105315908909696,0.623726385089614,0.518410476179919,2025.10353441649,2025.2088503254,NA,NA,NA
3543,3544,REU.4.3_1,REU.4.3_1,0.0985941793741922,0.62385625915939,0.525262079785197,2025.11038602009,2025.20898019946,NA,NA,NA
6104,6105,REU.4.5_1,REU.4.5_1,0.000952847183239514,0.624151978057585,0.623199130874345,2025.20832307118,2025.20927591836,NA,NA,NA
5794,5795,REU.2.3_1,REU.2.3_1,0.0676939852780432,0.624197152486312,0.556503167208268,2025.14162710751,2025.20932109279,NA,NA,NA
3959,3962,REU.4.8_1,REU.1.4_1,0.0823333193700736,0.624401542177845,0.542068222807771,2025.12719216311,2025.20952548248,NA,NA,NA
3488,3489,REU.4.3_1,REU.2.3_1,0.14447537299283,0.624407455454277,0.479932082461447,2025.06505602277,2025.20953139576,NA,NA,NA
5078,5079,REU.3.2_1,REU.3.2_1,0.0366724145612842,0.624425717802765,0.58775330324148,2025.17287724355,2025.20954965811,NA,NA,NA
5727,5728,REU.3.1_1,REU.2.3_1,0.0977410888095249,0.624441323413302,0.526700234603777,2025.11182417491,2025.20956526372,NA,NA,NA
6107,6111,REU.4.5_1,REU.2.3_1,0.0649173555445315,0.624467323964725,0.559549968420194,2025.14467390873,2025.20959126427,NA,NA,NA
3507,3508,REU.4.3_1,REU.4.3_1,0.0183729819015663,0.6248518064188,0.606478824517234,2025.19160276482,2025.20997574672,NA,NA,NA
4812,4813,REU.4.3_1,REU.4.6_1,0.0842255186705596,0.624872608523096,0.540647089852536,2025.12577103016,2025.20999654883,NA,NA,NA
4440,4441,REU.4.3_1,REU.4.6_1,0.0731804835287606,0.625116887608325,0.551936404079564,2025.13706034438,2025.21024082791,NA,NA,NA
3851,3853,REU.1.3_1,REU.1.3_1,0.0365712363964321,0.625492152819775,0.588920916423343,2025.17404485673,2025.21061609313,NA,NA,NA
5908,5909,REU.4.8_1,REU.4.8_1,0.0255904010812518,0.62554064183635,0.599950240755099,2025.18507418106,2025.21066458214,NA,NA,NA
4412,700,REU.4.3_1,REU.4.4_1,0.132919447251963,0.625834963804317,0.492915516552354,2025.07803945686,2025.21095890411,CHIKV_RUN_S22b77_2025,55.566667,-21.351024
6112,2056,REU.4.5_1,REU.4.5_1,0.113606154828927,0.625834963804317,0.512228808975389,2025.09735274928,2025.21095890411,CHIKV_RUN_S23b33_2025,55.60637,-21.368868
3893,894,REU.4.3_1,REU.3.2_1,0.104568284613853,0.625834963804317,0.521266679190464,2025.1063906195,2025.21095890411,CHIKV_RUN_S22b36_2025,55.333805,-21.244043
3336,396,REU.2.3_1,REU.2.3_1,0.0887297118665893,0.625834963804317,0.537105251937727,2025.12222919224,2025.21095890411,CHIKV_RUN_S22b83_2025,55.494269,-20.931237
6049,1860,REU.4.8_1,REU.3.4_1,0.0707835456920316,0.625834963804317,0.555051418112285,2025.14017535842,2025.21095890411,CHIKV_RUN_S23b30_2025,55.293321,-21.174399
4838,1428,REU.4.3_1,REU.4.4_1,0.0698711271152244,0.625834963804317,0.555963836689092,2025.14108777699,2025.21095890411,CHIKV_RUN_S22b35_2025,55.555127,-21.369235
4998,47,REU.4.3_1,REU.2.3_1,0.0680758584749754,0.625834963804317,0.557759105329341,2025.14288304563,2025.21095890411,CHIKV_RUN_S22b91_2025,55.493556,-20.903809
4806,873,REU.4.4_1,REU.4.4_1,0.0646514696642221,0.625834963804317,0.561183494140095,2025.14630743445,2025.21095890411,CHIKV_RUN_S22b84_2025,55.575885,-21.368512
5359,3062,REU.2.2_1,REU.2.2_1,0.0576965387748314,0.625834963804317,0.568138425029485,2025.15326236533,2025.21095890411,CHIKV_RUN_S37b67_2025,55.305794,-20.935071
6153,2134,REU.4.5_1,REU.4.5_1,0.0572736190580148,0.625834963804317,0.568561344746302,2025.15368528505,2025.21095890411,CHIKV_RUN_S23b23_2025,55.606155,-21.319362
5677,2298,REU.4.8_1,REU.4.8_1,0.0511256650019195,0.625834963804316,0.574709298802397,2025.15983323911,2025.21095890411,CHIKV_RUN_S23b20_2025,55.466623,-21.336278
5448,2718,REU.4.6_1,REU.4.6_1,0.0479977522536378,0.625834963804316,0.577837211550679,2025.16296115186,2025.21095890411,CHIKV_RUN_S22b41_2025,55.422013,-21.27309
4281,682,REU.4.3_1,REU.4.3_1,0.0451549627282194,0.625834963804317,0.580680001076097,2025.16580394138,2025.21095890411,CHIKV_RUN_S23b28_2025,55.510987,-21.24052
4453,1188,REU.4.8_1,REU.4.8_1,0.0410095669219426,0.625834963804317,0.584825396882374,2025.16994933719,2025.21095890411,CHIKV_RUN_S22b43_2025,55.463335,-21.340704
4716,1014,REU.2.3_1,REU.2.3_1,0.0391632740457433,0.625834963804316,0.586671689758573,2025.17179563006,2025.21095890411,CHIKV_RUN_S22b92_2025,55.451244,-20.891925
3821,1083,REU.4.8_1,REU.4.8_1,0.0388802002524106,0.625834963804317,0.586954763551906,2025.17207870386,2025.21095890411,CHIKV_RUN_S23b25_2025,55.500169,-21.278358
5717,3048,REU.3.1_1,REU.3.2_1,0.0372089421869791,0.625834963804317,0.588626021617338,2025.17374996192,2025.21095890411,CHIKV_RUN_S22b46_2025,55.336202,-21.236034
5484,1817,REU.3.5_1,REU.3.5_1,0.0371003502870008,0.625834963804317,0.588734613517316,2025.17385855382,2025.21095890411,CHIKV_RUN_S21b01_2025,55.31327,-21.036733
4210,332,REU.2.3_1,REU.2.3_1,0.0367602311551098,0.625834963804317,0.589074732649207,2025.17419867295,2025.21095890411,CHIKV_RUN_S22b45_2025,55.448194,-20.892832
5007,12,REU.3.5_1,REU.3.5_1,0.036404373779514,0.625834963804316,0.589430590024802,2025.17455453033,2025.21095890411,CHIKV_RUN_S22b50_2025,55.233382,-21.091761
5768,3042,REU.4.8_1,REU.4.8_1,0.0281032361454934,0.625834963804317,0.597731727658823,2025.18285566796,2025.21095890411,CHIKV_RUN_S23b19_2025,55.49073,-21.34553
3369,513,REU.4.3_1,REU.4.3_1,0.0276143310026948,0.625834963804317,0.598220632801622,2025.18334457311,2025.21095890411,CHIKV_RUN_S23b14_2025,55.515973,-21.272801
5425,2620,REU.3.5_1,REU.3.5_1,0.00641668371799797,0.625834963804317,0.619418280086319,2025.20454222039,2025.21095890411,CHIKV_RUN_S23b32_2025,55.325596,-20.986421
3619,3620,REU.2.3_1,REU.2.3_1,0.0457572036853474,0.626105167149531,0.580347963464183,2025.16547190377,2025.21122910745,NA,NA,NA
3716,3717,REU.3.5_1,REU.3.5_1,0.0192852329919827,0.62634676710337,0.607061534111388,2025.19218547442,2025.21147070741,NA,NA,NA
3677,3678,REU.4.3_1,REU.4.3_1,0.0398146923867669,0.626493151570727,0.58667845918396,2025.17180239949,2025.21161709188,NA,NA,NA
3868,3869,REU.2.3_1,REU.2.3_1,0.0697059956585744,0.626509271114748,0.556803275456174,2025.14192721576,2025.21163321142,NA,NA,NA
4080,4081,REU.4.3_1,REU.4.3_1,0.00509197268290884,0.626676508595035,0.621584535912127,2025.20670847622,2025.2118004489,NA,NA,NA
3405,3406,REU.4.3_1,REU.4.8_1,0.0579188865859114,0.626690417236259,0.568771530650347,2025.15389547096,2025.21181435754,NA,NA,NA
3836,3839,REU.4.8_1,REU.3.5_1,0.125027705419508,0.627072613204965,0.502044907785456,2025.08716884809,2025.21219655351,NA,NA,NA
5877,5878,REU.3.4_1,REU.4.6_1,0.0536245252107111,0.627274201830063,0.573649676619352,2025.15877361692,2025.21239814214,NA,NA,NA
3620,3621,REU.2.3_1,REU.2.3_1,0.00144424845694713,0.627549415606478,0.626105167149531,2025.21122910745,2025.21267335591,NA,NA,NA
3845,3846,REU.2.3_1,REU.2.3_1,0.0478140701092301,0.627595647723,0.579781577613769,2025.16490551792,2025.21271958803,NA,NA,NA
3430,3431,REU.4.3_1,REU.4.3_1,0.0419288092981382,0.62801917488188,0.586090365583742,2025.17121430589,2025.21314311519,NA,NA,NA
5969,5970,REU.2.3_1,REU.4.8_1,0.0785123387638869,0.628072555181891,0.549560216418004,2025.13468415672,2025.21319649549,NA,NA,NA
3305,3306,REU.4.3_1,REU.4.8_1,0.092128588481682,0.628148987229919,0.536020398748237,2025.12114433905,2025.21327292754,NA,NA,NA
3369,3370,REU.4.3_1,REU.3.5_1,0.0299996631374934,0.628220295939115,0.598220632801622,2025.18334457311,2025.21334423624,NA,NA,NA
4310,4311,REU.2.3_1,REU.2.3_1,0.00718635041299542,0.628223081137134,0.621036730724139,2025.20616067103,2025.21334702144,NA,NA,NA
4899,4904,REU.4.5_1,REU.4.5_1,0.17520943520728,0.628237451468346,0.453028016261065,2025.03815195657,2025.21336139177,NA,NA,NA
3988,3989,REU.4.8_1,REU.4.8_1,0.0152177480936649,0.628359874315179,0.613142126221514,2025.19826606653,2025.21348381462,NA,NA,NA
3700,1729,REU.4.3_1,REU.4.8_1,0.173548081088654,0.628574689831674,0.45502660874302,2025.04015054905,2025.21369863014,CHIKV_RUN_S23b87_2025,55.459303,-21.338147
6131,2069,REU.4.5_1,REU.4.5_1,0.104913770542164,0.628574689831674,0.52366091928951,2025.10878485959,2025.21369863014,CHIKV_RUN_S23b64_2025,55.631304,-21.377943
3630,1516,REU.4.3_1,REU.4.2_1,0.0887730574031897,0.628574689831674,0.539801632428484,2025.12492557273,2025.21369863014,CHIKV_RUN_S26b38_2025,55.471311,-21.236192
5840,1929,REU.3.1_1,REU.3.5_1,0.086413269916513,0.628574689831674,0.542161419915161,2025.12728536022,2025.21369863014,CHIKV_RUN_S22b70_2025,55.217447,-21.041226
4376,765,REU.4.6_1,REU.4.6_1,0.085433187911647,0.628574689831674,0.543141501920027,2025.12826544223,2025.21369863014,CHIKV_RUN_S23b29_2025,55.424692,-21.262921
4327,856,REU.4.3_1,REU.4.3_1,0.0762965695987565,0.628574689831674,0.552278120232917,2025.13740206054,2025.21369863014,CHIKV_RUN_S25b12_2025,55.518411,-21.239174
3778,1317,REU.4.3_1,REU.3.5_1,0.0684586148389384,0.628574689831674,0.560116074992736,2025.1452400153,2025.21369863014,CHIKV_RUN_S23b93_2025,55.260696,-21.072808
3946,267,REU.4.3_1,REU.2.1_1,0.0674900338737389,0.628574689831674,0.561084655957935,2025.14620859626,2025.21369863014,CHIKV_RUN_S25b21_2025,55.363102,-20.972407
4140,1928,REU.4.3_1,REU.3.5_1,0.0668192194555867,0.628574689831674,0.561755470376087,2025.14687941068,2025.21369863014,CHIKV_RUN_S23b68_2025,55.265502,-21.027634
3377,533,REU.4.8_1,REU.4.8_1,0.0665469666363524,0.628574689831674,0.562027723195322,2025.1471516635,2025.21369863014,CHIKV_RUN_S25b22_2025,55.481721,-21.28812
5359,3061,REU.2.2_1,REU.2.2_1,0.0604362648021888,0.628574689831674,0.568138425029485,2025.15326236533,2025.21369863014,CHIKV_RUN_S23b88_2025,55.306278,-20.935837
3338,463,REU.4.3_1,REU.4.8_1,0.0581200818212491,0.628574689831674,0.570454608010425,2025.15557854832,2025.21369863014,CHIKV_RUN_S23b83_2025,55.513819,-21.354614
3415,568,REU.3.5_1,REU.3.1_1,0.057673523516263,0.628574689831674,0.570901166315411,2025.15602510662,2025.21369863014,CHIKV_RUN_S25b18_2025,55.381132,-21.264023
3274,424,REU.4.5_1,REU.4.5_1,0.0546590820942615,0.628574689831674,0.573915607737412,2025.15903954804,2025.21369863014,CHIKV_RUN_S23b39_2025,55.631574,-21.373996
4185,330,REU.2.3_1,REU.2.3_1,0.0540275883284963,0.628574689831674,0.574547101503178,2025.15967104181,2025.21369863014,CHIKV_RUN_S23b26_2025,55.456567,-20.885699
4115,1469,REU.4.3_1,REU.4.8_1,0.0539511993148827,0.628574689831674,0.574623490516791,2025.15974743082,2025.21369863014,CHIKV_RUN_S23b76_2025,55.511978,-21.34459
5193,1902,REU.3.4_1,REU.3.4_1,0.0530003891738761,0.628574689831674,0.575574300657798,2025.16069824096,2025.21369863014,CHIKV_RUN_S23b75_2025,55.328133,-21.175727
3657,1532,REU.4.3_1,REU.4.3_1,0.0522994366070751,0.628574689831674,0.576275253224599,2025.16139919353,2025.21369863014,CHIKV_RUN_S23b81_2025,55.520982,-21.259176
3168,2426,REU.3.4_1,REU.3.4_1,0.0521043018734272,0.628574689831674,0.576470387958247,2025.16159432826,2025.21369863014,CHIKV_RUN_S25b20_2025,55.300914,-21.143423
4781,1318,REU.4.8_1,REU.4.8_1,0.0512737164704549,0.628574689831674,0.577300973361219,2025.16242491367,2025.21369863014,CHIKV_RUN_S23b40_2025,55.511703,-21.346504
4852,1320,REU.2.3_1,REU.2.3_1,0.048413337781666,0.628574689831674,0.580161352050008,2025.16528529236,2025.21369863014,CHIKV_RUN_S23b84_2025,55.458542,-20.892529
4825,1614,REU.4.3_1,REU.3.5_1,0.0437433775188015,0.628574689831674,0.584831312312872,2025.16995525262,2025.21369863014,CHIKV_RUN_S25b03_2025,55.254356,-21.069668
4023,1669,REU.4.3_1,REU.1.4_1,0.0387150073464082,0.628574689831674,0.589859682485266,2025.17498362279,2025.21369863014,CHIKV_RUN_S27b33_2025,55.701799,-21.091119
5012,9,REU.3.5_1,REU.2.4_1,0.0369587047147726,0.628574689831674,0.591615985116901,2025.17673992542,2025.21369863014,CHIKV_RUN_S27b34_2025,55.543255,-20.899383
5277,2556,REU.4.3_1,REU.4.8_1,0.0358006353177691,0.628574689831674,0.592774054513905,2025.17789799482,2025.21369863014,CHIKV_RUN_S23b79_2025,55.486291,-21.289026
5653,2181,REU.4.8_1,REU.4.8_1,0.0338924718956787,0.628574689831674,0.594682217935995,2025.17980615824,2025.21369863014,CHIKV_RUN_S23b24_2025,55.49928,-21.292395
4231,657,REU.4.8_1,REU.4.8_1,0.0319502205590663,0.628574689831674,0.596624469272608,2025.18174840958,2025.21369863014,CHIKV_RUN_S23b70_2025,55.476658,-21.336333
6137,2089,REU.4.5_1,REU.4.5_1,0.0281243251137996,0.628574689831674,0.600450364717874,2025.18557430502,2025.21369863014,CHIKV_RUN_S25b15_2025,55.628747,-21.340216
4330,694,REU.4.3_1,REU.4.3_1,0.0278196891613804,0.628574689831674,0.600755000670294,2025.18587894098,2025.21369863014,CHIKV_RUN_S25b14_2025,55.508427,-21.27015
3139,2401,REU.3.4_1,REU.3.4_1,0.0248863462447687,0.628574689831674,0.603688343586905,2025.18881228389,2025.21369863014,CHIKV_RUN_S23b31_2025,55.28805,-21.174843
5958,2884,REU.2.4_1,REU.2.4_1,0.015677855059739,0.628574689831674,0.612896834771935,2025.19802077508,2025.21369863014,CHIKV_RUN_S25b13_2025,55.528115,-20.940848
5104,1833,REU.4.6_1,REU.4.6_1,0.0140617356302675,0.628574689831674,0.614512954201407,2025.19963689451,2025.21369863014,CHIKV_RUN_S23b71_2025,55.433541,-21.273209
4700,995,REU.2.3_1,REU.2.3_1,0.010874141334553,0.628574689831674,0.617700548497121,2025.2028244888,2025.21369863014,CHIKV_RUN_S23b22_2025,55.449395,-20.923345
5425,2621,REU.3.5_1,REU.3.5_1,0.00915640974535536,0.628574689831674,0.619418280086319,2025.20454222039,2025.21369863014,CHIKV_RUN_S23b91_2025,55.325033,-20.986728
6104,2092,REU.4.5_1,REU.4.5_1,0.00537555895732855,0.628574689831674,0.623199130874345,2025.20832307118,2025.21369863014,CHIKV_RUN_S23b21_2025,55.595952,-21.375777
5498,2370,REU.4.8_1,REU.4.8_1,0.00487543067141272,0.628574689831674,0.623699259160261,2025.20882319947,2025.21369863014,CHIKV_RUN_S23b78_2025,55.50099,-21.279748
3894,3895,REU.3.5_1,REU.3.5_1,0.0382917706624033,0.628608195977865,0.590316425315462,2025.17544036562,2025.21373213628,NA,NA,NA
5287,5288,REU.4.8_1,REU.4.8_1,0.0420541370580165,0.628734799833886,0.58668066277587,2025.17180460308,2025.21385874014,NA,NA,NA
4947,4948,REU.4.5_1,REU.4.5_1,0.0288106111834601,0.629083673583794,0.600273062400334,2025.18539700271,2025.21420761389,NA,NA,NA
3315,3316,REU.4.3_1,REU.2.3_1,0.0176915367317079,0.629549418235355,0.611857881503647,2025.19698182181,2025.21467335854,NA,NA,NA
4456,4457,REU.4.8_1,REU.4.8_1,0.0136336632334056,0.629690609580173,0.616056946346767,2025.20118088665,2025.21481454989,NA,NA,NA
4987,4988,REU.2.3_1,REU.2.3_1,0.0179969795223016,0.629699617874201,0.6117026383519,2025.19682657866,2025.21482355818,NA,NA,NA
4572,4573,REU.4.4_1,REU.4.8_1,0.0239487510408585,0.62991223863027,0.605963487589411,2025.1910874279,2025.21503617894,NA,NA,NA
5815,5817,REU.2.3_1,REU.2.3_1,0.0835682657584401,0.630157054111572,0.546588788353132,2025.13171272866,2025.21528099442,NA,NA,NA
4139,4142,REU.4.3_1,REU.4.8_1,0.083487937990609,0.630200498777773,0.546712560787163,2025.13183650109,2025.21532443908,NA,NA,NA
3551,3552,REU.4.3_1,REU.2.3_1,0.0524551000482679,0.630206689540907,0.577751589492639,2025.1628755298,2025.21533062985,NA,NA,NA
5165,5166,REU.2.2_1,REU.2.2_1,0.0104910948294146,0.630277966930345,0.61978687210093,2025.20491081241,2025.21540190724,NA,NA,NA
3849,3850,REU.2.3_1,REU.2.3_1,0.0252281512928801,0.630370314272645,0.605142162979765,2025.19026610329,2025.21549425458,NA,NA,NA
4717,4718,REU.2.3_1,REU.2.3_1,0.0262712836308245,0.630412479009628,0.604141195378803,2025.18926513568,2025.21553641931,NA,NA,NA
4255,4257,REU.4.8_1,REU.3.5_1,0.068222278037005,0.630496454476737,0.562274176439732,2025.14739811675,2025.21562039478,NA,NA,NA
5395,5399,REU.4.6_1,REU.4.6_1,0.134304048463722,0.630513514589533,0.496209466125812,2025.08133340643,2025.2156374549,NA,NA,NA
3410,3411,REU.4.3_1,REU.4.8_1,0.0556136353447034,0.630514721297476,0.574901085952772,2025.16002502626,2025.2156386616,NA,NA,NA
4481,4483,REU.4.8_1,REU.4.8_1,0.0130625169753367,0.630908191416828,0.617845674441491,2025.20296961475,2025.21603213172,NA,NA,NA
5119,5120,REU.2.3_1,REU.2.3_1,0.0876741023941607,0.630918719449914,0.543244617055753,2025.12836855736,2025.21604265976,NA,NA,NA
3391,3393,REU.4.3_1,REU.4.8_1,0.0578505957388075,0.630924436196868,0.57307384045806,2025.15819778076,2025.2160483765,NA,NA,NA
3671,3672,REU.4.3_1,REU.4.3_1,0.00989067666544463,0.631066705780787,0.621176029115342,2025.20629996942,2025.21619064609,NA,NA,NA
3166,3167,REU.3.4_1,REU.4.6_1,0.0691091067804868,0.631094487760808,0.561985380980321,2025.14710932129,2025.21621842807,NA,NA,NA
3431,3432,REU.4.3_1,REU.4.3_1,0.00308472495679857,0.631103899838679,0.62801917488188,2025.21314311519,2025.21622784014,NA,NA,NA
5024,5025,REU.4.8_1,REU.4.8_1,0.0248488619946203,0.631198075975307,0.606349213980687,2025.19147315429,2025.21632201628,NA,NA,NA
5168,3077,REU.4.6_1,REU.4.6_1,0.2127226403884,0.631314415859031,0.418591775470632,2025.00371571578,2025.21643835616,CHIKV_RUN_S25b49_2025,55.443077,-21.228099
4012,1654,REU.4.3_1,REU.3.5_1,0.180713448333819,0.631314415859031,0.450600967525213,2025.03572490783,2025.21643835616,CHIKV_RUN_S23b94_2025,55.328573,-20.983875
5343,2270,REU.4.3_1,REU.4.4_1,0.163275196593807,0.631314415859031,0.468039219265225,2025.05316315957,2025.21643835616,CHIKV_RUN_S23b89_2025,55.534402,-21.360321
4674,125,REU.3.5_1,REU.2.1_1,0.152397608663332,0.631314415859031,0.478916807195699,2025.0640407475,2025.21643835616,CHIKV_RUN_S23b95_2025,55.363033,-20.92692
3688,257,REU.4.8_1,REU.4.8_1,0.106558961698949,0.631314415859031,0.524755454160082,2025.10987939447,2025.21643835616,CHIKV_RUN_S25b17_2025,55.462813,-21.340556
3329,386,REU.4.3_1,REU.2.5_1,0.09870094525566,0.631314415859031,0.532613470603371,2025.11773741091,2025.21643835616,CHIKV_RUN_S23b69_2025,55.580175,-20.925672
3254,1705,REU.4.3_1,REU.4.3_1,0.0969301382090159,0.631314415859031,0.534384277650016,2025.11950821796,2025.21643835616,CHIKV_RUN_S23b86_2025,55.526244,-21.266649
6106,2104,REU.4.5_1,REU.4.5_1,0.0776107130461753,0.631314415859031,0.553703702812856,2025.13882764312,2025.21643835616,CHIKV_RUN_S23b74_2025,55.630497,-21.335311
6118,2103,REU.4.5_1,REU.4.5_1,0.0769987656172562,0.631314415859031,0.554315650241775,2025.13943959055,2025.21643835616,CHIKV_RUN_S23b67_2025,55.634066,-21.338862
5938,2889,REU.2.3_1,REU.2.4_1,0.0682626384907898,0.631314415859031,0.563051777368241,2025.14817571767,2025.21643835616,CHIKV_RUN_S25b10_2025,55.52827,-20.947371
3759,966,REU.4.8_1,REU.2.1_1,0.0657103500560825,0.631314415859031,0.565604065802949,2025.15072800611,2025.21643835616,CHIKV_RUN_S23b90_2025,55.362962,-20.926828
3881,301,REU.3.5_1,REU.4.3_1,0.0647465210319995,0.631314415859031,0.566567894827032,2025.15169183513,2025.21643835616,CHIKV_RUN_S25b54_2025,55.58237,-21.195928
5990,2914,REU.2.3_1,REU.2.3_1,0.059242402960025,0.631314415859031,0.572072012899006,2025.1571959532,2025.21643835616,CHIKV_RUN_S37b46_2025,55.511459,-20.9144
3185,2416,REU.4.6_1,REU.4.3_1,0.0588642002532563,0.631314415859031,0.572450215605775,2025.15757415591,2025.21643835616,CHIKV_RUN_S25b57_2025,55.501097,-21.241002
4083,1109,REU.4.3_1,REU.4.3_1,0.0575770881938337,0.631314415859031,0.573737327665198,2025.15886126797,2025.21643835616,CHIKV_RUN_S25b50_2025,55.498923,-21.266336
4743,973,REU.2.3_1,REU.2.3_1,0.0574203581121858,0.631314415859031,0.573894057746846,2025.15901799805,2025.21643835616,CHIKV_RUN_S23b82_2025,55.444657,-20.909177
3618,66,REU.2.1_1,REU.2.1_1,0.0533127182668989,0.631314415859032,0.578001697592133,2025.1631256379,2025.21643835616,CHIKV_RUN_S23b65_2025,55.326362,-20.962809
3566,1322,REU.4.8_1,REU.1.2_1,0.0486330169494584,0.631314415859031,0.582681398909573,2025.16780533921,2025.21643835616,CHIKV_RUN_S37b70_2025,55.620453,-21.141821
3708,2007,REU.4.8_1,REU.3.3_1,0.0461155674629076,0.631314415859031,0.585198848396124,2025.1703227887,2025.21643835616,CHIKV_RUN_S26b53_2025,55.29332,-21.107328
5116,1965,REU.2.3_1,REU.2.3_1,0.045183195815909,0.631314415859031,0.586131220043122,2025.17125516035,2025.21643835616,CHIKV_RUN_S25b25_2025,55.494331,-20.923056
3471,376,REU.4.8_1,REU.4.6_1,0.0425744602952698,0.631314415859031,0.588739955563762,2025.17386389587,2025.21643835616,CHIKV_RUN_S25b51_2025,55.442111,-21.264903
6147,2047,REU.4.5_1,REU.4.8_1,0.033955461927804,0.631314415859031,0.597358953931227,2025.18248289424,2025.21643835616,CHIKV_RUN_S25b94_2025,55.4769,-21.325136
5560,2781,REU.4.8_1,REU.4.8_1,0.0333871103509631,0.631314415859031,0.597927305508068,2025.18305124581,2025.21643835616,CHIKV_RUN_S25b59_2025,55.528361,-21.361158
5011,13,REU.3.5_1,REU.3.5_1,0.0333246267899585,0.631314415859031,0.597989789069073,2025.18311372937,2025.21643835616,CHIKV_RUN_S26b67_2025,55.279187,-21.000825
4458,1190,REU.4.8_1,REU.4.1_1,0.0325901444253556,0.631314415859031,0.598724271433676,2025.18384821174,2025.21643835616,CHIKV_RUN_S37b66_2025,55.468491,-21.13467
5052,2033,REU.3.1_1,REU.4.8_1,0.0302236350616591,0.631314415859031,0.601090780797372,2025.1862147211,2025.21643835616,CHIKV_RUN_S23b72_2025,55.497033,-21.300588
4746,984,REU.2.3_1,REU.2.3_1,0.0234145756938577,0.631314415859031,0.607899840165174,2025.19302378047,2025.21643835616,CHIKV_RUN_S25b26_2025,55.446619,-20.892493
4256,738,REU.4.8_1,REU.1.4_1,0.0225708501706727,0.631314415859031,0.608743565688359,2025.19386750599,2025.21643835616,CHIKV_RUN_S27b24_2025,55.720051,-21.03744
6010,2199,REU.4.3_1,REU.4.2_1,0.0151116952475219,0.631314415859031,0.61620272061151,2025.20132666092,2025.21643835616,CHIKV_RUN_S37b59_2025,55.47131,-21.245131
3620,74,REU.2.3_1,REU.2.3_1,0.00520924870950079,0.631314415859031,0.626105167149531,2025.21122910745,2025.21643835616,CHIKV_RUN_S23b66_2025,55.443217,-20.881325
3717,1563,REU.3.5_1,REU.3.5_1,0.0049676487556608,0.631314415859031,0.62634676710337,2025.21147070741,2025.21643835616,CHIKV_RUN_S26b70_2025,55.269004,-21.072926
5817,1951,REU.2.3_1,REU.2.3_1,0.00115736174745917,0.631314415859031,0.630157054111572,2025.21528099442,2025.21643835616,CHIKV_RUN_S23b56_2025,55.427947,-20.891879
3552,1402,REU.2.3_1,REU.2.3_1,0.00110772631812461,0.631314415859031,0.630206689540907,2025.21533062985,2025.21643835616,CHIKV_RUN_S25b34_2025,55.471893,-20.928755
3850,1150,REU.2.3_1,REU.2.3_1,0.000944101586386692,0.631314415859032,0.630370314272645,2025.21549425458,2025.21643835616,CHIKV_RUN_S25b41_2025,55.479901,-20.887527
4481,4482,REU.4.8_1,REU.4.8_1,0.0137160046331807,0.631561679074672,0.617845674441491,2025.20296961475,2025.21668561938,NA,NA,NA
4651,4652,REU.3.5_1,REU.3.5_1,0.0756037120483853,0.631603990954965,0.55600027890658,2025.14112421921,2025.21672793126,NA,NA,NA
3128,3129,REU.3.4_1,REU.3.4_1,0.0159956422837608,0.631953616063278,0.615957973779518,2025.20108191408,2025.21707755637,NA,NA,NA
4998,4999,REU.4.3_1,REU.4.3_1,0.074265879869144,0.632024985198485,0.557759105329341,2025.14288304563,2025.2171489255,NA,NA,NA
3859,3861,REU.2.3_1,REU.2.3_1,0.0814237883641156,0.632479798507008,0.551056010142893,2025.13617995045,2025.21760373881,NA,NA,NA
5185,5190,REU.3.4_1,REU.3.4_1,0.109153807173169,0.632743250700644,0.523589443527475,2025.10871338383,2025.21786719101,NA,NA,NA
5408,5409,REU.3.1_1,REU.4.5_1,0.260551217220893,0.632752614854242,0.372201397633349,2024.95732533794,2025.21787655516,NA,NA,NA
5288,5289,REU.4.8_1,REU.4.8_1,0.00459803570083983,0.633332835534726,0.628734799833886,2025.21385874014,2025.21845677584,NA,NA,NA
5782,5783,REU.3.5_1,REU.3.5_1,0.0273314807403838,0.633405109149187,0.606073628408804,2025.19119756871,2025.21852904945,NA,NA,NA
6022,6023,REU.4.8_1,REU.4.8_1,0.0250304357669902,0.633414113199112,0.608383677432122,2025.19350761774,2025.2185380535,NA,NA,NA
4249,4250,REU.4.3_1,REU.4.3_1,0.0413539933477236,0.633660205329552,0.592306211981829,2025.17743015229,2025.21878414564,NA,NA,NA
5789,5790,REU.2.3_1,REU.2.3_1,0.112956212789299,0.633777673272687,0.520821460483388,2025.10594540079,2025.21890161358,NA,NA,NA
4058,4059,REU.4.3_1,REU.4.3_1,0.117745500199343,0.633858770949024,0.516113270749681,2025.10123721106,2025.21898271125,NA,NA,NA
6178,6179,REU.4.8_1,REU.4.8_1,0.0671946602325266,0.633889943611792,0.566695283379265,2025.15181922368,2025.21901388392,NA,NA,NA
5436,5437,REU.3.1_1,REU.3.4_1,0.127134527596434,0.633956621242672,0.506822093646238,2025.09194603395,2025.21908056155,NA,NA,NA
5169,3076,REU.4.6_1,REU.4.6_1,0.142658734733891,0.634054141886389,0.491395407152497,2025.07651934746,2025.21917808219,CHIKV_RUN_S25b33_2025,55.431587,-21.282575
4360,2771,REU.4.8_1,REU.3.2_1,0.125476360085094,0.634054141886389,0.508577781801294,2025.09370172211,2025.21917808219,CHIKV_RUN_S37b94_2025,55.337215,-21.235777
5339,2247,REU.4.3_1,REU.4.3_1,0.121879250988123,0.634054141886389,0.512174890898266,2025.0972988312,2025.21917808219,CHIKV_RUN_S25b07_2025,55.49481,-21.249115
4357,644,REU.4.8_1,REU.4.3_1,0.117743985848754,0.634054141886389,0.516310156037635,2025.10143409634,2025.21917808219,CHIKV_RUN_S37b95_2025,55.522786,-21.279213
5205,1918,REU.4.6_1,REU.4.6_1,0.113369648383763,0.634054141886389,0.520684493502626,2025.10580843381,2025.21917808219,CHIKV_RUN_S25b52_2025,55.402687,-21.27616
4649,155,REU.3.5_1,REU.4.3_1,0.112341659732293,0.634054141886389,0.521712482154096,2025.10683642246,2025.21917808219,CHIKV_RUN_S25b55_2025,55.518657,-21.24777
3268,459,REU.4.3_1,REU.2.3_1,0.107827445021936,0.634054141886389,0.526226696864453,2025.11135063717,2025.21917808219,CHIKV_RUN_S25b62_2025,55.422782,-20.887109
5913,2940,REU.3.4_1,REU.3.4_1,0.101695296817377,0.634054141886389,0.532358845069011,2025.11748278537,2025.21917808219,CHIKV_RUN_S37b50_2025,55.295193,-21.172055
4757,1748,REU.4.8_1,REU.4.5_1,0.0992679832603362,0.634054141886389,0.534786158626053,2025.11991009893,2025.21917808219,CHIKV_RUN_S37b58_2025,55.630496,-21.350412
5612,2573,REU.3.4_1,REU.3.4_1,0.0942564616418196,0.634054141886389,0.539797680244569,2025.12492162055,2025.21917808219,CHIKV_RUN_S25b06_2025,55.306494,-21.171758
3910,1472,REU.4.3_1,REU.3.5_1,0.0936369800072833,0.634054141886389,0.540417161879105,2025.12554110218,2025.21917808219,CHIKV_RUN_S37b45_2025,55.272836,-21.028117
4355,646,REU.4.8_1,REU.4.5_1,0.0908342134650981,0.634054141886389,0.543219928421291,2025.12834386873,2025.21917808219,CHIKV_RUN_S25b40_2025,55.681644,-21.372669
5569,2774,REU.4.3_1,REU.4.8_1,0.0895498338034948,0.634054141886389,0.544504308082894,2025.12962824839,2025.21917808219,CHIKV_RUN_S25b43_2025,55.504027,-21.283307
3221,2595,REU.4.5_1,REU.4.5_1,0.0804802971099297,0.634054141886389,0.553573844776459,2025.13869778508,2025.21917808219,CHIKV_RUN_S25b05_2025,55.626163,-21.380004
4673,131,REU.2.3_1,REU.2.3_1,0.0754908492945339,0.634054141886389,0.558563292591855,2025.1436872329,2025.21917808219,CHIKV_RUN_S25b45_2025,55.476658,-20.910063
4668,161,REU.3.5_1,REU.3.5_1,0.0725813900211394,0.634054141886389,0.561472751865249,2025.14659669217,2025.21917808219,CHIKV_RUN_S26b71_2025,55.274134,-21.097607
3578,1066,REU.2.2_1,REU.2.2_1,0.0717323579223024,0.634054141886389,0.562321783964086,2025.14744572427,2025.21917808219,CHIKV_RUN_S25b91_2025,55.298792,-20.944566
6190,2816,REU.3.3_1,REU.3.3_1,0.0680247840444679,0.634054141886389,0.566029357841921,2025.15115329815,2025.21917808219,CHIKV_RUN_S26b68_2025,55.294419,-21.109941
4163,1060,REU.4.3_1,REU.4.3_1,0.0673720778658422,0.634054141886389,0.566682064020547,2025.15180600433,2025.21917808219,CHIKV_RUN_S26b40_2025,55.514178,-21.287805
3189,2472,REU.4.6_1,REU.4.6_1,0.0594843556398637,0.634054141886389,0.574569786246525,2025.15969372655,2025.21917808219,CHIKV_RUN_S25b47_2025,55.425257,-21.251648
4382,863,REU.4.3_1,REU.4.3_1,0.0550674736444616,0.634054141886389,0.578986668241927,2025.16411060855,2025.21917808219,CHIKV_RUN_S25b36_2025,55.536158,-21.251143
4683,120,REU.3.4_1,REU.3.5_1,0.0512150058551716,0.634054141886389,0.582839136031217,2025.16796307634,2025.21917808219,CHIKV_RUN_S26b79_2025,55.269583,-21.081796
4521,1328,REU.3.5_1,REU.3.5_1,0.0505984271878801,0.634054141886389,0.583455714698509,2025.168579655,2025.21917808219,CHIKV_RUN_S25b85_2025,55.30305,-20.97523
4926,231,REU.4.8_1,REU.3.1_1,0.0503332303730619,0.634054141886389,0.583720911513327,2025.16884485182,2025.21917808219,CHIKV_RUN_S25b02_2025,55.368663,-21.269053
4707,975,REU.2.3_1,REU.3.5_1,0.0496177416574564,0.634054141886389,0.584436400228932,2025.16956034053,2025.21917808219,CHIKV_RUN_S25b92_2025,55.33505,-20.988161
3679,1527,REU.4.3_1,REU.4.8_1,0.0454301555904568,0.634054141886389,0.588623986295932,2025.1737479266,2025.21917808219,CHIKV_RUN_S25b58_2025,55.449845,-21.279545
5108,2326,REU.4.8_1,REU.3.4_1,0.0452257779215879,0.634054141886389,0.588828363964801,2025.17395230427,2025.21917808219,CHIKV_RUN_S25b56_2025,55.306083,-21.170365
3537,1058,REU.4.3_1,REU.3.5_1,0.0438586766552015,0.634054141886389,0.590195465231187,2025.17531940554,2025.21917808219,CHIKV_RUN_S26b72_2025,55.291374,-21.056847
3145,2447,REU.2.3_1,REU.2.3_1,0.0343222958999274,0.634054141886389,0.599731845986461,2025.18485578629,2025.21917808219,CHIKV_RUN_S25b42_2025,55.437121,-20.923859
6212,2834,REU.2.1_1,REU.2.1_1,0.0333266736009026,0.634054141886389,0.600727468285486,2025.18585140859,2025.21917808219,CHIKV_RUN_S26b52_2025,55.360738,-20.928698
4499,1386,REU.4.3_1,REU.4.8_1,0.0293446532203706,0.634054141886389,0.604709488666018,2025.18983342897,2025.21917808219,CHIKV_RUN_S25b38_2025,55.487389,-21.343426
4746,985,REU.2.3_1,REU.2.3_1,0.0261543017212151,0.634054141886389,0.607899840165174,2025.19302378047,2025.21917808219,CHIKV_RUN_S25b32_2025,55.446619,-20.892493
4895,171,REU.4.5_1,REU.4.5_1,0.0226678933207031,0.634054141886389,0.611386248565686,2025.19651018887,2025.21917808219,CHIKV_RUN_S25b46_2025,55.674098,-21.369765
4468,306,REU.2.3_1,REU.4.6_1,0.0209897292246197,0.634054141886389,0.613064412661769,2025.19818835297,2025.21917808219,CHIKV_RUN_S25b44_2025,55.41317,-21.282904
4831,268,REU.2.3_1,REU.2.3_1,0.0197362905172159,0.634054141886389,0.614317851369173,2025.19944179167,2025.21917808219,CHIKV_RUN_S26b49_2025,55.507989,-20.900881
4701,1000,REU.2.3_1,REU.2.3_1,0.0194462110336271,0.634054141886389,0.614607930852762,2025.19973187116,2025.21917808219,CHIKV_RUN_S25b16_2025,55.449303,-20.893581
5906,2956,REU.3.4_1,REU.3.4_1,0.0177668781200058,0.634054141886389,0.616287263766383,2025.20141120407,2025.21917808219,CHIKV_RUN_S26b56_2025,55.300367,-21.196644
6100,2109,REU.4.5_1,REU.4.8_1,0.012075378718383,0.634054141886389,0.621978763168006,2025.20710270347,2025.21917808219,CHIKV_RUN_S25b35_2025,55.473411,-21.338959
5795,2536,REU.2.3_1,REU.2.3_1,0.00985698940007695,0.634054141886389,0.624197152486312,2025.20932109279,2025.21917808219,CHIKV_RUN_S25b09_2025,55.456964,-20.906856
3895,1296,REU.3.5_1,REU.3.5_1,0.00544594590852332,0.634054141886389,0.628608195977865,2025.21373213628,2025.21917808219,CHIKV_RUN_S25b78_2025,55.288407,-21.020774
4890,4891,REU.4.5_1,REU.4.5_1,0.102459522340475,0.634081056321805,0.53162153398133,2025.11674547429,2025.21920499663,NA,NA,NA
6132,6133,REU.3.4_1,REU.3.4_1,0.0796960386789889,0.634284343745984,0.554588305066996,2025.13971224537,2025.21940828405,NA,NA,NA
4299,4300,REU.4.3_1,REU.4.3_1,0.126328562490054,0.634409835681112,0.508081273191058,2025.0932052135,2025.21953377599,NA,NA,NA
4635,4636,REU.4.8_1,REU.2.3_1,0.0940699415694508,0.634685803393183,0.540615861823732,2025.12573980213,2025.2198097437,NA,NA,NA
4663,4664,REU.3.5_1,REU.3.5_1,0.0911179602366141,0.634838185625214,0.5437202253886,2025.12884416569,2025.21996212593,NA,NA,NA
5888,5889,REU.4.6_1,REU.4.6_1,0.104837281888988,0.634899820568373,0.530062538679385,2025.11518647898,2025.22002376087,NA,NA,NA
5120,5121,REU.2.3_1,REU.2.3_1,0.00502336019998006,0.635942079649894,0.630918719449914,2025.21604265976,2025.22106601996,NA,NA,NA
6098,6099,REU.4.5_1,REU.4.5_1,0.0263135976981725,0.635949437863474,0.609635840165302,2025.19475978047,2025.22107337817,NA,NA,NA
5415,5416,REU.4.3_1,REU.4.3_1,0.0985739194174315,0.636130111152968,0.537556191735536,2025.12268013204,2025.22125405146,NA,NA,NA
4563,4564,REU.4.5_1,REU.4.5_1,0.0731546811327396,0.636193103417522,0.563038422284782,2025.14816236259,2025.22131704372,NA,NA,NA
3839,3840,REU.3.5_1,REU.3.5_1,0.00917485167004339,0.636247464875008,0.627072613204965,2025.21219655351,2025.22137140518,NA,NA,NA
4768,4769,REU.4.8_1,REU.4.8_1,0.015850941439467,0.636290717606123,0.620439776166656,2025.20556371647,2025.22141465791,NA,NA,NA
5207,5208,REU.3.1_1,REU.4.8_1,0.128109529838217,0.636379966700496,0.508270436862279,2025.09339437717,2025.22150390701,NA,NA,NA
3661,1486,REU.4.3_1,REU.4.3_1,0.135182418860031,0.636793867913746,0.501611449053715,2025.08673538936,2025.22191780822,CHIKV_RUN_S25b80_2025,55.499176,-21.245505
6124,2064,REU.4.5_1,REU.4.5_1,0.132698523213961,0.636793867913746,0.504095344699785,2025.089219285,2025.22191780822,CHIKV_RUN_S25b76_2025,55.667801,-21.339823
3681,1492,REU.4.3_1,REU.4.3_1,0.121966226087485,0.636793867913746,0.514827641826261,2025.09995158213,2025.22191780822,CHIKV_RUN_S25b66_2025,55.496971,-21.264595
5283,2559,REU.4.3_1,REU.4.8_1,0.121772073103775,0.636793867913746,0.515021794809971,2025.10014573512,2025.22191780822,CHIKV_RUN_S25b08_2025,55.488834,-21.299361
5667,2845,REU.4.3_1,REU.4.8_1,0.113919416114171,0.636793867913746,0.522874451799575,2025.1079983921,2025.22191780822,CHIKV_RUN_S26b36_2025,55.432868,-21.287523
3785,1471,REU.4.3_1,REU.1.1_1,0.101619834218157,0.636793867913746,0.535174033695589,2025.120297974,2025.22191780822,CHIKV_RUN_S27b36_2025,55.663288,-21.005369
3676,1538,REU.4.3_1,REU.4.3_1,0.101191316392229,0.636793867913746,0.535602551521517,2025.12072649183,2025.22191780822,CHIKV_RUN_S25b60_2025,55.501327,-21.264938
5506,2163,REU.4.6_1,REU.4.3_1,0.0984705195412243,0.636793867913746,0.538323348372522,2025.12344728868,2025.22191780822,CHIKV_RUN_S25b77_2025,55.525044,-21.237499
3428,529,REU.2.3_1,REU.4.8_1,0.0842575083988056,0.636793867913746,0.55253635951494,2025.13766029982,2025.22191780822,CHIKV_RUN_S25b63_2025,55.485962,-21.277645
5879,2985,REU.3.4_1,REU.3.4_1,0.0818267419429265,0.636793867913746,0.55496712597082,2025.14009106628,2025.22191780822,CHIKV_RUN_S25b89_2025,55.298917,-21.17404
3273,419,REU.4.5_1,REU.4.3_1,0.0793310754895842,0.636793867913746,0.557462792424162,2025.14258673273,2025.22191780822,CHIKV_RUN_S25b24_2025,55.522242,-21.293527
4943,214,REU.4.5_1,REU.4.4_1,0.0711915248939321,0.636793867913746,0.565602343019814,2025.15072628333,2025.22191780822,CHIKV_RUN_S26b54_2025,55.575482,-21.352585
4279,685,REU.4.3_1,REU.2.3_1,0.0648360158211647,0.636793867913746,0.571957852092581,2025.1570817924,2025.22191780822,CHIKV_RUN_S25b31_2025,55.471828,-20.925936
5991,2912,REU.2.3_1,REU.2.3_1,0.0612408480426383,0.636793867913746,0.575553019871108,2025.16067696018,2025.22191780822,CHIKV_RUN_S25b29_2025,55.505747,-20.910464
5697,2797,REU.3.1_1,REU.3.1_1,0.056330538727653,0.636793867913746,0.580463329186093,2025.16558726949,2025.22191780822,CHIKV_RUN_S25b65_2025,55.360735,-21.261353
4404,794,REU.4.8_1,REU.3.1_1,0.0550964070568951,0.636793867913746,0.581697460856851,2025.16682140116,2025.22191780822,CHIKV_RUN_S25b04_2025,55.337037,-21.274744
5132,1277,REU.4.4_1,REU.4.4_1,0.0470651475233727,0.636793867913746,0.589728720390374,2025.1748526607,2025.22191780822,CHIKV_RUN_S25b70_2025,55.560686,-21.331171
4213,339,REU.2.3_1,REU.2.3_1,0.0369832610903709,0.636793867913746,0.599810606823375,2025.18493454713,2025.22191780822,CHIKV_RUN_S25b81_2025,55.448275,-20.89179
5344,2289,REU.4.8_1,REU.4.8_1,0.0369008978939676,0.636793867913746,0.599892970019779,2025.18501691033,2025.22191780822,CHIKV_RUN_S25b72_2025,55.488696,-21.346733
5382,1886,REU.3.5_1,REU.3.5_1,0.0343474189260755,0.636793867913746,0.602446448987671,2025.18757038929,2025.22191780822,CHIKV_RUN_S26b73_2025,55.26715,-21.010664
6152,2132,REU.4.5_1,REU.4.5_1,0.0329479050976009,0.636793867913746,0.603845962816145,2025.18896990312,2025.22191780822,CHIKV_RUN_S25b67_2025,55.612957,-21.352924
6213,2810,REU.4.8_1,REU.3.2_1,0.0265160285499303,0.636793867913746,0.610277839363816,2025.19540177967,2025.22191780822,CHIKV_RUN_S25b64_2025,55.346655,-21.221961
4174,1712,REU.2.5_1,REU.2.5_1,0.02052192685665,0.636793867913746,0.616271941057096,2025.20139588136,2025.22191780822,CHIKV_RUN_S25b30_2025,55.634094,-20.935079
3442,437,REU.4.8_1,REU.4.8_1,0.0198920434326562,0.636793867913746,0.61690182448109,2025.20202576479,2025.22191780822,CHIKV_RUN_S25b69_2025,55.540109,-21.319528
3950,3956,REU.4.8_1,REU.4.8_1,0.0912138057210176,0.637277251999931,0.546063446278913,2025.13118738658,2025.22240119231,NA,NA,NA
5565,5566,REU.4.3_1,REU.4.8_1,0.123130986043009,0.637572176929074,0.514441190886064,2025.09956513119,2025.22269611723,NA,NA,NA
3498,3499,REU.1.4_1,REU.1.4_1,0.0350917425278416,0.637576949599074,0.602485207071232,2025.18760914738,2025.2227008899,NA,NA,NA
5109,5110,REU.4.3_1,REU.4.8_1,0.0847024903441496,0.637804314545888,0.553101824201739,2025.13822576451,2025.22292825485,NA,NA,NA
5870,5871,REU.4.6_1,REU.3.5_1,0.0496073274245911,0.638942928811702,0.589335601387111,2025.17445954169,2025.22406686912,NA,NA,NA
4059,4060,REU.4.3_1,REU.4.3_1,0.00510388223101488,0.638962653180039,0.633858770949024,2025.21898271125,2025.22408659349,NA,NA,NA
5940,5941,REU.2.3_1,REU.2.3_1,0.0756322787108262,0.639123640210381,0.563491361499555,2025.1486153018,2025.22424758052,NA,NA,NA
5739,5752,REU.2.5_1,REU.2.5_1,0.222884888858892,0.639178725256453,0.416293836397561,2025.0014177767,2025.22430266556,NA,NA,NA
4857,4858,REU.4.8_1,REU.4.8_1,0.0798408946321688,0.639281653545319,0.55944075891315,2025.14456469922,2025.22440559385,NA,NA,NA
6201,6202,REU.4.3_1,REU.2.3_1,0.0489575645252924,0.639292283656092,0.590334719130799,2025.17545865944,2025.22441622396,NA,NA,NA
4016,4018,REU.4.4_1,REU.4.4_1,0.132776093512083,0.639342081553186,0.506565988041103,2025.09168992835,2025.22446602186,NA,NA,NA
4866,4867,REU.4.8_1,REU.4.8_1,0.073376588009522,0.639423564347018,0.566046976337496,2025.15117091664,2025.22454750465,NA,NA,NA
3859,3860,REU.2.3_1,REU.1.1_1,0.0884626786895324,0.639518688832425,0.551056010142893,2025.13617995045,2025.22464262914,NA,NA,NA
4908,243,REU.4.5_1,REU.4.7_1,0.198330719493966,0.639533593941104,0.441202874447137,2025.02632681475,2025.22465753425,CHIKV_RUN_S26b55_2025,55.715351,-21.370847
4807,109,REU.4.3_1,REU.4.4_1,0.193085756916802,0.639533593941104,0.446447837024301,2025.03157177733,2025.22465753425,CHIKV_RUN_S26b51_2025,55.57028,-21.35237
3379,571,REU.4.3_1,REU.4.4_1,0.167652950583021,0.639533593941104,0.471880643358083,2025.05700458366,2025.22465753425,CHIKV_RUN_S27b16_2025,55.567447,-21.33182
5504,2476,REU.3.1_1,REU.2.3_1,0.1604299073646,0.639533593941104,0.479103686576503,2025.06422762688,2025.22465753425,CHIKV_RUN_S26b74_2025,55.428183,-20.888875
4535,1261,REU.4.8_1,REU.4.4_1,0.155177687609143,0.639533593941104,0.484355906331961,2025.06947984664,2025.22465753425,CHIKV_RUN_S26b64_2025,55.561979,-21.353095
6130,2061,REU.4.5_1,REU.2.3_1,0.140130331197706,0.639533593941104,0.499403262743398,2025.08452720305,2025.22465753425,CHIKV_RUN_S25b75_2025,55.489422,-20.897404
3681,1519,REU.4.3_1,REU.4.6_1,0.124705952114843,0.639533593941104,0.514827641826261,2025.09995158213,2025.22465753425,CHIKV_RUN_S27b19_2025,55.427432,-21.251684
3178,2422,REU.3.4_1,REU.3.4_1,0.121695092540314,0.639533593941104,0.517838501400789,2025.10296244171,2025.22465753425,CHIKV_RUN_S28b28_2025,55.314656,-21.222838
4877,175,REU.4.7_1,REU.4.8_1,0.121178893902139,0.639533593941104,0.518354700038965,2025.10347864034,2025.22465753425,CHIKV_RUN_S26b77_2025,55.497748,-21.275272
5420,1866,REU.4.8_1,REU.2.3_1,0.11915149000177,0.639533593941104,0.520382103939333,2025.10550604424,2025.22465753425,CHIKV_RUN_S26b60_2025,55.467591,-20.887409
3655,1534,REU.4.3_1,REU.4.8_1,0.117761677117068,0.639533593941104,0.521771916824036,2025.10689585713,2025.22465753425,CHIKV_RUN_S25b84_2025,55.481382,-21.286126
5295,1863,REU.4.6_1,REU.4.6_1,0.116372507853997,0.639533593941104,0.523161086087106,2025.10828502639,2025.22465753425,CHIKV_RUN_S25b73_2025,55.405223,-21.27357
3365,514,REU.4.3_1,REU.4.3_1,0.112455825823574,0.639533593941104,0.52707776811753,2025.11220170842,2025.22465753425,CHIKV_RUN_S26b34_2025,55.508801,-21.264269
4984,41,REU.2.3_1,REU.2.3_1,0.109798289971484,0.639533593941104,0.52973530396962,2025.11485924428,2025.22465753425,CHIKV_RUN_S25b74_2025,55.488951,-20.900533
4949,224,REU.4.5_1,REU.4.8_1,0.109337943733429,0.639533593941104,0.530195650207675,2025.11531959051,2025.22465753425,CHIKV_RUN_S25b90_2025,55.484644,-21.325466
4585,1210,REU.4.8_1,REU.1.4_1,0.108164250076551,0.639533593941104,0.531369343864553,2025.11649328417,2025.22465753425,CHIKV_RUN_S27b25_2025,55.71566,-21.050163
5784,3028,REU.4.3_1,REU.4.3_1,0.0985606013965516,0.639533593941104,0.540972992544552,2025.12609693285,2025.22465753425,CHIKV_RUN_S25b83_2025,55.523188,-21.273684
4280,680,REU.4.5_1,REU.4.5_1,0.0979525167948537,0.639533593941104,0.54158107714625,2025.12670501745,2025.22465753425,CHIKV_RUN_S27b22_2025,55.603506,-21.378467
4667,165,REU.3.5_1,REU.3.5_1,0.0961963654941396,0.639533593941104,0.543337228446964,2025.12846116875,2025.22465753425,CHIKV_RUN_S26b66_2025,55.286858,-20.993365
3758,968,REU.4.8_1,REU.2.2_1,0.0901261941763324,0.639533593941104,0.549407399764771,2025.13453134007,2025.22465753425,CHIKV_RUN_S26b57_2025,55.302173,-20.941665
6034,2342,REU.4.8_1,REU.2.1_1,0.0845459350641911,0.639533593941104,0.554987658876912,2025.14011159918,2025.22465753425,CHIKV_RUN_S26b61_2025,55.337222,-20.943686
3699,1429,REU.3.5_1,REU.3.5_1,0.0822607022484226,0.639533593941104,0.557272891692681,2025.142396832,2025.22465753425,CHIKV_RUN_S28b21_2025,55.286795,-21.094467
4888,186,REU.4.7_1,REU.4.8_1,0.0781639259982343,0.639533593941104,0.561369667942869,2025.14649360825,2025.22465753425,CHIKV_RUN_S26b86_2025,55.477665,-21.282717
4553,1172,REU.4.4_1,REU.4.4_1,0.0735870430878441,0.639533593941104,0.565946550853259,2025.15107049116,2025.22465753425,CHIKV_RUN_S26b78_2025,55.544254,-21.36026
4212,331,REU.2.3_1,REU.2.3_1,0.0714890037555359,0.639533593941104,0.568044590185568,2025.15316853049,2025.22465753425,CHIKV_RUN_S26b81_2025,55.473772,-20.902862
4912,245,REU.4.5_1,REU.4.5_1,0.0707088016659055,0.639533593941104,0.568824792275198,2025.15394873258,2025.22465753425,CHIKV_RUN_S27b21_2025,55.622211,-21.375907
3339,461,REU.4.3_1,REU.4.8_1,0.0684826478669985,0.639533593941104,0.571050946074105,2025.15617488638,2025.22465753425,CHIKV_RUN_S27b23_2025,55.477233,-21.26922
4981,48,REU.2.3_1,REU.2.3_1,0.0672887700605546,0.639533593941104,0.572244823880549,2025.15736876419,2025.22465753425,CHIKV_RUN_S25b28_2025,55.48949,-20.900664
5796,2535,REU.2.3_1,REU.1.6_1,0.0663201348132161,0.639533593941103,0.573213459127887,2025.15833739943,2025.22465753425,CHIKV_RUN_S32b32_2025,55.543728,-21.025544
3444,438,REU.4.8_1,REU.4.8_1,0.0645882487147936,0.639533593941104,0.57494534522631,2025.16006928553,2025.22465753425,CHIKV_RUN_S25b68_2025,55.486672,-21.256267
6154,2133,REU.4.5_1,REU.4.5_1,0.0645768178281609,0.639533593941104,0.574956776112943,2025.16008071642,2025.22465753425,CHIKV_RUN_S27b18_2025,55.621328,-21.379616
3919,1651,REU.4.6_1,REU.4.6_1,0.0626709834767649,0.639533593941104,0.576862610464339,2025.16198655077,2025.22465753425,CHIKV_RUN_S26b58_2025,55.412982,-21.283275
5956,2894,REU.2.3_1,REU.2.4_1,0.0607119153979747,0.639533593941104,0.578821678543129,2025.16394561885,2025.22465753425,CHIKV_RUN_S25b95_2025,55.523042,-20.903674
3243,2383,REU.3.1_1,REU.3.1_1,0.0599745632918196,0.639533593941104,0.579559030649284,2025.16468297095,2025.22465753425,CHIKV_RUN_S25b88_2025,55.373871,-21.266454
6026,2478,REU.3.1_1,REU.4.3_1,0.059757213308366,0.639533593941104,0.579776380632738,2025.16490032094,2025.22465753425,CHIKV_RUN_S27b17_2025,55.514184,-21.270686
6040,2691,REU.3.5_1,REU.3.5_1,0.0586470400878714,0.639533593941104,0.580886553853232,2025.16601049416,2025.22465753425,CHIKV_RUN_S28b67_2025,55.275786,-21.049118
3184,2414,REU.4.6_1,REU.2.3_1,0.0576448623999976,0.639533593941104,0.581888731541106,2025.16701267185,2025.22465753425,CHIKV_RUN_S25b82_2025,55.399989,-20.920397
5659,2714,REU.4.8_1,REU.1.3_1,0.0574390018685058,0.639533593941104,0.582094592072598,2025.16721853238,2025.22465753425,CHIKV_RUN_S27b26_2025,55.665066,-20.957693
3150,2456,REU.3.4_1,REU.3.4_1,0.0542870080478275,0.639533593941104,0.585246585893276,2025.1703705262,2025.22465753425,CHIKV_RUN_S28b69_2025,55.302616,-21.189751
3384,550,REU.4.3_1,REU.4.3_1,0.0529862406343306,0.639533593941104,0.586547353306773,2025.17167129361,2025.22465753425,CHIKV_RUN_S26b59_2025,55.494352,-21.244688
5195,1792,REU.3.4_1,REU.2.3_1,0.049867970158906,0.639533593941104,0.589665623782198,2025.17478956409,2025.22465753425,CHIKV_RUN_S25b71_2025,55.468596,-20.88681
3675,1489,REU.4.3_1,REU.4.3_1,0.0488176377378915,0.639533593941104,0.590715956203212,2025.17583989651,2025.22465753425,CHIKV_RUN_S26b91_2025,55.513918,-21.282667
3754,967,REU.2.1_1,REU.2.1_1,0.0462428676742055,0.639533593941104,0.593290726266898,2025.17841466657,2025.22465753425,CHIKV_RUN_S28b60_2025,55.321956,-20.961636
4446,800,REU.4.8_1,REU.4.8_1,0.0452264411716868,0.639533593941103,0.594307152769417,2025.17943109307,2025.22465753425,CHIKV_RUN_S25b86_2025,55.469089,-21.282404
3400,557,REU.4.3_1,REU.4.3_1,0.041957445703891,0.639533593941103,0.597576148237212,2025.18270008854,2025.22465753425,CHIKV_RUN_S26b69_2025,55.505899,-21.261397
6212,2833,REU.2.1_1,REU.2.1_1,0.0388061256556174,0.639533593941104,0.600727468285486,2025.18585140859,2025.22465753425,CHIKV_RUN_S28b46_2025,55.359758,-20.927815
3498,1551,REU.1.4_1,REU.1.4_1,0.0370483868698712,0.639533593941104,0.602485207071232,2025.18760914738,2025.22465753425,CHIKV_RUN_S37b72_2025,55.740887,-21.078594
5009,5,REU.3.5_1,REU.3.5_1,0.0327910627752152,0.639533593941104,0.606742531165888,2025.19186647147,2025.22465753425,CHIKV_RUN_S28b81_2025,55.223537,-21.075853
4017,1667,REU.4.4_1,REU.4.8_1,0.0311827224945249,0.639533593941104,0.608350871446579,2025.19347481175,2025.22465753425,CHIKV_RUN_S26b84_2025,55.49333,-21.304876
4201,326,REU.2.3_1,REU.2.3_1,0.0303707275399768,0.639533593941104,0.609162866401127,2025.19428680671,2025.22465753425,CHIKV_RUN_S26b50_2025,55.448275,-20.89179
4611,1240,REU.4.4_1,REU.4.4_1,0.0290507151453845,0.639533593941104,0.610482878795719,2025.1956068191,2025.22465753425,CHIKV_RUN_S26b85_2025,55.564396,-21.352531
4590,1215,REU.4.8_1,REU.4.4_1,0.0264154863540296,0.639533593941104,0.613118107587074,2025.19824204789,2025.22465753425,CHIKV_RUN_S25b87_2025,55.566791,-21.348393
4945,220,REU.4.5_1,REU.4.5_1,0.0195547575690476,0.639533593941104,0.619978836372056,2025.20510277668,2025.22465753425,CHIKV_RUN_S27b15_2025,55.607505,-21.335502
3662,1504,REU.4.3_1,REU.4.3_1,0.0175979352112564,0.639533593941104,0.621935658729847,2025.20705959904,2025.22465753425,CHIKV_RUN_S26b88_2025,55.516151,-21.268027
4721,1027,REU.2.3_1,REU.2.3_1,0.015807208851489,0.639533593941103,0.623726385089614,2025.2088503254,2025.22465753425,CHIKV_RUN_S26b63_2025,55.44756,-20.893639
6105,2076,REU.4.5_1,REU.4.5_1,0.0153816158835186,0.639533593941104,0.624151978057585,2025.20927591836,2025.22465753425,CHIKV_RUN_S26b93_2025,55.613213,-21.378804
4483,1073,REU.4.8_1,REU.4.4_1,0.00862540252427602,0.639533593941104,0.630908191416828,2025.21603213172,2025.22465753425,CHIKV_RUN_S26b89_2025,55.577908,-21.313066
3393,584,REU.4.8_1,REU.1.1_1,0.00860915774423565,0.639533593941104,0.630924436196868,2025.2160483765,2025.22465753425,CHIKV_RUN_S27b35_2025,55.693202,-21.002018
3174,3175,REU.3.4_1,REU.3.4_1,0.0395424339622086,0.639742674274689,0.60020024031248,2025.18532418062,2025.22486661458,NA,NA,NA
6168,6169,REU.4.5_1,REU.4.5_1,0.140881325373544,0.639796194991107,0.498914869617562,2025.08403880992,2025.2249201353,NA,NA,NA
5207,5209,REU.3.1_1,REU.3.4_1,0.132076328517009,0.640346765379289,0.508270436862279,2025.09339437717,2025.22547070568,NA,NA,NA
5156,5158,REU.3.1_1,REU.3.1_1,0.0715515385785094,0.640636570099983,0.569085031521474,2025.15420897183,2025.22576051041,NA,NA,NA
3144,3146,REU.4.8_1,REU.4.8_1,0.0817721353225654,0.640678735129698,0.558906599807132,2025.14403054011,2025.22580267544,NA,NA,NA
6181,6182,REU.2.3_1,REU.2.3_1,0.0485879099365111,0.640883326004147,0.592295416067636,2025.17741935637,2025.22600726631,NA,NA,NA
3295,3296,REU.4.3_1,REU.2.3_1,0.156041507232498,0.640908007658532,0.484866500426034,2025.06999044073,2025.22603194796,NA,NA,NA
4719,4720,REU.2.3_1,REU.2.3_1,0.0181327301696855,0.641385437134036,0.62325270696435,2025.20837664727,2025.22650937744,NA,NA,NA
3153,3154,REU.3.4_1,REU.3.4_1,0.0924788031630128,0.641553578281365,0.549074775118352,2025.13419871542,2025.22667751859,NA,NA,NA
4083,4084,REU.4.3_1,REU.4.3_1,0.0679231100905231,0.641660437755721,0.573737327665198,2025.15886126797,2025.22678437806,NA,NA,NA
6202,6203,REU.2.3_1,REU.2.3_1,0.00237052043931019,0.641662804095402,0.639292283656092,2025.22441622396,2025.2267867444,NA,NA,NA
4023,4024,REU.4.3_1,REU.4.3_1,0.0518887617090658,0.641748444194332,0.589859682485266,2025.17498362279,2025.2268723845,NA,NA,NA
5796,5797,REU.2.3_1,REU.2.4_1,0.0686130958359459,0.641826554963833,0.573213459127887,2025.15833739943,2025.22695049527,NA,NA,NA
5775,5776,REU.4.3_1,REU.4.3_1,0.0521379408263647,0.642180611293653,0.590042670467288,2025.17516661077,2025.2273045516,NA,NA,NA
4873,196,REU.4.5_1,REU.4.5_1,0.28762469415429,0.642273319968688,0.354648625814398,2024.93977256612,2025.22739726027,CHIKV_RUN_S28b59_2025,55.60972,-21.376103
4686,887,REU.4.3_1,REU.4.3_1,0.28568508579331,0.642273319968688,0.356588234175378,2024.94171217448,2025.22739726027,CHIKV_RUN_S28b90_2025,55.526974,-21.269196
3118,2474,REU.3.4_1,REU.4.6_1,0.240660589243253,0.642273319968688,0.401612730725436,2024.98673667103,2025.22739726027,CHIKV_RUN_S28b87_2025,55.417048,-21.285091
4961,20,REU.3.1_1,REU.3.4_1,0.235326312409304,0.642273319968688,0.406947007559384,2024.99207094786,2025.22739726027,CHIKV_RUN_S28b71_2025,55.292915,-21.141879
5099,2699,REU.4.8_1,REU.4.5_1,0.221543600512138,0.642273319968688,0.42072971945655,2025.00585365976,2025.22739726027,CHIKV_RUN_S28b38_2025,55.631347,-21.37291
6015,2182,REU.4.8_1,REU.4.8_1,0.194895453353154,0.642273319968688,0.447377866615534,2025.03250180692,2025.22739726027,CHIKV_RUN_S28b73_2025,55.497569,-21.300406
5149,2665,REU.3.1_1,REU.3.2_1,0.191083596396316,0.642273319968688,0.451189723572372,2025.03631366388,2025.22739726027,CHIKV_RUN_S28b35_2025,55.339988,-21.238196
5261,2311,REU.3.1_1,REU.3.5_1,0.187000798821801,0.642273319968688,0.455272521146887,2025.04039646145,2025.22739726027,CHIKV_RUN_S28b16_2025,55.300768,-21.018039
5729,1790,REU.3.1_1,REU.2.3_1,0.169742497662799,0.642273319968688,0.472530822305889,2025.05765476261,2025.22739726027,CHIKV_RUN_S28b15_2025,55.467883,-20.885932
6072,2503,REU.3.1_1,REU.3.5_1,0.138098460291704,0.642273319968688,0.504174859676984,2025.08929879998,2025.22739726027,CHIKV_RUN_S28b86_2025,55.276167,-21.039355
3933,1293,REU.4.3_1,REU.4.4_1,0.135986774610618,0.642273319968688,0.506286545358071,2025.09141048566,2025.22739726027,CHIKV_RUN_S28b24_2025,55.554808,-21.340817
4437,760,REU.4.3_1,REU.4.8_1,0.131920339000073,0.642273319968688,0.510352980968615,2025.09547692127,2025.22739726027,CHIKV_RUN_S28b40_2025,55.471427,-21.29194
5712,2630,REU.4.8_1,REU.2.3_1,0.115470709597544,0.642273319968688,0.526802610371144,2025.11192655068,2025.22739726027,CHIKV_RUN_S26b95_2025,55.489626,-20.925325
3909,1644,REU.4.3_1,REU.4.3_1,0.111888218898448,0.642273319968688,0.53038510107024,2025.11550904138,2025.22739726027,CHIKV_RUN_S28b55_2025,55.500585,-21.260287
4776,1418,REU.3.5_1,REU.3.5_1,0.10803251325196,0.642273319968688,0.534240806716729,2025.11936474702,2025.22739726027,CHIKV_RUN_S28b42_2025,55.269241,-21.05027
3773,1608,REU.2.3_1,REU.4.6_1,0.0956839834611052,0.642273319968688,0.546589336507583,2025.13171327681,2025.22739726027,CHIKV_RUN_S28b53_2025,55.41818,-21.25942
3460,590,REU.4.8_1,REU.4.8_1,0.0929159625210116,0.642273319968688,0.549357357447677,2025.13448129775,2025.22739726027,CHIKV_RUN_S30b66_2025,55.510124,-21.351051
4587,1170,REU.4.8_1,REU.4.5_1,0.0919503435173463,0.642273319968688,0.550322976451342,2025.13544691676,2025.22739726027,CHIKV_RUN_S26b32_2025,55.594556,-21.370943
3376,585,REU.4.8_1,REU.4.8_1,0.0911831610623292,0.642273319968688,0.551090158906359,2025.13621409921,2025.22739726027,CHIKV_RUN_S28b66_2025,55.526704,-21.33148
4156,1079,REU.4.3_1,REU.4.3_1,0.087274705883926,0.642273319968688,0.554998614084762,2025.14012255439,2025.22739726027,CHIKV_RUN_S28b22_2025,55.519258,-21.268663
5905,2943,REU.3.4_1,REU.1.1_1,0.0838665746942834,0.642273319968688,0.558406745274405,2025.14353068558,2025.22739726027,CHIKV_RUN_S26b83_2025,55.690717,-21.000927
3240,2395,REU.3.1_1,REU.3.1_1,0.0788131118896158,0.642273319968688,0.563460208079072,2025.14858414838,2025.22739726027,CHIKV_RUN_S28b47_2025,55.369389,-21.250618
4715,998,REU.2.3_1,REU.4.8_1,0.0746913952234503,0.642273319968688,0.567581924745238,2025.15270586505,2025.22739726027,CHIKV_RUN_S28b77_2025,55.487577,-21.273709
4384,650,REU.4.3_1,REU.2.1_1,0.0691944331163528,0.642273319968688,0.573078886852336,2025.15820282716,2025.22739726027,CHIKV_RUN_S28b84_2025,55.325103,-20.959596
4654,156,REU.4.8_1,REU.4.8_1,0.055703566241477,0.642273319968688,0.586569753727211,2025.17169369403,2025.22739726027,CHIKV_RUN_S28b57_2025,55.489994,-21.274157
5287,2567,REU.4.8_1,REU.1.5_1,0.0555926571928187,0.642273319968688,0.58668066277587,2025.17180460308,2025.22739726027,CHIKV_RUN_S32b17_2025,55.781831,-21.128805
4446,707,REU.4.8_1,REU.4.8_1,0.0479661671992716,0.642273319968688,0.594307152769417,2025.17943109307,2025.22739726027,CHIKV_RUN_S28b18_2025,55.501265,-21.29596
3180,2420,REU.2.3_1,REU.2.3_1,0.0475116805222429,0.642273319968688,0.594761639446445,2025.17988557975,2025.22739726027,CHIKV_RUN_S26b62_2025,55.493844,-20.900095
3224,2591,REU.3.5_1,REU.1.3_1,0.0457519837141077,0.642273319968688,0.59652133625458,2025.18164527656,2025.22739726027,CHIKV_RUN_S32b45_2025,55.651096,-20.966442
3680,1498,REU.4.3_1,REU.4.8_1,0.0426498128406528,0.642273319968688,0.599623507128035,2025.18474744743,2025.22739726027,CHIKV_RUN_S28b25_2025,55.483453,-21.341095
4710,1006,REU.2.3_1,REU.2.3_1,0.0385226185036303,0.642273319968688,0.603750701465058,2025.18887464177,2025.22739726027,CHIKV_RUN_S28b72_2025,55.451909,-20.892271
6038,2689,REU.3.5_1,REU.3.5_1,0.0344397632566936,0.642273319968688,0.607833556711995,2025.19295749702,2025.22739726027,CHIKV_RUN_S42b14_2025,55.274428,-21.049411
3954,1595,REU.4.8_1,REU.4.8_1,0.0337023506151226,0.642273319968688,0.608570969353566,2025.19369490966,2025.22739726027,CHIKV_RUN_S28b54_2025,55.477771,-21.342704
5155,2666,REU.3.1_1,REU.3.1_1,0.0322666674116237,0.642273319968688,0.610006652557065,2025.19513059286,2025.22739726027,CHIKV_RUN_S28b64_2025,55.360644,-21.247527
5155,2654,REU.3.1_1,REU.3.4_1,0.0322666674116237,0.642273319968688,0.610006652557065,2025.19513059286,2025.22739726027,CHIKV_RUN_S28b65_2025,55.281015,-21.138568
4324,775,REU.4.8_1,REU.4.8_1,0.025953257199463,0.642273319968688,0.616320062769225,2025.20144400307,2025.22739726027,CHIKV_RUN_S28b39_2025,55.470373,-21.280406
5709,2509,REU.2.5_1,REU.2.5_1,0.0252170320324288,0.642273319968688,0.61705628793626,2025.20218022824,2025.22739726027,CHIKV_RUN_S28b19_2025,55.606454,-20.936432
5326,2274,REU.4.8_1,REU.3.2_1,0.0237452895524347,0.642273319968688,0.618528030416254,2025.20365197072,2025.22739726027,CHIKV_RUN_S28b62_2025,55.333873,-21.24543
3136,2461,REU.2.3_1,REU.2.3_1,0.0224482267802666,0.642273319968688,0.619825093188422,2025.20494903349,2025.22739726027,CHIKV_RUN_S26b94_2025,55.482062,-20.918537
5522,3108,REU.4.8_1,REU.4.2_1,0.0213008442860139,0.642273319968688,0.620972475682674,2025.20609641599,2025.22739726027,CHIKV_RUN_S28b51_2025,55.469895,-21.252204
6027,2697,REU.3.1_1,REU.3.1_1,0.0194762132472055,0.642273319968688,0.622797106721483,2025.20792104703,2025.22739726027,CHIKV_RUN_S28b34_2025,55.383771,-21.244412
3962,1159,REU.1.4_1,REU.1.4_1,0.0178717777908434,0.642273319968688,0.624401542177845,2025.20952548248,2025.22739726027,CHIKV_RUN_S32b31_2025,55.714716,-21.049256
3508,1555,REU.4.3_1,REU.4.3_1,0.0174215135498881,0.642273319968688,0.6248518064188,2025.20997574672,2025.22739726027,CHIKV_RUN_S28b52_2025,55.537963,-21.259936
3370,511,REU.3.5_1,REU.3.5_1,0.0140530240295732,0.642273319968688,0.628220295939115,2025.21334423624,2025.22739726027,CHIKV_RUN_S29b76_2025,55.228701,-21.066244
4564,1225,REU.4.5_1,REU.4.5_1,0.00608021655116664,0.642273319968688,0.636193103417522,2025.22131704372,2025.22739726027,CHIKV_RUN_S28b37_2025,55.614536,-21.379691
3499,1552,REU.1.4_1,REU.1.4_1,0.00469637036961434,0.642273319968688,0.637576949599074,2025.2227008899,2025.22739726027,CHIKV_RUN_S32b44_2025,55.7414,-21.079188
4060,284,REU.4.3_1,REU.4.3_1,0.00331066678864933,0.642273319968688,0.638962653180039,2025.22408659349,2025.22739726027,CHIKV_RUN_S28b44_2025,55.527601,-21.238685
6202,2813,REU.2.3_1,REU.2.3_1,0.00298103631259672,0.642273319968688,0.639292283656092,2025.22441622396,2025.22739726027,CHIKV_RUN_S26b75_2025,55.423646,-20.877959
5209,1913,REU.3.4_1,REU.3.4_1,0.00192655458939961,0.642273319968688,0.640346765379289,2025.22547070568,2025.22739726027,CHIKV_RUN_S30b65_2025,55.314846,-21.220235
4926,4927,REU.4.8_1,REU.4.8_1,0.0585980585008992,0.642318970014226,0.583720911513327,2025.16884485182,2025.22744291032,NA,NA,NA
3306,3307,REU.4.8_1,REU.4.8_1,0.0144161524468216,0.642565139676741,0.628148987229919,2025.21327292754,2025.22768907998,NA,NA,NA
4488,4489,REU.4.3_1,REU.4.3_1,0.0276261523570616,0.642729919763518,0.615103767406457,2025.20022770771,2025.22785386007,NA,NA,NA
3432,3433,REU.4.3_1,REU.4.8_1,0.0118177498673949,0.642921649706074,0.631103899838679,2025.21622784014,2025.22804559001,NA,NA,NA
5071,5072,REU.2.3_1,REU.2.3_1,0.0497787091006046,0.643232096080023,0.593453386979419,2025.17857732728,2025.22835603639,NA,NA,NA
5181,5182,REU.3.4_1,REU.3.2_1,0.0660610590969545,0.643291819047732,0.577230759950778,2025.16235470026,2025.22841575935,NA,NA,NA
4974,4975,REU.2.3_1,REU.2.3_1,0.143028374600325,0.643878426437901,0.500850051837575,2025.08597399214,2025.22900236674,NA,NA,NA
4458,4459,REU.4.8_1,REU.4.8_1,0.0453533270907045,0.64407759852438,0.598724271433676,2025.18384821174,2025.22920153883,NA,NA,NA
5934,5942,REU.2.3_1,REU.4.8_1,0.167383315937187,0.644111383210472,0.476728067273285,2025.06185200758,2025.22923532352,NA,NA,NA
5693,5694,REU.4.3_1,REU.4.3_1,0.0777238331705858,0.644160051400395,0.566436218229809,2025.15156015854,2025.22928399171,NA,NA,NA
4269,4270,REU.4.3_1,REU.4.8_1,0.0575795878640558,0.644255563715171,0.586675975851115,2025.17179991616,2025.22937950402,NA,NA,NA
3351,3352,REU.4.7_1,REU.2.3_1,0.0597525475494156,0.644330780101933,0.584578232552517,2025.16970217286,2025.22945472041,NA,NA,NA
3352,3353,REU.2.3_1,REU.2.3_1,0.000157707808286611,0.64448848791022,0.644330780101933,2025.22945472041,2025.22961242822,NA,NA,NA
3837,3838,REU.4.8_1,REU.1.3_1,0.0680563141794213,0.644904308678946,0.576847994499524,2025.1619719348,2025.23002824898,NA,NA,NA
4134,4135,REU.4.8_1,REU.4.8_1,0.0719428454647616,0.644945656460463,0.573002810995701,2025.1581267513,2025.23006959677,NA,NA,NA
4907,242,REU.4.5_1,REU.4.3_1,0.238651780947073,0.645013045996046,0.406361265048973,2024.99148520535,2025.2301369863,CHIKV_RUN_S26b28_2025,55.512687,-21.257897
4306,734,REU.4.3_1,REU.4.4_1,0.112697641059425,0.645013045996046,0.532315404936621,2025.11743934524,2025.2301369863,CHIKV_RUN_S29b83_2025,55.533699,-21.363091
5245,2225,REU.4.8_1,REU.3.5_1,0.108799130401378,0.645013045996046,0.536213915594668,2025.1213378559,2025.2301369863,CHIKV_RUN_S28b32_2025,55.318632,-20.997467
4474,1556,REU.4.8_1,REU.3.5_1,0.099965214029385,0.645013045996046,0.545047831966661,2025.13017177227,2025.2301369863,CHIKV_RUN_S29b82_2025,55.265173,-21.051145
3918,1478,REU.4.3_1,REU.4.3_1,0.0917627292867312,0.645013045996046,0.553250316709314,2025.13837425701,2025.2301369863,CHIKV_RUN_S28b70_2025,55.53777,-21.258931
4838,916,REU.4.3_1,REU.4.8_1,0.0890492093069535,0.645013045996046,0.555963836689092,2025.14108777699,2025.2301369863,CHIKV_RUN_S28b79_2025,55.452258,-21.299821
5747,1975,REU.2.5_1,REU.2.3_1,0.0886377368824801,0.645013045996046,0.556375309113566,2025.14149924942,2025.2301369863,CHIKV_RUN_S28b76_2025,55.490601,-20.894006
4055,1545,REU.4.8_1,REU.4.2_1,0.0885461456557354,0.645013045996046,0.55646690034031,2025.14159084065,2025.2301369863,CHIKV_RUN_S30b12_2025,55.470201,-21.228271
3530,1466,REU.4.3_1,REU.2.3_1,0.0868190251240752,0.645013045996046,0.55819402087197,2025.14331796118,2025.2301369863,CHIKV_RUN_S28b30_2025,55.452173,-20.876078
4111,1166,REU.4.8_1,REU.4.8_1,0.0854253198391803,0.645013045996046,0.559587726156865,2025.14471166646,2025.2301369863,CHIKV_RUN_S30b17_2025,55.487626,-21.348676
4775,105,REU.4.3_1,REU.4.3_1,0.0833901340428538,0.645013045996046,0.561622911953192,2025.14674685226,2025.2301369863,CHIKV_RUN_S28b78_2025,55.559424,-21.279161
3522,1628,REU.3.5_1,REU.3.5_1,0.0814624429625063,0.645013045996046,0.563550603033539,2025.14867454334,2025.2301369863,CHIKV_RUN_S29b84_2025,55.323429,-20.986343
3911,299,REU.4.3_1,REU.3.5_1,0.0814194885050347,0.645013045996046,0.563593557491011,2025.1487174978,2025.2301369863,CHIKV_RUN_S29b94_2025,55.269966,-21.078947
4994,17,REU.3.2_1,REU.3.2_1,0.0811310272606488,0.645013045996046,0.563882018735397,2025.14900595904,2025.2301369863,CHIKV_RUN_S30b11_2025,55.341574,-21.25139
4119,1437,REU.4.3_1,REU.2.4_1,0.0802799611556068,0.645013045996046,0.564733084840439,2025.14985702515,2025.2301369863,CHIKV_RUN_S28b80_2025,55.516185,-20.923556
4728,1029,REU.2.3_1,REU.2.3_1,0.0801550585617719,0.645013045996046,0.564857987434274,2025.14998192774,2025.2301369863,CHIKV_RUN_S28b26_2025,55.447761,-20.899867
6108,2100,REU.4.5_1,REU.4.5_1,0.0801129476401645,0.645013045996045,0.564900098355881,2025.15002403866,2025.2301369863,CHIKV_RUN_S29b23_2025,55.595906,-21.376246
4343,854,REU.4.5_1,REU.4.5_1,0.0788337019926104,0.645013045996046,0.566179344003435,2025.15130328431,2025.2301369863,CHIKV_RUN_S30b19_2025,55.681028,-21.368589
5353,2006,REU.3.1_1,REU.4.6_1,0.0770097351911663,0.645013045996046,0.568003310804879,2025.15312725111,2025.2301369863,CHIKV_RUN_S26b30_2025,55.442111,-21.264903
3697,932,REU.4.3_1,REU.2.3_1,0.0756332056484974,0.645013045996046,0.569379840347548,2025.15450378065,2025.2301369863,CHIKV_RUN_S28b88_2025,55.422853,-20.877514
3581,1065,REU.2.2_1,REU.2.2_1,0.0743417279543612,0.645013045996046,0.570671318041684,2025.15579525835,2025.2301369863,CHIKV_RUN_S28b41_2025,55.307582,-20.934672
4981,36,REU.2.3_1,REU.2.3_1,0.0727682221154967,0.645013045996046,0.572244823880549,2025.15736876419,2025.2301369863,CHIKV_RUN_S28b82_2025,55.488203,-20.899173
5677,2297,REU.4.8_1,REU.4.2_1,0.0703037471936486,0.645013045996046,0.574709298802397,2025.15983323911,2025.2301369863,CHIKV_RUN_S28b50_2025,55.472409,-21.248199
5670,2308,REU.4.8_1,REU.3.1_1,0.0689682898752927,0.645013045996046,0.576044756120753,2025.16116869643,2025.2301369863,CHIKV_RUN_S30b08_2025,55.369315,-21.25742
5448,2178,REU.4.6_1,REU.4.6_1,0.0671758344453669,0.645013045996046,0.577837211550679,2025.16296115186,2025.2301369863,CHIKV_RUN_S28b49_2025,55.410915,-21.2886
5397,1837,REU.4.8_1,REU.3.2_1,0.066283433279452,0.645013045996046,0.578729612716594,2025.16385355302,2025.2301369863,CHIKV_RUN_S30b07_2025,55.333736,-21.240236
4404,790,REU.4.8_1,REU.4.8_1,0.0633155851391947,0.645013045996046,0.581697460856851,2025.16682140116,2025.2301369863,CHIKV_RUN_S28b85_2025,55.475068,-21.283209
3456,430,REU.4.5_1,REU.2.3_1,0.055820492765718,0.645013045996046,0.589192553230328,2025.17431649354,2025.2301369863,CHIKV_RUN_S27b76_2025,55.423757,-20.887289
3135,2459,REU.2.3_1,REU.3.5_1,0.0550857628534211,0.645013045996046,0.589927283142625,2025.17505122345,2025.2301369863,CHIKV_RUN_S42b15_2025,55.228258,-21.027024
3987,1349,REU.4.8_1,REU.2.3_1,0.0516770708325093,0.645013045996046,0.593335975163536,2025.17845991547,2025.2301369863,CHIKV_RUN_S28b89_2025,55.457665,-20.891691
6206,2832,REU.4.8_1,REU.3.3_1,0.0457491654517042,0.645013045996046,0.599263880544342,2025.18438782085,2025.2301369863,CHIKV_RUN_S28b74_2025,55.293326,-21.110655
4986,38,REU.2.3_1,REU.2.3_1,0.0409359990891415,0.645013045996046,0.604077046906904,2025.18920098721,2025.2301369863,CHIKV_RUN_S28b63_2025,55.457347,-20.888112
4572,1203,REU.4.4_1,REU.4.4_1,0.0390495584066344,0.645013045996046,0.605963487589411,2025.1910874279,2025.2301369863,CHIKV_RUN_S28b45_2025,55.565445,-21.355748
5759,1987,REU.2.5_1,REU.2.3_1,0.0381309251731579,0.645013045996046,0.606882120822888,2025.19200606113,2025.2301369863,CHIKV_RUN_S28b68_2025,55.486429,-20.889024
3520,1633,REU.3.5_1,REU.3.5_1,0.0376641122181507,0.645013045996046,0.607348933777895,2025.19247287408,2025.2301369863,CHIKV_RUN_S29b80_2025,55.328641,-21.002849
5240,2480,REU.3.5_1,REU.3.5_1,0.0325747991251982,0.645013045996046,0.612438246870847,2025.19756218718,2025.2301369863,CHIKV_RUN_S27b77_2025,55.291594,-21.022758
3901,929,REU.4.8_1,REU.4.8_1,0.0286593186420028,0.645013045996046,0.616353727354043,2025.20147766766,2025.2301369863,CHIKV_RUN_S28b56_2025,55.480617,-21.282558
5046,2724,REU.4.8_1,REU.4.8_1,0.0260023568934431,0.645013045996045,0.619010689102602,2025.20413462941,2025.2301369863,CHIKV_RUN_S29b85_2025,55.487372,-21.339915
3271,505,REU.4.3_1,REU.2.3_1,0.0233755398539708,0.645013045996046,0.621637506142075,2025.20676144645,2025.2301369863,CHIKV_RUN_S28b91_2025,55.445248,-20.887252
5066,1958,REU.2.3_1,REU.2.3_1,0.0228463267312684,0.645013045996046,0.622166719264777,2025.20729065957,2025.2301369863,CHIKV_RUN_S28b20_2025,55.488763,-20.891292
6111,2043,REU.2.3_1,REU.2.3_1,0.0205457220313203,0.645013045996045,0.624467323964725,2025.20959126427,2025.2301369863,CHIKV_RUN_S28b75_2025,55.464831,-20.8845
5752,1996,REU.2.5_1,REU.2.5_1,0.00583432073959234,0.645013045996046,0.639178725256453,2025.22430266556,2025.2301369863,CHIKV_RUN_S28b61_2025,55.582642,-20.92677
5752,1997,REU.2.5_1,REU.2.5_1,0.00583432073959234,0.645013045996046,0.639178725256453,2025.22430266556,2025.2301369863,CHIKV_RUN_S27b65_2025,55.582642,-20.92677
3175,2430,REU.3.4_1,REU.2.3_1,0.00527037172135669,0.645013045996046,0.639742674274689,2025.22486661458,2025.2301369863,CHIKV_RUN_S42b09_2025,55.454341,-20.876455
3146,2441,REU.4.8_1,REU.2.1_1,0.00433431086634817,0.645013045996046,0.640678735129698,2025.22580267544,2025.2301369863,CHIKV_RUN_S29b73_2025,55.335773,-20.938034
3433,586,REU.4.8_1,REU.4.4_1,0.00209139628997179,0.645013045996046,0.642921649706074,2025.22804559001,2025.2301369863,CHIKV_RUN_S28b36_2025,55.566425,-21.330702
3973,3975,REU.4.8_1,REU.4.5_1,0.0924964951166292,0.645354794911829,0.5528582997952,2025.1379822401,2025.23047873522,NA,NA,NA
4518,4519,REU.3.5_1,REU.3.5_1,0.0509548279971134,0.645373016736118,0.594418188739005,2025.17954212904,2025.23049695704,NA,NA,NA
4519,4520,REU.3.5_1,REU.3.5_1,8.5877464602091e-05,0.64545889420072,0.645373016736118,2025.23049695704,2025.23058283451,NA,NA,NA
4843,4844,REU.4.3_1,REU.4.8_1,0.131774758918513,0.645502920592996,0.513728161674483,2025.09885210198,2025.2306268609,NA,NA,NA
3395,3396,REU.4.3_1,REU.4.3_1,0.0547613527331139,0.646180118420718,0.591418765687604,2025.17654270599,2025.23130405873,NA,NA,NA
3589,3590,REU.4.8_1,REU.3.5_1,0.0631578460706476,0.646182894672545,0.583025048601898,2025.16814898891,2025.23130683498,NA,NA,NA
5045,5047,REU.3.1_1,REU.2.3_1,0.0455575660975583,0.646203485314101,0.600645919216543,2025.18576985952,2025.23132742562,NA,NA,NA
3169,3171,REU.2.3_1,REU.2.3_1,0.0648256861356327,0.646293158134803,0.58146747199917,2025.1665914123,2025.23141709844,NA,NA,NA
3737,3738,REU.3.5_1,REU.3.5_1,0.0558489972780805,0.64687371020008,0.591024712921999,2025.17614865323,2025.23199765051,NA,NA,NA
4285,4286,REU.4.3_1,REU.4.3_1,0.0778030710066224,0.646983532156632,0.56918046115001,2025.15430440146,2025.23210747246,NA,NA,NA
3823,3824,REU.4.3_1,REU.4.3_1,0.247188526046404,0.647479083694199,0.400290557647795,2024.98541449795,2025.232603024,NA,NA,NA
4129,4130,REU.4.8_1,REU.4.8_1,0.0253153232463847,0.647526610623549,0.622211287377164,2025.20733522768,2025.23265055093,NA,NA,NA
5126,5127,REU.4.8_1,REU.2.3_1,0.0960243914245769,0.647600125332221,0.551575733907644,2025.13669967421,2025.23272406564,NA,NA,NA
5487,3112,REU.3.1_1,REU.4.6_1,0.222660723156424,0.647752772023403,0.425092048866979,2025.01021598917,2025.23287671233,CHIKV_RUN_S29b31_2025,55.44915,-21.274098
4785,1686,REU.4.8_1,REU.4.8_1,0.185561363523036,0.647752772023403,0.462191408500367,2025.04731534881,2025.23287671233,CHIKV_RUN_S29b38_2025,55.466852,-21.311768
4963,40,REU.3.1_1,REU.2.3_1,0.171417193427873,0.647752772023403,0.47633557859553,2025.0614595189,2025.23287671233,CHIKV_RUN_S30b24_2025,55.477237,-20.892938
4345,706,REU.4.3_1,REU.2.3_1,0.170374325324795,0.647752772023403,0.477378446698608,2025.062502387,2025.23287671233,CHIKV_RUN_S30b14_2025,55.473548,-20.902942
3723,931,REU.3.5_1,REU.4.2_1,0.140074871694568,0.647752772023403,0.507677900328836,2025.09280184063,2025.23287671233,CHIKV_RUN_S29b75_2025,55.481192,-21.242388
4151,1463,REU.4.3_1,REU.3.5_1,0.123041430579786,0.647752772023403,0.524711341443617,2025.10983528175,2025.23287671233,CHIKV_RUN_S29b77_2025,55.291629,-21.023749
4633,127,REU.4.8_1,REU.2.3_1,0.117499170285593,0.647752772023403,0.53025360173781,2025.11537754204,2025.23287671233,CHIKV_RUN_S29b92_2025,55.463604,-20.889254
5855,2979,REU.3.4_1,REU.3.4_1,0.0966296867219475,0.647752772023403,0.551123085301456,2025.13624702561,2025.23287671233,CHIKV_RUN_S29b56_2025,55.288787,-21.183377
4184,329,REU.2.3_1,REU.2.3_1,0.0936340035142957,0.647752772023403,0.554118768509107,2025.13924270881,2025.23287671233,CHIKV_RUN_S29b90_2025,55.448386,-20.891579
3941,1746,REU.4.3_1,REU.3.5_1,0.09344899465148,0.647752772023403,0.554303777371923,2025.13942771768,2025.23287671233,CHIKV_RUN_S30b55_2025,55.232065,-21.050408
5062,1941,REU.3.1_1,REU.3.1_1,0.0919266583188231,0.647752772023403,0.55582611370458,2025.14095005401,2025.23287671233,CHIKV_RUN_S30b22_2025,55.390491,-21.258565
5296,3075,REU.4.6_1,REU.4.6_1,0.0899317679957686,0.647752772023403,0.557821004027634,2025.14294494433,2025.23287671233,CHIKV_RUN_S29b40_2025,55.439202,-21.264002
4563,1224,REU.4.5_1,REU.4.8_1,0.084714349738621,0.647752772023403,0.563038422284782,2025.14816236259,2025.23287671233,CHIKV_RUN_S26b26_2025,55.48502,-21.350769
3808,1727,REU.4.3_1,REU.4.3_1,0.0818859365839456,0.647752772023403,0.565866835439457,2025.15099077574,2025.23287671233,CHIKV_RUN_S29b89_2025,55.532818,-21.262849
5501,2218,REU.3.1_1,REU.3.5_1,0.0795318249032609,0.647752772023403,0.568220947120142,2025.15334488743,2025.23287671233,CHIKV_RUN_S30b54_2025,55.244143,-21.098996
3342,372,REU.2.5_1,REU.2.3_1,0.0788524260255028,0.647752772023403,0.5689003459979,2025.1540242863,2025.23287671233,CHIKV_RUN_S29b91_2025,55.48115,-20.939002
5246,2030,REU.4.6_1,REU.4.3_1,0.0768593322481986,0.647752772023403,0.570893439775204,2025.15601738008,2025.23287671233,CHIKV_RUN_S29b35_2025,55.534454,-21.309552
3386,562,REU.3.4_1,REU.3.4_1,0.0740349477190758,0.647752772023403,0.573717824304327,2025.15884176461,2025.23287671233,CHIKV_RUN_S29b43_2025,55.298165,-21.226046
3900,1347,REU.4.8_1,REU.3.5_1,0.0733758769187967,0.647752772023403,0.574376895104606,2025.15950083541,2025.23287671233,CHIKV_RUN_S29b26_2025,55.25465,-21.069648
4868,1342,REU.4.8_1,REU.4.5_1,0.0725624393689084,0.647752772023403,0.575190332654495,2025.16031427296,2025.23287671233,CHIKV_RUN_S29b44_2025,55.614635,-21.35192
3658,1536,REU.4.3_1,REU.2.3_1,0.0718171050959109,0.647752772023403,0.575935666927492,2025.16105960723,2025.23287671233,CHIKV_RUN_S29b93_2025,55.411463,-20.886566
3707,273,REU.4.5_1,REU.3.5_1,0.071458971895517,0.647752772023403,0.576293800127886,2025.16141774043,2025.23287671233,CHIKV_RUN_S29b54_2025,55.321308,-21.011437
3886,1285,REU.4.5_1,REU.4.5_1,0.0673928396131671,0.647752772023403,0.580359932410236,2025.16548387272,2025.23287671233,CHIKV_RUN_S29b33_2025,55.664752,-21.360162
4056,1637,REU.4.8_1,REU.2.3_1,0.0639622515348646,0.647752772023403,0.583790520488539,2025.16891446079,2025.23287671233,CHIKV_RUN_S29b22_2025,55.442158,-20.898816
4107,618,REU.3.5_1,REU.3.5_1,0.0619846020468229,0.647752772023403,0.58576816997658,2025.17089211028,2025.23287671233,CHIKV_RUN_S29b95_2025,55.32108,-20.978951
3384,531,REU.4.3_1,REU.4.3_1,0.0612054187166301,0.647752772023403,0.586547353306773,2025.17167129361,2025.23287671233,CHIKV_RUN_S29b32_2025,55.516323,-21.280708
5137,2227,REU.4.3_1,REU.4.2_1,0.0608938118692267,0.647752772023403,0.586858960154176,2025.17198290046,2025.23287671233,CHIKV_RUN_S30b13_2025,55.478721,-21.245888
5405,1779,REU.4.8_1,REU.1.3_1,0.0575565084445334,0.647752772023403,0.59019626357887,2025.17532020388,2025.23287671233,CHIKV_RUN_S29b21_2025,55.651897,-20.943829
5012,10,REU.3.5_1,REU.3.5_1,0.0561367869065017,0.647752772023403,0.591615985116901,2025.17673992542,2025.23287671233,CHIKV_RUN_S30b10_2025,55.226263,-21.077926
3282,485,REU.2.3_1,REU.2.3_1,0.0557431180845318,0.647752772023403,0.592009653938871,2025.17713359424,2025.23287671233,CHIKV_RUN_S29b78_2025,55.493469,-20.929432
5277,2557,REU.4.3_1,REU.4.3_1,0.0549787175094982,0.647752772023403,0.592774054513905,2025.17789799482,2025.23287671233,CHIKV_RUN_S30b23_2025,55.506225,-21.265423
3680,1506,REU.4.3_1,REU.4.8_1,0.0481292648953676,0.647752772023403,0.599623507128035,2025.18474744743,2025.23287671233,CHIKV_RUN_S29b88_2025,55.451557,-21.300363
5384,1885,REU.3.5_1,REU.3.5_1,0.0445604005096136,0.647752772023403,0.60319237151379,2025.18831631182,2025.23287671233,CHIKV_RUN_S29b25_2025,55.233036,-21.051744
4710,1007,REU.2.3_1,REU.2.3_1,0.044002070558345,0.647752772023403,0.603750701465058,2025.18887464177,2025.23287671233,CHIKV_RUN_S27b75_2025,55.45207,-20.892308
5957,2882,REU.2.3_1,REU.1.3_1,0.0402979509341723,0.647752772023403,0.607454821089231,2025.19257876139,2025.23287671233,CHIKV_RUN_S30b20_2025,55.648787,-20.958197
5188,2327,REU.4.8_1,REU.4.8_1,0.0355260588773745,0.647752772023403,0.612226713146029,2025.19735065345,2025.23287671233,CHIKV_RUN_S29b39_2025,55.516578,-21.309344
3727,1580,REU.4.3_1,REU.4.3_1,0.0339104584309518,0.647752772023403,0.613842313592451,2025.1989662539,2025.23287671233,CHIKV_RUN_S30b18_2025,55.498967,-21.260889
5422,2183,REU.3.5_1,REU.3.5_1,0.0294273302073116,0.647752772023403,0.618325441816092,2025.20344938212,2025.23287671233,CHIKV_RUN_S30b21_2025,55.307555,-21.067372
4768,1483,REU.4.8_1,REU.4.8_1,0.0273129958567475,0.647752772023403,0.620439776166656,2025.20556371647,2025.23287671233,CHIKV_RUN_S29b71_2025,55.48053,-21.314712
3678,1499,REU.4.3_1,REU.4.3_1,0.0212596204526762,0.647752772023403,0.626493151570727,2025.21161709188,2025.23287671233,CHIKV_RUN_S29b81_2025,55.522463,-21.260579
3839,275,REU.3.5_1,REU.4.5_1,0.0206801588184383,0.647752772023403,0.627072613204965,2025.21219655351,2025.23287671233,CHIKV_RUN_S29b86_2025,55.593094,-21.373976
3411,542,REU.4.8_1,REU.2.3_1,0.0172380507259275,0.647752772023403,0.630514721297476,2025.2156386616,2025.23287671233,CHIKV_RUN_S29b20_2025,55.48462,-20.918816
4286,673,REU.4.3_1,REU.4.3_1,0.00076923986677091,0.647752772023403,0.646983532156632,2025.23210747246,2025.23287671233,CHIKV_RUN_S30b15_2025,55.519874,-21.295961
3824,610,REU.4.3_1,REU.4.3_1,0.000273688329204269,0.647752772023403,0.647479083694199,2025.232603024,2025.23287671233,CHIKV_RUN_S29b42_2025,55.537179,-21.310369
3411,3412,REU.4.8_1,REU.4.8_1,0.0174029397947419,0.647917661092217,0.630514721297476,2025.2156386616,2025.2330416014,NA,NA,NA
3861,3862,REU.2.3_1,REU.2.3_1,0.015583309323538,0.648063107830546,0.632479798507008,2025.21760373881,2025.23318704814,NA,NA,NA
5551,5552,REU.4.1_1,REU.4.1_1,0.0738000520923346,0.64809939715868,0.574299345066345,2025.15942328537,2025.23322333746,NA,NA,NA
4234,4235,REU.4.3_1,REU.4.3_1,0.0948137206711921,0.648161793266164,0.553348072594972,2025.1384720129,2025.23328573357,NA,NA,NA
3745,3746,REU.2.4_1,REU.2.4_1,0.0310436294185075,0.648970800765186,0.617927171346679,2025.20305111165,2025.23409474107,NA,NA,NA
3590,3591,REU.3.5_1,REU.3.5_1,0.00295903804632924,0.649141932718875,0.646182894672545,2025.23130683498,2025.23426587302,NA,NA,NA
3717,3718,REU.3.5_1,REU.4.3_1,0.0228329102309175,0.649179677334288,0.62634676710337,2025.21147070741,2025.23430361764,NA,NA,NA
5717,5718,REU.3.1_1,REU.4.8_1,0.0606968163128787,0.649322837930216,0.588626021617338,2025.17374996192,2025.23444677824,NA,NA,NA
4988,4989,REU.2.3_1,REU.2.3_1,0.0199622783311084,0.64966189620531,0.629699617874201,2025.21482355818,2025.23478583651,NA,NA,NA
5923,5924,REU.2.3_1,REU.2.3_1,0.0474214806017578,0.649822418552744,0.602400937950986,2025.18752487826,2025.23494635886,NA,NA,NA
4537,4538,REU.4.3_1,REU.4.8_1,0.0602564578672855,0.649956439376492,0.589699981509207,2025.17482392181,2025.23508037968,NA,NA,NA
5090,2741,REU.4.5_1,REU.4.5_1,0.151562741068155,0.65049249805076,0.498929756982606,2025.08405369729,2025.23561643836,CHIKV_RUN_S30b75_2025,55.606595,-21.320218
5901,2372,REU.3.4_1,REU.3.4_1,0.137459386170531,0.65049249805076,0.51303311188023,2025.09815705219,2025.23561643836,CHIKV_RUN_S31b22_2025,55.292571,-21.136332
5414,2139,REU.4.3_1,REU.4.3_1,0.129509454723787,0.65049249805076,0.520983043326973,2025.10610698363,2025.23561643836,CHIKV_RUN_S29b53_2025,55.501525,-21.239828
5230,2237,REU.3.5_1,REU.3.5_1,0.12150121430804,0.65049249805076,0.52899128374272,2025.11411522405,2025.23561643836,CHIKV_RUN_S42b12_2025,55.33153,-20.981613
3601,77,REU.4.8_1,REU.2.3_1,0.116879769988488,0.65049249805076,0.533612728062273,2025.11873666837,2025.23561643836,CHIKV_RUN_S29b16_2025,55.457508,-20.890217
4105,1473,REU.4.3_1,REU.2.3_1,0.108852817742909,0.65049249805076,0.541639680307852,2025.12676362061,2025.23561643836,CHIKV_RUN_S29b17_2025,55.449124,-20.893649
3757,963,REU.4.8_1,REU.2.2_1,0.10639720238765,0.65049249805076,0.54409529566311,2025.12921923597,2025.23561643836,CHIKV_RUN_S31b80_2025,55.30829,-20.93674
5465,2350,REU.4.5_1,REU.3.5_1,0.103652527463817,0.65049249805076,0.546839970586944,2025.13196391089,2025.23561643836,CHIKV_RUN_S29b65_2025,55.256009,-21.106651
5890,3003,REU.4.6_1,REU.3.2_1,0.103192873037365,0.65049249805076,0.547299625013395,2025.13242356532,2025.23561643836,CHIKV_RUN_S42b11_2025,55.335254,-21.241644
5010,8,REU.3.5_1,REU.2.3_1,0.100259665185248,0.65049249805076,0.550232832865512,2025.13535677317,2025.23561643836,CHIKV_RUN_S31b47_2025,55.430711,-20.890506
4612,1239,REU.4.4_1,REU.4.4_1,0.0994029265092576,0.65049249805076,0.551089571541503,2025.13621351185,2025.23561643836,CHIKV_RUN_S29b52_2025,55.57698,-21.337369
4780,631,REU.4.8_1,REU.3.5_1,0.0977099864694068,0.65049249805076,0.552782511581354,2025.13790645189,2025.23561643836,CHIKV_RUN_S31b78_2025,55.274841,-21.095882
4876,183,REU.4.7_1,REU.4.7_1,0.0925845135806149,0.65049249805076,0.557907984470146,2025.14303192478,2025.23561643836,CHIKV_RUN_S29b46_2025,55.737899,-21.367581
3597,90,REU.3.3_1,REU.3.3_1,0.090299531555559,0.65049249805076,0.560192966495201,2025.1453169068,2025.23561643836,CHIKV_RUN_S31b17_2025,55.292351,-21.106334
4580,1245,REU.4.4_1,REU.4.5_1,0.0894305236147158,0.650492498050761,0.561061974436045,2025.14618591474,2025.23561643836,CHIKV_RUN_S29b57_2025,55.605886,-21.329862
3722,251,REU.3.5_1,REU.3.5_1,0.0888993666360537,0.65049249805076,0.561593131414707,2025.14671707172,2025.23561643836,CHIKV_RUN_S31b19_2025,55.272887,-21.086919
3881,1031,REU.3.5_1,REU.3.5_1,0.0839246032237286,0.65049249805076,0.566567894827032,2025.15169183513,2025.23561643836,CHIKV_RUN_S31b12_2025,55.269664,-21.036141
3461,591,REU.4.8_1,REU.4.5_1,0.0836598630210585,0.65049249805076,0.566832635029702,2025.15195657534,2025.23561643836,CHIKV_RUN_S29b58_2025,55.673618,-21.376441
4760,1605,REU.4.3_1,REU.4.6_1,0.083099056327515,0.650492498050761,0.567393441723246,2025.15251738203,2025.23561643836,CHIKV_RUN_S29b59_2025,55.413884,-21.288321
4006,1379,REU.2.3_1,REU.2.5_1,0.0813067895108008,0.65049249805076,0.56918570853996,2025.15430964885,2025.23561643836,CHIKV_RUN_S29b30_2025,55.605591,-20.904544
4496,1641,REU.4.3_1,REU.2.3_1,0.0797684292322619,0.650492498050761,0.570724068818499,2025.15584800912,2025.23561643836,CHIKV_RUN_S29b28_2025,55.458475,-20.893018
5607,2579,REU.3.1_1,REU.2.3_1,0.0788871897399757,0.65049249805076,0.571605308310785,2025.15672924862,2025.23561643836,CHIKV_RUN_S29b47_2025,55.444796,-20.89773
4596,1241,REU.4.8_1,REU.4.8_1,0.0767846448726012,0.65049249805076,0.573707853178159,2025.15883179348,2025.23561643836,CHIKV_RUN_S29b60_2025,55.459004,-21.336513
4507,1457,REU.4.5_1,REU.3.5_1,0.0764093274219229,0.65049249805076,0.574083170628838,2025.15920711093,2025.23561643836,CHIKV_RUN_S29b51_2025,55.295015,-21.038842
5862,2967,REU.4.3_1,REU.4.3_1,0.0727254732326064,0.65049249805076,0.577767024818154,2025.16289096512,2025.23561643836,CHIKV_RUN_S42b13_2025,55.509603,-21.277875
5707,2634,REU.4.6_1,REU.4.8_1,0.0714328418093387,0.650492498050761,0.579059656241422,2025.16418359655,2025.23561643836,CHIKV_RUN_S30b29_2025,55.461892,-21.302238
6050,1821,REU.4.8_1,REU.4.8_1,0.0712715193883251,0.65049249805076,0.579220978662435,2025.16434491897,2025.23561643836,CHIKV_RUN_S29b24_2025,55.488598,-21.348668
4704,982,REU.2.3_1,REU.2.3_1,0.0703825010818322,0.65049249805076,0.580109996968928,2025.16523393727,2025.23561643836,CHIKV_RUN_S29b62_2025,55.490852,-20.906489
5922,2879,REU.2.3_1,REU.3.5_1,0.0656883871327719,0.650492498050761,0.584804110917989,2025.16992805122,2025.23561643836,CHIKV_RUN_S31b23_2025,55.22755,-21.081698
3398,570,REU.4.3_1,REU.4.3_1,0.0646526225608373,0.65049249805076,0.585839875489923,2025.1709638158,2025.23561643836,CHIKV_RUN_S29b37_2025,55.498189,-21.247328
4287,677,REU.4.3_1,REU.4.2_1,0.0590721111244785,0.65049249805076,0.591420386926282,2025.17654432723,2025.23561643836,CHIKV_RUN_S30b26_2025,55.496161,-21.24069
3270,416,REU.4.3_1,REU.2.5_1,0.0552775154645567,0.65049249805076,0.595214982586204,2025.18033892289,2025.23561643836,CHIKV_RUN_S29b66_2025,55.595296,-20.911144
6146,2058,REU.4.5_1,REU.4.5_1,0.0542312217892342,0.65049249805076,0.596261276261526,2025.18138521657,2025.23561643836,CHIKV_RUN_S30b52_2025,55.633093,-21.379684
3224,2600,REU.3.5_1,REU.3.5_1,0.0539711617961799,0.65049249805076,0.59652133625458,2025.18164527656,2025.23561643836,CHIKV_RUN_S42b16_2025,55.262479,-21.041451
5971,2904,REU.2.3_1,REU.2.3_1,0.0481475842795215,0.65049249805076,0.602344913771239,2025.18746885408,2025.23561643836,CHIKV_RUN_S29b29_2025,55.463836,-20.896781
3260,603,REU.4.3_1,REU.4.3_1,0.0380803425530507,0.65049249805076,0.61241215549771,2025.1975360958,2025.23561643836,CHIKV_RUN_S29b55_2025,55.519951,-21.277356
4468,923,REU.2.3_1,REU.2.4_1,0.0374280853889914,0.65049249805076,0.613064412661769,2025.19818835297,2025.23561643836,CHIKV_RUN_S29b74_2025,55.522971,-20.926297
5323,2276,REU.3.1_1,REU.4.3_1,0.035334609731727,0.65049249805076,0.615157888319034,2025.20028182862,2025.23561643836,CHIKV_RUN_S29b45_2025,55.50628,-21.26204
3128,2402,REU.3.4_1,REU.3.4_1,0.0345345242712429,0.65049249805076,0.615957973779518,2025.20108191408,2025.23561643836,CHIKV_RUN_S30b56_2025,55.305528,-21.214523
4194,359,REU.2.3_1,REU.2.3_1,0.031156904401921,0.65049249805076,0.61933559364884,2025.20445953395,2025.23561643836,CHIKV_RUN_S29b61_2025,55.475102,-20.892769
6029,2639,REU.3.5_1,REU.3.5_1,0.0291773876514527,0.65049249805076,0.621315110399308,2025.2064390507,2025.23561643836,CHIKV_RUN_S42b08_2025,55.326384,-20.987562
3678,1503,REU.4.3_1,REU.4.4_1,0.0239993464800335,0.65049249805076,0.626493151570727,2025.21161709188,2025.23561643836,CHIKV_RUN_S30b37_2025,55.563462,-21.360667
4311,725,REU.2.3_1,REU.2.3_1,0.0222694169136262,0.65049249805076,0.628223081137134,2025.21334702144,2025.23561643836,CHIKV_RUN_S30b16_2025,55.458044,-20.904445
5025,2686,REU.4.8_1,REU.3.5_1,0.0192944220754534,0.65049249805076,0.631198075975307,2025.21632201628,2025.23561643836,CHIKV_RUN_S31b81_2025,55.230356,-21.061674
5121,1785,REU.2.3_1,REU.2.3_1,0.0145504184008668,0.65049249805076,0.635942079649894,2025.22106601996,2025.23561643836,CHIKV_RUN_S29b63_2025,55.48458,-20.888669
5072,1830,REU.2.3_1,REU.2.3_1,0.00726040197073707,0.65049249805076,0.643232096080023,2025.22835603639,2025.23561643836,CHIKV_RUN_S29b15_2025,55.452436,-20.89184
4520,1332,REU.3.5_1,REU.3.5_1,0.00503360385004059,0.650492498050761,0.64545889420072,2025.23058283451,2025.23561643836,CHIKV_RUN_S31b86_2025,55.229846,-21.027991
3732,3733,REU.3.5_1,REU.3.5_1,0.082912859286906,0.650659382234572,0.567746522947666,2025.15287046325,2025.23578332254,NA,NA,NA
4199,4200,REU.2.3_1,REU.4.8_1,0.0442184271313395,0.650738035588184,0.606519608456845,2025.19164354876,2025.23586197589,NA,NA,NA
3476,3480,REU.4.8_1,REU.2.3_1,0.0934801537410621,0.65085099962391,0.557370845882848,2025.14249478619,2025.23597493993,NA,NA,NA
5759,5760,REU.2.5_1,REU.2.5_1,0.0443043470541673,0.651186467877055,0.606882120822888,2025.19200606113,2025.23631040818,NA,NA,NA
6203,6204,REU.2.3_1,REU.2.3_1,0.00977266517693764,0.651435469272339,0.641662804095402,2025.2267867444,2025.23655940958,NA,NA,NA
6141,6143,REU.4.5_1,REU.4.5_1,0.0893255513111474,0.651473393004975,0.562147841693827,2025.147271782,2025.23659733331,NA,NA,NA
5231,5232,REU.3.5_1,REU.2.2_1,0.0888015203064589,0.651848581769496,0.563047061463037,2025.14817100177,2025.23697252207,NA,NA,NA
5867,5868,REU.3.4_1,REU.3.4_1,0.0755772854539436,0.651886055277775,0.576308769823832,2025.16143271013,2025.23700999558,NA,NA,NA
3316,3317,REU.2.3_1,REU.2.3_1,0.022989343283386,0.652538761518741,0.629549418235355,2025.21467335854,2025.23766270182,NA,NA,NA
3207,3208,REU.4.8_1,REU.4.4_1,0.0913495731740426,0.652673849981673,0.561324276807631,2025.14644821711,2025.23779779029,NA,NA,NA
5588,2323,REU.3.1_1,REU.4.6_1,0.227984743533121,0.653232224078118,0.425247480544997,2025.01037142085,2025.23835616438,CHIKV_RUN_S30b63_2025,55.447786,-21.271412
3867,1720,REU.4.3_1,REU.3.5_1,0.199913457715492,0.653232224078118,0.453318766362626,2025.03844270667,2025.23835616438,CHIKV_RUN_S31b18_2025,55.27004,-21.038134
5143,2663,REU.3.1_1,REU.4.1_1,0.180612962906898,0.653232224078118,0.47261926117122,2025.05774320148,2025.23835616438,CHIKV_RUN_S30b71_2025,55.470808,-21.138398
6123,2041,REU.4.5_1,REU.4.5_1,0.151393518556548,0.653232224078118,0.50183870552157,2025.08696264583,2025.23835616438,CHIKV_RUN_S30b34_2025,55.659141,-21.357791
6044,1163,REU.3.4_1,REU.3.4_1,0.1477493579956,0.653232224078118,0.505482866082518,2025.09060680639,2025.23835616438,CHIKV_RUN_S31b52_2025,55.296204,-21.203808
5544,2530,REU.4.1_1,REU.4.1_1,0.131163142596731,0.653232224078118,0.522069081481387,2025.10719302179,2025.23835616438,CHIKV_RUN_S30b30_2025,55.468557,-21.135506
3827,1701,REU.4.3_1,REU.4.8_1,0.121840526471096,0.653232224078118,0.531391697607022,2025.11651563791,2025.23835616438,CHIKV_RUN_S30b47_2025,55.462542,-21.29378
5151,2667,REU.3.1_1,REU.3.2_1,0.118029583066393,0.653232224078118,0.535202641011724,2025.12032658132,2025.23835616438,CHIKV_RUN_S30b61_2025,55.361373,-21.213462
6070,1850,REU.3.1_1,REU.2.1_1,0.115633790599606,0.653232224078118,0.537598433478512,2025.12272237378,2025.23835616438,CHIKV_RUN_S31b27_2025,55.341257,-20.947574
5524,2176,REU.4.3_1,REU.4.6_1,0.111044673376312,0.653232224078118,0.542187550701806,2025.12731149101,2025.23835616438,CHIKV_RUN_S30b46_2025,55.420706,-21.274223
4788,1685,REU.4.8_1,REU.4.3_1,0.107579811367464,0.653232224078118,0.545652412710654,2025.13077635302,2025.23835616438,CHIKV_RUN_S26b22_2025,55.543024,-21.238465
3996,1377,REU.2.3_1,REU.2.4_1,0.106567404549113,0.653232224078118,0.546664819529005,2025.13178875983,2025.23835616438,CHIKV_RUN_S30b40_2025,55.559144,-20.90001
6132,2077,REU.3.4_1,REU.3.4_1,0.0986439190111224,0.653232224078118,0.554588305066996,2025.13971224537,2025.23835616438,CHIKV_RUN_S26b24_2025,55.300262,-21.173704
5516,1960,REU.4.5_1,REU.4.6_1,0.0931496782149858,0.653232224078118,0.560082545863132,2025.14520648617,2025.23835616438,CHIKV_RUN_S30b70_2025,55.444091,-21.264059
3625,96,REU.4.8_1,REU.4.4_1,0.0917190235474173,0.653232224078118,0.5615132005307,2025.14663714084,2025.23835616438,CHIKV_RUN_S30b67_2025,55.539696,-21.338031
4321,830,REU.4.8_1,REU.3.5_1,0.0786187210291727,0.653232224078118,0.574613503048945,2025.15973744335,2025.23835616438,CHIKV_RUN_S31b06_2025,55.306962,-21.089143
5219,2487,REU.3.1_1,REU.4.8_1,0.0768235912168141,0.653232224078118,0.576408632861304,2025.16153257317,2025.23835616438,CHIKV_RUN_S30b62_2025,55.48122,-21.322084
4654,142,REU.4.8_1,REU.4.8_1,0.0666624703509066,0.653232224078118,0.586569753727211,2025.17169369403,2025.23835616438,CHIKV_RUN_S30b35_2025,55.456737,-21.304468
3214,2596,REU.4.8_1,REU.4.4_1,0.0659700548956045,0.653232224078118,0.587262169182514,2025.17238610949,2025.23835616438,CHIKV_RUN_S30b57_2025,55.561053,-21.354422
4517,1327,REU.3.5_1,REU.3.5_1,0.0657411857308681,0.653232224078118,0.58749103834725,2025.17261497865,2025.23835616438,CHIKV_RUN_S31b11_2025,55.257712,-21.05941
4427,835,REU.1.3_1,REU.1.3_1,0.0631358924754575,0.653232224078118,0.59009633160266,2025.17522027191,2025.23835616438,CHIKV_RUN_S30b68_2025,55.650322,-20.936429
5986,2923,REU.2.3_1,REU.2.3_1,0.0596306506036806,0.653232224078118,0.593601573474437,2025.17872551378,2025.23835616438,CHIKV_RUN_S29b70_2025,55.490149,-20.929323
5999,2925,REU.2.3_1,REU.2.3_1,0.0516969206525865,0.653232224078118,0.601535303425532,2025.18665924373,2025.23835616438,CHIKV_RUN_S29b68_2025,55.504931,-20.911832
3209,2599,REU.4.8_1,REU.3.5_1,0.0491981697771297,0.653232224078118,0.604034054300988,2025.18915799461,2025.23835616438,CHIKV_RUN_S31b24_2025,55.321666,-20.982034
5224,2153,REU.4.6_1,REU.4.6_1,0.0457250448115372,0.653232224078118,0.60750717926658,2025.19263111957,2025.23835616438,CHIKV_RUN_S30b53_2025,55.44237,-21.273582
3474,466,REU.2.3_1,REU.2.3_1,0.0431201194509561,0.653232224078118,0.610112104627162,2025.19523604493,2025.23835616438,CHIKV_RUN_S29b69_2025,55.5024,-20.917869
3525,1625,REU.3.5_1,REU.3.5_1,0.0373943818988947,0.653232224078118,0.615837842179223,2025.20096178248,2025.23835616438,CHIKV_RUN_S31b14_2025,55.305816,-21.027193
5491,1936,REU.4.6_1,REU.4.6_1,0.0366068114482013,0.653232224078118,0.616625412629917,2025.20174935294,2025.23835616438,CHIKV_RUN_S30b28_2025,55.435364,-21.268531
3532,295,REU.4.3_1,REU.2.3_1,0.0328765838360543,0.653232224078118,0.620355640242064,2025.20547958055,2025.23835616438,CHIKV_RUN_S30b43_2025,55.457472,-20.886396
5190,2363,REU.3.4_1,REU.3.4_1,0.0204889733774739,0.653232224078118,0.632743250700644,2025.21786719101,2025.23835616438,CHIKV_RUN_S30b69_2025,55.300283,-21.174019
4664,160,REU.3.5_1,REU.3.5_1,0.0183940384529038,0.653232224078118,0.634838185625214,2025.21996212593,2025.23835616438,CHIKV_RUN_S31b32_2025,55.272565,-21.081898
4720,1004,REU.2.3_1,REU.2.3_1,0.0118467869440817,0.653232224078118,0.641385437134036,2025.22650937744,2025.23835616438,CHIKV_RUN_S30b45_2025,55.480475,-20.915215
4270,861,REU.4.8_1,REU.4.8_1,0.00897666036294664,0.653232224078118,0.644255563715171,2025.22937950402,2025.23835616438,CHIKV_RUN_S30b60_2025,55.453675,-21.299911
3738,948,REU.3.5_1,REU.3.5_1,0.00635851387803799,0.653232224078118,0.64687371020008,2025.23199765051,2025.23835616438,CHIKV_RUN_S31b09_2025,55.284423,-20.989727
3733,970,REU.3.5_1,REU.3.5_1,0.00257284184354645,0.653232224078118,0.650659382234572,2025.23578332254,2025.23835616438,CHIKV_RUN_S31b16_2025,55.278268,-21.047869
5760,1988,REU.2.5_1,REU.2.5_1,0.00204575620106284,0.653232224078118,0.651186467877055,2025.23631040818,2025.23835616438,CHIKV_RUN_S30b44_2025,55.583011,-20.933066
5690,5691,REU.4.3_1,REU.4.8_1,0.148487386658119,0.653360423103628,0.504873036445509,2025.08999697675,2025.23848436341,NA,NA,NA
5409,5410,REU.4.5_1,REU.4.8_1,0.0206623552175786,0.653414970071821,0.632752614854242,2025.21787655516,2025.23853891038,NA,NA,NA
4781,4782,REU.4.8_1,REU.4.8_1,0.0766325705226896,0.653933543883909,0.577300973361219,2025.16242491367,2025.23905748419,NA,NA,NA
4636,4637,REU.2.3_1,REU.2.3_1,0.0193826282120817,0.654068431605264,0.634685803393183,2025.2198097437,2025.23919237191,NA,NA,NA
4250,4251,REU.4.3_1,REU.4.3_1,0.0204999410047666,0.654160146334319,0.633660205329552,2025.21878414564,2025.23928408664,NA,NA,NA
3412,3413,REU.4.8_1,REU.4.8_1,0.00632905115449045,0.654246712246708,0.647917661092217,2025.2330416014,2025.23937065255,NA,NA,NA
5566,5567,REU.4.8_1,REU.3.5_1,0.016938567465237,0.654510744394311,0.637572176929074,2025.22269611723,2025.2396346847,NA,NA,NA
5321,5322,REU.3.1_1,REU.4.8_1,0.0742002588076861,0.65477061902483,0.580570360217143,2025.16569430052,2025.23989455933,NA,NA,NA
5317,5318,REU.4.4_1,REU.4.5_1,0.0887218776770989,0.655134024355655,0.566412146678556,2025.15153608698,2025.24025796466,NA,NA,NA
6126,6129,REU.4.5_1,REU.4.5_1,0.120300256617279,0.655161977561344,0.534861720944065,2025.11998566125,2025.24028591787,NA,NA,NA
5209,5210,REU.3.4_1,REU.3.4_1,0.0150352969208023,0.655382062300091,0.640346765379289,2025.22547070568,2025.24050600261,NA,NA,NA
5051,5053,REU.3.1_1,REU.3.1_1,0.107608522807246,0.65569265009994,0.548084127292695,2025.1332080676,2025.24081659041,NA,NA,NA
5484,5485,REU.3.5_1,REU.2.3_1,0.067045786916919,0.655780400434235,0.588734613517316,2025.17385855382,2025.24090434074,NA,NA,NA
3834,1764,REU.4.3_1,REU.4.2_1,0.229585386813623,0.655971950105475,0.426386563291852,2025.0115105036,2025.24109589041,CHIKV_RUN_S30b84_2025,55.469381,-21.248864
4244,761,REU.4.3_1,REU.3.5_1,0.208038786190013,0.655971950105475,0.447933163915463,2025.03305710422,2025.24109589041,CHIKV_RUN_S31b51_2025,55.334376,-20.988542
3584,1294,REU.4.8_1,REU.1.4_1,0.203834501469481,0.655971950105475,0.452137448635995,2025.03726138894,2025.24109589041,CHIKV_RUN_S33b13_2025,55.724049,-21.088814
5134,920,REU.4.3_1,REU.4.3_1,0.18097657681271,0.655971950105475,0.474995373292765,2025.0601193136,2025.24109589041,CHIKV_RUN_S31b29_2025,55.523975,-21.277892
4798,1603,REU.4.3_1,REU.3.5_1,0.179780120263318,0.655971950105475,0.476191829842158,2025.06131577015,2025.24109589041,CHIKV_RUN_S30b95_2025,55.224623,-21.074636
4268,717,REU.4.3_1,REU.4.3_1,0.138850805430862,0.655971950105475,0.517121144674613,2025.10224508498,2025.24109589041,CHIKV_RUN_S31b25_2025,55.497735,-21.264245
3799,883,REU.4.3_1,REU.4.3_1,0.138747986211804,0.655971950105475,0.517223963893671,2025.1023479042,2025.24109589041,CHIKV_RUN_S30b76_2025,55.523173,-21.24821
4065,1573,REU.4.3_1,REU.3.5_1,0.134992818242667,0.655971950105475,0.520979131862809,2025.10610307217,2025.24109589041,CHIKV_RUN_S31b61_2025,55.29503,-20.985611
3731,959,REU.3.5_1,REU.3.5_1,0.124596060951772,0.655971950105475,0.531375889153703,2025.11649982946,2025.24109589041,CHIKV_RUN_S31b50_2025,55.273589,-21.037075
4745,983,REU.2.3_1,REU.2.3_1,0.123483068445037,0.655971950105475,0.532488881660438,2025.11761282197,2025.24109589041,CHIKV_RUN_S30b39_2025,55.459113,-20.888358
3982,904,REU.4.3_1,REU.2.3_1,0.116028175808806,0.655971950105475,0.539943774296669,2025.1250677146,2025.24109589041,CHIKV_RUN_S30b51_2025,55.472983,-20.922081
4543,1242,REU.4.4_1,REU.4.4_1,0.110012915147678,0.655971950105475,0.545959034957797,2025.13108297526,2025.24109589041,CHIKV_RUN_S31b20_2025,55.560447,-21.351132
4938,211,REU.4.5_1,REU.4.5_1,0.109276398396341,0.655971950105475,0.546695551709134,2025.13181949201,2025.24109589041,CHIKV_RUN_S30b78_2025,55.608949,-21.335723
5241,2336,REU.4.8_1,REU.4.2_1,0.0865052239591555,0.655971950105475,0.56946672614632,2025.15459066645,2025.24109589041,CHIKV_RUN_S26b20_2025,55.47803,-21.249929
4374,772,REU.4.6_1,REU.4.6_1,0.083966626907405,0.655971950105475,0.57200532319807,2025.1571292635,2025.24109589041,CHIKV_RUN_S30b74_2025,55.450091,-21.272344
6059,3015,REU.4.8_1,REU.4.4_1,0.0781440363381984,0.655971950105475,0.577827913767277,2025.16295185407,2025.24109589041,CHIKV_RUN_S30b85_2025,55.560982,-21.346807
4634,135,REU.4.3_1,REU.2.2_1,0.0773675634722101,0.655971950105475,0.578604386633265,2025.16372832694,2025.24109589041,CHIKV_RUN_S31b70_2025,55.30402,-20.942047
5950,2891,REU.2.3_1,REU.2.4_1,0.0758261156444472,0.655971950105475,0.580145834461028,2025.16526977477,2025.24109589041,CHIKV_RUN_S30b33_2025,55.520113,-20.940545
3788,1344,REU.4.3_1,REU.4.3_1,0.0712376878298038,0.655971950105475,0.584734262275671,2025.16985820258,2025.24109589041,CHIKV_RUN_S30b81_2025,55.508517,-21.242827
5775,3038,REU.4.3_1,REU.4.4_1,0.0659292796381874,0.655971950105475,0.590042670467288,2025.17516661077,2025.24109589041,CHIKV_RUN_S31b44_2025,55.5662,-21.350213
3942,907,REU.3.5_1,REU.2.4_1,0.0658386958462026,0.655971950105475,0.590133254259273,2025.17525719456,2025.24109589041,CHIKV_RUN_S30b32_2025,55.54758,-20.897653
4204,342,REU.2.2_1,REU.2.2_1,0.0643899379391434,0.655971950105475,0.591582012166332,2025.17670595247,2025.24109589041,CHIKV_RUN_S31b84_2025,55.293544,-20.935991
5381,1887,REU.3.5_1,REU.3.5_1,0.0614652500661309,0.655971950105475,0.594506700039344,2025.17963064034,2025.24109589041,CHIKV_RUN_S31b62_2025,55.283424,-20.983434
5468,2347,REU.2.3_1,REU.2.1_1,0.0598847854402728,0.655971950105475,0.596087164665203,2025.18121110497,2025.24109589041,CHIKV_RUN_S31b21_2025,55.334207,-20.966192
4231,658,REU.4.8_1,REU.4.8_1,0.0593474808328676,0.655971950105475,0.596624469272608,2025.18174840958,2025.24109589041,CHIKV_RUN_S30b89_2025,55.471427,-21.29194
4922,229,REU.4.7_1,REU.4.7_1,0.0586407298136693,0.655971950105475,0.597331220291806,2025.1824551606,2025.24109589041,CHIKV_RUN_S30b88_2025,55.769089,-21.357285
3174,2434,REU.3.4_1,REU.3.4_1,0.0557717097929948,0.655971950105475,0.60020024031248,2025.18532418062,2025.24109589041,CHIKV_RUN_S30b73_2025,55.316598,-21.218075
3421,522,REU.4.6_1,REU.3.5_1,0.0501855865725995,0.655971950105475,0.605786363532876,2025.19091030384,2025.24109589041,CHIKV_RUN_S31b07_2025,55.319073,-20.991453
5009,7,REU.3.5_1,REU.3.5_1,0.0492294189395869,0.655971950105475,0.606742531165888,2025.19186647147,2025.24109589041,CHIKV_RUN_S31b65_2025,55.231346,-21.053707
5689,2185,REU.4.4_1,REU.1.1_1,0.0450846752263269,0.655971950105475,0.610887274879148,2025.19601121518,2025.24109589041,CHIKV_RUN_S30b41_2025,55.682137,-20.974956
3315,395,REU.4.3_1,REU.4.3_1,0.0441140686018282,0.655971950105475,0.611857881503647,2025.19698182181,2025.24109589041,CHIKV_RUN_S30b94_2025,55.514321,-21.270576
5188,2177,REU.4.8_1,REU.2.3_1,0.0437452369594467,0.655971950105475,0.612226713146029,2025.19735065345,2025.24109589041,CHIKV_RUN_S31b55_2025,55.444215,-20.878738
4700,976,REU.2.3_1,REU.2.3_1,0.0382714016083543,0.655971950105475,0.617700548497121,2025.2028244888,2025.24109589041,CHIKV_RUN_S30b58_2025,55.488541,-20.891439
4823,1735,REU.4.3_1,REU.2.3_1,0.0380745137413202,0.655971950105475,0.617897436364155,2025.20302137667,2025.24109589041,CHIKV_RUN_S30b50_2025,55.483666,-20.911912
5422,1846,REU.3.5_1,REU.3.5_1,0.0376465082893838,0.655971950105475,0.618325441816092,2025.20344938212,2025.24109589041,CHIKV_RUN_S31b68_2025,55.321122,-20.98595
6177,1870,REU.4.8_1,REU.4.6_1,0.0367117004750322,0.655971950105475,0.619260249630443,2025.20438418994,2025.24109589041,CHIKV_RUN_S30b80_2025,55.450501,-21.273463
3406,566,REU.4.8_1,REU.2.4_1,0.0292815328692164,0.655971950105475,0.626690417236259,2025.21181435754,2025.24109589041,CHIKV_RUN_S30b36_2025,55.514898,-20.922767
4652,1122,REU.3.5_1,REU.3.5_1,0.0243679591505103,0.655971950105475,0.631603990954965,2025.21672793126,2025.24109589041,CHIKV_RUN_S31b67_2025,55.266161,-21.086782
5437,2203,REU.3.4_1,REU.3.4_1,0.0220153288628033,0.655971950105475,0.633956621242672,2025.21908056155,2025.24109589041,CHIKV_RUN_S31b08_2025,55.328769,-21.22958
4664,163,REU.3.5_1,REU.3.5_1,0.0211337644802612,0.655971950105475,0.634838185625214,2025.21996212593,2025.24109589041,CHIKV_RUN_S31b59_2025,55.271355,-21.053519
5941,2866,REU.2.3_1,REU.2.3_1,0.0168483098950939,0.655971950105475,0.639123640210381,2025.22424758052,2025.24109589041,CHIKV_RUN_S30b31_2025,55.467272,-20.907725
4858,1435,REU.4.8_1,REU.4.4_1,0.0166902965601565,0.655971950105475,0.639281653545319,2025.22440559385,2025.24109589041,CHIKV_RUN_S30b83_2025,55.561076,-21.353401
3480,478,REU.2.3_1,REU.2.3_1,0.00512095048156547,0.655971950105475,0.65085099962391,2025.23597493993,2025.24109589041,CHIKV_RUN_S30b42_2025,55.489584,-20.932198
4170,4171,REU.4.8_1,REU.1.3_1,0.101171369744418,0.656337361337114,0.555165991592695,2025.1402899319,2025.24146130164,NA,NA,NA
4642,4643,REU.2.3_1,REU.2.3_1,0.0840289759647301,0.656654873646246,0.572625897681516,2025.15774983799,2025.24177881395,NA,NA,NA
4737,4739,REU.2.3_1,REU.2.3_1,0.103678858069063,0.656671914280376,0.552993056211313,2025.13811699652,2025.24179585459,NA,NA,NA
3928,3931,REU.4.3_1,REU.4.3_1,0.171595723752755,0.657672763886375,0.48607704013362,2025.07120098044,2025.24279670419,NA,NA,NA
5894,2938,REU.3.4_1,REU.1.4_1,0.186824268861991,0.65871167613306,0.471887407271069,2025.05701134758,2025.24383561644,CHIKV_RUN_S33b15_2025,55.68545,-21.050746
4290,816,REU.4.3_1,REU.4.3_1,0.182148330096658,0.65871167613306,0.476563346036402,2025.06168728634,2025.24383561644,CHIKV_RUN_S31b30_2025,55.530723,-21.256717
4332,844,REU.4.3_1,REU.4.3_1,0.167879338101614,0.65871167613306,0.490832338031446,2025.07595627834,2025.24383561644,CHIKV_RUN_S31b10_2025,55.515475,-21.265196
4359,804,REU.4.8_1,REU.2.2_1,0.161299172240359,0.65871167613306,0.497412503892701,2025.0825364442,2025.24383561644,CHIKV_RUN_S31b77_2025,55.308875,-20.951313
5431,1822,REU.4.6_1,REU.4.3_1,0.159327538157268,0.65871167613306,0.499384137975792,2025.08450807828,2025.24383561644,CHIKV_RUN_S36b89_2025,55.497061,-21.269621
5895,2951,REU.3.4_1,REU.1.3_1,0.15901650880016,0.65871167613306,0.499695167332901,2025.08481910764,2025.24383561644,CHIKV_RUN_S33b20_2025,55.647123,-20.963114
4317,851,REU.2.3_1,REU.2.3_1,0.157660619856441,0.65871167613306,0.501051056276619,2025.08617499658,2025.24383561644,CHIKV_RUN_S31b60_2025,55.470917,-20.898528
4305,737,REU.4.3_1,REU.4.6_1,0.153966675332642,0.65871167613306,0.504745000800418,2025.08986894111,2025.24383561644,CHIKV_RUN_S30b93_2025,55.393657,-21.292512
4298,846,REU.4.3_1,REU.4.3_1,0.15185532340056,0.65871167613306,0.5068563527325,2025.09198029304,2025.24383561644,CHIKV_RUN_S31b82_2025,55.518912,-21.264699
5565,2785,REU.4.3_1,REU.4.8_1,0.144270485246996,0.65871167613306,0.514441190886064,2025.09956513119,2025.24383561644,CHIKV_RUN_S31b42_2025,55.48181,-21.330446
3768,619,REU.4.3_1,REU.4.3_1,0.117201466107361,0.65871167613306,0.541510210025699,2025.12663415033,2025.24383561644,CHIKV_RUN_S37b65_2025,55.531084,-21.283712
6102,2072,REU.4.5_1,REU.2.3_1,0.115992749866066,0.65871167613306,0.542718926266994,2025.12784286657,2025.24383561644,CHIKV_RUN_S31b56_2025,55.412937,-20.898481
5125,1878,REU.4.8_1,REU.4.8_1,0.114099698289696,0.65871167613306,0.544611977843364,2025.12973591815,2025.24383561644,CHIKV_RUN_S31b33_2025,55.44777,-21.304014
5180,1804,REU.3.4_1,REU.3.5_1,0.111919021963095,0.65871167613306,0.546792654169965,2025.13191659448,2025.24383561644,CHIKV_RUN_S31b95_2025,55.269241,-21.05027
4638,130,REU.4.8_1,REU.2.3_1,0.108713177875503,0.65871167613306,0.549998498257557,2025.13512243856,2025.24383561644,CHIKV_RUN_S31b76_2025,55.448661,-20.897523
4067,606,REU.4.3_1,REU.2.3_1,0.108143059903636,0.65871167613306,0.550568616229424,2025.13569255653,2025.24383561644,CHIKV_RUN_S31b40_2025,55.442185,-20.896565
3608,85,REU.4.8_1,REU.2.2_1,0.107453827175851,0.65871167613306,0.551257848957209,2025.13638178926,2025.24383561644,CHIKV_RUN_S32b10_2025,55.301294,-20.939918
3428,554,REU.2.3_1,REU.2.4_1,0.10617531661812,0.65871167613306,0.55253635951494,2025.13766029982,2025.24383561644,CHIKV_RUN_S36b90_2025,55.516176,-20.923373
3294,409,REU.4.6_1,REU.1.6_1,0.101167985464966,0.65871167613306,0.557543690668094,2025.14266763097,2025.24383561644,CHIKV_RUN_S33b19_2025,55.523473,-21.062752
4169,1164,REU.4.8_1,REU.2.3_1,0.098775580715521,0.65871167613306,0.559936095417539,2025.14506003572,2025.24383561644,CHIKV_RUN_S31b58_2025,55.458475,-20.893018
4733,989,REU.2.3_1,REU.2.3_1,0.0980478669223719,0.65871167613306,0.560663809210688,2025.14578774952,2025.24383561644,CHIKV_RUN_S33b22_2025,55.494723,-20.92514
3670,1487,REU.4.8_1,REU.1.4_1,0.0963636116177386,0.65871167613306,0.562348064515321,2025.14747200482,2025.24383561644,CHIKV_RUN_S33b16_2025,55.70293,-21.06832
4940,219,REU.4.5_1,REU.4.5_1,0.0928079075184043,0.65871167613306,0.565903768614656,2025.15102770892,2025.24383561644,CHIKV_RUN_S30b92_2025,55.617042,-21.379792
5661,2711,REU.1.4_1,REU.1.4_1,0.0850264604503868,0.65871167613306,0.573685215682673,2025.15880915599,2025.24383561644,CHIKV_RUN_S33b11_2025,55.708415,-21.030903
4902,199,REU.2.3_1,REU.2.3_1,0.0808682471294606,0.65871167613306,0.577843429003599,2025.16296736931,2025.24383561644,CHIKV_RUN_S31b37_2025,55.450929,-20.894839
5183,1801,REU.3.4_1,REU.1.4_1,0.0801594953296845,0.65871167613306,0.578552180803376,2025.16367612111,2025.24383561644,CHIKV_RUN_S33b12_2025,55.742885,-21.079844
4382,715,REU.4.3_1,REU.4.2_1,0.0797250078911329,0.65871167613306,0.578986668241927,2025.16411060855,2025.24383561644,CHIKV_RUN_S37b78_2025,55.467646,-21.249082
3343,465,REU.3.1_1,REU.3.1_1,0.079037419990138,0.65871167613306,0.579674256142922,2025.16479819645,2025.24383561644,CHIKV_RUN_S37b79_2025,55.336515,-21.274289
4386,867,REU.4.3_1,REU.3.5_1,0.0753185983742699,0.65871167613306,0.58339307775879,2025.16851701806,2025.24383561644,CHIKV_RUN_S31b54_2025,55.217736,-21.04111
4514,1449,REU.4.8_1,REU.2.1_1,0.0748365192678542,0.65871167613306,0.583875156865206,2025.16899909717,2025.24383561644,CHIKV_RUN_S31b71_2025,55.347512,-20.928977
5342,2242,REU.4.8_1,REU.3.5_1,0.073065504429106,0.65871167613306,0.585646171703954,2025.17077011201,2025.24383561644,CHIKV_RUN_S31b53_2025,55.230324,-21.083244
5074,2160,REU.2.2_1,REU.2.2_1,0.0710687160975181,0.65871167613306,0.587642960035542,2025.17276690034,2025.24383561644,CHIKV_RUN_S32b05_2025,55.299459,-20.936075
5195,2170,REU.3.4_1,REU.3.4_1,0.0690460523508625,0.65871167613306,0.589665623782198,2025.17478956409,2025.24383561644,CHIKV_RUN_S32b27_2025,55.317006,-21.214456
3223,2605,REU.3.5_1,REU.2.2_1,0.0660221314948122,0.65871167613306,0.592689544638248,2025.17781348494,2025.24383561644,CHIKV_RUN_S31b85_2025,55.305362,-20.941873
5652,3099,REU.4.8_1,REU.4.8_1,0.0628349951244236,0.65871167613306,0.595876681008636,2025.18100062131,2025.24383561644,CHIKV_RUN_S31b88_2025,55.472167,-21.334064
5468,2351,REU.2.3_1,REU.4.6_1,0.0626245114678575,0.65871167613306,0.596087164665203,2025.18121110497,2025.24383561644,CHIKV_RUN_S31b90_2025,55.428657,-21.288549
3786,1390,REU.4.3_1,REU.4.3_1,0.0615336206220662,0.65871167613306,0.597178055510994,2025.18230199582,2025.24383561644,CHIKV_RUN_S30b86_2025,55.528216,-21.261163
3381,527,REU.4.8_1,REU.3.4_1,0.059327329522391,0.65871167613306,0.599384346610669,2025.18450828692,2025.24383561644,CHIKV_RUN_S32b09_2025,55.304125,-21.156785
5772,3037,REU.4.3_1,REU.4.6_1,0.0588049481479018,0.65871167613306,0.599906727985158,2025.18503066829,2025.24383561644,CHIKV_RUN_S31b41_2025,55.429476,-21.262486
6137,2088,REU.4.5_1,REU.4.5_1,0.0582613114151856,0.65871167613306,0.600450364717874,2025.18557430502,2025.24383561644,CHIKV_RUN_S31b35_2025,55.63232,-21.350249
5971,2901,REU.2.3_1,REU.2.3_1,0.056366762361821,0.65871167613306,0.602344913771239,2025.18746885408,2025.24383561644,CHIKV_RUN_S31b57_2025,55.500686,-20.922746
3479,467,REU.4.8_1,REU.2.3_1,0.0515878471482958,0.65871167613306,0.607123828984764,2025.19224776929,2025.24383561644,CHIKV_RUN_S31b72_2025,55.469478,-20.895391
4709,999,REU.2.3_1,REU.2.3_1,0.0506829550969526,0.65871167613306,0.608028721036107,2025.19315266134,2025.24383561644,CHIKV_RUN_S31b64_2025,55.464572,-20.884325
3863,1134,REU.2.3_1,REU.2.3_1,0.0492764457089363,0.65871167613306,0.609435230424124,2025.19455917073,2025.24383561644,CHIKV_RUN_S31b74_2025,55.43303,-20.88394
4960,54,REU.3.1_1,REU.3.1_1,0.0488871315531805,0.65871167613306,0.60982454457988,2025.19494848489,2025.24383561644,CHIKV_RUN_S31b94_2025,55.390323,-21.258209
4472,1036,REU.4.8_1,REU.4.5_1,0.0436548258487442,0.65871167613306,0.615056850284316,2025.20018079059,2025.24383561644,CHIKV_RUN_S31b43_2025,55.623625,-21.379174
3901,930,REU.4.8_1,REU.3.5_1,0.0423579487790171,0.65871167613306,0.616353727354043,2025.20147766766,2025.24383561644,CHIKV_RUN_S32b07_2025,55.282841,-21.031306
5491,1943,REU.4.6_1,REU.4.8_1,0.0420862635031435,0.65871167613306,0.616625412629917,2025.20174935294,2025.24383561644,CHIKV_RUN_S31b87_2025,55.483535,-21.345746
4344,756,REU.3.5_1,REU.3.5_1,0.0386650113524754,0.65871167613306,0.620046664780585,2025.20517060509,2025.24383561644,CHIKV_RUN_S31b63_2025,55.281544,-21.042635
5502,2722,REU.3.1_1,REU.3.4_1,0.0374408593696154,0.65871167613306,0.621270816763445,2025.20639475707,2025.24383561644,CHIKV_RUN_S32b14_2025,55.307358,-21.169662
4004,1375,REU.2.3_1,REU.2.4_1,0.0366035785388001,0.65871167613306,0.62210809759426,2025.2072320379,2025.24383561644,CHIKV_RUN_S30b25_2025,55.55816,-20.896887
3182,2418,REU.3.4_1,REU.3.4_1,0.036016368018631,0.65871167613306,0.622695308114429,2025.20781924842,2025.24383561644,CHIKV_RUN_S31b73_2025,55.303288,-21.219252
3866,1721,REU.2.3_1,REU.2.3_1,0.0351737364359374,0.65871167613306,0.623537939697123,2025.20866188,2025.24383561644,CHIKV_RUN_S31b34_2025,55.449883,-20.893507
3846,1141,REU.2.3_1,REU.2.3_1,0.0311160284100606,0.65871167613306,0.627595647723,2025.21271958803,2025.24383561644,CHIKV_RUN_S30b38_2025,55.462381,-20.895649
4904,191,REU.4.5_1,REU.4.5_1,0.0304742246647143,0.65871167613306,0.628237451468346,2025.21336139177,2025.24383561644,CHIKV_RUN_S31b36_2025,55.610277,-21.375628
4482,1465,REU.4.8_1,REU.4.5_1,0.0271499970583885,0.65871167613306,0.631561679074672,2025.21668561938,2025.24383561644,CHIKV_RUN_S31b31_2025,55.597249,-21.361982
4891,201,REU.4.5_1,REU.4.5_1,0.0246306198112554,0.65871167613306,0.634081056321805,2025.21920499663,2025.24383561644,CHIKV_RUN_S31b45_2025,55.610552,-21.37585
5871,2975,REU.3.5_1,REU.3.5_1,0.0197687473213579,0.65871167613306,0.638942928811702,2025.22406686912,2025.24383561644,CHIKV_RUN_S32b04_2025,55.269183,-21.010471
5182,1803,REU.3.2_1,REU.1.4_1,0.0154198570853277,0.65871167613306,0.643291819047732,2025.22841575935,2025.24383561644,CHIKV_RUN_S33b14_2025,55.742032,-21.08114
3171,2439,REU.2.3_1,REU.2.3_1,0.012418517998257,0.65871167613306,0.646293158134803,2025.23141709844,2025.24383561644,CHIKV_RUN_S31b46_2025,55.447228,-20.889855
3824,611,REU.4.3_1,REU.1.3_1,0.0112325924388612,0.65871167613306,0.647479083694199,2025.232603024,2025.24383561644,CHIKV_RUN_S26b18_2025,55.650867,-20.934123
5552,2514,REU.4.1_1,REU.4.1_1,0.0106122789743804,0.65871167613306,0.64809939715868,2025.23322333746,2025.24383561644,CHIKV_RUN_S37b73_2025,55.466823,-21.148516
5868,2989,REU.3.4_1,REU.3.4_1,0.00682562085528482,0.65871167613306,0.651886055277775,2025.23700999558,2025.24383561644,CHIKV_RUN_S37b80_2025,55.307206,-21.172805
3931,1598,REU.4.3_1,REU.1.2_1,0.00103891224668495,0.65871167613306,0.657672763886375,2025.24279670419,2025.24383561644,CHIKV_RUN_S33b17_2025,55.602643,-21.145037
4127,4128,REU.4.8_1,REU.2.4_1,0.0905671453177332,0.658872150055478,0.568305004737744,2025.15342894504,2025.24399609036,NA,NA,NA
6209,6210,REU.4.8_1,REU.4.8_1,0.15558969750414,0.659415838141505,0.503826140637365,2025.08895008094,2025.24453977845,NA,NA,NA
4306,4307,REU.4.3_1,REU.2.3_1,0.128059452275458,0.660374857212079,0.532315404936621,2025.11743934524,2025.24549879752,NA,NA,NA
4927,4928,REU.4.8_1,REU.4.8_1,0.0180989439169766,0.660417913931203,0.642318970014226,2025.22744291032,2025.24554185424,NA,NA,NA
4135,4136,REU.4.8_1,REU.4.8_1,0.0160702343688164,0.661015890829279,0.644945656460463,2025.23006959677,2025.24613983113,NA,NA,NA
3284,3285,REU.2.3_1,REU.2.3_1,0.147169946172895,0.661186540011199,0.514016593838304,2025.09914053414,2025.24631048032,NA,NA,NA
3875,269,REU.4.3_1,REU.4.4_1,0.175278020003583,0.661451402160417,0.486173382156834,2025.07129732246,2025.24657534247,CHIKV_RUN_S31b93_2025,55.584499,-21.33656
3486,468,REU.4.3_1,REU.4.4_1,0.143423958668332,0.661451402160417,0.518027443492085,2025.1031513838,2025.24657534247,CHIKV_RUN_S32b18_2025,55.553736,-21.350115
4758,1307,REU.4.8_1,REU.3.5_1,0.120191048855655,0.661451402160417,0.541260353304763,2025.12638429361,2025.24657534247,CHIKV_RUN_S32b08_2025,55.288935,-21.021777
3878,628,REU.3.5_1,REU.3.5_1,0.113493741681477,0.661451402160417,0.547957660478941,2025.13308160078,2025.24657534247,CHIKV_RUN_S32b03_2025,55.277282,-21.013691
3149,2421,REU.3.4_1,REU.3.5_1,0.112488487723081,0.661451402160417,0.548962914437336,2025.13408685474,2025.24657534247,CHIKV_RUN_S32b70_2025,55.271846,-21.084119
3580,1068,REU.2.2_1,REU.2.1_1,0.109866507868315,0.661451402160417,0.551584894292103,2025.1367088346,2025.24657534247,CHIKV_RUN_S32b68_2025,55.327192,-20.950233
6116,2090,REU.4.5_1,REU.2.3_1,0.10252819396502,0.661451402160417,0.558923208195397,2025.1440471485,2025.24657534247,CHIKV_RUN_S32b13_2025,55.490435,-20.896656
4490,1474,REU.4.3_1,REU.4.3_1,0.100980516120745,0.661451402160417,0.560470886039673,2025.14559482635,2025.24657534247,CHIKV_RUN_S32b75_2025,55.525933,-21.292884
5678,2301,REU.4.8_1,REU.4.8_1,0.0997225988480182,0.661451402160417,0.561728803312399,2025.14685274362,2025.24657534247,CHIKV_RUN_S32b79_2025,55.476056,-21.335757
4028,1677,REU.4.3_1,REU.4.2_1,0.098672385354132,0.661451402160417,0.562779016806285,2025.14790295711,2025.24657534247,CHIKV_RUN_S31b89_2025,55.471431,-21.230528
4259,751,REU.4.3_1,REU.1.3_1,0.098248995914408,0.661451402160417,0.56320240624601,2025.14832634655,2025.24657534247,CHIKV_RUN_S33b10_2025,55.652729,-20.971179
5550,2513,REU.4.1_1,REU.4.1_1,0.0953632804426136,0.661451402160417,0.566088121717804,2025.15121206202,2025.24657534247,CHIKV_RUN_S32b21_2025,55.479962,-21.164987
3753,965,REU.2.1_1,REU.2.1_1,0.0930946351332511,0.661451402160417,0.568356767027166,2025.15348070733,2025.24657534247,CHIKV_RUN_S32b52_2025,55.329355,-20.946489
3342,374,REU.2.5_1,REU.2.5_1,0.0925510561625171,0.661451402160417,0.5689003459979,2025.1540242863,2025.24657534247,CHIKV_RUN_S37b81_2025,55.583481,-20.929233
5447,2328,REU.3.1_1,REU.3.1_1,0.0899487383643216,0.661451402160417,0.571502663796096,2025.1566266041,2025.24657534247,CHIKV_RUN_S37b82_2025,55.390707,-21.252061
5687,2187,REU.4.3_1,REU.3.4_1,0.089130786013998,0.661451402160417,0.572320616146419,2025.15744455645,2025.24657534247,CHIKV_RUN_S32b69_2025,55.295404,-21.195781
5867,2991,REU.3.4_1,REU.3.4_1,0.0851426323365858,0.661451402160417,0.576308769823832,2025.16143271013,2025.24657534247,CHIKV_RUN_S31b91_2025,55.337987,-21.204948
4847,906,REU.3.5_1,REU.3.5_1,0.0833813192633568,0.661451402160417,0.578070082897061,2025.1631940232,2025.24657534247,CHIKV_RUN_S32b64_2025,55.260241,-21.058884
3565,1323,REU.4.8_1,REU.2.3_1,0.0814096967632862,0.661451402160417,0.580041705397131,2025.1651656457,2025.24657534247,CHIKV_RUN_S32b02_2025,55.488802,-20.891298
5145,2660,REU.3.5_1,REU.3.1_1,0.0730266293228461,0.661451402160417,0.588424772837571,2025.17354871314,2025.24657534247,CHIKV_RUN_S32b81_2025,55.363532,-21.265243
5145,2661,REU.3.5_1,REU.3.5_1,0.0730266293228461,0.661451402160417,0.588424772837571,2025.17354871314,2025.24657534247,CHIKV_RUN_S32b57_2025,55.280354,-21.087054
5007,11,REU.3.5_1,REU.3.5_1,0.0720208121356148,0.661451402160417,0.589430590024802,2025.17455453033,2025.24657534247,CHIKV_RUN_S32b60_2025,55.232665,-21.089555
6147,2073,REU.4.5_1,REU.4.1_1,0.06409244822919,0.661451402160417,0.597358953931227,2025.18248289424,2025.24657534247,CHIKV_RUN_S32b78_2025,55.471975,-21.138809
4213,327,REU.2.3_1,REU.2.3_1,0.0616407953370421,0.661451402160417,0.599810606823375,2025.18493454713,2025.24657534247,CHIKV_RUN_S32b20_2025,55.443884,-20.876564
5480,2144,REU.2.3_1,REU.1.4_1,0.0601893889183457,0.661451402160417,0.601262013242072,2025.18638595355,2025.24657534247,CHIKV_RUN_S33b18_2025,55.719685,-21.043845
3849,1139,REU.2.3_1,REU.1.3_1,0.0563092391806528,0.661451402160418,0.605142162979765,2025.19026610329,2025.24657534247,CHIKV_RUN_S33b09_2025,55.680245,-20.94398
3520,1634,REU.3.5_1,REU.3.5_1,0.0541024683825224,0.661451402160417,0.607348933777895,2025.19247287408,2025.24657534247,CHIKV_RUN_S32b28_2025,55.327773,-21.002561
4701,1008,REU.2.3_1,REU.2.3_1,0.0468434713076558,0.661451402160417,0.614607930852762,2025.19973187116,2025.24657534247,CHIKV_RUN_S33b21_2025,55.473777,-20.904699
5323,2275,REU.3.1_1,REU.3.5_1,0.0462935138413839,0.661451402160417,0.615157888319034,2025.20028182862,2025.24657534247,CHIKV_RUN_S32b63_2025,55.227613,-21.060533
6054,1944,REU.4.8_1,REU.4.2_1,0.0426564653344855,0.661451402160417,0.618794936825932,2025.20391887713,2025.24657534247,CHIKV_RUN_S32b80_2025,55.471438,-21.245764
3489,444,REU.2.3_1,REU.2.3_1,0.0370439467061408,0.661451402160417,0.624407455454277,2025.20953139576,2025.24657534247,CHIKV_RUN_S31b69_2025,55.49148,-20.91578
5166,2658,REU.2.2_1,REU.2.2_1,0.0311734352300724,0.661451402160417,0.630277966930345,2025.21540190724,2025.24657534247,CHIKV_RUN_S32b22_2025,55.306625,-20.935303
5783,3027,REU.3.5_1,REU.3.5_1,0.02804629301123,0.661451402160417,0.633405109149187,2025.21852904945,2025.24657534247,CHIKV_RUN_S32b65_2025,55.232382,-21.055852
3175,2423,REU.3.4_1,REU.3.4_1,0.0217087278857284,0.661451402160417,0.639742674274689,2025.22486661458,2025.24657534247,CHIKV_RUN_S31b83_2025,55.290972,-21.196121
3975,1052,REU.4.5_1,REU.4.5_1,0.0160966072485884,0.661451402160418,0.645354794911829,2025.23047873522,2025.24657534247,CHIKV_RUN_S32b83_2025,55.688928,-21.367523
3412,539,REU.4.8_1,REU.4.8_1,0.0135337410681998,0.661451402160417,0.647917661092217,2025.2330416014,2025.24657534247,CHIKV_RUN_S32b15_2025,55.529877,-21.316327
4989,30,REU.2.3_1,REU.2.3_1,0.0117895059551081,0.661451402160418,0.64966189620531,2025.23478583651,2025.24657534247,CHIKV_RUN_S32b26_2025,55.486595,-20.905498
5053,3066,REU.3.1_1,REU.3.1_1,0.00575875206047727,0.661451402160417,0.65569265009994,2025.24081659041,2025.24657534247,CHIKV_RUN_S32b23_2025,55.357891,-21.245728
3344,3345,REU.2.3_1,REU.2.3_1,0.0577204579005847,0.662133112786838,0.604412654886253,2025.18953659519,2025.24725705309,NA,NA,NA
3701,3702,REU.4.3_1,REU.4.8_1,0.200277264084599,0.662601603717355,0.462324339632756,2025.04744827994,2025.24772554402,NA,NA,NA
4480,4484,REU.4.8_1,REU.4.5_1,0.0760469346601046,0.66262154886362,0.586574614203515,2025.17169855451,2025.24774548917,NA,NA,NA
4588,4591,REU.4.3_1,REU.4.6_1,0.0924563956609485,0.662827553303494,0.570371157642546,2025.15549509795,2025.24795149361,NA,NA,NA
4376,4377,REU.4.6_1,REU.4.6_1,0.119987957571642,0.663129459491669,0.543141501920027,2025.12826544223,2025.2482533998,NA,NA,NA
3285,3286,REU.2.3_1,REU.2.3_1,0.00204755142541779,0.663234091436617,0.661186540011199,2025.24631048032,2025.24835803174,NA,NA,NA
5630,5631,REU.3.1_1,REU.3.4_1,0.121392365072718,0.663254937043012,0.541862571970294,2025.12698651228,2025.24837887735,NA,NA,NA
5953,5954,REU.2.3_1,REU.2.3_1,0.0920482652875008,0.663664795366643,0.571616530079142,2025.15674047038,2025.24878873567,NA,NA,NA
5522,5523,REU.4.8_1,REU.4.8_1,0.0430780295895903,0.664050505272265,0.620972475682674,2025.20609641599,2025.24917444558,NA,NA,NA
5805,3089,REU.3.1_1,REU.4.6_1,0.19912552195704,0.664191128187775,0.465065606230735,2025.05018954654,2025.24931506849,CHIKV_RUN_S32b47_2025,55.441735,-21.260273
3502,108,REU.4.3_1,REU.3.3_1,0.177126067855193,0.664191128187775,0.487065060332581,2025.07218900064,2025.24931506849,CHIKV_RUN_S32b55_2025,55.294014,-21.105645
5086,2742,REU.4.3_1,REU.4.8_1,0.174155680099892,0.664191128187775,0.490035448087883,2025.07515938839,2025.24931506849,CHIKV_RUN_S33b45_2025,55.460764,-21.289718
3283,507,REU.4.3_1,REU.4.3_1,0.161835726978563,0.664191128187775,0.502355401209212,2025.08747934151,2025.24931506849,CHIKV_RUN_S45b84_2025,55.518795,-21.282541
6002,2942,REU.3.4_1,REU.3.4_1,0.159377155992065,0.664191128187775,0.50481397219571,2025.0899379125,2025.24931506849,CHIKV_RUN_S33b37_2025,55.324381,-21.154874
3293,410,REU.4.3_1,REU.4.3_1,0.15009007125548,0.664191128187775,0.514101056932294,2025.09922499724,2025.24931506849,CHIKV_RUN_S33b46_2025,55.514525,-21.248457
4438,705,REU.4.3_1,REU.4.4_1,0.148015490979829,0.664191128187775,0.516175637207946,2025.10129957751,2025.24931506849,CHIKV_RUN_S32b92_2025,55.556528,-21.320686
4645,123,REU.2.3_1,REU.2.3_1,0.143399452904709,0.664191128187775,0.520791675283066,2025.10591561559,2025.24931506849,CHIKV_RUN_S45b73_2025,55.444583,-20.893761
6057,2769,REU.4.8_1,REU.4.8_1,0.139949507194107,0.664191128187775,0.524241620993668,2025.1093655613,2025.24931506849,CHIKV_RUN_S32b94_2025,55.479323,-21.33559
5515,2725,REU.4.8_1,REU.3.5_1,0.125073848849703,0.664191128187775,0.539117279338071,2025.12424121964,2025.24931506849,CHIKV_RUN_S33b23_2025,55.270722,-21.025332
4666,162,REU.3.5_1,REU.3.5_1,0.122935466325363,0.664191128187775,0.541255661862412,2025.12637960217,2025.24931506849,CHIKV_RUN_S32b58_2025,55.269703,-21.083498
3234,1898,REU.4.4_1,REU.4.4_1,0.109037483549843,0.664191128187775,0.555153644637932,2025.14027758494,2025.24931506849,CHIKV_RUN_S33b01_2025,55.577104,-21.349537
6041,2747,REU.3.5_1,REU.4.3_1,0.103393798763702,0.664191128187775,0.560797329424073,2025.14592126973,2025.24931506849,CHIKV_RUN_S45b58_2025,55.537565,-21.195094
4445,710,REU.4.3_1,REU.4.3_1,0.102699147755352,0.664191128187775,0.561491980432423,2025.14661592074,2025.24931506849,CHIKV_RUN_S26b16_2025,55.502377,-21.275578
6117,2079,REU.4.5_1,REU.4.5_1,0.101497603132083,0.664191128187775,0.562693525055692,2025.14781746536,2025.24931506849,CHIKV_RUN_S47b69_2025,55.615252,-21.384412
3515,1632,REU.3.5_1,REU.3.5_1,0.100487593988419,0.664191128187775,0.563703534199356,2025.1488274745,2025.24931506849,CHIKV_RUN_S32b54_2025,55.330989,-20.982402
3588,272,REU.4.8_1,REU.4.8_1,0.098419174072096,0.664191128187775,0.565771954115679,2025.15089589442,2025.24931506849,CHIKV_RUN_S32b73_2025,55.482928,-21.330578
4760,1647,REU.4.3_1,REU.3.5_1,0.0967976864645294,0.664191128187775,0.567393441723246,2025.15251738203,2025.24931506849,CHIKV_RUN_S33b05_2025,55.308922,-21.087514
4006,1369,REU.2.3_1,REU.2.4_1,0.0950054196478152,0.664191128187775,0.56918570853996,2025.15430964885,2025.24931506849,CHIKV_RUN_S32b49_2025,55.559144,-20.90001
5816,1949,REU.2.3_1,REU.2.3_1,0.0943543480414865,0.664191128187775,0.569836780146288,2025.15496072045,2025.24931506849,CHIKV_RUN_S33b08_2025,55.446927,-20.895667
4141,1280,REU.4.3_1,REU.2.3_1,0.0927198072754027,0.664191128187775,0.571471320912372,2025.15659526122,2025.24931506849,CHIKV_RUN_S32b85_2025,55.472693,-20.919139
5661,2713,REU.1.4_1,REU.1.4_1,0.0905059125051015,0.664191128187775,0.573685215682673,2025.15880915599,2025.24931506849,CHIKV_RUN_S45b61_2025,55.707993,-21.031323
4164,1549,REU.4.3_1,REU.3.5_1,0.0904595252489088,0.664191128187775,0.573731602938866,2025.15885554324,2025.24931506849,CHIKV_RUN_S33b33_2025,55.305548,-21.06515
4559,1226,REU.4.3_1,REU.4.3_1,0.0866002390994639,0.664191128187775,0.577590889088311,2025.16271482939,2025.24931506849,CHIKV_RUN_S32b74_2025,55.520911,-21.261568
5133,3013,REU.4.8_1,REU.4.8_1,0.0864592526666605,0.664191128187775,0.577731875521114,2025.16285581583,2025.24931506849,CHIKV_RUN_S33b40_2025,55.460141,-21.336048
4019,1681,REU.4.3_1,REU.4.8_1,0.0829501005673299,0.664191128187775,0.581241027620445,2025.16636496793,2025.24931506849,CHIKV_RUN_S32b84_2025,55.508561,-21.29119
5310,2254,REU.4.8_1,REU.2.5_1,0.0818293220683914,0.664191128187775,0.582361806119383,2025.16748574642,2025.24931506849,CHIKV_RUN_S47b70_2025,55.5895,-20.938841
5758,1993,REU.2.5_1,REU.2.5_1,0.0807876852624054,0.664191128187775,0.583403442925369,2025.16852738323,2025.24931506849,CHIKV_RUN_S45b74_2025,55.635431,-20.936731
3821,1084,REU.4.8_1,REU.4.5_1,0.0772363646358688,0.664191128187775,0.586954763551906,2025.17207870386,2025.24931506849,CHIKV_RUN_S32b91_2025,55.616272,-21.374385
3335,490,REU.4.3_1,REU.4.3_1,0.0737420982353083,0.664191128187775,0.590449029952467,2025.17557297026,2025.24931506849,CHIKV_RUN_S32b88_2025,55.52234,-21.284942
3675,1497,REU.4.3_1,REU.1.3_1,0.0734751719845628,0.664191128187775,0.590715956203212,2025.17583989651,2025.24931506849,CHIKV_RUN_S47b68_2025,55.672155,-20.967004
4922,240,REU.4.7_1,REU.3.5_1,0.0668599078959689,0.664191128187775,0.597331220291806,2025.1824551606,2025.24931506849,CHIKV_RUN_S33b31_2025,55.267946,-21.022127
5011,14,REU.3.5_1,REU.3.5_1,0.066201339118702,0.664191128187775,0.597989789069073,2025.18311372937,2025.24931506849,CHIKV_RUN_S32b62_2025,55.255258,-21.10745
3381,530,REU.4.8_1,REU.2.4_1,0.0648067815771057,0.664191128187775,0.599384346610669,2025.18450828692,2025.24931506849,CHIKV_RUN_S33b07_2025,55.515221,-20.921108
5008,6,REU.3.5_1,REU.4.8_1,0.0622120704014264,0.664191128187775,0.601979057786348,2025.18710299809,2025.24931506849,CHIKV_RUN_S32b87_2025,55.494399,-21.342935
3459,480,REU.4.5_1,REU.2.3_1,0.0596181666710618,0.664191128187775,0.604572961516713,2025.18969690182,2025.24931506849,CHIKV_RUN_S32b59_2025,55.494101,-20.928618
4499,1348,REU.4.3_1,REU.4.4_1,0.0594816395217567,0.664191128187775,0.604709488666018,2025.18983342897,2025.24931506849,CHIKV_RUN_S45b86_2025,55.569291,-21.350911
4709,997,REU.2.3_1,REU.2.3_1,0.0561624071516674,0.664191128187775,0.608028721036107,2025.19315266134,2025.24931506849,CHIKV_RUN_S32b50_2025,55.448332,-20.898829
4995,19,REU.3.2_1,REU.3.2_1,0.0553619893491664,0.664191128187775,0.608829138838608,2025.19395307914,2025.24931506849,CHIKV_RUN_S47b73_2025,55.322143,-21.250985
4960,52,REU.3.1_1,REU.2.3_1,0.0543665836078953,0.664191128187775,0.60982454457988,2025.19494848489,2025.24931506849,CHIKV_RUN_S32b56_2025,55.475491,-20.889116
4629,1571,REU.4.3_1,REU.4.3_1,0.0529380850846244,0.664191128187775,0.61125304310315,2025.19637698341,2025.24931506849,CHIKV_RUN_S45b62_2025,55.547751,-21.219081
3852,1155,REU.1.3_1,REU.1.3_1,0.0528230181531177,0.664191128187775,0.611368110034657,2025.19649205034,2025.24931506849,CHIKV_RUN_S47b72_2025,55.672607,-20.967614
3260,1288,REU.4.3_1,REU.2.1_1,0.051778972690065,0.664191128187775,0.61241215549771,2025.1975360958,2025.24931506849,CHIKV_RUN_S45b87_2025,55.340018,-20.937792
3465,486,REU.2.3_1,REU.2.3_1,0.0508535908248101,0.664191128187775,0.613337537362965,2025.19846147767,2025.24931506849,CHIKV_RUN_S33b06_2025,55.412393,-20.8887
4547,1230,REU.4.4_1,REU.4.8_1,0.0506528542935142,0.664191128187775,0.613538273894261,2025.1986622142,2025.24931506849,CHIKV_RUN_S32b95_2025,55.536394,-21.320941
4043,1767,REU.3.4_1,REU.3.4_1,0.0462916435777132,0.664191128187775,0.617899484610062,2025.20302342492,2025.24931506849,CHIKV_RUN_S47b76_2025,55.298477,-21.143428
3864,1142,REU.2.3_1,REU.2.3_1,0.0441678795793766,0.664191128187775,0.620023248608398,2025.20514718891,2025.24931506849,CHIKV_RUN_S32b86_2025,55.464006,-20.894512
3182,2417,REU.3.4_1,REU.3.4_1,0.0414958200733457,0.664191128187775,0.622695308114429,2025.20781924842,2025.24931506849,CHIKV_RUN_S32b61_2025,55.303288,-21.219252
5288,2563,REU.4.8_1,REU.4.8_1,0.0354563283538887,0.664191128187775,0.628734799833886,2025.21385874014,2025.24931506849,CHIKV_RUN_S33b41_2025,55.521104,-21.357053
4457,1189,REU.4.8_1,REU.2.3_1,0.0345005186076017,0.664191128187775,0.629690609580173,2025.21481454989,2025.24931506849,CHIKV_RUN_S32b51_2025,55.456567,-20.885699
6023,2749,REU.4.8_1,REU.2.3_1,0.0307770149886624,0.664191128187775,0.633414113199112,2025.2185380535,2025.24931506849,CHIKV_RUN_S32b72_2025,55.468596,-20.88681
3154,2407,REU.3.4_1,REU.3.4_1,0.0226375499064098,0.664191128187775,0.641553578281365,2025.22667751859,2025.24931506849,CHIKV_RUN_S32b77_2025,55.287288,-21.175906
4489,1314,REU.4.3_1,REU.4.3_1,0.0214612084242567,0.664191128187775,0.642729919763518,2025.22785386007,2025.24931506849,CHIKV_RUN_S33b44_2025,55.522856,-21.275258
4975,24,REU.2.3_1,REU.2.3_1,0.0203127017498739,0.664191128187775,0.643878426437901,2025.22900236674,2025.24931506849,CHIKV_RUN_S47b75_2025,55.455177,-20.889097
3353,471,REU.2.3_1,REU.2.4_1,0.0197026402775553,0.664191128187775,0.64448848791022,2025.22961242822,2025.24931506849,CHIKV_RUN_S47b74_2025,55.521565,-20.903296
4200,338,REU.4.8_1,REU.4.2_1,0.0134530925995907,0.664191128187775,0.650738035588184,2025.23586197589,2025.24931506849,CHIKV_RUN_S33b43_2025,55.478685,-21.249636
4782,632,REU.4.8_1,REU.4.4_1,0.0102575843038661,0.664191128187775,0.653933543883909,2025.23905748419,2025.24931506849,CHIKV_RUN_S32b76_2025,55.551439,-21.353904
6210,2829,REU.4.8_1,REU.2.3_1,0.00477529004626964,0.664191128187775,0.659415838141505,2025.24453977845,2025.24931506849,CHIKV_RUN_S45b88_2025,55.468652,-20.903986
3702,1074,REU.4.8_1,REU.2.1_1,0.00158952447041982,0.664191128187775,0.662601603717355,2025.24772554402,2025.24931506849,CHIKV_RUN_S32b53_2025,55.335116,-20.937594
6054,6055,REU.4.8_1,REU.4.8_1,0.0458090882437184,0.66460402506965,0.618794936825932,2025.20391887713,2025.24972796538,NA,NA,NA
5450,5451,REU.4.8_1,REU.4.4_1,0.0994684753849745,0.665155418642741,0.565686943257766,2025.15081088356,2025.25027935895,NA,NA,NA
5437,5438,REU.3.4_1,REU.4.8_1,0.0313260435726079,0.66528266481528,0.633956621242672,2025.21908056155,2025.25040660512,NA,NA,NA
5043,5048,REU.3.1_1,REU.4.3_1,0.117231762469109,0.665365485258542,0.548133722789433,2025.13325766309,2025.25048942556,NA,NA,NA
5410,5411,REU.4.8_1,REU.4.8_1,0.0121799898734006,0.665594959945221,0.653414970071821,2025.23853891038,2025.25071890025,NA,NA,NA
5745,5746,REU.2.5_1,REU.2.3_1,0.10639258749455,0.666040331510502,0.559647744015952,2025.14477168432,2025.25116427182,NA,NA,NA
4561,4562,REU.4.5_1,REU.4.5_1,0.0763046604412286,0.666847629680247,0.590542969239019,2025.17566690954,2025.25197156999,NA,NA,NA
4303,729,REU.4.8_1,REU.4.6_1,0.175304301877069,0.666930854215132,0.491626552338063,2025.07675049264,2025.25205479452,CHIKV_RUN_S33b50_2025,55.416583,-21.268514
5238,2229,REU.2.3_1,REU.3.2_1,0.137022117908624,0.666930854215132,0.529908736306508,2025.11503267661,2025.25205479452,CHIKV_RUN_S33b55_2025,55.335127,-21.233726
5963,2855,REU.2.1_1,REU.2.1_1,0.134714514579419,0.666930854215132,0.532216339635713,2025.11734027994,2025.25205479452,CHIKV_RUN_S33b64_2025,55.339139,-20.95589
4401,799,REU.4.8_1,REU.4.8_1,0.132345406688582,0.666930854215132,0.53458544752655,2025.11970938783,2025.25205479452,CHIKV_RUN_S33b49_2025,55.446858,-21.298724
5972,2916,REU.2.3_1,REU.2.3_1,0.131233375103233,0.666930854215132,0.535697479111899,2025.12082141942,2025.25205479452,CHIKV_RUN_S33b36_2025,55.458913,-20.880306
4809,911,REU.4.3_1,REU.2.3_1,0.129834258963344,0.666930854215132,0.537096595251788,2025.12222053556,2025.25205479452,CHIKV_RUN_S33b32_2025,55.488479,-20.902191
3336,483,REU.2.3_1,REU.2.5_1,0.129825602277405,0.666930854215132,0.537105251937727,2025.12222919224,2025.25205479452,CHIKV_RUN_S47b71_2025,55.582116,-20.921775
5197,2840,REU.4.6_1,REU.2.1_1,0.125466112679293,0.666930854215132,0.54146474153584,2025.12658868184,2025.25205479452,CHIKV_RUN_S33b53_2025,55.339701,-20.948593
5780,3024,REU.4.3_1,REU.3.5_1,0.12181354670337,0.666930854215132,0.545117307511762,2025.13024124782,2025.25205479452,CHIKV_RUN_S34b33_2025,55.228391,-21.03196
4108,1464,REU.4.8_1,REU.3.5_1,0.121750268236506,0.666930854215132,0.545180585978626,2025.13030452628,2025.25205479452,CHIKV_RUN_S34b34_2025,55.328971,-20.982533
4407,795,REU.4.8_1,REU.2.2_1,0.116682531897074,0.666930854215132,0.550248322318059,2025.13537226262,2025.25205479452,CHIKV_RUN_S34b26_2025,55.293573,-20.943783
5356,2640,REU.3.1_1,REU.3.5_1,0.112703480365172,0.666930854215132,0.55422737384996,2025.13935131416,2025.25205479452,CHIKV_RUN_S26b43_2025,55.219765,-21.04023
4417,659,REU.4.3_1,REU.4.3_1,0.111897975274089,0.666930854215132,0.555032878941043,2025.14015681925,2025.25205479452,CHIKV_RUN_S33b57_2025,55.527296,-21.250071
4973,32,REU.2.3_1,REU.2.3_1,0.111628457587761,0.666930854215132,0.555302396627371,2025.14042633693,2025.25205479452,CHIKV_RUN_S33b24_2025,55.446429,-20.876421
4973,23,REU.2.3_1,REU.2.3_1,0.111628457587761,0.666930854215132,0.555302396627371,2025.14042633693,2025.25205479452,CHIKV_RUN_S33b52_2025,55.487273,-20.899435
3699,304,REU.3.5_1,REU.3.5_1,0.109657962522451,0.666930854215132,0.557272891692681,2025.142396832,2025.25205479452,CHIKV_RUN_S34b24_2025,55.27146,-21.01272
3625,76,REU.4.8_1,REU.3.3_1,0.105417653684432,0.666930854215132,0.5615132005307,2025.14663714084,2025.25205479452,CHIKV_RUN_S34b27_2025,55.283019,-21.110782
6187,2803,REU.4.8_1,REU.1.4_1,0.100867814784313,0.666930854215132,0.56606303943082,2025.15118697974,2025.25205479452,CHIKV_RUN_S33b35_2025,55.719249,-21.044355
5194,1871,REU.3.4_1,REU.4.6_1,0.0897678568858463,0.666930854215132,0.577162997329286,2025.16228693763,2025.25205479452,CHIKV_RUN_S33b30_2025,55.39527,-21.292706
6050,1820,REU.4.8_1,REU.2.3_1,0.0877098755526968,0.666930854215132,0.579220978662435,2025.16434491897,2025.25205479452,CHIKV_RUN_S33b34_2025,55.485007,-20.915423
5383,1888,REU.3.5_1,REU.2.4_1,0.0858975899402651,0.666930854215132,0.581033264274867,2025.16615720458,2025.25205479452,CHIKV_RUN_S32b90_2025,55.569514,-20.907567
4508,1458,REU.4.5_1,REU.4.5_1,0.0834233878467534,0.666930854215132,0.583507466368379,2025.16863140667,2025.25205479452,CHIKV_RUN_S33b28_2025,55.656971,-21.33478
4508,1456,REU.4.5_1,REU.4.8_1,0.0834233878467534,0.666930854215132,0.583507466368379,2025.16863140667,2025.25205479452,CHIKV_RUN_S33b42_2025,55.541358,-21.314395
3471,379,REU.4.8_1,REU.4.5_1,0.0781908986513706,0.666930854215132,0.588739955563762,2025.17386389587,2025.25205479452,CHIKV_RUN_S33b56_2025,55.651958,-21.379035
3737,950,REU.3.5_1,REU.1.2_1,0.0759061412931328,0.666930854215132,0.591024712921999,2025.17614865323,2025.25205479452,CHIKV_RUN_S33b69_2025,55.635932,-21.137709
4435,813,REU.4.3_1,REU.4.8_1,0.0717834782310905,0.666930854215132,0.595147375984042,2025.18027131629,2025.25205479452,CHIKV_RUN_S33b51_2025,55.490525,-21.327155
3634,1510,REU.4.8_1,REU.3.5_1,0.0653745534390859,0.666930854215132,0.601556300776046,2025.18668024108,2025.25205479452,CHIKV_RUN_S34b16_2025,55.320483,-20.984464
3421,521,REU.4.6_1,REU.4.6_1,0.0611444906822565,0.666930854215132,0.605786363532876,2025.19091030384,2025.25205479452,CHIKV_RUN_S33b71_2025,55.455658,-21.21151
3665,1520,REU.4.8_1,REU.2.3_1,0.0599738548809703,0.666930854215132,0.606956999334162,2025.19208093964,2025.25205479452,CHIKV_RUN_S33b25_2025,55.483664,-20.896563
3447,440,REU.4.8_1,REU.4.5_1,0.0590021834305496,0.666930854215132,0.607928670784583,2025.19305261109,2025.25205479452,CHIKV_RUN_S33b63_2025,55.606237,-21.376811
5110,2389,REU.4.8_1,REU.2.2_1,0.0291265396692437,0.666930854215132,0.637804314545888,2025.22292825485,2025.25205479452,CHIKV_RUN_S34b28_2025,55.295166,-20.9464
4135,1741,REU.4.8_1,REU.2.1_1,0.0219851977546694,0.666930854215132,0.644945656460463,2025.23006959677,2025.25205479452,CHIKV_RUN_S34b29_2025,55.4112566163266,-21.04474661488
6143,2052,REU.4.5_1,REU.4.5_1,0.0154574612101577,0.666930854215132,0.651473393004975,2025.23659733331,2025.25205479452,CHIKV_RUN_S33b38_2025,55.621686,-21.375645
3345,454,REU.2.3_1,REU.2.5_1,0.00479774142829448,0.666930854215132,0.662133112786838,2025.24725705309,2025.25205479452,CHIKV_RUN_S33b47_2025,55.587006,-20.926239
5983,5984,REU.2.3_1,REU.3.5_1,0.112474299104351,0.66698741494401,0.554513115839659,2025.13963705615,2025.25211135525,NA,NA,NA
4675,4676,REU.3.5_1,REU.2.3_1,0.185530582333471,0.667057941658989,0.481527359325518,2025.06665129963,2025.25218188196,NA,NA,NA
4210,4211,REU.2.3_1,REU.2.3_1,0.0782747436104692,0.667349476259676,0.589074732649207,2025.17419867295,2025.25247341656,NA,NA,NA
5951,5952,REU.2.4_1,REU.2.4_1,0.0669587975767264,0.667413603758507,0.60045480618178,2025.18557874649,2025.25253754406,NA,NA,NA
3989,3990,REU.4.8_1,REU.4.8_1,0.040608883883631,0.66896875819881,0.628359874315179,2025.21348381462,2025.2540926985,NA,NA,NA
5104,5105,REU.4.6_1,REU.4.8_1,0.0548725455340713,0.669385499735478,0.614512954201407,2025.19963689451,2025.25450944004,NA,NA,NA
4368,762,REU.4.6_1,REU.4.8_1,0.16605752161356,0.66967058024249,0.503613058628929,2025.08873699893,2025.25479452055,CHIKV_RUN_S33b92_2025,55.460263,-21.290377
3688,265,REU.4.8_1,REU.2.3_1,0.144915126082407,0.66967058024249,0.524755454160082,2025.10987939447,2025.25479452055,CHIKV_RUN_S34b09_2025,55.460951,-20.907438
6158,2125,REU.4.5_1,REU.4.5_1,0.138316198519048,0.66967058024249,0.531354381723441,2025.11647832203,2025.25479452055,CHIKV_RUN_S33b81_2025,55.627935,-21.338649
4983,37,REU.2.3_1,REU.2.3_1,0.134791841229876,0.66967058024249,0.534878739012613,2025.12000267932,2025.25479452055,CHIKV_RUN_S34b22_2025,55.483614,-20.896152
5703,3082,REU.4.8_1,REU.3.2_1,0.131804713837025,0.66967058024249,0.537865866405465,2025.12298980671,2025.25479452055,CHIKV_RUN_S34b31_2025,55.330197,-21.235731
5499,2366,REU.4.8_1,REU.2.3_1,0.122987888178119,0.66967058024249,0.546682692064371,2025.13180663237,2025.25479452055,CHIKV_RUN_S34b20_2025,55.482429,-20.940237
5231,2238,REU.3.5_1,REU.3.5_1,0.106623518779452,0.66967058024249,0.563047061463037,2025.14817100177,2025.25479452055,CHIKV_RUN_S34b78_2025,55.310249,-21.03484
3911,1702,REU.4.3_1,REU.2.3_1,0.106077022751479,0.66967058024249,0.563593557491011,2025.1487174978,2025.25479452055,CHIKV_RUN_S34b17_2025,55.46355,-20.897532
5976,2933,REU.2.3_1,REU.2.3_1,0.103705716239069,0.66967058024249,0.565964864003421,2025.15108880431,2025.25479452055,CHIKV_RUN_S34b23_2025,55.463234,-20.896231
5973,2934,REU.2.3_1,REU.2.3_1,0.101789445958908,0.66967058024249,0.567881134283582,2025.15300507459,2025.25479452055,CHIKV_RUN_S34b19_2025,55.46786,-20.89748
5140,1776,REU.4.3_1,REU.4.8_1,0.095840406932153,0.66967058024249,0.573830173310337,2025.15895411362,2025.25479452055,CHIKV_RUN_S33b93_2025,55.490913,-21.297058
4107,1439,REU.3.5_1,REU.4.8_1,0.0839024102659094,0.66967058024249,0.58576816997658,2025.17089211028,2025.25479452055,CHIKV_RUN_S34b32_2025,55.476348,-21.328608
5609,2583,REU.3.1_1,REU.4.8_1,0.07461443598801,0.66967058024249,0.59505614425448,2025.18018008456,2025.25479452055,CHIKV_RUN_S33b54_2025,55.476713,-21.283778
5962,2851,REU.4.8_1,REU.2.3_1,0.0694042858344538,0.66967058024249,0.600266294408036,2025.18539023471,2025.25479452055,CHIKV_RUN_S34b15_2025,55.412973,-20.896317
3726,1165,REU.4.8_1,REU.4.8_1,0.0665967635830694,0.66967058024249,0.60307381665942,2025.18819775696,2025.25479452055,CHIKV_RUN_S33b84_2025,55.522177,-21.335085
4695,992,REU.2.3_1,REU.2.3_1,0.0618018853962789,0.66967058024249,0.607868694846211,2025.19299263515,2025.25479452055,CHIKV_RUN_S33b74_2025,55.480702,-20.896447
4671,134,REU.3.5_1,REU.4.8_1,0.061210543260076,0.66967058024249,0.608460036982414,2025.19358397729,2025.25479452055,CHIKV_RUN_S34b12_2025,55.481234,-21.319446
4201,335,REU.2.3_1,REU.2.3_1,0.0605077138413629,0.66967058024249,0.609162866401127,2025.19428680671,2025.25479452055,CHIKV_RUN_S33b68_2025,55.396883,-20.901414
4895,170,REU.4.5_1,REU.2.3_1,0.0582843316768039,0.66967058024249,0.611386248565686,2025.19651018887,2025.25479452055,CHIKV_RUN_S34b06_2025,55.495535,-20.912168
5240,2717,REU.3.5_1,REU.2.5_1,0.0572323333716421,0.66967058024249,0.612438246870847,2025.19756218718,2025.25479452055,CHIKV_RUN_S34b18_2025,55.605341,-20.904362
4719,977,REU.2.3_1,REU.2.3_1,0.046417873278139,0.669670580242489,0.62325270696435,2025.20837664727,2025.25479452055,CHIKV_RUN_S34b14_2025,55.48981,-20.907133
4975,25,REU.2.3_1,REU.2.3_1,0.0257921538045887,0.66967058024249,0.643878426437901,2025.22900236674,2025.25479452055,CHIKV_RUN_S34b10_2025,55.480688,-20.907711
3591,1337,REU.3.5_1,REU.3.5_1,0.020528647523615,0.66967058024249,0.649141932718875,2025.23426587302,2025.25479452055,CHIKV_RUN_S33b67_2025,55.264138,-21.050453
4676,136,REU.2.3_1,REU.2.3_1,0.00261263858350103,0.66967058024249,0.667057941658989,2025.25218188196,2025.25479452055,CHIKV_RUN_S34b25_2025,55.445273,-20.903065
3457,3458,REU.4.5_1,REU.4.5_1,0.0761023400164383,0.67014537488455,0.594043034868112,2025.17916697517,2025.25526931519,NA,NA,NA
4902,4903,REU.2.3_1,REU.2.3_1,0.0927124738995416,0.670555902903141,0.577843429003599,2025.16296736931,2025.25567984321,NA,NA,NA
3354,384,REU.4.3_1,REU.2.5_1,0.195411542971989,0.672410306269847,0.476998763297858,2025.0621227036,2025.25753424658,CHIKV_RUN_S34b07_2025,55.584279,-20.931834
4732,1028,REU.2.3_1,REU.4.8_1,0.164377686502489,0.672410306269847,0.508032619767358,2025.09315656007,2025.25753424658,CHIKV_RUN_S33b95_2025,55.480669,-21.287823
6048,2505,REU.4.8_1,REU.4.6_1,0.158343194490626,0.672410306269847,0.514067111779221,2025.09919105208,2025.25753424658,CHIKV_RUN_S33b76_2025,55.435789,-21.266198
5851,2998,REU.3.4_1,REU.3.2_1,0.142081447162435,0.672410306269847,0.530328859107412,2025.11545279941,2025.25753424658,CHIKV_RUN_S33b82_2025,55.34181,-21.224006
3329,422,REU.4.3_1,REU.2.3_1,0.139796835666476,0.672410306269847,0.532613470603371,2025.11773741091,2025.25753424658,CHIKV_RUN_S34b21_2025,55.488906,-20.894632
3350,477,REU.4.3_1,REU.2.3_1,0.136574185367301,0.672410306269847,0.535836120902546,2025.12096006121,2025.25753424658,CHIKV_RUN_S34b08_2025,55.449009,-20.88911
4972,39,REU.2.3_1,REU.2.3_1,0.134627427755561,0.672410306269847,0.537782878514286,2025.12290681882,2025.25753424658,CHIKV_RUN_S34b04_2025,55.452046,-20.873862
4146,915,REU.4.4_1,REU.1.1_1,0.131513619968983,0.672410306269847,0.540896686300864,2025.12602062661,2025.25753424658,CHIKV_RUN_S34b40_2025,55.695326,-20.970634
5111,1973,REU.4.3_1,REU.4.4_1,0.127765272880392,0.672410306269847,0.544645033389455,2025.12976897369,2025.25753424658,CHIKV_RUN_S33b80_2025,55.576147,-21.33505
3143,2444,REU.4.8_1,REU.4.6_1,0.12083344539107,0.672410306269847,0.551576860878777,2025.13670080118,2025.25753424658,CHIKV_RUN_S33b89_2025,55.408445,-21.206276
3556,1406,REU.4.3_1,REU.4.3_1,0.113622881854183,0.672410306269847,0.558787424415664,2025.14391136472,2025.25753424658,CHIKV_RUN_S33b79_2025,55.504866,-21.27521
3946,1276,REU.4.3_1,REU.4.3_1,0.111325650311912,0.672410306269847,0.561084655957935,2025.14620859626,2025.25753424658,CHIKV_RUN_S33b90_2025,55.506124,-21.244339
5949,2860,REU.2.4_1,REU.2.4_1,0.103075945019534,0.672410306269847,0.569334361250313,2025.15445830156,2025.25753424658,CHIKV_RUN_S33b91_2025,55.531376,-20.921067
4869,1609,REU.4.8_1,REU.2.3_1,0.0863606478977961,0.672410306269847,0.586049658372051,2025.17117359868,2025.25753424658,CHIKV_RUN_S33b87_2025,55.464512,-20.90939
5771,3040,REU.4.3_1,REU.4.3_1,0.0842168009848461,0.672410306269847,0.588193505285001,2025.17331744559,2025.25753424658,CHIKV_RUN_S33b85_2025,55.522751,-21.261613
5831,2680,REU.4.6_1,REU.4.6_1,0.0735224872018327,0.672410306269847,0.598887819068014,2025.18401175937,2025.25753424658,CHIKV_RUN_S33b94_2025,55.404123,-21.253057
3940,1617,REU.4.3_1,REU.4.3_1,0.0548317287108746,0.672410306269847,0.617578577558973,2025.20270251786,2025.25753424658,CHIKV_RUN_S33b83_2025,55.535568,-21.252546
5289,2564,REU.4.8_1,REU.4.8_1,0.039077470735121,0.672410306269847,0.633332835534726,2025.21845677584,2025.25753424658,CHIKV_RUN_S34b01_2025,55.457962,-21.336767
4018,1680,REU.4.4_1,REU.4.4_1,0.0330682247166606,0.672410306269847,0.639342081553186,2025.22446602186,2025.25753424658,CHIKV_RUN_S33b78_2025,55.533825,-21.360422
6082,6083,REU.4.5_1,REU.4.5_1,0.132671550945529,0.673093908469669,0.54042235752414,2025.12554629783,2025.25821784878,NA,NA,NA
5610,5611,REU.3.1_1,REU.3.1_1,0.0507838946451853,0.673497510936271,0.622713616291086,2025.2078375566,2025.25862145124,NA,NA,NA
3732,3734,REU.3.5_1,REU.3.5_1,0.105862801266639,0.673609324214304,0.567746522947666,2025.15287046325,2025.25873326452,NA,NA,NA
4538,4539,REU.4.8_1,REU.2.3_1,0.0249511589653473,0.67490759834184,0.649956439376492,2025.23508037968,2025.26003153865,NA,NA,NA
3927,1601,REU.4.3_1,REU.4.6_1,0.199711437684743,0.675150032297432,0.475438594612689,2025.06056253492,2025.2602739726,CHIKV_RUN_S34b69_2025,55.438351,-21.272851
5643,3091,REU.3.1_1,REU.3.5_1,0.194428347175869,0.675150032297432,0.480721685121563,2025.06584562543,2025.2602739726,CHIKV_RUN_S34b56_2025,55.289242,-21.096299
3829,1391,REU.4.8_1,REU.4.8_1,0.188808502639254,0.675150032297432,0.486341529658178,2025.07146546996,2025.2602739726,CHIKV_RUN_S35b09_2025,55.473367,-21.313868
4303,730,REU.4.8_1,REU.2.4_1,0.183523479959368,0.675150032297432,0.491626552338063,2025.07675049264,2025.2602739726,CHIKV_RUN_S34b41_2025,55.567849,-20.894748
3529,97,REU.4.8_1,REU.2.4_1,0.17790517877556,0.675150032297432,0.497244853521871,2025.08236879383,2025.2602739726,CHIKV_RUN_S34b51_2025,55.516751,-20.924157
4099,1310,REU.4.3_1,REU.4.4_1,0.176141344823102,0.675150032297432,0.49900868747433,2025.08413262778,2025.2602739726,CHIKV_RUN_S34b05_2025,55.559659,-21.347573
4369,770,REU.4.6_1,REU.4.8_1,0.167113764203867,0.675150032297432,0.508036268093565,2025.0931602084,2025.2602739726,CHIKV_RUN_S33b77_2025,55.461336,-21.290989
4849,1427,REU.4.3_1,REU.4.5_1,0.136770162101346,0.675150032297432,0.538379870196086,2025.1235038105,2025.2602739726,CHIKV_RUN_S35b20_2025,55.662477,-21.372649
3390,580,REU.4.3_1,REU.4.3_1,0.126360908704909,0.675150032297432,0.548789123592522,2025.1339130639,2025.2602739726,CHIKV_RUN_S34b49_2025,55.50754,-21.27382
4327,857,REU.4.3_1,REU.2.3_1,0.122871912064514,0.675150032297432,0.552278120232917,2025.13740206054,2025.2602739726,CHIKV_RUN_S26b14_2025,55.474934,-20.917945
5856,2997,REU.3.4_1,REU.2.3_1,0.112694015410929,0.675150032297432,0.562456016886502,2025.14757995719,2025.2602739726,CHIKV_RUN_S34b42_2025,55.459628,-20.892421
5368,1877,REU.4.6_1,REU.4.6_1,0.105342719989256,0.675150032297432,0.569807312308175,2025.15493125261,2025.2602739726,CHIKV_RUN_S35b08_2025,55.410246,-21.280714
4597,1262,REU.4.4_1,REU.4.4_1,0.100672802271684,0.675150032297432,0.574477230025748,2025.15960117033,2025.2602739726,CHIKV_RUN_S34b74_2025,55.567768,-21.333194
4397,788,REU.4.8_1,REU.4.8_1,0.100517420469245,0.675150032297432,0.574632611828187,2025.15975655213,2025.2602739726,CHIKV_RUN_S35b16_2025,55.483434,-21.338152
4683,154,REU.3.4_1,REU.2.3_1,0.0923108962662146,0.675150032297432,0.582839136031217,2025.16796307634,2025.2602739726,CHIKV_RUN_S34b50_2025,55.467951,-20.886502
5068,1810,REU.2.3_1,REU.3.4_1,0.0856604045775026,0.675150032297432,0.589489627719929,2025.17461356803,2025.2602739726,CHIKV_RUN_S33b88_2025,55.298499,-21.226692
3715,1562,REU.3.5_1,REU.3.5_1,0.0807063366533594,0.675150032297432,0.594443695644072,2025.17956763595,2025.2602739726,CHIKV_RUN_S26b09_2025,55.276977,-21.014649
3533,294,REU.4.3_1,REU.4.8_1,0.0776948355327319,0.675150032297432,0.5974551967647,2025.18257913707,2025.2602739726,CHIKV_RUN_S34b79_2025,55.48801,-21.333602
5974,2926,REU.2.3_1,REU.2.3_1,0.0769741410531491,0.675150032297432,0.598175891244283,2025.18329983155,2025.2602739726,CHIKV_RUN_S34b52_2025,55.495899,-20.926887
4598,1259,REU.4.4_1,REU.4.5_1,0.0660025817571639,0.675150032297432,0.609147450540268,2025.19427139085,2025.2602739726,CHIKV_RUN_S35b17_2025,55.596737,-21.362031
3856,1144,REU.2.3_1,REU.2.3_1,0.0652181909086149,0.675150032297432,0.609931841388817,2025.19505578169,2025.2602739726,CHIKV_RUN_S34b45_2025,55.459118,-20.889822
4398,783,REU.4.8_1,REU.2.3_1,0.0629633563141385,0.675150032297432,0.612186675983293,2025.19731061629,2025.2602739726,CHIKV_RUN_S34b54_2025,55.473802,-20.892735
3465,488,REU.2.3_1,REU.2.3_1,0.061812494934467,0.675150032297432,0.613337537362965,2025.19846147767,2025.2602739726,CHIKV_RUN_S34b39_2025,55.423963,-20.877767
4081,1105,REU.4.3_1,REU.4.2_1,0.0484735237023963,0.675150032297432,0.626676508595035,2025.2118004489,2025.2602739726,CHIKV_RUN_S35b21_2025,55.47495,-21.250869
4891,198,REU.4.5_1,REU.2.3_1,0.0410689759756271,0.675150032297432,0.634081056321805,2025.21920499663,2025.2602739726,CHIKV_RUN_S34b11_2025,55.506555,-20.91719
6182,2208,REU.2.3_1,REU.2.3_1,0.0342667062932851,0.675150032297432,0.640883326004147,2025.22600726631,2025.2602739726,CHIKV_RUN_S26b12_2025,55.473488,-20.914616
5127,3111,REU.2.3_1,REU.2.3_1,0.0275499069652105,0.675150032297432,0.647600125332221,2025.23272406564,2025.2602739726,CHIKV_RUN_S34b47_2025,55.462128,-20.897223
4235,810,REU.4.3_1,REU.2.3_1,0.0269882390312677,0.675150032297432,0.648161793266164,2025.23328573357,2025.2602739726,CHIKV_RUN_S34b36_2025,55.511101,-20.912799
3317,400,REU.2.3_1,REU.2.3_1,0.0226112707786909,0.675150032297432,0.652538761518741,2025.23766270182,2025.2602739726,CHIKV_RUN_S34b44_2025,55.496998,-20.916796
4251,753,REU.4.3_1,REU.4.2_1,0.0209898859631126,0.675150032297432,0.654160146334319,2025.23928408664,2025.2602739726,CHIKV_RUN_S34b91_2025,55.47163,-21.241298
4928,4929,REU.4.8_1,REU.4.8_1,0.0149022706604539,0.675320184591657,0.660417913931203,2025.24554185424,2025.2604441249,NA,NA,NA
3621,3622,REU.2.3_1,REU.4.8_1,0.0480243393799734,0.675573754986451,0.627549415606478,2025.21267335591,2025.26069769529,NA,NA,NA
4988,4990,REU.2.3_1,REU.2.3_1,0.0461848342134078,0.675884452087609,0.629699617874201,2025.21482355818,2025.26100839239,NA,NA,NA
5481,5482,REU.2.3_1,REU.2.3_1,0.0536718298815917,0.67605772894637,0.622385899064778,2025.20750983937,2025.26118166925,NA,NA,NA
4658,4659,REU.2.3_1,REU.2.3_1,0.148130009421312,0.677639018147924,0.529509008726613,2025.11463294903,2025.26276295845,NA,NA,NA
5589,3014,REU.3.1_1,REU.3.5_1,0.254292313938811,0.677889758324789,0.423597444385979,2025.00872138469,2025.26301369863,CHIKV_RUN_S34b37_2025,55.237378,-21.085047
3641,1539,REU.4.3_1,REU.4.5_1,0.218168413318924,0.677889758324789,0.459721345005865,2025.04484528531,2025.26301369863,CHIKV_RUN_S35b33_2025,55.669869,-21.370745
5483,1838,REU.3.5_1,REU.4.8_1,0.165444834610178,0.677889758324789,0.512444923714611,2025.09756886402,2025.26301369863,CHIKV_RUN_S35b26_2025,55.474091,-21.342737
3305,420,REU.4.3_1,REU.2.3_1,0.141869359576552,0.677889758324789,0.536020398748237,2025.12114433905,2025.26301369863,CHIKV_RUN_S28b02_2025,55.427756,-20.884912
5197,1782,REU.4.6_1,REU.4.8_1,0.136425016788949,0.677889758324789,0.54146474153584,2025.12658868184,2025.26301369863,CHIKV_RUN_S35b18_2025,55.451076,-21.278693
5366,2310,REU.2.3_1,REU.2.4_1,0.134480641237153,0.677889758324789,0.543409117087636,2025.12853305739,2025.26301369863,CHIKV_RUN_S34b82_2025,55.513975,-20.916374
3234,1899,REU.4.4_1,REU.4.7_1,0.122736113686857,0.677889758324789,0.555153644637932,2025.14027758494,2025.26301369863,CHIKV_RUN_S34b80_2025,55.722197,-21.370763
5756,1990,REU.2.5_1,REU.2.5_1,0.120463531418861,0.677889758324789,0.557426226905928,2025.14255016721,2025.26301369863,CHIKV_RUN_S35b02_2025,55.581749,-20.92921
5130,1281,REU.4.8_1,REU.4.3_1,0.11500540395378,0.677889758324789,0.562884354371009,2025.14800829468,2025.26301369863,CHIKV_RUN_S35b35_2025,55.514642,-21.29731
4375,764,REU.4.8_1,REU.4.8_1,0.111324855730048,0.677889758324789,0.566564902594741,2025.1516888429,2025.26301369863,CHIKV_RUN_S35b25_2025,55.448108,-21.295353
4968,22,REU.2.3_1,REU.2.3_1,0.106300964888959,0.677889758324789,0.57158879343583,2025.15671273374,2025.26301369863,CHIKV_RUN_S34b83_2025,55.447781,-20.882615
3657,1531,REU.4.3_1,REU.2.4_1,0.10161450510019,0.677889758324789,0.576275253224599,2025.16139919353,2025.26301369863,CHIKV_RUN_S34b92_2025,55.54758,-20.897653
3971,1050,REU.4.8_1,REU.2.5_1,0.0959752118002924,0.677889758324789,0.581914546524497,2025.16703848683,2025.26301369863,CHIKV_RUN_S34b84_2025,55.642871,-20.932313
3708,300,REU.4.8_1,REU.2.3_1,0.0926909099286654,0.677889758324789,0.585198848396124,2025.1703227887,2025.26301369863,CHIKV_RUN_S34b46_2025,55.482412,-20.911924
6197,2823,REU.4.8_1,REU.4.8_1,0.0920904921599041,0.677889758324789,0.585799266164885,2025.17092320647,2025.26301369863,CHIKV_RUN_S35b42_2025,55.472216,-21.338658
5001,3,REU.4.3_1,REU.4.3_1,0.0847744683961349,0.677889758324789,0.593115289928654,2025.17823923023,2025.26301369863,CHIKV_RUN_S34b93_2025,55.520597,-21.303307
4581,1270,REU.4.8_1,REU.4.8_1,0.0764525907439231,0.677889758324789,0.601437167580866,2025.18656110789,2025.26301369863,CHIKV_RUN_S35b04_2025,55.507195,-21.35199
5999,2921,REU.2.3_1,REU.2.4_1,0.0763544548992577,0.677889758324789,0.601535303425532,2025.18665924373,2025.26301369863,CHIKV_RUN_S34b43_2025,55.552915,-20.901466
5224,2152,REU.4.6_1,REU.4.6_1,0.0703825790582084,0.677889758324789,0.60750717926658,2025.19263111957,2025.26301369863,CHIKV_RUN_S35b10_2025,55.44814,-21.277593
3606,94,REU.2.3_1,REU.2.3_1,0.0683472731222275,0.677889758324789,0.609542485202562,2025.19466642551,2025.26301369863,CHIKV_RUN_S34b38_2025,55.457303,-20.898911
4885,185,REU.4.5_1,REU.4.5_1,0.0584279719863459,0.677889758324789,0.619461786338443,2025.20458572664,2025.26301369863,CHIKV_RUN_S35b29_2025,55.700778,-21.360713
4344,864,REU.3.5_1,REU.4.3_1,0.0578430935442045,0.677889758324789,0.620046664780585,2025.20517060509,2025.26301369863,CHIKV_RUN_S34b85_2025,55.536329,-21.222347
5725,2082,REU.4.5_1,REU.4.5_1,0.0561260649648856,0.677889758324789,0.621763693359903,2025.20688763367,2025.26301369863,CHIKV_RUN_S34b90_2025,55.664754,-21.361256
3869,1722,REU.2.3_1,REU.2.3_1,0.0513804872100407,0.677889758324789,0.626509271114748,2025.21163321142,2025.26301369863,CHIKV_RUN_S34b86_2025,55.448791,-20.890686
3306,366,REU.4.8_1,REU.3.2_1,0.0497407710948699,0.677889758324789,0.628148987229919,2025.21327292754,2025.26301369863,CHIKV_RUN_S35b03_2025,55.353664,-21.218052
4720,978,REU.2.3_1,REU.2.3_1,0.036504321190753,0.677889758324789,0.641385437134036,2025.22650937744,2025.26301369863,CHIKV_RUN_S34b87_2025,55.461922,-20.904806
4927,238,REU.4.8_1,REU.4.8_1,0.0355707883105632,0.677889758324789,0.642318970014226,2025.22744291032,2025.26301369863,CHIKV_RUN_S35b44_2025,55.483603,-21.335736
6129,2035,REU.4.5_1,REU.4.5_1,0.0227277807634451,0.677889758324789,0.655161977561344,2025.24028591787,2025.26301369863,CHIKV_RUN_S35b43_2025,55.663844,-21.378484
5210,1914,REU.3.4_1,REU.3.2_1,0.0225076960246982,0.677889758324789,0.655382062300091,2025.24050600261,2025.26301369863,CHIKV_RUN_S35b30_2025,55.354315,-21.207176
4643,118,REU.2.3_1,REU.2.3_1,0.0212348846785435,0.677889758324789,0.656654873646246,2025.24177881395,2025.26301369863,CHIKV_RUN_S34b94_2025,55.462623,-20.895358
3285,421,REU.2.3_1,REU.2.3_1,0.0167032183135898,0.677889758324789,0.661186540011199,2025.24631048032,2025.26301369863,CHIKV_RUN_S34b88_2025,55.453124,-20.87948
5523,302,REU.4.8_1,REU.4.8_1,0.0138392530525245,0.677889758324789,0.664050505272265,2025.24917444558,2025.26301369863,CHIKV_RUN_S35b07_2025,55.478816,-21.321061
5746,1986,REU.2.3_1,REU.2.4_1,0.0118494268142872,0.677889758324789,0.666040331510502,2025.25116427182,2025.26301369863,CHIKV_RUN_S34b73_2025,55.528367,-20.921675
4539,1178,REU.2.3_1,REU.2.3_1,0.0029821599829496,0.677889758324789,0.67490759834184,2025.26003153865,2025.26301369863,CHIKV_RUN_S35b06_2025,55.462846,-20.901711
3127,3130,REU.3.4_1,REU.2.3_1,0.101690568884948,0.67823155971748,0.576540990832532,2025.16166493114,2025.26335550002,NA,NA,NA
5605,5606,REU.3.1_1,REU.2.3_1,0.11888614992375,0.678743450220125,0.559857300296374,2025.1449812406,2025.26386739053,NA,NA,NA
4214,4215,REU.4.3_1,REU.4.3_1,0.194947602197337,0.679184793581615,0.484237191384279,2025.06936113169,2025.26430873389,NA,NA,NA
4423,4424,REU.4.3_1,REU.4.5_1,0.123802343763182,0.680206117684168,0.556403773920986,2025.14152771423,2025.26533005799,NA,NA,NA
6148,2044,REU.4.5_1,REU.4.5_1,0.210510744665017,0.680629484352147,0.470118739687129,2025.05524267999,2025.26575342466,CHIKV_RUN_S36b03_2025,55.612823,-21.381644
3488,380,REU.4.3_1,REU.2.5_1,0.2006974018907,0.680629484352147,0.479932082461447,2025.06505602277,2025.26575342466,CHIKV_RUN_S35b23_2025,55.593686,-20.911752
5315,2251,REU.4.8_1,REU.4.8_1,0.190540088650913,0.680629484352147,0.490089395701233,2025.07521333601,2025.26575342466,CHIKV_RUN_S36b30_2025,55.477489,-21.330138
5762,2329,REU.2.3_1,REU.1.3_1,0.168823434330985,0.680629484352147,0.511806050021162,2025.09692999033,2025.26575342466,CHIKV_RUN_S45b46_2025,55.626108,-20.954969
5464,2354,REU.4.5_1,REU.3.4_1,0.157134882646607,0.680629484352147,0.52349460170554,2025.10861854201,2025.26575342466,CHIKV_RUN_S45b55_2025,55.31624,-21.14573
4882,180,REU.4.7_1,REU.4.7_1,0.154347163248487,0.680629484352147,0.526282321103659,2025.11140626141,2025.26575342466,CHIKV_RUN_S35b41_2025,55.723651,-21.363656
5352,2751,REU.3.1_1,REU.3.2_1,0.153682109173811,0.680629484352147,0.526947375178335,2025.11207131548,2025.26575342466,CHIKV_RUN_S45b52_2025,55.329707,-21.244639
3756,969,REU.4.8_1,REU.1.5_1,0.146893019293639,0.680629484352147,0.533736465058507,2025.11886040536,2025.26575342466,CHIKV_RUN_S36b59_2025,55.828075,-21.164687
6017,1807,REU.4.6_1,REU.4.6_1,0.146712981713128,0.680629484352147,0.533916502639018,2025.11904044294,2025.26575342466,CHIKV_RUN_S45b60_2025,55.440118,-21.261287
3350,450,REU.4.3_1,REU.1.4_1,0.144793363449601,0.680629484352147,0.535836120902546,2025.12096006121,2025.26575342466,CHIKV_RUN_S37b74_2025,55.734654,-21.094938
4067,1121,REU.4.3_1,REU.4.5_1,0.130060868122723,0.680629484352147,0.550568616229424,2025.13569255653,2025.26575342466,CHIKV_RUN_S45b36_2025,55.632591,-21.370861
3724,290,REU.3.5_1,REU.4.8_1,0.129590958975984,0.680629484352147,0.551038525376162,2025.13616246568,2025.26575342466,CHIKV_RUN_S35b40_2025,55.48181,-21.330446
6196,2824,REU.4.8_1,REU.4.8_1,0.12878731025512,0.680629484352147,0.551842174097027,2025.1369661144,2025.26575342466,CHIKV_RUN_S36b11_2025,55.485682,-21.340678
5881,2961,REU.3.4_1,REU.3.4_1,0.126875779323876,0.680629484352147,0.553753705028271,2025.13887764533,2025.26575342466,CHIKV_RUN_S36b12_2025,55.309335,-21.161133
3514,1620,REU.3.5_1,REU.4.4_1,0.126863084291347,0.680629484352147,0.553766400060799,2025.13889034037,2025.26575342466,CHIKV_RUN_S45b42_2025,55.576604,-21.336189
4496,625,REU.4.3_1,REU.2.3_1,0.109905415533648,0.680629484352147,0.570724068818499,2025.15584800912,2025.26575342466,CHIKV_RUN_S35b13_2025,55.452371,-20.889316
5996,2909,REU.2.3_1,REU.2.3_1,0.108407485398644,0.680629484352147,0.572221998953503,2025.15734593926,2025.26575342466,CHIKV_RUN_S35b45_2025,55.499865,-20.925833
5687,2189,REU.4.3_1,REU.4.3_1,0.108308868205727,0.680629484352147,0.572320616146419,2025.15744455645,2025.26575342466,CHIKV_RUN_S35b31_2025,55.534055,-21.256565
3658,1530,REU.4.3_1,REU.4.3_1,0.104693817424654,0.680629484352147,0.575935666927492,2025.16105960723,2025.26575342466,CHIKV_RUN_S45b47_2025,55.576662,-21.23071
4560,1227,REU.4.5_1,REU.4.5_1,0.0926445911137292,0.680629484352147,0.587984893238417,2025.17310883354,2025.26575342466,CHIKV_RUN_S36b15_2025,55.6309,-21.340483
4693,1001,REU.2.3_1,REU.1.5_1,0.0904901469939373,0.680629484352146,0.590139337358209,2025.17526327766,2025.26575342466,CHIKV_RUN_S36b57_2025,55.797018,-21.130078
5995,2911,REU.2.3_1,REU.2.3_1,0.0883263027173747,0.680629484352147,0.592303181634772,2025.17742712194,2025.26575342466,CHIKV_RUN_S35b39_2025,55.459915,-20.891391
5653,2180,REU.4.8_1,REU.4.8_1,0.0859472664161512,0.680629484352146,0.594682217935995,2025.17980615824,2025.26575342466,CHIKV_RUN_S45b51_2025,55.440031,-21.315044
4579,1177,REU.4.3_1,REU.4.5_1,0.0849919279607134,0.680629484352147,0.595637556391433,2025.1807614967,2025.26575342466,CHIKV_RUN_S35b19_2025,55.609091,-21.352348
3478,479,REU.2.3_1,REU.2.3_1,0.0846366222189757,0.680629484352147,0.595992862133171,2025.18111680244,2025.26575342466,CHIKV_RUN_S35b27_2025,55.430094,-20.881357
3605,75,REU.2.3_1,REU.2.3_1,0.0834656212860518,0.680629484352147,0.597163863066095,2025.18228780337,2025.26575342466,CHIKV_RUN_S35b15_2025,55.456567,-20.885699
4002,1372,REU.2.4_1,REU.2.4_1,0.0810815909186277,0.680629484352147,0.599547893433519,2025.18467183374,2025.26575342466,CHIKV_RUN_S45b53_2025,55.558119,-20.898194
5073,1829,REU.2.3_1,REU.2.3_1,0.078311705191497,0.680629484352147,0.60231777916065,2025.18744171947,2025.26575342466,CHIKV_RUN_S45b43_2025,55.458162,-20.890265
6128,2042,REU.4.5_1,REU.4.5_1,0.0750912067387061,0.680629484352147,0.60553827761344,2025.19066221792,2025.26575342466,CHIKV_RUN_S35b49_2025,55.65683,-21.338729
3387,564,REU.3.4_1,REU.3.4_1,0.0736268867054661,0.680629484352147,0.60700259764668,2025.19212653795,2025.26575342466,CHIKV_RUN_S45b50_2025,55.289728,-21.132399
3201,2594,REU.4.8_1,REU.1.3_1,0.0721414219716541,0.680629484352147,0.608488062380492,2025.19361200269,2025.26575342466,CHIKV_RUN_S45b44_2025,55.648083,-20.968452
3259,1282,REU.4.3_1,REU.2.3_1,0.0711746775214401,0.680629484352147,0.609454806830706,2025.19457874714,2025.26575342466,CHIKV_RUN_S35b14_2025,55.445317,-20.896568
5537,2529,REU.4.1_1,REU.1.5_1,0.0689559562218311,0.680629484352147,0.611673528130315,2025.19679746844,2025.26575342466,CHIKV_RUN_S37b77_2025,55.778421,-21.126649
6155,2124,REU.4.5_1,REU.4.5_1,0.0659496020821392,0.680629484352147,0.614679882270007,2025.19980382258,2025.26575342466,CHIKV_RUN_S35b46_2025,55.634552,-21.335297
5429,2479,REU.4.6_1,REU.4.6_1,0.0599858094626058,0.680629484352146,0.620643674889541,2025.2057676152,2025.26575342466,CHIKV_RUN_S36b20_2025,55.411166,-21.2906
5970,2903,REU.4.8_1,REU.4.8_1,0.0525569291702556,0.680629484352147,0.628072555181891,2025.21319649549,2025.26575342466,CHIKV_RUN_S36b09_2025,55.425507,-21.299211
3167,2432,REU.4.6_1,REU.4.3_1,0.0495349965913388,0.680629484352147,0.631094487760808,2025.21621842807,2025.26575342466,CHIKV_RUN_S45b57_2025,55.510747,-21.254944
3956,1589,REU.4.8_1,REU.4.8_1,0.0433522323522159,0.680629484352147,0.637277251999931,2025.22240119231,2025.26575342466,CHIKV_RUN_S35b24_2025,55.494334,-21.304604
4867,1432,REU.4.8_1,REU.4.3_1,0.0412059200051281,0.680629484352147,0.639423564347018,2025.22454750465,2025.26575342466,CHIKV_RUN_S35b28_2025,55.506198,-21.255451
5694,2186,REU.4.3_1,REU.4.8_1,0.0364694329517518,0.680629484352146,0.644160051400395,2025.22928399171,2025.26575342466,CHIKV_RUN_S36b21_2025,55.486412,-21.347464
4270,655,REU.4.8_1,REU.4.3_1,0.0363739206369753,0.680629484352147,0.644255563715171,2025.22937950402,2025.26575342466,CHIKV_RUN_S35b52_2025,55.502423,-21.235649
3838,914,REU.1.3_1,REU.1.3_1,0.0357251756732009,0.680629484352147,0.644904308678946,2025.23002824898,2025.26575342466,CHIKV_RUN_S45b30_2025,55.656813,-20.940275
5047,1938,REU.2.3_1,REU.1.5_1,0.0344259990380453,0.680629484352146,0.646203485314101,2025.23132742562,2025.26575342466,CHIKV_RUN_S36b58_2025,55.819185,-21.158695
4286,675,REU.4.3_1,REU.2.3_1,0.0336459521955144,0.680629484352147,0.646983532156632,2025.23210747246,2025.26575342466,CHIKV_RUN_S35b38_2025,55.457633,-20.900334
3746,941,REU.2.4_1,REU.2.4_1,0.0316586835869606,0.680629484352147,0.648970800765186,2025.23409474107,2025.26575342466,CHIKV_RUN_S35b11_2025,55.523182,-20.920082
3317,398,REU.2.3_1,REU.2.3_1,0.0280907228334056,0.680629484352147,0.652538761518741,2025.23766270182,2025.26575342466,CHIKV_RUN_S35b34_2025,55.506864,-20.90552
5322,2279,REU.4.8_1,REU.3.5_1,0.025858865327317,0.680629484352147,0.65477061902483,2025.23989455933,2025.26575342466,CHIKV_RUN_S35b22_2025,55.239248,-21.096619
6129,2036,REU.4.5_1,REU.4.5_1,0.0254675067908025,0.680629484352146,0.655161977561344,2025.24028591787,2025.26575342466,CHIKV_RUN_S35b32_2025,55.619713,-21.372073
4128,612,REU.2.4_1,REU.1.4_1,0.0217573342966688,0.680629484352147,0.658872150055478,2025.24399609036,2025.26575342466,CHIKV_RUN_S37b75_2025,55.742218,-21.079845
4484,870,REU.4.5_1,REU.4.5_1,0.018007935488527,0.680629484352147,0.66262154886362,2025.24774548917,2025.26575342466,CHIKV_RUN_S36b35_2025,55.612002,-21.379741
4929,239,REU.4.8_1,REU.1.4_1,0.00530929976048999,0.680629484352147,0.675320184591657,2025.2604441249,2025.26575342466,CHIKV_RUN_S36b81_2025,55.710447,-21.033268
4215,324,REU.4.3_1,REU.4.3_1,0.00144469077053122,0.680629484352147,0.679184793581615,2025.26430873389,2025.26575342466,CHIKV_RUN_S35b12_2025,55.513655,-21.244184
3604,3607,REU.2.3_1,REU.2.3_1,0.144376147354105,0.680756229339128,0.536380081985023,2025.12150402229,2025.26588016964,NA,NA,NA
4004,4005,REU.2.3_1,REU.2.3_1,0.0597316778425812,0.681839775436841,0.62210809759426,2025.2072320379,2025.26696371574,NA,NA,NA
4068,4070,REU.4.3_1,REU.2.3_1,0.169827852779522,0.681897002309153,0.512069149529631,2025.09719308983,2025.26702094261,NA,NA,NA
3279,3280,REU.4.3_1,REU.4.6_1,0.190192325177325,0.682452356050284,0.492260030872959,2025.07738397118,2025.26757629636,NA,NA,NA
3835,1624,REU.4.8_1,REU.3.5_1,0.245068557407645,0.683369210379504,0.438300652971859,2025.02342459328,2025.26849315068,CHIKV_RUN_S36b84_2025,55.331595,-20.99911
3765,2501,REU.4.3_1,REU.4.8_1,0.238607852427105,0.683369210379504,0.444761357952399,2025.02988529826,2025.26849315068,CHIKV_RUN_S36b70_2025,55.462462,-21.337648
4966,28,REU.2.3_1,REU.2.3_1,0.238315262203072,0.683369210379504,0.445053948176432,2025.03017788848,2025.26849315068,CHIKV_RUN_S36b44_2025,55.453019,-20.879682
4734,1020,REU.2.3_1,REU.2.3_1,0.202238580508898,0.683369210379504,0.481130629870606,2025.06625457018,2025.26849315068,CHIKV_RUN_S36b42_2025,55.488518,-20.926245
5720,2682,REU.3.1_1,REU.3.2_1,0.170404622862219,0.683369210379504,0.512964587517285,2025.09808852782,2025.26849315068,CHIKV_RUN_S36b05_2025,55.335907,-21.237616
4227,651,REU.4.3_1,REU.4.8_1,0.170335454981995,0.683369210379504,0.513033755397509,2025.0981576957,2025.26849315068,CHIKV_RUN_S36b10_2025,55.447129,-21.28198
4179,355,REU.4.3_1,REU.2.3_1,0.155468542838535,0.683369210379504,0.527900667540969,2025.11302460785,2025.26849315068,CHIKV_RUN_S36b87_2025,55.464831,-20.8845
3601,84,REU.4.8_1,REU.2.3_1,0.149756482317231,0.683369210379504,0.533612728062273,2025.11873666837,2025.26849315068,CHIKV_RUN_S36b40_2025,55.458092,-20.879665
5260,2496,REU.4.6_1,REU.4.6_1,0.147442088405966,0.683369210379504,0.535927121973538,2025.12105106228,2025.26849315068,CHIKV_RUN_S36b28_2025,55.402411,-21.269929
5415,2174,REU.4.3_1,REU.4.8_1,0.145813018643968,0.683369210379504,0.537556191735536,2025.12268013204,2025.26849315068,CHIKV_RUN_S36b18_2025,55.475368,-21.326873
4229,860,REU.4.3_1,REU.4.8_1,0.14422686367162,0.683369210379504,0.539142346707884,2025.12426628701,2025.26849315068,CHIKV_RUN_S36b77_2025,55.445779,-21.298926
5713,2838,REU.4.8_1,REU.4.4_1,0.142964648566141,0.683369210379504,0.540404561813363,2025.12552850212,2025.26849315068,CHIKV_RUN_S36b27_2025,55.566444,-21.348978
3719,1558,REU.4.3_1,REU.4.5_1,0.142877960208488,0.683369210379504,0.540491250171016,2025.12561519048,2025.26849315068,CHIKV_RUN_S37b03_2025,55.600899,-21.346103
5255,2388,REU.4.8_1,REU.4.3_1,0.14221276013815,0.683369210379504,0.541156450241354,2025.12628039055,2025.26849315068,CHIKV_RUN_S37b05_2025,55.49969,-21.269455
4105,1421,REU.4.3_1,REU.4.3_1,0.141729530071652,0.683369210379504,0.541639680307852,2025.12676362061,2025.26849315068,CHIKV_RUN_S36b67_2025,55.525237,-21.279942
4980,44,REU.2.3_1,REU.2.3_1,0.141451639595965,0.683369210379504,0.541917570783539,2025.12704151109,2025.26849315068,CHIKV_RUN_S35b36_2025,55.452064,-20.886175
4391,784,REU.4.8_1,REU.4.8_1,0.140030427452432,0.683369210379504,0.543338782927072,2025.12846272323,2025.26849315068,CHIKV_RUN_S36b94_2025,55.464534,-21.337941
4762,1546,REU.4.3_1,REU.1.4_1,0.136881962074987,0.683369210379504,0.546487248304517,2025.13161118861,2025.26849315068,CHIKV_RUN_S37b76_2025,55.705138,-21.069757
3524,1631,REU.3.5_1,REU.2.4_1,0.133029849690772,0.683369210379504,0.550339360688732,2025.13546330099,2025.26849315068,CHIKV_RUN_S36b07_2025,55.514801,-20.917675
4442,776,REU.4.3_1,REU.4.2_1,0.132195764344338,0.683369210379504,0.551173446035166,2025.13629738634,2025.26849315068,CHIKV_RUN_S36b23_2025,55.482973,-21.24164
4277,687,REU.4.8_1,REU.4.8_1,0.12898988093792,0.683369210379504,0.554379329441584,2025.13950326975,2025.26849315068,CHIKV_RUN_S36b33_2025,55.486916,-21.343386
5745,1974,REU.2.5_1,REU.2.3_1,0.123721466363552,0.683369210379504,0.559647744015952,2025.14477168432,2025.26849315068,CHIKV_RUN_S35b53_2025,55.454217,-20.887795
4190,349,REU.4.8_1,REU.4.6_1,0.123155673041241,0.683369210379504,0.560213537338263,2025.14533747764,2025.26849315068,CHIKV_RUN_S37b08_2025,55.406676,-21.287115
5937,2895,REU.2.3_1,REU.4.4_1,0.123015943265973,0.683369210379504,0.56035326711353,2025.14547720742,2025.26849315068,CHIKV_RUN_S38b40_2025,55.583064,-21.347863
4912,244,REU.4.5_1,REU.4.5_1,0.114544418104306,0.683369210379504,0.568824792275198,2025.15394873258,2025.26849315068,CHIKV_RUN_S36b46_2025,55.681708,-21.366676
4279,688,REU.4.3_1,REU.1.3_1,0.111411358286923,0.683369210379504,0.571957852092581,2025.1570817924,2025.26849315068,CHIKV_RUN_S36b14_2025,55.62049,-20.954348
4596,1196,REU.4.8_1,REU.2.5_1,0.109661357201345,0.683369210379504,0.573707853178159,2025.15883179348,2025.26849315068,CHIKV_RUN_S36b31_2025,55.594205,-20.912074
6110,2038,REU.4.5_1,REU.4.5_1,0.109027136823558,0.683369210379504,0.574342073555946,2025.15946601386,2025.26849315068,CHIKV_RUN_S36b69_2025,55.616743,-21.375864
3269,375,REU.4.3_1,REU.2.4_1,0.104158044038315,0.683369210379504,0.579211166341189,2025.16433510665,2025.26849315068,CHIKV_RUN_S36b24_2025,55.571953,-20.894325
4684,143,REU.4.8_1,REU.2.3_1,0.103806749433992,0.683369210379504,0.579562460945511,2025.16468640125,2025.26849315068,CHIKV_RUN_S36b32_2025,55.455128,-20.888736
4825,1086,REU.4.3_1,REU.4.4_1,0.0985378980666315,0.683369210379504,0.584831312312872,2025.16995525262,2025.26849315068,CHIKV_RUN_S36b74_2025,55.534402,-21.360321
5213,1906,REU.2.3_1,REU.3.2_1,0.0964393273857381,0.683369210379504,0.586929882993766,2025.1720538233,2025.26849315068,CHIKV_RUN_S37b07_2025,55.364689,-21.212838
4173,1714,REU.2.5_1,REU.2.3_1,0.0841843380499044,0.683369210379504,0.5991848723296,2025.18430881263,2025.26849315068,CHIKV_RUN_S28b03_2025,55.448275,-20.89179
5923,2876,REU.2.3_1,REU.2.4_1,0.0809682724285175,0.683369210379504,0.602400937950986,2025.18752487826,2025.26849315068,CHIKV_RUN_S36b06_2025,55.523806,-20.927211
4057,1636,REU.4.5_1,REU.3.5_1,0.0789369500769205,0.683369210379504,0.604432260302583,2025.18955620061,2025.26849315068,CHIKV_RUN_S36b04_2025,55.331176,-20.984865
5472,2346,REU.4.5_1,REU.2.3_1,0.0728259293763599,0.683369210379504,0.610543281003144,2025.19566722131,2025.26849315068,CHIKV_RUN_S35b54_2025,55.457891,-20.888457
4629,1574,REU.4.3_1,REU.4.3_1,0.0721161672763535,0.683369210379504,0.61125304310315,2025.19637698341,2025.26849315068,CHIKV_RUN_S36b16_2025,55.513752,-21.277223
4744,1009,REU.2.3_1,REU.2.3_1,0.0661037323651661,0.683369210379504,0.617265478014338,2025.20238941832,2025.26849315068,CHIKV_RUN_S35b55_2025,55.44655,-20.899567
3219,2607,REU.4.8_1,REU.2.3_1,0.0646864198215766,0.683369210379504,0.618682790557927,2025.20380673086,2025.26849315068,CHIKV_RUN_S36b41_2025,55.444792,-20.9012
5481,2672,REU.2.3_1,REU.4.6_1,0.0609833113147256,0.683369210379504,0.622385899064778,2025.20750983937,2025.26849315068,CHIKV_RUN_S36b02_2025,55.408549,-21.29104
4300,691,REU.4.3_1,REU.2.3_1,0.0489593746983915,0.683369210379504,0.634409835681112,2025.21953377599,2025.26849315068,CHIKV_RUN_S36b08_2025,55.476703,-20.893449
5942,2858,REU.4.8_1,REU.4.8_1,0.0392578271690321,0.683369210379504,0.644111383210472,2025.22923532352,2025.26849315068,CHIKV_RUN_S36b39_2025,55.497632,-21.293164
4520,1331,REU.3.5_1,REU.3.2_1,0.037910316178784,0.683369210379504,0.64545889420072,2025.23058283451,2025.26849315068,CHIKV_RUN_S36b29_2025,55.336687,-21.237412
3718,1564,REU.4.3_1,REU.4.3_1,0.0341895330452159,0.683369210379504,0.649179677334288,2025.23430361764,2025.26849315068,CHIKV_RUN_S36b65_2025,55.554845,-21.221076
5606,2574,REU.2.3_1,REU.2.3_1,0.00462576015937932,0.683369210379504,0.678743450220125,2025.26386739053,2025.26849315068,CHIKV_RUN_S35b37_2025,55.462782,-20.884913
3607,72,REU.2.3_1,REU.2.4_1,0.00261298104037544,0.683369210379504,0.680756229339128,2025.26588016964,2025.26849315068,CHIKV_RUN_S36b47_2025,55.517213,-20.949991
6055,6056,REU.4.8_1,REU.4.8_1,0.0193592608193878,0.683963285889038,0.66460402506965,2025.24972796538,2025.26908722619,NA,NA,NA
4869,4870,REU.4.8_1,REU.4.8_1,0.0985850005080114,0.684634658880062,0.586049658372051,2025.17117359868,2025.26975859919,NA,NA,NA
6215,2626,REU.3.1_1,REU.4.6_1,0.276989080093788,0.686108936406861,0.409119856313073,2024.99424379662,2025.27123287671,CHIKV_RUN_S37b26_2025,55.406465,-21.289335
4932,209,REU.4.5_1,REU.4.5_1,0.236129328125186,0.686108936406861,0.449979608281675,2025.03510354859,2025.27123287671,CHIKV_RUN_S37b23_2025,55.621974,-21.376159
5413,2698,REU.4.3_1,REU.2.3_1,0.199939840060998,0.686108936406861,0.486169096345863,2025.07129303665,2025.27123287671,CHIKV_RUN_S36b73_2025,55.46222,-20.89166
5462,2353,REU.4.5_1,REU.2.3_1,0.176289655677664,0.686108936406861,0.509819280729198,2025.09494322103,2025.27123287671,CHIKV_RUN_S36b45_2025,55.463336,-20.893336
5654,1942,REU.4.8_1,REU.3.5_1,0.174598258963972,0.686108936406861,0.511510677442889,2025.09663461775,2025.27123287671,CHIKV_RUN_S36b92_2025,55.218996,-21.043183
3600,82,REU.4.8_1,REU.4.4_1,0.171408998804824,0.686108936406861,0.514699937602037,2025.09982387791,2025.27123287671,CHIKV_RUN_S36b86_2025,55.539587,-21.337892
3934,1311,REU.4.3_1,REU.2.4_1,0.154399495887358,0.686108936406861,0.531709440519503,2025.11683338082,2025.27123287671,CHIKV_RUN_S36b63_2025,55.54216,-20.946748
5938,2877,REU.2.3_1,REU.2.3_1,0.12305715903862,0.686108936406861,0.563051777368241,2025.14817571767,2025.27123287671,CHIKV_RUN_S36b75_2025,55.444588,-20.909778
4375,763,REU.4.8_1,REU.3.1_1,0.119544033812121,0.686108936406861,0.566564902594741,2025.1516888429,2025.27123287671,CHIKV_RUN_S36b66_2025,55.390181,-21.239489
5206,1911,REU.4.8_1,REU.2.3_1,0.117929052563656,0.686108936406861,0.568179883843205,2025.15330382415,2025.27123287671,CHIKV_RUN_S36b85_2025,55.43917,-20.896348
3555,1405,REU.4.3_1,REU.1.3_1,0.115297624670371,0.686108936406861,0.570811311736491,2025.15593525204,2025.27123287671,CHIKV_RUN_S36b72_2025,55.659589,-20.973932
5337,2290,REU.4.3_1,REU.4.3_1,0.0952887134340754,0.686108936406861,0.590820222972786,2025.17594416328,2025.27123287671,CHIKV_RUN_S36b78_2025,55.548848,-21.250426
5041,2314,REU.3.1_1,REU.3.1_1,0.089372166275145,0.686108936406861,0.596736770131716,2025.18186071044,2025.27123287671,CHIKV_RUN_S37b25_2025,55.335535,-21.268174
5974,2935,REU.2.3_1,REU.2.3_1,0.0879330451625787,0.686108936406861,0.598175891244283,2025.18329983155,2025.27123287671,CHIKV_RUN_S36b76_2025,55.505459,-20.912928
6021,2499,REU.4.8_1,REU.3.2_1,0.0870792814615361,0.686108936406861,0.599029654945325,2025.18415359525,2025.27123287671,CHIKV_RUN_S37b33_2025,55.341489,-21.22632
3344,447,REU.2.3_1,REU.2.3_1,0.0816962815206083,0.686108936406861,0.604412654886253,2025.18953659519,2025.27123287671,CHIKV_RUN_S36b62_2025,55.435923,-20.920802
6161,2123,REU.4.5_1,REU.4.5_1,0.072078725186033,0.686108936406861,0.614030211220828,2025.19915415153,2025.27123287671,CHIKV_RUN_S37b04_2025,55.601648,-21.354461
4456,1186,REU.4.8_1,REU.4.3_1,0.0700519900600939,0.686108936406861,0.616056946346767,2025.20118088665,2025.27123287671,CHIKV_RUN_S36b91_2025,55.531203,-21.223437
5429,3085,REU.4.6_1,REU.4.3_1,0.0654652615173206,0.686108936406861,0.620643674889541,2025.2057676152,2025.27123287671,CHIKV_RUN_S36b82_2025,55.530001,-21.220516
6105,2046,REU.4.5_1,REU.4.5_1,0.0619569583492764,0.686108936406861,0.624151978057585,2025.20927591836,2025.27123287671,CHIKV_RUN_S36b93_2025,55.632653,-21.374048
4311,727,REU.2.3_1,REU.2.3_1,0.057885855269727,0.686108936406861,0.628223081137134,2025.21334702144,2025.27123287671,CHIKV_RUN_S37b09_2025,55.458044,-20.904445
4142,1581,REU.4.8_1,REU.4.6_1,0.0559084376290888,0.686108936406861,0.630200498777773,2025.21532443908,2025.27123287671,CHIKV_RUN_S37b22_2025,55.41041,-21.203343
3850,1145,REU.2.3_1,REU.2.3_1,0.0557386221342167,0.686108936406862,0.630370314272645,2025.21549425458,2025.27123287671,CHIKV_RUN_S36b95_2025,55.485693,-20.90823
5409,2016,REU.4.5_1,REU.4.5_1,0.0533563215526192,0.686108936406861,0.632752614854242,2025.21787655516,2025.27123287671,CHIKV_RUN_S36b79_2025,55.613182,-21.341037
5121,1787,REU.2.3_1,REU.2.3_1,0.0501668567569676,0.686108936406861,0.635942079649894,2025.22106601996,2025.27123287671,CHIKV_RUN_S36b43_2025,55.501016,-20.90024
3208,2611,REU.4.4_1,REU.4.5_1,0.0334350864251879,0.686108936406861,0.652673849981673,2025.23779779029,2025.27123287671,CHIKV_RUN_S37b29_2025,55.623625,-21.379174
5984,2919,REU.3.5_1,REU.2.2_1,0.0191215214628515,0.686108936406861,0.66698741494401,2025.25211135525,2025.27123287671,CHIKV_RUN_S50b04_2025,55.30726,-20.939579
4739,4740,REU.2.3_1,REU.2.3_1,0.0295802801201632,0.686252194400539,0.656671914280376,2025.24179585459,2025.27137613471,NA,NA,NA
5127,5128,REU.2.3_1,REU.2.3_1,0.0392960101066813,0.686896135438902,0.647600125332221,2025.23272406564,2025.27202007574,NA,NA,NA
3960,3961,REU.4.8_1,REU.3.5_1,0.0649566258783905,0.686925513579044,0.621968887700653,2025.20709282801,2025.27204945388,NA,NA,NA
4916,4917,REU.4.7_1,REU.4.5_1,0.17252438079424,0.688427187210541,0.515902806416301,2025.10102674672,2025.27355112752,NA,NA,NA
5591,2334,REU.3.1_1,REU.4.8_1,0.303486057077382,0.688848662434446,0.385362605357064,2024.97048654566,2025.27397260274,CHIKV_RUN_S38b21_2025,55.492457,-21.272136
5391,2802,REU.3.1_1,REU.4.3_1,0.21614875174316,0.688848662434446,0.472699910691286,2025.057823851,2025.27397260274,CHIKV_RUN_S37b27_2025,55.536511,-21.191852
3141,2467,REU.3.4_1,REU.4.6_1,0.209086055636538,0.688848662434446,0.479762606797908,2025.0648865471,2025.27397260274,CHIKV_RUN_S37b30_2025,55.418062,-21.277593
4832,1295,REU.4.3_1,REU.4.8_1,0.203696384705415,0.688848662434446,0.485152277729031,2025.07027621803,2025.27397260274,CHIKV_RUN_S37b40_2025,55.536768,-21.330156
3596,81,REU.4.8_1,REU.2.3_1,0.190178480508479,0.688848662434446,0.498670181925967,2025.08379412223,2025.27397260274,CHIKV_RUN_S37b17_2025,55.4454,-20.889306
3687,262,REU.4.8_1,REU.4.5_1,0.182731637584564,0.688848662434446,0.506117024849882,2025.09124096516,2025.27397260274,CHIKV_RUN_S38b12_2025,55.596597,-21.352251
5875,2972,REU.3.4_1,REU.2.3_1,0.168297528799032,0.688848662434446,0.520551133635414,2025.10567507394,2025.27397260274,CHIKV_RUN_S37b11_2025,55.445982,-20.890035
3254,1618,REU.4.3_1,REU.2.3_1,0.154464384784431,0.688848662434446,0.534384277650016,2025.11950821796,2025.27397260274,CHIKV_RUN_S37b16_2025,55.407765,-20.89103
5861,2968,REU.4.3_1,REU.4.8_1,0.154032950543607,0.688848662434446,0.534815711890839,2025.1199396522,2025.27397260274,CHIKV_RUN_S37b41_2025,55.47771,-21.340618
5676,2295,REU.4.8_1,REU.4.5_1,0.146664241413901,0.688848662434446,0.542184421020545,2025.12730836133,2025.27397260274,CHIKV_RUN_S38b28_2025,55.668686,-21.374603
6071,1852,REU.3.1_1,REU.3.1_1,0.145570501535742,0.688848662434446,0.543278160898704,2025.1284021012,2025.27397260274,CHIKV_RUN_S38b80_2025,55.370885,-21.271162
4027,1674,REU.4.3_1,REU.4.8_1,0.143471477202461,0.688848662434446,0.545377185231985,2025.13050112554,2025.27397260274,CHIKV_RUN_S38b05_2025,55.47794,-21.284875
5520,2360,REU.4.6_1,REU.4.3_1,0.142412590684155,0.688848662434446,0.546436071750291,2025.13156001206,2025.27397260274,CHIKV_RUN_S37b34_2025,55.5026,-21.262005
3904,285,REU.4.3_1,REU.4.5_1,0.130464181423077,0.688848662434446,0.558384481011369,2025.14350842132,2025.27397260274,CHIKV_RUN_S37b21_2025,55.611081,-21.38211
4733,988,REU.2.3_1,REU.2.3_1,0.128184853223758,0.688848662434446,0.560663809210688,2025.14578774952,2025.27397260274,CHIKV_RUN_S38b88_2025,55.495211,-20.915258
6142,2113,REU.4.5_1,REU.4.1_1,0.121883583397671,0.688848662434446,0.566965079036775,2025.15208901934,2025.27397260274,CHIKV_RUN_S37b28_2025,55.471975,-21.138809
4767,1485,REU.4.8_1,REU.2.4_1,0.120215284199494,0.688848662434446,0.568633378234952,2025.15375731854,2025.27397260274,CHIKV_RUN_S37b37_2025,55.525427,-20.930651
3243,2382,REU.3.1_1,REU.3.4_1,0.109289631785162,0.688848662434446,0.579559030649284,2025.16468297095,2025.27397260274,CHIKV_RUN_S37b15_2025,55.325483,-21.166768
3464,487,REU.2.3_1,REU.2.3_1,0.105784239877938,0.688848662434446,0.583064422556508,2025.16818836286,2025.27397260274,CHIKV_RUN_S37b10_2025,55.428349,-20.877709
3126,2404,REU.3.4_1,REU.2.4_1,0.105654474585692,0.688848662434446,0.583194187848754,2025.16831812815,2025.27397260274,CHIKV_RUN_S38b89_2025,55.513975,-20.916374
4660,124,REU.2.3_1,REU.4.8_1,0.103985939962731,0.688848662434446,0.584862722471715,2025.16998666278,2025.27397260274,CHIKV_RUN_S38b20_2025,55.477605,-21.317369
4977,34,REU.2.3_1,REU.2.3_1,0.102544284323204,0.688848662434446,0.586304378111242,2025.17142831842,2025.27397260274,CHIKV_RUN_S37b20_2025,55.459654,-20.886868
4779,1305,REU.4.2_1,REU.4.6_1,0.101038078368089,0.688848662434446,0.587810584066357,2025.17293452437,2025.27397260274,CHIKV_RUN_S38b90_2025,55.430984,-21.261781
5189,3098,REU.4.6_1,REU.4.6_1,0.0949735648194523,0.688848662434446,0.593875097614994,2025.17899903792,2025.27397260274,CHIKV_RUN_S38b04_2025,55.430984,-21.261781
4335,840,REU.4.8_1,REU.4.8_1,0.0868700673287702,0.688848662434446,0.601978595105676,2025.18710253541,2025.27397260274,CHIKV_RUN_S37b24_2025,55.460544,-21.339095
4153,1290,REU.4.4_1,REU.4.4_1,0.0857455112605671,0.688848662434446,0.603103151173879,2025.18822709148,2025.27397260274,CHIKV_RUN_S38b26_2025,55.558799,-21.351246
3692,260,REU.4.8_1,REU.2.3_1,0.0855522173519367,0.688848662434446,0.603296445082509,2025.18842038539,2025.27397260274,CHIKV_RUN_S37b13_2025,55.460532,-20.907133
3474,426,REU.2.3_1,REU.2.3_1,0.0787365578072843,0.688848662434446,0.610112104627162,2025.19523604493,2025.27397260274,CHIKV_RUN_S37b14_2025,55.445712,-20.885625
5672,2304,REU.4.8_1,REU.2.3_1,0.07784827911576,0.688848662434446,0.611000383318686,2025.19612432362,2025.27397260274,CHIKV_RUN_S38b91_2025,55.492202,-20.913623
4738,1024,REU.4.8_1,REU.4.5_1,0.0777947668665592,0.688848662434446,0.611053895567887,2025.19617783587,2025.27397260274,CHIKV_RUN_S37b38_2025,55.610518,-21.385485
4165,1642,REU.4.3_1,REU.4.8_1,0.0702609955305408,0.688848662434446,0.618587666903905,2025.20371160721,2025.27397260274,CHIKV_RUN_S37b32_2025,55.498538,-21.274632
3853,1154,REU.1.3_1,REU.1.3_1,0.0633565096146712,0.688848662434446,0.625492152819775,2025.21061609313,2025.27397260274,CHIKV_RUN_S38b03_2025,55.666701,-20.954756
4718,1011,REU.2.3_1,REU.2.3_1,0.0584361834248182,0.688848662434446,0.630412479009628,2025.21553641931,2025.27397260274,CHIKV_RUN_S37b31_2025,55.445489,-20.89772
3840,1298,REU.3.5_1,REU.3.5_1,0.0526011975594379,0.688848662434446,0.636247464875008,2025.22137140518,2025.27397260274,CHIKV_RUN_S38b19_2025,55.289423,-21.022964
5924,2872,REU.2.3_1,REU.2.4_1,0.0390262438817018,0.688848662434446,0.649822418552744,2025.23494635886,2025.27397260274,CHIKV_RUN_S37b19_2025,55.525907,-20.934859
4377,767,REU.4.6_1,REU.4.6_1,0.0257192029427775,0.688848662434446,0.663129459491669,2025.2482533998,2025.27397260274,CHIKV_RUN_S37b36_2025,55.415217,-21.273369
4676,144,REU.2.3_1,REU.2.3_1,0.0217907207754575,0.688848662434446,0.667057941658989,2025.25218188196,2025.27397260274,CHIKV_RUN_S38b85_2025,55.4601,-20.896222
4659,148,REU.2.3_1,REU.2.3_1,0.0112096442865217,0.688848662434446,0.677639018147924,2025.26276295845,2025.27397260274,CHIKV_RUN_S36b83_2025,55.469236,-20.895792
3130,2403,REU.2.3_1,REU.2.3_1,0.0106171027169659,0.688848662434446,0.67823155971748,2025.26335550002,2025.27397260274,CHIKV_RUN_S38b87_2025,55.453065,-20.88857
3607,78,REU.2.3_1,REU.2.3_1,0.0080924330953176,0.688848662434446,0.680756229339128,2025.26588016964,2025.27397260274,CHIKV_RUN_S38b84_2025,55.4599,-20.896873
3770,3771,REU.3.4_1,REU.2.3_1,0.0814548928418968,0.690673860269177,0.60921896742728,2025.19434290773,2025.27579780057,NA,NA,NA
3968,3969,REU.4.8_1,REU.2.3_1,0.115208370001546,0.690788976277965,0.575580606276419,2025.16070454658,2025.27591291658,NA,NA,NA
6188,2814,REU.4.8_1,REU.1.6_1,0.239530158262797,0.691588388461803,0.452058230199006,2025.0371821705,2025.27671232877,CHIKV_RUN_S39b42_2025,55.531072,-21.017131
5873,2978,REU.3.4_1,REU.2.3_1,0.206177380480707,0.691588388461803,0.485411007981097,2025.07053494829,2025.27671232877,CHIKV_RUN_S38b43_2025,55.460202,-20.888827
5757,1994,REU.2.5_1,REU.2.5_1,0.12967141033792,0.691588388461803,0.561916978123884,2025.14704091843,2025.27671232877,CHIKV_RUN_S38b51_2025,55.597434,-20.906699
5282,2560,REU.4.3_1,REU.2.4_1,0.128180668259143,0.691588388461803,0.563407720202661,2025.14853166051,2025.27671232877,CHIKV_RUN_S26b04_2025,55.568755,-20.902701
4318,852,REU.2.3_1,REU.2.3_1,0.125688496407514,0.691588388461803,0.565899892054289,2025.15102383236,2025.27671232877,CHIKV_RUN_S38b47_2025,55.470498,-20.898234
5852,2976,REU.3.4_1,REU.2.3_1,0.120223630405065,0.691588388461804,0.571364758056738,2025.15648869836,2025.27671232877,CHIKV_RUN_S38b35_2025,55.460825,-20.885648
3261,1613,REU.4.3_1,REU.2.3_1,0.119640493793322,0.691588388461803,0.571947894668481,2025.15707183497,2025.27671232877,CHIKV_RUN_S38b53_2025,55.45834,-20.88173
4642,119,REU.2.3_1,REU.2.3_1,0.118962490780288,0.691588388461803,0.572625897681516,2025.15774983799,2025.27671232877,CHIKV_RUN_S38b38_2025,55.463976,-20.891577
4524,1436,REU.4.3_1,REU.2.3_1,0.10516508142597,0.691588388461803,0.586423307035834,2025.17154724734,2025.27671232877,CHIKV_RUN_S38b52_2025,55.45737,-20.921905
5843,2793,REU.4.6_1,REU.4.6_1,0.0734518383261313,0.691588388461803,0.618136550135672,2025.20326049044,2025.27671232877,CHIKV_RUN_S38b11_2025,55.402125,-21.286722
3532,296,REU.4.3_1,REU.4.8_1,0.0712327482197399,0.691588388461803,0.620355640242064,2025.20547958055,2025.27671232877,CHIKV_RUN_S38b08_2025,55.531264,-21.330809
5079,2315,REU.3.2_1,REU.4.6_1,0.0671626706590389,0.691588388461803,0.624425717802765,2025.20954965811,2025.27671232877,CHIKV_RUN_S38b25_2025,55.414768,-21.272328
4081,1106,REU.4.3_1,REU.4.6_1,0.064911879866768,0.691588388461803,0.626676508595035,2025.2118004489,2025.27671232877,CHIKV_RUN_S38b09_2025,55.405702,-21.214299
4999,56,REU.4.3_1,REU.4.3_1,0.0595634032633183,0.691588388461803,0.632024985198485,2025.2171489255,2025.27671232877,CHIKV_RUN_S38b17_2025,55.498653,-21.25509
6203,2830,REU.2.3_1,REU.2.5_1,0.0499255843664017,0.691588388461803,0.641662804095402,2025.2267867444,2025.27671232877,CHIKV_RUN_S39b43_2025,55.583101,-20.928353
4989,31,REU.2.3_1,REU.2.3_1,0.0419264922564941,0.691588388461804,0.64966189620531,2025.23478583651,2025.27671232877,CHIKV_RUN_S38b50_2025,55.486604,-20.904984
5924,2873,REU.2.3_1,REU.2.3_1,0.0417659699090592,0.691588388461803,0.649822418552744,2025.23494635886,2025.27671232877,CHIKV_RUN_S38b02_2025,55.446471,-20.892798
3733,971,REU.3.5_1,REU.4.6_1,0.0409290062272321,0.691588388461804,0.650659382234572,2025.23578332254,2025.27671232877,CHIKV_RUN_S26b05_2025,55.403704,-21.28939
3387,3388,REU.3.4_1,REU.4.8_1,0.0846078254359222,0.691610423082603,0.60700259764668,2025.19212653795,2025.27673436339,NA,NA,NA
4539,4540,REU.2.3_1,REU.4.8_1,0.0188322733103776,0.693739871652217,0.67490759834184,2025.26003153865,2025.27886381196,NA,NA,NA
3937,1131,REU.4.3_1,REU.2.3_1,0.188957012302573,0.694328114489161,0.505371102186588,2025.09049504249,2025.27945205479,CHIKV_RUN_S38b65_2025,55.454217,-20.887795
5469,2348,REU.4.5_1,REU.4.2_1,0.178192756762615,0.694328114489161,0.516135357726546,2025.10125929803,2025.27945205479,CHIKV_RUN_S38b30_2025,55.479296,-21.248167
4645,137,REU.2.3_1,REU.2.3_1,0.173536439206095,0.694328114489161,0.520791675283066,2025.10591561559,2025.27945205479,CHIKV_RUN_S38b37_2025,55.462213,-20.887479
5674,2302,REU.4.8_1,REU.4.8_1,0.171676122442516,0.694328114489161,0.522651992046645,2025.10777593235,2025.27945205479,CHIKV_RUN_S38b23_2025,55.455507,-21.292882
6157,2111,REU.4.5_1,REU.4.5_1,0.165844112978497,0.694328114489161,0.528484001510664,2025.11360794182,2025.27945205479,CHIKV_RUN_S38b32_2025,55.623169,-21.378321
5716,1903,REU.3.1_1,REU.4.6_1,0.155956957050689,0.694328114489161,0.538371157438472,2025.12349509774,2025.27945205479,CHIKV_RUN_S38b86_2025,55.417216,-21.269164
6041,2023,REU.3.5_1,REU.4.8_1,0.133530785065088,0.694328114489161,0.560797329424073,2025.14592126973,2025.27945205479,CHIKV_RUN_S38b27_2025,55.555104,-21.317199
3454,423,REU.4.3_1,REU.4.8_1,0.119465324512073,0.694328114489161,0.574862789977088,2025.15998673028,2025.27945205479,CHIKV_RUN_S38b33_2025,55.517599,-21.357332
4792,1684,REU.4.8_1,REU.2.3_1,0.113318805656139,0.694328114489161,0.581009308833022,2025.16613324914,2025.27945205479,CHIKV_RUN_S38b29_2025,55.445471,-20.87571
4582,1197,REU.4.4_1,REU.4.8_1,0.109077509013176,0.694328114489161,0.585250605475985,2025.17037454578,2025.27945205479,CHIKV_RUN_S39b11_2025,55.501942,-21.346573
3211,2603,REU.4.8_1,REU.3.2_1,0.105518220864042,0.694328114489161,0.588809893625119,2025.17393383393,2025.27945205479,CHIKV_RUN_S38b73_2025,55.350901,-21.213968
5132,2149,REU.4.4_1,REU.4.5_1,0.104599394098787,0.694328114489161,0.589728720390374,2025.1748526607,2025.27945205479,CHIKV_RUN_S38b49_2025,55.614344,-21.374973
3173,2427,REU.2.3_1,REU.2.3_1,0.104242988767548,0.694328114489161,0.590085125721613,2025.17520906603,2025.27945205479,CHIKV_RUN_S38b45_2025,55.471153,-20.923601
3181,2419,REU.2.3_1,REU.2.3_1,0.0991537967428642,0.694328114489161,0.595174317746297,2025.18029825805,2025.27945205479,CHIKV_RUN_S38b60_2025,55.474427,-20.890008
5382,1889,REU.3.5_1,REU.4.1_1,0.0918816655014902,0.694328114489161,0.602446448987671,2025.18757038929,2025.27945205479,CHIKV_RUN_S38b10_2025,55.465201,-21.140709
4487,1650,REU.4.3_1,REU.4.8_1,0.0900445126115719,0.694328114489161,0.604283601877589,2025.18940754218,2025.27945205479,CHIKV_RUN_S38b72_2025,55.489166,-21.347578
4428,834,REU.1.3_1,REU.1.3_1,0.0897530076101725,0.694328114489161,0.604575106878988,2025.18969904718,2025.27945205479,CHIKV_RUN_S39b40_2025,55.658675,-20.968304
3140,2473,REU.3.4_1,REU.3.4_1,0.086700243657057,0.694328114489161,0.607627870832104,2025.19275181114,2025.27945205479,CHIKV_RUN_S38b81_2025,55.312888,-21.220221
5910,2957,REU.3.4_1,REU.3.4_1,0.0754193146272282,0.694328114489161,0.618908799861933,2025.20403274017,2025.27945205479,CHIKV_RUN_S38b79_2025,55.289455,-21.17725
6029,2638,REU.3.5_1,REU.3.5_1,0.0730130040898531,0.694328114489161,0.621315110399308,2025.2064390507,2025.27945205479,CHIKV_RUN_S38b36_2025,55.318852,-20.990132
4803,875,REU.4.8_1,REU.4.8_1,0.0717879277463471,0.694328114489161,0.622540186742814,2025.20766412705,2025.27945205479,CHIKV_RUN_S38b22_2025,55.535288,-21.322361
4457,1187,REU.4.8_1,REU.4.8_1,0.0646375049089878,0.694328114489161,0.629690609580173,2025.21481454989,2025.27945205479,CHIKV_RUN_S38b78_2025,55.463583,-21.340783
5166,2657,REU.2.2_1,REU.4.6_1,0.0640501475588159,0.694328114489161,0.630277966930345,2025.21540190724,2025.27945205479,CHIKV_RUN_S38b06_2025,55.403275,-21.271692
3396,577,REU.4.3_1,REU.1.4_1,0.0481479960684426,0.694328114489161,0.646180118420718,2025.23130405873,2025.27945205479,CHIKV_RUN_S39b44_2025,55.746737,-21.081733
3171,2440,REU.2.3_1,REU.2.3_1,0.0480349563543578,0.694328114489161,0.646293158134803,2025.23141709844,2025.27945205479,CHIKV_RUN_S38b46_2025,55.449866,-20.872771
3862,1149,REU.2.3_1,REU.2.3_1,0.0462650066586148,0.694328114489161,0.648063107830546,2025.23318704814,2025.27945205479,CHIKV_RUN_S38b42_2025,55.48786,-20.894513
5567,2777,REU.3.5_1,REU.4.5_1,0.0398173700948502,0.694328114489161,0.654510744394311,2025.2396346847,2025.27945205479,CHIKV_RUN_S39b08_2025,55.649512,-21.380534
3990,621,REU.4.8_1,REU.2.3_1,0.0253593562903507,0.694328114489161,0.66896875819881,2025.2540926985,2025.27945205479,CHIKV_RUN_S38b62_2025,55.480343,-20.894943
6083,2115,REU.4.5_1,REU.4.5_1,0.0212342060194921,0.694328114489161,0.673093908469669,2025.25821784878,2025.27945205479,CHIKV_RUN_S38b75_2025,55.610763,-21.369291
5482,2629,REU.2.3_1,REU.4.6_1,0.0182703855427908,0.694328114489161,0.67605772894637,2025.26118166925,2025.27945205479,CHIKV_RUN_S26b07_2025,55.413486,-21.291325
6218,1778,REU.3.1_1,REU.4.5_1,0.263290393706818,0.697067840516518,0.433777446809701,2025.01890138712,2025.28219178082,CHIKV_RUN_S39b23_2025,55.619304,-21.374006
5060,2492,REU.3.1_1,REU.4.8_1,0.237121779448867,0.697067840516518,0.459946061067651,2025.04507000137,2025.28219178082,CHIKV_RUN_S39b24_2025,55.484025,-21.337149
5035,2148,REU.3.1_1,REU.4.6_1,0.219788956933139,0.697067840516518,0.477278883583379,2025.06240282389,2025.28219178082,CHIKV_RUN_S39b32_2025,55.409107,-21.221717
4464,604,REU.4.3_1,REU.1.3_1,0.207552844286617,0.697067840516518,0.489514996229902,2025.07463893654,2025.28219178082,CHIKV_RUN_S39b38_2025,55.659018,-20.970858
3385,565,REU.4.8_1,REU.3.5_1,0.192055632214031,0.697067840516518,0.505012208302488,2025.09013614861,2025.28219178082,CHIKV_RUN_S38b66_2025,55.322556,-20.977532
3750,947,REU.3.5_1,REU.2.2_1,0.179506407262739,0.697067840516518,0.517561433253779,2025.10268537356,2025.28219178082,CHIKV_RUN_S39b01_2025,55.294827,-20.945847
5724,2120,REU.4.5_1,REU.3.5_1,0.143202647427654,0.697067840516518,0.553865193088864,2025.13898913339,2025.28219178082,CHIKV_RUN_S39b16_2025,55.274079,-21.04032
5948,2897,REU.2.3_1,REU.2.3_1,0.14309102286807,0.697067840516518,0.553976817648449,2025.13910075795,2025.28219178082,CHIKV_RUN_S38b57_2025,55.477733,-20.892582
3408,541,REU.4.3_1,REU.4.8_1,0.142820985228638,0.697067840516518,0.554246855287881,2025.13937079559,2025.28219178082,CHIKV_RUN_S39b02_2025,55.473832,-21.283269
5983,2918,REU.2.3_1,REU.2.3_1,0.142554724676859,0.697067840516518,0.554513115839659,2025.13963705615,2025.28219178082,CHIKV_RUN_S38b59_2025,55.506216,-20.916598
5171,3080,REU.4.6_1,REU.4.6_1,0.140872505859363,0.697067840516518,0.556195334657156,2025.14131927496,2025.28219178082,CHIKV_RUN_S39b31_2025,55.4298,-21.245384
3744,946,REU.4.3_1,REU.4.3_1,0.13924352896872,0.697067840516518,0.557824311547799,2025.14294825185,2025.28219178082,CHIKV_RUN_S38b82_2025,55.516078,-21.243197
5380,1891,REU.3.5_1,REU.2.3_1,0.13668534193156,0.697067840516518,0.560382498584958,2025.14550643889,2025.28219178082,CHIKV_RUN_S38b56_2025,55.485376,-20.911961
6065,2498,REU.4.3_1,REU.2.3_1,0.136119484963723,0.697067840516518,0.560948355552796,2025.14607229586,2025.28219178082,CHIKV_RUN_S39b04_2025,55.490935,-20.901952
5648,2762,REU.4.8_1,REU.2.3_1,0.130288135206235,0.697067840516518,0.566779705310283,2025.15190364562,2025.28219178082,CHIKV_RUN_S39b07_2025,55.464831,-20.8845
5478,1873,REU.2.3_1,REU.2.3_1,0.123807549987698,0.697067840516518,0.57326029052882,2025.15838423083,2025.28219178082,CHIKV_RUN_S38b70_2025,55.425901,-20.88476
5250,2758,REU.4.8_1,REU.4.8_1,0.120558496261921,0.697067840516518,0.576509344254597,2025.16163328456,2025.28219178082,CHIKV_RUN_S39b39_2025,55.47316,-21.331994
5862,2966,REU.4.3_1,REU.4.8_1,0.119300815698364,0.697067840516518,0.577767024818154,2025.16289096512,2025.28219178082,CHIKV_RUN_S38b76_2025,55.476813,-21.339855
4209,333,REU.2.3_1,REU.2.3_1,0.117055701171071,0.697067840516518,0.580012139345448,2025.16513607965,2025.28219178082,CHIKV_RUN_S38b74_2025,55.459432,-20.880183
5311,2256,REU.4.8_1,REU.2.5_1,0.113470404914044,0.697067840516518,0.583597435602474,2025.16872137591,2025.28219178082,CHIKV_RUN_S38b61_2025,55.582692,-20.923073
3383,549,REU.4.3_1,REU.2.4_1,0.108565608883354,0.697067840516518,0.588502231633164,2025.17362617194,2025.28219178082,CHIKV_RUN_S38b58_2025,55.519976,-20.92603
3223,2615,REU.3.5_1,REU.3.5_1,0.10437829587827,0.697067840516518,0.592689544638248,2025.17781348494,2025.28219178082,CHIKV_RUN_S30b03_2025,55.285481,-20.984528
4000,1362,REU.2.3_1,REU.2.4_1,0.0974111365559376,0.697067840516518,0.599656703960581,2025.18478064427,2025.28219178082,CHIKV_RUN_S38b93_2025,55.530076,-20.948881
4428,833,REU.1.3_1,REU.1.3_1,0.0924927336375299,0.697067840516518,0.604575106878988,2025.18969904718,2025.28219178082,CHIKV_RUN_S26b01_2025,55.648137,-20.935778
3479,392,REU.4.8_1,REU.1.1_1,0.089944011531754,0.697067840516518,0.607123828984764,2025.19224776929,2025.28219178082,CHIKV_RUN_S40b95_2025,55.681076,-21.000309
4695,1010,REU.2.3_1,REU.2.3_1,0.0891991456703075,0.697067840516518,0.607868694846211,2025.19299263515,2025.28219178082,CHIKV_RUN_S39b13_2025,55.444583,-20.893761
5527,2841,REU.4.3_1,REU.4.3_1,0.088527822110203,0.697067840516518,0.608540018406315,2025.19366395871,2025.28219178082,CHIKV_RUN_S39b18_2025,55.512141,-21.279218
4706,1002,REU.2.3_1,REU.2.3_1,0.0873917345803981,0.697067840516518,0.60967610593612,2025.19480004624,2025.28219178082,CHIKV_RUN_S38b67_2025,55.459483,-20.904368
3691,261,REU.4.8_1,REU.4.8_1,0.0828645414837377,0.697067840516518,0.614203299032781,2025.19932723934,2025.28219178082,CHIKV_RUN_S39b03_2025,55.485063,-21.340821
5026,2696,REU.4.8_1,REU.2.4_1,0.0805538197655642,0.697067840516518,0.616514020750954,2025.20163796106,2025.28219178082,CHIKV_RUN_S39b14_2025,55.521663,-20.941052
5046,2209,REU.4.8_1,REU.1.3_1,0.0780571514139157,0.697067840516518,0.619010689102602,2025.20413462941,2025.28219178082,CHIKV_RUN_S39b47_2025,55.652334,-20.964826
4194,360,REU.2.3_1,REU.2.3_1,0.0777322468676788,0.697067840516518,0.61933559364884,2025.20445953395,2025.28219178082,CHIKV_RUN_S38b83_2025,55.477414,-20.892111
3137,2405,REU.2.3_1,REU.4.8_1,0.075477766805797,0.697067840516518,0.621590073710721,2025.20671401402,2025.28219178082,CHIKV_RUN_S38b69_2025,55.470887,-21.291268
4573,1260,REU.4.8_1,REU.1.4_1,0.0671556018862485,0.697067840516518,0.62991223863027,2025.21503617894,2025.28219178082,CHIKV_RUN_S39b41_2025,55.714074,-21.047535
5790,2543,REU.2.3_1,REU.2.5_1,0.0632901672438312,0.697067840516518,0.633777673272687,2025.21890161358,2025.28219178082,CHIKV_RUN_S40b89_2025,55.621512,-20.913059
4769,1481,REU.4.8_1,REU.4.8_1,0.0607771229103958,0.697067840516518,0.636290717606123,2025.22141465791,2025.28219178082,CHIKV_RUN_S38b95_2025,55.477373,-21.334398
4060,1129,REU.4.3_1,REU.4.8_1,0.0581051873364793,0.697067840516518,0.638962653180039,2025.22408659349,2025.28219178082,CHIKV_RUN_S39b25_2025,55.457268,-21.291525
5776,3025,REU.4.3_1,REU.4.3_1,0.0548872292228657,0.697067840516518,0.642180611293653,2025.2273045516,2025.28219178082,CHIKV_RUN_S39b27_2025,55.521595,-21.2349
4562,1223,REU.4.5_1,REU.4.5_1,0.0302202108362711,0.697067840516518,0.666847629680247,2025.25197156999,2025.28219178082,CHIKV_RUN_S39b26_2025,55.613431,-21.326165
4903,173,REU.2.3_1,REU.2.3_1,0.0265119376133772,0.697067840516518,0.670555902903141,2025.25567984321,2025.28219178082,CHIKV_RUN_S39b22_2025,55.450214,-20.893547
5611,2581,REU.3.1_1,REU.4.6_1,0.0235703295802472,0.697067840516518,0.673497510936271,2025.25862145124,2025.28219178082,CHIKV_RUN_S39b37_2025,55.419016,-21.282889
4322,4323,REU.4.8_1,REU.3.1_1,0.110511483885061,0.697209718506057,0.586698234620996,2025.17182217493,2025.28233365881,NA,NA,NA
3137,3138,REU.2.3_1,REU.2.3_1,0.076437365001247,0.698027438711968,0.621590073710721,2025.20671401402,2025.28315137902,NA,NA,NA
4290,829,REU.4.3_1,REU.2.4_1,0.223244220507474,0.699807566543876,0.476563346036402,2025.06168728634,2025.28493150685,CHIKV_RUN_S52b01_2025,55.528974,-20.940236
5666,2844,REU.4.3_1,REU.4.6_1,0.190672321896322,0.699807566543876,0.509135244647554,2025.09425918495,2025.28493150685,CHIKV_RUN_S39b51_2025,55.430735,-21.282518
5252,2632,REU.4.8_1,REU.1.1_1,0.189798062553249,0.699807566543876,0.510009503990627,2025.0951334443,2025.28493150685,CHIKV_RUN_S40b93_2025,55.650124,-20.977217
5267,1847,REU.4.3_1,REU.4.4_1,0.18445506340847,0.699807566543876,0.515352503135406,2025.10047644344,2025.28493150685,CHIKV_RUN_S39b46_2025,55.570231,-21.330523
5432,2164,REU.4.6_1,REU.4.3_1,0.174311657833068,0.699807566543876,0.525495908710808,2025.11061984902,2025.28493150685,CHIKV_RUN_S50b90_2025,55.51758,-21.276085
5770,3026,REU.4.3_1,REU.4.8_1,0.164632853746113,0.699807566543876,0.535174712797763,2025.1202986531,2025.28493150685,CHIKV_RUN_S39b72_2025,55.455264,-21.30967
4546,1232,REU.4.4_1,REU.4.3_1,0.155138204983596,0.699807566543876,0.54466936156028,2025.12979330187,2025.28493150685,CHIKV_RUN_S39b53_2025,55.534628,-21.309883
5427,2631,REU.4.8_1,REU.4.8_1,0.139292535822997,0.699807566543876,0.560515030720879,2025.14563897103,2025.28493150685,CHIKV_RUN_S39b50_2025,55.478153,-21.327759
3426,552,REU.4.3_1,REU.3.5_1,0.13343867156199,0.699807566543876,0.566368894981886,2025.15149283529,2025.28493150685,CHIKV_RUN_S52b05_2025,55.284859,-21.026749
4167,1130,REU.3.5_1,REU.4.8_1,0.124473501760139,0.699807566543876,0.575334064783737,2025.16045800509,2025.28493150685,CHIKV_RUN_S40b24_2025,55.475471,-21.331253
5107,2147,REU.4.8_1,REU.2.4_1,0.120413867597172,0.699807566543876,0.579393698946704,2025.16451763925,2025.28493150685,CHIKV_RUN_S39b21_2025,55.568487,-20.894745
6159,2128,REU.4.5_1,REU.4.5_1,0.115935131322485,0.699807566543876,0.583872435221391,2025.16899637553,2025.28493150685,CHIKV_RUN_S39b69_2025,55.662882,-21.341066
3416,572,REU.3.5_1,REU.4.8_1,0.114264272979466,0.699807566543876,0.58554329356441,2025.17066723387,2025.28493150685,CHIKV_RUN_S39b55_2025,55.475368,-21.326873
3163,2424,REU.2.3_1,REU.2.3_1,0.110799301068309,0.699807566543876,0.589008265475566,2025.17413220578,2025.28493150685,CHIKV_RUN_S39b49_2025,55.480657,-20.905604
3915,1709,REU.2.3_1,REU.1.4_1,0.106804771799344,0.699807566543876,0.593002794744532,2025.17812673505,2025.28493150685,CHIKV_RUN_S40b91_2025,55.714386,-21.047271
5609,2585,REU.3.1_1,REU.4.6_1,0.104751422289396,0.699807566543876,0.59505614425448,2025.18018008456,2025.28493150685,CHIKV_RUN_S39b62_2025,55.401378,-21.287179
5961,2850,REU.4.8_1,REU.2.1_1,0.101161530150691,0.699807566543876,0.598646036393184,2025.1837699767,2025.28493150685,CHIKV_RUN_S52b54_2025,55.330992,-20.948085
5827,2772,REU.4.6_1,REU.4.6_1,0.100264571459285,0.699807566543876,0.599542995084591,2025.18466693539,2025.28493150685,CHIKV_RUN_S39b80_2025,55.415905,-21.278574
6138,2078,REU.4.5_1,REU.4.8_1,0.0986343870790927,0.699807566543876,0.601173179464783,2025.18629711977,2025.28493150685,CHIKV_RUN_S39b29_2025,55.473496,-21.332937
6138,2081,REU.4.5_1,REU.4.5_1,0.0986343870790927,0.699807566543876,0.601173179464783,2025.18629711977,2025.28493150685,CHIKV_RUN_S50b77_2025,55.631318,-21.375297
4598,1258,REU.4.4_1,REU.4.4_1,0.0906601160036078,0.699807566543876,0.609147450540268,2025.19427139085,2025.28493150685,CHIKV_RUN_S52b06_2025,55.558984,-21.335959
4154,307,REU.4.4_1,REU.4.4_1,0.0865742208296892,0.699807566543876,0.613233345714186,2025.19835728602,2025.28493150685,CHIKV_RUN_S50b76_2025,55.557782,-21.351479
5445,1845,REU.4.6_1,REU.2.3_1,0.0850599441718515,0.699807566543876,0.614747622372024,2025.19987156268,2025.28493150685,CHIKV_RUN_S39b05_2025,55.464564,-20.892562
5065,1956,REU.2.3_1,REU.3.2_1,0.0820726298219496,0.699807566543876,0.617734936721926,2025.20285887703,2025.28493150685,CHIKV_RUN_S39b34_2025,55.338824,-21.23846
4910,247,REU.4.5_1,REU.4.5_1,0.0798574165199532,0.699807566543876,0.619950150023923,2025.20507409033,2025.28493150685,CHIKV_RUN_S39b60_2025,55.687162,-21.371027
4036,1663,REU.4.3_1,REU.4.8_1,0.0792455744539775,0.699807566543876,0.620561992089898,2025.2056859324,2025.28493150685,CHIKV_RUN_S39b86_2025,55.47888,-21.320298
5795,2545,REU.2.3_1,REU.4.5_1,0.0756104140575639,0.699807566543875,0.624197152486312,2025.20932109279,2025.28493150685,CHIKV_RUN_S39b61_2025,55.677942,-21.371995
6111,2066,REU.2.3_1,REU.4.6_1,0.0753402425791503,0.699807566543875,0.624467323964725,2025.20959126427,2025.28493150685,CHIKV_RUN_S39b52_2025,55.436329,-21.244515
4904,194,REU.4.5_1,REU.2.3_1,0.0715701150755299,0.699807566543876,0.628237451468346,2025.21336139177,2025.28493150685,CHIKV_RUN_S52b04_2025,55.455976,-20.891687
3895,1297,REU.3.5_1,REU.3.5_1,0.0711993705660102,0.699807566543876,0.628608195977865,2025.21373213628,2025.28493150685,CHIKV_RUN_S39b20_2025,55.295871,-21.020646
4718,1025,REU.2.3_1,REU.2.3_1,0.0693950875342477,0.699807566543875,0.630412479009628,2025.21553641931,2025.28493150685,CHIKV_RUN_S39b36_2025,55.451909,-20.892271
4257,740,REU.3.5_1,REU.2.5_1,0.0693111120671388,0.699807566543876,0.630496454476737,2025.21562039478,2025.28493150685,CHIKV_RUN_S52b03_2025,55.606734,-20.93692
3672,1523,REU.4.3_1,REU.1.4_1,0.0687408607630886,0.699807566543876,0.631066705780787,2025.21619064609,2025.28493150685,CHIKV_RUN_S40b92_2025,55.701902,-21.068443
4018,1653,REU.4.4_1,REU.2.4_1,0.0604654849906893,0.699807566543876,0.639342081553186,2025.22446602186,2025.28493150685,CHIKV_RUN_S39b17_2025,55.520113,-20.940545
4024,1672,REU.4.3_1,REU.4.3_1,0.0580591223495442,0.699807566543876,0.641748444194332,2025.2268723845,2025.28493150685,CHIKV_RUN_S39b35_2025,55.512403,-21.241733
3746,945,REU.2.4_1,REU.2.4_1,0.0508367657786897,0.699807566543876,0.648970800765186,2025.23409474107,2025.28493150685,CHIKV_RUN_S39b54_2025,55.520905,-20.918113
3480,413,REU.2.3_1,REU.4.8_1,0.0489565669199659,0.699807566543876,0.65085099962391,2025.23597493993,2025.28493150685,CHIKV_RUN_S39b59_2025,55.464958,-21.33668
5691,2190,REU.4.8_1,REU.4.8_1,0.046447143440248,0.699807566543876,0.653360423103628,2025.23848436341,2025.28493150685,CHIKV_RUN_S39b63_2025,55.474105,-21.340409
6055,2011,REU.4.8_1,REU.4.8_1,0.0352035414742254,0.699807566543876,0.66460402506965,2025.24972796538,2025.28493150685,CHIKV_RUN_S39b74_2025,55.494293,-21.348909
6083,2116,REU.4.5_1,REU.4.6_1,0.0267136580742069,0.699807566543876,0.673093908469669,2025.25821784878,2025.28493150685,CHIKV_RUN_S39b33_2025,55.404308,-21.276694
3622,80,REU.4.8_1,REU.4.5_1,0.0242338115574247,0.699807566543876,0.675573754986451,2025.26069769529,2025.28493150685,CHIKV_RUN_S39b57_2025,55.626056,-21.381787
3747,3748,REU.3.5_1,REU.2.3_1,0.132775930320471,0.701842135650123,0.569066205329651,2025.15419014564,2025.28696607596,NA,NA,NA
4039,1670,REU.4.3_1,REU.4.4_1,0.206137858924208,0.702547292571233,0.496409433647025,2025.08153337395,2025.28767123288,CHIKV_RUN_S40b30_2025,55.561835,-21.338211
3309,496,REU.4.3_1,REU.2.5_1,0.179327013619398,0.702547292571233,0.523220278951836,2025.10834421926,2025.28767123288,CHIKV_RUN_S39b91_2025,55.596283,-20.910227
3303,427,REU.4.3_1,REU.4.5_1,0.165114968955314,0.702547292571233,0.537432323615919,2025.12255626392,2025.28767123288,CHIKV_RUN_S40b16_2025,55.616541,-21.370151
5688,2192,REU.4.3_1,REU.4.8_1,0.156445772908542,0.702547292571233,0.546101519662691,2025.13122545997,2025.28767123288,CHIKV_RUN_S39b65_2025,55.538041,-21.338609
3773,1475,REU.2.3_1,REU.2.3_1,0.15595795606365,0.702547292571233,0.546589336507583,2025.13171327681,2025.28767123288,CHIKV_RUN_S39b45_2025,55.417004,-20.892115
4236,809,REU.4.3_1,REU.4.2_1,0.147568420762445,0.702547292571233,0.554978871808788,2025.14010281211,2025.28767123288,CHIKV_RUN_S40b18_2025,55.493326,-21.241301
5891,3006,REU.4.6_1,REU.4.6_1,0.139677088857127,0.702547292571233,0.562870203714106,2025.14799414402,2025.28767123288,CHIKV_RUN_S40b04_2025,55.401791,-21.289581
3913,1301,REU.4.3_1,REU.3.1_1,0.13707539193448,0.702547292571233,0.565471900636753,2025.15059584094,2025.28767123288,CHIKV_RUN_S39b82_2025,55.373136,-21.267465
3233,1896,REU.4.4_1,REU.1.1_1,0.136206414813137,0.702547292571233,0.566340877758096,2025.15146481806,2025.28767123288,CHIKV_RUN_S39b79_2025,55.647413,-20.976557
5368,2386,REU.4.6_1,REU.4.8_1,0.132739980263058,0.702547292571233,0.569807312308175,2025.15493125261,2025.28767123288,CHIKV_RUN_S39b85_2025,55.473462,-21.312593
4887,182,REU.4.4_1,REU.4.4_1,0.127263024578487,0.702547292571233,0.575284267992747,2025.1604082083,2025.28767123288,CHIKV_RUN_S39b66_2025,55.554889,-21.369655
3126,2465,REU.3.4_1,REU.3.4_1,0.119353104722479,0.702547292571233,0.583194187848754,2025.16831812815,2025.28767123288,CHIKV_RUN_S40b14_2025,55.303485,-21.194965
5467,2352,REU.2.3_1,REU.2.3_1,0.116626954459378,0.702547292571233,0.585920338111855,2025.17104427842,2025.28767123288,CHIKV_RUN_S39b56_2025,55.479955,-20.892462
4145,1704,REU.4.8_1,REU.4.8_1,0.116532373119858,0.702547292571233,0.586014919451375,2025.17113885976,2025.28767123288,CHIKV_RUN_S40b20_2025,55.475796,-21.338963
4736,1022,REU.2.3_1,REU.2.3_1,0.114136381177802,0.702547292571233,0.588410911393431,2025.1735348517,2025.28767123288,CHIKV_RUN_S39b68_2025,55.44588,-20.891759
4071,1120,REU.4.3_1,REU.4.2_1,0.111012623320515,0.702547292571233,0.591534669250718,2025.17665860956,2025.28767123288,CHIKV_RUN_S40b27_2025,55.480321,-21.236938
5977,2917,REU.2.3_1,REU.2.3_1,0.106571745423884,0.702547292571233,0.595975547147349,2025.18109948745,2025.28767123288,CHIKV_RUN_S39b84_2025,55.456676,-20.889094
5041,3046,REU.3.1_1,REU.4.6_1,0.105810522439517,0.702547292571233,0.596736770131716,2025.18186071044,2025.28767123288,CHIKV_RUN_S40b28_2025,55.443635,-21.241308
3506,99,REU.4.3_1,REU.4.8_1,0.0980130641386231,0.702547292571233,0.60453422843261,2025.18965816874,2025.28767123288,CHIKV_RUN_S40b19_2025,55.474877,-21.327411
5538,2532,REU.4.1_1,REU.4.1_1,0.0954339670866548,0.702547292571233,0.607113325484578,2025.19223726579,2025.28767123288,CHIKV_RUN_S39b88_2025,55.468294,-21.148248
3606,87,REU.2.3_1,REU.1.3_1,0.0930048073686714,0.702547292571233,0.609542485202562,2025.19466642551,2025.28767123288,CHIKV_RUN_S39b67_2025,55.649451,-20.938514
3857,1147,REU.2.3_1,REU.2.3_1,0.0902085861320767,0.702547292571233,0.612338706439156,2025.19746264674,2025.28767123288,CHIKV_RUN_S39b73_2025,55.433168,-20.923119
5398,2688,REU.4.6_1,REU.4.8_1,0.08832336818198,0.702547292571233,0.614223924389253,2025.19934786469,2025.28767123288,CHIKV_RUN_S39b70_2025,55.487308,-21.339267
4885,184,REU.4.5_1,REU.4.5_1,0.0830855062327898,0.702547292571233,0.619461786338443,2025.20458572664,2025.28767123288,CHIKV_RUN_S40b29_2025,55.666161,-21.374805
5725,2102,REU.4.5_1,REU.2.3_1,0.0807835992113295,0.702547292571233,0.621763693359903,2025.20688763367,2025.28767123288,CHIKV_RUN_S39b87_2025,55.48831,-20.893197
3846,1140,REU.2.3_1,REU.3.5_1,0.0749516448482336,0.702547292571233,0.627595647723,2025.21271958803,2025.28767123288,CHIKV_RUN_S39b75_2025,55.2618,-21.050424
5399,1932,REU.4.6_1,REU.4.6_1,0.0720337779816997,0.702547292571233,0.630513514589533,2025.2156374549,2025.28767123288,CHIKV_RUN_S40b10_2025,55.435737,-21.269448
5871,2974,REU.3.5_1,REU.2.3_1,0.0636043637595309,0.702547292571233,0.638942928811702,2025.22406686912,2025.28767123288,CHIKV_RUN_S39b81_2025,55.461223,-20.916203
6169,2106,REU.4.5_1,REU.4.4_1,0.0627510975801264,0.702547292571233,0.639796194991107,2025.2249201353,2025.28767123288,CHIKV_RUN_S40b13_2025,55.567864,-21.368298
4084,1107,REU.4.3_1,REU.4.6_1,0.0608868548155124,0.702547292571233,0.641660437755721,2025.22678437806,2025.28767123288,CHIKV_RUN_S40b36_2025,55.420886,-21.250588
3591,1336,REU.3.5_1,REU.4.8_1,0.0534053598523585,0.702547292571233,0.649141932718875,2025.23426587302,2025.28767123288,CHIKV_RUN_S39b64_2025,55.478455,-21.316046
3286,484,REU.2.3_1,REU.2.3_1,0.0393132011346159,0.702547292571233,0.663234091436617,2025.24835803174,2025.28767123288,CHIKV_RUN_S39b58_2025,55.49909,-20.909516
6056,2013,REU.4.8_1,REU.4.5_1,0.018584006682195,0.702547292571233,0.683963285889038,2025.26908722619,2025.28767123288,CHIKV_RUN_S39b94_2025,55.61101,-21.37986
4804,4805,REU.4.8_1,REU.4.3_1,0.109384848874961,0.702923411831799,0.593538562956838,2025.17866250326,2025.28804735214,NA,NA,NA
3442,3443,REU.4.8_1,REU.4.3_1,0.0878850902645444,0.704786914745634,0.61690182448109,2025.20202576479,2025.28991085505,NA,NA,NA
4892,192,REU.4.5_1,REU.4.5_1,0.30432391061148,0.705287018598818,0.400963107987338,2024.98608704829,2025.2904109589,CHIKV_RUN_S39b93_2025,55.623169,-21.378321
3481,460,REU.4.5_1,REU.4.5_1,0.204313504255652,0.705287018598818,0.500973514343166,2025.08609745465,2025.2904109589,CHIKV_RUN_S40b60_2025,55.68368,-21.355686
4387,759,REU.4.8_1,REU.4.6_1,0.187325625860294,0.705287018598818,0.517961392738524,2025.10308533304,2025.2904109589,CHIKV_RUN_S40b05_2025,55.446566,-21.270643
4713,1005,REU.2.3_1,REU.2.3_1,0.174600143207778,0.705287018598818,0.53068687539104,2025.1158108157,2025.2904109589,CHIKV_RUN_S40b01_2025,55.448217,-20.884803
4341,818,REU.4.8_1,REU.4.6_1,0.172189013390158,0.705287018598818,0.533098005208659,2025.11822194551,2025.2904109589,CHIKV_RUN_S40b15_2025,55.418116,-21.281106
5541,2533,REU.4.1_1,REU.4.1_1,0.171034220026141,0.705287018598818,0.534252798572677,2025.11937673888,2025.2904109589,CHIKV_RUN_S40b26_2025,55.467806,-21.137405
3326,428,REU.4.3_1,REU.2.4_1,0.167303896495524,0.705287018598818,0.537983122103293,2025.12310706241,2025.2904109589,CHIKV_RUN_S40b46_2025,55.531964,-20.935119
5281,2555,REU.4.3_1,REU.4.3_1,0.155196969738834,0.705287018598818,0.550090048859984,2025.13521398917,2025.2904109589,CHIKV_RUN_S40b07_2025,55.516054,-21.278681
5446,1825,REU.3.1_1,REU.2.3_1,0.15208024771255,0.705287018598818,0.553206770886268,2025.13833071119,2025.2904109589,CHIKV_RUN_S40b47_2025,55.467496,-20.885487
4156,1080,REU.4.3_1,REU.4.3_1,0.150288404514056,0.705287018598818,0.554998614084762,2025.14012255439,2025.2904109589,CHIKV_RUN_S40b40_2025,55.513193,-21.245227
4217,322,REU.4.3_1,REU.4.3_1,0.141068360265344,0.705287018598818,0.564218658333474,2025.14934259864,2025.2904109589,CHIKV_RUN_S40b49_2025,55.515884,-21.262394
3970,1053,REU.4.8_1,REU.2.4_1,0.135440654088773,0.705287018598818,0.569846364510045,2025.15497030482,2025.2904109589,CHIKV_RUN_S40b38_2025,55.539417,-20.931825
4617,1214,REU.4.4_1,REU.4.6_1,0.128593952918088,0.705287018598818,0.57669306568073,2025.16181700599,2025.2904109589,CHIKV_RUN_S40b66_2025,55.444695,-21.278153
5001,4,REU.4.3_1,REU.4.3_1,0.112171728670164,0.705287018598818,0.593115289928654,2025.17823923023,2025.2904109589,CHIKV_RUN_S40b68_2025,55.523401,-21.293741
4237,718,REU.4.8_1,REU.4.8_1,0.107928434659447,0.705287018598818,0.59735858393937,2025.18248252424,2025.2904109589,CHIKV_RUN_S40b03_2025,55.520265,-21.331271
3368,518,REU.4.3_1,REU.4.3_1,0.102063180173753,0.705287018598818,0.603223838425065,2025.18834777873,2025.2904109589,CHIKV_RUN_S39b92_2025,55.528609,-21.250653
6098,2096,REU.4.5_1,REU.4.5_1,0.0956511784335159,0.705287018598818,0.609635840165302,2025.19475978047,2025.2904109589,CHIKV_RUN_S40b71_2025,55.644286,-21.380714
4398,793,REU.4.8_1,REU.4.8_1,0.0931003426155246,0.705287018598818,0.612186675983293,2025.19731061629,2025.2904109589,CHIKV_RUN_S41b89_2025,55.509576,-21.349659
3857,1137,REU.2.3_1,REU.2.3_1,0.0929483121596615,0.705287018598818,0.612338706439156,2025.19746264674,2025.2904109589,CHIKV_RUN_S40b08_2025,55.462496,-20.894064
4003,1365,REU.2.3_1,REU.2.4_1,0.0913275416183119,0.705287018598818,0.613959476980506,2025.19908341729,2025.2904109589,CHIKV_RUN_S40b11_2025,55.52873,-20.919731
3592,1340,REU.4.8_1,REU.4.8_1,0.0896730494047826,0.705287018598818,0.615613969194035,2025.2007379095,2025.2904109589,CHIKV_RUN_S40b25_2025,55.476379,-21.333452
3592,1339,REU.4.8_1,REU.2.3_1,0.0896730494047826,0.705287018598818,0.615613969194035,2025.2007379095,2025.2904109589,CHIKV_RUN_S40b23_2025,55.451421,-20.876196
4036,1673,REU.4.3_1,REU.4.3_1,0.0847250265089197,0.705287018598818,0.620561992089898,2025.2056859324,2025.2904109589,CHIKV_RUN_S41b94_2025,55.537049,-21.252713
4310,726,REU.2.3_1,REU.2.3_1,0.0842502878746789,0.705287018598818,0.621036730724139,2025.20616067103,2025.2904109589,CHIKV_RUN_S40b37_2025,55.458044,-20.904445
4593,1199,REU.4.4_1,REU.2.3_1,0.0838496489980183,0.705287018598818,0.6214373696008,2025.20656130991,2025.2904109589,CHIKV_RUN_S40b31_2025,55.495592,-20.896745
3869,1723,REU.2.3_1,REU.3.5_1,0.0787777474840694,0.705287018598818,0.626509271114748,2025.21163321142,2025.2904109589,CHIKV_RUN_S40b06_2025,55.270797,-21.013133
5158,2656,REU.3.1_1,REU.2.2_1,0.0646504484988346,0.705287018598818,0.640636570099983,2025.22576051041,2025.2904109589,CHIKV_RUN_S49b72_2025,55.295433,-20.931909
5552,2534,REU.4.1_1,REU.3.2_1,0.0571876214401382,0.705287018598818,0.64809939715868,2025.23322333746,2025.2904109589,CHIKV_RUN_S40b12_2025,55.335907,-21.237617
5410,2015,REU.4.8_1,REU.3.1_1,0.051872048526997,0.705287018598818,0.653414970071821,2025.23853891038,2025.2904109589,CHIKV_RUN_S40b51_2025,55.370465,-21.271405
4307,732,REU.2.3_1,REU.4.8_1,0.0449121613867388,0.705287018598818,0.660374857212079,2025.24549879752,2025.2904109589,CHIKV_RUN_S39b95_2025,55.511515,-21.353132
4928,241,REU.4.8_1,REU.4.5_1,0.0448691046676152,0.705287018598818,0.660417913931203,2025.24554185424,2025.2904109589,CHIKV_RUN_S40b35_2025,55.629918,-21.333714
5954,2865,REU.2.3_1,REU.2.3_1,0.041622223232175,0.705287018598818,0.663664795366643,2025.24878873567,2025.2904109589,CHIKV_RUN_S40b34_2025,55.441189,-20.880932
4211,334,REU.2.3_1,REU.2.3_1,0.037937542339142,0.705287018598818,0.667349476259676,2025.25247341656,2025.2904109589,CHIKV_RUN_S40b02_2025,55.457671,-20.890602
4211,356,REU.2.3_1,REU.2.3_1,0.037937542339142,0.705287018598818,0.667349476259676,2025.25247341656,2025.2904109589,CHIKV_RUN_S40b45_2025,55.446471,-20.892798
6056,2012,REU.4.8_1,REU.4.8_1,0.0213237327097797,0.705287018598818,0.683963285889038,2025.26908722619,2025.2904109589,CHIKV_RUN_S41b90_2025,55.47952,-21.335084
4540,1179,REU.4.8_1,REU.4.8_1,0.0115471469466008,0.705287018598818,0.693739871652217,2025.27886381196,2025.2904109589,CHIKV_RUN_S40b44_2025,55.471691,-21.288172
3443,432,REU.4.3_1,REU.4.3_1,0.000500103853183442,0.705287018598818,0.704786914745634,2025.28991085505,2025.2904109589,CHIKV_RUN_S40b67_2025,55.531006,-21.264591
5290,5291,REU.4.8_1,REU.1.3_1,0.135365157362038,0.706224299916102,0.570859142554064,2025.15598308286,2025.29134824022,NA,NA,NA
5507,5508,REU.3.1_1,REU.4.8_1,0.262529862984462,0.706771837414501,0.444241974430039,2025.02936591474,2025.29189577772,NA,NA,NA
4536,1211,REU.4.4_1,REU.4.3_1,0.26425025771867,0.708026744626175,0.443776486907505,2025.02890042721,2025.29315068493,CHIKV_RUN_S42b06_2025,55.542984,-21.28055
5035,3097,REU.3.1_1,REU.4.1_1,0.230747861042796,0.708026744626175,0.477278883583379,2025.06240282389,2025.29315068493,CHIKV_RUN_S41b79_2025,55.474564,-21.135781
4732,1415,REU.2.3_1,REU.2.3_1,0.199994124858817,0.708026744626175,0.508032619767358,2025.09315656007,2025.29315068493,CHIKV_RUN_S41b32_2025,55.451207,-20.891934
3616,73,REU.4.8_1,REU.1.3_1,0.196657429154608,0.708026744626175,0.511369315471567,2025.09649325578,2025.29315068493,CHIKV_RUN_S40b57_2025,55.658816,-20.94524
4510,1447,REU.4.5_1,REU.4.5_1,0.191676625220767,0.708026744626175,0.516350119405408,2025.10147405971,2025.29315068493,CHIKV_RUN_S41b41_2025,55.640773,-21.308567
5228,2285,REU.3.5_1,REU.3.5_1,0.191658318551023,0.708026744626175,0.516368426075153,2025.10149236638,2025.29315068493,CHIKV_RUN_S41b78_2025,55.28727,-21.046325
5117,3083,REU.4.8_1,REU.2.4_1,0.188375626798399,0.708026744626175,0.519651117827776,2025.10477505813,2025.29315068493,CHIKV_RUN_S40b58_2025,55.558628,-20.897551
4280,684,REU.4.5_1,REU.2.3_1,0.166445667479925,0.708026744626175,0.54158107714625,2025.12670501745,2025.29315068493,CHIKV_RUN_S41b22_2025,55.491125,-20.936082
4978,45,REU.4.8_1,REU.2.3_1,0.163136633775885,0.708026744626175,0.544890110850291,2025.13001405116,2025.29315068493,CHIKV_RUN_S40b56_2025,55.481867,-20.888266
4046,890,REU.2.1_1,REU.2.1_1,0.144515587293017,0.708026744626175,0.563511157333158,2025.14863509764,2025.29315068493,CHIKV_RUN_S41b08_2025,55.332299,-20.949834
3787,924,REU.4.3_1,REU.2.3_1,0.141703711645943,0.708026744626175,0.566323032980232,2025.15144697329,2025.29315068493,CHIKV_RUN_S41b18_2025,55.463424,-20.891969
5929,2893,REU.2.3_1,REU.2.3_1,0.139741388485494,0.708026744626175,0.568285356140681,2025.15340929645,2025.29315068493,CHIKV_RUN_S40b64_2025,55.45723,-20.922458
4729,993,REU.2.3_1,REU.2.3_1,0.136996305159195,0.708026744626175,0.57103043946698,2025.15615437977,2025.29315068493,CHIKV_RUN_S41b23_2025,55.480315,-20.914897
3788,1037,REU.4.3_1,REU.2.3_1,0.123292482350504,0.708026744626175,0.584734262275671,2025.16985820258,2025.29315068493,CHIKV_RUN_S40b52_2025,55.489045,-20.932198
3214,2610,REU.4.8_1,REU.2.5_1,0.120764575443662,0.708026744626175,0.587262169182514,2025.17238610949,2025.29315068493,CHIKV_RUN_S40b53_2025,55.597665,-20.901435
3455,449,REU.2.3_1,REU.2.3_1,0.11585100390344,0.708026744626175,0.592175740722735,2025.17729968103,2025.29315068493,CHIKV_RUN_S40b55_2025,55.495393,-20.911879
4863,1698,REU.4.3_1,REU.2.3_1,0.114955903012855,0.708026744626175,0.593070841613321,2025.17819478192,2025.29315068493,CHIKV_RUN_S40b41_2025,55.458769,-20.886937
5986,2922,REU.2.3_1,REU.2.4_1,0.114425171151738,0.708026744626175,0.593601573474437,2025.17872551378,2025.29315068493,CHIKV_RUN_S40b39_2025,55.543872,-20.940658
3392,582,REU.4.3_1,REU.4.3_1,0.111479971390691,0.708026744626175,0.596546773235484,2025.18167071354,2025.29315068493,CHIKV_RUN_S41b88_2025,55.510641,-21.23141
3692,264,REU.4.8_1,REU.4.2_1,0.104730299543666,0.708026744626175,0.603296445082509,2025.18842038539,2025.29315068493,CHIKV_RUN_S40b62_2025,55.471505,-21.247267
4022,1662,REU.4.3_1,REU.4.3_1,0.100173048208512,0.708026744626175,0.607853696417664,2025.19297763672,2025.29315068493,CHIKV_RUN_S41b09_2025,55.528369,-21.256002
5689,2193,REU.4.4_1,REU.4.3_1,0.0971394697470268,0.708026744626175,0.610887274879148,2025.19601121518,2025.29315068493,CHIKV_RUN_S41b29_2025,55.524636,-21.239183
3920,1321,REU.4.8_1,REU.2.3_1,0.0943551634380172,0.708026744626175,0.613671581188158,2025.19879552149,2025.29315068493,CHIKV_RUN_S40b32_2025,55.479676,-20.906832
4080,1112,REU.4.3_1,REU.4.8_1,0.0864422087140486,0.708026744626175,0.621584535912127,2025.20670847622,2025.29315068493,CHIKV_RUN_S40b61_2025,55.496302,-21.32687
3960,497,REU.4.8_1,REU.1.1_1,0.0860578569255221,0.708026744626175,0.621968887700653,2025.20709282801,2025.29315068493,CHIKV_RUN_S39b90_2025,55.666465,-20.990704
3508,1289,REU.4.3_1,REU.2.3_1,0.083174938207375,0.708026744626175,0.6248518064188,2025.20997574672,2025.29315068493,CHIKV_RUN_S40b21_2025,55.458194,-20.881127
3672,1541,REU.4.3_1,REU.4.3_1,0.0769600388453882,0.708026744626175,0.631066705780787,2025.21619064609,2025.29315068493,CHIKV_RUN_S41b13_2025,55.512133,-21.283914
3432,528,REU.4.3_1,REU.3.4_1,0.0769228447874962,0.708026744626175,0.631103899838679,2025.21622784014,2025.29315068493,CHIKV_RUN_S40b63_2025,55.332702,-21.17301
5416,1962,REU.4.3_1,REU.4.6_1,0.0718966334732076,0.708026744626175,0.636130111152968,2025.22125405146,2025.29315068493,CHIKV_RUN_S41b71_2025,55.446609,-21.271805
3956,1590,REU.4.8_1,REU.4.8_1,0.0707494926262445,0.708026744626175,0.637277251999931,2025.22240119231,2025.29315068493,CHIKV_RUN_S41b93_2025,55.455261,-21.299657
5566,2775,REU.4.8_1,REU.4.8_1,0.0704545676971016,0.708026744626175,0.637572176929074,2025.22269611723,2025.29315068493,CHIKV_RUN_S40b69_2025,55.470868,-21.290801
3154,2406,REU.3.4_1,REU.3.4_1,0.0664731663448102,0.708026744626175,0.641553578281365,2025.22667751859,2025.29315068493,CHIKV_RUN_S40b70_2025,55.324467,-21.159459
5210,1915,REU.3.4_1,REU.3.4_1,0.0526446823260842,0.708026744626175,0.655382062300091,2025.24050600261,2025.29315068493,CHIKV_RUN_S41b10_2025,55.309655,-21.220139
3702,1582,REU.4.8_1,REU.2.4_1,0.0454251409088202,0.708026744626175,0.662601603717355,2025.24772554402,2025.29315068493,CHIKV_RUN_S41b30_2025,55.532011,-20.943623
4903,195,REU.2.3_1,REU.2.3_1,0.0374708417230342,0.708026744626175,0.670555902903141,2025.25567984321,2025.29315068493,CHIKV_RUN_S41b57_2025,55.456567,-20.885699
4424,697,REU.4.5_1,REU.4.5_1,0.0278206269420076,0.708026744626175,0.680206117684168,2025.26533005799,2025.29315068493,CHIKV_RUN_S40b65_2025,55.607201,-21.331197
4740,1021,REU.2.3_1,REU.2.3_1,0.0217745502256359,0.708026744626175,0.686252194400539,2025.27137613471,2025.29315068493,CHIKV_RUN_S40b54_2025,55.493236,-20.91037
3138,2429,REU.2.3_1,REU.2.3_1,0.00999930591420695,0.708026744626175,0.698027438711968,2025.28315137902,2025.29315068493,CHIKV_RUN_S41b31_2025,55.422173,-20.877883
6166,6167,REU.4.5_1,REU.4.3_1,0.136906796304494,0.70824588666632,0.571339090361826,2025.15646303067,2025.29336982697,NA,NA,NA
3559,1056,REU.4.3_1,REU.4.8_1,0.286206078897064,0.710766470653533,0.424560391756469,2025.00968433206,2025.29589041096,CHIKV_RUN_S41b42_2025,55.469701,-21.289229
6168,2107,REU.4.5_1,REU.4.5_1,0.21185160103597,0.710766470653533,0.498914869617562,2025.08403880992,2025.29589041096,CHIKV_RUN_S42b01_2025,55.649646,-21.379741
6157,2131,REU.4.5_1,REU.4.5_1,0.182282469142869,0.710766470653533,0.528484001510664,2025.11360794182,2025.29589041096,CHIKV_RUN_S41b77_2025,55.628374,-21.37595
5150,2655,REU.3.1_1,REU.1.3_1,0.177449080425707,0.710766470653533,0.533317390227825,2025.11844133053,2025.29589041096,CHIKV_RUN_S45b71_2025,55.653639,-20.963897
5930,2888,REU.2.3_1,REU.2.5_1,0.166430296857408,0.710766470653533,0.544336173796125,2025.1294601141,2025.29589041096,CHIKV_RUN_S41b49_2025,55.638549,-20.936778
4108,1308,REU.4.8_1,REU.4.3_1,0.165585884674906,0.710766470653533,0.545180585978626,2025.13030452628,2025.29589041096,CHIKV_RUN_S42b07_2025,55.520975,-21.283743
4714,991,REU.2.3_1,REU.2.3_1,0.165463389172083,0.710766470653532,0.545303081481449,2025.13042702179,2025.29589041096,CHIKV_RUN_S41b16_2025,55.428162,-20.892498
4939,217,REU.4.5_1,REU.2.3_1,0.158562817479719,0.710766470653533,0.552203653173813,2025.13732759348,2025.29589041096,CHIKV_RUN_S41b21_2025,55.493119,-20.900371
4096,1300,REU.4.3_1,REU.1.3_1,0.150191441788227,0.710766470653533,0.560575028865306,2025.14569896917,2025.29589041096,CHIKV_RUN_S41b39_2025,55.656622,-20.973549
5186,2028,REU.2.3_1,REU.2.3_1,0.148838600131001,0.710766470653533,0.561927870522532,2025.14705181083,2025.29589041096,CHIKV_RUN_S41b25_2025,55.443521,-20.903046
3131,2408,REU.3.4_1,REU.2.3_1,0.142719454437432,0.710766470653533,0.5680470162161,2025.15317095652,2025.29589041096,CHIKV_RUN_S41b15_2025,55.464831,-20.8845
3422,523,REU.4.8_1,REU.2.3_1,0.134273862954684,0.710766470653533,0.576492607698849,2025.161616548,2025.29589041096,CHIKV_RUN_S41b24_2025,55.463673,-20.88693
5444,1862,REU.4.6_1,REU.4.8_1,0.127408863162009,0.710766470653532,0.583357607491524,2025.1684815478,2025.29589041096,CHIKV_RUN_S41b51_2025,55.425412,-21.310795
3282,495,REU.2.3_1,REU.2.3_1,0.118756816714661,0.710766470653533,0.592009653938871,2025.17713359424,2025.29589041096,CHIKV_RUN_S41b40_2025,55.456081,-20.8831
4249,750,REU.4.3_1,REU.4.5_1,0.118460258671704,0.710766470653532,0.592306211981829,2025.17743015229,2025.29589041096,CHIKV_RUN_S41b74_2025,55.617493,-21.370243
5071,1828,REU.2.3_1,REU.4.8_1,0.117313083674114,0.710766470653533,0.593453386979419,2025.17857732728,2025.29589041096,CHIKV_RUN_S41b52_2025,55.471935,-21.336928
5189,1841,REU.4.6_1,REU.4.6_1,0.116891373038539,0.710766470653533,0.593875097614994,2025.17899903792,2025.29589041096,CHIKV_RUN_S41b73_2025,55.403202,-21.282202
3145,2445,REU.2.3_1,REU.4.6_1,0.111034624667071,0.710766470653533,0.599731845986461,2025.18485578629,2025.29589041096,CHIKV_RUN_S41b65_2025,55.428434,-21.265036
6097,2054,REU.4.3_1,REU.4.8_1,0.107843354761813,0.710766470653533,0.602923115891719,2025.1880470562,2025.29589041096,CHIKV_RUN_S41b76_2025,55.483178,-21.341399
5571,2778,REU.4.3_1,REU.4.8_1,0.10483200881164,0.710766470653533,0.605934461841892,2025.19105840215,2025.29589041096,CHIKV_RUN_S42b03_2025,55.55965,-21.308647
3716,1561,REU.3.5_1,REU.2.1_1,0.103704936542145,0.710766470653533,0.607061534111388,2025.19218547442,2025.29589041096,CHIKV_RUN_S41b45_2025,55.334003,-20.933946
3770,1426,REU.3.4_1,REU.3.4_1,0.101547503226253,0.710766470653533,0.60921896742728,2025.19434290773,2025.29589041096,CHIKV_RUN_S41b72_2025,55.32269,-21.158741
3940,871,REU.4.3_1,REU.4.5_1,0.0931878930945602,0.710766470653533,0.617578577558973,2025.20270251786,2025.29589041096,CHIKV_RUN_S41b81_2025,55.642354,-21.306947
5728,1865,REU.2.3_1,REU.1.3_1,0.0863251472402302,0.710766470653533,0.624441323413302,2025.20956526372,2025.29589041096,CHIKV_RUN_S41b28_2025,55.675389,-20.9503
4948,207,REU.4.5_1,REU.4.5_1,0.0816827970697385,0.710766470653533,0.629083673583794,2025.21420761389,2025.29589041096,CHIKV_RUN_S41b70_2025,55.641709,-21.380293
5289,2565,REU.4.8_1,REU.4.6_1,0.0774336351188066,0.710766470653533,0.633332835534726,2025.21845677584,2025.29589041096,CHIKV_RUN_S41b34_2025,55.413323,-21.283104
6099,2037,REU.4.5_1,REU.2.3_1,0.0748170327900581,0.710766470653533,0.635949437863474,2025.22107337817,2025.29589041096,CHIKV_RUN_S41b17_2025,55.409349,-20.887798
4130,1433,REU.4.8_1,REU.4.3_1,0.0632398600299839,0.710766470653533,0.647526610623549,2025.23265055093,2025.29589041096,CHIKV_RUN_S42b02_2025,55.495395,-21.245602
3969,1047,REU.2.3_1,REU.1.3_1,0.0199774943755675,0.710766470653533,0.690788976277965,2025.27591291658,2025.29589041096,CHIKV_RUN_S45b69_2025,55.651409,-20.936077
4805,877,REU.4.3_1,REU.2.3_1,0.00784305882173364,0.710766470653533,0.702923411831799,2025.28804735214,2025.29589041096,CHIKV_RUN_S41b36_2025,55.453028,-20.875096
5361,3051,REU.4.3_1,REU.4.8_1,0.247539822807892,0.71350619668089,0.465966373872998,2025.05109031418,2025.29863013699,CHIKV_RUN_S41b69_2025,55.47146,-21.33744
6139,2053,REU.4.5_1,REU.4.5_1,0.211611623046808,0.71350619668089,0.501894573634082,2025.08701851394,2025.29863013699,CHIKV_RUN_S41b84_2025,55.615038,-21.375754
3543,1397,REU.4.3_1,REU.4.6_1,0.188244116895693,0.71350619668089,0.525262079785197,2025.11038602009,2025.29863013699,CHIKV_RUN_S42b67_2025,55.408326,-21.208657
4032,1655,REU.4.3_1,REU.4.6_1,0.1804171936067,0.71350619668089,0.53308900307419,2025.11821294338,2025.29863013699,CHIKV_RUN_S42b47_2025,55.45081,-21.275619
5630,1780,REU.3.1_1,REU.3.1_1,0.171643624710596,0.71350619668089,0.541862571970294,2025.12698651228,2025.29863013699,CHIKV_RUN_S42b38_2025,55.367875,-21.245034
5572,2779,REU.4.3_1,REU.2.4_1,0.171156141957844,0.71350619668089,0.542350054723046,2025.12747399503,2025.29863013699,CHIKV_RUN_S41b33_2025,55.532431,-20.915553
4466,1346,REU.4.3_1,REU.4.5_1,0.169176723508755,0.71350619668089,0.544329473172135,2025.12945341348,2025.29863013699,CHIKV_RUN_S42b30_2025,55.6065,-21.327549
4356,643,REU.4.8_1,REU.2.5_1,0.165599094291775,0.71350619668089,0.547907102389115,2025.13303104269,2025.29863013699,CHIKV_RUN_S45b78_2025,55.597457,-20.902143
3188,2470,REU.4.6_1,REU.4.6_1,0.164527838911669,0.71350619668089,0.548978357769221,2025.13410229807,2025.29863013699,CHIKV_RUN_S42b05_2025,55.427497,-21.287308
3974,1054,REU.2.5_1,REU.2.5_1,0.154776722852234,0.71350619668089,0.558729473828656,2025.14385341413,2025.29863013699,CHIKV_RUN_S45b79_2025,55.639802,-20.933908
5856,2987,REU.3.4_1,REU.4.8_1,0.151050179794388,0.71350619668089,0.562456016886502,2025.14757995719,2025.29863013699,CHIKV_RUN_S41b26_2025,55.458025,-21.307213
6109,2068,REU.4.5_1,REU.4.1_1,0.14345716755093,0.71350619668089,0.57004902912996,2025.15517296944,2025.29863013699,CHIKV_RUN_S42b44_2025,55.469645,-21.138693
3968,1051,REU.4.8_1,REU.2.3_1,0.137925590404471,0.71350619668089,0.575580606276419,2025.16070454658,2025.29863013699,CHIKV_RUN_S41b27_2025,55.459148,-20.880311
5571,2789,REU.4.3_1,REU.4.3_1,0.107571734838998,0.71350619668089,0.605934461841892,2025.19105840215,2025.29863013699,CHIKV_RUN_S42b57_2025,55.538998,-21.259315
3314,492,REU.4.3_1,REU.2.3_1,0.104374231784907,0.71350619668089,0.609131964895983,2025.1942559052,2025.29863013699,CHIKV_RUN_S41b38_2025,55.481596,-20.888233
4573,1267,REU.4.8_1,REU.4.8_1,0.0835939580506202,0.71350619668089,0.62991223863027,2025.21503617894,2025.29863013699,CHIKV_RUN_S42b51_2025,55.549534,-21.308479
5889,3002,REU.4.6_1,REU.4.2_1,0.078606376112517,0.71350619668089,0.634899820568373,2025.22002376087,2025.29863013699,CHIKV_RUN_S42b34_2025,55.478681,-21.245561
6182,3045,REU.2.3_1,REU.4.6_1,0.0726228706767433,0.71350619668089,0.640883326004147,2025.22600726631,2025.29863013699,CHIKV_RUN_S42b59_2025,55.410198,-21.281834
6143,2080,REU.4.5_1,REU.2.3_1,0.0620328036759155,0.71350619668089,0.651473393004975,2025.23659733331,2025.29863013699,CHIKV_RUN_S41b50_2025,55.491871,-20.898602
4562,1222,REU.4.5_1,REU.4.6_1,0.0466585670006429,0.71350619668089,0.666847629680247,2025.25197156999,2025.29863013699,CHIKV_RUN_S42b19_2025,55.432739,-21.252887
4659,149,REU.2.3_1,REU.2.3_1,0.0358671785329656,0.71350619668089,0.677639018147924,2025.26276295845,2025.29863013699,CHIKV_RUN_S41b35_2025,55.460488,-20.891133
5632,5635,REU.3.1_1,REU.4.8_1,0.200545549702261,0.714143273286852,0.51359772358459,2025.09872166389,2025.29926721359,NA,NA,NA
5643,3090,REU.3.1_1,REU.4.6_1,0.235524237586685,0.716245922708247,0.480721685121563,2025.06584562543,2025.30136986301,CHIKV_RUN_S42b60_2025,55.438577,-21.271314
3784,278,REU.4.3_1,REU.1.4_1,0.227178599237004,0.716245922708247,0.489067323471243,2025.07419126378,2025.30136986301,CHIKV_RUN_S45b70_2025,55.718993,-21.040178
3916,1434,REU.4.3_1,REU.1.3_1,0.197907143540156,0.716245922708247,0.518338779168091,2025.10346271947,2025.30136986301,CHIKV_RUN_S41b55_2025,55.667219,-20.944035
3483,394,REU.4.5_1,REU.4.5_1,0.169928559031187,0.716245922708247,0.54631736367706,2025.13144130398,2025.30136986301,CHIKV_RUN_S42b52_2025,55.629844,-21.334186
5296,3074,REU.4.6_1,REU.4.6_1,0.158424918680613,0.716245922708247,0.557821004027634,2025.14294494433,2025.30136986301,CHIKV_RUN_S42b31_2025,55.438962,-21.267631
4318,853,REU.2.3_1,REU.2.3_1,0.150346030653958,0.716245922708247,0.565899892054289,2025.15102383236,2025.30136986301,CHIKV_RUN_S41b43_2025,55.480779,-20.90572
6110,2067,REU.4.5_1,REU.4.5_1,0.141903849152301,0.716245922708247,0.574342073555946,2025.15946601386,2025.30136986301,CHIKV_RUN_S42b29_2025,55.616743,-21.375864
5404,2633,REU.4.8_1,REU.1.3_1,0.140667916931277,0.716245922708247,0.575578005776971,2025.16070194608,2025.30136986301,CHIKV_RUN_S45b95_2025,55.644655,-20.96318
4610,1251,REU.4.4_1,REU.4.3_1,0.138718502990075,0.716245922708247,0.577527419718172,2025.16265136002,2025.30136986301,CHIKV_RUN_S41b54_2025,55.515961,-21.260349
3665,1490,REU.4.8_1,REU.4.5_1,0.109288923374085,0.716245922708247,0.606956999334162,2025.19208093964,2025.30136986301,CHIKV_RUN_S42b32_2025,55.672474,-21.368331
4754,1384,REU.1.4_1,REU.1.4_1,0.103516744367601,0.716245922708247,0.612729178340646,2025.19785311865,2025.30136986301,CHIKV_RUN_S45b72_2025,55.71933,-21.048889
4154,1343,REU.4.4_1,REU.4.1_1,0.103012576994061,0.716245922708247,0.613233345714186,2025.19835728602,2025.30136986301,CHIKV_RUN_S42b24_2025,55.467437,-21.141826
5906,2952,REU.3.4_1,REU.4.8_1,0.0999586589418644,0.716245922708247,0.616287263766383,2025.20141120407,2025.30136986301,CHIKV_RUN_S42b69_2025,55.468905,-21.341369
3955,1592,REU.4.6_1,REU.4.6_1,0.0945393019574632,0.716245922708247,0.621706620750784,2025.20683056106,2025.30136986301,CHIKV_RUN_S42b46_2025,55.418635,-21.286778
5265,1839,REU.4.8_1,REU.2.3_1,0.0936658505384222,0.716245922708247,0.622580072169825,2025.20770401248,2025.30136986301,CHIKV_RUN_S41b62_2025,55.485696,-20.915107
5728,1972,REU.2.3_1,REU.2.3_1,0.091804599294945,0.716245922708247,0.624441323413302,2025.20956526372,2025.30136986301,CHIKV_RUN_S41b56_2025,55.468092,-20.886199
4441,661,REU.4.6_1,REU.4.5_1,0.0911290350999222,0.716245922708247,0.625116887608325,2025.21024082791,2025.30136986301,CHIKV_RUN_S42b28_2025,55.652715,-21.379973
3406,567,REU.4.8_1,REU.2.2_1,0.0895555054719885,0.716245922708247,0.626690417236259,2025.21181435754,2025.30136986301,CHIKV_RUN_S42b39_2025,55.296268,-20.945685
5158,2647,REU.3.1_1,REU.4.6_1,0.0756093526082642,0.716245922708247,0.640636570099983,2025.22576051041,2025.30136986301,CHIKV_RUN_S42b22_2025,55.41153,-21.202996
5718,2200,REU.4.8_1,REU.2.3_1,0.0669230847780313,0.716245922708248,0.649322837930216,2025.23444677824,2025.30136986301,CHIKV_RUN_S41b53_2025,55.48204,-20.914114
4990,46,REU.2.3_1,REU.2.3_1,0.0403614706206386,0.716245922708247,0.675884452087609,2025.26100839239,2025.30136986301,CHIKV_RUN_S41b60_2025,55.487447,-20.898073
4532,4533,REU.4.4_1,REU.4.4_1,0.128890506787926,0.718484601589985,0.589594094802059,2025.17471803511,2025.3036085419,NA,NA,NA
3643,1540,REU.4.3_1,REU.1.4_1,0.234333878688489,0.718985648735605,0.484651770047116,2025.06977571035,2025.30410958904,CHIKV_RUN_S44b84_2025,55.715118,-21.04335
3257,1387,REU.4.3_1,REU.4.3_1,0.213640606842283,0.718985648735605,0.505345041893322,2025.0904689822,2025.30410958904,CHIKV_RUN_S42b81_2025,55.518843,-21.227866
5654,1921,REU.4.8_1,REU.2.3_1,0.207474971292715,0.718985648735605,0.511510677442889,2025.09663461775,2025.30410958904,CHIKV_RUN_S42b74_2025,55.458226,-20.88853
3550,1400,REU.4.3_1,REU.4.8_1,0.183596066414861,0.718985648735605,0.535389582320743,2025.12051352263,2025.30410958904,CHIKV_RUN_S42b40_2025,55.474821,-21.32618
5040,1836,REU.3.1_1,REU.2.3_1,0.171441111179979,0.718985648735605,0.547544537555626,2025.13266847786,2025.30410958904,CHIKV_RUN_S42b33_2025,55.448206,-20.904277
4665,159,REU.3.5_1,REU.3.5_1,0.166988856084987,0.718985648735605,0.551996792650618,2025.13712073296,2025.30410958904,CHIKV_RUN_S42b63_2025,55.261747,-21.071325
3468,470,REU.4.3_1,REU.2.3_1,0.152877440543094,0.718985648735605,0.566108208192511,2025.1512321485,2025.30410958904,CHIKV_RUN_S42b37_2025,55.477939,-20.901451
5953,2864,REU.2.3_1,REU.2.3_1,0.147369118656463,0.718985648735605,0.571616530079142,2025.15674047038,2025.30410958904,CHIKV_RUN_S42b65_2025,55.461845,-20.89769
5996,2915,REU.2.3_1,REU.2.3_1,0.146763649782102,0.718985648735605,0.572221998953503,2025.15734593926,2025.30410958904,CHIKV_RUN_S42b64_2025,55.480779,-20.90572
4078,1101,REU.4.8_1,REU.4.4_1,0.139694867386117,0.718985648735605,0.579290781349488,2025.16441472165,2025.30410958904,CHIKV_RUN_S42b72_2025,55.553722,-21.368863
3262,312,REU.4.3_1,REU.4.4_1,0.137685798789248,0.718985648735605,0.581299849946357,2025.16642379025,2025.30410958904,CHIKV_RUN_S42b92_2025,55.541731,-21.363656
6159,2127,REU.4.5_1,REU.4.5_1,0.135113213514214,0.718985648735605,0.583872435221391,2025.16899637553,2025.30410958904,CHIKV_RUN_S42b77_2025,55.608871,-21.337083
5837,1869,REU.3.1_1,REU.3.2_1,0.133333296583682,0.718985648735605,0.585652352151923,2025.17077629246,2025.30410958904,CHIKV_RUN_S42b21_2025,55.353664,-21.218052
3173,2428,REU.2.3_1,REU.2.3_1,0.128900523013992,0.718985648735605,0.590085125721613,2025.17520906603,2025.30410958904,CHIKV_RUN_S42b68_2025,55.471788,-20.922861
3915,1708,REU.2.3_1,REU.1.3_1,0.125982853991073,0.718985648735605,0.593002794744532,2025.17812673505,2025.30410958904,CHIKV_RUN_S42b27_2025,55.654162,-20.970374
5951,2878,REU.2.4_1,REU.2.4_1,0.118530842553824,0.718985648735605,0.60045480618178,2025.18557874649,2025.30410958904,CHIKV_RUN_S42b35_2025,55.529498,-20.93784
5073,1826,REU.2.3_1,REU.2.3_1,0.116667869574955,0.718985648735605,0.60231777916065,2025.18744171947,2025.30410958904,CHIKV_RUN_S41b61_2025,55.455655,-20.893011
3507,936,REU.4.3_1,REU.2.3_1,0.112506824218371,0.718985648735605,0.606478824517234,2025.19160276482,2025.30410958904,CHIKV_RUN_S42b50_2025,55.455655,-20.893011
5979,2932,REU.2.3_1,REU.2.3_1,0.111385981429385,0.718985648735605,0.60759966730622,2025.19272360761,2025.30410958904,CHIKV_RUN_S42b41_2025,55.462836,-20.888784
4682,129,REU.4.8_1,REU.2.3_1,0.111000374586778,0.718985648735605,0.607985274148826,2025.19310921445,2025.30410958904,CHIKV_RUN_S41b58_2025,55.499586,-20.909236
4682,147,REU.4.8_1,REU.2.4_1,0.111000374586778,0.718985648735605,0.607985274148826,2025.19310921445,2025.30410958904,CHIKV_RUN_S42b58_2025,55.56448,-20.896393
4738,1023,REU.4.8_1,REU.1.6_1,0.107931753167718,0.718985648735605,0.611053895567887,2025.19617783587,2025.30410958904,CHIKV_RUN_S44b85_2025,55.522958,-21.063445
3864,1136,REU.2.3_1,REU.1.2_1,0.0989624001272066,0.718985648735605,0.620023248608398,2025.20514718891,2025.30410958904,CHIKV_RUN_S44b83_2025,55.642645,-21.12284
3489,443,REU.2.3_1,REU.2.3_1,0.0945781932813281,0.718985648735605,0.624407455454277,2025.20953139576,2025.30410958904,CHIKV_RUN_S42b56_2025,55.445896,-20.887405
5120,1786,REU.2.3_1,REU.2.3_1,0.0880669292856913,0.718985648735605,0.630918719449914,2025.21604265976,2025.30410958904,CHIKV_RUN_S42b73_2025,55.496071,-20.916317
5208,1917,REU.4.8_1,REU.4.8_1,0.0826056820351088,0.718985648735605,0.636379966700496,2025.22150390701,2025.30410958904,CHIKV_RUN_S42b90_2025,55.478179,-21.330232
4251,754,REU.4.3_1,REU.4.3_1,0.0648255024012856,0.718985648735605,0.654160146334319,2025.23928408664,2025.30410958904,CHIKV_RUN_S42b80_2025,55.555835,-21.22434
4171,1711,REU.1.3_1,REU.1.3_1,0.062648287398491,0.718985648735605,0.656337361337114,2025.24146130164,2025.30410958904,CHIKV_RUN_S44b86_2025,55.64373,-20.928813
4591,1244,REU.4.6_1,REU.4.6_1,0.0561580954321104,0.718985648735605,0.662827553303494,2025.24795149361,2025.30410958904,CHIKV_RUN_S42b54_2025,55.40632,-21.20457
5523,2031,REU.4.8_1,REU.4.2_1,0.0549351434633402,0.718985648735605,0.664050505272265,2025.24917444558,2025.30410958904,CHIKV_RUN_S42b42_2025,55.468504,-21.24505
5482,2763,REU.2.3_1,REU.2.3_1,0.0429279197892347,0.718985648735605,0.67605772894637,2025.26118166925,2025.30410958904,CHIKV_RUN_S42b61_2025,55.39834,-20.920783
4005,1363,REU.2.3_1,REU.2.5_1,0.0371458732987638,0.718985648735605,0.681839775436841,2025.26696371574,2025.30410958904,CHIKV_RUN_S42b45_2025,55.588951,-20.909448
3217,2602,REU.4.8_1,REU.1.2_1,0.251600353799623,0.72172537476319,0.470125020963567,2025.05524896127,2025.30684931507,CHIKV_RUN_S50b83_2025,55.63814,-21.124493
5435,2173,REU.3.1_1,REU.2.2_1,0.231509581583061,0.72172537476319,0.490215793180129,2025.07533973349,2025.30684931507,CHIKV_RUN_S52b07_2025,55.288486,-20.942095
5236,2731,REU.2.3_1,REU.2.3_1,0.220469906316708,0.72172537476319,0.501255468446482,2025.08637940875,2025.30684931507,CHIKV_RUN_S42b95_2025,55.454106,-20.875879
3303,504,REU.4.3_1,REU.2.3_1,0.18429305114727,0.72172537476319,0.537432323615919,2025.12255626392,2025.30684931507,CHIKV_RUN_S42b89_2025,55.492069,-20.925129
5989,2907,REU.2.3_1,REU.2.2_1,0.177457837320426,0.72172537476319,0.544267537442764,2025.12939147775,2025.30684931507,CHIKV_RUN_S42b78_2025,55.295705,-20.942446
4543,1249,REU.4.4_1,REU.4.7_1,0.175766339805392,0.72172537476319,0.545959034957797,2025.13108297526,2025.30684931507,CHIKV_RUN_S43b47_2025,55.715877,-21.371038
3483,494,REU.4.5_1,REU.2.5_1,0.175408011086129,0.72172537476319,0.54631736367706,2025.13144130398,2025.30684931507,CHIKV_RUN_S42b79_2025,55.580248,-20.92783
3221,2593,REU.4.5_1,REU.4.5_1,0.16815152998673,0.72172537476319,0.553573844776459,2025.13869778508,2025.30684931507,CHIKV_RUN_S43b12_2025,55.632684,-21.345545
5879,2986,REU.3.4_1,REU.2.5_1,0.16675824879237,0.72172537476319,0.55496712597082,2025.14009106628,2025.30684931507,CHIKV_RUN_S50b79_2025,55.606734,-20.93692
5032,2679,REU.3.4_1,REU.3.4_1,0.16645869366341,0.72172537476319,0.555266681099779,2025.14039062141,2025.30684931507,CHIKV_RUN_S52b15_2025,55.330731,-21.231704
3148,2443,REU.4.8_1,REU.1.5_1,0.157930931567202,0.72172537476319,0.563794443195987,2025.1489183835,2025.30684931507,CHIKV_RUN_S45b94_2025,55.754403,-21.114225
5241,2026,REU.4.8_1,REU.4.5_1,0.15225864861687,0.721725374763189,0.56946672614632,2025.15459066645,2025.30684931507,CHIKV_RUN_S42b82_2025,55.659285,-21.378574
3535,1610,REU.4.3_1,REU.4.8_1,0.152245761318525,0.72172537476319,0.569479613444664,2025.15460355375,2025.30684931507,CHIKV_RUN_S43b31_2025,55.540325,-21.316388
4338,838,REU.4.3_1,REU.4.5_1,0.150130451646917,0.72172537476319,0.571594923116273,2025.15671886342,2025.30684931507,CHIKV_RUN_S43b04_2025,55.62546,-21.291986
5927,2885,REU.2.4_1,REU.2.3_1,0.144096344801893,0.72172537476319,0.577629029961297,2025.16275297027,2025.30684931507,CHIKV_RUN_S43b14_2025,55.475059,-20.893399
4792,1693,REU.4.8_1,REU.4.3_1,0.140716065930168,0.72172537476319,0.581009308833022,2025.16613324914,2025.30684931507,CHIKV_RUN_S52b20_2025,55.540081,-21.240846
4977,33,REU.2.3_1,REU.2.3_1,0.135420996651947,0.72172537476319,0.586304378111242,2025.17142831842,2025.30684931507,CHIKV_RUN_S42b88_2025,55.458226,-20.88853
5312,2255,REU.4.8_1,REU.4.8_1,0.134681430819185,0.72172537476319,0.587043943944004,2025.17216788425,2025.30684931507,CHIKV_RUN_S50b78_2025,55.465102,-21.292476
3455,453,REU.2.3_1,REU.2.3_1,0.129549634040454,0.72172537476319,0.592175740722735,2025.17729968103,2025.30684931507,CHIKV_RUN_S42b93_2025,55.463469,-20.892429
3848,1143,REU.2.3_1,REU.1.3_1,0.129039775773773,0.72172537476319,0.592685598989416,2025.1778095393,2025.30684931507,CHIKV_RUN_S42b36_2025,55.672325,-20.936321
4554,1266,REU.4.8_1,REU.2.5_1,0.127594684626457,0.72172537476319,0.594130690136733,2025.17925463044,2025.30684931507,CHIKV_RUN_S43b11_2025,55.606242,-20.904694
3209,2592,REU.4.8_1,REU.2.3_1,0.117691320462201,0.72172537476319,0.604034054300988,2025.18915799461,2025.30684931507,CHIKV_RUN_S42b75_2025,55.456027,-20.877565
4590,1183,REU.4.8_1,REU.2.3_1,0.108607267176116,0.72172537476319,0.613118107587074,2025.19824204789,2025.30684931507,CHIKV_RUN_S43b10_2025,55.491997,-20.936205
4043,1766,REU.3.4_1,REU.3.4_1,0.103825890153128,0.72172537476319,0.617899484610062,2025.20302342492,2025.30684931507,CHIKV_RUN_S43b17_2025,55.328071,-21.164531
5157,2643,REU.2.3_1,REU.2.4_1,0.1037780798013,0.721725374763189,0.617947294961889,2025.20307123527,2025.30684931507,CHIKV_RUN_S42b85_2025,55.555458,-20.899665
3136,2460,REU.2.3_1,REU.2.3_1,0.101900281574768,0.72172537476319,0.619825093188422,2025.20494903349,2025.30684931507,CHIKV_RUN_S42b94_2025,55.483768,-20.909138
5970,2924,REU.4.8_1,REU.2.5_1,0.0936528195812986,0.72172537476319,0.628072555181891,2025.21319649549,2025.30684931507,CHIKV_RUN_S50b75_2025,55.63222,-20.940286
4948,206,REU.4.5_1,REU.2.3_1,0.0926417011793954,0.72172537476319,0.629083673583794,2025.21420761389,2025.30684931507,CHIKV_RUN_S43b03_2025,55.452548,-20.874329
4257,747,REU.3.5_1,REU.4.5_1,0.0912289202864527,0.72172537476319,0.630496454476737,2025.21562039478,2025.30684931507,CHIKV_RUN_S42b87_2025,55.667526,-21.378275
6179,1844,REU.4.8_1,REU.2.3_1,0.087835431151398,0.72172537476319,0.633889943611792,2025.21901388392,2025.30684931507,CHIKV_RUN_S42b53_2025,55.487561,-20.90542
6099,2087,REU.4.5_1,REU.4.6_1,0.0857759368997151,0.72172537476319,0.635949437863474,2025.22107337817,2025.30684931507,CHIKV_RUN_S43b02_2025,55.430936,-21.245486
5941,2892,REU.2.3_1,REU.2.4_1,0.0826017345528082,0.721725374763189,0.639123640210381,2025.22424758052,2025.30684931507,CHIKV_RUN_S43b06_2025,55.572363,-20.907932
4084,1108,REU.4.3_1,REU.4.3_1,0.0800649370074689,0.72172537476319,0.641660437755721,2025.22678437806,2025.30684931507,CHIKV_RUN_S43b39_2025,55.511764,-21.25098
4024,1671,REU.4.3_1,REU.4.3_1,0.0799769305688581,0.72172537476319,0.641748444194332,2025.2268723845,2025.30684931507,CHIKV_RUN_S42b84_2025,55.506978,-21.234008
3307,371,REU.4.8_1,REU.4.5_1,0.0791602350864486,0.72172537476319,0.642565139676741,2025.22768907998,2025.30684931507,CHIKV_RUN_S43b23_2025,55.665316,-21.335168
3738,949,REU.3.5_1,REU.4.8_1,0.0748516645631097,0.72172537476319,0.64687371020008,2025.23199765051,2025.30684931507,CHIKV_RUN_S52b08_2025,55.512078,-21.298447
3862,1148,REU.2.3_1,REU.2.3_1,0.0736622669326434,0.72172537476319,0.648063107830546,2025.23318704814,2025.30684931507,CHIKV_RUN_S43b16_2025,55.432599,-20.925495
6204,2817,REU.2.3_1,REU.1.1_1,0.0702899054908501,0.72172537476319,0.651435469272339,2025.23655940958,2025.30684931507,CHIKV_RUN_S50b80_2025,55.676734,-20.995195
4870,1607,REU.4.8_1,REU.2.4_1,0.0370907158831272,0.72172537476319,0.684634658880062,2025.26975859919,2025.30684931507,CHIKV_RUN_S42b71_2025,55.519605,-20.921157
5291,2570,REU.1.3_1,REU.1.3_1,0.0155010748470876,0.72172537476319,0.706224299916102,2025.29134824022,2025.30684931507,CHIKV_RUN_S43b09_2025,55.691993,-20.963449
5635,3068,REU.4.8_1,REU.4.8_1,0.00758210147633798,0.72172537476319,0.714143273286852,2025.29926721359,2025.30684931507,CHIKV_RUN_S43b22_2025,55.453322,-21.304666
3671,3673,REU.4.3_1,REU.2.3_1,0.102454279053702,0.723630308169044,0.621176029115342,2025.20629996942,2025.30875424847,NA,NA,NA
5294,2759,REU.4.6_1,REU.4.8_1,0.211663622339728,0.724465100790547,0.512801478450819,2025.09792541876,2025.3095890411,CHIKV_RUN_S43b35_2025,55.486825,-21.257066
3366,515,REU.4.3_1,REU.4.8_1,0.195593416367113,0.724465100790547,0.528871684423433,2025.11399562473,2025.3095890411,CHIKV_RUN_S43b18_2025,55.523585,-21.355116
3832,2264,REU.4.8_1,REU.4.5_1,0.188757438224731,0.724465100790547,0.535707662565816,2025.12083160287,2025.3095890411,CHIKV_RUN_S43b43_2025,55.664875,-21.375389
5960,2854,REU.4.8_1,REU.3.5_1,0.179353096836648,0.724465100790547,0.545112003953899,2025.13023594426,2025.3095890411,CHIKV_RUN_S43b45_2025,55.271736,-21.05334
5037,2767,REU.2.2_1,REU.2.2_1,0.149982622217252,0.724465100790547,0.574482478573295,2025.15960641888,2025.3095890411,CHIKV_RUN_S43b52_2025,55.307526,-20.939137
5995,2910,REU.2.3_1,REU.3.5_1,0.132161919155775,0.724465100790547,0.592303181634772,2025.17742712194,2025.3095890411,CHIKV_RUN_S43b15_2025,55.293668,-20.985029
4863,1345,REU.4.3_1,REU.4.3_1,0.131394259177226,0.724465100790547,0.593070841613321,2025.17819478192,2025.3095890411,CHIKV_RUN_S43b36_2025,55.518558,-21.2827
5269,1858,REU.4.8_1,REU.4.6_1,0.121432621545091,0.724465100790547,0.603032479245456,2025.18815641955,2025.3095890411,CHIKV_RUN_S43b44_2025,55.402844,-21.214963
3525,1622,REU.3.5_1,REU.3.5_1,0.108627258611324,0.724465100790547,0.615837842179223,2025.20096178248,2025.3095890411,CHIKV_RUN_S43b21_2025,55.322,-20.979051
5066,1957,REU.2.3_1,REU.1.3_1,0.10229838152577,0.724465100790547,0.622166719264777,2025.20729065957,2025.3095890411,CHIKV_RUN_S43b34_2025,55.671916,-20.937037
3296,469,REU.2.3_1,REU.1.4_1,0.0835570931320151,0.724465100790547,0.640908007658532,2025.22603194796,2025.3095890411,CHIKV_RUN_S43b29_2025,55.691303,-21.047669
3353,473,REU.2.3_1,REU.2.4_1,0.0799766128803274,0.724465100790547,0.64448848791022,2025.22961242822,2025.3095890411,CHIKV_RUN_S43b30_2025,55.53116,-20.896205
5691,2191,REU.4.8_1,REU.2.3_1,0.0711046776869193,0.724465100790547,0.653360423103628,2025.23848436341,2025.3095890411,CHIKV_RUN_S43b46_2025,55.455493,-20.878646
3413,543,REU.4.8_1,REU.4.3_1,0.0702183885438389,0.724465100790547,0.654246712246708,2025.23937065255,2025.3095890411,CHIKV_RUN_S43b40_2025,55.53781,-21.279869
4929,232,REU.4.8_1,REU.4.5_1,0.0491449161988904,0.724465100790547,0.675320184591657,2025.2604441249,2025.3095890411,CHIKV_RUN_S43b33_2025,55.618947,-21.374112
3969,1046,REU.2.3_1,REU.2.5_1,0.0336761245125818,0.724465100790547,0.690788976277965,2025.27591291658,2025.3095890411,CHIKV_RUN_S43b32_2025,55.622448,-20.91444
5841,5842,REU.4.3_1,REU.4.5_1,0.162953591442985,0.726864930447334,0.563911339004349,2025.14903527931,2025.31198887075,NA,NA,NA
3434,526,REU.4.3_1,REU.2.3_1,0.316895249197049,0.727204826817904,0.410309577620855,2024.99543351793,2025.31232876712,CHIKV_RUN_S43b83_2025,55.496885,-20.912528
3124,2412,REU.3.4_1,REU.4.5_1,0.223651080152089,0.727204826817904,0.503553746665815,2025.08867768697,2025.31232876712,CHIKV_RUN_S43b41_2025,55.592063,-21.37423
4934,212,REU.4.5_1,REU.4.5_1,0.193169450452974,0.727204826817904,0.534035376364931,2025.11915931667,2025.31232876712,CHIKV_RUN_S43b62_2025,55.676816,-21.371135
3652,1528,REU.4.3_1,REU.4.3_1,0.17437211641955,0.727204826817904,0.552832710398355,2025.1379566507,2025.31232876712,CHIKV_RUN_S44b28_2025,55.492687,-21.257881
4476,1275,REU.4.3_1,REU.4.4_1,0.169970351667961,0.727204826817904,0.557234475149943,2025.14235841546,2025.31232876712,CHIKV_RUN_S44b36_2025,55.572416,-21.354753
4775,622,REU.4.3_1,REU.4.8_1,0.165581914864712,0.727204826817904,0.561622911953192,2025.14674685226,2025.31232876712,CHIKV_RUN_S44b01_2025,55.464468,-21.335334
3880,918,REU.3.5_1,REU.2.3_1,0.156444779541724,0.727204826817904,0.570760047276181,2025.15588398758,2025.31232876712,CHIKV_RUN_S43b84_2025,55.465971,-20.896976
4694,1012,REU.2.3_1,REU.2.3_1,0.151118156437359,0.727204826817904,0.576086670380545,2025.16121061069,2025.31232876712,CHIKV_RUN_S43b53_2025,55.462846,-20.901711
5697,2798,REU.3.1_1,REU.3.1_1,0.146741497631811,0.727204826817904,0.580463329186093,2025.16558726949,2025.31232876712,CHIKV_RUN_S43b91_2025,55.363118,-21.24073
4008,1364,REU.2.3_1,REU.2.3_1,0.132971396776778,0.727204826817904,0.594233430041127,2025.17935737035,2025.31232876712,CHIKV_RUN_S43b25_2025,55.464564,-20.892562
4708,1416,REU.2.3_1,REU.2.3_1,0.132110901032599,0.727204826817904,0.595093925785305,2025.18021786609,2025.31232876712,CHIKV_RUN_S43b58_2025,55.484763,-20.908604
5527,2171,REU.4.3_1,REU.4.6_1,0.118664808411589,0.727204826817904,0.608540018406315,2025.19366395871,2025.31232876712,CHIKV_RUN_S43b56_2025,55.430714,-21.281664
3988,602,REU.4.8_1,REU.4.8_1,0.11406270059639,0.727204826817904,0.613142126221514,2025.19826606653,2025.31232876712,CHIKV_RUN_S43b37_2025,55.475245,-21.327782
4831,1441,REU.2.3_1,REU.2.3_1,0.112886975448731,0.727204826817904,0.614317851369173,2025.19944179167,2025.31232876712,CHIKV_RUN_S43b27_2025,55.461113,-20.893827
4618,1246,REU.4.4_1,REU.4.5_1,0.108722966526152,0.727204826817904,0.618481860291753,2025.2036058006,2025.31232876712,CHIKV_RUN_S43b28_2025,55.637204,-21.370715
4910,246,REU.4.5_1,REU.1.4_1,0.107254676793982,0.727204826817904,0.619950150023923,2025.20507409033,2025.31232876712,CHIKV_RUN_S45b56_2025,55.697826,-21.022855
3544,1411,REU.4.3_1,REU.2.4_1,0.103348567658515,0.727204826817904,0.62385625915939,2025.20898019946,2025.31232876712,CHIKV_RUN_S43b74_2025,55.518694,-20.951394
4059,1550,REU.4.3_1,REU.4.3_1,0.0933460558688802,0.727204826817904,0.633858770949024,2025.21898271125,2025.31232876712,CHIKV_RUN_S43b92_2025,55.51119,-21.252464
5797,2539,REU.2.4_1,REU.2.4_1,0.085378271854071,0.727204826817904,0.641826554963833,2025.22695049527,2025.31232876712,CHIKV_RUN_S43b77_2025,55.543627,-20.937879
4538,1180,REU.4.8_1,REU.4.8_1,0.077248387441412,0.727204826817904,0.649956439376492,2025.23508037968,2025.31232876712,CHIKV_RUN_S44b04_2025,55.491803,-21.307722
5053,2493,REU.3.1_1,REU.4.6_1,0.0715121767179642,0.727204826817904,0.65569265009994,2025.24081659041,2025.31232876712,CHIKV_RUN_S43b55_2025,55.432788,-21.272683
4307,733,REU.2.3_1,REU.2.3_1,0.0668299696058253,0.727204826817904,0.660374857212079,2025.24549879752,2025.31232876712,CHIKV_RUN_S43b86_2025,55.435986,-20.920401
5984,2920,REU.3.5_1,REU.2.3_1,0.0602174118738945,0.727204826817904,0.66698741494401,2025.25211135525,2025.31232876712,CHIKV_RUN_S43b59_2025,55.485524,-20.893173
4917,235,REU.4.5_1,REU.4.5_1,0.0387776396073629,0.727204826817904,0.688427187210541,2025.27355112752,2025.31232876712,CHIKV_RUN_S44b24_2025,55.643,-21.333331
3138,2458,REU.2.3_1,REU.1.3_1,0.0291773881059361,0.727204826817904,0.698027438711968,2025.28315137902,2025.31232876712,CHIKV_RUN_S43b51_2025,55.652295,-20.962029
3673,1542,REU.2.3_1,REU.2.3_1,0.00357451864886005,0.727204826817904,0.723630308169044,2025.30875424847,2025.31232876712,CHIKV_RUN_S43b82_2025,55.463072,-20.893303
3541,1409,REU.4.3_1,REU.3.5_1,0.223819872734801,0.729944552845262,0.50612468011046,2025.09124862042,2025.31506849315,CHIKV_RUN_S43b50_2025,55.308014,-21.033469
4750,311,REU.4.3_1,REU.4.8_1,0.221791568190866,0.729944552845262,0.508152984654395,2025.09327692496,2025.31506849315,CHIKV_RUN_S43b95_2025,55.478771,-21.329134
3698,821,REU.3.5_1,REU.2.3_1,0.186833109770843,0.729944552845262,0.543111443074419,2025.12823538338,2025.31506849315,CHIKV_RUN_S43b60_2025,55.498306,-20.927335
4900,190,REU.2.3_1,REU.2.3_1,0.179256833631309,0.729944552845262,0.550687719213953,2025.13581165952,2025.31506849315,CHIKV_RUN_S43b61_2025,55.484786,-20.896085
5466,2345,REU.4.5_1,REU.4.5_1,0.166167006764229,0.729944552845262,0.563777546081033,2025.14890148639,2025.31506849315,CHIKV_RUN_S44b07_2025,55.629292,-21.345183
4260,742,REU.4.3_1,REU.4.3_1,0.165778446658038,0.729944552845262,0.564166106187224,2025.14929004649,2025.31506849315,CHIKV_RUN_S43b90_2025,55.528118,-21.289878
4901,172,REU.2.3_1,REU.2.3_1,0.16314581696425,0.729944552845262,0.566798735881012,2025.15192267619,2025.31506849315,CHIKV_RUN_S43b79_2025,55.490131,-20.891287
4361,667,REU.2.3_1,REU.2.3_1,0.153180095758337,0.729944552845262,0.576764457086925,2025.16188839739,2025.31506849315,CHIKV_RUN_S43b67_2025,55.462045,-20.883862
5479,1547,REU.2.3_1,REU.2.3_1,0.149608280768786,0.729944552845262,0.580336272076476,2025.16546021238,2025.31506849315,CHIKV_RUN_S43b64_2025,55.410091,-20.899655
3619,83,REU.2.3_1,REU.2.3_1,0.149596589381079,0.729944552845262,0.580347963464183,2025.16547190377,2025.31506849315,CHIKV_RUN_S43b65_2025,55.448262,-20.904018
5325,2277,REU.4.8_1,REU.2.3_1,0.149539192490071,0.729944552845262,0.58040536035519,2025.16552930066,2025.31506849315,CHIKV_RUN_S43b71_2025,55.484731,-20.888907
5088,2744,REU.4.8_1,REU.4.8_1,0.147980980403851,0.729944552845262,0.581963572441411,2025.16708751275,2025.31506849315,CHIKV_RUN_S44b02_2025,55.465106,-21.285957
3794,1350,REU.4.3_1,REU.4.5_1,0.147369077343387,0.729944552845262,0.582575475501874,2025.16769941581,2025.31506849315,CHIKV_RUN_S44b11_2025,55.595486,-21.35952
5068,1811,REU.2.3_1,REU.2.3_1,0.140454925125333,0.729944552845262,0.589489627719929,2025.17461356803,2025.31506849315,CHIKV_RUN_S43b63_2025,55.442466,-20.911117
4537,1182,REU.4.3_1,REU.4.8_1,0.140244571336055,0.729944552845262,0.589699981509207,2025.17482392181,2025.31506849315,CHIKV_RUN_S44b21_2025,55.471103,-21.339643
4000,1370,REU.2.3_1,REU.2.3_1,0.130287848884681,0.729944552845262,0.599656703960581,2025.18478064427,2025.31506849315,CHIKV_RUN_S43b69_2025,55.446658,-20.903307
4330,695,REU.4.3_1,REU.4.6_1,0.129189552174968,0.729944552845262,0.600755000670294,2025.18587894098,2025.31506849315,CHIKV_RUN_S44b23_2025,55.392258,-21.241048
4813,1095,REU.4.6_1,REU.4.6_1,0.105071944322166,0.729944552845262,0.624872608523096,2025.20999654883,2025.31506849315,CHIKV_RUN_S43b73_2025,55.447482,-21.267759
5694,2195,REU.4.3_1,REU.4.3_1,0.0857845014448669,0.729944552845262,0.644160051400395,2025.22928399171,2025.31506849315,CHIKV_RUN_S44b05_2025,55.540435,-21.255486
5451,2839,REU.4.4_1,REU.4.4_1,0.064789134202521,0.729944552845262,0.665155418642741,2025.25027935895,2025.31506849315,CHIKV_RUN_S44b08_2025,55.561443,-21.348306
3458,448,REU.4.5_1,REU.4.5_1,0.0597991779607117,0.729944552845262,0.67014537488455,2025.25526931519,2025.31506849315,CHIKV_RUN_S44b15_2025,55.623306,-21.375791
3961,1160,REU.3.5_1,REU.3.5_1,0.0430190392662183,0.729944552845262,0.686925513579044,2025.27204945388,2025.31506849315,CHIKV_RUN_S43b66_2025,55.284232,-20.993313
3673,1543,REU.2.3_1,REU.2.3_1,0.00631424467621744,0.729944552845262,0.723630308169044,2025.30875424847,2025.31506849315,CHIKV_RUN_S43b85_2025,55.463241,-20.888788
5734,1832,REU.3.1_1,REU.2.4_1,0.370627858724575,0.732684278872619,0.362056420148044,2024.94718036045,2025.31780821918,CHIKV_RUN_S44b37_2025,55.523806,-20.927211
3347,456,REU.4.3_1,REU.2.3_1,0.278893080997445,0.732684278872619,0.453791197875174,2025.03891513818,2025.31780821918,CHIKV_RUN_S44b16_2025,55.407267,-20.90192
4797,921,REU.4.3_1,REU.2.3_1,0.274297420926928,0.732684278872619,0.458386857945691,2025.04351079825,2025.31780821918,CHIKV_RUN_S44b17_2025,55.482141,-20.886785
4362,847,REU.4.3_1,REU.4.6_1,0.244839997042228,0.732684278872619,0.487844281830391,2025.07296822214,2025.31780821918,CHIKV_RUN_S44b56_2025,55.438978,-21.282538
5711,1968,REU.4.8_1,REU.2.3_1,0.219814649938653,0.732684278872619,0.512869628933966,2025.09799356924,2025.31780821918,CHIKV_RUN_S44b13_2025,55.448193,-20.886543
4326,709,REU.4.3_1,REU.4.8_1,0.218776416258377,0.732684278872619,0.513907862614242,2025.09903180292,2025.31780821918,CHIKV_RUN_S44b58_2025,55.456949,-21.289824
5061,2734,REU.3.1_1,REU.3.2_1,0.21330025546334,0.732684278872619,0.519384023409279,2025.10450796371,2025.31780821918,CHIKV_RUN_S44b47_2025,55.332912,-21.238244
6064,1795,REU.4.3_1,REU.4.6_1,0.209785177693697,0.732684278872619,0.522899101178922,2025.10802304148,2025.31780821918,CHIKV_RUN_S48b47_2025,55.414973,-21.284378
3439,436,REU.4.3_1,REU.4.8_1,0.189139445131817,0.732684278872619,0.543544833740802,2025.12866877405,2025.31780821918,CHIKV_RUN_S44b57_2025,55.503523,-21.294266
5828,2325,REU.4.6_1,REU.4.6_1,0.172690832894157,0.732684278872619,0.559993445978463,2025.14511738628,2025.31780821918,CHIKV_RUN_S44b51_2025,55.407709,-21.289577
3185,2413,REU.4.6_1,REU.2.3_1,0.160234063266844,0.732684278872619,0.572450215605775,2025.15757415591,2025.31780821918,CHIKV_RUN_S44b18_2025,55.465618,-20.910961
3269,556,REU.4.3_1,REU.4.3_1,0.15347311253143,0.732684278872619,0.579211166341189,2025.16433510665,2025.31780821918,CHIKV_RUN_S44b61_2025,55.519866,-21.235969
5771,3039,REU.4.3_1,REU.4.8_1,0.144490773587618,0.732684278872619,0.588193505285001,2025.17331744559,2025.31780821918,CHIKV_RUN_S44b10_2025,55.507747,-21.351413
5081,2319,REU.3.1_1,REU.2.4_1,0.141871869076699,0.732684278872619,0.59081240979592,2025.1759363501,2025.31780821918,CHIKV_RUN_S43b75_2025,55.529498,-20.93784
3536,1319,REU.4.3_1,REU.4.3_1,0.139830883816147,0.732684278872619,0.592853395056472,2025.17797733536,2025.31780821918,CHIKV_RUN_S44b55_2025,55.524989,-21.237814
5962,2852,REU.4.8_1,REU.2.3_1,0.132417984464583,0.732684278872619,0.600266294408036,2025.18539023471,2025.31780821918,CHIKV_RUN_S43b57_2025,55.399823,-20.907076
4706,979,REU.2.3_1,REU.2.3_1,0.123008172936499,0.732684278872619,0.60967610593612,2025.19480004624,2025.31780821918,CHIKV_RUN_S44b12_2025,55.444744,-20.879371
3820,1081,REU.4.8_1,REU.4.8_1,0.121177586382919,0.732684278872619,0.611506692489701,2025.1966306328,2025.31780821918,CHIKV_RUN_S44b03_2025,55.478749,-21.330553
5398,3016,REU.4.6_1,REU.4.6_1,0.118460354483366,0.732684278872619,0.614223924389253,2025.19934786469,2025.31780821918,CHIKV_RUN_S43b89_2025,55.438431,-21.238295
5026,2313,REU.4.8_1,REU.4.8_1,0.116170258121665,0.732684278872619,0.616514020750954,2025.20163796106,2025.31780821918,CHIKV_RUN_S44b53_2025,55.472216,-21.338658
3316,397,REU.2.3_1,REU.2.3_1,0.103134860637264,0.732684278872619,0.629549418235355,2025.21467335854,2025.31780821918,CHIKV_RUN_S43b80_2025,55.39983,-20.903139
5190,2142,REU.3.4_1,REU.2.4_1,0.0999410281719751,0.732684278872619,0.632743250700644,2025.21786719101,2025.31780821918,CHIKV_RUN_S43b70_2025,55.516828,-20.953862
3840,276,REU.3.5_1,REU.2.3_1,0.096436813997611,0.732684278872619,0.636247464875008,2025.22137140518,2025.31780821918,CHIKV_RUN_S44b19_2025,55.456559,-20.890627
5048,3072,REU.4.3_1,REU.4.4_1,0.0673187936140768,0.732684278872619,0.665365485258542,2025.25048942556,2025.31780821918,CHIKV_RUN_S44b62_2025,55.577641,-21.33765
3771,598,REU.2.3_1,REU.2.3_1,0.0420104186034426,0.732684278872619,0.690673860269177,2025.27579780057,2025.31780821918,CHIKV_RUN_S44b32_2025,55.459891,-20.882291
6167,2094,REU.4.3_1,REU.4.3_1,0.0244383922062987,0.732684278872619,0.70824588666632,2025.29336982697,2025.31780821918,CHIKV_RUN_S43b26_2025,55.524068,-21.232749
3503,1744,REU.4.3_1,REU.1.4_1,0.227986688060135,0.735424004900204,0.507437316840069,2025.09256125715,2025.32054794521,CHIKV_RUN_S44b33_2025,55.74115,-21.075513
4830,634,REU.4.3_1,REU.2.4_1,0.20209595681417,0.735424004900204,0.533328048086034,2025.11845198839,2025.32054794521,CHIKV_RUN_S44b67_2025,55.521356,-20.907013
3504,101,REU.4.3_1,REU.4.3_1,0.200298297719728,0.735424004900204,0.535125707180476,2025.12024964749,2025.32054794521,CHIKV_RUN_S44b64_2025,55.498761,-21.245356
3982,1700,REU.4.3_1,REU.4.3_1,0.195480230603535,0.735424004900204,0.539943774296669,2025.1250677146,2025.32054794521,CHIKV_RUN_S44b39_2025,55.494809,-21.246103
4206,351,REU.2.3_1,REU.2.3_1,0.188098933278237,0.735424004900204,0.547325071621967,2025.13244901193,2025.32054794521,CHIKV_RUN_S44b46_2025,55.439447,-20.91464
5833,1857,REU.4.8_1,REU.2.3_1,0.187236438594423,0.735424004900204,0.548187566305781,2025.13331150661,2025.32054794521,CHIKV_RUN_S44b31_2025,55.427048,-20.877814
4878,176,REU.4.7_1,REU.2.3_1,0.178793635872787,0.735424004900204,0.556630369027417,2025.14175430933,2025.32054794521,CHIKV_RUN_S44b44_2025,55.407448,-20.889144
4203,343,REU.2.2_1,REU.2.2_1,0.175715270104447,0.735424004900204,0.559708734795757,2025.1448326751,2025.32054794521,CHIKV_RUN_S44b66_2025,55.294376,-20.943347
4976,35,REU.2.3_1,REU.1.3_1,0.170304472212749,0.735424004900204,0.565119532687455,2025.15024347299,2025.32054794521,CHIKV_RUN_S45b38_2025,55.650141,-20.967483
5816,1950,REU.2.3_1,REU.2.3_1,0.165587224753916,0.735424004900204,0.569836780146288,2025.15496072045,2025.32054794521,CHIKV_RUN_S44b43_2025,55.480881,-20.897793
5290,2566,REU.4.8_1,REU.1.6_1,0.16456486234614,0.735424004900204,0.570859142554064,2025.15598308286,2025.32054794521,CHIKV_RUN_S45b40_2025,55.520108,-21.062986
4361,827,REU.2.3_1,REU.2.3_1,0.158659547813279,0.735424004900204,0.576764457086925,2025.16188839739,2025.32054794521,CHIKV_RUN_S44b38_2025,55.402023,-20.911056
3395,578,REU.4.3_1,REU.2.3_1,0.144005239212599,0.735424004900204,0.591418765687604,2025.17654270599,2025.32054794521,CHIKV_RUN_S44b34_2025,55.477786,-20.919818
3392,583,REU.4.3_1,REU.2.3_1,0.13887723166472,0.735424004900204,0.596546773235484,2025.18167071354,2025.32054794521,CHIKV_RUN_S44b45_2025,55.451558,-20.890875
6097,2074,REU.4.3_1,REU.2.3_1,0.132500889008484,0.735424004900204,0.602923115891719,2025.1880470562,2025.32054794521,CHIKV_RUN_S44b20_2025,55.411429,-20.889585
3691,259,REU.4.8_1,REU.4.5_1,0.121220705867423,0.735424004900204,0.614203299032781,2025.19932723934,2025.32054794521,CHIKV_RUN_S44b50_2025,55.599642,-21.335121
3271,382,REU.4.3_1,REU.4.3_1,0.113786498758129,0.735424004900204,0.621637506142075,2025.20676144645,2025.32054794521,CHIKV_RUN_S44b76_2025,55.519611,-21.242728
3552,1403,REU.2.3_1,REU.1.6_1,0.105217315359297,0.735424004900204,0.630206689540907,2025.21533062985,2025.32054794521,CHIKV_RUN_S45b39_2025,55.511993,-21.065407
4858,1718,REU.4.8_1,REU.2.3_1,0.0961423513548851,0.735424004900204,0.639281653545319,2025.22440559385,2025.32054794521,CHIKV_RUN_S44b41_2025,55.399151,-20.903693
3352,472,REU.2.3_1,REU.2.3_1,0.091093224798271,0.735424004900204,0.644330780101933,2025.22945472041,2025.32054794521,CHIKV_RUN_S44b68_2025,55.486243,-20.907702
3838,912,REU.1.3_1,REU.1.3_1,0.0905196962212582,0.735424004900204,0.644904308678946,2025.23002824898,2025.32054794521,CHIKV_RUN_S44b42_2025,55.689479,-20.9713
5718,3011,REU.4.8_1,REU.1.6_1,0.0861011669699878,0.735424004900204,0.649322837930216,2025.23444677824,2025.32054794521,CHIKV_RUN_S45b41_2025,55.519882,-21.066416
3286,383,REU.2.3_1,REU.2.4_1,0.0721899134635867,0.735424004900204,0.663234091436617,2025.24835803174,2025.32054794521,CHIKV_RUN_S43b94_2025,55.5586,-20.897771
3280,481,REU.4.6_1,REU.4.6_1,0.0529716488499201,0.735424004900204,0.682452356050284,2025.26757629636,2025.32054794521,CHIKV_RUN_S44b65_2025,55.441485,-21.275033
3388,561,REU.4.8_1,REU.4.8_1,0.0438135818176013,0.735424004900204,0.691610423082603,2025.27673436339,2025.32054794521,CHIKV_RUN_S44b52_2025,55.471826,-21.314619
5291,2569,REU.1.3_1,REU.1.3_1,0.029199704984102,0.735424004900204,0.706224299916102,2025.29134824022,2025.32054794521,CHIKV_RUN_S45b33_2025,55.657514,-20.945141
6100,6101,REU.4.5_1,REU.4.5_1,0.115731066852684,0.73770983002069,0.621978763168006,2025.20710270347,2025.32283377033,NA,NA,NA
5347,2248,REU.4.3_1,REU.4.3_1,0.285020671613459,0.738163730927561,0.453143059314103,2025.03826699962,2025.32328767123,CHIKV_RUN_S45b23_2025,55.521032,-21.281443
4030,1661,REU.4.3_1,REU.4.8_1,0.251619602626379,0.738163730927561,0.486544128301182,2025.07166806861,2025.32328767123,CHIKV_RUN_S44b75_2025,55.498171,-21.304796
4414,714,REU.4.3_1,REU.4.8_1,0.218135691839706,0.738163730927561,0.520028039087855,2025.10515197939,2025.32328767123,CHIKV_RUN_S45b02_2025,55.495455,-21.298404
3831,1440,REU.4.8_1,REU.2.3_1,0.217882067146112,0.738163730927561,0.52028166378145,2025.10540560409,2025.32328767123,CHIKV_RUN_S44b29_2025,55.473512,-20.912882
4924,237,REU.4.7_1,REU.2.3_1,0.194383048600947,0.738163730927561,0.543780682326614,2025.12890462263,2025.32328767123,CHIKV_RUN_S45b08_2025,55.467548,-20.886781
4260,748,REU.4.3_1,REU.2.4_1,0.173997624740337,0.738163730927561,0.564166106187224,2025.14929004649,2025.32328767123,CHIKV_RUN_S44b26_2025,55.523203,-20.9284
3714,1560,REU.3.5_1,REU.4.8_1,0.170465679691569,0.738163730927561,0.567698051235993,2025.15282199154,2025.32328767123,CHIKV_RUN_S45b05_2025,55.447227,-21.29722
5877,2982,REU.3.4_1,REU.3.5_1,0.164514054308209,0.738163730927561,0.573649676619352,2025.15877361692,2025.32328767123,CHIKV_RUN_S44b80_2025,55.30314,-21.022636
3837,913,REU.4.8_1,REU.1.1_1,0.161315736428037,0.738163730927561,0.576847994499524,2025.1619719348,2025.32328767123,CHIKV_RUN_S45b31_2025,55.692447,-21.002626
4313,731,REU.4.3_1,REU.1.4_1,0.158973731285804,0.738163730927561,0.579189999641758,2025.16431393995,2025.32328767123,CHIKV_RUN_S45b34_2025,55.718339,-21.039957
6040,2690,REU.3.5_1,REU.4.8_1,0.157277177074329,0.738163730927561,0.580886553853232,2025.16601049416,2025.32328767123,CHIKV_RUN_S45b24_2025,55.504356,-21.343072
4736,1019,REU.2.3_1,REU.2.3_1,0.14975281953413,0.738163730927561,0.588410911393431,2025.1735348517,2025.32328767123,CHIKV_RUN_S44b71_2025,55.464623,-20.884003
4554,1265,REU.4.8_1,REU.1.4_1,0.144033040790828,0.738163730927561,0.594130690136733,2025.17925463044,2025.32328767123,CHIKV_RUN_S44b35_2025,55.746031,-21.089123
5538,2523,REU.4.1_1,REU.4.1_1,0.131050405442983,0.738163730927561,0.607113325484578,2025.19223726579,2025.32328767123,CHIKV_RUN_S44b79_2025,55.475002,-21.170039
6010,2198,REU.4.3_1,REU.2.3_1,0.121961010316052,0.738163730927561,0.61620272061151,2025.20132666092,2025.32328767123,CHIKV_RUN_S44b72_2025,55.457007,-20.888438
5843,2792,REU.4.6_1,REU.4.6_1,0.120027180791889,0.738163730927561,0.618136550135672,2025.20326049044,2025.32328767123,CHIKV_RUN_S45b18_2025,55.402125,-21.286722
3544,1410,REU.4.3_1,REU.4.3_1,0.114307471768172,0.738163730927561,0.62385625915939,2025.20898019946,2025.32328767123,CHIKV_RUN_S44b69_2025,55.509677,-21.248002
4250,752,REU.4.3_1,REU.2.3_1,0.104503525598009,0.738163730927561,0.633660205329552,2025.21878414564,2025.32328767123,CHIKV_RUN_S44b70_2025,55.504931,-20.911832
5790,2546,REU.2.3_1,REU.1.5_1,0.104386057654874,0.738163730927561,0.633777673272687,2025.21890161358,2025.32328767123,CHIKV_RUN_S45b32_2025,55.776504,-21.128389
5110,3107,REU.4.8_1,REU.1.4_1,0.100359416381673,0.738163730927561,0.637804314545888,2025.22292825485,2025.32328767123,CHIKV_RUN_S45b35_2025,55.703499,-21.072378
4128,927,REU.2.4_1,REU.2.4_1,0.0792915808720835,0.738163730927561,0.658872150055478,2025.24399609036,2025.32328767123,CHIKV_RUN_S44b81_2025,55.523497,-20.951795
3345,476,REU.2.3_1,REU.2.3_1,0.0760306181407235,0.738163730927561,0.662133112786838,2025.24725705309,2025.32328767123,CHIKV_RUN_S44b30_2025,55.478949,-20.891822
4215,323,REU.4.3_1,REU.4.5_1,0.058978937345946,0.738163730927561,0.679184793581615,2025.26430873389,2025.32328767123,CHIKV_RUN_S44b77_2025,55.675107,-21.343496
6167,2097,REU.4.3_1,REU.4.8_1,0.0299178442612409,0.738163730927561,0.70824588666632,2025.29336982697,2025.32328767123,CHIKV_RUN_S45b20_2025,55.459303,-21.338147
3981,1616,REU.4.3_1,REU.4.8_1,0.268000817136929,0.740903456954919,0.472902639817989,2025.05802658012,2025.32602739726,CHIKV_RUN_S45b12_2025,55.488886,-21.275653
5030,1849,REU.4.8_1,REU.4.8_1,0.229383807363015,0.740903456954919,0.511519649591903,2025.0966435899,2025.32602739726,CHIKV_RUN_S52b11_2025,55.505999,-21.298362
3750,956,REU.3.5_1,REU.2.3_1,0.223342023701139,0.740903456954919,0.517561433253779,2025.10268537356,2025.32602739726,CHIKV_RUN_S44b73_2025,55.47622,-20.918317
5170,3079,REU.4.6_1,REU.4.5_1,0.221109409360309,0.740903456954919,0.51979404759461,2025.1049179879,2025.32602739726,CHIKV_RUN_S45b16_2025,55.614446,-21.322777
5050,1880,REU.3.1_1,REU.4.5_1,0.201762406152413,0.740903456954919,0.539141050802506,2025.12426499111,2025.32602739726,CHIKV_RUN_S52b22_2025,55.660554,-21.358985
5496,2362,REU.3.1_1,REU.3.2_1,0.197700322384111,0.740903456954919,0.543203134570808,2025.12832707488,2025.32602739726,CHIKV_RUN_S45b28_2025,55.362151,-21.212749
3742,952,REU.3.5_1,REU.3.5_1,0.197102950909238,0.740903456954919,0.54380050604568,2025.12892444635,2025.32602739726,CHIKV_RUN_S45b26_2025,55.263877,-21.050301
6028,2637,REU.3.5_1,REU.3.5_1,0.178883957743288,0.740903456954919,0.562019499211631,2025.14714343952,2025.32602739726,CHIKV_RUN_S45b21_2025,55.298098,-21.039301
5891,3005,REU.4.6_1,REU.4.6_1,0.178033253240812,0.740903456954919,0.562870203714106,2025.14799414402,2025.32602739726,CHIKV_RUN_S46b31_2025,55.405237,-21.273488
5949,2887,REU.2.4_1,REU.2.4_1,0.171569095704605,0.740903456954919,0.569334361250313,2025.15445830156,2025.32602739726,CHIKV_RUN_S46b08_2025,55.555652,-20.899051
4364,716,REU.4.3_1,REU.2.3_1,0.170355692010097,0.740903456954919,0.570547764944822,2025.15567170525,2025.32602739726,CHIKV_RUN_S44b74_2025,55.49377,-20.915757
5659,2712,REU.4.8_1,REU.1.4_1,0.158808864882321,0.740903456954919,0.582094592072598,2025.16721853238,2025.32602739726,CHIKV_RUN_S46b11_2025,55.708628,-21.03643
5792,2544,REU.1.3_1,REU.1.3_1,0.158417063531543,0.740903456954918,0.582486393423375,2025.16761033373,2025.32602739726,CHIKV_RUN_S52b12_2025,55.660391,-20.977486
4155,1075,REU.4.3_1,REU.2.3_1,0.156639026820851,0.740903456954919,0.584264430134067,2025.16938837044,2025.32602739726,CHIKV_RUN_S52b13_2025,55.445273,-20.903065
6053,1731,REU.4.8_1,REU.2.3_1,0.154520234766578,0.740903456954919,0.586383222188341,2025.17150716249,2025.32602739726,CHIKV_RUN_S46b07_2025,55.486279,-20.908921
3170,2433,REU.2.3_1,REU.2.4_1,0.154212651725492,0.740903456954919,0.586690805229427,2025.17181474553,2025.32602739726,CHIKV_RUN_S45b07_2025,55.541827,-20.932939
5081,2320,REU.3.1_1,REU.4.7_1,0.150091047158999,0.740903456954919,0.59081240979592,2025.1759363501,2025.32602739726,CHIKV_RUN_S52b10_2025,55.767435,-21.360376
4008,1366,REU.2.3_1,REU.1.4_1,0.146670026913792,0.740903456954919,0.594233430041127,2025.17935737035,2025.32602739726,CHIKV_RUN_S46b16_2025,55.702635,-21.053707
4986,43,REU.2.3_1,REU.2.3_1,0.136826410048014,0.740903456954919,0.604077046906904,2025.18920098721,2025.32602739726,CHIKV_RUN_S46b15_2025,55.432064,-20.924806
4611,1248,REU.4.4_1,REU.2.3_1,0.1304205781592,0.740903456954919,0.610482878795719,2025.1956068191,2025.32602739726,CHIKV_RUN_S45b29_2025,55.480162,-20.909965
4744,987,REU.2.3_1,REU.1.5_1,0.123637978940581,0.740903456954919,0.617265478014338,2025.20238941832,2025.32602739726,CHIKV_RUN_S52b24_2025,55.776409,-21.126799
3745,940,REU.2.4_1,REU.2.4_1,0.12297628560824,0.740903456954919,0.617927171346679,2025.20305111165,2025.32602739726,CHIKV_RUN_S52b23_2025,55.516346,-20.913937
3866,1719,REU.2.3_1,REU.3.5_1,0.117365517257796,0.740903456954919,0.623537939697123,2025.20866188,2025.32602739726,CHIKV_RUN_S45b22_2025,55.295169,-20.984617
3431,551,REU.4.3_1,REU.3.4_1,0.112884282073038,0.740903456954919,0.62801917488188,2025.21314311519,2025.32602739726,CHIKV_RUN_S52b14_2025,55.2906,-21.182918
3433,555,REU.4.8_1,REU.2.3_1,0.0979818072488448,0.740903456954919,0.642921649706074,2025.22804559001,2025.32602739726,CHIKV_RUN_S45b06_2025,55.485217,-20.894954
4459,1192,REU.4.8_1,REU.4.8_1,0.0968258584305384,0.740903456954919,0.64407759852438,2025.22920153883,2025.32602739726,CHIKV_RUN_S46b04_2025,55.463909,-21.340889
4519,1330,REU.3.5_1,REU.3.5_1,0.0955304402188008,0.740903456954919,0.645373016736118,2025.23049695704,2025.32602739726,CHIKV_RUN_S52b09_2025,55.265842,-21.023734
4377,766,REU.4.6_1,REU.4.6_1,0.0777739974632501,0.740903456954919,0.663129459491669,2025.2482533998,2025.32602739726,CHIKV_RUN_S46b42_2025,55.414846,-21.273036
4870,624,REU.4.8_1,REU.4.5_1,0.0562687980748563,0.740903456954919,0.684634658880062,2025.26975859919,2025.32602739726,CHIKV_RUN_S46b05_2025,55.607186,-21.377177
4533,1208,REU.4.4_1,REU.4.4_1,0.0224188553649342,0.740903456954919,0.718484601589985,2025.3036085419,2025.32602739726,CHIKV_RUN_S52b16_2025,55.577699,-21.338229
6101,2075,REU.4.5_1,REU.4.5_1,0.00319362693422909,0.740903456954919,0.73770983002069,2025.32283377033,2025.32602739726,CHIKV_RUN_S45b11_2025,55.623625,-21.379174
5364,2794,REU.4.8_1,REU.4.6_1,0.277093930752532,0.743643182982276,0.466549252229744,2025.05167319254,2025.32876712329,CHIKV_RUN_S46b29_2025,55.405237,-21.273488
4624,1569,REU.4.3_1,REU.2.3_1,0.261083595974191,0.743643182982276,0.482559587008085,2025.06768352731,2025.32876712329,CHIKV_RUN_S46b13_2025,55.457295,-20.885927
5434,2175,REU.3.1_1,REU.1.3_1,0.255778229873894,0.743643182982276,0.487864953108383,2025.07298889341,2025.32876712329,CHIKV_RUN_S46b60_2025,55.667219,-20.944035
4658,167,REU.2.3_1,REU.2.3_1,0.214134174255663,0.743643182982276,0.529509008726613,2025.11463294903,2025.32876712329,CHIKV_RUN_S46b10_2025,55.49492,-20.923776
5893,3000,REU.4.6_1,REU.4.8_1,0.212826258690075,0.743643182982276,0.530816924292201,2025.1159408646,2025.32876712329,CHIKV_RUN_S46b32_2025,55.472123,-21.334047
5939,2871,REU.2.3_1,REU.2.4_1,0.211292022340165,0.743643182982276,0.532351160642111,2025.11747510095,2025.32876712329,CHIKV_RUN_S46b01_2025,55.518955,-20.92515
4077,1100,REU.4.3_1,REU.4.4_1,0.201640484904468,0.743643182982276,0.542002698077808,2025.12712663838,2025.32876712329,CHIKV_RUN_S46b51_2025,55.548159,-21.32095
5578,2029,REU.4.3_1,REU.4.6_1,0.196893514247666,0.743643182982276,0.54674966873461,2025.13187360904,2025.32876712329,CHIKV_RUN_S46b41_2025,55.418581,-21.28615
3886,1284,REU.4.5_1,REU.4.5_1,0.16328325057204,0.743643182982276,0.580359932410236,2025.16548387272,2025.32876712329,CHIKV_RUN_S46b43_2025,55.661586,-21.34821
5089,2745,REU.4.8_1,REU.3.2_1,0.160429447161773,0.743643182982276,0.583213735820503,2025.16833767613,2025.32876712329,CHIKV_RUN_S31b05_2025,55.347124,-21.241432
4334,843,REU.4.3_1,REU.4.8_1,0.158264864523138,0.743643182982276,0.585378318459138,2025.17050225876,2025.32876712329,CHIKV_RUN_S46b28_2025,55.513461,-21.341591
5750,1977,REU.2.5_1,REU.2.3_1,0.156068457566884,0.743643182982276,0.587574725415392,2025.17269866572,2025.32876712329,CHIKV_RUN_S45b27_2025,55.48074,-20.904086
3953,1593,REU.4.8_1,REU.4.8_1,0.149471549640541,0.743643182982276,0.594171633341735,2025.17929557365,2025.32876712329,CHIKV_RUN_S46b20_2025,55.472671,-21.334853
5830,2145,REU.4.6_1,REU.1.3_1,0.147281435814064,0.743643182982276,0.596361747168213,2025.18148568747,2025.32876712329,CHIKV_RUN_S46b55_2025,55.620824,-20.957573
5827,2676,REU.4.6_1,REU.3.4_1,0.144100187897685,0.743643182982276,0.599542995084591,2025.18466693539,2025.32876712329,CHIKV_RUN_S46b56_2025,55.301903,-21.145266
4987,21,REU.2.3_1,REU.2.3_1,0.131940544630377,0.743643182982276,0.6117026383519,2025.19682657866,2025.32876712329,CHIKV_RUN_S46b02_2025,55.47541,-20.899806
5326,2281,REU.4.8_1,REU.2.3_1,0.125115152566022,0.743643182982276,0.618528030416254,2025.20365197072,2025.32876712329,CHIKV_RUN_S46b03_2025,55.45772,-20.888454
5610,2584,REU.3.1_1,REU.2.3_1,0.12092956669119,0.743643182982276,0.622713616291086,2025.2078375566,2025.32876712329,CHIKV_RUN_S46b61_2025,55.459891,-20.882291
5889,3004,REU.4.6_1,REU.4.5_1,0.108743362413903,0.743643182982276,0.634899820568373,2025.22002376087,2025.32876712329,CHIKV_RUN_S46b22_2025,55.64542,-21.383028
5072,1827,REU.2.3_1,REU.4.8_1,0.100411086902253,0.743643182982276,0.643232096080023,2025.22835603639,2025.32876712329,CHIKV_RUN_S46b19_2025,55.481425,-21.329833
3280,429,REU.4.6_1,REU.4.5_1,0.0611908269319923,0.743643182982276,0.682452356050284,2025.26757629636,2025.32876712329,CHIKV_RUN_S46b33_2025,55.663895,-21.377773
4934,213,REU.4.5_1,REU.4.4_1,0.212347532644703,0.746382909009633,0.534035376364931,2025.11915931667,2025.33150684932,CHIKV_RUN_S46b65_2025,55.544666,-21.35309
3576,1335,REU.4.8_1,REU.2.3_1,0.199177340812819,0.746382909009633,0.547205568196815,2025.1323295085,2025.33150684932,CHIKV_RUN_S46b25_2025,55.480311,-20.890322
4678,128,REU.4.8_1,REU.4.8_1,0.197803404766576,0.746382909009633,0.548579504243058,2025.13370344455,2025.33150684932,CHIKV_RUN_S46b38_2025,55.475804,-21.327807
3341,373,REU.2.5_1,REU.2.5_1,0.182374111517354,0.746382909009633,0.56400879749228,2025.1491327378,2025.33150684932,CHIKV_RUN_S46b34_2025,55.606376,-20.905031
4940,210,REU.4.5_1,REU.4.5_1,0.180479140394978,0.746382909009633,0.565903768614656,2025.15102770892,2025.33150684932,CHIKV_RUN_S46b46_2025,55.677205,-21.373066
4479,922,REU.4.8_1,REU.2.3_1,0.17734491173177,0.746382909009633,0.569037997277863,2025.15416193758,2025.33150684932,CHIKV_RUN_S46b37_2025,55.45897,-20.894212
4693,1003,REU.2.3_1,REU.2.5_1,0.156243571651424,0.746382909009633,0.590139337358209,2025.17526327766,2025.33150684932,CHIKV_RUN_S46b21_2025,55.629583,-20.936142
3536,630,REU.4.3_1,REU.2.3_1,0.153529513953162,0.746382909009633,0.592853395056472,2025.17797733536,2025.33150684932,CHIKV_RUN_S46b45_2025,55.457436,-20.888307
5726,2059,REU.4.5_1,REU.4.1_1,0.149118217463634,0.746382909009633,0.597264691545999,2025.18238863185,2025.33150684932,CHIKV_RUN_S46b35_2025,55.466392,-21.137632
5981,2928,REU.2.3_1,REU.2.3_1,0.147054275831445,0.746382909009633,0.599328633178189,2025.18445257348,2025.33150684932,CHIKV_RUN_S46b18_2025,55.410678,-20.886879
5920,2859,REU.2.3_1,REU.2.3_1,0.146479814237123,0.746382909009633,0.59990309477251,2025.18502703508,2025.33150684932,CHIKV_RUN_S46b57_2025,55.467671,-20.906133
5024,2331,REU.4.8_1,REU.2.5_1,0.140033695028947,0.746382909009633,0.606349213980687,2025.19147315429,2025.33150684932,CHIKV_RUN_S46b39_2025,55.63396,-20.942711
4488,1640,REU.4.3_1,REU.2.3_1,0.131279141603177,0.746382909009634,0.615103767406457,2025.20022770771,2025.33150684932,CHIKV_RUN_S46b23_2025,55.502897,-20.901088
5502,2684,REU.3.1_1,REU.3.2_1,0.125112092246189,0.746382909009633,0.621270816763445,2025.20639475707,2025.33150684932,CHIKV_RUN_S46b54_2025,55.361057,-21.214202
5878,2994,REU.4.6_1,REU.4.6_1,0.11910870717957,0.746382909009633,0.627274201830063,2025.21239814214,2025.33150684932,CHIKV_RUN_S48b86_2025,55.429575,-21.283692
3621,88,REU.2.3_1,REU.2.3_1,0.118833493403156,0.746382909009634,0.627549415606478,2025.21267335591,2025.33150684932,CHIKV_RUN_S46b36_2025,55.44669,-20.903369
5817,1952,REU.2.3_1,REU.2.3_1,0.116225854898061,0.746382909009633,0.630157054111572,2025.21528099442,2025.33150684932,CHIKV_RUN_S46b26_2025,55.43303,-20.88394
3167,2431,REU.4.6_1,REU.4.6_1,0.115288421248826,0.746382909009633,0.631094487760808,2025.21621842807,2025.33150684932,CHIKV_RUN_S48b64_2025,55.408152,-21.286438
4489,1606,REU.4.3_1,REU.2.3_1,0.103652989246115,0.746382909009634,0.642729919763518,2025.22785386007,2025.33150684932,CHIKV_RUN_S46b53_2025,55.489244,-20.893019
4637,133,REU.2.3_1,REU.2.3_1,0.0923144774043692,0.746382909009633,0.654068431605264,2025.23919237191,2025.33150684932,CHIKV_RUN_S46b58_2025,55.470159,-20.901542
4643,117,REU.2.3_1,REU.2.3_1,0.0897280353633878,0.746382909009633,0.656654873646246,2025.24177881395,2025.33150684932,CHIKV_RUN_S46b49_2025,55.471554,-20.910018
6210,2831,REU.4.8_1,REU.4.8_1,0.0869670708681283,0.746382909009633,0.659415838141505,2025.24453977845,2025.33150684932,CHIKV_RUN_S46b44_2025,55.463867,-21.337096
4591,1243,REU.4.6_1,REU.4.6_1,0.083555355706139,0.746382909009633,0.662827553303494,2025.24795149361,2025.33150684932,CHIKV_RUN_S46b71_2025,55.406057,-21.273203
5611,2582,REU.3.1_1,REU.2.3_1,0.0728853980733624,0.746382909009633,0.673497510936271,2025.25862145124,2025.33150684932,CHIKV_RUN_S46b30_2025,55.456567,-20.885699
4990,27,REU.2.3_1,REU.2.3_1,0.0704984569220246,0.746382909009634,0.675884452087609,2025.26100839239,2025.33150684932,CHIKV_RUN_S46b17_2025,55.461891,-20.899423
4533,1207,REU.4.4_1,REU.4.4_1,0.0278983074196489,0.746382909009633,0.718484601589985,2025.3036085419,2025.33150684932,CHIKV_RUN_S46b52_2025,55.578756,-21.33845
6101,2060,REU.4.5_1,REU.4.1_1,0.00867307898894387,0.746382909009634,0.73770983002069,2025.32283377033,2025.33150684932,CHIKV_RUN_S46b40_2025,55.467439,-21.133346
5354,3047,REU.4.6_1,REU.4.6_1,0.192621829671794,0.749122635036991,0.556500805365197,2025.14162474567,2025.33424657534,CHIKV_RUN_S49b29_2025,55.418187,-21.285398
4278,689,REU.4.3_1,REU.2.3_1,0.18939704792198,0.749122635036991,0.559725587115011,2025.14484952742,2025.33424657534,CHIKV_RUN_S46b68_2025,55.485717,-20.895541
3880,1579,REU.3.5_1,REU.1.3_1,0.17836258776081,0.749122635036991,0.570760047276181,2025.15588398758,2025.33424657534,CHIKV_RUN_S48b66_2025,55.647533,-20.932677
4435,814,REU.4.3_1,REU.1.1_1,0.153975259052949,0.749122635036991,0.595147375984042,2025.18027131629,2025.33424657534,CHIKV_RUN_S49b94_2025,55.678687,-20.997433
5472,2349,REU.4.5_1,REU.4.6_1,0.138579354033847,0.749122635036991,0.610543281003144,2025.19566722131,2025.33424657534,CHIKV_RUN_S46b64_2025,55.419454,-21.277604
4472,1035,REU.4.8_1,REU.4.8_1,0.134065784752675,0.749122635036991,0.615056850284316,2025.20018079059,2025.33424657534,CHIKV_RUN_S49b30_2025,55.466833,-21.284527
3393,581,REU.4.8_1,REU.1.4_1,0.118198198840123,0.749122635036991,0.630924436196868,2025.2160483765,2025.33424657534,CHIKV_RUN_S49b95_2025,55.700612,-21.033578
4070,1127,REU.2.3_1,REU.2.4_1,0.0672256327278378,0.749122635036991,0.681897002309153,2025.26702094261,2025.33424657534,CHIKV_RUN_S46b59_2025,55.556227,-20.898491
5842,1924,REU.4.5_1,REU.4.5_1,0.0222577045896573,0.749122635036991,0.726864930447334,2025.31198887075,2025.33424657534,CHIKV_RUN_S49b11_2025,55.657541,-21.336291
3690,263,REU.4.8_1,REU.1.1_1,0.199334948546377,0.751862361064576,0.552527412518199,2025.13765135282,2025.33698630137,CHIKV_RUN_S48b61_2025,55.642996,-20.979927
6197,2822,REU.4.8_1,REU.2.3_1,0.16606309489969,0.751862361064576,0.585799266164885,2025.17092320647,2025.33698630137,CHIKV_RUN_S49b07_2025,55.399736,-20.908226
6027,2210,REU.3.1_1,REU.4.6_1,0.129065254343093,0.751862361064576,0.622797106721483,2025.20792104703,2025.33698630137,CHIKV_RUN_S48b72_2025,55.402364,-21.215314
3129,2411,REU.3.4_1,REU.2.3_1,0.119908745001297,0.751862361064576,0.631953616063278,2025.21707755637,2025.33698630137,CHIKV_RUN_S46b69_2025,55.465751,-20.904131
4564,1221,REU.4.5_1,REU.1.4_1,0.115669257647054,0.751862361064576,0.636193103417522,2025.22131704372,2025.33698630137,CHIKV_RUN_S48b74_2025,55.703498,-21.053052
4323,866,REU.3.1_1,REU.4.2_1,0.0546526425585181,0.751862361064575,0.697209718506057,2025.28233365881,2025.33698630137,CHIKV_RUN_S48b55_2025,55.478262,-21.248038
6060,3105,REU.3.1_1,REU.2.3_1,0.33960506589962,0.754602087091933,0.414997021192313,2025.0001209615,2025.3397260274,CHIKV_RUN_S48b91_2025,55.475821,-20.923253
3791,1057,REU.4.3_1,REU.4.3_1,0.245957200062968,0.754602087091933,0.508644887028965,2025.09376882733,2025.3397260274,CHIKV_RUN_S49b28_2025,55.510599,-21.273324
4835,1425,REU.4.3_1,REU.2.3_1,0.24087427211509,0.754602087091933,0.513727814976843,2025.09885175528,2025.3397260274,CHIKV_RUN_S49b19_2025,55.444835,-20.880299
5237,2491,REU.2.3_1,REU.4.6_1,0.235049834858194,0.754602087091933,0.519552252233739,2025.10467619254,2025.3397260274,CHIKV_RUN_S48b63_2025,55.403736,-21.282235
5541,2512,REU.4.1_1,REU.4.1_1,0.220349288519256,0.754602087091933,0.534252798572677,2025.11937673888,2025.3397260274,CHIKV_RUN_S49b10_2025,55.480356,-21.130718
5083,1874,REU.4.3_1,REU.4.3_1,0.206716878828121,0.754602087091933,0.547885208263812,2025.13300914857,2025.3397260274,CHIKV_RUN_S48b76_2025,55.539861,-21.241747
6088,2098,REU.4.8_1,REU.4.8_1,0.197024693446279,0.754602087091933,0.557577393645654,2025.14270133395,2025.3397260274,CHIKV_RUN_S49b21_2025,55.510941,-21.342221
6059,1816,REU.4.8_1,REU.4.8_1,0.176774173324656,0.754602087091933,0.577827913767277,2025.16295185407,2025.3397260274,CHIKV_RUN_S48b83_2025,55.482231,-21.312792
5950,2890,REU.2.3_1,REU.1.4_1,0.174456252630905,0.754602087091933,0.580145834461028,2025.16526977477,2025.3397260274,CHIKV_RUN_S48b70_2025,55.704649,-21.05163
3549,1412,REU.4.3_1,REU.2.4_1,0.172028920604473,0.754602087091933,0.58257316648746,2025.16769710679,2025.3397260274,CHIKV_RUN_S48b84_2025,55.528289,-20.936442
3181,2435,REU.2.3_1,REU.2.3_1,0.159427769345636,0.754602087091933,0.595174317746297,2025.18029825805,2025.3397260274,CHIKV_RUN_S48b79_2025,55.485524,-20.893173
3999,1374,REU.2.3_1,REU.1.3_1,0.154247192155732,0.754602087091933,0.600354894936202,2025.18547883524,2025.3397260274,CHIKV_RUN_S48b60_2025,55.653711,-20.964363
3962,1158,REU.1.4_1,REU.3.1_1,0.130200544914088,0.754602087091933,0.624401542177845,2025.20952548248,2025.3397260274,CHIKV_RUN_S48b69_2025,55.39105,-21.255145
4142,633,REU.4.8_1,REU.2.3_1,0.12440158831416,0.754602087091933,0.630200498777773,2025.21532443908,2025.3397260274,CHIKV_RUN_S48b90_2025,55.478005,-20.896493
5942,2863,REU.4.8_1,REU.3.3_1,0.110490703881461,0.754602087091933,0.644111383210472,2025.22923532352,2025.3397260274,CHIKV_RUN_S48b78_2025,55.260059,-21.115842
6204,2809,REU.2.3_1,REU.1.4_1,0.103166617819594,0.754602087091933,0.651435469272339,2025.23655940958,2025.3397260274,CHIKV_RUN_S48b81_2025,55.739852,-21.0772
4171,1715,REU.1.3_1,REU.1.2_1,0.0982647257548193,0.754602087091933,0.656337361337114,2025.24146130164,2025.3397260274,CHIKV_RUN_S50b61_2025,55.611984,-21.140664
5842,1923,REU.4.5_1,REU.4.5_1,0.0277371566445994,0.754602087091933,0.726864930447334,2025.31198887075,2025.3397260274,CHIKV_RUN_S48b89_2025,55.657541,-21.336291
5929,2857,REU.2.3_1,REU.2.3_1,0.189056456978609,0.75734181311929,0.568285356140681,2025.15340929645,2025.34246575342,CHIKV_RUN_S49b27_2025,55.489244,-20.893019
3156,2452,REU.3.4_1,REU.2.3_1,0.185007834007016,0.75734181311929,0.572333979112275,2025.15745791942,2025.34246575342,CHIKV_RUN_S49b04_2025,55.409798,-20.894944
5652,2733,REU.4.8_1,REU.4.6_1,0.161465132110654,0.75734181311929,0.595876681008636,2025.18100062131,2025.34246575342,CHIKV_RUN_S49b09_2025,55.404162,-21.276649
3159,2455,REU.3.4_1,REU.2.3_1,0.157343226197429,0.75734181311929,0.599998586921861,2025.18512252723,2025.34246575342,CHIKV_RUN_S49b16_2025,55.457204,-20.885385
6155,2126,REU.4.5_1,REU.4.5_1,0.142661930849283,0.75734181311929,0.614679882270007,2025.19980382258,2025.34246575342,CHIKV_RUN_S48b57_2025,55.632393,-21.331723
5265,2375,REU.4.8_1,REU.2.1_1,0.134761740949465,0.75734181311929,0.622580072169825,2025.20770401248,2025.34246575342,CHIKV_RUN_S49b79_2025,55.318053,-20.957706
4721,1026,REU.2.3_1,REU.2.1_1,0.133615428029676,0.75734181311929,0.623726385089614,2025.2088503254,2025.34246575342,CHIKV_RUN_S49b18_2025,55.332299,-20.949834
3370,512,REU.3.5_1,REU.4.8_1,0.129121517180175,0.75734181311929,0.628220295939115,2025.21334423624,2025.34246575342,CHIKV_RUN_S49b77_2025,55.557789,-21.309666
3989,1716,REU.4.8_1,REU.3.4_1,0.128981938804111,0.75734181311929,0.628359874315179,2025.21348381462,2025.34246575342,CHIKV_RUN_S49b20_2025,55.276741,-21.148361
4482,1420,REU.4.8_1,REU.2.4_1,0.125780134044619,0.75734181311929,0.631561679074672,2025.21668561938,2025.34246575342,CHIKV_RUN_S50b11_2025,55.577194,-20.928358
3590,1338,REU.3.5_1,REU.3.5_1,0.111158918446745,0.75734181311929,0.646182894672545,2025.23130683498,2025.34246575342,CHIKV_RUN_S50b21_2025,55.270959,-21.026086
5438,2201,REU.4.8_1,REU.2.5_1,0.0920591483040106,0.75734181311929,0.66528266481528,2025.25040660512,2025.34246575342,CHIKV_RUN_S50b08_2025,55.613507,-20.908727
5746,1985,REU.2.3_1,REU.2.3_1,0.0913014816087885,0.75734181311929,0.666040331510502,2025.25116427182,2025.34246575342,CHIKV_RUN_S48b62_2025,55.467935,-20.895237
3458,446,REU.4.5_1,REU.3.5_1,0.0871964382347403,0.75734181311929,0.67014537488455,2025.25526931519,2025.34246575342,CHIKV_RUN_S50b15_2025,55.267825,-21.036111
4395,789,REU.4.8_1,REU.4.6_1,0.230133125849661,0.760081539146648,0.529948413296987,2025.1150723536,2025.34520547945,CHIKV_RUN_S48b54_2025,55.433357,-21.258567
5376,1893,REU.4.3_1,REU.4.5_1,0.225487347456108,0.760081539146648,0.534594191690539,2025.119718132,2025.34520547945,CHIKV_RUN_S49b05_2025,55.632391,-21.296924
4473,1157,REU.4.8_1,REU.3.5_1,0.221190709029456,0.760081539146648,0.538890830117192,2025.12401477042,2025.34520547945,CHIKV_RUN_S49b24_2025,55.307677,-21.036376
4638,146,REU.4.8_1,REU.2.4_1,0.210083040889091,0.760081539146648,0.549998498257557,2025.13512243856,2025.34520547945,CHIKV_RUN_S48b95_2025,55.519218,-20.957323
5354,1861,REU.4.6_1,REU.2.3_1,0.203580733781451,0.760081539146648,0.556500805365197,2025.14162474567,2025.34520547945,CHIKV_RUN_S50b59_2025,55.485603,-20.893484
4673,153,REU.2.3_1,REU.2.3_1,0.201518246554793,0.760081539146648,0.558563292591855,2025.1436872329,2025.34520547945,CHIKV_RUN_S48b75_2025,55.458056,-20.895514
4793,1692,REU.4.8_1,REU.3.5_1,0.19676430224077,0.760081539146648,0.563317236905878,2025.14844117721,2025.34520547945,CHIKV_RUN_S47b77_2025,55.273959,-21.10216
3189,2471,REU.4.6_1,REU.4.6_1,0.185511752900123,0.760081539146648,0.574569786246525,2025.15969372655,2025.34520547945,CHIKV_RUN_S50b55_2025,55.401378,-21.287179
5758,1995,REU.2.5_1,REU.1.3_1,0.176678096221278,0.760081539146648,0.583403442925369,2025.16852738323,2025.34520547945,CHIKV_RUN_S49b26_2025,55.660734,-20.953315
5922,2867,REU.2.3_1,REU.2.3_1,0.175277428228659,0.760081539146648,0.584804110917989,2025.16992805122,2025.34520547945,CHIKV_RUN_S48b77_2025,55.446709,-20.890196
4524,1442,REU.4.3_1,REU.1.5_1,0.173658232110814,0.760081539146648,0.586423307035834,2025.17154724734,2025.34520547945,CHIKV_RUN_S50b52_2025,55.776737,-21.127743
6181,2332,REU.2.3_1,REU.3.2_1,0.167786123079012,0.760081539146648,0.592295416067636,2025.17741935637,2025.34520547945,CHIKV_RUN_S50b53_2025,55.342839,-21.224859
5157,2668,REU.2.3_1,REU.2.3_1,0.142134244184759,0.760081539146648,0.617947294961889,2025.20307123527,2025.34520547945,CHIKV_RUN_S48b82_2025,55.475376,-20.889346
3853,1153,REU.1.3_1,REU.1.3_1,0.134589386326873,0.760081539146648,0.625492152819775,2025.21061609313,2025.34520547945,CHIKV_RUN_S49b15_2025,55.647471,-20.943439
3296,385,REU.2.3_1,REU.2.3_1,0.119173531488116,0.760081539146648,0.640908007658532,2025.22603194796,2025.34520547945,CHIKV_RUN_S49b06_2025,55.479358,-20.907661
5318,2246,REU.4.5_1,REU.4.5_1,0.104947514790992,0.760081539146648,0.655134024355655,2025.24025796466,2025.34520547945,CHIKV_RUN_S50b57_2025,55.61417,-21.350315
5485,1843,REU.2.3_1,REU.2.3_1,0.104301138712413,0.760081539146648,0.655780400434235,2025.24090434074,2025.34520547945,CHIKV_RUN_S50b60_2025,55.485603,-20.893484
4454,1201,REU.4.8_1,REU.4.8_1,0.200743431911478,0.762821265174005,0.562077833262527,2025.14720177357,2025.34794520548,CHIKV_RUN_S47b16_2025,55.474091,-21.342737
5047,1840,REU.2.3_1,REU.2.5_1,0.116617779859904,0.762821265174005,0.646203485314101,2025.23132742562,2025.34794520548,CHIKV_RUN_S49b03_2025,55.603885,-20.958892
3413,540,REU.4.8_1,REU.2.3_1,0.108574552927297,0.762821265174005,0.654246712246708,2025.23937065255,2025.34794520548,CHIKV_RUN_S48b73_2025,55.485222,-20.918912
3990,289,REU.4.8_1,REU.3.5_1,0.093852506975195,0.762821265174005,0.66896875819881,2025.2540926985,2025.34794520548,CHIKV_RUN_S49b14_2025,55.343071,-20.979026
5476,2146,REU.3.1_1,REU.3.2_1,0.317341046591135,0.765560991201363,0.448219944610228,2025.03334388492,2025.35068493151,CHIKV_RUN_S46b83_2025,55.352595,-21.215902
5324,2280,REU.4.8_1,REU.1.3_1,0.233222628730997,0.765560991201363,0.532338362470366,2025.11746230278,2025.35068493151,CHIKV_RUN_S48b67_2025,55.624718,-20.963069
5233,1835,REU.4.8_1,REU.4.3_1,0.22317841486092,0.765560991201363,0.542382576340443,2025.12750651665,2025.35068493151,CHIKV_RUN_S49b13_2025,55.539411,-21.238334
5829,3096,REU.4.6_1,REU.3.4_1,0.196179984241038,0.765560991201363,0.569381006960325,2025.15450494727,2025.35068493151,CHIKV_RUN_S46b92_2025,55.335026,-21.222045
4405,796,REU.4.6_1,REU.4.3_1,0.185818218174145,0.765560991201363,0.579742773027218,2025.16486671333,2025.35068493151,CHIKV_RUN_S48b88_2025,55.543011,-21.25124
5377,1895,REU.2.3_1,REU.2.4_1,0.172607033975031,0.765560991201363,0.592953957226331,2025.17807789753,2025.35068493151,CHIKV_RUN_S50b62_2025,55.51499,-20.916225
4237,642,REU.4.8_1,REU.4.8_1,0.168202407261992,0.765560991201363,0.59735858393937,2025.18248252424,2025.35068493151,CHIKV_RUN_S49b25_2025,55.476251,-21.332312
4618,1252,REU.4.4_1,REU.4.8_1,0.14707913090961,0.765560991201363,0.618481860291753,2025.2036058006,2025.35068493151,CHIKV_RUN_S47b34_2025,55.472216,-21.338658
4636,150,REU.2.3_1,REU.4.8_1,0.13087518780818,0.765560991201363,0.634685803393183,2025.2198097437,2025.35068493151,CHIKV_RUN_S46b72_2025,55.47316,-21.331994
5606,2575,REU.2.3_1,REU.2.4_1,0.086817540981238,0.765560991201363,0.678743450220125,2025.26386739053,2025.35068493151,CHIKV_RUN_S47b33_2025,55.55095,-20.898189
3443,433,REU.4.3_1,REU.4.3_1,0.0607740764557282,0.765560991201363,0.704786914745634,2025.28991085505,2025.35068493151,CHIKV_RUN_S47b29_2025,55.534709,-21.260523
4198,358,REU.2.3_1,REU.2.3_1,0.23239581712677,0.768300717228947,0.535904900102178,2025.12102884041,2025.35342465753,CHIKV_RUN_S47b22_2025,55.463357,-20.884354
6142,2112,REU.4.5_1,REU.4.5_1,0.201335638192172,0.768300717228947,0.566965079036775,2025.15208901934,2025.35342465753,CHIKV_RUN_S47b15_2025,55.655034,-21.336033
3614,93,REU.3.3_1,REU.2.4_1,0.192608686781419,0.768300717228947,0.575692030447528,2025.16081597075,2025.35342465753,CHIKV_RUN_S49b02_2025,55.544449,-20.937051
3487,503,REU.4.3_1,REU.2.2_1,0.171827158801837,0.768300717228947,0.596473558427111,2025.18159749873,2025.35342465753,CHIKV_RUN_S48b53_2025,55.303736,-20.953125
3447,441,REU.4.8_1,REU.1.3_1,0.160372046444365,0.768300717228948,0.607928670784583,2025.19305261109,2025.35342465753,CHIKV_RUN_S47b20_2025,55.654465,-20.961128
4235,811,REU.4.3_1,REU.4.3_1,0.120138923962783,0.768300717228947,0.648161793266164,2025.23328573357,2025.35342465753,CHIKV_RUN_S47b11_2025,55.530898,-21.262583
5322,2278,REU.4.8_1,REU.3.4_1,0.113530098204118,0.768300717228947,0.65477061902483,2025.23989455933,2025.35342465753,CHIKV_RUN_S46b80_2025,55.326002,-21.226865
5508,2024,REU.4.8_1,REU.4.8_1,0.0615288798144467,0.768300717228947,0.706771837414501,2025.29189577772,2025.35342465753,CHIKV_RUN_S46b91_2025,55.453675,-21.299911
5635,3069,REU.4.8_1,REU.2.3_1,0.0541574439420958,0.768300717228947,0.714143273286852,2025.29926721359,2025.35342465753,CHIKV_RUN_S48b94_2025,55.469891,-20.899035
3324,393,REU.4.3_1,REU.2.5_1,0.243607892475297,0.771040443256305,0.527432550781008,2025.11255649109,2025.35616438356,CHIKV_RUN_S47b31_2025,55.604424,-20.903172
3615,1430,REU.4.8_1,REU.2.3_1,0.241516273584584,0.771040443256305,0.529524169671721,2025.11464810998,2025.35616438356,CHIKV_RUN_S47b35_2025,55.458913,-20.880306
3828,1090,REU.4.3_1,REU.4.3_1,0.223429299653812,0.771040443256305,0.547611143602493,2025.13273508391,2025.35616438356,CHIKV_RUN_S47b10_2025,55.518124,-21.241627
6091,2049,REU.4.4_1,REU.4.7_1,0.221655488136959,0.771040443256305,0.549384955119345,2025.13450889542,2025.35616438356,CHIKV_RUN_S46b95_2025,55.769749,-21.361922
3769,1313,REU.4.3_1,REU.2.3_1,0.219968145599502,0.771040443256305,0.551072297656803,2025.13619623796,2025.35616438356,CHIKV_RUN_S46b90_2025,55.446522,-20.881455
4774,313,REU.4.3_1,REU.2.5_1,0.212721254554834,0.771040443256305,0.558319188701471,2025.14344312901,2025.35616438356,CHIKV_RUN_S46b74_2025,55.614384,-20.909928
4285,674,REU.4.3_1,REU.4.8_1,0.201859982106295,0.771040443256305,0.56918046115001,2025.15430440146,2025.35616438356,CHIKV_RUN_S46b73_2025,55.454721,-21.302751
5372,2726,REU.4.8_1,REU.1.3_1,0.196123639969116,0.771040443256305,0.574916803287189,2025.16004074359,2025.35616438356,CHIKV_RUN_S46b81_2025,55.668995,-20.967702
3939,600,REU.4.3_1,REU.2.3_1,0.183709331143853,0.771040443256305,0.587331112112451,2025.17245505242,2025.35616438356,CHIKV_RUN_S47b36_2025,55.459694,-20.888721
5377,1894,REU.2.3_1,REU.1.4_1,0.178086486029973,0.771040443256305,0.592953957226331,2025.17807789753,2025.35616438356,CHIKV_RUN_S47b23_2025,55.720041,-21.04402
3820,1082,REU.4.8_1,REU.4.8_1,0.159533750766604,0.771040443256305,0.611506692489701,2025.1966306328,2025.35616438356,CHIKV_RUN_S47b05_2025,55.46773,-21.28387
5128,3109,REU.2.3_1,REU.2.3_1,0.0841443078174023,0.771040443256305,0.686896135438902,2025.27202007574,2025.35616438356,CHIKV_RUN_S47b30_2025,55.443947,-20.878838
5880,2936,REU.3.4_1,REU.1.4_1,0.292970940845855,0.773780169283662,0.480809228437807,2025.06593316874,2025.35890410959,CHIKV_RUN_S52b36_2025,55.685876,-21.050445
4937,215,REU.4.5_1,REU.1.4_1,0.230235854441321,0.773780169283662,0.543544314842341,2025.12866825515,2025.35890410959,CHIKV_RUN_S47b66_2025,55.714139,-21.042258
4206,337,REU.2.3_1,REU.2.3_1,0.226455097661695,0.773780169283662,0.547325071621967,2025.13244901193,2025.35890410959,CHIKV_RUN_S52b50_2025,55.440639,-20.91336
3580,1069,REU.2.2_1,REU.2.2_1,0.222195274991559,0.773780169283662,0.551584894292103,2025.1367088346,2025.35890410959,CHIKV_RUN_S52b45_2025,55.303339,-20.937709
5876,2983,REU.3.4_1,REU.2.5_1,0.221413589411971,0.773780169283662,0.552366579871691,2025.13749052018,2025.35890410959,CHIKV_RUN_S52b46_2025,55.59501,-20.91233
6034,2341,REU.4.8_1,REU.2.2_1,0.21879251040675,0.773780169283662,0.554987658876912,2025.14011159918,2025.35890410959,CHIKV_RUN_S52b47_2025,55.295425,-20.941715
4048,895,REU.2.1_1,REU.1.3_1,0.218105846014031,0.773780169283662,0.555674323269632,2025.14079826358,2025.35890410959,CHIKV_RUN_S52b18_2025,55.667219,-20.944035
6065,1793,REU.4.3_1,REU.4.3_1,0.212831813730866,0.773780169283662,0.560948355552796,2025.14607229586,2025.35890410959,CHIKV_RUN_S47b12_2025,55.50598,-21.242793
5162,2649,REU.3.2_1,REU.3.5_1,0.207435653059916,0.773780169283662,0.566344516223747,2025.15146845653,2025.35890410959,CHIKV_RUN_S52b52_2025,55.257114,-21.107114
5250,3059,REU.4.8_1,REU.4.2_1,0.197270825029065,0.773780169283662,0.576509344254597,2025.16163328456,2025.35890410959,CHIKV_RUN_S52b35_2025,55.474517,-21.249044
3794,1381,REU.4.3_1,REU.1.1_1,0.191204693781788,0.773780169283662,0.582575475501874,2025.16769941581,2025.35890410959,CHIKV_RUN_S47b67_2025,55.654374,-21.006785
4947,221,REU.4.5_1,REU.4.8_1,0.173507106883328,0.773780169283662,0.600273062400334,2025.18539700271,2025.35890410959,CHIKV_RUN_S47b64_2025,55.474303,-21.332315
3999,1376,REU.2.3_1,REU.2.4_1,0.173425274347461,0.773780169283662,0.600354894936202,2025.18547883524,2025.35890410959,CHIKV_RUN_S47b38_2025,55.545779,-20.930942
4822,305,REU.4.3_1,REU.4.5_1,0.173377550105104,0.773780169283662,0.600402619178558,2025.18552655948,2025.35890410959,CHIKV_RUN_S52b51_2025,55.622714,-21.368541
5958,2883,REU.2.4_1,REU.2.4_1,0.160883334511727,0.773780169283662,0.612896834771935,2025.19802077508,2025.35890410959,CHIKV_RUN_S47b37_2025,55.533877,-20.948495
4547,1231,REU.4.4_1,REU.4.4_1,0.160241895389401,0.773780169283662,0.613538273894261,2025.1986622142,2025.35890410959,CHIKV_RUN_S47b27_2025,55.562062,-21.35078
5521,2500,REU.4.8_1,REU.1.6_1,0.153387551924866,0.773780169283662,0.620392617358796,2025.20551655766,2025.35890410959,CHIKV_RUN_S47b62_2025,55.506252,-21.027748
5399,1931,REU.4.6_1,REU.4.6_1,0.143266654694129,0.773780169283662,0.630513514589533,2025.2156374549,2025.35890410959,CHIKV_RUN_S47b26_2025,55.402986,-21.208086
6023,2330,REU.4.8_1,REU.4.8_1,0.14036605608455,0.773780169283662,0.633414113199112,2025.2185380535,2025.35890410959,CHIKV_RUN_S46b86_2025,55.51635,-21.339097
6133,2084,REU.3.4_1,REU.3.4_1,0.139495825537678,0.773780169283662,0.634284343745984,2025.21940828405,2025.35890410959,CHIKV_RUN_S52b56_2025,55.278367,-21.145209
4300,692,REU.4.3_1,REU.4.3_1,0.13937033360255,0.773780169283662,0.634409835681112,2025.21953377599,2025.35890410959,CHIKV_RUN_S47b13_2025,55.517356,-21.286397
4844,1291,REU.4.8_1,REU.4.3_1,0.128277248690666,0.773780169283662,0.645502920592996,2025.2306268609,2025.35890410959,CHIKV_RUN_S52b44_2025,55.525973,-21.237487
4739,1017,REU.2.3_1,REU.1.1_1,0.117108255003286,0.773780169283662,0.656671914280376,2025.24179585459,2025.35890410959,CHIKV_RUN_S47b63_2025,55.690945,-21.001511
5952,2862,REU.2.4_1,REU.2.4_1,0.106366565525155,0.773780169283662,0.667413603758507,2025.25253754406,2025.35890410959,CHIKV_RUN_S52b26_2025,55.543385,-20.942383
4070,1119,REU.2.3_1,REU.2.3_1,0.091883166974509,0.773780169283662,0.681897002309153,2025.26702094261,2025.35890410959,CHIKV_RUN_S47b28_2025,55.457535,-20.921192
5599,1940,REU.3.1_1,REU.1.4_1,0.436419894608875,0.77651989531102,0.340100000702145,2024.92522394101,2025.36164383562,CHIKV_RUN_S48b12_2025,55.720073,-21.080948
5038,1900,REU.3.4_1,REU.4.8_1,0.280454652298897,0.77651989531102,0.496065243012123,2025.08118918332,2025.36164383562,CHIKV_RUN_S52b19_2025,55.456644,-21.296338
4150,617,REU.4.3_1,REU.2.3_1,0.259166149534559,0.77651989531102,0.51735374577646,2025.10247768608,2025.36164383562,CHIKV_RUN_S46b89_2025,55.490213,-20.899952
4252,739,REU.4.3_1,REU.4.8_1,0.255235876032748,0.77651989531102,0.521284019278272,2025.10640795958,2025.36164383562,CHIKV_RUN_S47b42_2025,55.508249,-21.292707
4341,779,REU.4.8_1,REU.1.4_1,0.24342189010236,0.77651989531102,0.533098005208659,2025.11822194551,2025.36164383562,CHIKV_RUN_S47b65_2025,55.738166,-21.090335
5936,2896,REU.2.3_1,REU.2.3_1,0.236807310369463,0.77651989531102,0.539712584941557,2025.12483652525,2025.36164383562,CHIKV_RUN_S47b25_2025,55.499711,-20.900307
5912,2958,REU.3.4_1,REU.4.5_1,0.220365857985896,0.77651989531102,0.556154037325124,2025.14127797763,2025.36164383562,CHIKV_RUN_S47b07_2025,55.610269,-21.333414
5489,2337,REU.3.1_1,REU.3.5_1,0.2139621401107,0.77651989531102,0.562557755200319,2025.14768169551,2025.36164383562,CHIKV_RUN_S47b01_2025,55.283562,-21.029574
3516,1621,REU.3.5_1,REU.2.3_1,0.209269472164322,0.77651989531102,0.567250423146698,2025.15237436345,2025.36164383562,CHIKV_RUN_S46b94_2025,55.47374,-20.909245
4374,771,REU.4.6_1,REU.4.8_1,0.204514572112949,0.77651989531102,0.57200532319807,2025.1571292635,2025.36164383562,CHIKV_RUN_S47b54_2025,55.463099,-21.290283
5490,2204,REU.4.8_1,REU.3.3_1,0.181519626008401,0.77651989531102,0.595000269302619,2025.18012420961,2025.36164383562,CHIKV_RUN_S47b40_2025,55.299717,-21.102325
4579,1175,REU.4.3_1,REU.1.1_1,0.180882338919586,0.77651989531102,0.595637556391433,2025.1807614967,2025.36164383562,CHIKV_RUN_S48b10_2025,55.643544,-20.979662
5909,2303,REU.4.8_1,REU.4.2_1,0.150979253474669,0.77651989531102,0.62554064183635,2025.21066458214,2025.36164383562,CHIKV_RUN_S52b31_2025,55.470239,-21.246889
4844,1479,REU.4.8_1,REU.4.6_1,0.131016974718023,0.77651989531102,0.645502920592996,2025.2306268609,2025.36164383562,CHIKV_RUN_S47b53_2025,55.407108,-21.271001
4136,1742,REU.4.8_1,REU.1.3_1,0.11550400448174,0.776519895311019,0.661015890829279,2025.24613983113,2025.36164383562,CHIKV_RUN_S47b39_2025,55.632622,-20.982068
5952,2898,REU.2.4_1,REU.2.4_1,0.109106291552513,0.77651989531102,0.667413603758507,2025.25253754406,2025.36164383562,CHIKV_RUN_S47b47_2025,55.526551,-20.921139
4898,202,REU.4.5_1,REU.2.3_1,0.258677574033431,0.779259621338377,0.520582047304946,2025.10570598761,2025.36438356164,CHIKV_RUN_S47b41_2025,55.459188,-20.883245
4110,1548,REU.4.3_1,REU.2.3_1,0.225822393397142,0.779259621338377,0.553437227941235,2025.13856116825,2025.36438356164,CHIKV_RUN_S46b79_2025,55.500998,-20.907777
4505,1453,REU.4.8_1,REU.4.8_1,0.21612341369733,0.779259621338377,0.563136207641047,2025.14826014795,2025.36438356164,CHIKV_RUN_S47b55_2025,55.433389,-21.287845
4729,996,REU.2.3_1,REU.2.3_1,0.208229181871396,0.779259621338377,0.57103043946698,2025.15615437977,2025.36438356164,CHIKV_RUN_S47b51_2025,55.486874,-20.916265
3919,1645,REU.4.6_1,REU.3.5_1,0.202397010874038,0.779259621338377,0.576862610464339,2025.16198655077,2025.36438356164,CHIKV_RUN_S52b25_2025,55.282331,-21.032172
3662,1493,REU.4.3_1,REU.4.6_1,0.15732396260853,0.779259621338377,0.621935658729847,2025.20705959904,2025.36438356164,CHIKV_RUN_S47b44_2025,55.406605,-21.202573
3499,1553,REU.1.4_1,REU.1.4_1,0.141682671739303,0.779259621338377,0.637576949599074,2025.2227008899,2025.36438356164,CHIKV_RUN_S48b11_2025,55.721519,-21.118339
3860,1152,REU.1.1_1,REU.1.1_1,0.139740932505952,0.779259621338377,0.639518688832425,2025.22464262914,2025.36438356164,CHIKV_RUN_S48b09_2025,55.640548,-20.98183
4484,1424,REU.4.5_1,REU.1.4_1,0.116638072474757,0.779259621338377,0.66262154886362,2025.24774548917,2025.36438356164,CHIKV_RUN_S48b26_2025,55.744322,-21.08959
5105,1796,REU.4.8_1,REU.4.1_1,0.109874121602899,0.779259621338377,0.669385499735478,2025.25450944004,2025.36438356164,CHIKV_RUN_S47b50_2025,55.479222,-21.133967
4337,842,REU.4.3_1,REU.4.4_1,0.220171338717654,0.781999347365734,0.56182800864808,2025.14695194895,2025.36712328767,CHIKV_RUN_S48b25_2025,55.560499,-21.346699
5991,2908,REU.2.3_1,REU.2.4_1,0.206446327494626,0.781999347365734,0.575553019871108,2025.16067696018,2025.36712328767,CHIKV_RUN_S47b45_2025,55.570605,-20.902969
3388,563,REU.4.8_1,REU.4.3_1,0.0903889242831317,0.781999347365734,0.691610423082603,2025.27673436339,2025.36712328767,CHIKV_RUN_S47b43_2025,55.514792,-21.279418
4855,315,REU.4.3_1,REU.3.5_1,0.288235201576047,0.784739073393319,0.496503871817272,2025.08162781212,2025.3698630137,CHIKV_RUN_S48b41_2025,55.284344,-21.027984
4669,151,REU.3.5_1,REU.2.2_1,0.241013265557817,0.784739073393319,0.543725807835503,2025.12884974814,2025.3698630137,CHIKV_RUN_S49b75_2025,55.295457,-20.937496
5247,2215,REU.4.5_1,REU.2.3_1,0.239424016312896,0.784739073393319,0.545315057080423,2025.13043899739,2025.3698630137,CHIKV_RUN_S48b39_2025,55.48753,-20.916189
6045,1937,REU.2.3_1,REU.3.5_1,0.226982269701662,0.784739073393319,0.557756803691657,2025.142880744,2025.3698630137,CHIKV_RUN_S50b06_2025,55.30303,-21.044177
5153,2646,REU.3.1_1,REU.4.6_1,0.224342784035403,0.784739073393319,0.560396289357916,2025.14552022966,2025.3698630137,CHIKV_RUN_S48b46_2025,55.438414,-21.28331
5165,2659,REU.2.2_1,REU.2.2_1,0.164952201292389,0.784739073393319,0.61978687210093,2025.20491081241,2025.3698630137,CHIKV_RUN_S50b18_2025,55.308364,-20.934647
4803,876,REU.4.8_1,REU.2.4_1,0.162198886650505,0.784739073393319,0.622540186742814,2025.20766412705,2025.3698630137,CHIKV_RUN_S47b60_2025,55.527055,-20.898568
6133,2083,REU.3.4_1,REU.4.8_1,0.150454729647335,0.784739073393319,0.634284343745984,2025.21940828405,2025.3698630137,CHIKV_RUN_S48b37_2025,55.528773,-21.361784
4459,1191,REU.4.8_1,REU.4.8_1,0.140661474868939,0.784739073393319,0.64407759852438,2025.22920153883,2025.3698630137,CHIKV_RUN_S48b35_2025,55.478056,-21.339525
3975,1045,REU.4.5_1,REU.2.3_1,0.13938427848149,0.784739073393319,0.645354794911829,2025.23047873522,2025.3698630137,CHIKV_RUN_S47b61_2025,55.480087,-20.913939
5868,2990,REU.3.4_1,REU.2.3_1,0.132853018115544,0.784739073393319,0.651886055277775,2025.23700999558,2025.3698630137,CHIKV_RUN_S48b40_2025,55.476207,-20.889687
5318,2249,REU.4.5_1,REU.2.3_1,0.129605049037664,0.784739073393319,0.655134024355655,2025.24025796466,2025.3698630137,CHIKV_RUN_S48b33_2025,55.481397,-20.898042
5631,2694,REU.3.4_1,REU.3.4_1,0.121484136350307,0.784739073393319,0.663254937043012,2025.24837887735,2025.3698630137,CHIKV_RUN_S49b76_2025,55.326576,-21.166496
5105,3010,REU.4.8_1,REU.1.3_1,0.115353573657841,0.784739073393319,0.669385499735478,2025.25450944004,2025.3698630137,CHIKV_RUN_S48b42_2025,55.647471,-20.943439
4432,819,REU.4.3_1,REU.2.3_1,0.266853301305405,0.787478799420676,0.520625498115271,2025.10574943842,2025.37260273973,CHIKV_RUN_S48b43_2025,55.484194,-20.895845
5281,2954,REU.4.3_1,REU.2.3_1,0.237388750560693,0.787478799420676,0.550090048859984,2025.13521398917,2025.37260273973,CHIKV_RUN_S41b06_2025,55.399225,-20.917746
3339,462,REU.4.3_1,REU.4.3_1,0.216427853346571,0.787478799420676,0.571050946074105,2025.15617488638,2025.37260273973,CHIKV_RUN_S48b38_2025,55.513249,-21.278521
5853,2988,REU.3.4_1,REU.3.4_1,0.207649811665844,0.787478799420677,0.579828987754833,2025.16495292806,2025.37260273973,CHIKV_RUN_S48b36_2025,55.327673,-21.176501
5526,2022,REU.4.3_1,REU.4.8_1,0.201533188826722,0.787478799420676,0.585945610593955,2025.1710695509,2025.37260273973,CHIKV_RUN_S48b30_2025,55.469273,-21.285393
4483,100,REU.4.8_1,REU.1.4_1,0.156570608003849,0.787478799420676,0.630908191416828,2025.21603213172,2025.37260273973,CHIKV_RUN_S49b92_2025,55.745242,-21.083996
3427,553,REU.4.3_1,REU.4.3_1,0.286673201564054,0.790218525448034,0.503545323883979,2025.08866926419,2025.37534246575,CHIKV_RUN_S48b18_2025,55.534597,-21.269296
6022,2727,REU.4.8_1,REU.1.3_1,0.181834848015912,0.790218525448034,0.608383677432122,2025.19350761774,2025.37534246575,CHIKV_RUN_S48b29_2025,55.647702,-20.962536
5672,2306,REU.4.8_1,REU.2.5_1,0.179218142129348,0.790218525448034,0.611000383318686,2025.19612432362,2025.37534246575,CHIKV_RUN_S48b20_2025,55.583002,-20.936276
5909,2949,REU.4.8_1,REU.2.3_1,0.164677883611684,0.790218525448034,0.62554064183635,2025.21066458214,2025.37534246575,CHIKV_RUN_S48b27_2025,55.458323,-20.882487
3734,960,REU.3.5_1,REU.4.6_1,0.11660920123373,0.790218525448034,0.673609324214304,2025.25873326452,2025.37534246575,CHIKV_RUN_S48b17_2025,55.427837,-21.251552
5128,3110,REU.2.3_1,REU.1.4_1,0.103322390009131,0.790218525448034,0.686896135438902,2025.27202007574,2025.37534246575,CHIKV_RUN_S49b93_2025,55.734761,-21.094209
6125,2085,REU.4.5_1,REU.4.3_1,0.267657871872109,0.792958251475391,0.525300379603282,2025.11042431991,2025.37808219178,CHIKV_RUN_S48b22_2025,55.528908,-21.255459
5519,1971,REU.3.4_1,REU.3.4_1,0.248756141054828,0.792958251475391,0.544202110420564,2025.12932605073,2025.37808219178,CHIKV_RUN_S52b30_2025,55.329649,-21.200971
3941,1747,REU.4.3_1,REU.4.1_1,0.238654474103468,0.792958251475391,0.554303777371923,2025.13942771768,2025.37808219178,CHIKV_RUN_S48b23_2025,55.46974,-21.139651
3554,1398,REU.4.3_1,REU.3.5_1,0.232047992028108,0.792958251475391,0.560910259447283,2025.14603419975,2025.37808219178,CHIKV_RUN_S49b82_2025,55.309647,-21.077068
5037,2768,REU.2.2_1,REU.2.2_1,0.218475772902096,0.792958251475391,0.574482478573295,2025.15960641888,2025.37808219178,CHIKV_RUN_S52b41_2025,55.29596,-20.938744
5993,2906,REU.2.3_1,REU.3.5_1,0.208438101124039,0.792958251475391,0.584520150351352,2025.16964409066,2025.37808219178,CHIKV_RUN_S48b13_2025,55.307555,-21.067372
3446,431,REU.4.8_1,REU.4.5_1,0.207894671551751,0.792958251475391,0.58506357992364,2025.17018752023,2025.37808219178,CHIKV_RUN_S52b29_2025,55.625387,-21.372977
5979,2902,REU.2.3_1,REU.2.4_1,0.185358584169171,0.792958251475391,0.60759966730622,2025.19272360761,2025.37808219178,CHIKV_RUN_S52b37_2025,55.53645,-20.950015
3140,2466,REU.3.4_1,REU.1.4_1,0.185330380643287,0.792958251475391,0.607627870832104,2025.19275181114,2025.37808219178,CHIKV_RUN_S49b87_2025,55.747032,-21.088069
5634,1883,REU.2.3_1,REU.1.3_1,0.182919264540775,0.792958251475391,0.610038986934616,2025.19516292724,2025.37808219178,CHIKV_RUN_S52b34_2025,55.644021,-20.963012
4324,845,REU.4.8_1,REU.1.1_1,0.176638188706166,0.792958251475391,0.616320062769225,2025.20144400307,2025.37808219178,CHIKV_RUN_S49b90_2025,55.690736,-21.000927
3208,2612,REU.4.4_1,REU.4.4_1,0.140284401493718,0.792958251475391,0.652673849981673,2025.23779779029,2025.37808219178,CHIKV_RUN_S48b05_2025,55.5613,-21.34565
5567,2776,REU.3.5_1,REU.3.5_1,0.138447507081081,0.792958251475391,0.654510744394311,2025.2396346847,2025.37808219178,CHIKV_RUN_S50b01_2025,55.31066,-21.052333
3931,1597,REU.4.3_1,REU.4.8_1,0.135285487589016,0.792958251475391,0.657672763886375,2025.24279670419,2025.37808219178,CHIKV_RUN_S52b42_2025,55.500196,-21.276363
3772,314,REU.4.3_1,REU.4.4_1,0.350024171325066,0.795697977502749,0.445673806177682,2025.03079774648,2025.38082191781,CHIKV_RUN_S52b38_2025,55.566076,-21.367788
4551,1173,REU.4.4_1,REU.1.1_1,0.32230239163072,0.795697977502749,0.473395585872029,2025.05851952618,2025.38082191781,CHIKV_RUN_S52b40_2025,55.694196,-20.999109
3556,1404,REU.4.3_1,REU.3.5_1,0.236910553087085,0.795697977502749,0.558787424415664,2025.14391136472,2025.38082191781,CHIKV_RUN_S50b09_2025,55.284238,-21.053788
5907,2948,REU.4.8_1,REU.4.6_1,0.229547437246191,0.795697977502749,0.566150540256558,2025.15127448056,2025.38082191781,CHIKV_RUN_S49b40_2025,55.397826,-21.292583
5394,3058,REU.3.2_1,REU.3.2_1,0.225621096358515,0.795697977502749,0.570076881144234,2025.15520082145,2025.38082191781,CHIKV_RUN_S48b04_2025,55.346993,-21.247794
4385,826,REU.4.3_1,REU.4.3_1,0.21254593014887,0.795697977502749,0.583152047353879,2025.16827598766,2025.38082191781,CHIKV_RUN_S49b34_2025,55.52532,-21.245804
4453,1193,REU.4.8_1,REU.4.8_1,0.210872580620375,0.795697977502749,0.584825396882374,2025.16994933719,2025.38082191781,CHIKV_RUN_S52b39_2025,55.461478,-21.339447
3334,491,REU.4.3_1,REU.1.2_1,0.206136338130962,0.795697977502749,0.589561639371786,2025.17468557968,2025.38082191781,CHIKV_RUN_S49b88_2025,55.619488,-21.138177
5563,2786,REU.4.3_1,REU.2.1_1,0.194153062056764,0.795697977502749,0.601544915445984,2025.18666885575,2025.38082191781,CHIKV_RUN_S49b84_2025,55.318626,-20.96267
6161,2130,REU.4.5_1,REU.4.5_1,0.18166776628192,0.795697977502749,0.614030211220828,2025.19915415153,2025.38082191781,CHIKV_RUN_S48b03_2025,55.63063,-21.350217
5445,2495,REU.4.6_1,REU.4.6_1,0.180950355130724,0.795697977502749,0.614747622372024,2025.19987156268,2025.38082191781,CHIKV_RUN_S49b31_2025,55.43084,-21.276654
3495,1033,REU.4.5_1,REU.1.5_1,0.178047303871295,0.795697977502749,0.617650673631454,2025.20277461394,2025.38082191781,CHIKV_RUN_S49b85_2025,55.802298,-21.131387
4441,862,REU.4.6_1,REU.1.6_1,0.170581089894423,0.795697977502749,0.625116887608325,2025.21024082791,2025.38082191781,CHIKV_RUN_S49b89_2025,55.530264,-21.035182
3860,1151,REU.1.1_1,REU.1.1_1,0.156179288670324,0.795697977502749,0.639518688832425,2025.22464262914,2025.38082191781,CHIKV_RUN_S49b83_2025,55.64213,-20.982587
6169,2105,REU.4.5_1,REU.3.5_1,0.155901782511642,0.795697977502749,0.639796194991107,2025.2249201353,2025.38082191781,CHIKV_RUN_S50b12_2025,55.274209,-21.082443
4782,1615,REU.4.8_1,REU.1.4_1,0.14176443361884,0.795697977502749,0.653933543883909,2025.23905748419,2025.38082191781,CHIKV_RUN_S49b91_2025,55.720678,-21.044949
5048,3073,REU.4.3_1,REU.3.5_1,0.130332492244206,0.795697977502749,0.665365485258542,2025.25048942556,2025.38082191781,CHIKV_RUN_S50b14_2025,55.30736,-21.065368
3622,69,REU.4.8_1,REU.3.5_1,0.120124222516298,0.795697977502749,0.675573754986451,2025.26069769529,2025.38082191781,CHIKV_RUN_S52b33_2025,55.293737,-21.072393
3771,597,REU.2.3_1,REU.1.5_1,0.105024117233572,0.795697977502749,0.690673860269177,2025.27579780057,2025.38082191781,CHIKV_RUN_S49b86_2025,55.792678,-21.127829
4805,878,REU.4.3_1,REU.4.3_1,0.0927745656709497,0.795697977502749,0.702923411831799,2025.28804735214,2025.38082191781,CHIKV_RUN_S48b14_2025,55.558252,-21.220444
4612,1216,REU.4.4_1,REU.4.7_1,0.247348131988831,0.798437703530333,0.551089571541503,2025.13621351185,2025.38356164384,CHIKV_RUN_S49b46_2025,55.788637,-21.352903
4514,1450,REU.4.8_1,REU.2.2_1,0.214562546665128,0.798437703530333,0.583875156865206,2025.16899909717,2025.38356164384,CHIKV_RUN_S49b81_2025,55.292477,-20.94354
5772,3036,REU.4.3_1,REU.4.3_1,0.198530975545175,0.798437703530333,0.599906727985158,2025.18503066829,2025.38356164384,CHIKV_RUN_S49b36_2025,55.500752,-21.239421
5751,1976,REU.2.5_1,REU.2.3_1,0.184545816711275,0.798437703530333,0.613891886819059,2025.19901582712,2025.38356164384,CHIKV_RUN_S49b32_2025,55.487122,-20.911792
4165,1537,REU.4.3_1,REU.4.5_1,0.179850036626428,0.798437703530333,0.618587666903905,2025.20371160721,2025.38356164384,CHIKV_RUN_S49b38_2025,55.658044,-21.357004
5994,2913,REU.2.3_1,REU.2.3_1,0.21404351303993,0.801177429557691,0.587133916517761,2025.17225785682,2025.38630136986,CHIKV_RUN_S49b49_2025,55.458913,-20.880306
5680,2296,REU.3.1_1,REU.4.6_1,0.198937319452558,0.801177429557691,0.602240110105133,2025.18736405041,2025.38630136986,CHIKV_RUN_S49b47_2025,55.410629,-21.206406
5029,1794,REU.4.8_1,REU.2.2_1,0.190438832917788,0.801177429557691,0.610738596639903,2025.19586253695,2025.38630136986,CHIKV_RUN_S49b80_2025,55.287605,-20.942448
5079,2316,REU.3.2_1,REU.4.3_1,0.176751711754926,0.801177429557691,0.624425717802765,2025.20954965811,2025.38630136986,CHIKV_RUN_S49b45_2025,55.524611,-21.235575
4652,1123,REU.3.5_1,REU.2.3_1,0.169573438602726,0.801177429557691,0.631603990954965,2025.21672793126,2025.38630136986,CHIKV_RUN_S49b43_2025,55.416913,-20.897763
4069,1117,REU.4.3_1,REU.2.4_1,0.255177974584625,0.806656881612406,0.55147890702778,2025.13660284733,2025.39178082192,CHIKV_RUN_S49b54_2025,55.546058,-20.898264
3845,1135,REU.2.3_1,REU.1.3_1,0.226875303998636,0.806656881612406,0.579781577613769,2025.16490551792,2025.39178082192,CHIKV_RUN_S49b58_2025,55.622499,-20.952803
5631,2693,REU.3.4_1,REU.3.4_1,0.143401944569393,0.806656881612406,0.663254937043012,2025.24837887735,2025.39178082192,CHIKV_RUN_S50b49_2025,55.325581,-21.15502
4110,298,REU.4.3_1,REU.4.3_1,0.255959379698528,0.809396607639763,0.553437227941235,2025.13856116825,2025.39452054795,CHIKV_RUN_S49b53_2025,55.518578,-21.28155
4578,1176,REU.4.3_1,REU.1.1_1,0.224302571276341,0.809396607639763,0.585094036363422,2025.17021797667,2025.39452054795,CHIKV_RUN_S49b73_2025,55.643351,-20.978925
3634,1511,REU.4.8_1,REU.2.2_1,0.207840306863717,0.809396607639763,0.601556300776046,2025.18668024108,2025.39452054795,CHIKV_RUN_S50b54_2025,55.314825,-20.959487
4823,1646,REU.4.3_1,REU.1.1_1,0.191499171275608,0.809396607639763,0.617897436364155,2025.20302137667,2025.39452054795,CHIKV_RUN_S50b19_2025,55.687116,-21.002327
4917,236,REU.4.5_1,REU.1.5_1,0.120969420429222,0.809396607639763,0.688427187210541,2025.27355112752,2025.39452054795,CHIKV_RUN_S50b17_2025,55.82185,-21.157829
5082,2318,REU.3.1_1,REU.4.8_1,0.322377736529073,0.81213633366712,0.489758597138047,2025.07488253744,2025.39726027397,CHIKV_RUN_S49b64_2025,55.46001,-21.300896
6016,1806,REU.4.6_1,REU.4.6_1,0.305875001817432,0.81213633366712,0.506261331849688,2025.09138527216,2025.39726027397,CHIKV_RUN_S49b70_2025,55.418761,-21.285063
4773,277,REU.4.3_1,REU.1.5_1,0.277519451441101,0.81213633366712,0.53461688222602,2025.11974082253,2025.39726027397,CHIKV_RUN_S49b74_2025,55.766447,-21.125331
5837,1868,REU.3.1_1,REU.4.3_1,0.226483981515197,0.81213633366712,0.585652352151923,2025.17077629246,2025.39726027397,CHIKV_RUN_S49b65_2025,55.539287,-21.256112
3718,1565,REU.4.3_1,REU.4.8_1,0.162956656332832,0.81213633366712,0.649179677334288,2025.23430361764,2025.39726027397,CHIKV_RUN_S49b71_2025,55.472488,-21.333883
3130,2462,REU.2.3_1,REU.4.1_1,0.13390477394964,0.81213633366712,0.67823155971748,2025.26335550002,2025.39726027397,CHIKV_RUN_S49b63_2025,55.471215,-21.137154
3748,942,REU.2.3_1,REU.2.3_1,0.110294198016998,0.81213633366712,0.701842135650123,2025.28696607596,2025.39726027397,CHIKV_RUN_S49b61_2025,55.459403,-20.8827
3748,943,REU.2.3_1,REU.2.3_1,0.110294198016998,0.81213633366712,0.701842135650123,2025.28696607596,2025.39726027397,CHIKV_RUN_S49b59_2025,55.457295,-20.885927
4421,825,REU.4.3_1,REU.2.3_1,0.303257813131514,0.814876059694705,0.511618246563191,2025.09674218687,2025.4,CHIKV_RUN_S49b62_2025,55.476964,-20.906636
5836,1922,REU.3.1_1,REU.3.5_1,0.288414262844132,0.814876059694705,0.526461796850573,2025.11158573716,2025.4,CHIKV_RUN_S52b28_2025,55.304019,-21.061157
6178,2504,REU.4.8_1,REU.3.5_1,0.24818077631544,0.814876059694705,0.566695283379265,2025.15181922368,2025.4,CHIKV_RUN_S50b87_2025,55.312584,-21.044144
3274,458,REU.4.5_1,REU.2.5_1,0.24370017798465,0.817615785722062,0.573915607737412,2025.15903954804,2025.40273972603,CHIKV_RUN_S49b69_2025,55.639905,-20.938812
4660,138,REU.2.3_1,REU.2.3_1,0.232753063250347,0.817615785722063,0.584862722471715,2025.16998666278,2025.40273972603,CHIKV_RUN_S50b07_2025,55.462846,-20.901711
6088,2071,REU.4.8_1,REU.4.6_1,0.262778118103766,0.82035551174942,0.557577393645654,2025.14270133395,2025.40547945205,CHIKV_RUN_S50b28_2025,55.390862,-21.238667
4887,181,REU.4.4_1,REU.2.3_1,0.245071243756673,0.82035551174942,0.575284267992747,2025.1604082083,2025.40547945205,CHIKV_RUN_S50b02_2025,55.482141,-20.886785
3549,1407,REU.4.3_1,REU.2.3_1,0.23778234526196,0.82035551174942,0.58257316648746,2025.16769710679,2025.40547945205,CHIKV_RUN_S50b32_2025,55.485036,-20.893624
5783,3034,REU.3.5_1,REU.3.4_1,0.186950402600232,0.82035551174942,0.633405109149187,2025.21852904945,2025.40547945205,CHIKV_RUN_S50b24_2025,55.335026,-21.222045
4740,1018,REU.2.3_1,REU.2.4_1,0.134103317348881,0.82035551174942,0.686252194400539,2025.27137613471,2025.40547945205,CHIKV_RUN_S50b23_2025,55.569605,-20.907787
4540,1181,REU.4.8_1,REU.4.8_1,0.126615640097203,0.82035551174942,0.693739871652217,2025.27886381196,2025.40547945205,CHIKV_RUN_S50b26_2025,55.473769,-21.339783
5508,2681,REU.4.8_1,REU.2.4_1,0.113583674334919,0.82035551174942,0.706771837414501,2025.29189577772,2025.40547945205,CHIKV_RUN_S50b22_2025,55.5589,-20.899424
4022,1668,REU.4.3_1,REU.4.8_1,0.215241541359114,0.823095237776777,0.607853696417664,2025.19297763672,2025.40821917808,CHIKV_RUN_S50b31_2025,55.456711,-21.306219
3610,91,REU.3.3_1,REU.2.4_1,0.208931670419548,0.823095237776777,0.614163567357229,2025.19928750766,2025.40821917808,CHIKV_RUN_S50b13_2025,55.532041,-20.938463
5910,2955,REU.3.4_1,REU.1.4_1,0.209665889969559,0.828574689831492,0.618908799861933,2025.20403274017,2025.41369863014,CHIKV_RUN_S50b88_2025,55.740408,-21.108704
4136,1743,REU.4.8_1,REU.1.4_1,0.170298525029798,0.831314415859077,0.661015890829279,2025.24613983113,2025.41643835616,CHIKV_RUN_S50b92_2025,55.712927,-21.048536
5930,2870,REU.2.3_1,REU.1.4_1,0.28971796809031,0.834054141886434,0.544336173796125,2025.1294601141,2025.41917808219,CHIKV_RUN_S50b91_2025,55.704526,-21.068496
3964,1044,REU.2.3_1,REU.1.3_1,0.284565477736329,0.834054141886434,0.549488664150105,2025.13461260446,2025.41917808219,CHIKV_RUN_S52b55_2025,55.652404,-20.963707
5981,2929,REU.2.3_1,REU.3.5_1,0.234725508708246,0.834054141886434,0.599328633178189,2025.18445257348,2025.41917808219,CHIKV_RUN_S50b36_2025,55.312983,-21.039052
5776,3035,REU.4.3_1,REU.1.6_1,0.191873530592782,0.834054141886434,0.642180611293653,2025.2273045516,2025.41917808219,CHIKV_RUN_S50b95_2025,55.505737,-21.029322
3519,1627,REU.3.5_1,REU.1.6_1,0.298819321836376,0.836793867913792,0.537974546077415,2025.12309848638,2025.42191780822,CHIKV_RUN_S50b94_2025,55.532838,-21.028124
3487,425,REU.4.3_1,REU.1.4_1,0.240320309486681,0.836793867913792,0.596473558427111,2025.18159749873,2025.42191780822,CHIKV_RUN_S50b93_2025,55.743861,-21.090455
6177,3086,REU.4.8_1,REU.3.2_1,0.217533618283349,0.836793867913792,0.619260249630443,2025.20438418994,2025.42191780822,CHIKV_RUN_S50b35_2025,55.354855,-21.211461
6179,2224,REU.4.8_1,REU.4.8_1,0.202903924302,0.836793867913792,0.633889943611792,2025.21901388392,2025.42191780822,CHIKV_RUN_S50b33_2025,55.480629,-21.346253
5309,2253,REU.4.3_1,REU.2.3_1,0.263066244778004,0.839533593941149,0.576467349163145,2025.16159128947,2025.42465753425,CHIKV_RUN_S50b40_2025,55.456959,-20.881232
4921,204,REU.4.5_1,REU.2.3_1,0.22965537315068,0.839533593941149,0.609878220790469,2025.1950021611,2025.42465753425,CHIKV_RUN_S50b37_2025,55.463037,-20.897941
3396,576,REU.4.3_1,REU.1.3_1,0.193353475520431,0.839533593941149,0.646180118420718,2025.23130405873,2025.42465753425,CHIKV_RUN_S50b34_2025,55.667219,-20.944035
4161,1470,REU.4.3_1,REU.3.5_1,0.34089496023207,0.842273319968506,0.501378359736436,2025.08650230004,2025.42739726027,CHIKV_RUN_S50b86_2025,55.299916,-20.976778
3971,1055,REU.4.8_1,REU.3.5_1,0.26035877344401,0.842273319968507,0.581914546524497,2025.16703848683,2025.42739726027,CHIKV_RUN_S50b89_2025,55.328243,-21.00007
4813,1096,REU.4.6_1,REU.4.1_1,0.217400711445411,0.842273319968506,0.624872608523096,2025.20999654883,2025.42739726027,CHIKV_RUN_S50b71_2025,55.477603,-21.13326
5954,2875,REU.2.3_1,REU.2.3_1,0.178608524601864,0.842273319968506,0.663664795366643,2025.24878873567,2025.42739726027,CHIKV_RUN_S50b68_2025,55.461919,-20.894404
4730,1015,REU.2.3_1,REU.2.3_1,0.301128321289588,0.845013045996091,0.543884724706503,2025.12900866501,2025.4301369863,CHIKV_RUN_S52b82_2025,55.443586,-20.898292
5853,2996,REU.3.4_1,REU.2.3_1,0.267923784268616,0.847752772023449,0.579828987754833,2025.16495292806,2025.43287671233,CHIKV_RUN_S50b64_2025,55.48244,-20.91848
3816,103,REU.4.8_1,REU.3.5_1,0.330665746299637,0.850492498050806,0.519826751751169,2025.10495069206,2025.43561643836,CHIKV_RUN_S50b84_2025,55.299916,-20.976778
4698,980,REU.2.3_1,REU.1.4_1,0.328646639352272,0.850492498050806,0.521845858698534,2025.106969799,2025.43561643836,CHIKV_RUN_S50b67_2025,55.697135,-21.034256
5870,2977,REU.4.6_1,REU.2.2_1,0.261156896663695,0.850492498050806,0.589335601387111,2025.17445954169,2025.43561643836,CHIKV_RUN_S52b88_2025,55.300268,-20.950214
5438,2202,REU.4.8_1,REU.2.3_1,0.185209833235526,0.850492498050806,0.66528266481528,2025.25040660512,2025.43561643836,CHIKV_RUN_S50b85_2025,55.445517,-20.877895
4494,1038,REU.4.3_1,REU.1.3_1,0.343003158759282,0.853232224078163,0.510229065318881,2025.09535300562,2025.43835616438,CHIKV_RUN_S53b19_2025,55.673705,-20.951418
5576,2312,REU.3.1_1,REU.3.5_1,0.337775644448639,0.853232224078163,0.515456579629524,2025.10058051993,2025.43835616438,CHIKV_RUN_S52b84_2025,55.331197,-21.044703
5403,1930,REU.3.1_1,REU.4.8_1,0.307815202153872,0.853232224078163,0.545417021924292,2025.13054096223,2025.43835616438,CHIKV_RUN_S52b87_2025,55.486715,-21.342842
4185,336,REU.2.3_1,REU.2.3_1,0.278685122574986,0.853232224078163,0.574547101503178,2025.15967104181,2025.43835616438,CHIKV_RUN_S52b89_2025,55.490787,-20.89794
5286,2568,REU.4.8_1,REU.1.2_1,0.275313351500432,0.853232224078163,0.577918872577731,2025.16304281288,2025.43835616438,CHIKV_RUN_S53b64_2025,55.642669,-21.122755
4313,736,REU.4.3_1,REU.2.4_1,0.274042224436406,0.853232224078163,0.579189999641758,2025.16431393995,2025.43835616438,CHIKV_RUN_S50b70_2025,55.541941,-20.93172
3566,1324,REU.4.8_1,REU.2.1_1,0.27055082516859,0.853232224078163,0.582681398909573,2025.16780533921,2025.43835616438,CHIKV_RUN_S53b18_2025,55.360185,-20.942008
5782,3023,REU.3.5_1,REU.2.2_1,0.24715859566936,0.853232224078163,0.606073628408804,2025.19119756871,2025.43835616438,CHIKV_RUN_S52b83_2025,55.294525,-20.9386
4867,1032,REU.4.8_1,REU.3.5_1,0.213808659731145,0.853232224078163,0.639423564347018,2025.22454750465,2025.43835616438,CHIKV_RUN_S52b85_2025,55.294828,-21.083649
5485,2678,REU.2.3_1,REU.4.8_1,0.197451823643929,0.853232224078163,0.655780400434235,2025.24090434074,2025.43835616438,CHIKV_RUN_S50b72_2025,55.455381,-21.297715
3961,1316,REU.3.5_1,REU.2.4_1,0.16630671049912,0.853232224078163,0.686925513579044,2025.27204945388,2025.43835616438,CHIKV_RUN_S52b86_2025,55.529016,-20.92049
3581,1728,REU.2.2_1,REU.3.5_1,0.285300632063836,0.855971950105521,0.570671318041684,2025.15579525835,2025.44109589041,CHIKV_RUN_S50b74_2025,55.278733,-21.005674
6206,2808,REU.4.8_1,REU.1.4_1,0.256708069561179,0.855971950105521,0.599263880544342,2025.18438782085,2025.44109589041,CHIKV_RUN_S52b57_2025,55.73921,-21.088822
3920,1643,REU.4.8_1,REU.1.4_1,0.242300368917363,0.855971950105521,0.613671581188158,2025.19879552149,2025.44109589041,CHIKV_RUN_S52b49_2025,55.702635,-21.053707
4921,227,REU.4.5_1,REU.1.3_1,0.248833455342409,0.858711676132878,0.609878220790469,2025.1950021611,2025.44383561644,CHIKV_RUN_S52b21_2025,55.665572,-20.956543
5232,2234,REU.2.2_1,REU.2.2_1,0.206863094363382,0.858711676132878,0.651848581769496,2025.23697252207,2025.44383561644,CHIKV_RUN_S52b77_2025,55.304974,-20.946815
5232,2233,REU.2.2_1,REU.2.2_1,0.206863094363382,0.858711676132878,0.651848581769496,2025.23697252207,2025.44383561644,CHIKV_RUN_S52b76_2025,55.304974,-20.946815
5411,1848,REU.4.8_1,REU.3.3_1,0.193116716187657,0.858711676132878,0.665594959945221,2025.25071890025,2025.44383561644,CHIKV_RUN_S50b73_2025,55.301243,-21.122749
5411,3067,REU.4.8_1,REU.1.4_1,0.193116716187657,0.858711676132878,0.665594959945221,2025.25071890025,2025.44383561644,CHIKV_RUN_S52b17_2025,55.713829,-21.051072
6219,2385,REU.2.1_1,REU.4.3_1,0.443510601314675,0.861451402160463,0.417940800845788,2025.00306474115,2025.44657534247,CHIKV_RUN_S53b16_2025,55.513796,-21.261606
5674,2299,REU.4.8_1,REU.4.8_1,0.338799410113818,0.861451402160463,0.522651992046645,2025.10777593235,2025.44657534247,CHIKV_RUN_S52b74_2025,55.476546,-21.336671
5664,2847,REU.4.3_1,REU.4.3_1,0.266495480747533,0.861451402160463,0.59495592141293,2025.18007986172,2025.44657534247,CHIKV_RUN_S52b66_2025,55.513218,-21.261521
4335,841,REU.4.8_1,REU.4.3_1,0.259472807054787,0.861451402160463,0.601978595105676,2025.18710253541,2025.44657534247,CHIKV_RUN_S53b22_2025,55.518798,-21.278363
4769,1484,REU.4.8_1,REU.2.2_1,0.22516068455434,0.861451402160463,0.636290717606123,2025.22141465791,2025.44657534247,CHIKV_RUN_S54b29_2025,55.28886,-20.947653
4200,328,REU.4.8_1,REU.2.2_1,0.210713366572279,0.861451402160463,0.650738035588184,2025.23586197589,2025.44657534247,CHIKV_RUN_S52b81_2025,55.304974,-20.946815
5760,1989,REU.2.5_1,REU.2.3_1,0.210264934283408,0.861451402160463,0.651186467877055,2025.23631040818,2025.44657534247,CHIKV_RUN_S53b21_2025,55.464094,-20.912149
5451,2231,REU.4.4_1,REU.2.3_1,0.196295983517722,0.861451402160463,0.665155418642741,2025.25027935895,2025.44657534247,CHIKV_RUN_S53b17_2025,55.44305,-20.8988
4021,1660,REU.4.3_1,REU.4.8_1,0.285487681199257,0.86419112818782,0.578703446988563,2025.16382738729,2025.44931506849,CHIKV_RUN_S53b67_2025,55.470875,-21.306395
5649,2673,REU.4.6_1,REU.4.6_1,0.280033263913389,0.86419112818782,0.584157864274431,2025.16928180458,2025.44931506849,CHIKV_RUN_S52b60_2025,55.443343,-21.280298
5384,1890,REU.3.5_1,REU.3.4_1,0.260998756674031,0.86419112818782,0.60319237151379,2025.18831631182,2025.44931506849,CHIKV_RUN_S53b05_2025,55.296659,-21.215211
4323,654,REU.3.1_1,REU.3.1_1,0.166981409681763,0.86419112818782,0.697209718506057,2025.28233365881,2025.44931506849,CHIKV_RUN_S53b11_2025,55.362398,-21.254601
4075,1111,REU.4.3_1,REU.4.8_1,0.370187282860689,0.869670580242535,0.499483297381846,2025.08460723769,2025.45479452055,CHIKV_RUN_S53b09_2025,55.545844,-21.309253
5228,2236,REU.3.5_1,REU.2.2_1,0.353302154167383,0.869670580242535,0.516368426075153,2025.10149236638,2025.45479452055,CHIKV_RUN_S52b79_2025,55.304974,-20.946815
3976,2266,REU.4.8_1,REU.2.2_1,0.335112773295826,0.869670580242535,0.534557806946709,2025.11968174725,2025.45479452055,CHIKV_RUN_S52b78_2025,55.297483,-20.94245
3448,435,REU.4.8_1,REU.4.6_1,0.33463585728747,0.869670580242535,0.535034722955065,2025.12015866326,2025.45479452055,CHIKV_RUN_S53b63_2025,55.433699,-21.259772
4651,139,REU.3.5_1,REU.3.4_1,0.313670301335955,0.869670580242535,0.55600027890658,2025.14112421921,2025.45479452055,CHIKV_RUN_S52b92_2025,55.307758,-21.136957
3722,250,REU.3.5_1,REU.3.5_1,0.308077448827828,0.869670580242535,0.561593131414707,2025.14671707172,2025.45479452055,CHIKV_RUN_S53b04_2025,55.284665,-20.984473
6187,2804,REU.4.8_1,REU.3.5_1,0.303607540811715,0.869670580242535,0.56606303943082,2025.15118697974,2025.45479452055,CHIKV_RUN_S52b67_2025,55.325435,-20.978911
4134,1740,REU.4.8_1,REU.3.5_1,0.296667769246834,0.869670580242535,0.573002810995701,2025.1581267513,2025.45479452055,CHIKV_RUN_S52b80_2025,55.286441,-20.982459
5649,2685,REU.4.6_1,REU.2.1_1,0.285512715968104,0.869670580242535,0.584157864274431,2025.16928180458,2025.45479452055,CHIKV_RUN_S52b90_2025,55.338999,-20.951218
5634,3044,REU.2.3_1,REU.2.2_1,0.259631593307919,0.869670580242535,0.610038986934616,2025.19516292724,2025.45479452055,CHIKV_RUN_S52b69_2025,55.305912,-20.938496
4271,865,REU.4.3_1,REU.4.1_1,0.253929625657254,0.869670580242535,0.615740954585281,2025.20086489489,2025.45479452055,CHIKV_RUN_S53b69_2025,55.466952,-21.147761
4271,817,REU.4.3_1,REU.1.4_1,0.253929625657254,0.869670580242535,0.615740954585281,2025.20086489489,2025.45479452055,CHIKV_RUN_S52b32_2025,55.703276,-21.072697
4174,1710,REU.2.5_1,REU.4.6_1,0.253398639185439,0.869670580242535,0.616271941057096,2025.20139588136,2025.45479452055,CHIKV_RUN_S52b65_2025,55.4064,-21.202185
5709,2508,REU.2.5_1,REU.2.3_1,0.252614292306276,0.869670580242535,0.61705628793626,2025.20218022824,2025.45479452055,CHIKV_RUN_S53b10_2025,55.497815,-20.924368
3202,2597,REU.4.8_1,REU.4.8_1,0.251105269850362,0.869670580242535,0.618565310392173,2025.2036892507,2025.45479452055,CHIKV_RUN_S52b59_2025,55.45088,-21.298006
5878,2995,REU.4.6_1,REU.4.6_1,0.242396378412472,0.869670580242535,0.627274201830063,2025.21239814214,2025.45479452055,CHIKV_RUN_S53b65_2025,55.433699,-21.259772
5416,1963,REU.4.3_1,REU.2.3_1,0.233540469089567,0.869670580242535,0.636130111152968,2025.22125405146,2025.45479452055,CHIKV_RUN_S53b24_2025,55.444853,-20.894799
4637,116,REU.2.3_1,REU.1.3_1,0.215602148637271,0.869670580242535,0.654068431605264,2025.23919237191,2025.45479452055,CHIKV_RUN_S53b12_2025,55.673595,-20.951936
5732,2497,REU.3.4_1,REU.4.6_1,0.31720586246409,0.872410306269892,0.555204443805802,2025.14032838411,2025.45753424658,CHIKV_RUN_S53b07_2025,55.434474,-21.27351
6045,3012,REU.2.3_1,REU.2.3_1,0.314653502578235,0.872410306269892,0.557756803691657,2025.142880744,2025.45753424658,CHIKV_RUN_S53b02_2025,55.510912,-20.919807
5044,2032,REU.3.1_1,REU.3.1_1,0.296828365627069,0.872410306269892,0.575581940642824,2025.16070588095,2025.45753424658,CHIKV_RUN_S53b70_2025,55.367615,-21.228519
3884,609,REU.3.5_1,REU.2.3_1,0.290437841146845,0.872410306269892,0.581972465123047,2025.16709640543,2025.45753424658,CHIKV_RUN_S52b75_2025,55.411435,-20.912094
4814,1094,REU.4.3_1,REU.4.6_1,0.28982386210793,0.872410306269892,0.582586444161962,2025.16771038447,2025.45753424658,CHIKV_RUN_S52b94_2025,55.450271,-21.278875
3398,569,REU.4.3_1,REU.4.8_1,0.286570430779969,0.872410306269892,0.585839875489923,2025.1709638158,2025.45753424658,CHIKV_RUN_S52b91_2025,55.558465,-21.309273
5115,1966,REU.4.8_1,REU.2.1_1,0.276978619781274,0.872410306269892,0.595431686488619,2025.18055562679,2025.45753424658,CHIKV_RUN_S53b06_2025,55.389341,-20.985753
5052,2343,REU.3.1_1,REU.3.1_1,0.27131952547252,0.872410306269892,0.601090780797372,2025.1862147211,2025.45753424658,CHIKV_RUN_S52b72_2025,55.375287,-21.257008
4754,1385,REU.1.4_1,REU.1.4_1,0.259681127929247,0.872410306269892,0.612729178340646,2025.19785311865,2025.45753424658,CHIKV_RUN_S54b31_2025,55.727447,-21.114257
3146,2442,REU.4.8_1,REU.3.3_1,0.231731571140195,0.872410306269892,0.640678735129698,2025.22580267544,2025.45753424658,CHIKV_RUN_S53b71_2025,55.304623,-21.115611
4424,641,REU.4.5_1,REU.4.5_1,0.192204188585725,0.872410306269892,0.680206117684168,2025.26533005799,2025.45753424658,CHIKV_RUN_S53b13_2025,55.632465,-21.373177
3885,1132,REU.4.3_1,REU.3.5_1,0.359713289926402,0.87515003229725,0.515436742370848,2025.10056068268,2025.4602739726,CHIKV_RUN_S53b23_2025,55.324997,-20.992186
5656,3106,REU.4.6_1,REU.3.4_1,0.324333644332919,0.87515003229725,0.550816387964331,2025.13594032827,2025.4602739726,CHIKV_RUN_S53b15_2025,55.303331,-21.196947
4886,177,REU.4.4_1,REU.1.1_1,0.313207313987086,0.87515003229725,0.561942718310164,2025.14706665862,2025.4602739726,CHIKV_RUN_S52b93_2025,55.689891,-20.973409
4851,1468,REU.2.3_1,REU.2.3_1,0.304217655010766,0.87515003229725,0.570932377286484,2025.15605631759,2025.4602739726,CHIKV_RUN_S53b03_2025,55.457941,-20.886181
3618,67,REU.2.1_1,REU.2.1_1,0.297148334705117,0.87515003229725,0.578001697592133,2025.1631256379,2025.4602739726,CHIKV_RUN_S53b08_2025,55.340959,-20.954251
3533,297,REU.4.3_1,REU.3.5_1,0.27769483553255,0.87515003229725,0.5974551967647,2025.18257913707,2025.4602739726,CHIKV_RUN_S53b26_2025,55.32315,-21.009505
5831,2309,REU.4.6_1,REU.3.5_1,0.276262213229236,0.87515003229725,0.598887819068014,2025.18401175937,2025.4602739726,CHIKV_RUN_S52b95_2025,55.27272,-21.007811
4256,741,REU.4.8_1,REU.2.3_1,0.266406466608891,0.87515003229725,0.608743565688359,2025.19386750599,2025.4602739726,CHIKV_RUN_S53b14_2025,55.485603,-20.893484
3727,1736,REU.4.3_1,REU.4.8_1,0.261307718704799,0.87515003229725,0.613842313592451,2025.1989662539,2025.4602739726,CHIKV_RUN_S52b62_2025,55.48438,-21.290362
6039,1842,REU.3.5_1,REU.4.6_1,0.257777093574271,0.87515003229725,0.617372938722978,2025.20249687903,2025.4602739726,CHIKV_RUN_S53b66_2025,55.434496,-21.245111
3955,1588,REU.4.6_1,REU.4.6_1,0.25618313757405,0.877889758324835,0.621706620750784,2025.20683056106,2025.46301369863,CHIKV_RUN_S53b68_2025,55.433699,-21.259772
3734,972,REU.3.5_1,REU.2.3_1,0.20428043411053,0.877889758324835,0.673609324214304,2025.25873326452,2025.46301369863,CHIKV_RUN_S52b64_2025,55.495601,-20.899736
4795,1694,REU.4.8_1,REU.4.5_1,0.321681996739682,0.883369210379549,0.561687213639868,2025.14681115395,2025.46849315068,CHIKV_RUN_S53b20_2025,55.615647,-21.372166
4130,1730,REU.4.8_1,REU.2.1_1,0.241322051810716,0.888848662434264,0.647526610623549,2025.23265055093,2025.47397260274,CHIKV_RUN_S52b58_2025,55.356121,-20.932601
5498,2369,REU.4.8_1,REU.4.3_1,0.267889129301588,0.891588388461849,0.623699259160261,2025.20882319947,2025.47671232877,CHIKV_RUN_S52b68_2025,55.510699,-21.264852
5025,2226,REU.4.8_1,REU.3.4_1,0.260390312486542,0.891588388461849,0.631198075975307,2025.21632201628,2025.47671232877,CHIKV_RUN_S53b32_2025,55.288421,-21.184104
3861,1146,REU.2.3_1,REU.3.4_1,0.259108589954841,0.891588388461849,0.632479798507008,2025.21760373881,2025.47671232877,CHIKV_RUN_S53b34_2025,55.310615,-21.219586
4005,1373,REU.2.3_1,REU.2.4_1,0.209748613025008,0.891588388461849,0.681839775436841,2025.26696371574,2025.47671232877,CHIKV_RUN_S53b33_2025,55.554335,-20.898786
3401,558,REU.4.3_1,REU.4.3_1,0.323880631759389,0.897067840516564,0.573187208757175,2025.15831114906,2025.48219178082,CHIKV_RUN_S53b25_2025,55.528093,-21.266688
6152,2129,REU.4.5_1,REU.2.4_1,0.293221877700419,0.897067840516564,0.603845962816145,2025.18896990312,2025.48219178082,CHIKV_RUN_S53b36_2025,55.54609,-20.895585
3158,2454,REU.3.4_1,REU.4.3_1,0.350742486182828,0.899807566543921,0.549065080361093,2025.13418902067,2025.48493150685,CHIKV_RUN_S53b29_2025,55.527546,-21.236426
4945,216,REU.4.5_1,REU.2.3_1,0.279828730171865,0.899807566543921,0.619978836372056,2025.20510277668,2025.48493150685,CHIKV_RUN_S53b39_2025,55.395366,-20.907296
5182,1802,REU.3.2_1,REU.3.2_1,0.259255473523546,0.902547292571279,0.643291819047732,2025.22841575935,2025.48767123288,CHIKV_RUN_S52b71_2025,55.345057,-21.217678
5259,2721,REU.3.1_1,REU.2.3_1,0.491477476161974,0.908026744626221,0.416549268464247,2025.00167320877,2025.49315068493,CHIKV_RUN_S54b34_2025,55.500579,-20.907042
4824,605,REU.4.3_1,REU.4.6_1,0.349026055301173,0.908026744626221,0.559000689325048,2025.14412462963,2025.49315068493,CHIKV_RUN_S54b39_2025,55.432855,-21.25574
3202,2598,REU.4.8_1,REU.1.3_1,0.289461434234047,0.908026744626221,0.618565310392173,2025.2036892507,2025.49315068493,CHIKV_RUN_S54b36_2025,55.647533,-20.932677
5208,1916,REU.4.8_1,REU.1.5_1,0.271646777925725,0.908026744626221,0.636379966700496,2025.22150390701,2025.49315068493,CHIKV_RUN_S52b73_2025,55.792295,-21.130409
3307,370,REU.4.8_1,REU.4.3_1,0.26546160494948,0.908026744626221,0.642565139676741,2025.22768907998,2025.49315068493,CHIKV_RUN_S54b37_2025,55.519635,-21.284749
5813,1954,REU.4.3_1,REU.2.3_1,0.421810762513628,0.910766470653578,0.48895570813995,2025.07407964845,2025.49589041096,CHIKV_RUN_S54b40_2025,55.457211,-20.889417
4102,928,REU.4.3_1,REU.2.3_1,0.451605936831626,0.916245922708293,0.464639985876667,2025.04976392618,2025.50136986301,CHIKV_RUN_S54b41_2025,55.437121,-20.923859
3868,1283,REU.2.3_1,REU.3.5_1,0.359442647252119,0.916245922708293,0.556803275456174,2025.14192721576,2025.50136986301,CHIKV_RUN_S54b38_2025,55.328107,-20.97611
3240,2394,REU.3.1_1,REU.3.5_1,0.35278571462922,0.916245922708293,0.563460208079072,2025.14858414838,2025.50136986301,CHIKV_RUN_S54b42_2025,55.230438,-21.027807
5797,2538,REU.2.4_1,REU.1.4_1,0.27441936774446,0.916245922708293,0.641826554963833,2025.22695049527,2025.50136986301,CHIKV_RUN_S54b35_2025,55.7161,-21.111304
5029,2770,REU.4.8_1,REU.1.4_1,0.321945682232762,0.932684278872665,0.610738596639903,2025.19586253695,2025.51780821918,CHIKV_RUN_S54b43_2025,55.683352,-21.051656
4204,344,REU.2.2_1,REU.2.1_1,0.368499526980361,0.960081539146693,0.591582012166332,2025.17670595247,2025.54520547945,CHIKV_RUN_S54b44_2025,55.325934,-20.963165
5305,2245,REU.4.3_1,REU.3.5_1,0.572004998190042,0.97104044325635,0.399035445066308,2024.98415938537,2025.55616438356,CHIKV_RUN_S54b47_2025,55.301159,-21.03638
3129,2457,REU.3.4_1,REU.4.4_1,0.339086827193072,0.97104044325635,0.631953616063278,2025.21707755637,2025.55616438356,CHIKV_RUN_S54b46_2025,55.566737,-21.368159
4999,61,REU.4.3_1,REU.4.8_1,0.377371622441323,1.00939660763981,0.632024985198485,2025.2171489255,2025.59452054795,CHIKV_RUN_S54b48_2025,55.526603,-21.356887
