node1,node2,startLoc,endLoc,length,endNodeL,startNodeL,startYear,endYear,tipLabel,endLon,endLat
3115,3116,REU.3.5_1,REU.3.5_1,0.00648075645640911,0.00648075645640911,0,2024.5837711723,2024.59025192875,NA,NA,NA
3115,6222,REU.3.5_1,REU.3.5_1,0.0321490108955436,0.0321490108955436,0,2024.5837711723,2024.61592018319,NA,NA,NA
6222,1,REU.3.5_1,REU.3.5_1,0.00156615560578821,0.0337151665013318,0.0321490108955436,2024.61592018319,2024.6174863388,CHIKV_RUN_S06b01_2024,55.222994,-21.03531
3116,3392,REU.3.5_1,REU.3.5_1,0.0410433712828426,0.0475241277392517,0.00648075645640911,2024.59025192875,2024.63129530004,NA,NA,NA
3392,3393,REU.3.5_1,REU.3.5_1,0.0137293107038731,0.0612534384431248,0.0475241277392517,2024.63129530004,2024.64502461074,NA,NA,NA
3392,3394,REU.3.5_1,REU.3.5_1,0.0216741927021654,0.0691983204414172,0.0475241277392517,2024.63129530004,2024.65296949274,NA,NA,NA
3393,2,REU.3.5_1,REU.3.5_1,0.00798085374130186,0.0692342921844267,0.0612534384431248,2024.64502461074,2024.65300546448,CHIKV_RUN_S2b92_2024,55.222994,-21.03531
3394,3395,REU.3.5_1,REU.3.5_1,0.00752700196292999,0.0767253224043472,0.0691983204414172,2024.65296949274,2024.6604964947,NA,NA,NA
3395,3396,REU.3.5_1,REU.3.5_1,0.00110837562383859,0.0778336980281857,0.0767253224043472,2024.6604964947,2024.66160487032,NA,NA,NA
3394,5475,REU.3.5_1,REU.3.1_1,0.0166835907043278,0.085881911145745,0.0691983204414172,2024.65296949274,2024.66965308344,NA,NA,NA
3396,2588,REU.3.5_1,REU.3.5_1,0.0105262772163515,0.0883599752445372,0.0778336980281857,2024.66160487032,2024.67213114754,CHIKV_RUN_S2b93_2024,55.223179,-21.035738
5475,5476,REU.3.1_1,REU.3.1_1,0.0253227599647253,0.11120467111047,0.085881911145745,2024.66965308344,2024.69497584341,NA,NA,NA
3393,3114,REU.3.5_1,REU.3.5_1,0.0516967007357753,0.1129501391789,0.0612534384431248,2024.64502461074,2024.69672131148,CHIKV_RUN_S3b83_2024,55.222489,-21.036097
5476,5477,REU.3.1_1,REU.3.1_1,0.00937690632758981,0.12058157743806,0.11120467111047,2024.69497584341,2024.70435274973,NA,NA,NA
5475,1769,REU.3.1_1,REU.3.4_1,0.0379971897818872,0.123879100927632,0.085881911145745,2024.66965308344,2024.70765027322,CHIKV_RUN_S3b82_2024,55.288681,-21.171711
5476,5869,REU.3.1_1,REU.3.1_1,0.020062535591475,0.131267206701945,0.11120467111047,2024.69497584341,2024.715038379,NA,NA,NA
3116,3117,REU.3.5_1,REU.3.1_1,0.140678697145928,0.147159453602337,0.00648075645640911,2024.59025192875,2024.7309306259,NA,NA,NA
3396,2399,REU.3.5_1,REU.3.5_1,0.0733678072709354,0.151201505299121,0.0778336980281857,2024.66160487032,2024.7349726776,CHIKV_RUN_S12b41_2024,55.224204,-21.078267
3395,3397,REU.3.5_1,REU.3.1_1,0.08709099122675,0.163816313631097,0.0767253224043472,2024.6604964947,2024.74758748593,NA,NA,NA
3397,3398,REU.3.1_1,REU.3.1_1,0.00320041355021949,0.167016727181317,0.163816313631097,2024.74758748593,2024.75078789948,NA,NA,NA
5869,5870,REU.3.1_1,REU.3.1_1,0.0523490213117984,0.183616228013744,0.131267206701945,2024.715038379,2024.76738740031,NA,NA,NA
5870,6123,REU.3.1_1,REU.3.1_1,0.000844501254791075,0.184460729268535,0.183616228013744,2024.76738740031,2024.76823190157,NA,NA,NA
3398,3399,REU.3.1_1,REU.3.1_1,0.0213192838472194,0.188336011028536,0.167016727181317,2024.75078789948,2024.77210718333,NA,NA,NA
5870,5871,REU.3.1_1,REU.3.1_1,0.0157328647847094,0.199349092798453,0.183616228013744,2024.76738740031,2024.7831202651,NA,NA,NA
3398,3744,REU.3.1_1,REU.4.3_1,0.0347507967300488,0.201767523911365,0.167016727181317,2024.75078789948,2024.78553869621,NA,NA,NA
3744,3824,REU.4.3_1,REU.4.3_1,0.00294475772070601,0.204712281632071,0.201767523911365,2024.78553869621,2024.78848345393,NA,NA,NA
6222,6223,REU.3.5_1,REU.3.1_1,0.174324744972661,0.206473755868205,0.0321490108955436,2024.61592018319,2024.79024492816,NA,NA,NA
3824,3825,REU.4.3_1,REU.4.3_1,0.00355674676044537,0.208269028392517,0.204712281632071,2024.78848345393,2024.79204020069,NA,NA,NA
5477,5497,REU.3.1_1,REU.3.1_1,0.0882332984733434,0.208814875911403,0.12058157743806,2024.70435274973,2024.79258604821,NA,NA,NA
3824,4118,REU.4.3_1,REU.4.3_1,0.00626227583597105,0.210974557468043,0.204712281632071,2024.78848345393,2024.79474572976,NA,NA,NA
5497,5523,REU.3.1_1,REU.3.1_1,0.00860655732976856,0.217421433241172,0.208814875911403,2024.79258604821,2024.80119260554,NA,NA,NA
3825,3826,REU.4.3_1,REU.4.3_1,0.0138729361373048,0.222141964529822,0.208269028392517,2024.79204020069,2024.80591313683,NA,NA,NA
4118,4119,REU.4.3_1,REU.4.3_1,0.011569293988454,0.222543851456496,0.210974557468043,2024.79474572976,2024.80631502375,NA,NA,NA
3117,3242,REU.3.1_1,REU.3.1_1,0.0772582397777732,0.224417693380111,0.147159453602337,2024.7309306259,2024.80818886568,NA,NA,NA
3399,3400,REU.3.1_1,REU.3.1_1,0.0368836659369701,0.225219676965506,0.188336011028536,2024.77210718333,2024.80899084926,NA,NA,NA
5871,5872,REU.3.1_1,REU.3.1_1,0.0265101286183398,0.225859221416793,0.199349092798453,2024.7831202651,2024.80963039371,NA,NA,NA
4119,4120,REU.4.3_1,REU.4.3_1,0.00341654582338347,0.22596039727988,0.222543851456496,2024.80631502375,2024.80973156958,NA,NA,NA
4119,4370,REU.4.3_1,REU.4.3_1,0.00438216436773764,0.226926015824234,0.222543851456496,2024.80631502375,2024.81069718812,NA,NA,NA
4370,4597,REU.4.3_1,REU.4.3_1,0.00286150506614602,0.22978752089038,0.226926015824234,2024.81069718812,2024.81355869319,NA,NA,NA
5869,2587,REU.3.1_1,REU.3.5_1,0.0991692712747442,0.230436477976689,0.131267206701945,2024.715038379,2024.81420765027,CHIKV_RUN_S4b3_2024,55.231193,-21.051375
3825,4026,REU.4.3_1,REU.4.3_1,0.0272663299490424,0.235535358341559,0.208269028392517,2024.79204020069,2024.81930653064,NA,NA,NA
4597,4598,REU.4.3_1,REU.4.3_1,0.00680444589109441,0.236591966781475,0.22978752089038,2024.81355869319,2024.82036313908,NA,NA,NA
3242,3243,REU.3.1_1,REU.3.1_1,0.0123206273052082,0.236738320685319,0.224417693380111,2024.80818886568,2024.82050949298,NA,NA,NA
3826,4025,REU.4.3_1,REU.3.5_1,0.0152080417644025,0.237350006294224,0.222141964529822,2024.80591313683,2024.82112117859,NA,NA,NA
4597,4968,REU.4.3_1,REU.4.3_1,0.00762901221844892,0.237416533108829,0.22978752089038,2024.81355869319,2024.82118770541,NA,NA,NA
5872,5873,REU.3.1_1,REU.3.1_1,0.0134557349402551,0.239314956357048,0.225859221416793,2024.80963039371,2024.82308612865,NA,NA,NA
3243,3344,REU.3.1_1,REU.3.1_1,0.0027203965671756,0.239458717252494,0.236738320685319,2024.82050949298,2024.82322988955,NA,NA,NA
5523,5622,REU.3.1_1,REU.3.1_1,0.0245235451556441,0.241944978396816,0.217421433241172,2024.80119260554,2024.82571615069,NA,NA,NA
5873,5874,REU.3.1_1,REU.3.1_1,0.00984931340350237,0.24916426976055,0.239314956357048,2024.82308612865,2024.83293544206,NA,NA,NA
5874,5875,REU.3.1_1,REU.3.1_1,0.00280421906025174,0.251968488820802,0.24916426976055,2024.83293544206,2024.83573966112,NA,NA,NA
5622,5623,REU.3.1_1,REU.3.1_1,0.0117784436437577,0.253723422040574,0.241944978396816,2024.82571615069,2024.83749459434,NA,NA,NA
6123,6125,REU.3.1_1,REU.3.1_1,0.069972593535687,0.254433322804222,0.184460729268535,2024.76823190157,2024.8382044951,NA,NA,NA
3400,3515,REU.3.1_1,REU.3.1_1,0.0292646178025457,0.254484294768052,0.225219676965506,2024.80899084926,2024.83825546706,NA,NA,NA
4968,4969,REU.4.3_1,REU.4.3_1,0.0191167754707827,0.256533308579612,0.237416533108829,2024.82118770541,2024.84030448088,NA,NA,NA
5623,5624,REU.3.1_1,REU.3.1_1,0.00527604205231413,0.258999464092888,0.253723422040574,2024.83749459434,2024.84277063639,NA,NA,NA
5871,5953,REU.3.1_1,REU.3.1_1,0.0607791436510705,0.260128236449524,0.199349092798453,2024.7831202651,2024.84389940875,NA,NA,NA
4025,637,REU.3.5_1,REU.3.5_1,0.0231411164913079,0.260491122785532,0.237350006294224,2024.82112117859,2024.84426229508,CHIKV_RUN_S5b01_2024,55.223821,-21.079274
3243,3244,REU.3.1_1,REU.3.1_1,0.0264553914415749,0.263193712126894,0.236738320685319,2024.82050949298,2024.84696488442,NA,NA,NA
4120,4142,REU.4.3_1,REU.4.3_1,0.0374724830949368,0.263432880374817,0.22596039727988,2024.80973156958,2024.84720405267,NA,NA,NA
5875,5876,REU.3.1_1,REU.3.1_1,0.0138396059384831,0.265808094759285,0.251968488820802,2024.83573966112,2024.84957926706,NA,NA,NA
5953,6028,REU.3.1_1,REU.3.1_1,0.00709121716849681,0.26721945361802,0.260128236449524,2024.84389940875,2024.85099062591,NA,NA,NA
5623,5841,REU.3.1_1,REU.3.1_1,0.0144373012799643,0.268160723320538,0.253723422040574,2024.83749459434,2024.85193189562,NA,NA,NA
4142,4143,REU.4.3_1,REU.4.3_1,0.00491691868642308,0.26834979906124,0.263432880374817,2024.84720405267,2024.85212097136,NA,NA,NA
4120,4121,REU.4.3_1,REU.4.3_1,0.0451095642814228,0.271069961561303,0.22596039727988,2024.80973156958,2024.85484113386,NA,NA,NA
3244,3289,REU.3.1_1,REU.3.1_1,0.00848447831646371,0.271678190443357,0.263193712126894,2024.84696488442,2024.85544936274,NA,NA,NA
4598,4599,REU.4.3_1,REU.4.3_1,0.0374712179097808,0.274063184691255,0.236591966781475,2024.82036313908,2024.85783435699,NA,NA,NA
4599,4600,REU.4.3_1,REU.4.3_1,0.00355175176053235,0.277614936451788,0.274063184691255,2024.85783435699,2024.86138610875,NA,NA,NA
3826,3827,REU.4.3_1,REU.4.3_1,0.056243600867969,0.278385565397791,0.222141964529822,2024.80591313683,2024.86215673769,NA,NA,NA
4143,4144,REU.4.3_1,REU.4.3_1,0.0103093272839103,0.27865912634515,0.26834979906124,2024.85212097136,2024.86243029864,NA,NA,NA
3344,3345,REU.3.1_1,REU.3.1_1,0.0401452556325868,0.279603972885081,0.239458717252494,2024.82322988955,2024.86337514518,NA,NA,NA
5875,5877,REU.3.1_1,REU.3.1_1,0.0279724300839864,0.279940918904788,0.251968488820802,2024.83573966112,2024.8637120912,NA,NA,NA
3744,3745,REU.4.3_1,REU.4.5_1,0.078519645988529,0.280287169899894,0.201767523911365,2024.78553869621,2024.8640583422,NA,NA,NA
3117,3118,REU.3.1_1,REU.3.1_1,0.133214603408634,0.280374057010971,0.147159453602337,2024.7309306259,2024.86414522931,NA,NA,NA
4600,4601,REU.4.3_1,REU.4.3_1,0.00468655885245695,0.282301495304245,0.277614936451788,2024.86138610875,2024.8660726676,NA,NA,NA
4969,4994,REU.4.3_1,REU.4.3_1,0.0258868012633517,0.282420109842964,0.256533308579612,2024.84030448088,2024.86619128214,NA,NA,NA
4601,4602,REU.4.3_1,REU.4.3_1,0.00175543666973188,0.284056931973977,0.282301495304245,2024.8660726676,2024.86782810427,NA,NA,NA
3118,3119,REU.3.1_1,REU.3.1_1,0.00374917524244001,0.284123232253411,0.280374057010971,2024.86414522931,2024.86789440455,NA,NA,NA
4025,1699,REU.3.5_1,REU.3.5_1,0.0477312804256708,0.285081286719895,0.237350006294224,2024.82112117859,2024.86885245902,CHIKV_RUN_S5b06_2024,55.225315,-21.079569
5624,5625,REU.3.1_1,REU.3.1_1,0.0264188935931812,0.285418357686069,0.258999464092888,2024.84277063639,2024.86918952998,NA,NA,NA
4026,4027,REU.4.3_1,REU.4.8_1,0.0500323073292803,0.28556766567084,0.235535358341559,2024.81930653064,2024.86933883797,NA,NA,NA
4601,4642,REU.4.3_1,REU.4.3_1,0.00520180893868027,0.287503304242925,0.282301495304245,2024.8660726676,2024.87127447654,NA,NA,NA
4598,4944,REU.4.3_1,REU.4.3_1,0.0510238534015899,0.287615820183064,0.236591966781475,2024.82036313908,2024.87138699248,NA,NA,NA
5953,5954,REU.3.1_1,REU.3.1_1,0.0282637363905546,0.288391972840078,0.260128236449524,2024.84389940875,2024.87216314514,NA,NA,NA
6028,6029,REU.3.1_1,REU.3.1_1,0.0232613912487653,0.290480844866786,0.26721945361802,2024.85099062591,2024.87425201716,NA,NA,NA
4968,1755,REU.4.3_1,REU.4.3_1,0.0531292344853181,0.290545767594147,0.237416533108829,2024.82118770541,2024.87431693989,CHIKV_RUN_S12b01_2024,55.507669,-21.286309
4370,4371,REU.4.3_1,REU.4.3_1,0.064176007920347,0.291102023744581,0.226926015824234,2024.81069718812,2024.87487319604,NA,NA,NA
4142,4304,REU.4.3_1,REU.4.3_1,0.029673169907426,0.293106050282243,0.263432880374817,2024.84720405267,2024.87687722258,NA,NA,NA
5625,5677,REU.3.1_1,REU.3.1_1,0.00944235541692151,0.294860713102991,0.285418357686069,2024.86918952998,2024.8786318854,NA,NA,NA
3515,3516,REU.3.1_1,REU.3.1_1,0.0404734728071834,0.294957767575235,0.254484294768052,2024.83825546706,2024.87872893987,NA,NA,NA
5954,5978,REU.3.1_1,REU.3.1_1,0.00693070045728095,0.295322673297359,0.288391972840078,2024.87216314514,2024.87909384559,NA,NA,NA
3244,3245,REU.3.1_1,REU.3.1_1,0.0321620740711404,0.295355786198034,0.263193712126894,2024.84696488442,2024.87912695849,NA,NA,NA
3289,3327,REU.3.1_1,REU.3.1_1,0.0239288336570515,0.295607024100409,0.271678190443357,2024.85544936274,2024.8793781964,NA,NA,NA
5876,1919,REU.3.1_1,REU.3.1_1,0.0302021537093418,0.296010248468627,0.265808094759285,2024.84957926706,2024.87978142077,CHIKV_RUN_S5b09_2024,55.365166,-21.257606
5954,5955,REU.3.1_1,REU.3.1_1,0.00869530786846706,0.297087280708545,0.288391972840078,2024.87216314514,2024.880858453,NA,NA,NA
4994,5029,REU.4.3_1,REU.4.3_1,0.0154283602544576,0.297848470097421,0.282420109842964,2024.86619128214,2024.88161964239,NA,NA,NA
5622,5867,REU.3.1_1,REU.3.1_1,0.056516876293389,0.298461854690205,0.241944978396816,2024.82571615069,2024.88223302699,NA,NA,NA
3400,3401,REU.3.1_1,REU.3.1_1,0.0749865020970627,0.300206179062569,0.225219676965506,2024.80899084926,2024.88397735136,NA,NA,NA
5677,5678,REU.3.1_1,REU.3.1_1,0.00617672315013362,0.301037436253124,0.294860713102991,2024.8786318854,2024.88480860855,NA,NA,NA
4599,4878,REU.4.3_1,REU.4.3_1,0.0270558561186834,0.301119040809939,0.274063184691255,2024.85783435699,2024.88489021311,NA,NA,NA
3242,3391,REU.3.1_1,REU.3.1_1,0.0771646888551416,0.301582382235252,0.224417693380111,2024.80818886568,2024.88535355453,NA,NA,NA
4642,4675,REU.4.3_1,REU.4.3_1,0.0158333148276467,0.303336619070572,0.287503304242925,2024.87127447654,2024.88710779137,NA,NA,NA
4026,4095,REU.4.3_1,REU.4.3_1,0.0680644842151362,0.303599842556695,0.235535358341559,2024.81930653064,2024.88737101485,NA,NA,NA
5624,5768,REU.3.1_1,REU.3.1_1,0.0454575900054953,0.304457054098383,0.258999464092888,2024.84277063639,2024.8882282264,NA,NA,NA
3516,3517,REU.3.1_1,REU.3.1_1,0.011593499700292,0.306551267275527,0.294957767575235,2024.87872893987,2024.89032243957,NA,NA,NA
5841,5842,REU.3.1_1,REU.3.1_1,0.0395177567855491,0.307678480106087,0.268160723320538,2024.85193189562,2024.8914496524,NA,NA,NA
4027,4054,REU.4.8_1,REU.4.8_1,0.0221123921736047,0.307680057844444,0.28556766567084,2024.86933883797,2024.89145123014,NA,NA,NA
3515,3597,REU.3.1_1,REU.3.1_1,0.0536281176823477,0.3081124124504,0.254484294768052,2024.83825546706,2024.89188358475,NA,NA,NA
5842,2701,REU.3.1_1,REU.3.1_1,0.00199297054817038,0.309671450654258,0.307678480106087,2024.8914496524,2024.89344262295,CHIKV_RUN_S8b03_2024,55.367555,-21.25695
3119,3120,REU.3.1_1,REU.3.1_1,0.0261261228454687,0.31024935509888,0.284123232253411,2024.86789440455,2024.8940205274,NA,NA,NA
4969,4970,REU.4.3_1,REU.4.3_1,0.0550518590777253,0.311585167657337,0.256533308579612,2024.84030448088,2024.89535633995,NA,NA,NA
3597,3600,REU.3.1_1,REU.3.1_1,0.00353046518373956,0.311642877634139,0.3081124124504,2024.89188358475,2024.89541404993,NA,NA,NA
4144,4145,REU.4.3_1,REU.4.3_1,0.0340158700260077,0.312674996371158,0.27865912634515,2024.86243029864,2024.89644616867,NA,NA,NA
5497,5498,REU.3.1_1,REU.3.1_1,0.106233533520061,0.315048409431465,0.208814875911403,2024.79258604821,2024.89881958173,NA,NA,NA
3327,2703,REU.3.1_1,REU.3.1_1,0.0195289074283286,0.315135931528737,0.295607024100409,2024.8793781964,2024.89890710383,CHIKV_RUN_S8b01_2024,55.365339,-21.256825
4304,4305,REU.4.3_1,REU.4.3_1,0.0236175075732141,0.316723557855457,0.293106050282243,2024.87687722258,2024.90049473015,NA,NA,NA
3289,3290,REU.3.1_1,REU.3.1_1,0.0452096655851488,0.316887856028506,0.271678190443357,2024.85544936274,2024.90065902832,NA,NA,NA
5498,5499,REU.3.1_1,REU.3.1_1,0.00201622562420467,0.317064635055669,0.315048409431465,2024.89881958173,2024.90083580735,NA,NA,NA
6029,6030,REU.3.1_1,REU.3.1_1,0.0266054953753383,0.317086340242124,0.290480844866786,2024.87425201716,2024.90085751254,NA,NA,NA
5877,5924,REU.3.1_1,REU.3.1_1,0.0372752997583611,0.31721621866315,0.279940918904788,2024.8637120912,2024.90098739096,NA,NA,NA
5677,5714,REU.3.1_1,REU.3.1_1,0.0225649720098854,0.317425685112876,0.294860713102991,2024.8786318854,2024.90119685741,NA,NA,NA
3120,3121,REU.3.1_1,REU.3.1_1,0.00728031528746387,0.317529670386344,0.31024935509888,2024.8940205274,2024.90130084268,NA,NA,NA
3600,3601,REU.3.1_1,REU.3.1_1,0.00631099836432081,0.31795387599846,0.311642877634139,2024.89541404993,2024.9017250483,NA,NA,NA
6125,6162,REU.3.1_1,REU.3.1_1,0.0639522320793714,0.318385554883593,0.254433322804222,2024.8382044951,2024.90215672718,NA,NA,NA
3345,3346,REU.3.1_1,REU.3.1_1,0.0394165966703385,0.31902056955542,0.279603972885081,2024.86337514518,2024.90279174185,NA,NA,NA
5029,5257,REU.4.3_1,REU.4.3_1,0.021255818816882,0.319104288914303,0.297848470097421,2024.88161964239,2024.90287546121,NA,NA,NA
4675,4702,REU.4.3_1,REU.4.3_1,0.0163843277584662,0.319720946829038,0.303336619070572,2024.88710779137,2024.90349211913,NA,NA,NA
3827,3828,REU.4.3_1,REU.4.3_1,0.0416191942557793,0.32000475965357,0.278385565397791,2024.86215673769,2024.90377593195,NA,NA,NA
3601,3602,REU.3.1_1,REU.3.1_1,0.00240352213341299,0.320357398131873,0.31795387599846,2024.9017250483,2024.90412857043,NA,NA,NA
5876,2400,REU.3.1_1,REU.3.1_1,0.0547923176437046,0.32060041240299,0.265808094759285,2024.84957926706,2024.9043715847,CHIKV_RUN_S8b06_2024,55.364925,-21.256758
5257,5258,REU.4.3_1,REU.4.3_1,0.00161303067767826,0.320717319591981,0.319104288914303,2024.90287546121,2024.90448849189,NA,NA,NA
5978,5979,REU.3.1_1,REU.3.1_1,0.025846768566813,0.321169441864172,0.295322673297359,2024.87909384559,2024.90494061416,NA,NA,NA
3401,3443,REU.3.1_1,REU.3.1_1,0.021535629437316,0.321741808499885,0.300206179062569,2024.88397735136,2024.9055129808,NA,NA,NA
4602,4625,REU.4.3_1,REU.4.3_1,0.0378412678695326,0.321898199843509,0.284056931973977,2024.86782810427,2024.90566937214,NA,NA,NA
3517,3518,REU.3.1_1,REU.3.1_1,0.0186723400520392,0.325223607327566,0.306551267275527,2024.89032243957,2024.90899477962,NA,NA,NA
5842,5843,REU.3.1_1,REU.3.1_1,0.0175990906279051,0.325277570733992,0.307678480106087,2024.8914496524,2024.90904874303,NA,NA,NA
5924,5951,REU.3.1_1,REU.3.1_1,0.00856330563140728,0.325779524294557,0.31721621866315,2024.90098739096,2024.90955069659,NA,NA,NA
4970,1768,REU.4.3_1,REU.4.3_1,0.0144797256199051,0.326064893277242,0.311585167657337,2024.89535633995,2024.90983606557,CHIKV_RUN_S8b04_2024,55.55342,-21.215457
4600,4833,REU.4.3_1,REU.4.3_1,0.0488770288072607,0.326491965259048,0.277614936451788,2024.86138610875,2024.91026313756,NA,NA,NA
5029,5030,REU.4.3_1,REU.4.3_1,0.028728899795366,0.326577369892787,0.297848470097421,2024.88161964239,2024.91034854219,NA,NA,NA
4944,4945,REU.4.3_1,REU.4.3_1,0.0407226960886344,0.328338516271699,0.287615820183064,2024.87138699248,2024.91210968857,NA,NA,NA
3597,3598,REU.3.1_1,REU.3.1_1,0.0205624442231831,0.328674856673583,0.3081124124504,2024.89188358475,2024.91244602897,NA,NA,NA
6223,2003,REU.3.1_1,REU.3.1_1,0.122323377846163,0.328797133714368,0.206473755868205,2024.79024492816,2024.91256830601,CHIKV_RUN_S8b07_2024,55.3668,-21.2598
6030,6031,REU.3.1_1,REU.3.1_1,0.0123847411185762,0.3294710813607,0.317086340242124,2024.90085751254,2024.91324225366,NA,NA,NA
5841,5865,REU.3.1_1,REU.3.1_1,0.0617566129619285,0.329917336282467,0.268160723320538,2024.85193189562,2024.91368850858,NA,NA,NA
5678,5679,REU.3.1_1,REU.3.1_1,0.0302693327769051,0.331306769030029,0.301037436253124,2024.88480860855,2024.91507794133,NA,NA,NA
5523,5524,REU.3.1_1,REU.4.5_1,0.114266141454426,0.331687574695598,0.217421433241172,2024.80119260554,2024.91545874699,NA,NA,NA
4625,4633,REU.4.3_1,REU.4.3_1,0.0109164335304226,0.332814633373932,0.321898199843509,2024.90566937214,2024.91658580567,NA,NA,NA
6162,6163,REU.3.1_1,REU.3.1_1,0.0146994566555674,0.33308501153916,0.318385554883593,2024.90215672718,2024.91685618384,NA,NA,NA
5258,5376,REU.4.3_1,REU.4.3_1,0.0123902841778523,0.333107603769834,0.320717319591981,2024.90448849189,2024.91687877607,NA,NA,NA
3245,3271,REU.3.1_1,REU.3.1_1,0.0382059628889458,0.33356174908698,0.295355786198034,2024.87912695849,2024.91733292138,NA,NA,NA
5768,5769,REU.3.1_1,REU.3.1_1,0.0296412588524678,0.334098312950851,0.304457054098383,2024.8882282264,2024.91786948525,NA,NA,NA
4118,266,REU.4.3_1,REU.4.3_1,0.123287057120805,0.334261614588848,0.210974557468043,2024.79474572976,2024.91803278689,CHIKV_RUN_S12b56_2024,55.50965,-21.285721
6031,6032,REU.3.1_1,REU.3.1_1,0.00490049576119456,0.334371577121895,0.3294710813607,2024.91324225366,2024.91814274942,NA,NA,NA
4054,4055,REU.4.8_1,REU.4.8_1,0.027187649518455,0.334867707362899,0.307680057844444,2024.89145123014,2024.91863887966,NA,NA,NA
6031,6079,REU.3.1_1,REU.3.1_1,0.00556554837080447,0.335036629731505,0.3294710813607,2024.91324225366,2024.91880780203,NA,NA,NA
5843,5854,REU.3.1_1,REU.4.6_1,0.0098751335304329,0.335152704264425,0.325277570733992,2024.90904874303,2024.91892387656,NA,NA,NA
4945,4946,REU.4.3_1,REU.4.3_1,0.00684113377281981,0.335179650044519,0.328338516271699,2024.91210968857,2024.91895082234,NA,NA,NA
5030,5031,REU.4.3_1,REU.4.3_1,0.00914294791261106,0.335720317805398,0.326577369892787,2024.91034854219,2024.9194914901,NA,NA,NA
6123,6124,REU.3.1_1,REU.3.1_1,0.151498281273681,0.335959010542216,0.184460729268535,2024.76823190157,2024.91973018284,NA,NA,NA
3290,3300,REU.3.1_1,REU.4.8_1,0.019109971248521,0.335997827277027,0.316887856028506,2024.90065902832,2024.91976899957,NA,NA,NA
3828,3948,REU.4.3_1,REU.4.3_1,0.0160442474803553,0.336049007133925,0.32000475965357,2024.90377593195,2024.91982017943,NA,NA,NA
4994,4995,REU.4.3_1,REU.4.8_1,0.053979997436964,0.336400107279928,0.282420109842964,2024.86619128214,2024.92017127958,NA,NA,NA
5030,5196,REU.4.3_1,REU.4.3_1,0.00988112254130713,0.336458492434094,0.326577369892787,2024.91034854219,2024.92022966473,NA,NA,NA
5873,1818,REU.3.1_1,REU.3.1_1,0.0976788986689262,0.336993855025974,0.239314956357048,2024.82308612865,2024.92076502732,CHIKV_RUN_S8b10_2024,55.366226,-21.25806
5955,5956,REU.3.1_1,REU.3.1_1,0.0405278351297199,0.337615115838265,0.297087280708545,2024.880858453,2024.92138628813,NA,NA,NA
3828,3829,REU.4.3_1,REU.4.3_1,0.0179909757993697,0.33799573545294,0.32000475965357,2024.90377593195,2024.92176690775,NA,NA,NA
3745,3746,REU.4.5_1,REU.4.5_1,0.0585420341697491,0.338829204069644,0.280287169899894,2024.8640583422,2024.92260037637,NA,NA,NA
3829,3832,REU.4.3_1,REU.4.3_1,0.00119946697726825,0.339195202430208,0.33799573545294,2024.92176690775,2024.92296637473,NA,NA,NA
3118,3158,REU.3.1_1,REU.3.1_1,0.0589931099450957,0.339367166956067,0.280374057010971,2024.86414522931,2024.92313833925,NA,NA,NA
5769,2735,REU.3.1_1,REU.3.1_1,0.00562778251224916,0.3397260954631,0.334098312950851,2024.91786948525,2024.92349726776,CHIKV_RUN_S12b70_2024,55.36742,-21.260008
5854,1814,REU.4.6_1,REU.4.6_1,0.00457339119867495,0.3397260954631,0.335152704264425,2024.91892387656,2024.92349726776,CHIKV_RUN_S8b13_2024,55.450236,-21.274307
4702,4717,REU.4.3_1,REU.4.3_1,0.0202043433442363,0.339925290173274,0.319720946829038,2024.90349211913,2024.92369646247,NA,NA,NA
5524,5529,REU.4.5_1,REU.4.5_1,0.00836722900754816,0.340054803703146,0.331687574695598,2024.91545874699,2024.923825976,NA,NA,NA
6079,6083,REU.3.1_1,REU.3.1_1,0.005768479850641,0.340805109582146,0.335036629731505,2024.91880780203,2024.92457628188,NA,NA,NA
5924,5925,REU.3.1_1,REU.3.1_1,0.0236577397279826,0.340873958391132,0.31721621866315,2024.90098739096,2024.92464513069,NA,NA,NA
5979,5985,REU.3.1_1,REU.3.1_1,0.0199381773766696,0.341107619240842,0.321169441864172,2024.90494061416,2024.92487879154,NA,NA,NA
3443,3444,REU.3.1_1,REU.3.1_1,0.0198404635657768,0.341582272065662,0.321741808499885,2024.9055129808,2024.92535344436,NA,NA,NA
3121,3122,REU.3.1_1,REU.3.1_1,0.0240752881924465,0.34160495857879,0.317529670386344,2024.90130084268,2024.92537613088,NA,NA,NA
3399,3717,REU.3.1_1,REU.3.4_1,0.153290471344597,0.341626482373133,0.188336011028536,2024.77210718333,2024.92539765467,NA,NA,NA
6028,2702,REU.3.1_1,REU.3.1_1,0.0752388822822061,0.342458335900226,0.26721945361802,2024.85099062591,2024.9262295082,CHIKV_RUN_S12b75_2024,55.366999,-21.260304
3345,2642,REU.3.1_1,REU.3.1_1,0.0628543630151454,0.342458335900226,0.279603972885081,2024.86337514518,2024.9262295082,CHIKV_RUN_S12b57_2024,55.375341,-21.265219
5714,5715,REU.3.1_1,REU.3.1_1,0.025306770822116,0.342732455934992,0.317425685112876,2024.90119685741,2024.92650362823,NA,NA,NA
6162,6192,REU.3.1_1,REU.3.1_1,0.0243566453642707,0.342742200247864,0.318385554883593,2024.90215672718,2024.92651337254,NA,NA,NA
5843,5844,REU.3.1_1,REU.3.1_1,0.0190709254844587,0.344348496218451,0.325277570733992,2024.90904874303,2024.92811966851,NA,NA,NA
3120,3144,REU.3.1_1,REU.3.1_1,0.0345863836059109,0.344835738704791,0.31024935509888,2024.8940205274,2024.928606911,NA,NA,NA
6124,1771,REU.3.1_1,REU.3.1_1,0.00923156579513651,0.345190576337353,0.335959010542216,2024.91973018284,2024.92896174863,CHIKV_RUN_S8b15_2024,55.366468,-21.260281
5985,2736,REU.3.1_1,REU.3.1_1,0.00408295709651096,0.345190576337353,0.341107619240842,2024.92487879154,2024.92896174863,CHIKV_RUN_S8b14_2024,55.3668,-21.2598
3158,3186,REU.3.1_1,REU.3.1_1,0.00715706422669482,0.346524231182762,0.339367166956067,2024.92313833925,2024.93029540348,NA,NA,NA
5031,5103,REU.4.3_1,REU.4.3_1,0.0109481394050011,0.346668457210399,0.335720317805398,2024.9194914901,2024.93043962951,NA,NA,NA
5867,3088,REU.3.1_1,REU.3.1_1,0.0494609620842736,0.347922816774479,0.298461854690205,2024.88223302699,2024.93169398907,CHIKV_RUN_S8b17_2024,55.367306,-21.258026
6163,63,REU.3.1_1,REU.3.1_1,0.0148378052353183,0.347922816774479,0.33308501153916,2024.91685618384,2024.93169398907,CHIKV_RUN_S12b81_2024,55.366316,-21.258659
3186,3187,REU.3.1_1,REU.3.1_1,0.00153819939671918,0.348062430579481,0.346524231182762,2024.93029540348,2024.93183360288,NA,NA,NA
6029,6086,REU.3.1_1,REU.3.1_1,0.0578699230336307,0.348350767900416,0.290480844866786,2024.87425201716,2024.9321219402,NA,NA,NA
4121,4122,REU.4.3_1,REU.4.3_1,0.0777307398324104,0.348800701393713,0.271069961561303,2024.85484113386,2024.93257187369,NA,NA,NA
4878,4893,REU.4.3_1,REU.4.3_1,0.0480236172202936,0.349142658030232,0.301119040809939,2024.88489021311,2024.93291383033,NA,NA,NA
5625,5626,REU.3.1_1,REU.3.1_1,0.0640502398995128,0.349468597585582,0.285418357686069,2024.86918952998,2024.93323976988,NA,NA,NA
4371,4436,REU.4.3_1,REU.4.3_1,0.0584716320365868,0.349573655781168,0.291102023744581,2024.87487319604,2024.93334482808,NA,NA,NA
5103,5104,REU.4.3_1,REU.4.3_1,0.00379251355647625,0.350460970766875,0.346668457210399,2024.93043962951,2024.93423214306,NA,NA,NA
5985,5986,REU.3.1_1,REU.3.1_1,0.00939157322497575,0.350499192465817,0.341107619240842,2024.92487879154,2024.93427036476,NA,NA,NA
4717,4809,REU.4.3_1,REU.4.3_1,0.0106309456542526,0.350556235827527,0.339925290173274,2024.92369646247,2024.93432740812,NA,NA,NA
5978,6002,REU.3.1_1,REU.3.1_1,0.0552378329868628,0.350560506284222,0.295322673297359,2024.87909384559,2024.93433167858,NA,NA,NA
3600,3687,REU.3.1_1,REU.3.1_1,0.0390740858730348,0.350716963507174,0.311642877634139,2024.89541404993,2024.9344881358,NA,NA,NA
3518,3519,REU.3.1_1,REU.3.1_1,0.0258884552252023,0.351112062552769,0.325223607327566,2024.90899477962,2024.93488323485,NA,NA,NA
4602,4603,REU.4.3_1,REU.4.3_1,0.067322988776306,0.351379920750283,0.284056931973977,2024.86782810427,2024.93515109305,NA,NA,NA
3832,3833,REU.4.3_1,REU.4.3_1,0.0125080301848113,0.351703232615019,0.339195202430208,2024.92296637473,2024.93547440491,NA,NA,NA
3245,3246,REU.3.1_1,REU.3.1_1,0.0586162227269029,0.353972008924937,0.295355786198034,2024.87912695849,2024.93774318122,NA,NA,NA
6083,6084,REU.3.1_1,REU.3.1_1,0.0136891071981242,0.35449421678027,0.340805109582146,2024.92457628188,2024.93826538908,NA,NA,NA
3948,3949,REU.4.3_1,REU.4.3_1,0.0188552380238296,0.354904245157755,0.336049007133925,2024.91982017943,2024.93867541745,NA,NA,NA
4833,4834,REU.4.3_1,REU.4.3_1,0.0293517263554559,0.355843691614504,0.326491965259048,2024.91026313756,2024.93961486391,NA,NA,NA
5031,5032,REU.4.3_1,REU.4.3_1,0.0207877368468967,0.356508054652295,0.335720317805398,2024.9194914901,2024.94027922695,NA,NA,NA
3246,3247,REU.3.1_1,REU.3.1_1,0.00255141646895041,0.356523425393887,0.353972008924937,2024.93774318122,2024.94029459769,NA,NA,NA
5376,5377,REU.4.3_1,REU.4.3_1,0.0234979731069331,0.356605576876767,0.333107603769834,2024.91687877607,2024.94037674917,NA,NA,NA
4717,4718,REU.4.3_1,REU.4.3_1,0.0169073786033314,0.356832668776605,0.339925290173274,2024.92369646247,2024.94060384107,NA,NA,NA
4305,4306,REU.4.3_1,REU.4.3_1,0.040568155572896,0.357291713428353,0.316723557855457,2024.90049473015,2024.94106288572,NA,NA,NA
5529,5543,REU.4.5_1,REU.4.5_1,0.0177326843342522,0.357787488037398,0.340054803703146,2024.923825976,2024.94155866033,NA,NA,NA
4718,4743,REU.4.3_1,REU.4.3_1,0.00101737216727316,0.357850040943879,0.356832668776605,2024.94060384107,2024.94162121324,NA,NA,NA
3327,3328,REU.3.1_1,REU.3.1_1,0.063001591034893,0.358608615135302,0.295607024100409,2024.8793781964,2024.94237978743,NA,NA,NA
5258,5259,REU.4.3_1,REU.4.3_1,0.0379079825466678,0.358625302138649,0.320717319591981,2024.90448849189,2024.94239647444,NA,NA,NA
3601,2669,REU.3.1_1,REU.3.1_1,0.0408979025247509,0.358851778523211,0.31795387599846,2024.9017250483,2024.94262295082,CHIKV_RUN_S12b78_2024,55.366999,-21.260304
3346,3347,REU.3.1_1,REU.3.1_1,0.0402164831342033,0.359237052689623,0.31902056955542,2024.90279174185,2024.94300822499,NA,NA,NA
5986,5987,REU.3.1_1,REU.3.1_1,0.00957626726190619,0.360075459727724,0.350499192465817,2024.93427036476,2024.94384663202,NA,NA,NA
3444,3007,REU.3.1_1,REU.3.1_1,0.0200017468946753,0.361584018960337,0.341582272065662,2024.92535344436,2024.94535519126,CHIKV_RUN_S8b26_2024,55.367536,-21.255162
5986,2172,REU.3.1_1,REU.3.1_1,0.0110848264945196,0.361584018960337,0.350499192465817,2024.93427036476,2024.94535519126,CHIKV_RUN_S12b63_2024,55.335646,-21.271694
4144,4223,REU.4.3_1,REU.4.3_1,0.0834394530115753,0.362098579356725,0.27865912634515,2024.86243029864,2024.94586975165,NA,NA,NA
6223,6224,REU.3.1_1,REU.3.1_1,0.156877519438368,0.363351275306573,0.206473755868205,2024.79024492816,2024.9471224476,NA,NA,NA
5376,5379,REU.4.3_1,REU.4.3_1,0.030338823471987,0.363446427241821,0.333107603769834,2024.91687877607,2024.94721759954,NA,NA,NA
4145,4151,REU.4.3_1,REU.4.3_1,0.0509177933500089,0.363592789721167,0.312674996371158,2024.89644616867,2024.94736396202,NA,NA,NA
4121,363,REU.4.3_1,REU.4.8_1,0.0932462978361604,0.364316259397463,0.271069961561303,2024.85484113386,2024.94808743169,CHIKV_RUN_S12b54_2024,55.496277,-21.271636
5865,2241,REU.3.1_1,REU.3.1_1,0.0343989231149965,0.364316259397463,0.329917336282467,2024.91368850858,2024.94808743169,CHIKV_RUN_S8b24_2024,55.365547,-21.258072
5925,2589,REU.3.1_1,REU.3.1_1,0.023442301006331,0.364316259397463,0.340873958391132,2024.92464513069,2024.94808743169,CHIKV_RUN_S9b19_2025,55.366333,-21.258894
6002,2293,REU.3.1_1,REU.3.1_1,0.0137557531132413,0.364316259397463,0.350560506284222,2024.93433167858,2024.94808743169,CHIKV_RUN_S8b25_2024,55.365547,-21.258072
5768,5782,REU.3.1_1,REU.3.1_1,0.0603331449050982,0.364790199003482,0.304457054098383,2024.8882282264,2024.9485613713,NA,NA,NA
5877,5878,REU.3.1_1,REU.4.3_1,0.0851267933060638,0.365067712210852,0.279940918904788,2024.8637120912,2024.94883888451,NA,NA,NA
4151,4152,REU.4.3_1,REU.4.3_1,0.00175645888521236,0.365349248606379,0.363592789721167,2024.94736396202,2024.9491204209,NA,NA,NA
5104,5105,REU.4.3_1,REU.4.3_1,0.0154765461070137,0.365937516873889,0.350460970766875,2024.93423214306,2024.94970868917,NA,NA,NA
3401,3402,REU.3.1_1,REU.3.1_1,0.0658061249541672,0.366012304016736,0.300206179062569,2024.88397735136,2024.94978347631,NA,NA,NA
4055,4056,REU.4.8_1,REU.4.8_1,0.0315731496588219,0.366440857021721,0.334867707362899,2024.91863887966,2024.95021202932,NA,NA,NA
4436,4437,REU.4.3_1,REU.4.3_1,0.0169836239977283,0.366557279778896,0.349573655781168,2024.93334482808,2024.95032845208,NA,NA,NA
3397,5455,REU.3.1_1,REU.3.1_1,0.203083459691866,0.366899773322963,0.163816313631097,2024.74758748593,2024.95067094562,NA,NA,NA
6030,2675,REU.3.1_1,REU.3.1_1,0.0499621595924654,0.367048499834589,0.317086340242124,2024.90085751254,2024.95081967213,CHIKV_RUN_S9b27_2025,55.365944,-21.258234
3144,2738,REU.3.1_1,REU.3.1_1,0.0222127611297985,0.367048499834589,0.344835738704791,2024.928606911,2024.95081967213,CHIKV_RUN_S8b29_2024,55.367755,-21.255332
3121,3124,REU.3.1_1,REU.3.1_1,0.0508612279248961,0.36839089831124,0.317529670386344,2024.90130084268,2024.95216207061,NA,NA,NA
4436,4565,REU.4.3_1,REU.4.3_1,0.0190803207240143,0.368653976505182,0.349573655781168,2024.93334482808,2024.9524251488,NA,NA,NA
5259,5260,REU.4.3_1,REU.4.3_1,0.0109433520833719,0.369568654222021,0.358625302138649,2024.94239647444,2024.95333982652,NA,NA,NA
3347,3348,REU.3.1_1,REU.3.1_1,0.0106905493591052,0.369927602048728,0.359237052689623,2024.94300822499,2024.95369877435,NA,NA,NA
4893,4894,REU.4.3_1,REU.4.3_1,0.0209951223207611,0.370137780350993,0.349142658030232,2024.93291383033,2024.95390895265,NA,NA,NA
4371,4372,REU.4.3_1,REU.4.3_1,0.0791265356442195,0.370228559388801,0.291102023744581,2024.87487319604,2024.95399973169,NA,NA,NA
3516,3596,REU.3.1_1,REU.3.1_1,0.0758229538455911,0.370780721420826,0.294957767575235,2024.87872893987,2024.95455189372,NA,NA,NA
4305,4343,REU.4.3_1,REU.4.3_1,0.0540595777855638,0.370783135641021,0.316723557855457,2024.90049473015,2024.95455430794,NA,NA,NA
5925,5926,REU.3.1_1,REU.3.1_1,0.0301210017353748,0.370994960126507,0.340873958391132,2024.92464513069,2024.95476613242,NA,NA,NA
4894,4895,REU.4.3_1,REU.4.3_1,0.00142560127555524,0.371563381626549,0.370137780350993,2024.95390895265,2024.95533455392,NA,NA,NA
5878,5879,REU.4.3_1,REU.4.3_1,0.00664887729756258,0.371716589508415,0.365067712210852,2024.94883888451,2024.9554877618,NA,NA,NA
3290,3291,REU.3.1_1,REU.3.1_1,0.0551377826599698,0.372025638688476,0.316887856028506,2024.90065902832,2024.95579681099,NA,NA,NA
5626,5627,REU.3.1_1,REU.3.1_1,0.0228846491053228,0.372353246690905,0.349468597585582,2024.93323976988,2024.95612441899,NA,NA,NA
3391,2292,REU.3.1_1,REU.3.1_1,0.0709305984738169,0.372512980709069,0.301582382235252,2024.88535355453,2024.95628415301,CHIKV_RUN_S12b62_2024,55.368633,-21.256765
4056,1460,REU.4.8_1,REU.4.8_1,0.00607212368734789,0.372512980709069,0.366440857021721,2024.95021202932,2024.95628415301,CHIKV_RUN_S12b53_2024,55.494449,-21.268551
3596,2240,REU.3.1_1,REU.3.1_1,0.00173225928824261,0.372512980709069,0.370780721420826,2024.95455189372,2024.95628415301,CHIKV_RUN_S8b34_2024,55.360735,-21.261353
5854,5855,REU.4.6_1,REU.4.6_1,0.0376578014436576,0.372810505708083,0.335152704264425,2024.91892387656,2024.956581678,NA,NA,NA
3832,3906,REU.4.3_1,REU.4.3_1,0.033835129791658,0.373030332221866,0.339195202430208,2024.92296637473,2024.95680150452,NA,NA,NA
5103,5181,REU.4.3_1,REU.4.3_1,0.0266435931150707,0.37331205032547,0.346668457210399,2024.93043962951,2024.95708322262,NA,NA,NA
5855,5859,REU.4.6_1,REU.4.6_1,0.000821749462487142,0.37363225517057,0.372810505708083,2024.956581678,2024.95740342747,NA,NA,NA
4437,4438,REU.4.3_1,REU.4.3_1,0.0072470398297757,0.373804319608672,0.366557279778896,2024.95032845208,2024.9575754919,NA,NA,NA
5379,5441,REU.4.3_1,REU.4.3_1,0.0104969685536426,0.373943395795463,0.363446427241821,2024.94721759954,2024.95771456809,NA,NA,NA
5455,5456,REU.3.1_1,REU.3.1_1,0.00763760255340551,0.374537375876369,0.366899773322963,2024.95067094562,2024.95830854817,NA,NA,NA
5627,5628,REU.3.1_1,REU.3.1_1,0.00224330190246813,0.374596548593373,0.372353246690905,2024.95612441899,2024.95836772089,NA,NA,NA
4438,4518,REU.4.3_1,REU.4.3_1,0.000827921476417304,0.374632241085089,0.373804319608672,2024.9575754919,2024.95840341338,NA,NA,NA
3124,3125,REU.3.1_1,REU.3.1_1,0.00670658251539491,0.375097480826635,0.36839089831124,2024.95216207061,2024.95886865312,NA,NA,NA
4633,1480,REU.4.3_1,REU.4.3_1,0.0424305877722635,0.375245221146195,0.332814633373932,2024.91658580567,2024.95901639344,CHIKV_RUN_S8b54_2024,55.507856,-21.286776
5628,2549,REU.3.1_1,REU.3.1_1,0.000648672552822305,0.375245221146195,0.374596548593373,2024.95836772089,2024.95901639344,CHIKV_RUN_S12b14_2025,55.36634,-21.257965
4809,4810,REU.4.3_1,REU.4.3_1,0.0249304056515557,0.375486641479082,0.350556235827527,2024.93432740812,2024.95925781378,NA,NA,NA
4223,4224,REU.4.3_1,REU.4.3_1,0.0137509643237651,0.37584954368049,0.362098579356725,2024.94586975165,2024.95962071598,NA,NA,NA
5782,5799,REU.3.1_1,REU.3.1_1,0.0112378388895878,0.376028037893069,0.364790199003482,2024.9485613713,2024.95979921019,NA,NA,NA
5259,5273,REU.4.3_1,REU.4.4_1,0.0174408324888096,0.376066134627459,0.358625302138649,2024.94239647444,2024.95983730692,NA,NA,NA
3247,3248,REU.3.1_1,REU.3.1_1,0.0209305777743756,0.377454003168263,0.356523425393887,2024.94029459769,2024.96122517546,NA,NA,NA
6032,6033,REU.3.1_1,REU.3.1_1,0.0431195845564721,0.377491161678367,0.334371577121895,2024.91814274942,2024.96126233397,NA,NA,NA
4893,4919,REU.4.3_1,REU.4.8_1,0.0287481493633786,0.377890807393611,0.349142658030232,2024.93291383033,2024.96166197969,NA,NA,NA
5874,2737,REU.3.1_1,REU.3.1_1,0.128813191822771,0.377977461583321,0.24916426976055,2024.83293544206,2024.96174863388,CHIKV_RUN_S9b28_2025,55.366973,-21.260719
5499,3087,REU.3.1_1,REU.3.1_1,0.060912826527652,0.377977461583321,0.317064635055669,2024.90083580735,2024.96174863388,CHIKV_RUN_S9b50_2025,55.367266,-21.257385
6084,2004,REU.3.1_1,REU.3.1_1,0.0234832448030515,0.377977461583321,0.35449421678027,2024.93826538908,2024.96174863388,CHIKV_RUN_S9b42_2025,55.368633,-21.256765
3247,2790,REU.3.1_1,REU.3.1_1,0.021454036189434,0.377977461583321,0.356523425393887,2024.94029459769,2024.96174863388,CHIKV_RUN_S9b46_2025,55.367704,-21.256858
3347,2150,REU.3.1_1,REU.3.1_1,0.0187404088936984,0.377977461583321,0.359237052689623,2024.94300822499,2024.96174863388,CHIKV_RUN_S12b15_2025,55.365944,-21.258234
5987,2205,REU.3.1_1,REU.3.1_1,0.0179020018555978,0.377977461583321,0.360075459727724,2024.94384663202,2024.96174863388,CHIKV_RUN_S12b20_2025,55.365206,-21.258791
3596,2239,REU.3.1_1,REU.3.1_1,0.00719674016249494,0.377977461583321,0.370780721420826,2024.95455189372,2024.96174863388,CHIKV_RUN_S9b49_2025,55.363511,-21.258699
5441,1361,REU.4.3_1,REU.1.3_1,0.00403406578785814,0.377977461583321,0.373943395795463,2024.95771456809,2024.96174863388,CHIKV_RUN_S12b21_2025,55.65664,-20.958424
5543,5544,REU.4.5_1,REU.4.5_1,0.0203717849741205,0.378159273011519,0.357787488037398,2024.94155866033,2024.96193044531,NA,NA,NA
3444,3445,REU.3.1_1,REU.3.1_1,0.0366077649451275,0.378190037010789,0.341582272065662,2024.92535344436,2024.96196120931,NA,NA,NA
4878,4879,REU.4.3_1,REU.4.3_1,0.0770709985985332,0.378190039408472,0.301119040809939,2024.88489021311,2024.9619612117,NA,NA,NA
5104,5135,REU.4.3_1,REU.4.3_1,0.0279207195275341,0.37838169029441,0.350460970766875,2024.93423214306,2024.96215286259,NA,NA,NA
5032,5053,REU.4.3_1,REU.4.3_1,0.0220529826069746,0.37856103725927,0.356508054652295,2024.94027922695,2024.96233220956,NA,NA,NA
5053,5054,REU.4.3_1,REU.4.3_1,0.000259373038179578,0.378820410297449,0.37856103725927,2024.96233220956,2024.96259158259,NA,NA,NA
5455,5462,REU.3.1_1,REU.3.1_1,0.0120101433427953,0.378909916665759,0.366899773322963,2024.95067094562,2024.96268108896,NA,NA,NA
3122,3123,REU.3.1_1,REU.3.1_1,0.0373895939532698,0.37899455253206,0.34160495857879,2024.92537613088,2024.96276572483,NA,NA,NA
5799,5800,REU.3.1_1,REU.3.1_1,0.00298851102542874,0.379016548918498,0.376028037893069,2024.95979921019,2024.96278772121,NA,NA,NA
4565,4566,REU.4.3_1,REU.4.3_1,0.0104452186893059,0.379099195194488,0.368653976505182,2024.9524251488,2024.96287036749,NA,NA,NA
4306,4307,REU.4.3_1,REU.4.3_1,0.0218243071960288,0.379116020624382,0.357291713428353,2024.94106288572,2024.96288719292,NA,NA,NA
4603,4624,REU.4.3_1,REU.4.3_1,0.0281655497954143,0.379545470545697,0.351379920750283,2024.93515109305,2024.96331664284,NA,NA,NA
4151,4172,REU.4.3_1,REU.4.3_1,0.0160617688239355,0.379654558545102,0.363592789721167,2024.94736396202,2024.96342573084,NA,NA,NA
5544,5587,REU.4.5_1,REU.4.5_1,0.001500155515616,0.379659428527135,0.378159273011519,2024.96193044531,2024.96343060082,NA,NA,NA
5054,5055,REU.4.3_1,REU.4.3_1,0.000988986919091328,0.37980939721654,0.378820410297449,2024.96259158259,2024.96358056951,NA,NA,NA
5800,5835,REU.3.1_1,REU.3.1_1,0.00101389181850986,0.380030440737008,0.379016548918498,2024.96278772121,2024.96380161303,NA,NA,NA
5105,5106,REU.4.3_1,REU.4.3_1,0.0143769127461206,0.38031442962001,0.365937516873889,2024.94970868917,2024.96408560192,NA,NA,NA
4895,1754,REU.4.3_1,REU.4.3_1,0.00914632039389884,0.380709702020448,0.371563381626549,2024.95533455392,2024.96448087432,CHIKV_RUN_S8b68_2024,55.521081,-21.28097
5441,1459,REU.4.3_1,REU.4.3_1,0.00676630622498431,0.380709702020448,0.373943395795463,2024.95771456809,2024.96448087432,CHIKV_RUN_S8b91_2025,55.507853,-21.286538
4307,1034,REU.4.3_1,REU.4.3_1,0.00159368139606597,0.380709702020448,0.379116020624382,2024.96288719292,2024.96448087432,CHIKV_RUN_S8b43_2024,55.562342,-21.222214
6163,6164,REU.3.1_1,REU.3.1_1,0.047746220123588,0.380831231662748,0.33308501153916,2024.91685618384,2024.96460240396,NA,NA,NA
3519,3533,REU.3.1_1,REU.3.1_1,0.0302298744573728,0.381341937010142,0.351112062552769,2024.93488323485,2024.96511310931,NA,NA,NA
3746,3747,REU.4.5_1,REU.4.5_1,0.0425703544691904,0.381399558538834,0.338829204069644,2024.92260037637,2024.96517073084,NA,NA,NA
5782,5783,REU.3.1_1,REU.3.1_1,0.0169818618310299,0.381772060834511,0.364790199003482,2024.9485613713,2024.96554323313,NA,NA,NA
3186,3215,REU.3.1_1,REU.3.1_1,0.0353449057907782,0.38186913697354,0.346524231182762,2024.93029540348,2024.96564030927,NA,NA,NA
4122,4135,REU.4.3_1,REU.4.3_1,0.0338314041699802,0.382632105563693,0.348800701393713,2024.93257187369,2024.96640327786,NA,NA,NA
3687,3713,REU.3.1_1,REU.3.1_1,0.0321091267759935,0.382826090283167,0.350716963507174,2024.9344881358,2024.96659726258,NA,NA,NA
3445,3446,REU.3.1_1,REU.3.4_1,0.00501030529502955,0.383200342305819,0.378190037010789,2024.96196120931,2024.9669715146,NA,NA,NA
4894,4916,REU.4.3_1,REU.4.3_1,0.0130626607579859,0.383200441108979,0.370137780350993,2024.95390895265,2024.96697161341,NA,NA,NA
5865,5866,REU.3.1_1,REU.3.1_1,0.0533409723726512,0.383258308655118,0.329917336282467,2024.91368850858,2024.96702948095,NA,NA,NA
3300,3301,REU.4.8_1,REU.2.5_1,0.0473673047441528,0.38336513202118,0.335997827277027,2024.91976899957,2024.96713630432,NA,NA,NA
5866,3020,REU.3.1_1,REU.3.1_1,0.000183633802455785,0.383441942457574,0.383258308655118,2024.96702948095,2024.96721311475,CHIKV_RUN_S12b11_2025,55.362512,-21.256727
4223,4244,REU.4.3_1,REU.4.3_1,0.0214583793730839,0.383556958729809,0.362098579356725,2024.94586975165,2024.96732813103,NA,NA,NA
6125,6126,REU.3.1_1,REU.3.1_1,0.129324378298599,0.383757701102821,0.254433322804222,2024.8382044951,2024.9675288734,NA,NA,NA
5679,5709,REU.3.1_1,REU.3.1_1,0.0531950288533417,0.384501797883371,0.331306769030029,2024.91507794133,2024.96827297018,NA,NA,NA
3402,3403,REU.3.1_1,REU.3.1_1,0.0190617547340116,0.385074058750748,0.366012304016736,2024.94978347631,2024.96884523105,NA,NA,NA
5379,5380,REU.4.3_1,REU.4.3_1,0.0226949961737887,0.386141423415609,0.363446427241821,2024.94721759954,2024.96991259571,NA,NA,NA
3713,2550,REU.3.1_1,REU.3.1_1,0.00334809261153235,0.3861741828947,0.382826090283167,2024.96659726258,2024.96994535519,CHIKV_RUN_S12b22_2025,55.366468,-21.260281
6164,6165,REU.3.1_1,REU.3.1_1,0.00535365313921299,0.386184884801961,0.380831231662748,2024.96460240396,2024.9699560571,NA,NA,NA
5498,5509,REU.3.1_1,REU.3.1_1,0.0712890450697379,0.386337454501203,0.315048409431465,2024.89881958173,2024.9701086268,NA,NA,NA
4642,4643,REU.4.3_1,REU.4.3_1,0.0990568161162875,0.386560120359212,0.287503304242925,2024.87127447654,2024.97033129266,NA,NA,NA
3248,3260,REU.3.1_1,REU.3.1_1,0.00944583183728942,0.386899835005552,0.377454003168263,2024.96122517546,2024.9706710073,NA,NA,NA
4172,4178,REU.4.3_1,REU.4.3_1,0.00726092905007814,0.38691548759518,0.379654558545102,2024.96342573084,2024.97068665989,NA,NA,NA
4603,4604,REU.4.3_1,REU.4.3_1,0.0360606929938511,0.387440613744134,0.351379920750283,2024.93515109305,2024.97121178604,NA,NA,NA
5273,5274,REU.4.4_1,REU.4.4_1,0.0116957743622882,0.387761908989747,0.376066134627459,2024.95983730692,2024.97153308129,NA,NA,NA
4834,4852,REU.4.3_1,REU.4.3_1,0.0319447291389638,0.387788420753468,0.355843691614504,2024.93961486391,2024.97155959305,NA,NA,NA
5867,5868,REU.3.1_1,REU.4.3_1,0.0895245261247111,0.387986380814916,0.298461854690205,2024.88223302699,2024.97175755311,NA,NA,NA
6224,6225,REU.3.1_1,REU.3.1_1,0.0248568886460876,0.388208163952661,0.363351275306573,2024.9471224476,2024.97197933625,NA,NA,NA
5543,5606,REU.4.5_1,REU.4.5_1,0.0307445792845067,0.388532067321905,0.357787488037398,2024.94155866033,2024.97230323962,NA,NA,NA
4518,4562,REU.4.3_1,REU.4.3_1,0.0140553290830391,0.388687570168128,0.374632241085089,2024.95840341338,2024.97245874246,NA,NA,NA
4438,4439,REU.4.3_1,REU.4.3_1,0.0151491249665161,0.388953444575188,0.373804319608672,2024.9575754919,2024.97272461687,NA,NA,NA
5257,5442,REU.4.3_1,REU.4.3_1,0.070081989659122,0.389186278573425,0.319104288914303,2024.90287546121,2024.97295745087,NA,NA,NA
3517,3552,REU.3.1_1,REU.3.4_1,0.0828375911518313,0.389388858427359,0.306551267275527,2024.89032243957,2024.97316003072,NA,NA,NA
4919,4933,REU.4.8_1,REU.4.8_1,0.011884439971358,0.389775247364969,0.377890807393611,2024.96166197969,2024.97354641966,NA,NA,NA
3445,3481,REU.3.1_1,REU.3.1_1,0.0122037887899541,0.390393825800743,0.378190037010789,2024.96196120931,2024.9741649981,NA,NA,NA
6084,6085,REU.3.1_1,REU.3.1_1,0.035975429258313,0.390469646038583,0.35449421678027,2024.93826538908,2024.97424081834,NA,NA,NA
5544,5545,REU.4.5_1,REU.4.5_1,0.0125366948721596,0.390695967883678,0.378159273011519,2024.96193044531,2024.97446714018,NA,NA,NA
5196,5197,REU.4.3_1,REU.4.3_1,0.054245974949403,0.390704467383497,0.336458492434094,2024.92022966473,2024.97447563968,NA,NA,NA
5274,5275,REU.4.4_1,REU.4.4_1,0.00302124430620232,0.390783153295949,0.387761908989747,2024.97153308129,2024.97455432559,NA,NA,NA
3602,3639,REU.3.1_1,REU.2.3_1,0.070483053386807,0.39084045151868,0.320357398131873,2024.90412857043,2024.97461162382,NA,NA,NA
5456,2397,REU.3.1_1,REU.3.1_1,0.0171012878928107,0.39163866376918,0.374537375876369,2024.95830854817,2024.97540983607,CHIKV_RUN_S8b75_2025,55.366258,-21.259718
6225,1999,REU.3.1_1,REU.3.1_1,0.00343049981651877,0.39163866376918,0.388208163952661,2024.97197933625,2024.97540983607,CHIKV_RUN_S12b28_2025,55.366778,-21.260717
3533,3539,REU.3.1_1,REU.3.1_1,0.0104648836040894,0.391806820614231,0.381341937010142,2024.96511310931,2024.97557799291,NA,NA,NA
4152,4160,REU.4.3_1,REU.4.3_1,0.0265030734949495,0.391852322101329,0.365349248606379,2024.9491204209,2024.9756234944,NA,NA,NA
5477,5478,REU.3.1_1,REU.4.3_1,0.271315777467705,0.391897354905765,0.12058157743806,2024.70435274973,2024.9756685272,NA,NA,NA
3519,3520,REU.3.1_1,REU.3.1_1,0.0410250660197229,0.392137128572492,0.351112062552769,2024.93488323485,2024.97590830087,NA,NA,NA
3598,3599,REU.3.1_1,REU.3.1_1,0.0638015944967147,0.392476451170297,0.328674856673583,2024.91244602897,2024.97624762347,NA,NA,NA
3348,3349,REU.3.1_1,REU.3.1_1,0.022572070417446,0.392499672466174,0.369927602048728,2024.95369877435,2024.97627084476,NA,NA,NA
3533,3534,REU.3.1_1,REU.3.1_1,0.0112776629440775,0.392619599954219,0.381341937010142,2024.96511310931,2024.97639077225,NA,NA,NA
4852,4853,REU.4.3_1,REU.4.3_1,0.00496305787697993,0.392751478630448,0.387788420753468,2024.97155959305,2024.97652265093,NA,NA,NA
6086,6087,REU.3.1_1,REU.3.1_1,0.0444081074318324,0.392758875332249,0.348350767900416,2024.9321219402,2024.97653004763,NA,NA,NA
6165,6166,REU.3.1_1,REU.3.1_1,0.0070293295971493,0.393214214399111,0.386184884801961,2024.9699560571,2024.9769853867,NA,NA,NA
3271,3272,REU.3.1_1,REU.3.1_1,0.0599481286432354,0.393509877730215,0.33356174908698,2024.91733292138,2024.97728105003,NA,NA,NA
5478,5479,REU.4.3_1,REU.4.3_1,0.00175848697532432,0.393655841881089,0.391897354905765,2024.9756685272,2024.97742701418,NA,NA,NA
4095,4096,REU.4.3_1,REU.4.3_1,0.0901178749172231,0.393717717473919,0.303599842556695,2024.88737101485,2024.97748888977,NA,NA,NA
4145,4146,REU.4.3_1,REU.4.3_1,0.081331894894552,0.39400689126571,0.312674996371158,2024.89644616867,2024.97777806356,NA,NA,NA
5879,5880,REU.4.3_1,REU.4.3_1,0.0223389949870172,0.394055584495432,0.371716589508415,2024.9554877618,2024.97782675679,NA,NA,NA
5377,1030,REU.4.3_1,REU.4.3_1,0.037765327329539,0.394370904206306,0.356605576876767,2024.94037674917,2024.9781420765,CHIKV_RUN_S12b67_2024,55.495944,-21.267947
3123,1770,REU.3.1_1,REU.3.1_1,0.0153763516742457,0.394370904206306,0.37899455253206,2024.96276572483,2024.9781420765,CHIKV_RUN_S12b13_2025,55.366971,-21.25879
3349,2197,REU.3.1_1,REU.3.1_1,0.0018712317401316,0.394370904206306,0.392499672466174,2024.97627084476,2024.9781420765,CHIKV_RUN_S9b56_2025,55.367755,-21.255332
6087,6104,REU.3.1_1,REU.3.1_1,0.00176891806753943,0.394527793399788,0.392758875332249,2024.97653004763,2024.9782989657,NA,NA,NA
4970,4971,REU.4.3_1,REU.4.3_1,0.0836752931682881,0.395260460825625,0.311585167657337,2024.89535633995,2024.97903163312,NA,NA,NA
4971,4975,REU.4.3_1,REU.4.3_1,0.000139609050164857,0.39540006987579,0.395260460825625,2024.97903163312,2024.97917124217,NA,NA,NA
5783,5784,REU.3.1_1,REU.3.1_1,0.0136347481888996,0.395406809023411,0.381772060834511,2024.96554323313,2024.97917798132,NA,NA,NA
3552,3585,REU.3.4_1,REU.3.4_1,0.00601813832203091,0.39540699674939,0.389388858427359,2024.97316003072,2024.97917816905,NA,NA,NA
3481,3482,REU.3.1_1,REU.3.1_1,0.00568443527142071,0.396078261072164,0.390393825800743,2024.9741649981,2024.97984943337,NA,NA,NA
6032,6074,REU.3.1_1,REU.3.1_1,0.0631336997596462,0.397505276881541,0.334371577121895,2024.91814274942,2024.98127644918,NA,NA,NA
3827,3993,REU.4.3_1,REU.4.8_1,0.119154307473099,0.39753987287089,0.278385565397791,2024.86215673769,2024.98131104517,NA,NA,NA
4152,4153,REU.4.3_1,REU.4.3_1,0.0322346189712608,0.39758386757764,0.365349248606379,2024.9491204209,2024.98135503987,NA,NA,NA
3993,3994,REU.4.8_1,REU.4.8_1,0.000191838681173784,0.397731711552064,0.39753987287089,2024.98131104517,2024.98150288385,NA,NA,NA
6126,6127,REU.3.1_1,REU.3.1_1,0.0148904870676509,0.398648188170472,0.383757701102821,2024.9675288734,2024.98241936047,NA,NA,NA
5626,5662,REU.3.1_1,REU.3.1_1,0.0493326324632155,0.398801230048797,0.349468597585582,2024.93323976988,2024.98257240235,NA,NA,NA
4895,4896,REU.4.3_1,REU.4.8_1,0.0273532627185523,0.398916644345101,0.371563381626549,2024.95533455392,2024.98268781664,NA,NA,NA
5462,5463,REU.3.1_1,REU.2.3_1,0.0201477931675625,0.399057709833321,0.378909916665759,2024.96268108896,2024.98282888213,NA,NA,NA
5273,5332,REU.4.4_1,REU.4.4_1,0.023047940762561,0.39911407539002,0.376066134627459,2024.95983730692,2024.98288524769,NA,NA,NA
4810,4811,REU.4.3_1,REU.4.3_1,0.0236495788253004,0.399136220304383,0.375486641479082,2024.95925781378,2024.9829073926,NA,NA,NA
3215,3216,REU.3.1_1,REU.4.3_1,0.0174556318535629,0.399324768827103,0.38186913697354,2024.96564030927,2024.98309594112,NA,NA,NA
3687,3688,REU.3.1_1,REU.3.1_1,0.0486857850940001,0.399402748601174,0.350716963507174,2024.9344881358,2024.9831739209,NA,NA,NA
4743,4802,REU.4.3_1,REU.4.3_1,0.0416337995560082,0.399483840499887,0.357850040943879,2024.94162121324,2024.9832550128,NA,NA,NA
4372,4373,REU.4.3_1,REU.4.3_1,0.0293684771084044,0.399597036497205,0.370228559388801,2024.95399973169,2024.98336820879,NA,NA,NA
4995,1351,REU.4.8_1,REU.4.8_1,0.0634352778006305,0.399835385080558,0.336400107279928,2024.92017127958,2024.98360655738,CHIKV_RUN_S9b34_2025,55.474916,-21.333905
3122,2705,REU.3.1_1,REU.3.1_1,0.0582304265017678,0.399835385080558,0.34160495857879,2024.92537613088,2024.98360655738,CHIKV_RUN_S9b22_2025,55.366258,-21.259718
5462,1813,REU.3.1_1,REU.3.1_1,0.0209254684147995,0.399835385080558,0.378909916665759,2024.96268108896,2024.98360655738,CHIKV_RUN_S9b20_2025,55.364644,-21.257538
3123,2700,REU.3.1_1,REU.3.1_1,0.020840832548498,0.399835385080558,0.37899455253206,2024.96276572483,2024.98360655738,CHIKV_RUN_S9b21_2025,55.368293,-21.260142
6225,1998,REU.3.1_1,REU.3.1_1,0.0116272211278973,0.399835385080558,0.388208163952661,2024.97197933625,2024.98360655738,CHIKV_RUN_S9b23_2025,55.367444,-21.261771
3539,1855,REU.3.1_1,REU.3.1_1,0.00802856446632705,0.399835385080558,0.391806820614231,2024.97557799291,2024.98360655738,CHIKV_RUN_S8b77_2025,55.367906,-21.259218
3599,2018,REU.3.1_1,REU.3.1_1,0.00735893391026066,0.399835385080558,0.392476451170297,2024.97624762347,2024.98360655738,CHIKV_RUN_S12b18_2025,55.367335,-21.259965
3482,2964,REU.3.1_1,REU.3.1_1,0.00375712400839401,0.399835385080558,0.396078261072164,2024.97984943337,2024.98360655738,CHIKV_RUN_S9b24_2025,55.367755,-21.255332
5662,1872,REU.3.1_1,REU.3.1_1,0.00103415503176063,0.399835385080558,0.398801230048797,2024.98257240235,2024.98360655738,CHIKV_RUN_S9b47_2025,55.367704,-21.256858
3446,3448,REU.3.4_1,REU.3.4_1,0.0167270005720626,0.399927342877881,0.383200342305819,2024.9669715146,2024.98369851517,NA,NA,NA
4518,4519,REU.4.3_1,REU.4.3_1,0.0256318024836116,0.400264043568701,0.374632241085089,2024.95840341338,2024.98403521587,NA,NA,NA
3520,3521,REU.3.1_1,REU.4.6_1,0.00813799048972252,0.400275119062214,0.392137128572492,2024.97590830087,2024.98404629136,NA,NA,NA
3344,3388,REU.3.1_1,REU.3.1_1,0.161060371683521,0.400519088936015,0.239458717252494,2024.82322988955,2024.98429026123,NA,NA,NA
5956,5957,REU.3.1_1,REU.3.1_1,0.0643243849003565,0.401939500738622,0.337615115838265,2024.92138628813,2024.98571067304,NA,NA,NA
3482,3483,REU.3.1_1,REU.3.4_1,0.00594331057266906,0.402021571644833,0.396078261072164,2024.97984943337,2024.98579274394,NA,NA,NA
4343,1169,REU.4.3_1,REU.4.3_1,0.0317844898766636,0.402567625517684,0.370783135641021,2024.95455430794,2024.98633879781,CHIKV_RUN_S8b88_2025,55.531014,-21.256219
5783,1819,REU.3.1_1,REU.3.1_1,0.0207955646831728,0.402567625517684,0.381772060834511,2024.96554323313,2024.98633879781,CHIKV_RUN_S12b31_2025,55.370469,-21.279948
5709,2398,REU.3.1_1,REU.3.1_1,0.0180658276343131,0.402567625517684,0.384501797883371,2024.96827297018,2024.98633879781,CHIKV_RUN_S8b41_2024,55.366671,-21.258766
4852,1443,REU.4.3_1,REU.4.8_1,0.014779204764216,0.402567625517684,0.387788420753468,2024.97155959305,2024.98633879781,CHIKV_RUN_S8b45_2024,55.484767,-21.341844
4562,588,REU.4.3_1,REU.4.3_1,0.0138800553495558,0.402567625517684,0.388687570168128,2024.97245874246,2024.98633879781,CHIKV_RUN_S8b82_2025,55.521211,-21.284099
6085,1884,REU.3.1_1,REU.3.1_1,0.0120979794791014,0.402567625517684,0.390469646038583,2024.97424081834,2024.98633879781,CHIKV_RUN_S12b29_2025,55.3668,-21.2598
3599,2619,REU.3.1_1,REU.3.1_1,0.0100911743473868,0.402567625517684,0.392476451170297,2024.97624762347,2024.98633879781,CHIKV_RUN_S12b25_2025,55.368106,-21.256429
4896,1360,REU.4.8_1,REU.4.8_1,0.00365098117258322,0.402567625517684,0.398916644345101,2024.98268781664,2024.98633879781,CHIKV_RUN_S8b46_2024,55.494515,-21.268085
5463,2548,REU.2.3_1,REU.1.3_1,0.0035099156843631,0.402567625517684,0.399057709833321,2024.98282888213,2024.98633879781,CHIKV_RUN_S8b79_2025,55.673705,-20.951418
3388,1854,REU.3.1_1,REU.3.1_1,0.00204853658166915,0.402567625517684,0.400519088936015,2024.98429026123,2024.98633879781,CHIKV_RUN_S12b26_2025,55.36449,-21.257887
4096,4097,REU.4.3_1,REU.4.3_1,0.0092263044004276,0.402944021874346,0.393717717473919,2024.97748888977,2024.98671519417,NA,NA,NA
3745,3797,REU.4.5_1,REU.4.5_1,0.123243399441945,0.403530569341839,0.280287169899894,2024.8640583422,2024.98730174164,NA,NA,NA
5332,5333,REU.4.4_1,REU.4.4_1,0.00445766821883165,0.403571743608851,0.39911407539002,2024.98288524769,2024.98734291591,NA,NA,NA
5135,5138,REU.4.3_1,REU.4.3_1,0.0258666920797375,0.404248382374147,0.37838169029441,2024.96215286259,2024.98801955467,NA,NA,NA
5197,5228,REU.4.3_1,REU.4.3_1,0.0135484053711176,0.404252872754615,0.390704467383497,2024.97447563968,2024.98802404505,NA,NA,NA
6033,6034,REU.3.1_1,REU.3.1_1,0.0268580078096433,0.40434916948801,0.377491161678367,2024.96126233397,2024.98812034178,NA,NA,NA
4172,4173,REU.4.3_1,REU.4.3_1,0.0250626656732442,0.404717224218346,0.379654558545102,2024.96342573084,2024.98848839651,NA,NA,NA
4995,4996,REU.4.8_1,REU.4.8_1,0.0685925837213821,0.40499269100131,0.336400107279928,2024.92017127958,2024.9887638633,NA,NA,NA
3717,3718,REU.3.4_1,REU.3.4_1,0.0633918587374512,0.405018341110585,0.341626482373133,2024.92539765467,2024.98878951341,NA,NA,NA
5228,5229,REU.4.3_1,REU.4.3_1,0.000792267767914634,0.405045140522529,0.404252872754615,2024.98802404505,2024.98881631282,NA,NA,NA
4802,4803,REU.4.3_1,REU.4.3_1,0.00570406660844003,0.405187907108327,0.399483840499887,2024.9832550128,2024.9889590794,NA,NA,NA
3518,3093,REU.3.1_1,REU.4.8_1,0.0800762586272439,0.40529986595481,0.325223607327566,2024.90899477962,2024.98907103825,CHIKV_RUN_S9b57_2025,55.479401,-21.33674
6083,2754,REU.3.1_1,REU.3.1_1,0.0644947563726648,0.40529986595481,0.340805109582146,2024.92457628188,2024.98907103825,CHIKV_RUN_S8b90_2025,55.367343,-21.259531
3328,2379,REU.3.1_1,REU.3.4_1,0.0466912508195085,0.40529986595481,0.358608615135302,2024.94237978743,2024.98907103825,CHIKV_RUN_S9b26_2025,55.297344,-21.157499
4624,1070,REU.4.3_1,REU.4.3_1,0.0257543954091135,0.40529986595481,0.379545470545697,2024.96331664284,2024.98907103825,CHIKV_RUN_S8b86_2025,55.508302,-21.286593
4160,1544,REU.4.3_1,REU.1.3_1,0.0134475438534818,0.40529986595481,0.391852322101329,2024.9756234944,2024.98907103825,CHIKV_RUN_S8b87_2025,55.656723,-20.957975
6166,62,REU.3.1_1,REU.3.5_1,0.0120856515556996,0.40529986595481,0.393214214399111,2024.9769853867,2024.98907103825,CHIKV_RUN_S8b89_2025,55.239684,-21.09315
4604,4613,REU.4.3_1,REU.4.3_1,0.0181427975320159,0.40558341127615,0.387440613744134,2024.97121178604,2024.98935458357,NA,NA,NA
6127,6129,REU.3.1_1,REU.3.1_1,0.00698213648984969,0.405630324660321,0.398648188170472,2024.98241936047,2024.98940149696,NA,NA,NA
4304,4350,REU.4.3_1,REU.4.3_1,0.112549685015832,0.405655735298075,0.293106050282243,2024.87687722258,2024.98942690759,NA,NA,NA
3443,3509,REU.3.1_1,REU.3.4_1,0.0839779011174902,0.405719709617375,0.321741808499885,2024.9055129808,2024.98949088191,NA,NA,NA
5714,5734,REU.3.1_1,REU.4.6_1,0.088745050952434,0.40617073606531,0.317425685112876,2024.90119685741,2024.98994190836,NA,NA,NA
4244,4245,REU.4.3_1,REU.4.3_1,0.0227591794362297,0.406316138166039,0.383556958729809,2024.96732813103,2024.99008731046,NA,NA,NA
4743,4744,REU.4.3_1,REU.4.8_1,0.0485609738355081,0.406411014779387,0.357850040943879,2024.94162121324,2024.99018218708,NA,NA,NA
4122,4123,REU.4.3_1,REU.4.3_1,0.0576914062628001,0.406492107656513,0.348800701393713,2024.93257187369,2024.99026327995,NA,NA,NA
6166,6167,REU.3.1_1,REU.3.1_1,0.0133319493524309,0.406546163751542,0.393214214399111,2024.9769853867,2024.99031733605,NA,NA,NA
4613,4614,REU.4.3_1,REU.4.3_1,0.00112522265345194,0.406708633929601,0.40558341127615,2024.98935458357,2024.99047980623,NA,NA,NA
5627,5637,REU.3.1_1,REU.3.1_1,0.0353611453622108,0.407714392053116,0.372353246690905,2024.95612441899,2024.99148556435,NA,NA,NA
3260,3266,REU.3.1_1,REU.3.1_1,0.0216278405353183,0.408527675540871,0.386899835005552,2024.9706710073,2024.99229884784,NA,NA,NA
4519,4520,REU.4.3_1,REU.4.3_1,0.00834703975481688,0.408611083323518,0.400264043568701,2024.98403521587,2024.99238225562,NA,NA,NA
6087,6088,REU.3.1_1,REU.3.1_1,0.0165095297980312,0.40926840513028,0.392758875332249,2024.97653004763,2024.99303957743,NA,NA,NA
4373,4381,REU.4.3_1,REU.4.3_1,0.00968583233533793,0.409282868832543,0.399597036497205,2024.98336820879,2024.99305404113,NA,NA,NA
5197,5198,REU.4.3_1,REU.4.3_1,0.018640403048014,0.409344870431511,0.390704467383497,2024.97447563968,2024.99311604273,NA,NA,NA
4224,4225,REU.4.3_1,REU.4.3_1,0.0339975144670247,0.409847058147515,0.37584954368049,2024.95962071598,2024.99361823044,NA,NA,NA
5105,5122,REU.4.3_1,REU.4.3_1,0.0446111027517334,0.410548619625623,0.365937516873889,2024.94970868917,2024.99431979192,NA,NA,NA
4135,4136,REU.4.3_1,REU.4.3_1,0.0279809492369348,0.410613054800628,0.382632105563693,2024.96640327786,2024.9943842271,NA,NA,NA
4945,608,REU.4.3_1,REU.4.3_1,0.0824258305575912,0.41076434682929,0.328338516271699,2024.91210968857,2024.99453551913,CHIKV_RUN_S8b84_2025,55.499751,-21.239745
4135,896,REU.4.3_1,REU.4.8_1,0.0281322412655968,0.41076434682929,0.382632105563693,2024.96640327786,2024.99453551913,CHIKV_RUN_S8b92_2025,55.494703,-21.268366
4153,4154,REU.4.3_1,REU.4.3_1,0.0132933689967275,0.410877236574367,0.39758386757764,2024.98135503987,2024.99464840887,NA,NA,NA
4097,4098,REU.4.3_1,REU.4.3_1,0.00815382084478566,0.411097842719132,0.402944021874346,2024.98671519417,2024.99486901502,NA,NA,NA
4096,4111,REU.4.3_1,REU.4.3_1,0.0174260489831258,0.411143766457044,0.393717717473919,2024.97748888977,2024.99491493875,NA,NA,NA
5637,5638,REU.3.1_1,REU.3.1_1,0.00352294301253087,0.411237335065646,0.407714392053116,2024.99148556435,2024.99500850736,NA,NA,NA
3158,3159,REU.3.1_1,REU.3.1_1,0.0726239017366135,0.41199106869268,0.339367166956067,2024.92313833925,2024.99576224099,NA,NA,NA
5138,5154,REU.4.3_1,REU.4.3_1,0.0077541892056181,0.412002571579765,0.404248382374147,2024.98801955467,2024.99577374388,NA,NA,NA
3481,3504,REU.3.1_1,REU.3.4_1,0.0220117828273531,0.412405608628096,0.390393825800743,2024.9741649981,2024.99617678092,NA,NA,NA
3124,3137,REU.3.1_1,REU.3.1_1,0.0441905551277411,0.412581453438981,0.36839089831124,2024.95216207061,2024.99635262574,NA,NA,NA
3747,3781,REU.4.5_1,REU.4.5_1,0.0316636937638491,0.413063252302683,0.381399558538834,2024.96517073084,2024.9968344246,NA,NA,NA
5529,5530,REU.4.5_1,REU.4.5_1,0.073277958768685,0.413332762471831,0.340054803703146,2024.923825976,2024.99710393477,NA,NA,NA
6129,6131,REU.3.1_1,REU.3.1_1,0.00791883551585104,0.413549160176172,0.405630324660321,2024.98940149696,2024.99732033247,NA,NA,NA
6192,6193,REU.3.1_1,REU.2.3_1,0.0709874395965951,0.413729639844459,0.342742200247864,2024.92651337254,2024.99750081214,NA,NA,NA
4811,4812,REU.4.3_1,REU.4.3_1,0.0147461790905313,0.413882399394914,0.399136220304383,2024.9829073926,2024.99765357169,NA,NA,NA
4675,4676,REU.4.3_1,REU.4.8_1,0.111136250038284,0.414472869108855,0.303336619070572,2024.88710779137,2024.99824404141,NA,NA,NA
5509,5510,REU.3.1_1,REU.3.1_1,0.0283361503997379,0.41467360490094,0.386337454501203,2024.9701086268,2024.9984447772,NA,NA,NA
5715,5716,REU.3.1_1,REU.3.4_1,0.072095131604897,0.414827587539889,0.342732455934992,2024.92650362823,2024.99859875984,NA,NA,NA
5054,5064,REU.4.3_1,REU.4.3_1,0.0362919571320338,0.415112367429483,0.378820410297449,2024.96259158259,2024.99888353973,NA,NA,NA
4381,4382,REU.4.3_1,REU.4.3_1,0.00584214112498149,0.415125009957524,0.409282868832543,2024.99305404113,2024.99889618225,NA,NA,NA
5878,5909,REU.4.3_1,REU.4.3_1,0.0501376260375467,0.415205338248399,0.365067712210852,2024.94883888451,2024.99897651054,NA,NA,NA
5637,5661,REU.3.1_1,REU.3.1_1,0.00761576730473124,0.415330159357847,0.407714392053116,2024.99148556435,2024.99910133165,NA,NA,NA
6034,6067,REU.3.1_1,REU.3.1_1,0.0117776694473599,0.41612683893537,0.40434916948801,2024.98812034178,2024.99989801123,NA,NA,NA
4244,4254,REU.4.3_1,REU.4.3_1,0.0328122097432124,0.416369168473022,0.383556958729809,2024.96732813103,2025.00014034077,NA,NA,NA
5275,5277,REU.4.4_1,REU.4.4_1,0.0256876245198707,0.41647077781582,0.390783153295949,2024.97455432559,2025.00024195011,NA,NA,NA
4812,4816,REU.4.3_1,REU.4.3_1,0.00260984402916387,0.416492243424078,0.413882399394914,2024.99765357169,2025.00026341572,NA,NA,NA
5138,5139,REU.4.3_1,REU.4.3_1,0.0122458652875993,0.416494247661746,0.404248382374147,2024.98801955467,2025.00026541996,NA,NA,NA
6034,6035,REU.3.1_1,REU.3.1_1,0.0121508266827451,0.416499996170755,0.40434916948801,2024.98812034178,2025.00027116847,NA,NA,NA
3833,3863,REU.4.3_1,REU.4.3_1,0.064991843019234,0.416695075634253,0.351703232615019,2024.93547440491,2025.00046624793,NA,NA,NA
3504,3505,REU.3.4_1,REU.3.4_1,0.00459615141593983,0.417001760044036,0.412405608628096,2024.99617678092,2025.00077293234,NA,NA,NA
4439,4477,REU.4.3_1,REU.4.3_1,0.0284795107936225,0.417432955368811,0.388953444575188,2024.97272461687,2025.00120412767,NA,NA,NA
4055,4067,REU.4.8_1,REU.4.3_1,0.0831332454732947,0.418000952836194,0.334867707362899,2024.91863887966,2025.00177212513,NA,NA,NA
6126,6147,REU.3.1_1,REU.3.1_1,0.0342807087541054,0.418038409856926,0.383757701102821,2024.9675288734,2025.00180958215,NA,NA,NA
4853,4867,REU.4.3_1,REU.4.3_1,0.0252917884899005,0.418043267120349,0.392751478630448,2024.97652265093,2025.00181443942,NA,NA,NA
4702,4703,REU.4.3_1,REU.2.3_1,0.0984052998631552,0.418126246692193,0.319720946829038,2024.90349211913,2025.00189741899,NA,NA,NA
4520,4542,REU.4.3_1,REU.4.3_1,0.00973198396804664,0.418343067291564,0.408611083323518,2024.99238225562,2025.00211423959,NA,NA,NA
5662,5663,REU.3.1_1,REU.3.1_1,0.0195734771554644,0.418374707204262,0.398801230048797,2024.98257240235,2025.0021458795,NA,NA,NA
5628,5629,REU.3.1_1,REU.3.1_1,0.0440236655171982,0.418620214110571,0.374596548593373,2024.95836772089,2025.00239138641,NA,NA,NA
5880,5881,REU.4.3_1,REU.4.3_1,0.0247027519243995,0.418758336419832,0.394055584495432,2024.97782675679,2025.00252950872,NA,NA,NA
5638,5639,REU.3.1_1,REU.3.1_1,0.00764007793645072,0.418877413002097,0.411237335065646,2024.99500850736,2025.0026485853,NA,NA,NA
4624,1753,REU.4.3_1,REU.4.3_1,0.0394230831852029,0.4189685537309,0.379545470545697,2024.96331664284,2025.00273972603,CHIKV_RUN_S12b72_2025,55.536778,-21.195583
3403,2378,REU.3.1_1,REU.3.2_1,0.0338944949801522,0.4189685537309,0.385074058750748,2024.96884523105,2025.00273972603,CHIKV_RUN_S8b49_2025,55.350482,-21.215183
4933,168,REU.4.8_1,REU.4.8_1,0.0291933063659309,0.4189685537309,0.389775247364969,2024.97354641966,2025.00273972603,CHIKV_RUN_S9b06_2025,55.493406,-21.305081
5510,1772,REU.3.1_1,REU.3.1_1,0.00429494882995929,0.4189685537309,0.41467360490094,2024.9984447772,2025.00273972603,CHIKV_RUN_S9b04_2025,55.368499,-21.25689
5661,2213,REU.3.1_1,REU.3.1_1,0.00363839437305302,0.4189685537309,0.415330159357847,2024.99910133165,2025.00273972603,CHIKV_RUN_S12b23_2025,55.36694,-21.261172
4224,4234,REU.4.3_1,REU.4.3_1,0.043151076584808,0.419000620265298,0.37584954368049,2024.95962071598,2025.00277179256,NA,NA,NA
4178,4190,REU.4.3_1,REU.4.3_1,0.0321252885507276,0.419040776145908,0.38691548759518,2024.97068665989,2025.00281194844,NA,NA,NA
4056,4057,REU.4.8_1,REU.4.8_1,0.0526719410858127,0.419112798107534,0.366440857021721,2024.95021202932,2025.0028839704,NA,NA,NA
4381,4406,REU.4.3_1,REU.4.3_1,0.00995603213522045,0.419238900967763,0.409282868832543,2024.99305404113,2025.00301007326,NA,NA,NA
4350,4363,REU.4.3_1,REU.4.3_1,0.0138036383954226,0.419459373693497,0.405655735298075,2024.98942690759,2025.00323054599,NA,NA,NA
3718,3730,REU.3.4_1,REU.3.4_1,0.0147834517833231,0.419801792893908,0.405018341110585,2024.98878951341,2025.00357296519,NA,NA,NA
4477,4497,REU.4.3_1,REU.4.3_1,0.00263876668828966,0.4200717220571,0.417432955368811,2025.00120412767,2025.00384289435,NA,NA,NA
4373,4374,REU.4.3_1,REU.4.3_1,0.0207311523906641,0.420328188887869,0.399597036497205,2024.98336820879,2025.00409936118,NA,NA,NA
4975,4976,REU.4.3_1,REU.4.3_1,0.0250868133090386,0.420486883184829,0.39540006987579,2024.97917124217,2025.00425805548,NA,NA,NA
3688,3702,REU.3.1_1,REU.3.1_1,0.0212702322824611,0.420672980883635,0.399402748601174,2024.9831739209,2025.00444415318,NA,NA,NA
4520,4521,REU.4.3_1,REU.4.3_1,0.0126344859960698,0.421245569319588,0.408611083323518,2024.99238225562,2025.00501674162,NA,NA,NA
3539,3540,REU.3.1_1,REU.3.1_1,0.029603430864506,0.421410251478737,0.391806820614231,2024.97557799291,2025.00518142378,NA,NA,NA
4676,4677,REU.4.8_1,REU.4.8_1,0.00718717505342881,0.421660044162284,0.414472869108855,2024.99824404141,2025.00543121646,NA,NA,NA
5872,2168,REU.3.1_1,REU.3.1_1,0.195849058341464,0.421708279758257,0.225859221416793,2024.80963039371,2025.00547945205,CHIKV_RUN_S8b93_2025,55.368764,-21.255057
3272,2704,REU.3.1_1,REU.3.1_1,0.0281984020280419,0.421708279758257,0.393509877730215,2024.97728105003,2025.00547945205,CHIKV_RUN_S12b24_2025,55.368617,-21.255999
4802,635,REU.4.3_1,REU.4.3_1,0.0222244392583704,0.421708279758257,0.399483840499887,2024.9832550128,2025.00547945205,CHIKV_RUN_S8b57_2025,55.50038,-21.26625
4372,4416,REU.4.3_1,REU.4.3_1,0.0516310206714404,0.421859580060241,0.370228559388801,2024.95399973169,2025.00563075236,NA,NA,NA
3747,3748,REU.4.5_1,REU.4.5_1,0.0404831935710721,0.421882752109906,0.381399558538834,2024.96517073084,2025.00565392441,NA,NA,NA
3119,3145,REU.3.1_1,REU.3.1_1,0.13819588091496,0.422319113168371,0.284123232253411,2024.86789440455,2025.00609028546,NA,NA,NA
4245,4246,REU.4.3_1,REU.4.3_1,0.0166192191382134,0.422935357304252,0.406316138166039,2024.99008731046,2025.0067065296,NA,NA,NA
5479,5480,REU.4.3_1,REU.4.3_1,0.0294410972972722,0.423096939178361,0.393655841881089,2024.97742701418,2025.00686811147,NA,NA,NA
6088,6089,REU.3.1_1,REU.3.1_1,0.0139436624190381,0.423212067549318,0.40926840513028,2024.99303957743,2025.00698323985,NA,NA,NA
3159,3162,REU.3.1_1,REU.3.1_1,0.0113354387966981,0.423326507489378,0.41199106869268,2024.99576224099,2025.00709767979,NA,NA,NA
4565,4578,REU.4.3_1,REU.2.3_1,0.0551540675636281,0.42380804406881,0.368653976505182,2024.9524251488,2025.00757921637,NA,NA,NA
5835,5837,REU.3.1_1,REU.3.1_1,0.044414006596279,0.424444447333287,0.380030440737008,2024.96380161303,2025.00821561963,NA,NA,NA
3598,1959,REU.3.1_1,REU.3.1_1,0.0957731491122593,0.424448005785842,0.328674856673583,2024.91244602897,2025.00821917808,CHIKV_RUN_S9b11_2025,55.366735,-21.258484
4143,4280,REU.4.3_1,REU.4.3_1,0.15609904161874,0.42444884067998,0.26834979906124,2024.85212097136,2025.00822001298,NA,NA,NA
6192,6220,REU.3.1_1,REU.3.1_1,0.0817117427700991,0.424453943017963,0.342742200247864,2024.92651337254,2025.00822511531,NA,NA,NA
4350,4351,REU.4.3_1,REU.4.3_1,0.0188564460143511,0.424512181312426,0.405655735298075,2024.98942690759,2025.00828335361,NA,NA,NA
3994,3995,REU.4.8_1,REU.3.5_1,0.026820181526674,0.424551893078738,0.397731711552064,2024.98150288385,2025.00832306538,NA,NA,NA
5106,5107,REU.4.3_1,REU.4.3_1,0.0445642000912521,0.424878629711262,0.38031442962001,2024.96408560192,2025.00864980201,NA,NA,NA
3145,3146,REU.3.1_1,REU.3.1_1,0.00264722720823118,0.424966340376602,0.422319113168371,2025.00609028546,2025.00873751267,NA,NA,NA
3346,3383,REU.3.1_1,REU.4.8_1,0.105959945308093,0.424980514863512,0.31902056955542,2024.90279174185,2025.00875168716,NA,NA,NA
5442,5446,REU.4.3_1,REU.4.3_1,0.0357990506917832,0.424985329265208,0.389186278573425,2024.97295745087,2025.00875650156,NA,NA,NA
4566,4569,REU.4.3_1,REU.4.3_1,0.0460561496770703,0.425155344871558,0.379099195194488,2024.96287036749,2025.00892651717,NA,NA,NA
4307,4308,REU.4.3_1,REU.4.3_1,0.0464865628030453,0.425602583427427,0.379116020624382,2024.96288719292,2025.00937375572,NA,NA,NA
5880,5895,REU.4.3_1,REU.4.3_1,0.0316083225139734,0.425663907009405,0.394055584495432,2024.97782675679,2025.00943507931,NA,NA,NA
3949,3954,REU.4.3_1,REU.4.3_1,0.0708607395705224,0.425764984728277,0.354904245157755,2024.93867541745,2025.00953615702,NA,NA,NA
3300,3324,REU.4.8_1,REU.4.8_1,0.0898567824148607,0.425854609691888,0.335997827277027,2024.91976899957,2025.00962578199,NA,NA,NA
5064,5065,REU.4.3_1,REU.4.3_1,0.0108068185023297,0.425919185931813,0.415112367429483,2024.99888353973,2025.00969035823,NA,NA,NA
4676,4681,REU.4.8_1,REU.4.8_1,0.0118341841225004,0.426307053231356,0.414472869108855,2024.99824404141,2025.01007822553,NA,NA,NA
4057,4058,REU.4.8_1,REU.2.3_1,0.00738228943405805,0.426495087541592,0.419112798107534,2025.0028839704,2025.01026625984,NA,NA,NA
5859,5860,REU.4.6_1,REU.4.6_1,0.0528677183860401,0.42649997355661,0.37363225517057,2024.95740342747,2025.01027114585,NA,NA,NA
3748,3749,REU.4.5_1,REU.4.5_1,0.00472160421936263,0.426604356329269,0.421882752109906,2025.00565392441,2025.01037552863,NA,NA,NA
3328,3329,REU.3.1_1,REU.3.1_1,0.068201549179202,0.426810164314504,0.358608615135302,2024.94237978743,2025.01058133661,NA,NA,NA
6147,6148,REU.3.1_1,REU.3.1_1,0.00887239751156121,0.426910807368487,0.418038409856926,2025.00180958215,2025.01068197966,NA,NA,NA
5895,5896,REU.4.3_1,REU.4.3_1,0.00132155669111,0.426985463700515,0.425663907009405,2025.00943507931,2025.010756636,NA,NA,NA
3402,3415,REU.3.1_1,REU.3.1_1,0.0610909520077664,0.427103256024502,0.366012304016736,2024.94978347631,2025.01087442832,NA,NA,NA
6165,6185,REU.3.1_1,REU.3.1_1,0.0409294688921747,0.427114353694136,0.386184884801961,2024.9699560571,2025.01088552599,NA,NA,NA
3954,3955,REU.4.3_1,REU.4.3_1,0.0014350751736647,0.427200059901942,0.425764984728277,2025.00953615702,2025.0109712322,NA,NA,NA
5139,5140,REU.4.3_1,REU.4.3_1,0.0109928436815635,0.42748709134331,0.416494247661746,2025.00026541996,2025.01125826364,NA,NA,NA
3448,3451,REU.3.4_1,REU.3.4_1,0.0276001420708603,0.427527484948742,0.399927342877881,2024.98369851517,2025.01129865725,NA,NA,NA
5380,5383,REU.4.3_1,REU.4.8_1,0.0418493202478707,0.42799074366348,0.386141423415609,2024.96991259571,2025.01176191596,NA,NA,NA
4067,4068,REU.4.3_1,REU.4.3_1,0.0101062831680445,0.428107236004239,0.418000952836194,2025.00177212513,2025.0118784083,NA,NA,NA
5154,5155,REU.4.3_1,REU.4.3_1,0.016150595028508,0.428153166608273,0.412002571579765,2024.99577374388,2025.0119243389,NA,NA,NA
3863,3883,REU.4.3_1,REU.4.3_1,0.0117128572409619,0.428407932875215,0.416695075634253,2025.00046624793,2025.01217910517,NA,NA,NA
5784,5785,REU.3.1_1,REU.3.1_1,0.0330132681570177,0.428420077180429,0.395406809023411,2024.97917798132,2025.01219124948,NA,NA,NA
3145,3154,REU.3.1_1,REU.3.4_1,0.00662370714461336,0.428942820312984,0.422319113168371,2025.00609028546,2025.01271399261,NA,NA,NA
5545,5571,REU.4.5_1,REU.4.5_1,0.0382895716940758,0.428985539577754,0.390695967883678,2024.97446714018,2025.01275671187,NA,NA,NA
4633,4634,REU.4.3_1,REU.4.3_1,0.0963809966963569,0.429195630070289,0.332814633373932,2024.91658580567,2025.01296680237,NA,NA,NA
3639,3645,REU.2.3_1,REU.2.3_1,0.0386647817085587,0.429505233227239,0.39084045151868,2024.97461162382,2025.01327640552,NA,NA,NA
4643,4644,REU.4.3_1,REU.4.3_1,0.0429668307972307,0.429526951156443,0.386560120359212,2024.97033129266,2025.01329812345,NA,NA,NA
5715,2393,REU.3.1_1,REU.3.1_1,0.0871950019055647,0.429927457840557,0.342732455934992,2024.92650362823,2025.01369863014,CHIKV_RUN_S9b03_2025,55.35882,-21.240599
4437,594,REU.4.3_1,REU.4.3_1,0.0633701780616605,0.429927457840557,0.366557279778896,2024.95032845208,2025.01369863014,CHIKV_RUN_S8b51_2025,55.582002,-21.275874
3520,1783,REU.3.1_1,REU.3.1_1,0.037790329268065,0.429927457840557,0.392137128572492,2024.97590830087,2025.01369863014,CHIKV_RUN_S10b67_2025,55.368489,-21.256659
4058,897,REU.2.3_1,REU.2.3_1,0.00343237029896482,0.429927457840557,0.426495087541592,2025.01026625984,2025.01369863014,CHIKV_RUN_S12b64_2025,55.459069,-20.8973
4578,4581,REU.2.3_1,REU.2.3_1,0.00652316342489756,0.430331207493708,0.42380804406881,2025.00757921637,2025.01410237979,NA,NA,NA
5896,5897,REU.4.3_1,REU.4.3_1,0.00350345600875557,0.430488919709271,0.426985463700515,2025.010756636,2025.01426009201,NA,NA,NA
5122,5123,REU.4.3_1,REU.4.3_1,0.0204382791520146,0.430986898777637,0.410548619625623,2024.99431979192,2025.01475807107,NA,NA,NA
4146,4147,REU.4.3_1,REU.4.3_1,0.0370406281870652,0.431047519452775,0.39400689126571,2024.97777806356,2025.01481869175,NA,NA,NA
4190,4192,REU.4.3_1,REU.4.3_1,0.0120258688994211,0.431066645045329,0.419040776145908,2025.00281194844,2025.01483781734,NA,NA,NA
5545,5546,REU.4.5_1,REU.4.5_1,0.0403844533310396,0.431080421214718,0.390695967883678,2024.97446714018,2025.01485159351,NA,NA,NA
3154,3155,REU.3.4_1,REU.3.4_1,0.00219538890466753,0.431138209217652,0.428942820312984,2025.01271399261,2025.01490938151,NA,NA,NA
4744,4747,REU.4.8_1,REU.4.8_1,0.0247363479598618,0.431147362739248,0.406411014779387,2024.99018218708,2025.01491853504,NA,NA,NA
6002,6003,REU.3.1_1,REU.4.1_1,0.0807735013336618,0.431334007617884,0.350560506284222,2024.93433167858,2025.01510517991,NA,NA,NA
4246,4247,REU.4.3_1,REU.4.3_1,0.00843567252115351,0.431371029825406,0.422935357304252,2025.0067065296,2025.01514220212,NA,NA,NA
5957,5959,REU.3.1_1,REU.3.1_1,0.0296327349108958,0.431572235649517,0.401939500738622,2024.98571067304,2025.01534340795,NA,NA,NA
5198,5216,REU.4.3_1,REU.4.3_1,0.022437527985916,0.431782398417427,0.409344870431511,2024.99311604273,2025.01555357071,NA,NA,NA
3187,3194,REU.3.1_1,REU.3.1_1,0.0837509998149499,0.431813430394431,0.348062430579481,2024.93183360288,2025.01558460269,NA,NA,NA
4634,4639,REU.4.3_1,REU.4.3_1,0.00279463695191862,0.431990267022207,0.429195630070289,2025.01296680237,2025.01576143932,NA,NA,NA
3483,3484,REU.3.4_1,REU.3.4_1,0.0302330114171463,0.432254583061979,0.402021571644833,2024.98579274394,2025.01602575536,NA,NA,NA
4879,4887,REU.4.3_1,REU.4.3_1,0.0541680608492194,0.432358100257691,0.378190039408472,2024.9619612117,2025.01612927255,NA,NA,NA
5510,5511,REU.3.1_1,REU.3.1_1,0.0177354522579218,0.432409057158862,0.41467360490094,2024.9984447772,2025.01618022946,NA,NA,NA
5678,5712,REU.3.1_1,REU.3.1_1,0.131550180560565,0.43258761681369,0.301037436253124,2024.88480860855,2025.01635878911,NA,NA,NA
3391,2801,REU.3.1_1,REU.3.1_1,0.131084801632662,0.432667183867914,0.301582382235252,2024.88535355453,2025.01643835616,CHIKV_RUN_S9b12_2025,55.367555,-21.25695
5868,2384,REU.4.3_1,REU.2.1_1,0.0446808030529979,0.432667183867914,0.387986380814916,2024.97175755311,2025.01643835616,CHIKV_RUN_S54b32_2025,55.385431,-20.986796
3137,2622,REU.3.1_1,REU.3.1_1,0.0200857304289332,0.432667183867914,0.412581453438981,2024.99635262574,2025.01643835616,CHIKV_RUN_S9b05_2025,55.365654,-21.258541
6131,2586,REU.3.1_1,REU.3.1_1,0.0191180236917418,0.432667183867914,0.413549160176172,2024.99732033247,2025.01643835616,CHIKV_RUN_S9b14_2025,55.368418,-21.257105
5480,2553,REU.4.3_1,REU.4.3_1,0.00957024468955281,0.432667183867914,0.423096939178361,2025.00686811147,2025.01643835616,CHIKV_RUN_S8b59_2025,55.523946,-21.237275
4975,4978,REU.4.3_1,REU.4.3_1,0.0374932603380668,0.432893330213857,0.39540006987579,2024.97917124217,2025.01666450251,NA,NA,NA
5860,5861,REU.4.6_1,REU.4.6_1,0.00650668028198853,0.433006653838599,0.42649997355661,2025.01027114585,2025.01677782614,NA,NA,NA
3863,3864,REU.4.3_1,REU.4.3_1,0.0163524757109281,0.433047551345181,0.416695075634253,2025.00046624793,2025.01681872364,NA,NA,NA
4625,4626,REU.4.3_1,REU.4.3_1,0.111302203037588,0.433200402881097,0.321898199843509,2024.90566937214,2025.01697157518,NA,NA,NA
3349,3350,REU.3.1_1,REU.3.1_1,0.0408392144378648,0.433338886904039,0.392499672466174,2024.97627084476,2025.0171100592,NA,NA,NA
3883,3884,REU.4.3_1,REU.4.3_1,0.0051390055959909,0.433546938471206,0.428407932875215,2025.01217910517,2025.01731811077,NA,NA,NA
5032,5033,REU.4.3_1,REU.4.3_1,0.0770705115298943,0.433578566182189,0.356508054652295,2024.94027922695,2025.01734973848,NA,NA,NA
4542,4543,REU.4.3_1,REU.4.3_1,0.0154475640313306,0.433790631322895,0.418343067291564,2025.00211423959,2025.01756180362,NA,NA,NA
4098,4099,REU.4.3_1,REU.4.3_1,0.0227374830174717,0.433835325736604,0.411097842719132,2024.99486901502,2025.01760649803,NA,NA,NA
3906,3932,REU.4.3_1,REU.4.3_1,0.0609019913614011,0.433932323583267,0.373030332221866,2024.95680150452,2025.01770349588,NA,NA,NA
3552,3553,REU.3.4_1,REU.3.4_1,0.0447195453551228,0.434108403782481,0.389388858427359,2024.97316003072,2025.01787957608,NA,NA,NA
5716,5719,REU.3.4_1,REU.4.6_1,0.0198393174996077,0.434666905039497,0.414827587539889,2024.99859875984,2025.01843807734,NA,NA,NA
3702,3703,REU.3.1_1,REU.3.1_1,0.0140328525400956,0.434705833423731,0.420672980883635,2025.00444415318,2025.01847700572,NA,NA,NA
3272,3273,REU.3.1_1,REU.3.1_1,0.0412395936716147,0.43474947140183,0.393509877730215,2024.97728105003,2025.0185206437,NA,NA,NA
5844,5845,REU.3.1_1,REU.3.1_1,0.0905726181526588,0.43492111437111,0.344348496218451,2024.92811966851,2025.01869228667,NA,NA,NA
5800,5801,REU.3.1_1,REU.3.1_1,0.0561859788551769,0.435202527773675,0.379016548918498,2024.96278772121,2025.01897370007,NA,NA,NA
4542,4549,REU.4.3_1,REU.4.3_1,0.0168655945437479,0.435208661835312,0.418343067291564,2025.00211423959,2025.01897983413,NA,NA,NA
5951,2618,REU.3.1_1,REU.3.1_1,0.109627385600715,0.435406909895272,0.325779524294557,2024.90955069659,2025.01917808219,CHIKV_RUN_S9b13_2025,55.365414,-21.258661
6185,16,REU.3.1_1,REU.3.1_1,0.00829255620113534,0.435406909895272,0.427114353694136,2025.01088552599,2025.01917808219,CHIKV_RUN_S9b07_2025,55.373644,-21.266206
3483,3492,REU.3.4_1,REU.3.4_1,0.0337690207398734,0.435790592384707,0.402021571644833,2024.98579274394,2025.01956176468,NA,NA,NA
5959,5960,REU.3.1_1,REU.3.1_1,0.00423403840006586,0.435806274049583,0.431572235649517,2025.01534340795,2025.01957744635,NA,NA,NA
5155,5157,REU.4.3_1,REU.3.1_1,0.00775032312060475,0.435903489728878,0.428153166608273,2025.0119243389,2025.01967466203,NA,NA,NA
5511,5512,REU.3.1_1,REU.3.1_1,0.00369928092243643,0.436108338081299,0.432409057158862,2025.01618022946,2025.01987951038,NA,NA,NA
4626,4627,REU.4.3_1,REU.4.3_1,0.00304706217440476,0.436247465055501,0.433200402881097,2025.01697157518,2025.02001863735,NA,NA,NA
3194,3195,REU.3.1_1,REU.3.1_1,0.00446222753418524,0.436275657928616,0.431813430394431,2025.01558460269,2025.02004683023,NA,NA,NA
5196,5240,REU.4.3_1,REU.4.3_1,0.100197121030358,0.436655613464452,0.336458492434094,2024.92022966473,2025.02042678576,NA,NA,NA
3864,3865,REU.4.3_1,REU.4.3_1,0.00377843978522319,0.436825991130404,0.433047551345181,2025.01681872364,2025.02059716343,NA,NA,NA
5734,5750,REU.4.6_1,REU.4.6_1,0.0307524931093399,0.43692322917465,0.40617073606531,2024.98994190836,2025.02069440147,NA,NA,NA
3553,3554,REU.3.4_1,REU.3.4_1,0.00285628109770364,0.436964684880185,0.434108403782481,2025.01787957608,2025.02073585718,NA,NA,NA
3216,3232,REU.4.3_1,REU.4.3_1,0.0377840799344223,0.437108848761525,0.399324768827103,2024.98309594112,2025.02088002106,NA,NA,NA
3883,3891,REU.4.3_1,REU.4.3_1,0.00874330768742415,0.437151240562639,0.428407932875215,2025.01217910517,2025.02092241286,NA,NA,NA
5240,5246,REU.4.3_1,REU.4.3_1,0.00124094631990035,0.437896559784352,0.436655613464452,2025.02042678576,2025.02166773208,NA,NA,NA
5845,2552,REU.3.1_1,REU.3.1_1,0.00322552155151901,0.438146635922629,0.43492111437111,2025.01869228667,2025.02191780822,CHIKV_RUN_S9b44_2025,55.365035,-21.259783
5140,5141,REU.4.3_1,REU.4.3_1,0.0107020938706336,0.438189185213943,0.42748709134331,2025.01125826364,2025.02196035751,NA,NA,NA
5277,5295,REU.4.4_1,REU.4.4_1,0.0218022698856992,0.438273047701519,0.41647077781582,2025.00024195011,2025.02204422,NA,NA,NA
5295,5296,REU.4.4_1,REU.4.4_1,9.5114548201991e-05,0.438368162249721,0.438273047701519,2025.02204422,2025.02213933455,NA,NA,NA
3703,3704,REU.3.1_1,REU.3.1_1,0.00370941356469823,0.438415246988429,0.434705833423731,2025.01847700572,2025.02218641928,NA,NA,NA
5639,5640,REU.3.1_1,REU.3.1_1,0.0195818307279575,0.438459243730055,0.418877413002097,2025.0026485853,2025.02223041603,NA,NA,NA
4971,4972,REU.4.3_1,REU.4.3_1,0.0432506748370617,0.438511135662687,0.395260460825625,2024.97903163312,2025.02228230796,NA,NA,NA
5154,5159,REU.4.3_1,REU.4.3_1,0.0265911141961717,0.438593685775937,0.412002571579765,2024.99577374388,2025.02236485807,NA,NA,NA
5987,5988,REU.3.1_1,REU.3.1_1,0.0785462941114455,0.438621753839169,0.360075459727724,2024.94384663202,2025.02239292614,NA,NA,NA
4416,4420,REU.4.3_1,REU.4.3_1,0.016801707891209,0.43866128795145,0.421859580060241,2025.00563075236,2025.02243246025,NA,NA,NA
6167,6168,REU.3.1_1,REU.3.1_1,0.0321586501549153,0.438704813906457,0.406546163751542,2024.99031733605,2025.0224759862,NA,NA,NA
5844,5846,REU.3.1_1,REU.3.1_1,0.0943618854161621,0.438710381634613,0.344348496218451,2024.92811966851,2025.02248155393,NA,NA,NA
3781,3782,REU.4.5_1,REU.4.5_1,0.0257069017151426,0.438770154017826,0.413063252302683,2024.9968344246,2025.02254132631,NA,NA,NA
5499,5500,REU.3.1_1,REU.3.5_1,0.121730702486795,0.438795337542465,0.317064635055669,2024.90083580735,2025.02256650984,NA,NA,NA
3891,3899,REU.4.3_1,REU.4.3_1,0.00230874676057291,0.439459987323212,0.437151240562639,2025.02092241286,2025.02323115962,NA,NA,NA
4718,4719,REU.4.3_1,REU.4.3_1,0.0827119144342493,0.439544583210855,0.356832668776605,2024.94060384107,2025.02331575551,NA,NA,NA
5216,5220,REU.4.3_1,REU.4.3_1,0.00790271863339553,0.439685117050823,0.431782398417427,2025.01555357071,2025.02345628935,NA,NA,NA
5979,5980,REU.3.1_1,REU.3.1_1,0.118605321799276,0.439774763663448,0.321169441864172,2024.90494061416,2025.02354593596,NA,NA,NA
4803,4806,REU.4.3_1,REU.4.3_1,0.0345976071266082,0.439785514234935,0.405187907108327,2024.9889590794,2025.02355668653,NA,NA,NA
4719,4728,REU.4.3_1,REU.4.3_1,0.000456282137870301,0.440000865348725,0.439544583210855,2025.02331575551,2025.02377203765,NA,NA,NA
6129,6130,REU.3.1_1,REU.3.1_1,0.0345407074571513,0.440171032117473,0.405630324660321,2024.98940149696,2025.02394220441,NA,NA,NA
4681,4682,REU.4.8_1,REU.4.8_1,0.0138710305571519,0.440178083788508,0.426307053231356,2025.01007822553,2025.02394925608,NA,NA,NA
3704,3706,REU.3.1_1,REU.3.1_1,0.00177089222132076,0.44018613920975,0.438415246988429,2025.02218641928,2025.02395731151,NA,NA,NA
4946,4960,REU.4.3_1,REU.4.8_1,0.105132188431687,0.440311838476205,0.335179650044519,2024.91895082234,2025.02408301077,NA,NA,NA
3291,3299,REU.3.1_1,REU.3.1_1,0.068518796046817,0.440544434735293,0.372025638688476,2024.95579681099,2025.02431560703,NA,NA,NA
3144,1815,REU.3.1_1,REU.4.6_1,0.0960506232454229,0.440886361950214,0.344835738704791,2024.928606911,2025.02465753425,CHIKV_RUN_S15b64_2025,55.440285,-21.263275
3540,3070,REU.3.1_1,REU.3.1_1,0.0194761104714767,0.440886361950214,0.421410251478737,2025.00518142378,2025.02465753425,CHIKV_RUN_S12b51_2025,55.363068,-21.255442
5960,3043,REU.3.1_1,REU.3.1_1,0.00508008790063041,0.440886361950214,0.435806274049583,2025.01957744635,2025.02465753425,CHIKV_RUN_S9b35_2025,55.357447,-21.258959
3195,2795,REU.3.1_1,REU.4.6_1,0.00461070402159769,0.440886361950214,0.436275657928616,2025.02004683023,2025.02465753425,CHIKV_RUN_S12b06_2025,55.437936,-21.26189
4280,4281,REU.4.3_1,REU.4.3_1,0.0165353294392996,0.440984170119279,0.42444884067998,2025.00822001298,2025.02475534242,NA,NA,NA
6079,6080,REU.3.1_1,REU.3.1_1,0.106238149081261,0.441274778812765,0.335036629731505,2024.91880780203,2025.02504595111,NA,NA,NA
4351,4360,REU.4.3_1,REU.4.3_1,0.0170419126234553,0.441554093935881,0.424512181312426,2025.00828335361,2025.02532526623,NA,NA,NA
3484,3489,REU.3.4_1,REU.3.4_1,0.009364466121635,0.441619049183614,0.432254583061979,2025.01602575536,2025.02539022148,NA,NA,NA
4816,4817,REU.4.3_1,REU.4.3_1,0.0251569543225357,0.441649197746614,0.416492243424078,2025.00026341572,2025.02542037004,NA,NA,NA
4099,4100,REU.4.3_1,REU.4.3_1,0.00792475806445359,0.441760083801057,0.433835325736604,2025.01760649803,2025.0255312561,NA,NA,NA
5064,5083,REU.4.3_1,REU.4.8_1,0.026751711586918,0.441864079016401,0.415112367429483,2024.99888353973,2025.02563525131,NA,NA,NA
3215,3233,REU.3.1_1,REU.3.1_1,0.060041207961355,0.441910344934895,0.38186913697354,2024.96564030927,2025.02568151723,NA,NA,NA
3782,3783,REU.4.5_1,REU.4.5_1,0.00334453418299452,0.44211468820082,0.438770154017826,2025.02254132631,2025.0258858605,NA,NA,NA
5960,5961,REU.3.1_1,REU.3.1_1,0.00634801164139553,0.442154285690979,0.435806274049583,2025.01957744635,2025.02592545799,NA,NA,NA
5463,5464,REU.2.3_1,REU.2.3_1,0.0431629796754077,0.442220689508729,0.399057709833321,2024.98282888213,2025.0259918618,NA,NA,NA
5478,5489,REU.4.3_1,REU.4.3_1,0.0504214490087908,0.442318803914556,0.391897354905765,2024.9756685272,2025.02608997621,NA,NA,NA
3718,3719,REU.3.4_1,REU.3.4_1,0.0375990405703126,0.442617381680897,0.405018341110585,2024.98878951341,2025.02638855398,NA,NA,NA
4123,4124,REU.4.3_1,REU.4.3_1,0.0363412856346441,0.442833393291157,0.406492107656513,2024.99026327995,2025.02660456559,NA,NA,NA
4946,4947,REU.4.3_1,REU.4.8_1,0.107709630821725,0.442889280866244,0.335179650044519,2024.91895082234,2025.02666045316,NA,NA,NA
3645,3646,REU.2.3_1,REU.2.3_1,0.0137661536497198,0.443271386876958,0.429505233227239,2025.01327640552,2025.02704255917,NA,NA,NA
3415,3422,REU.3.1_1,REU.3.1_1,0.0161937689054145,0.443297024929917,0.427103256024502,2025.01087442832,2025.02706819723,NA,NA,NA
4124,4128,REU.4.3_1,REU.4.3_1,0.000501679808594946,0.443335073099752,0.442833393291157,2025.02660456559,2025.0271062454,NA,NA,NA
3301,3314,REU.2.5_1,REU.2.5_1,0.0600812568948725,0.443446388916053,0.38336513202118,2024.96713630432,2025.02721756121,NA,NA,NA
3422,3423,REU.3.1_1,REU.3.1_1,0.000296718061124635,0.443593742991041,0.443297024929917,2025.02706819723,2025.02736491529,NA,NA,NA
5083,5084,REU.4.8_1,REU.4.8_1,0.00190109767022351,0.443765176686624,0.441864079016401,2025.02563525131,2025.02753634898,NA,NA,NA
3521,3523,REU.4.6_1,REU.4.8_1,0.0436945827350962,0.44396970179731,0.400275119062214,2024.98404629136,2025.02774087409,NA,NA,NA
4644,4645,REU.4.3_1,REU.4.3_1,0.0144583626937168,0.44398531385016,0.429526951156443,2025.01329812345,2025.02775648615,NA,NA,NA
3195,3196,REU.3.1_1,REU.3.1_1,0.00798817517155914,0.444263833100175,0.436275657928616,2025.02004683023,2025.0280350054,NA,NA,NA
3884,3885,REU.4.3_1,REU.2.3_1,0.0107851447354012,0.444332083206607,0.433546938471206,2025.01731811077,2025.0281032555,NA,NA,NA
3162,3163,REU.3.1_1,REU.3.1_1,0.0210277590212887,0.444354266510667,0.423326507489378,2025.00709767979,2025.02812543881,NA,NA,NA
5926,5927,REU.3.1_1,REU.3.1_1,0.0735516799097793,0.444546640036286,0.370994960126507,2024.95476613242,2025.02831781233,NA,NA,NA
5719,5720,REU.4.6_1,REU.4.6_1,0.00996896466697639,0.444635869706473,0.434666905039497,2025.01843807734,2025.028407042,NA,NA,NA
4308,4309,REU.4.3_1,REU.4.3_1,0.0190423999292532,0.44464498335668,0.425602583427427,2025.00937375572,2025.02841615565,NA,NA,NA
3932,3940,REU.4.3_1,REU.4.3_1,0.0108862354303817,0.444818559013649,0.433932323583267,2025.01770349588,2025.02858973131,NA,NA,NA
5881,5882,REU.4.3_1,REU.4.3_1,0.0263023285495669,0.445060664969398,0.418758336419832,2025.00252950872,2025.02883183727,NA,NA,NA
5546,5547,REU.4.5_1,REU.4.5_1,0.0140239770795089,0.445104398294227,0.431080421214718,2025.01485159351,2025.02887557059,NA,NA,NA
4128,4129,REU.4.3_1,REU.4.3_1,0.00182489158770316,0.445159964687455,0.443335073099752,2025.0271062454,2025.02893113698,NA,NA,NA
6167,6174,REU.3.1_1,REU.4.3_1,0.0387500275309514,0.445296191282493,0.406546163751542,2024.99031733605,2025.02906736358,NA,NA,NA
4027,4028,REU.4.8_1,REU.4.8_1,0.159816017505791,0.445383683176631,0.28556766567084,2024.86933883797,2025.02915485547,NA,NA,NA
3196,3201,REU.3.1_1,REU.3.1_1,0.00130863989580854,0.445572472995984,0.444263833100175,2025.0280350054,2025.02934364529,NA,NA,NA
3906,3907,REU.4.3_1,REU.4.3_1,0.0727672452363474,0.445797577458213,0.373030332221866,2024.95680150452,2025.02956874975,NA,NA,NA
4896,4897,REU.4.8_1,REU.4.8_1,0.0471245928716518,0.446041237216753,0.398916644345101,2024.98268781664,2025.02981240951,NA,NA,NA
5509,5518,REU.3.1_1,REU.3.1_1,0.0597465246351939,0.446083979136397,0.386337454501203,2024.9701086268,2025.02985515143,NA,NA,NA
3782,3786,REU.4.5_1,REU.4.5_1,0.00769777777930769,0.446467931797133,0.438770154017826,2025.02254132631,2025.03023910409,NA,NA,NA
3602,3603,REU.3.1_1,REU.2.3_1,0.126199189463708,0.446556587595581,0.320357398131873,2024.90412857043,2025.03032775989,NA,NA,NA
4703,4705,REU.2.3_1,REU.2.3_1,0.0284616544187078,0.446587901110901,0.418126246692193,2025.00189741899,2025.03035907341,NA,NA,NA
3603,3604,REU.2.3_1,REU.2.3_1,0.000260304674098988,0.44681689226968,0.446556587595581,2025.03032775989,2025.03058806457,NA,NA,NA
4916,4917,REU.4.3_1,REU.4.3_1,0.0636664729633184,0.446866914072298,0.383200441108979,2024.96697161341,2025.03063808637,NA,NA,NA
4644,4652,REU.4.3_1,REU.4.3_1,0.0173914846050776,0.446918435761521,0.429526951156443,2025.01329812345,2025.03068960806,NA,NA,NA
5500,5501,REU.3.5_1,REU.3.5_1,0.00815172384000384,0.446947061382468,0.438795337542465,2025.02256650984,2025.03071823368,NA,NA,NA
5679,5680,REU.3.1_1,REU.4.8_1,0.115914275450736,0.447221044480765,0.331306769030029,2024.91507794133,2025.03099221678,NA,NA,NA
4477,4478,REU.4.3_1,REU.4.3_1,0.0300424491034249,0.447475404472236,0.417432955368811,2025.00120412767,2025.03124657677,NA,NA,NA
3585,3589,REU.3.4_1,REU.4.8_1,0.0521317287538223,0.447538725503212,0.39540699674939,2024.97917816905,2025.0313098978,NA,NA,NA
4147,4150,REU.4.3_1,REU.4.3_1,0.0166615443282201,0.447709063780995,0.431047519452775,2025.01481869175,2025.03148023608,NA,NA,NA
4192,4209,REU.4.3_1,REU.4.3_1,0.0168354571421815,0.447902102187511,0.431066645045329,2025.01483781734,2025.03167327448,NA,NA,NA
4309,4310,REU.4.3_1,REU.4.3_1,0.0035339559649944,0.448178939321674,0.44464498335668,2025.02841615565,2025.03195011162,NA,NA,NA
3201,3202,REU.3.1_1,REU.3.1_1,0.00272998182910211,0.448302454825086,0.445572472995984,2025.02934364529,2025.03207362712,NA,NA,NA
5734,5735,REU.4.6_1,REU.3.1_1,0.0421397212206597,0.44831045728597,0.40617073606531,2024.98994190836,2025.03208162958,NA,NA,NA
5640,5641,REU.3.1_1,REU.3.1_1,0.00996883095366874,0.448428074683723,0.438459243730055,2025.02223041603,2025.03219924698,NA,NA,NA
4996,4997,REU.4.8_1,REU.4.8_1,0.0437225729824636,0.448715263983773,0.40499269100131,2024.9887638633,2025.03248643628,NA,NA,NA
5546,5558,REU.4.5_1,REU.4.5_1,0.0177484836365177,0.448828904851235,0.431080421214718,2025.01485159351,2025.03260007715,NA,NA,NA
6003,6018,REU.4.1_1,REU.4.1_1,0.0175752502366654,0.448909257854549,0.431334007617884,2025.01510517991,2025.03268043015,NA,NA,NA
4817,4818,REU.4.3_1,REU.4.3_1,0.00726718421577388,0.448916381962388,0.441649197746614,2025.02542037004,2025.03268755426,NA,NA,NA
5479,5481,REU.4.3_1,REU.4.3_1,0.0553808792267038,0.449036721107793,0.393655841881089,2024.97742701418,2025.0328078934,NA,NA,NA
5866,1920,REU.3.1_1,REU.4.8_1,0.065847231377168,0.449105540032286,0.383258308655118,2024.96702948095,2025.03287671233,CHIKV_RUN_S10b66_2025,55.463444,-21.340653
4067,1455,REU.4.3_1,REU.4.3_1,0.0311045871960919,0.449105540032286,0.418000952836194,2025.00177212513,2025.03287671233,CHIKV_RUN_S8b64_2025,55.511546,-21.290774
3299,2009,REU.3.1_1,REU.3.1_1,0.00856110529699283,0.449105540032286,0.440544434735293,2025.02431560703,2025.03287671233,CHIKV_RUN_S9b55_2025,55.369315,-21.25742
5518,2636,REU.3.1_1,REU.3.1_1,0.00302156089588934,0.449105540032286,0.446083979136397,2025.02985515143,2025.03287671233,CHIKV_RUN_S9b41_2025,55.36684,-21.253691
3246,3268,REU.3.1_1,REU.3.1_1,0.0951549846596228,0.44912699358456,0.353972008924937,2024.93774318122,2025.03289816588,NA,NA,NA
4360,4361,REU.4.3_1,REU.4.3_1,0.00763117416349812,0.449185268099379,0.441554093935881,2025.02532526623,2025.0329564404,NA,NA,NA
3216,3217,REU.4.3_1,REU.4.3_1,0.0499965318411618,0.449321300668265,0.399324768827103,2024.98309594112,2025.03309247296,NA,NA,NA
5159,5160,REU.4.3_1,REU.4.3_1,0.0107749196131433,0.44936860538908,0.438593685775937,2025.02236485807,2025.03313977769,NA,NA,NA
3492,3493,REU.3.4_1,REU.3.4_1,0.0138891345469329,0.449679726931639,0.435790592384707,2025.01956176468,2025.03345089923,NA,NA,NA
4351,4352,REU.4.3_1,REU.4.3_1,0.0251901103896357,0.449702291702061,0.424512181312426,2025.00828335361,2025.033473464,NA,NA,NA
5157,5158,REU.3.1_1,REU.4.8_1,0.0138317034727121,0.44973519320159,0.435903489728878,2025.01967466203,2025.0335063655,NA,NA,NA
6089,6094,REU.3.1_1,REU.3.1_1,0.026885105982961,0.450097173532279,0.423212067549318,2025.00698323985,2025.03386834583,NA,NA,NA
6104,6105,REU.3.1_1,REU.3.1_1,0.0556474369668266,0.450175230366615,0.394527793399788,2024.9782989657,2025.03394640266,NA,NA,NA
4549,4551,REU.4.3_1,REU.4.3_1,0.015006775872578,0.45021543770789,0.435208661835312,2025.01897983413,2025.03398661,NA,NA,NA
3833,3834,REU.4.3_1,REU.4.3_1,0.0985213097080828,0.450224542323102,0.351703232615019,2024.93547440491,2025.03399571462,NA,NA,NA
5571,5572,REU.4.5_1,REU.4.5_1,0.0212771486105791,0.450262688188333,0.428985539577754,2025.01275671187,2025.03403386048,NA,NA,NA
4614,4617,REU.4.3_1,REU.4.3_1,0.0437513920321078,0.450460025961709,0.406708633929601,2024.99047980623,2025.03423119826,NA,NA,NA
3350,3351,REU.3.1_1,REU.4.8_1,0.0172848008497801,0.450623687753819,0.433338886904039,2025.0171100592,2025.03439486005,NA,NA,NA
4111,4115,REU.4.3_1,REU.4.3_1,0.039870109731307,0.451013876188351,0.411143766457044,2024.99491493875,2025.03478504848,NA,NA,NA
6074,6075,REU.3.1_1,REU.3.1_1,0.0535886222950231,0.451093899176564,0.397505276881541,2024.98127644918,2025.03486507147,NA,NA,NA
3730,3732,REU.3.4_1,REU.3.4_1,0.0313085015501706,0.451110294444078,0.419801792893908,2025.00357296519,2025.03488146674,NA,NA,NA
6193,6194,REU.2.3_1,REU.2.3_1,0.037471892341156,0.451201532185615,0.413729639844459,2024.99750081214,2025.03497270448,NA,NA,NA
5383,5384,REU.4.8_1,REU.2.3_1,0.0232406158023749,0.451231359465855,0.42799074366348,2025.01176191596,2025.03500253176,NA,NA,NA
5464,5465,REU.2.3_1,REU.2.3_1,0.00911163461945141,0.45133232412818,0.442220689508729,2025.0259918618,2025.03510349642,NA,NA,NA
3646,3647,REU.2.3_1,REU.2.3_1,0.00819486957650517,0.451466256453464,0.443271386876958,2025.02704255917,2025.03523742875,NA,NA,NA
4833,898,REU.4.3_1,REU.4.3_1,0.125353300800595,0.451845266059643,0.326491965259048,2024.91026313756,2025.03561643836,CHIKV_RUN_S9b83_2025,55.530559,-21.194993
4677,1352,REU.4.8_1,REU.4.8_1,0.0301852218973592,0.451845266059643,0.421660044162284,2025.00543121646,2025.03561643836,CHIKV_RUN_S9b52_2025,55.481378,-21.286908
5896,2263,REU.4.3_1,REU.4.3_1,0.0248598023591279,0.451845266059643,0.426985463700515,2025.010756636,2025.03561643836,CHIKV_RUN_S10b64_2025,55.535637,-21.312182
5845,2551,REU.3.1_1,REU.4.3_1,0.0169241516885333,0.451845266059643,0.43492111437111,2025.01869228667,2025.03561643836,CHIKV_RUN_S12b07_2025,55.521114,-21.238608
6130,2359,REU.3.1_1,REU.4.6_1,0.0116742339421706,0.451845266059643,0.440171032117473,2025.02394220441,2025.03561643836,CHIKV_RUN_S9b31_2025,55.439303,-21.261898
4100,249,REU.4.3_1,REU.4.3_1,0.0100851822585861,0.451845266059643,0.441760083801057,2025.0255312561,2025.03561643836,CHIKV_RUN_S10b65_2025,55.530559,-21.194993
5158,828,REU.4.8_1,REU.4.8_1,0.00211007285805331,0.451845266059643,0.44973519320159,2025.0335063655,2025.03561643836,CHIKV_RUN_S9b40_2025,55.478977,-21.283245
4549,4550,REU.4.3_1,REU.4.3_1,0.016996932760181,0.452205594595493,0.435208661835312,2025.01897983413,2025.03597676689,NA,NA,NA
5750,5751,REU.4.6_1,REU.4.6_1,0.0154516402126992,0.452374869387349,0.43692322917465,2025.02069440147,2025.03614604168,NA,NA,NA
6148,6149,REU.3.1_1,REU.3.1_1,0.0255964438908539,0.452507251259341,0.426910807368487,2025.01068197966,2025.03627842356,NA,NA,NA
3146,3148,REU.3.1_1,REU.3.1_1,0.0276021410705736,0.452568481447176,0.424966340376602,2025.00873751267,2025.03633965374,NA,NA,NA
4604,4605,REU.4.3_1,REU.4.3_1,0.0651355548889473,0.452576168633081,0.387440613744134,2024.97121178604,2025.03634734093,NA,NA,NA
4280,4291,REU.4.3_1,REU.4.3_1,0.0283558491808821,0.452804689860862,0.42444884067998,2025.00822001298,2025.03657586216,NA,NA,NA
4225,4226,REU.4.3_1,REU.4.3_1,0.0432909759555569,0.453138034103072,0.409847058147515,2024.99361823044,2025.0369092064,NA,NA,NA
3348,3379,REU.3.1_1,REU.4.3_1,0.0833771531958711,0.453304755244599,0.369927602048728,2024.95369877435,2025.03707592754,NA,NA,NA
5801,5802,REU.3.1_1,REU.3.1_1,0.0181803560392114,0.453382883812886,0.435202527773675,2025.01897370007,2025.03715405611,NA,NA,NA
4645,4647,REU.4.3_1,REU.4.3_1,0.00953559424354133,0.453520908093701,0.44398531385016,2025.02775648615,2025.03729208039,NA,NA,NA
4420,4425,REU.4.3_1,REU.4.3_1,0.0148656471117313,0.453526935063181,0.43866128795145,2025.02243246025,2025.03729810736,NA,NA,NA
5629,5630,REU.3.1_1,REU.3.1_1,0.0351719861020987,0.45379220021267,0.418620214110571,2025.00239138641,2025.03756337251,NA,NA,NA
4996,5014,REU.4.8_1,REU.4.8_1,0.0488886900039862,0.453881381005296,0.40499269100131,2024.9887638633,2025.0376525533,NA,NA,NA
4652,4658,REU.4.3_1,REU.4.3_1,0.00706855962633712,0.453986995387858,0.446918435761521,2025.03068960806,2025.03775816768,NA,NA,NA
5587,5590,REU.4.5_1,REU.4.5_1,0.0743700523765838,0.454029480903718,0.379659428527135,2024.96343060082,2025.0378006532,NA,NA,NA
4497,4507,REU.4.3_1,REU.4.3_1,0.0340727684507055,0.454144490507806,0.4200717220571,2025.00384289435,2025.0379156628,NA,NA,NA
3534,3535,REU.3.1_1,REU.3.1_1,0.0618799314739223,0.454499531428141,0.392619599954219,2024.97639077225,2025.03827070372,NA,NA,NA
5926,2613,REU.3.1_1,REU.3.1_1,0.0835900319604937,0.454584992087001,0.370994960126507,2024.95476613242,2025.03835616438,CHIKV_RUN_S9b81_2025,55.366189,-21.2601
4100,888,REU.4.3_1,REU.4.3_1,0.0128249082859435,0.454584992087001,0.441760083801057,2025.0255312561,2025.03835616438,CHIKV_RUN_S9b84_2025,55.50038,-21.26625
4897,4898,REU.4.8_1,REU.4.3_1,0.00856043524805117,0.454601672464804,0.446041237216753,2025.02981240951,2025.03837284476,NA,NA,NA
4634,4635,REU.4.3_1,REU.4.3_1,0.0254268230307948,0.454622453101083,0.429195630070289,2025.01296680237,2025.0383936254,NA,NA,NA
4178,4179,REU.4.3_1,REU.4.3_1,0.0679873609807274,0.454902848575908,0.38691548759518,2024.97068665989,2025.03867402087,NA,NA,NA
5155,5156,REU.4.3_1,REU.4.3_1,0.0271127907200182,0.455265957328291,0.428153166608273,2025.0119243389,2025.03903712962,NA,NA,NA
3797,3798,REU.4.5_1,REU.4.5_1,0.0517663662614135,0.455296935603252,0.403530569341839,2024.98730174164,2025.0390681079,NA,NA,NA
5065,5066,REU.4.3_1,REU.4.3_1,0.0294723690958534,0.455391555027666,0.425919185931813,2025.00969035823,2025.03916272732,NA,NA,NA
5530,5531,REU.4.5_1,REU.4.5_1,0.042106855351516,0.455439617823347,0.413332762471831,2024.99710393477,2025.03921079012,NA,NA,NA
5084,5085,REU.4.8_1,REU.4.8_1,0.0116901285953266,0.455455305281951,0.443765176686624,2025.02753634898,2025.03922647758,NA,NA,NA
4416,4417,REU.4.3_1,REU.4.3_1,0.0336181567421577,0.455477736802399,0.421859580060241,2025.00563075236,2025.0392489091,NA,NA,NA
6104,6120,REU.3.1_1,REU.3.1_1,0.0610274477553538,0.455555241155142,0.394527793399788,2024.9782989657,2025.03932641345,NA,NA,NA
3351,3357,REU.4.8_1,REU.4.8_1,0.00497806273069235,0.455601750484511,0.450623687753819,2025.03439486005,2025.03937292278,NA,NA,NA
5384,5385,REU.2.3_1,REU.2.3_1,0.00446733846302494,0.45569869792888,0.451231359465855,2025.03500253176,2025.03946987023,NA,NA,NA
4652,4653,REU.4.3_1,REU.4.3_1,0.0088406627733083,0.455759098534829,0.446918435761521,2025.03068960806,2025.03953027083,NA,NA,NA
4308,4322,REU.4.3_1,REU.4.3_1,0.0302021985549056,0.455804781982332,0.425602583427427,2025.00937375572,2025.03957595428,NA,NA,NA
4058,4059,REU.2.3_1,REU.2.3_1,0.0296336019659588,0.456128689507551,0.426495087541592,2025.01026625984,2025.0398998618,NA,NA,NA
4521,4522,REU.4.3_1,REU.4.3_1,0.0349423860951723,0.45618795541476,0.421245569319588,2025.00501674162,2025.03995912771,NA,NA,NA
5571,5585,REU.4.5_1,REU.4.5_1,0.0274287984793001,0.456414338057054,0.428985539577754,2025.01275671187,2025.04018551035,NA,NA,NA
5881,5890,REU.4.3_1,REU.4.3_1,0.0377491369899453,0.456507473409777,0.418758336419832,2025.00252950872,2025.04027864571,NA,NA,NA
4439,4440,REU.4.3_1,REU.4.3_1,0.0676442643278667,0.456597708903055,0.388953444575188,2024.97272461687,2025.0403688812,NA,NA,NA
4879,4880,REU.4.3_1,REU.4.8_1,0.0787998294912916,0.456989868899764,0.378190039408472,2024.9619612117,2025.0407610412,NA,NA,NA
4028,4029,REU.4.8_1,REU.4.8_1,0.011883325727585,0.457267008904216,0.445383683176631,2025.02915485547,2025.0410381812,NA,NA,NA
5512,5513,REU.3.1_1,REU.3.4_1,0.021365116688061,0.45747345476936,0.436108338081299,2025.01987951038,2025.04124462707,NA,NA,NA
5198,5199,REU.4.3_1,REU.4.3_1,0.048256088751072,0.457600959182583,0.409344870431511,2024.99311604273,2025.04137213148,NA,NA,NA
4917,4918,REU.4.3_1,REU.4.8_1,0.0110902201058544,0.457957134178152,0.446866914072298,2025.03063808637,2025.04172830647,NA,NA,NA
3786,3787,REU.4.5_1,REU.4.5_1,0.011932763581213,0.458400695378346,0.446467931797133,2025.03023910409,2025.04217186767,NA,NA,NA
4160,4161,REU.4.3_1,REU.4.3_1,0.066568070067145,0.458420392168474,0.391852322101329,2024.9756234944,2025.04219156446,NA,NA,NA
3291,3292,REU.3.1_1,REU.3.4_1,0.0865999660453695,0.458625604733846,0.372025638688476,2024.95579681099,2025.04239677703,NA,NA,NA
4643,4669,REU.4.3_1,REU.4.3_1,0.0721252651788642,0.458685385538077,0.386560120359212,2024.97033129266,2025.04245655783,NA,NA,NA
5587,5588,REU.4.5_1,REU.4.5_1,0.0790961318997919,0.458755560426927,0.379659428527135,2024.96343060082,2025.04252673272,NA,NA,NA
3604,3619,REU.2.3_1,REU.2.3_1,0.0119741635997241,0.458791055869404,0.44681689226968,2025.03058806457,2025.04256222817,NA,NA,NA
5333,5347,REU.4.4_1,REU.4.4_1,0.0552211066641084,0.45879285027296,0.403571743608851,2024.98734291591,2025.04256402257,NA,NA,NA
5606,5607,REU.4.5_1,REU.4.5_1,0.0704588596219369,0.458990926943842,0.388532067321905,2024.97230323962,2025.04276209924,NA,NA,NA
4161,4162,REU.4.3_1,REU.4.3_1,0.000755910063049869,0.459176302231524,0.458420392168474,2025.04219156446,2025.04294747453,NA,NA,NA
5066,5067,REU.4.3_1,REU.4.3_1,0.00398081674019268,0.459372371767859,0.455391555027666,2025.03916272732,2025.04314354406,NA,NA,NA
4363,4364,REU.4.3_1,REU.4.3_1,0.0399260700662087,0.459385443759706,0.419459373693497,2025.00323054599,2025.04315661606,NA,NA,NA
4728,4729,REU.4.3_1,REU.4.3_1,0.0195467010472851,0.45954756639601,0.440000865348725,2025.02377203765,2025.04331873869,NA,NA,NA
6164,6187,REU.3.1_1,REU.3.1_1,0.0787194287177824,0.459550660380531,0.380831231662748,2024.96460240396,2025.04332183268,NA,NA,NA
5735,5736,REU.3.1_1,REU.3.1_1,0.0114135778423581,0.459724035128328,0.44831045728597,2025.03208162958,2025.04349520742,NA,NA,NA
4382,4383,REU.4.3_1,REU.4.3_1,0.0446092859861438,0.459734295943668,0.415125009957524,2024.99889618225,2025.04350546824,NA,NA,NA
3798,3808,REU.4.5_1,REU.4.5_1,0.00457098420632918,0.459867919809582,0.455296935603252,2025.0390681079,2025.04363909211,NA,NA,NA
4818,1639,REU.4.3_1,REU.4.4_1,0.0111480621795552,0.460064444141943,0.448916381962388,2025.03268755426,2025.04383561644,CHIKV_RUN_S8b67_2025,55.56018,-21.342402
4978,4979,REU.4.3_1,REU.4.3_1,0.0275421941672677,0.460435524381124,0.432893330213857,2025.01666450251,2025.04420669668,NA,NA,NA
3423,3425,REU.3.1_1,REU.3.1_1,0.016900877285198,0.460494620276239,0.443593742991041,2025.02736491529,2025.04426579257,NA,NA,NA
4658,4664,REU.4.3_1,REU.4.3_1,0.00656178914689665,0.460548784534754,0.453986995387858,2025.03775816768,2025.04431995683,NA,NA,NA
4581,4583,REU.2.3_1,REU.2.3_1,0.0302610543657557,0.460592261859464,0.430331207493708,2025.01410237979,2025.04436343416,NA,NA,NA
3713,3714,REU.3.1_1,REU.4.3_1,0.07783676898071,0.460662859263878,0.382826090283167,2024.96659726258,2025.04443403156,NA,NA,NA
3137,3138,REU.3.1_1,REU.4.8_1,0.0480929506208131,0.460674404059794,0.412581453438981,2024.99635262574,2025.04444557636,NA,NA,NA
5720,5721,REU.4.6_1,REU.4.6_1,0.0160928597773756,0.460728729483849,0.444635869706473,2025.028407042,2025.04449990178,NA,NA,NA
3523,3524,REU.4.8_1,REU.4.8_1,0.0168331615572028,0.460802863354513,0.44396970179731,2025.02774087409,2025.04457403565,NA,NA,NA
3955,3961,REU.4.3_1,REU.4.3_1,0.0337472858374739,0.460947345739416,0.427200059901942,2025.0109712322,2025.04471851804,NA,NA,NA
6193,6219,REU.2.3_1,REU.2.3_1,0.047304466997804,0.461034106842263,0.413729639844459,2024.99750081214,2025.04480527914,NA,NA,NA
3797,3818,REU.4.5_1,REU.4.5_1,0.0576732896806788,0.461203859022518,0.403530569341839,2024.98730174164,2025.04497503132,NA,NA,NA
4682,4687,REU.4.8_1,REU.4.8_1,0.0210750141668352,0.461253097955343,0.440178083788508,2025.02394925608,2025.04502427025,NA,NA,NA
3329,3343,REU.3.1_1,REU.3.1_1,0.0347057965920794,0.461515960906583,0.426810164314504,2025.01058133661,2025.0452871332,NA,NA,NA
5199,5200,REU.4.3_1,REU.4.3_1,0.00412801399669716,0.46172897317928,0.457600959182583,2025.04137213148,2025.04550014548,NA,NA,NA
5785,5786,REU.3.1_1,REU.3.1_1,0.0333095380865088,0.461729615266938,0.428420077180429,2025.01219124948,2025.04550078756,NA,NA,NA
5055,5056,REU.4.3_1,REU.4.3_1,0.0821431957620374,0.461952592978578,0.37980939721654,2024.96358056951,2025.04572376527,NA,NA,NA
4705,4712,REU.2.3_1,REU.2.3_1,0.0158516487908408,0.462439549901742,0.446587901110901,2025.03035907341,2025.0462107222,NA,NA,NA
3554,3560,REU.3.4_1,REU.3.4_1,0.0256835842378643,0.462648269118049,0.436964684880185,2025.02073585718,2025.04641944141,NA,NA,NA
4310,4312,REU.4.3_1,REU.4.3_1,0.015167705327885,0.463346644649559,0.448178939321674,2025.03195011162,2025.04711781695,NA,NA,NA
4853,4854,REU.4.3_1,REU.4.3_1,0.0706541326731289,0.463405611303577,0.392751478630448,2024.97652265093,2025.0471767836,NA,NA,NA
5085,5086,REU.4.8_1,REU.4.8_1,0.00811517247959193,0.463570477761543,0.455455305281951,2025.03922647758,2025.04734165006,NA,NA,NA
4605,4608,REU.4.3_1,REU.4.3_1,0.0110086634282092,0.46358483206129,0.452576168633081,2025.03634734093,2025.04735600436,NA,NA,NA
4979,4986,REU.4.3_1,REU.4.3_1,0.00332288180265028,0.463758406183775,0.460435524381124,2025.04420669668,2025.04752957848,NA,NA,NA
3732,3733,REU.3.4_1,REU.3.4_1,0.0126871480605302,0.463797442504608,0.451110294444078,2025.03488146674,2025.0475686148,NA,NA,NA
5890,5891,REU.4.3_1,REU.4.3_1,0.00746295895401949,0.463970432363796,0.456507473409777,2025.04027864571,2025.04774160466,NA,NA,NA
4098,4101,REU.4.3_1,REU.4.3_1,0.0529927462992414,0.464090589018373,0.411097842719132,2024.99486901502,2025.04786176131,NA,NA,NA
3446,3447,REU.3.4_1,REU.3.4_1,0.0809272843962707,0.46412762670209,0.383200342305819,2024.9669715146,2025.047898799,NA,NA,NA
5769,5770,REU.3.1_1,REU.4.3_1,0.130248072852339,0.46434638580319,0.334098312950851,2024.91786948525,2025.0481175581,NA,NA,NA
3484,3485,REU.3.4_1,REU.3.4_1,0.0321677400103939,0.464422323072373,0.432254583061979,2025.01602575536,2025.04819349537,NA,NA,NA
3194,3205,REU.3.1_1,REU.3.1_1,0.0326388868620121,0.464452317256443,0.431813430394431,2025.01558460269,2025.04822348955,NA,NA,NA
6035,6042,REU.3.1_1,REU.3.1_1,0.0479806693497286,0.464480665520484,0.416499996170755,2025.00027116847,2025.04825183782,NA,NA,NA
5489,5490,REU.4.3_1,REU.4.3_1,0.0223068441468426,0.464625648061398,0.442318803914556,2025.02608997621,2025.04839682036,NA,NA,NA
3148,3149,REU.3.1_1,REU.3.1_1,0.0122937726808139,0.46486225412799,0.452568481447176,2025.03633965374,2025.04863342642,NA,NA,NA
5961,5962,REU.3.1_1,REU.3.1_1,0.0230640949070376,0.465218380598016,0.442154285690979,2025.02592545799,2025.04898955289,NA,NA,NA
4054,4081,REU.4.8_1,REU.3.5_1,0.157558859228425,0.46523891707287,0.307680057844444,2024.89145123014,2025.04901008937,NA,NA,NA
5464,5468,REU.2.3_1,REU.2.3_1,0.0230321467730796,0.465252836281808,0.442220689508729,2025.0259918618,2025.04902400858,NA,NA,NA
5891,5892,REU.4.3_1,REU.4.3_1,0.0014040514587681,0.465374483822564,0.463970432363796,2025.04774160466,2025.04914565612,NA,NA,NA
4129,4130,REU.4.3_1,REU.4.3_1,0.0202935207155988,0.465453485403054,0.445159964687455,2025.02893113698,2025.0492246577,NA,NA,NA
3149,3150,REU.3.1_1,REU.3.1_1,0.00066182578695928,0.465524079914949,0.46486225412799,2025.04863342642,2025.04929525221,NA,NA,NA
5228,755,REU.4.3_1,REU.4.3_1,0.0612910234420428,0.465543896196658,0.404252872754615,2024.98802404505,2025.04931506849,CHIKV_RUN_S8b66_2025,55.510821,-21.285867
5160,5174,REU.4.3_1,REU.4.8_1,0.0164065986521839,0.465775204041264,0.44936860538908,2025.03313977769,2025.04954637634,NA,NA,NA
5240,5241,REU.4.3_1,REU.4.3_1,0.0292806384954758,0.465936251959928,0.436655613464452,2025.02042678576,2025.04970742426,NA,NA,NA
3540,3541,REU.3.1_1,REU.4.8_1,0.0446427904813503,0.466053041960087,0.421410251478737,2025.00518142378,2025.04982421426,NA,NA,NA
6035,6036,REU.3.1_1,REU.3.1_1,0.0496229370978444,0.4661229332686,0.416499996170755,2025.00027116847,2025.04989410557,NA,NA,NA
3808,3809,REU.4.5_1,REU.4.5_1,0.00631348538562171,0.466181405195203,0.459867919809582,2025.04363909211,2025.04995257749,NA,NA,NA
5801,5810,REU.3.1_1,REU.3.1_1,0.0311342426507057,0.466336770424381,0.435202527773675,2025.01897370007,2025.05010794272,NA,NA,NA
5927,5937,REU.3.1_1,REU.3.1_1,0.0218612069550002,0.466407846991286,0.444546640036286,2025.02831781233,2025.05017901929,NA,NA,NA
5558,5559,REU.4.5_1,REU.4.5_1,0.0177071484253586,0.466536053276594,0.448828904851235,2025.03260007715,2025.05030722557,NA,NA,NA
4312,4315,REU.4.3_1,REU.4.3_1,0.00321463708551095,0.46656128173507,0.463346644649559,2025.04711781695,2025.05033245403,NA,NA,NA
5909,5922,REU.4.3_1,REU.4.3_1,0.0515850677718124,0.466790406020211,0.415205338248399,2024.99897651054,2025.05056157832,NA,NA,NA
5033,5034,REU.4.3_1,REU.4.3_1,0.0332891608215382,0.466867727003727,0.433578566182189,2025.01734973848,2025.0506388993,NA,NA,NA
3604,3605,REU.2.3_1,REU.2.3_1,0.0200715215337772,0.466888413803457,0.44681689226968,2025.03058806457,2025.0506595861,NA,NA,NA
3268,3269,REU.3.1_1,REU.3.1_1,0.018023862699859,0.467150856284419,0.44912699358456,2025.03289816588,2025.05092202858,NA,NA,NA
5786,5787,REU.3.1_1,REU.3.1_1,0.00569854949916393,0.467428164766101,0.461729615266938,2025.04550078756,2025.05119933706,NA,NA,NA
3647,3648,REU.2.3_1,REU.2.3_1,0.0160088242317589,0.467475080685222,0.451466256453464,2025.03523742875,2025.05124625298,NA,NA,NA
4522,4523,REU.4.3_1,REU.4.3_1,0.0113130516604946,0.467501007075254,0.45618795541476,2025.03995912771,2025.05127217937,NA,NA,NA
4254,4270,REU.4.3_1,REU.4.3_1,0.0512474351584625,0.467616603631484,0.416369168473022,2025.00014034077,2025.05138777593,NA,NA,NA
3907,3927,REU.4.3_1,REU.4.8_1,0.0219893175163922,0.467786894974605,0.445797577458213,2025.02956874975,2025.05155806727,NA,NA,NA
5333,5334,REU.4.4_1,REU.4.4_1,0.0645015458241806,0.468073289433032,0.403571743608851,2024.98734291591,2025.05184446173,NA,NA,NA
5481,5482,REU.4.3_1,REU.4.3_1,0.0191161411288893,0.468152862236682,0.449036721107793,2025.0328078934,2025.05192403453,NA,NA,NA
4551,4552,REU.4.3_1,REU.4.3_1,0.0179534368750056,0.468168874582896,0.45021543770789,2025.03398661,2025.05194004688,NA,NA,NA
5547,5548,REU.4.5_1,REU.4.5_1,0.0231717954240052,0.468276193718232,0.445104398294227,2025.02887557059,2025.05204736601,NA,NA,NA
4627,938,REU.4.3_1,REU.4.3_1,0.0320361571685135,0.468283622224015,0.436247465055501,2025.02001863735,2025.05205479452,CHIKV_RUN_S10b70_2025,55.495923,-21.267607
4551,378,REU.4.3_1,REU.4.4_1,0.0180681845161246,0.468283622224015,0.45021543770789,2025.03398661,2025.05205479452,CHIKV_RUN_S9b73_2025,55.545941,-21.325712
4635,1568,REU.4.3_1,REU.4.3_1,0.0136611691229316,0.468283622224015,0.454622453101083,2025.0383936254,2025.05205479452,CHIKV_RUN_S10b75_2025,55.510689,-21.284803
5585,2086,REU.4.5_1,REU.4.5_1,0.0118692841669609,0.468283622224015,0.456414338057054,2025.04018551035,2025.05205479452,CHIKV_RUN_S10b74_2025,55.635655,-21.3416
5160,5161,REU.4.3_1,REU.4.3_1,0.0189157141028282,0.468284319491908,0.44936860538908,2025.03313977769,2025.05205549179,NA,NA,NA
5639,5653,REU.3.1_1,REU.4.8_1,0.0494454967010118,0.468322909703109,0.418877413002097,2025.0026485853,2025.052094082,NA,NA,NA
5347,5348,REU.4.4_1,REU.4.4_1,0.00959648271323477,0.468389332986195,0.45879285027296,2025.04256402257,2025.05216050528,NA,NA,NA
5014,5015,REU.4.8_1,REU.4.8_1,0.014764337822556,0.468645718827852,0.453881381005296,2025.0376525533,2025.05241689112,NA,NA,NA
5442,5443,REU.4.3_1,REU.4.3_1,0.0795891349509412,0.468775413524366,0.389186278573425,2024.97295745087,2025.05254658582,NA,NA,NA
5736,5737,REU.3.1_1,REU.3.1_1,0.00921459482996523,0.468938629958293,0.459724035128328,2025.04349520742,2025.05270980225,NA,NA,NA
6131,6132,REU.3.1_1,REU.3.1_1,0.0554349885129588,0.468984148689131,0.413549160176172,2024.99732033247,2025.05275532099,NA,NA,NA
4729,4730,REU.4.3_1,REU.4.3_1,0.00965707672648908,0.469204643122499,0.45954756639601,2025.04331873869,2025.05297581542,NA,NA,NA
5107,5108,REU.4.3_1,REU.4.3_1,0.0443560790470321,0.469234708758294,0.424878629711262,2025.00864980201,2025.05300588105,NA,NA,NA
4898,4901,REU.4.3_1,REU.4.3_1,0.0146653406236071,0.469267013088411,0.454601672464804,2025.03837284476,2025.05303818538,NA,NA,NA
5135,5136,REU.4.3_1,REU.4.3_1,0.090902443191304,0.469284133485714,0.37838169029441,2024.96215286259,2025.05305530578,NA,NA,NA
4478,4486,REU.4.3_1,REU.4.3_1,0.0219191053143347,0.46939450978657,0.447475404472236,2025.03124657677,2025.05316568208,NA,NA,NA
4507,4508,REU.4.3_1,REU.4.3_1,0.015256782258683,0.469401272766489,0.454144490507806,2025.0379156628,2025.05317244506,NA,NA,NA
4947,4948,REU.4.8_1,REU.4.8_1,0.0266839481543838,0.469573229020628,0.442889280866244,2025.02666045316,2025.05334440132,NA,NA,NA
3403,3404,REU.3.1_1,REU.3.1_1,0.0845121426653384,0.469586201416086,0.385074058750748,2024.96884523105,2025.05335737371,NA,NA,NA
4919,4920,REU.4.8_1,REU.4.3_1,0.0918346394548883,0.469725446848499,0.377890807393611,2024.96166197969,2025.05349661914,NA,NA,NA
3865,3866,REU.4.3_1,REU.4.3_1,0.0329739056056856,0.46979989673609,0.436825991130404,2025.02059716343,2025.05357106903,NA,NA,NA
5174,5180,REU.4.8_1,REU.4.8_1,0.00416669972800265,0.469941903769266,0.465775204041264,2025.04954637634,2025.05371307607,NA,NA,NA
3415,3416,REU.3.1_1,REU.4.8_1,0.0428885425491233,0.469991798573626,0.427103256024502,2025.01087442832,2025.05376297087,NA,NA,NA
5348,5349,REU.4.4_1,REU.4.4_1,0.00162028796507929,0.470009620951274,0.468389332986195,2025.05216050528,2025.05378079325,NA,NA,NA
3451,3452,REU.3.4_1,REU.3.4_1,0.0428451590224697,0.470372643971211,0.427527484948742,2025.01129865725,2025.05414381627,NA,NA,NA
4486,4490,REU.4.3_1,REU.4.3_1,0.00127038864730666,0.470664898433877,0.46939450978657,2025.05316568208,2025.05443607073,NA,NA,NA
5296,5302,REU.4.4_1,REU.4.4_1,0.0324427299920402,0.470810892241761,0.438368162249721,2025.02213933455,2025.05458206454,NA,NA,NA
3949,3950,REU.4.3_1,REU.4.8_1,0.11592478916838,0.470829034326135,0.354904245157755,2024.93867541745,2025.05460020662,NA,NA,NA
4312,4313,REU.4.3_1,REU.4.3_1,0.00754440567775594,0.470891050327315,0.463346644649559,2025.04711781695,2025.05466222262,NA,NA,NA
5663,5664,REU.3.1_1,REU.4.5_1,0.052551748335138,0.4709264555394,0.418374707204262,2025.0021458795,2025.05469762784,NA,NA,NA
3452,3471,REU.3.4_1,REU.3.4_1,0.00062424851389753,0.470996892485109,0.470372643971211,2025.05414381627,2025.05476806478,NA,NA,NA
4519,498,REU.4.3_1,REU.4.3_1,0.0707593046828988,0.4710233482516,0.400264043568701,2024.98403521587,2025.05479452055,CHIKV_RUN_S10b72_2025,55.514204,-21.283936
4059,623,REU.2.3_1,REU.2.3_1,0.014894658744049,0.4710233482516,0.456128689507551,2025.0398998618,2025.05479452055,CHIKV_RUN_S10b73_2025,55.459243,-20.89727
3733,2438,REU.3.4_1,REU.3.4_1,0.00722590574699133,0.4710233482516,0.463797442504608,2025.0475686148,2025.05479452055,CHIKV_RUN_S9b79_2025,55.314822,-21.220641
3273,3274,REU.3.1_1,REU.3.1_1,0.0362795418245702,0.4710290132264,0.43474947140183,2025.0185206437,2025.05480018552,NA,NA,NA
5468,5469,REU.2.3_1,REU.2.3_1,0.00578353337252413,0.471036369654333,0.465252836281808,2025.04902400858,2025.05480754195,NA,NA,NA
4944,4963,REU.4.3_1,REU.4.8_1,0.18345748410551,0.471073304288574,0.287615820183064,2024.87138699248,2025.05484447659,NA,NA,NA
3899,3900,REU.4.3_1,REU.4.3_1,0.0317076973037868,0.471167684626999,0.439459987323212,2025.02323115962,2025.05493885692,NA,NA,NA
3589,3590,REU.4.8_1,REU.4.8_1,0.0236324546873214,0.471171180190533,0.447538725503212,2025.0313098978,2025.05494235249,NA,NA,NA
6194,6195,REU.2.3_1,REU.2.3_1,0.0200314536858758,0.471232985871491,0.451201532185615,2025.03497270448,2025.05500415817,NA,NA,NA
5033,5040,REU.4.3_1,REU.4.3_1,0.0378026281339373,0.471381194316126,0.433578566182189,2025.01734973848,2025.05515236661,NA,NA,NA
3834,3844,REU.4.3_1,REU.4.3_1,0.0212351259411546,0.471459668264257,0.450224542323102,2025.03399571462,2025.05523084056,NA,NA,NA
3748,3768,REU.4.5_1,REU.4.5_1,0.0496706544221801,0.471553406532086,0.421882752109906,2025.00565392441,2025.05532457883,NA,NA,NA
3940,3941,REU.4.3_1,REU.4.3_1,0.02687615179369,0.471694710807339,0.444818559013649,2025.02858973131,2025.0554658831,NA,NA,NA
5956,5967,REU.3.1_1,REU.4.3_1,0.134453433838579,0.472068549676844,0.337615115838265,2024.92138628813,2025.05583972197,NA,NA,NA
5067,5068,REU.4.3_1,REU.4.3_1,0.0127172407006217,0.47208961246848,0.459372371767859,2025.04314354406,2025.05586078476,NA,NA,NA
3932,3933,REU.4.3_1,REU.4.3_1,0.038376405842849,0.472308729426116,0.433932323583267,2025.01770349588,2025.05607990172,NA,NA,NA
4209,4217,REU.4.3_1,REU.4.3_1,0.0245473239974363,0.472449426184947,0.447902102187511,2025.03167327448,2025.05622059848,NA,NA,NA
3404,3406,REU.3.1_1,REU.3.1_1,0.00312981918010435,0.47271602059619,0.469586201416086,2025.05335737371,2025.05648719289,NA,NA,NA
5909,5910,REU.4.3_1,REU.4.3_1,0.0575356632314071,0.472741001479806,0.415205338248399,2024.99897651054,2025.05651217378,NA,NA,NA
4880,4881,REU.4.8_1,REU.4.8_1,0.0159528443485655,0.472942713248329,0.456989868899764,2025.0407610412,2025.05671388554,NA,NA,NA
4111,4112,REU.4.3_1,REU.4.3_1,0.0618332637489172,0.472977030205962,0.411143766457044,2024.99491493875,2025.0567482025,NA,NA,NA
3422,3440,REU.3.1_1,REU.3.1_1,0.0297559375374957,0.473052962467413,0.443297024929917,2025.02706819723,2025.05682413476,NA,NA,NA
3865,3871,REU.4.3_1,REU.2.3_1,0.0365668325691928,0.473392823699597,0.436825991130404,2025.02059716343,2025.057163996,NA,NA,NA
3292,3293,REU.3.4_1,REU.3.4_1,0.0147868613163815,0.473412466050227,0.458625604733846,2025.04239677703,2025.05718363835,NA,NA,NA
4523,4524,REU.4.3_1,REU.4.3_1,0.00623354316641167,0.473734550241666,0.467501007075254,2025.05127217937,2025.05750572254,NA,NA,NA
3688,3689,REU.3.1_1,REU.3.1_1,0.0743496050096728,0.473752353610847,0.399402748601174,2024.9831739209,2025.05752352591,NA,NA,NA
5481,2562,REU.4.3_1,REU.4.8_1,0.0247263531711642,0.473763074278957,0.449036721107793,2025.0328078934,2025.05753424658,CHIKV_RUN_S9b80_2025,55.469145,-21.276392
4887,4889,REU.4.3_1,REU.4.3_1,0.0415831001860683,0.47394120044376,0.432358100257691,2025.01612927255,2025.05771237274,NA,NA,NA
4057,4061,REU.4.8_1,REU.4.8_1,0.0551195452207738,0.474232343328308,0.419112798107534,2025.0028839704,2025.05800351562,NA,NA,NA
4029,4032,REU.4.8_1,REU.4.8_1,0.017068238848914,0.47433524775313,0.457267008904216,2025.0410381812,2025.05810642005,NA,NA,NA
4997,4998,REU.4.8_1,REU.4.8_1,0.025773490913984,0.474488754897757,0.448715263983773,2025.03248643628,2025.05825992719,NA,NA,NA
5770,5771,REU.4.3_1,REU.4.3_1,0.0101479053072222,0.474494291110412,0.46434638580319,2025.0481175581,2025.05826546341,NA,NA,NA
3451,3477,REU.3.4_1,REU.3.4_1,0.0470385418143629,0.474566026763104,0.427527484948742,2025.01129865725,2025.05833719906,NA,NA,NA
3732,3734,REU.3.4_1,REU.3.4_1,0.0235845267892076,0.474694821233286,0.451110294444078,2025.03488146674,2025.05846599353,NA,NA,NA
3749,3750,REU.4.5_1,REU.4.7_1,0.0481396338441225,0.474743990173391,0.426604356329269,2025.01037552863,2025.05851516247,NA,NA,NA
3950,3952,REU.4.8_1,REU.4.8_1,0.00398247952127329,0.474811513847408,0.470829034326135,2025.05460020662,2025.05858268614,NA,NA,NA
5810,5816,REU.3.1_1,REU.3.1_1,0.00851264590882372,0.474849416333204,0.466336770424381,2025.05010794272,2025.05862058863,NA,NA,NA
3768,3769,REU.4.5_1,REU.4.5_1,0.00344571858951792,0.474999125121604,0.471553406532086,2025.05532457883,2025.05877029742,NA,NA,NA
5606,5620,REU.4.5_1,REU.4.5_1,0.0864795518219071,0.475011619143812,0.388532067321905,2024.97230323962,2025.05878279144,NA,NA,NA
4639,4640,REU.4.3_1,REU.4.3_1,0.0430475640574303,0.475037831079637,0.431990267022207,2025.01576143932,2025.05880900338,NA,NA,NA
5620,5621,REU.4.5_1,REU.4.5_1,0.000246268431390195,0.475257887575202,0.475011619143812,2025.05878279144,2025.05902905987,NA,NA,NA
5015,5016,REU.4.8_1,REU.4.8_1,0.006633819190207,0.475279538018059,0.468645718827852,2025.05241689112,2025.05905071031,NA,NA,NA
4810,4830,REU.4.3_1,REU.4.3_1,0.100148267415112,0.475634908894195,0.375486641479082,2024.95925781378,2025.05940608119,NA,NA,NA
3233,3234,REU.3.1_1,REU.3.1_1,0.0338330579097308,0.475743402844626,0.441910344934895,2025.02568151723,2025.05951457514,NA,NA,NA
5816,5820,REU.3.1_1,REU.4.8_1,0.00107613240127513,0.47592554873448,0.474849416333204,2025.05862058863,2025.05969672103,NA,NA,NA
5034,5035,REU.4.3_1,REU.4.3_1,0.00950765468018877,0.476375381683916,0.466867727003727,2025.0506388993,2025.06014655398,NA,NA,NA
3205,3213,REU.3.1_1,REU.3.1_1,0.0119909706096802,0.476443287866123,0.464452317256443,2025.04822348955,2025.06021446016,NA,NA,NA
6105,6106,REU.3.1_1,REU.3.1_1,0.0263203452886347,0.47649557565525,0.450175230366615,2025.03394640266,2025.06026674795,NA,NA,NA
4364,254,REU.4.3_1,REU.3.4_1,0.0171173565466085,0.476502800306315,0.459385443759706,2025.04315661606,2025.0602739726,CHIKV_RUN_S9b66_2025,55.28587,-21.158538
4383,4384,REU.4.3_1,REU.4.3_1,0.0167719931699596,0.476506289113628,0.459734295943668,2025.04350546824,2025.06027746141,NA,NA,NA
3994,4011,REU.4.8_1,REU.4.8_1,0.0787996018309904,0.476531313383054,0.397731711552064,2024.98150288385,2025.06030248568,NA,NA,NA
6018,6019,REU.4.1_1,REU.4.1_1,0.0277052303361403,0.476614488190689,0.448909257854549,2025.03268043015,2025.06038566049,NA,NA,NA
4881,4882,REU.4.8_1,REU.4.8_1,0.00382257731723379,0.476765290565563,0.472942713248329,2025.05671388554,2025.06053646286,NA,NA,NA
4524,4525,REU.4.3_1,REU.4.3_1,0.00309582173368539,0.476830371975351,0.473734550241666,2025.05750572254,2025.06060154427,NA,NA,NA
5937,5938,REU.3.1_1,REU.3.1_1,0.0104564940712583,0.476864341062545,0.466407846991286,2025.05017901929,2025.06063551336,NA,NA,NA
5123,5124,REU.4.3_1,REU.4.3_1,0.0459021507499909,0.476889049527628,0.430986898777637,2025.01475807107,2025.06066022182,NA,NA,NA
5860,5862,REU.4.6_1,REU.4.6_1,0.0505857902875833,0.477085763844193,0.42649997355661,2025.01027114585,2025.06085693614,NA,NA,NA
3425,3426,REU.3.1_1,REU.3.1_1,0.0166989072783775,0.477193527554617,0.460494620276239,2025.04426579257,2025.06096469985,NA,NA,NA
4383,4393,REU.4.3_1,REU.4.3_1,0.0175650264816886,0.477299322425357,0.459734295943668,2025.04350546824,2025.06107049472,NA,NA,NA
5785,5795,REU.3.1_1,REU.3.1_1,0.0489186150773538,0.477338692257783,0.428420077180429,2025.01219124948,2025.06110986455,NA,NA,NA
4192,4193,REU.4.3_1,REU.4.3_1,0.0462757119992101,0.477342357044539,0.431066645045329,2025.01483781734,2025.06111352934,NA,NA,NA
5229,5230,REU.4.3_1,REU.4.3_1,0.0725332813672064,0.477578421889736,0.405045140522529,2024.98881631282,2025.06134959419,NA,NA,NA
4812,4813,REU.4.3_1,REU.2.3_1,0.0637283637258776,0.477610763120792,0.413882399394914,2024.99765357169,2025.06138193542,NA,NA,NA
3248,3249,REU.3.1_1,REU.3.1_1,0.100252559139072,0.477706562307335,0.377454003168263,2024.96122517546,2025.0614777346,NA,NA,NA
4124,4125,REU.4.3_1,REU.4.3_1,0.0349205893329556,0.477753982624113,0.442833393291157,2025.02660456559,2025.06152515492,NA,NA,NA
5040,5041,REU.4.3_1,REU.4.3_1,0.00661978966407173,0.478000983980198,0.471381194316126,2025.05515236661,2025.06177215628,NA,NA,NA
4687,4689,REU.4.8_1,REU.4.8_1,0.0167559016138306,0.478008999569173,0.461253097955343,2025.04502427025,2025.06178017187,NA,NA,NA
4901,4902,REU.4.3_1,REU.4.3_1,0.00883834365101943,0.478105356739431,0.469267013088411,2025.05303818538,2025.06187652904,NA,NA,NA
6168,6170,REU.3.1_1,REU.3.1_1,0.0396133999525246,0.478318213858981,0.438704813906457,2025.0224759862,2025.06208938616,NA,NA,NA
4440,4441,REU.4.3_1,REU.4.3_1,0.0217371347383538,0.478334843641409,0.456597708903055,2025.0403688812,2025.06210601594,NA,NA,NA
3961,3962,REU.4.3_1,REU.4.3_1,0.0174448343541648,0.478392180093581,0.460947345739416,2025.04471851804,2025.06216335239,NA,NA,NA
3217,3222,REU.4.3_1,REU.4.3_1,0.0292873665699752,0.47860866723824,0.449321300668265,2025.03309247296,2025.06237983953,NA,NA,NA
4028,4053,REU.4.8_1,REU.4.8_1,0.0332435515555308,0.478627234732162,0.445383683176631,2025.02915485547,2025.06239840703,NA,NA,NA
3866,3867,REU.4.3_1,REU.4.3_1,0.00885783314548527,0.478657729881575,0.46979989673609,2025.05357106903,2025.06242890218,NA,NA,NA
5241,5242,REU.4.3_1,REU.4.3_1,0.0128095805533506,0.478745832513278,0.465936251959928,2025.04970742426,2025.06251700481,NA,NA,NA
5230,5234,REU.4.3_1,REU.4.3_1,0.00154303893612695,0.479121460825863,0.477578421889736,2025.06134959419,2025.06289263312,NA,NA,NA
3159,3160,REU.3.1_1,REU.3.1_1,0.0671316972744479,0.479122765967128,0.41199106869268,2024.99576224099,2025.06289393826,NA,NA,NA
5086,5087,REU.4.8_1,REU.4.8_1,0.0155709761979539,0.479141453959497,0.463570477761543,2025.04734165006,2025.06291262626,NA,NA,NA
5334,5335,REU.4.4_1,REU.4.4_1,0.0110944663713579,0.47916775580439,0.468073289433032,2025.05184446173,2025.0629389281,NA,NA,NA
4360,270,REU.4.3_1,REU.4.3_1,0.0376884323977908,0.479242526333672,0.441554093935881,2025.02532526623,2025.06301369863,CHIKV_RUN_S9b65_2025,55.525635,-21.281006
4226,1522,REU.4.3_1,REU.4.3_1,0.0261044922305999,0.479242526333672,0.453138034103072,2025.0369092064,2025.06301369863,CHIKV_RUN_S9b64_2025,55.5149,-21.268858
3471,2965,REU.3.4_1,REU.3.4_1,0.00824563384856314,0.479242526333672,0.470996892485109,2025.05476806478,2025.06301369863,CHIKV_RUN_S9b61_2025,55.32904,-21.163219
5068,850,REU.4.3_1,REU.4.3_1,0.00715291386519157,0.479242526333672,0.47208961246848,2025.05586078476,2025.06301369863,CHIKV_RUN_S9b62_2025,55.521447,-21.281511
4115,4117,REU.4.3_1,REU.4.3_1,0.0282793540478241,0.479293230236176,0.451013876188351,2025.03478504848,2025.06306440253,NA,NA,NA
4425,4426,REU.4.3_1,REU.4.3_1,0.025774518626517,0.479301453689698,0.453526935063181,2025.03729810736,2025.06307262599,NA,NA,NA
4508,4513,REU.4.3_1,REU.4.3_1,0.00991704700800067,0.479318319774489,0.469401272766489,2025.05317244506,2025.06308949207,NA,NA,NA
5680,5701,REU.4.8_1,REU.4.8_1,0.0322016455790327,0.479422690059798,0.447221044480765,2025.03099221678,2025.06319386236,NA,NA,NA
3864,3881,REU.4.3_1,REU.4.3_1,0.0463998392860557,0.479447390631237,0.433047551345181,2025.01681872364,2025.06321856293,NA,NA,NA
5295,5331,REU.4.4_1,REU.4.4_1,0.0413307086545336,0.479603756356053,0.438273047701519,2025.02204422,2025.06337492865,NA,NA,NA
4068,4069,REU.4.3_1,REU.4.3_1,0.051564549507537,0.479671785511775,0.428107236004239,2025.0118784083,2025.06344295781,NA,NA,NA
5531,5537,REU.4.5_1,REU.4.5_1,0.0243774237343879,0.479817041557735,0.455439617823347,2025.03921079012,2025.06358821385,NA,NA,NA
6120,6121,REU.3.1_1,REU.3.1_1,0.0243996192107061,0.479954860365848,0.455555241155142,2025.03932641345,2025.06372603266,NA,NA,NA
4313,4314,REU.4.3_1,REU.4.3_1,0.00934511841600194,0.480236168743317,0.470891050327315,2025.05466222262,2025.06400734104,NA,NA,NA
6174,6175,REU.4.3_1,REU.3.5_1,0.0350362465004168,0.48033243778291,0.445296191282493,2025.02906736358,2025.06410361008,NA,NA,NA
5927,5928,REU.3.1_1,REU.2.3_1,0.0359087526652745,0.480455392701561,0.444546640036286,2025.02831781233,2025.064226565,NA,NA,NA
3187,3188,REU.3.1_1,REU.4.8_1,0.132473711770526,0.480536142350007,0.348062430579481,2024.93183360288,2025.06430731465,NA,NA,NA
4129,4132,REU.4.3_1,REU.4.3_1,0.0356247419886766,0.480784706676132,0.445159964687455,2025.02893113698,2025.06455587897,NA,NA,NA
3590,3591,REU.4.8_1,REU.4.8_1,0.0096807517706845,0.480851931961218,0.471171180190533,2025.05494235249,2025.06462310426,NA,NA,NA
4032,4033,REU.4.8_1,REU.4.8_1,0.00654350394042646,0.480878751693556,0.47433524775313,2025.05810642005,2025.06464992399,NA,NA,NA
3425,3434,REU.3.1_1,REU.3.1_1,0.02041478953965,0.48090940981589,0.460494620276239,2025.04426579257,2025.06468058211,NA,NA,NA
3138,3139,REU.4.8_1,REU.4.8_1,0.0202522185336129,0.480926622593407,0.460674404059794,2025.04444557636,2025.06469779489,NA,NA,NA
3509,3510,REU.3.4_1,REU.3.4_1,0.0753712065283725,0.481090916145748,0.405719709617375,2024.98949088191,2025.06486208844,NA,NA,NA
5501,5503,REU.3.5_1,REU.3.5_1,0.0341633601679632,0.481110421550432,0.446947061382468,2025.03071823368,2025.06488159385,NA,NA,NA
5489,5492,REU.4.3_1,REU.4.3_1,0.0387985982591353,0.481117402173691,0.442318803914556,2025.02608997621,2025.06488857447,NA,NA,NA
3647,3662,REU.2.3_1,REU.2.4_1,0.029732941472345,0.481199197925809,0.451466256453464,2025.03523742875,2025.06497037022,NA,NA,NA
5802,5809,REU.3.1_1,REU.3.1_1,0.0278691885642781,0.481252072377164,0.453382883812886,2025.03715405611,2025.06502324467,NA,NA,NA
4901,4908,REU.4.3_1,REU.4.3_1,0.0121018806202381,0.481368893708649,0.469267013088411,2025.05303818538,2025.065140066,NA,NA,NA
5220,5224,REU.4.3_1,REU.4.3_1,0.0416981793876845,0.481383296438507,0.439685117050823,2025.02345628935,2025.06515446874,NA,NA,NA
3560,3561,REU.3.4_1,REU.3.4_1,0.0187375221524779,0.481385791270527,0.462648269118049,2025.04641944141,2025.06515696357,NA,NA,NA
4998,5000,REU.4.8_1,REU.4.8_1,0.00699001281510436,0.481478767712862,0.474488754897757,2025.05825992719,2025.06524994001,NA,NA,NA
4374,4375,REU.4.3_1,REU.4.3_1,0.061334400578304,0.481662589466173,0.420328188887869,2025.00409936118,2025.06543376176,NA,NA,NA
4306,4333,REU.4.3_1,REU.4.8_1,0.124553242625069,0.481844956053422,0.357291713428353,2024.94106288572,2025.06561612835,NA,NA,NA
3662,3663,REU.2.4_1,REU.2.4_1,0.000675851222500135,0.481875049148309,0.481199197925809,2025.06497037022,2025.06564622144,NA,NA,NA
3808,226,REU.4.5_1,REU.4.7_1,0.0221143325514477,0.481982252361029,0.459867919809582,2025.04363909211,2025.06575342466,CHIKV_RUN_S9b63_2025,55.7704,-21.359617
4523,4527,REU.4.3_1,REU.4.3_1,0.0146417021161123,0.482142709191367,0.467501007075254,2025.05127217937,2025.06591388149,NA,NA,NA
4420,4421,REU.4.3_1,REU.2.5_1,0.0434912588510611,0.482152546802511,0.43866128795145,2025.02243246025,2025.0659237191,NA,NA,NA
5897,5899,REU.4.3_1,REU.4.8_1,0.0517491137945908,0.482238033503862,0.430488919709271,2025.01426009201,2025.0660092058,NA,NA,NA
4061,4062,REU.4.8_1,REU.4.8_1,0.00804274275996575,0.482275086088273,0.474232343328308,2025.05800351562,2025.06604625838,NA,NA,NA
6106,6107,REU.3.1_1,REU.3.1_1,0.00589936964319893,0.482394945298448,0.47649557565525,2025.06026674795,2025.0661661176,NA,NA,NA
4979,4980,REU.4.3_1,REU.4.3_1,0.0220961606156487,0.482531684996773,0.460435524381124,2025.04420669668,2025.06630285729,NA,NA,NA
6194,6198,REU.2.3_1,REU.2.3_1,0.0314030026739782,0.482604534859593,0.451201532185615,2025.03497270448,2025.06637570716,NA,NA,NA
3706,3709,REU.3.1_1,REU.3.1_1,0.04246299880592,0.48264913801567,0.44018613920975,2025.02395731151,2025.06642031031,NA,NA,NA
5141,5142,REU.4.3_1,REU.4.3_1,0.0447231051750901,0.482912290389033,0.438189185213943,2025.02196035751,2025.06668346269,NA,NA,NA
5737,5739,REU.3.1_1,REU.3.1_1,0.0140755383103899,0.483014168268683,0.468938629958293,2025.05270980225,2025.06678534057,NA,NA,NA
5181,5182,REU.4.3_1,REU.4.6_1,0.109804115178121,0.483116165503591,0.37331205032547,2024.95708322262,2025.0668873378,NA,NA,NA
5041,5042,REU.4.3_1,REU.4.3_1,0.00529918493744685,0.483300168917645,0.478000983980198,2025.06177215628,2025.06707134121,NA,NA,NA
6042,6043,REU.3.1_1,REU.3.1_1,0.0188706286718144,0.483351294192298,0.464480665520484,2025.04825183782,2025.06712246649,NA,NA,NA
5559,5562,REU.4.5_1,REU.4.5_1,0.0169469170456756,0.48348297032227,0.466536053276594,2025.05030722557,2025.06725414262,NA,NA,NA
3350,3372,REU.3.1_1,REU.4.3_1,0.0503448063004379,0.483683693204477,0.433338886904039,2025.0171100592,2025.0674548655,NA,NA,NA
3605,3606,REU.2.3_1,REU.2.3_1,0.0168584251495218,0.483746838952979,0.466888413803457,2025.0506595861,2025.06751801125,NA,NA,NA
5108,5109,REU.4.3_1,REU.4.3_1,0.0146369427093621,0.483871651467656,0.469234708758294,2025.05300588105,2025.06764282376,NA,NA,NA
5385,5407,REU.2.3_1,REU.2.3_1,0.0282193146606082,0.483918012589488,0.45569869792888,2025.03946987023,2025.06768918489,NA,NA,NA
4384,4386,REU.4.3_1,REU.4.3_1,0.00741237728102084,0.483918666394649,0.476506289113628,2025.06027746141,2025.06768983869,NA,NA,NA
5260,5261,REU.4.3_1,REU.4.3_1,0.114353157320835,0.483921811542856,0.369568654222021,2024.95333982652,2025.06769298384,NA,NA,NA
6042,6056,REU.3.1_1,REU.3.1_1,0.0194581547052552,0.483938820225739,0.464480665520484,2025.04825183782,2025.06770999252,NA,NA,NA
3372,3374,REU.4.3_1,REU.4.3_1,0.000273723086072652,0.483957416290549,0.483683693204477,2025.0674548655,2025.06772858859,NA,NA,NA
3717,3739,REU.3.4_1,REU.3.4_1,0.142364810144341,0.483991292517474,0.341626482373133,2024.92539765467,2025.06776246481,NA,NA,NA
4552,4553,REU.4.3_1,REU.4.3_1,0.0158347665378746,0.484003641120771,0.468168874582896,2025.05194004688,2025.06777481342,NA,NA,NA
4393,4394,REU.4.3_1,REU.4.3_1,0.00674739782752576,0.484046720252883,0.477299322425357,2025.06107049472,2025.06781789255,NA,NA,NA
4322,4331,REU.4.3_1,REU.4.3_1,0.0282618875802995,0.484066669562632,0.455804781982332,2025.03957595428,2025.06783784186,NA,NA,NA
4854,4861,REU.4.3_1,REU.4.3_1,0.0206993729843826,0.48410498428796,0.463405611303577,2025.0471767836,2025.06787615658,NA,NA,NA
4689,4690,REU.4.8_1,REU.4.8_1,0.00612930059120687,0.48413830016038,0.478008999569173,2025.06178017187,2025.06790947246,NA,NA,NA
5234,5235,REU.4.3_1,REU.4.3_1,0.00502439662262477,0.484145857448487,0.479121460825863,2025.06289263312,2025.06791702974,NA,NA,NA
4291,4292,REU.4.3_1,REU.4.3_1,0.0315843825892376,0.484389072450099,0.452804689860862,2025.03657586216,2025.06816024475,NA,NA,NA
4179,4183,REU.4.3_1,REU.4.3_1,0.0295319108008174,0.484434759376725,0.454902848575908,2025.03867402087,2025.06820593167,NA,NA,NA
3962,3963,REU.4.3_1,REU.4.3_1,0.00604732366747318,0.484439503761054,0.478392180093581,2025.06216335239,2025.06821067606,NA,NA,NA
5161,5162,REU.4.3_1,REU.4.3_1,0.0161801734187174,0.484464492910626,0.468284319491908,2025.05205549179,2025.06823566521,NA,NA,NA
5680,5681,REU.4.8_1,REU.4.8_1,0.0373485263958713,0.484569570876636,0.447221044480765,2025.03099221678,2025.06834074317,NA,NA,NA
3787,3791,REU.4.5_1,REU.4.5_1,0.0262638692116661,0.484664564590013,0.458400695378346,2025.04217186767,2025.06843573689,NA,NA,NA
4918,1133,REU.4.8_1,REU.4.8_1,0.0267648442102346,0.484721978388387,0.457957134178152,2025.04172830647,2025.06849315068,CHIKV_RUN_S9b59_2025,55.506982,-21.290194
5000,5001,REU.4.8_1,REU.4.8_1,0.00341410937216013,0.484892877085022,0.481478767712862,2025.06524994001,2025.06866404938,NA,NA,NA
4226,4227,REU.4.3_1,REU.4.3_1,0.0318259586597608,0.484963992762833,0.453138034103072,2025.0369092064,2025.06873516506,NA,NA,NA
4543,4544,REU.4.3_1,REU.4.3_1,0.0511745676604609,0.484965198983356,0.433790631322895,2025.01756180362,2025.06873637128,NA,NA,NA
3524,3531,REU.4.8_1,REU.4.6_1,0.0242132121490517,0.485016075503565,0.460802863354513,2025.04457403565,2025.0687872478,NA,NA,NA
5443,5444,REU.4.3_1,REU.4.3_1,0.0166067897454136,0.48538220326978,0.468775413524366,2025.05254658582,2025.06915337557,NA,NA,NA
5407,5408,REU.2.3_1,REU.2.3_1,0.00180139419514946,0.485719406784638,0.483918012589488,2025.06768918489,2025.06949057908,NA,NA,NA
3844,3847,REU.4.3_1,REU.4.3_1,0.0142874935617135,0.48574716182597,0.471459668264257,2025.05523084056,2025.06951833412,NA,NA,NA
4162,4163,REU.4.3_1,REU.4.3_1,0.0266915948962176,0.485867897127741,0.459176302231524,2025.04294747453,2025.06963906942,NA,NA,NA
4225,4230,REU.4.3_1,REU.4.3_1,0.0760310766366896,0.485878134784205,0.409847058147515,2024.99361823044,2025.06964930708,NA,NA,NA
5630,5635,REU.3.1_1,REU.3.1_1,0.0321861191273617,0.485978319340031,0.45379220021267,2025.03756337251,2025.06974949164,NA,NA,NA
5701,5702,REU.4.8_1,REU.4.8_1,0.00657208728844083,0.485994777348239,0.479422690059798,2025.06319386236,2025.06976594964,NA,NA,NA
6149,6154,REU.3.1_1,REU.3.1_1,0.0337663423252199,0.486273593584561,0.452507251259341,2025.03627842356,2025.07004476588,NA,NA,NA
5139,5143,REU.4.3_1,REU.4.3_1,0.0700961108630563,0.486590358524803,0.416494247661746,2025.00026541996,2025.07036153082,NA,NA,NA
5385,5386,REU.2.3_1,REU.2.3_1,0.0309109517352558,0.486609649664136,0.45569869792888,2025.03946987023,2025.07038082196,NA,NA,NA
4818,4819,REU.4.3_1,REU.4.3_1,0.0377369424955076,0.486653324457895,0.448916381962388,2025.03268755426,2025.07042449675,NA,NA,NA
4384,4385,REU.4.3_1,REU.4.3_1,0.0102523556296005,0.486758644743228,0.476506289113628,2025.06027746141,2025.07052981704,NA,NA,NA
5719,5732,REU.4.6_1,REU.4.6_1,0.0521904477582614,0.486857352797758,0.434666905039497,2025.01843807734,2025.07062852509,NA,NA,NA
3809,3810,REU.4.5_1,REU.4.5_1,0.0207066874974765,0.48688809269268,0.466181405195203,2025.04995257749,2025.07065926499,NA,NA,NA
3426,3429,REU.3.1_1,REU.3.1_1,0.00982932102243284,0.48702284857705,0.477193527554617,2025.06096469985,2025.07079402087,NA,NA,NA
5347,5351,REU.4.4_1,REU.4.8_1,0.0282386328517552,0.487031483124715,0.45879285027296,2025.04256402257,2025.07080265542,NA,NA,NA
6170,6173,REU.3.1_1,REU.3.1_1,0.00882148456154308,0.487139698420525,0.478318213858981,2025.06208938616,2025.07091087072,NA,NA,NA
3492,3497,REU.3.4_1,REU.4.6_1,0.0513738981229263,0.487164490507633,0.435790592384707,2025.01956176468,2025.0709356628,NA,NA,NA
4393,4399,REU.4.3_1,REU.4.3_1,0.00988503077298009,0.487184353198337,0.477299322425357,2025.06107049472,2025.07095552549,NA,NA,NA
3301,3302,REU.2.5_1,REU.2.5_1,0.103940293779487,0.487305425800667,0.38336513202118,2024.96713630432,2025.0710765981,NA,NA,NA
5446,5451,REU.4.3_1,REU.4.3_1,0.0624693024677377,0.487454631732946,0.424985329265208,2025.00875650156,2025.07122580403,NA,NA,NA
5274,1185,REU.4.4_1,REU.4.3_1,0.0996997954262245,0.487461704415971,0.387761908989747,2024.97153308129,2025.07123287671,CHIKV_RUN_S15b16_2025,55.524533,-21.252621
3504,2959,REU.3.4_1,REU.3.4_1,0.0750560957878751,0.487461704415971,0.412405608628096,2024.99617678092,2025.07123287671,CHIKV_RUN_S12b45_2025,55.30615,-21.16494
6147,2488,REU.3.1_1,REU.3.4_1,0.0694232945590454,0.487461704415971,0.418038409856926,2025.00180958215,2025.07123287671,CHIKV_RUN_S15b49_2025,55.309488,-21.16991
5383,974,REU.4.8_1,REU.4.8_1,0.0594709607524915,0.487461704415971,0.42799074366348,2025.01176191596,2025.07123287671,CHIKV_RUN_S15b27_2025,55.487095,-21.27371
5712,3071,REU.3.1_1,REU.3.1_1,0.054874087602282,0.487461704415971,0.43258761681369,2025.01635878911,2025.07123287671,CHIKV_RUN_S15b56_2025,55.366553,-21.258276
4128,287,REU.4.3_1,REU.4.3_1,0.0441266313162192,0.487461704415971,0.443335073099752,2025.0271062454,2025.07123287671,CHIKV_RUN_S9b70_2025,55.524018,-21.28018
4150,317,REU.4.3_1,REU.4.8_1,0.0397526406349764,0.487461704415971,0.447709063780995,2025.03148023608,2025.07123287671,CHIKV_RUN_S15b36_2025,55.491803,-21.307722
3714,2843,REU.4.3_1,REU.4.3_1,0.026798845152094,0.487461704415971,0.460662859263878,2025.04443403156,2025.07123287671,CHIKV_RUN_S15b43_2025,55.551621,-21.272343
5653,1781,REU.4.8_1,REU.4.4_1,0.0191387947128625,0.487461704415971,0.468322909703109,2025.052094082,2025.07123287671,CHIKV_RUN_S12b82_2025,55.563741,-21.359648
3900,319,REU.4.3_1,REU.4.3_1,0.0162940197889726,0.487461704415971,0.471167684626999,2025.05493885692,2025.07123287671,CHIKV_RUN_S15b25_2025,55.504538,-21.23339
4980,1752,REU.4.3_1,REU.4.4_1,0.00493001941919835,0.487461704415971,0.482531684996773,2025.06630285729,2025.07123287671,CHIKV_RUN_S15b08_2025,55.561293,-21.342422
4544,593,REU.4.3_1,REU.4.3_1,0.00249650543261548,0.487461704415971,0.484965198983356,2025.06873637128,2025.07123287671,CHIKV_RUN_S9b67_2025,55.522667,-21.287677
3810,225,REU.4.5_1,REU.4.7_1,0.000573611723291623,0.487461704415971,0.48688809269268,2025.07065926499,2025.07123287671,CHIKV_RUN_S15b42_2025,55.787996,-21.351312
4115,4116,REU.4.3_1,REU.4.8_1,0.0366991045124763,0.487712980700828,0.451013876188351,2025.03478504848,2025.071484153,NA,NA,NA
4254,4255,REU.4.3_1,REU.4.3_1,0.0714956236820455,0.487864792155067,0.416369168473022,2025.00014034077,2025.07163596445,NA,NA,NA
5302,5303,REU.4.4_1,REU.4.4_1,0.0174516843128606,0.488262576554622,0.470810892241761,2025.05458206454,2025.07203374885,NA,NA,NA
5277,5278,REU.4.4_1,REU.4.4_1,0.0718458098338852,0.488316587649705,0.41647077781582,2025.00024195011,2025.07208775995,NA,NA,NA
4920,4921,REU.4.3_1,REU.4.3_1,0.0187166628288977,0.488442109677397,0.469725446848499,2025.05349661914,2025.07221328197,NA,NA,NA
5558,5564,REU.4.5_1,REU.4.5_1,0.0396969822610364,0.488525887112272,0.448828904851235,2025.03260007715,2025.07229705941,NA,NA,NA
5384,5428,REU.2.3_1,REU.2.3_1,0.0373047164106107,0.488536075876466,0.451231359465855,2025.03500253176,2025.07230724817,NA,NA,NA
4421,4422,REU.2.5_1,REU.2.5_1,0.00652436418259039,0.488676910985102,0.482152546802511,2025.0659237191,2025.07244808328,NA,NA,NA
5230,5231,REU.4.3_1,REU.4.3_1,0.0111174856674463,0.488695907557182,0.477578421889736,2025.06134959419,2025.07246707985,NA,NA,NA
5068,5069,REU.4.3_1,REU.4.3_1,0.0166566077481062,0.488746220216587,0.47208961246848,2025.05586078476,2025.07251739251,NA,NA,NA
3769,3770,REU.4.5_1,REU.4.5_1,0.0137614635833104,0.488760588704915,0.474999125121604,2025.05877029742,2025.072531761,NA,NA,NA
3603,3625,REU.2.3_1,REU.2.3_1,0.0422936802632369,0.488850267858818,0.446556587595581,2025.03032775989,2025.07262144016,NA,NA,NA
4669,4670,REU.4.3_1,REU.4.3_1,0.0301766088948754,0.488861994432952,0.458685385538077,2025.04245655783,2025.07263316673,NA,NA,NA
4333,4341,REU.4.8_1,REU.4.8_1,0.00711240667366575,0.488957362727088,0.481844956053422,2025.06561612835,2025.07272853502,NA,NA,NA
4441,4448,REU.4.3_1,REU.4.3_1,0.010644762694287,0.488979606335696,0.478334843641409,2025.06210601594,2025.07275077863,NA,NA,NA
4255,4268,REU.4.3_1,REU.4.3_1,0.00116217553705522,0.489026967692123,0.487864792155067,2025.07163596445,2025.07279813999,NA,NA,NA
5664,5672,REU.4.5_1,REU.4.5_1,0.0181804817655544,0.489106937304954,0.4709264555394,2025.05469762784,2025.0728781096,NA,NA,NA
4255,4256,REU.4.3_1,REU.4.3_1,0.00137330467867924,0.489238096833747,0.487864792155067,2025.07163596445,2025.07300926913,NA,NA,NA
6187,6188,REU.3.1_1,REU.3.1_1,0.0296967272626844,0.489247387643215,0.459550660380531,2025.04332183268,2025.07301855994,NA,NA,NA
5143,5151,REU.4.3_1,REU.4.3_1,0.002767275181219,0.489357633706022,0.486590358524803,2025.07036153082,2025.073128806,NA,NA,NA
3452,3453,REU.3.4_1,REU.3.4_1,0.0189906353330208,0.489363279304232,0.470372643971211,2025.05414381627,2025.0731344516,NA,NA,NA
5246,5247,REU.4.3_1,REU.4.3_1,0.0515801073547167,0.489476667139069,0.437896559784352,2025.02166773208,2025.07324783944,NA,NA,NA
5938,5939,REU.3.1_1,REU.3.1_1,0.0126608165419392,0.489525157604484,0.476864341062545,2025.06063551336,2025.0732963299,NA,NA,NA
4867,4868,REU.4.3_1,REU.4.3_1,0.07155800915042,0.489601276270769,0.418043267120349,2025.00181443942,2025.07337244857,NA,NA,NA
3274,3275,REU.3.1_1,REU.3.1_1,0.018579821702622,0.489608834929022,0.4710290132264,2025.05480018552,2025.07338000723,NA,NA,NA
3274,3280,REU.3.1_1,REU.3.1_1,0.0186889253916945,0.489717938618095,0.4710290132264,2025.05480018552,2025.07348911091,NA,NA,NA
5751,5752,REU.4.6_1,REU.3.4_1,0.0375960504766614,0.489970919864011,0.452374869387349,2025.03614604168,2025.07374209216,NA,NA,NA
4608,4609,REU.4.3_1,REU.2.3_1,0.026428613483897,0.490013445545187,0.46358483206129,2025.04735600436,2025.07378461784,NA,NA,NA
4916,1128,REU.4.3_1,REU.4.8_1,0.10700098933435,0.490201430443329,0.383200441108979,2024.96697161341,2025.07397260274,CHIKV_RUN_S15b28_2025,55.495244,-21.269828
5661,3018,REU.3.1_1,REU.4.6_1,0.0748712710854821,0.490201430443329,0.415330159357847,2024.99910133165,2025.07397260274,CHIKV_RUN_S9b78_2025,55.428137,-21.243151
4130,1765,REU.4.3_1,REU.4.3_1,0.0247479450402747,0.490201430443329,0.465453485403054,2025.0492246577,2025.07397260274,CHIKV_RUN_S12b43_2025,55.526981,-21.282393
3541,2506,REU.4.8_1,REU.4.8_1,0.0241483884832415,0.490201430443329,0.466053041960087,2025.04982421426,2025.07397260274,CHIKV_RUN_S15b34_2025,55.471696,-21.279283
5334,1218,REU.4.4_1,REU.4.4_1,0.0221281410102969,0.490201430443329,0.468073289433032,2025.05184446173,2025.07397260274,CHIKV_RUN_S9b75_2025,55.56083,-21.341381
5142,719,REU.4.3_1,REU.4.3_1,0.00728914005429537,0.490201430443329,0.482912290389033,2025.06668346269,2025.07397260274,CHIKV_RUN_S9b09_2025,55.563831,-21.236379
4270,4271,REU.4.3_1,REU.4.3_1,0.0225990138444331,0.490215617475917,0.467616603631484,2025.05138777593,2025.07398678977,NA,NA,NA
4406,4407,REU.4.3_1,REU.2.3_1,0.0710449832829549,0.490283884250718,0.419238900967763,2025.00301007326,2025.07405505655,NA,NA,NA
4986,4988,REU.4.3_1,REU.4.3_1,0.0266514170546319,0.490409823238407,0.463758406183775,2025.04752957848,2025.07418099553,NA,NA,NA
4247,4248,REU.4.3_1,REU.4.3_1,0.0590765981377528,0.490447627963159,0.431371029825406,2025.01514220212,2025.07421880026,NA,NA,NA
4209,4210,REU.4.3_1,REU.4.3_1,0.0425533354262315,0.490455437613742,0.447902102187511,2025.03167327448,2025.07422660991,NA,NA,NA
5231,5232,REU.4.3_1,REU.4.3_1,0.00181473892496609,0.490510646482148,0.488695907557182,2025.07246707985,2025.07428181878,NA,NA,NA
4834,4835,REU.4.3_1,REU.2.3_1,0.134681509714754,0.490525201329259,0.355843691614504,2024.93961486391,2025.07429637363,NA,NA,NA
5042,5043,REU.4.3_1,REU.4.3_1,0.00722541010170652,0.490525579019352,0.483300168917645,2025.06707134121,2025.07429675132,NA,NA,NA
5065,5076,REU.4.3_1,REU.4.3_1,0.0646590834757379,0.49057826940755,0.425919185931813,2025.00969035823,2025.0743494417,NA,NA,NA
5469,5470,REU.2.3_1,REU.2.3_1,0.0195484990414335,0.490584868695766,0.471036369654333,2025.05480754195,2025.07435604099,NA,NA,NA
4230,4231,REU.4.3_1,REU.4.3_1,0.00470918150401956,0.490587316288224,0.485878134784205,2025.06964930708,2025.07435848858,NA,NA,NA
4333,4334,REU.4.8_1,REU.4.8_1,0.0088777270215008,0.490722683074923,0.481844956053422,2025.06561612835,2025.07449385537,NA,NA,NA
5641,5642,REU.3.1_1,REU.3.1_1,0.0423850512420149,0.490813125925738,0.448428074683723,2025.03219924698,2025.07458429822,NA,NA,NA
3941,3945,REU.4.3_1,REU.4.3_1,0.0194374831380074,0.491132193945346,0.471694710807339,2025.0554658831,2025.07490336624,NA,NA,NA
5200,5201,REU.4.3_1,REU.4.3_1,0.0297266422467402,0.49145561542602,0.46172897317928,2025.04550014548,2025.07522678772,NA,NA,NA
3689,3690,REU.3.1_1,REU.3.1_1,0.018162572453248,0.491914926064095,0.473752353610847,2025.05752352591,2025.07568609836,NA,NA,NA
5721,5722,REU.4.6_1,REU.3.4_1,0.0311915852244953,0.491920314708344,0.460728729483849,2025.04449990178,2025.075691487,NA,NA,NA
5701,5707,REU.4.8_1,REU.4.8_1,0.0125519054007451,0.491974595460543,0.479422690059798,2025.06319386236,2025.07574576776,NA,NA,NA
4322,4323,REU.4.3_1,REU.4.3_1,0.0361986984338263,0.492003480416159,0.455804781982332,2025.03957595428,2025.07577465271,NA,NA,NA
4256,4257,REU.4.3_1,REU.4.3_1,0.00277009872467304,0.49200819555842,0.489238096833747,2025.07300926913,2025.07577936785,NA,NA,NA
3907,3908,REU.4.3_1,REU.4.3_1,0.0462944963775311,0.492092073835744,0.445797577458213,2025.02956874975,2025.07586324613,NA,NA,NA
4948,4953,REU.4.8_1,REU.4.8_1,0.022565897395329,0.492139126415957,0.469573229020628,2025.05334440132,2025.07591029871,NA,NA,NA
5720,5724,REU.4.6_1,REU.4.6_1,0.0475448542689345,0.492180723975408,0.444635869706473,2025.028407042,2025.07595189627,NA,NA,NA
4960,4962,REU.4.8_1,REU.4.8_1,0.0519796819267465,0.492291520402952,0.440311838476205,2025.02408301077,2025.0760626927,NA,NA,NA
5910,5911,REU.4.3_1,REU.4.3_1,0.0196102484256158,0.492351249905422,0.472741001479806,2025.05651217378,2025.0761224222,NA,NA,NA
4193,4201,REU.4.3_1,REU.4.3_1,0.0150572883085358,0.492399645353075,0.477342357044539,2025.06111352934,2025.07617081765,NA,NA,NA
4747,4768,REU.4.8_1,REU.4.8_1,0.0612728548651322,0.492420217604381,0.431147362739248,2025.01491853504,2025.0761913899,NA,NA,NA
3149,3153,REU.3.1_1,REU.4.8_1,0.0276346046647524,0.492496858792742,0.46486225412799,2025.04863342642,2025.07626803109,NA,NA,NA
4441,4442,REU.4.3_1,REU.4.3_1,0.0142822709109584,0.492617114552367,0.478334843641409,2025.06210601594,2025.07638828685,NA,NA,NA
5199,5211,REU.4.3_1,REU.4.8_1,0.0350308079241269,0.49263176710671,0.457600959182583,2025.04137213148,2025.0764029394,NA,NA,NA
4497,4498,REU.4.3_1,REU.4.3_1,0.0725880014977129,0.492659723554813,0.4200717220571,2025.00384289435,2025.07643089585,NA,NA,NA
3561,3562,REU.3.4_1,REU.3.4_1,0.0113007475636835,0.492686538834211,0.481385791270527,2025.06515696357,2025.07645771113,NA,NA,NA
4217,4219,REU.4.3_1,REU.4.3_1,0.0203218244960215,0.492771250680968,0.472449426184947,2025.05622059848,2025.07654242298,NA,NA,NA
5752,5753,REU.3.4_1,REU.3.4_1,0.0029557368075892,0.4929266566716,0.489970919864011,2025.07374209216,2025.07669782897,NA,NA,NA
5332,1217,REU.4.4_1,REU.2.1_1,0.0938270810806665,0.492941156470686,0.39911407539002,2024.98288524769,2025.07671232877,CHIKV_RUN_S14b95_2025,55.342359,-20.955052
5751,3019,REU.4.6_1,REU.3.3_1,0.0405662870833371,0.492941156470686,0.452374869387349,2025.03614604168,2025.07671232877,CHIKV_RUN_S15b67_2025,55.28611,-21.111972
4583,412,REU.2.3_1,REU.3.3_1,0.0323488946112227,0.492941156470686,0.460592261859464,2025.04436343416,2025.07671232877,CHIKV_RUN_S10b11_2025,55.28611,-21.111972
3269,2739,REU.3.1_1,REU.3.4_1,0.0257903001862675,0.492941156470686,0.467150856284419,2025.05092202858,2025.07671232877,CHIKV_RUN_S15b44_2025,55.304322,-21.173555
3153,1947,REU.4.8_1,REU.4.8_1,0.000444297677944183,0.492941156470686,0.492496858792742,2025.07626803109,2025.07671232877,CHIKV_RUN_S15b35_2025,55.464589,-21.335637
5590,5591,REU.4.5_1,REU.4.5_1,0.0391178802349215,0.49314736113864,0.454029480903718,2025.0378006532,2025.07691853343,NA,NA,NA
3829,3830,REU.4.3_1,REU.4.3_1,0.15518602883498,0.49318176428792,0.33799573545294,2024.92176690775,2025.07695293658,NA,NA,NA
5672,5673,REU.4.5_1,REU.4.5_1,0.0041131825721531,0.493220119877107,0.489106937304954,2025.0728781096,2025.07699129217,NA,NA,NA
6106,6118,REU.3.1_1,REU.3.1_1,0.0167843558027435,0.493279931457993,0.47649557565525,2025.06026674795,2025.07705110375,NA,NA,NA
4868,4869,REU.4.3_1,REU.4.3_1,0.00373467516304271,0.493335951433811,0.489601276270769,2025.07337244857,2025.07710712373,NA,NA,NA
5607,5608,REU.4.5_1,REU.4.5_1,0.034397843968364,0.493388770912206,0.458990926943842,2025.04276209924,2025.07715994321,NA,NA,NA
3769,3777,REU.4.5_1,REU.4.5_1,0.0184006172995498,0.493399742421154,0.474999125121604,2025.05877029742,2025.07717091472,NA,NA,NA
3847,3853,REU.4.3_1,REU.4.3_1,0.00781876527002467,0.493565927095995,0.48574716182597,2025.06951833412,2025.07733709939,NA,NA,NA
4281,4282,REU.4.3_1,REU.4.3_1,0.052582388691448,0.493566558810727,0.440984170119279,2025.02475534242,2025.07733773111,NA,NA,NA
5939,5940,REU.3.1_1,REU.3.1_1,0.00408421971777062,0.493609377322254,0.489525157604484,2025.0732963299,2025.07738054962,NA,NA,NA
5837,5838,REU.3.1_1,REU.3.1_1,0.0692870468208678,0.493731494154155,0.424444447333287,2025.00821561963,2025.07750266645,NA,NA,NA
5862,5864,REU.4.6_1,REU.4.6_1,0.0167564881636681,0.493842252007862,0.477085763844193,2025.06085693614,2025.0776134243,NA,NA,NA
4768,4769,REU.4.8_1,REU.3.5_1,0.00164568409515742,0.494065901699538,0.492420217604381,2025.0761913899,2025.077837074,NA,NA,NA
4998,4999,REU.4.8_1,REU.4.8_1,0.0197015670934133,0.49419032199117,0.474488754897757,2025.05825992719,2025.07796149429,NA,NA,NA
3847,3848,REU.4.3_1,REU.4.3_1,0.00853655249036911,0.494283714316339,0.48574716182597,2025.06951833412,2025.07805488661,NA,NA,NA
5799,5839,REU.3.1_1,REU.4.6_1,0.118256554449466,0.494284592342535,0.376028037893069,2024.95979921019,2025.07805576464,NA,NA,NA
6132,6134,REU.3.1_1,REU.3.1_1,0.0254034186946417,0.494387567383773,0.468984148689131,2025.05275532099,2025.07815873968,NA,NA,NA
3453,3464,REU.3.4_1,REU.3.4_1,0.00505004098556683,0.494413320289799,0.489363279304232,2025.0731344516,2025.07818449259,NA,NA,NA
5951,5952,REU.3.1_1,REU.3.1_1,0.168651018081313,0.49443054237587,0.325779524294557,2024.90955069659,2025.07820171467,NA,NA,NA
5839,5840,REU.4.6_1,REU.4.6_1,0.000184232927877614,0.494468825270413,0.494284592342535,2025.07805576464,2025.07823999757,NA,NA,NA
3357,3368,REU.4.8_1,REU.4.3_1,0.0390206759432818,0.494622426427793,0.455601750484511,2025.03937292278,2025.07839359872,NA,NA,NA
4282,4283,REU.4.3_1,REU.4.3_1,0.00106703645250783,0.494633595263235,0.493566558810727,2025.07733773111,2025.07840476756,NA,NA,NA
3560,3570,REU.3.4_1,REU.3.4_1,0.0322192929105471,0.494867562028596,0.462648269118049,2025.04641944141,2025.07863873433,NA,NA,NA
3541,3542,REU.4.8_1,REU.4.8_1,0.0291242931007619,0.495177335060849,0.466053041960087,2025.04982421426,2025.07894850736,NA,NA,NA
4647,4649,REU.4.3_1,REU.4.3_1,0.04167761310977,0.495198521203471,0.453520908093701,2025.03729208039,2025.0789696935,NA,NA,NA
4442,4443,REU.4.3_1,REU.4.3_1,0.00269701717003334,0.4953141317224,0.492617114552367,2025.07638828685,2025.07908530402,NA,NA,NA
5564,5565,REU.4.5_1,REU.4.5_1,0.00681932524046658,0.495345212352738,0.488525887112272,2025.07229705941,2025.07911638465,NA,NA,NA
3995,3996,REU.3.5_1,REU.3.5_1,0.0708077624821365,0.495359655560874,0.424551893078738,2025.00832306538,2025.07913082786,NA,NA,NA
4323,4326,REU.4.3_1,REU.3.5_1,0.00349834047517616,0.495501820891335,0.492003480416159,2025.07577465271,2025.07927299319,NA,NA,NA
5524,5525,REU.4.5_1,REU.4.5_1,0.163945721805995,0.495633296501592,0.331687574695598,2024.91545874699,2025.0794044688,NA,NA,NA
3704,3705,REU.3.1_1,REU.3.2_1,0.0572452612538223,0.495660508242251,0.438415246988429,2025.02218641928,2025.07943168054,NA,NA,NA
4363,1354,REU.4.3_1,REU.4.3_1,0.0762215088045464,0.495680882498044,0.419459373693497,2025.00323054599,2025.07945205479,CHIKV_RUN_S15b22_2025,55.502179,-21.267121
5837,2361,REU.3.1_1,REU.4.8_1,0.0712364351647566,0.495680882498044,0.424444447333287,2025.00821561963,2025.07945205479,CHIKV_RUN_S14b93_2025,55.473125,-21.282041
4627,1042,REU.4.3_1,REU.2.3_1,0.0594334174425422,0.495680882498044,0.436247465055501,2025.02001863735,2025.07945205479,CHIKV_RUN_S15b21_2025,55.444474,-20.878636
4806,286,REU.4.3_1,REU.4.3_1,0.0558953682631086,0.495680882498044,0.439785514234935,2025.02355668653,2025.07945205479,CHIKV_RUN_S10b03_2025,55.507933,-21.286409
6075,2380,REU.3.1_1,REU.4.8_1,0.0445869833214796,0.495680882498044,0.451093899176564,2025.03486507147,2025.07945205479,CHIKV_RUN_S15b17_2025,55.462048,-21.340179
4513,519,REU.4.3_1,REU.4.3_1,0.0163625627235542,0.495680882498044,0.479318319774489,2025.06308949207,2025.07945205479,CHIKV_RUN_S17b19_2025,55.520854,-21.281548
4375,417,REU.4.3_1,REU.4.8_1,0.0140182930318705,0.495680882498044,0.481662589466173,2025.06543376176,2025.07945205479,CHIKV_RUN_S15b20_2025,55.528958,-21.327563
4868,939,REU.4.3_1,REU.4.3_1,0.00607960622727499,0.495680882498044,0.489601276270769,2025.07337244857,2025.07945205479,CHIKV_RUN_S15b40_2025,55.524675,-21.282069
3497,3498,REU.4.6_1,REU.4.6_1,0.00866432328144284,0.495828813789076,0.487164490507633,2025.0709356628,2025.07959998609,NA,NA,NA
6175,6176,REU.3.5_1,REU.3.5_1,0.0155325445841786,0.495864982367088,0.48033243778291,2025.06410361008,2025.07963615466,NA,NA,NA
3750,3751,REU.4.7_1,REU.4.7_1,0.021447004849273,0.496190995022664,0.474743990173391,2025.05851516247,2025.07996216732,NA,NA,NA
5428,5433,REU.2.3_1,REU.2.3_1,0.00772550942495809,0.496261585301424,0.488536075876466,2025.07230724817,2025.0800327576,NA,NA,NA
4521,4533,REU.4.3_1,REU.4.3_1,0.0751105393553958,0.496356108674983,0.421245569319588,2025.00501674162,2025.08012728097,NA,NA,NA
6198,6199,REU.2.3_1,REU.2.3_1,0.0137550023588379,0.496359537218431,0.482604534859593,2025.06637570716,2025.08013070951,NA,NA,NA
4234,4243,REU.4.3_1,REU.4.6_1,0.0774457495607674,0.496446369826066,0.419000620265298,2025.00277179256,2025.08021754212,NA,NA,NA
3260,3261,REU.3.1_1,REU.3.1_1,0.109554792393937,0.496454627399489,0.386899835005552,2024.9706710073,2025.0802257997,NA,NA,NA
4069,4070,REU.4.3_1,REU.4.3_1,0.0167978938589166,0.496469679370692,0.479671785511775,2025.06344295781,2025.08024085167,NA,NA,NA
5771,5772,REU.4.3_1,REU.4.3_1,0.0219770261847777,0.49647131729519,0.474494291110412,2025.05826546341,2025.08024248959,NA,NA,NA
5559,5560,REU.4.5_1,REU.4.5_1,0.0299490094490418,0.496485062725636,0.466536053276594,2025.05030722557,2025.08025623502,NA,NA,NA
3570,3578,REU.3.4_1,REU.3.4_1,0.00172643362069935,0.496593995649296,0.494867562028596,2025.07863873433,2025.08036516795,NA,NA,NA
3591,3592,REU.4.8_1,REU.4.8_1,0.0157659426890905,0.496617874650308,0.480851931961218,2025.06462310426,2025.08038904695,NA,NA,NA
3275,3277,REU.3.1_1,REU.3.1_1,0.00710099478524118,0.496709829714263,0.489608834929022,2025.07338000723,2025.08048100201,NA,NA,NA
5855,5856,REU.4.6_1,REU.4.6_1,0.123911082072866,0.496721587780949,0.372810505708083,2024.956581678,2025.08049276008,NA,NA,NA
5201,5202,REU.4.3_1,REU.4.3_1,0.00533780279003671,0.496793418216057,0.49145561542602,2025.07522678772,2025.08056459051,NA,NA,NA
4705,4706,REU.2.3_1,REU.2.3_1,0.0502799038864041,0.496867804997305,0.446587901110901,2025.03035907341,2025.08063897729,NA,NA,NA
5456,5457,REU.3.1_1,REU.4.3_1,0.122386228095222,0.496923603971591,0.374537375876369,2024.95830854817,2025.08069477627,NA,NA,NA
3891,3892,REU.4.3_1,REU.4.3_1,0.0597823446523993,0.496933585215038,0.437151240562639,2025.02092241286,2025.08070475751,NA,NA,NA
3834,3835,REU.4.3_1,REU.4.3_1,0.0467533513922949,0.496977893715397,0.450224542323102,2025.03399571462,2025.08074906601,NA,NA,NA
3202,3203,REU.3.1_1,REU.3.1_1,0.0487066500345322,0.497009104859618,0.448302454825086,2025.03207362712,2025.08078027716,NA,NA,NA
6056,6057,REU.3.1_1,REU.4.8_1,0.0131830198604498,0.497121840086189,0.483938820225739,2025.06770999252,2025.08089301238,NA,NA,NA
4583,4584,REU.2.3_1,REU.2.3_1,0.0365673731831858,0.497159635042649,0.460592261859464,2025.04436343416,2025.08093080734,NA,NA,NA
3690,3694,REU.3.1_1,REU.3.1_1,0.0054162054512622,0.497331131515357,0.491914926064095,2025.07568609836,2025.08110230381,NA,NA,NA
5377,5378,REU.4.3_1,REU.4.3_1,0.140789665732026,0.497395242608793,0.356605576876767,2024.94037674917,2025.08116641491,NA,NA,NA
5211,5212,REU.4.8_1,REU.4.8_1,0.00484272515083817,0.497474492257548,0.49263176710671,2025.0764029394,2025.08124566455,NA,NA,NA
4210,4215,REU.4.3_1,REU.4.3_1,0.00705812425981522,0.497513561873557,0.490455437613742,2025.07422660991,2025.08128473417,NA,NA,NA
4544,4545,REU.4.3_1,REU.4.3_1,0.0125645952674286,0.497529794250785,0.484965198983356,2025.06873637128,2025.08130096655,NA,NA,NA
4545,4546,REU.4.3_1,REU.4.3_1,3.35624201277529e-05,0.497563356670912,0.497529794250785,2025.08130096655,2025.08133452897,NA,NA,NA
3606,3607,REU.2.3_1,REU.2.3_1,0.0138814863730027,0.497628325325982,0.483746838952979,2025.06751801125,2025.08139949762,NA,NA,NA
3777,3778,REU.4.5_1,REU.4.5_1,0.0043890007497287,0.497788743170883,0.493399742421154,2025.07717091472,2025.08155991547,NA,NA,NA
3709,3710,REU.3.1_1,REU.3.1_1,0.0153440042510338,0.497993142266703,0.48264913801567,2025.06642031031,2025.08176431456,NA,NA,NA
5143,5144,REU.4.3_1,REU.4.3_1,0.0115059039942145,0.498096262519017,0.486590358524803,2025.07036153082,2025.08186743482,NA,NA,NA
5056,5057,REU.4.3_1,REU.4.3_1,0.0361769959956001,0.498129588974178,0.461952592978578,2025.04572376527,2025.08190076127,NA,NA,NA
3933,3934,REU.4.3_1,REU.4.3_1,0.0258334362757846,0.4981421657019,0.472308729426116,2025.05607990172,2025.081913338,NA,NA,NA
4490,4491,REU.4.3_1,REU.4.3_1,0.027493963326471,0.498158861760348,0.470664898433877,2025.05443607073,2025.08193003406,NA,NA,NA
5820,5830,REU.4.8_1,REU.4.8_1,0.0222523607254893,0.498177909459969,0.47592554873448,2025.05969672103,2025.08194908176,NA,NA,NA
5820,5821,REU.4.8_1,REU.4.8_1,0.0222859281075417,0.498211476842021,0.47592554873448,2025.05969672103,2025.08198264914,NA,NA,NA
4670,4671,REU.4.3_1,REU.3.5_1,0.00940996652672377,0.498271960959676,0.488861994432952,2025.07263316673,2025.08204313326,NA,NA,NA
3963,3964,REU.4.3_1,REU.2.3_1,0.0138693350341792,0.498308838795233,0.484439503761054,2025.06821067606,2025.08208001109,NA,NA,NA
5055,712,REU.4.3_1,REU.4.3_1,0.118611211308861,0.498420608525401,0.37980939721654,2024.96358056951,2025.08219178082,CHIKV_RUN_S15b45_2025,55.535437,-21.261063
6148,3064,REU.3.1_1,REU.3.2_1,0.0715098011569137,0.498420608525401,0.426910807368487,2025.01068197966,2025.08219178082,CHIKV_RUN_S17b13_2025,55.340476,-21.244221
5123,855,REU.4.3_1,REU.4.3_1,0.067433709747764,0.498420608525401,0.430986898777637,2025.01475807107,2025.08219178082,CHIKV_RUN_S15b47_2025,55.522092,-21.281134
4917,1461,REU.4.3_1,REU.4.3_1,0.0515536944531033,0.498420608525401,0.446866914072298,2025.03063808637,2025.08219178082,CHIKV_RUN_S15b41_2025,55.510902,-21.287473
5890,2262,REU.4.3_1,REU.4.3_1,0.0419131351156242,0.498420608525401,0.456507473409777,2025.04027864571,2025.08219178082,CHIKV_RUN_S15b38_2025,55.515682,-21.297533
4608,1333,REU.4.3_1,REU.4.3_1,0.034835776464111,0.498420608525401,0.46358483206129,2025.04735600436,2025.08219178082,CHIKV_RUN_S15b31_2025,55.517344,-21.285296
5892,2282,REU.4.3_1,REU.4.3_1,0.0330461247028366,0.498420608525401,0.465374483822564,2025.04914565612,2025.08219178082,CHIKV_RUN_S15b29_2025,55.535921,-21.312265
3900,352,REU.4.3_1,REU.4.3_1,0.0272529238984022,0.498420608525401,0.471167684626999,2025.05493885692,2025.08219178082,CHIKV_RUN_S15b18_2025,55.500942,-21.266688
3867,345,REU.4.3_1,REU.4.2_1,0.0197628786438258,0.498420608525401,0.478657729881575,2025.06242890218,2025.08219178082,CHIKV_RUN_S14b91_2025,55.502797,-21.234483
4132,1062,REU.4.3_1,REU.4.3_1,0.017635901849269,0.498420608525401,0.480784706676132,2025.06455587897,2025.08219178082,CHIKV_RUN_S17b12_2025,55.50893,-21.288346
4132,607,REU.4.3_1,REU.4.8_1,0.017635901849269,0.498420608525401,0.480784706676132,2025.06455587897,2025.08219178082,CHIKV_RUN_S15b51_2025,55.469808,-21.283919
5142,720,REU.4.3_1,REU.4.8_1,0.0155083181363675,0.498420608525401,0.482912290389033,2025.06668346269,2025.08219178082,CHIKV_RUN_S15b46_2025,55.475677,-21.288946
5739,2396,REU.3.1_1,REU.4.6_1,0.0154064402567181,0.498420608525401,0.483014168268683,2025.06678534057,2025.08219178082,CHIKV_RUN_S15b33_2025,55.438869,-21.262742
5043,693,REU.4.3_1,REU.4.8_1,0.00789502950604948,0.498420608525401,0.490525579019352,2025.07429675132,2025.08219178082,CHIKV_RUN_S15b53_2025,55.474593,-21.288804
4811,4822,REU.4.3_1,REU.4.3_1,0.0993093250328374,0.49844554533722,0.399136220304383,2024.9829073926,2025.08221671763,NA,NA,NA
6134,6139,REU.3.1_1,REU.3.1_1,0.00407259936417059,0.498460166747943,0.494387567383773,2025.07815873968,2025.08223133904,NA,NA,NA
3885,3886,REU.2.3_1,REU.2.3_1,0.0544785223571193,0.498810605563726,0.444332083206607,2025.0281032555,2025.08258177786,NA,NA,NA
4728,4739,REU.4.3_1,REU.4.3_1,0.0588284571893285,0.498829322538054,0.440000865348725,2025.02377203765,2025.08260049483,NA,NA,NA
5739,5740,REU.3.1_1,REU.3.1_1,0.0158675232517703,0.498881691520453,0.483014168268683,2025.06678534057,2025.08265286382,NA,NA,NA
5802,5803,REU.3.1_1,REU.2.3_1,0.0455914324232324,0.498974316236119,0.453382883812886,2025.03715405611,2025.08274548853,NA,NA,NA
3927,3928,REU.4.8_1,REU.4.8_1,0.0312801669704074,0.499067061945013,0.467786894974605,2025.05155806727,2025.08283823424,NA,NA,NA
3542,3543,REU.4.8_1,REU.4.8_1,0.00395490503824636,0.499132240099096,0.495177335060849,2025.07894850736,2025.0829034124,NA,NA,NA
4062,4065,REU.4.8_1,REU.4.8_1,0.0168802948080755,0.499155380896349,0.482275086088273,2025.06604625838,2025.08292655319,NA,NA,NA
3453,3454,REU.3.4_1,REU.3.4_1,0.00993707200042992,0.499300351304662,0.489363279304232,2025.0731344516,2025.0830715236,NA,NA,NA
4417,4418,REU.4.3_1,REU.4.3_1,0.0438814779064066,0.499359214708805,0.455477736802399,2025.0392489091,2025.08313038701,NA,NA,NA
5653,5654,REU.4.8_1,REU.4.8_1,0.0310713115057,0.499394221208809,0.468322909703109,2025.052094082,2025.08316539351,NA,NA,NA
5654,5655,REU.4.8_1,REU.4.8_1,0.000119076230680748,0.49951329743949,0.499394221208809,2025.08316539351,2025.08328446974,NA,NA,NA
3314,3319,REU.2.5_1,REU.2.5_1,0.0561834259793659,0.499629814895418,0.443446388916053,2025.02721756121,2025.08340098719,NA,NA,NA
5212,5213,REU.4.8_1,REU.4.8_1,0.00252069457911641,0.499995186836665,0.497474492257548,2025.08124566455,2025.08376635913,NA,NA,NA
4257,4258,REU.4.3_1,REU.4.3_1,0.00814744899097775,0.500155644549397,0.49200819555842,2025.07577936785,2025.08392681685,NA,NA,NA
5174,5175,REU.4.8_1,REU.4.3_1,0.034408476965195,0.500183681006459,0.465775204041264,2025.04954637634,2025.0839548533,NA,NA,NA
5531,5532,REU.4.5_1,REU.4.5_1,0.0447444971455428,0.50018411496889,0.455439617823347,2025.03921079012,2025.08395528727,NA,NA,NA
5810,5811,REU.3.1_1,REU.3.1_1,0.0338921765969313,0.500228947021312,0.466336770424381,2025.05010794272,2025.08400011932,NA,NA,NA
4291,4295,REU.4.3_1,REU.4.3_1,0.0475055610180765,0.500310250878938,0.452804689860862,2025.03657586216,2025.08408142318,NA,NA,NA
5490,5491,REU.4.3_1,REU.4.3_1,0.0358355289946193,0.500461177056017,0.464625648061398,2025.04839682036,2025.08423234935,NA,NA,NA
5882,5883,REU.4.3_1,REU.4.3_1,0.0554048217119668,0.500465486681365,0.445060664969398,2025.02883183727,2025.08423665898,NA,NA,NA
4283,4284,REU.4.3_1,REU.4.3_1,0.00585257045488641,0.500486165718122,0.494633595263235,2025.07840476756,2025.08425733801,NA,NA,NA
4097,4102,REU.4.3_1,REU.4.3_1,0.0976779256992324,0.500621947573579,0.402944021874346,2024.98671519417,2025.08439311987,NA,NA,NA
4033,4037,REU.4.8_1,REU.4.8_1,0.0198731214987967,0.500751873192353,0.480878751693556,2025.06464992399,2025.08452304549,NA,NA,NA
5213,5214,REU.4.8_1,REU.4.8_1,0.000858441249070752,0.500853628085735,0.499995186836665,2025.08376635913,2025.08462480038,NA,NA,NA
5000,5002,REU.4.8_1,REU.4.3_1,0.0194242546615201,0.500903022374382,0.481478767712862,2025.06524994001,2025.08467419467,NA,NA,NA
3646,3671,REU.2.3_1,REU.2.3_1,0.0576686454116084,0.500940032288567,0.443271386876958,2025.02704255917,2025.08471120459,NA,NA,NA
4747,4748,REU.4.8_1,REU.4.8_1,0.0698295544542671,0.500976917193516,0.431147362739248,2025.01491853504,2025.08474808949,NA,NA,NA
3867,3868,REU.4.3_1,REU.4.3_1,0.0223847086245126,0.501042438506088,0.478657729881575,2025.06242890218,2025.0848136108,NA,NA,NA
4284,4288,REU.4.3_1,REU.4.3_1,0.000583313982318812,0.50106947970044,0.500486165718122,2025.08425733801,2025.084840652,NA,NA,NA
5224,5225,REU.4.3_1,REU.4.3_1,0.0196940763235584,0.501077372762066,0.481383296438507,2025.06515446874,2025.08484854506,NA,NA,NA
3138,3143,REU.4.8_1,REU.4.5_1,0.040432775202183,0.501107179261977,0.460674404059794,2025.04444557636,2025.08487835156,NA,NA,NA
3201,2836,REU.3.1_1,REU.3.1_1,0.0555878615567748,0.501160334552758,0.445572472995984,2025.02934364529,2025.08493150685,CHIKV_RUN_S10b04_2025,55.362987,-21.255502
4117,595,REU.4.3_1,REU.4.2_1,0.0218671043165829,0.501160334552758,0.479293230236176,2025.06306440253,2025.08493150685,CHIKV_RUN_S15b23_2025,55.496559,-21.240158
5564,2091,REU.4.5_1,REU.4.5_1,0.0126344474404866,0.501160334552758,0.488525887112272,2025.07229705941,2025.08493150685,CHIKV_RUN_S17b33_2025,55.628806,-21.360568
3153,2729,REU.4.8_1,REU.3.5_1,0.00866347576001636,0.501160334552758,0.492496858792742,2025.07626803109,2025.08493150685,CHIKV_RUN_S17b01_2025,55.22012,-21.044644
3125,3126,REU.3.1_1,REU.4.6_1,0.126080118645919,0.501177599472553,0.375097480826635,2024.95886865312,2025.08494877177,NA,NA,NA
3163,3166,REU.3.1_1,REU.3.1_1,0.057102054520503,0.50145632103117,0.444354266510667,2025.02812543881,2025.08522749333,NA,NA,NA
5231,5233,REU.4.3_1,REU.4.3_1,0.0129532302323873,0.501649137789569,0.488695907557182,2025.07246707985,2025.08542031009,NA,NA,NA
4070,4071,REU.4.3_1,REU.4.3_1,0.00532406191809032,0.501793741288782,0.496469679370692,2025.08024085167,2025.08556491359,NA,NA,NA
5882,5889,REU.4.3_1,REU.4.8_1,0.0567719544605347,0.501832619429933,0.445060664969398,2025.02883183727,2025.08560379173,NA,NA,NA
4617,4619,REU.4.3_1,REU.4.3_1,0.0514762029647022,0.501936228926411,0.450460025961709,2025.03423119826,2025.08570740122,NA,NA,NA
3739,3740,REU.3.4_1,REU.3.4_1,0.0179558409813745,0.501947133498848,0.483991292517474,2025.06776246481,2025.0857183058,NA,NA,NA
5702,5705,REU.4.8_1,REU.4.3_1,0.0160701964712598,0.502064973819498,0.485994777348239,2025.06976594964,2025.08583614612,NA,NA,NA
4231,4232,REU.4.3_1,REU.4.3_1,0.0114957965330263,0.502083112821251,0.490587316288224,2025.07435848858,2025.08585428512,NA,NA,NA
4671,4672,REU.3.5_1,REU.3.5_1,0.00385304010958409,0.50212500106926,0.498271960959676,2025.08204313326,2025.08589617337,NA,NA,NA
5795,5796,REU.3.1_1,REU.3.1_1,0.0249553561704166,0.502294048428199,0.477338692257783,2025.06110986455,2025.08606522072,NA,NA,NA
5296,5297,REU.4.4_1,REU.4.4_1,0.0640459222553068,0.502414084505028,0.438368162249721,2025.02213933455,2025.0861852568,NA,NA,NA
4147,4148,REU.4.3_1,REU.4.3_1,0.0714121977012796,0.502459717154055,0.431047519452775,2025.01481869175,2025.08623088945,NA,NA,NA
3166,3169,REU.3.1_1,REU.3.1_1,0.00105404603547898,0.502510367066649,0.50145632103117,2025.08522749333,2025.08628153936,NA,NA,NA
3645,3679,REU.2.3_1,REU.2.3_1,0.0730562032826604,0.502561436509899,0.429505233227239,2025.01327640552,2025.08633260881,NA,NA,NA
4614,4615,REU.4.3_1,REU.3.5_1,0.0959161899214033,0.502624823851005,0.406708633929601,2024.99047980623,2025.08639599615,NA,NA,NA
5234,5239,REU.4.3_1,REU.4.3_1,0.02360976835986,0.502731229185723,0.479121460825863,2025.06289263312,2025.08650240148,NA,NA,NA
5635,5636,REU.3.1_1,REU.3.1_1,0.0168151452551029,0.502793464595134,0.485978319340031,2025.06974949164,2025.08656463689,NA,NA,NA
5043,5044,REU.4.3_1,REU.4.3_1,0.0123492951662731,0.502874874185625,0.490525579019352,2025.07429675132,2025.08664604648,NA,NA,NA
5261,5262,REU.4.3_1,REU.4.3_1,0.0190297247613983,0.502951536304254,0.483921811542856,2025.06769298384,2025.0867227086,NA,NA,NA
5911,5912,REU.4.3_1,REU.4.3_1,0.0106221855690333,0.502973435474455,0.492351249905422,2025.0761224222,2025.08674460777,NA,NA,NA
6043,6050,REU.3.1_1,REU.3.1_1,0.0196595365724226,0.503010830764721,0.483351294192298,2025.06712246649,2025.08678200306,NA,NA,NA
5016,5019,REU.4.8_1,REU.4.8_1,0.0277661740084597,0.503045712026519,0.475279538018059,2025.05905071031,2025.08681688432,NA,NA,NA
6198,6210,REU.2.3_1,REU.2.3_1,0.0205485003702641,0.503153035229857,0.482604534859593,2025.06637570716,2025.08692420753,NA,NA,NA
3605,3613,REU.2.3_1,REU.2.3_1,0.036401600638331,0.503290014441788,0.466888413803457,2025.0506595861,2025.08706118674,NA,NA,NA
5940,5941,REU.3.1_1,REU.4.3_1,0.00978615102536906,0.503395528347623,0.493609377322254,2025.07738054962,2025.08716670064,NA,NA,NA
5247,5248,REU.4.3_1,REU.4.3_1,0.0139987912191258,0.503475458358195,0.489476667139069,2025.07324783944,2025.08724663065,NA,NA,NA
4822,4823,REU.4.3_1,REU.4.3_1,0.00524568243004797,0.503691227767268,0.49844554533722,2025.08221671763,2025.08746240006,NA,NA,NA
5248,5249,REU.4.3_1,REU.4.3_1,0.000269087369215937,0.503744545727411,0.503475458358195,2025.08724663065,2025.08751571802,NA,NA,NA
5492,5494,REU.4.3_1,REU.4.3_1,0.0226581719630244,0.503775574136715,0.481117402173691,2025.06488857447,2025.08754674643,NA,NA,NA
5957,5958,REU.3.1_1,REU.3.1_1,0.101901275105351,0.503840775843973,0.401939500738622,2024.98571067304,2025.08761194814,NA,NA,NA
5494,5495,REU.4.3_1,REU.4.3_1,0.000111651590690598,0.503887225727406,0.503775574136715,2025.08754674643,2025.08765839802,NA,NA,NA
5162,5163,REU.4.3_1,REU.4.3_1,0.0194251985455817,0.503889691456207,0.484464492910626,2025.06823566521,2025.08766086375,NA,NA,NA
5830,5833,REU.4.8_1,REU.4.8_1,0.00571660399040963,0.503894513450379,0.498177909459969,2025.08194908176,2025.08766568575,NA,NA,NA
5202,5204,REU.4.3_1,REU.4.3_1,0.00721367906004755,0.504007097276105,0.496793418216057,2025.08056459051,2025.08777826957,NA,NA,NA
5084,5089,REU.4.8_1,REU.4.8_1,0.0605898928093218,0.504355069495946,0.443765176686624,2025.02753634898,2025.08812624179,NA,NA,NA
4071,4072,REU.4.3_1,REU.4.3_1,0.00261702234728689,0.504410763636069,0.501793741288782,2025.08556491359,2025.08818193593,NA,NA,NA
5608,5609,REU.4.5_1,REU.4.5_1,0.0110445328676313,0.504433303779837,0.493388770912206,2025.07715994321,2025.08820447608,NA,NA,NA
5278,5280,REU.4.4_1,REU.4.4_1,0.0161362701346134,0.504452857784319,0.488316587649705,2025.07208775995,2025.08822403008,NA,NA,NA
5262,5263,REU.4.3_1,REU.4.3_1,0.00167131289293843,0.504622849197192,0.502951536304254,2025.0867227086,2025.08839402149,NA,NA,NA
4649,4650,REU.4.3_1,REU.4.3_1,0.00942978068613298,0.504628301889604,0.495198521203471,2025.0789696935,2025.08839947419,NA,NA,NA
3196,3197,REU.3.1_1,REU.4.6_1,0.0604108480274039,0.504674681127579,0.444263833100175,2025.0280350054,2025.08844585342,NA,NA,NA
3751,3754,REU.4.7_1,REU.4.7_1,0.00851629878080729,0.504707293803471,0.496190995022664,2025.07996216732,2025.0884784661,NA,NA,NA
5912,5913,REU.4.3_1,REU.4.3_1,0.00176263876500093,0.504736074239456,0.502973435474455,2025.08674460777,2025.08850724654,NA,NA,NA
5175,5176,REU.4.3_1,REU.4.3_1,0.00476340593289049,0.504947086939349,0.500183681006459,2025.0839548533,2025.08871825924,NA,NA,NA
5200,5209,REU.4.3_1,REU.4.3_1,0.0432795952029538,0.505008568382234,0.46172897317928,2025.04550014548,2025.08877974068,NA,NA,NA
5897,5898,REU.4.3_1,REU.4.3_1,0.0745558828582794,0.50504480256755,0.430488919709271,2025.01426009201,2025.08881597486,NA,NA,NA
3169,3174,REU.3.1_1,REU.3.1_1,0.00258452547203136,0.50509489253868,0.502510367066649,2025.08628153936,2025.08886606484,NA,NA,NA
5846,5847,REU.3.1_1,REU.4.8_1,0.0665091539536031,0.505219535588216,0.438710381634613,2025.02248155393,2025.08899070788,NA,NA,NA
4605,4606,REU.4.3_1,REU.4.3_1,0.0526668916743253,0.505243060307406,0.452576168633081,2025.03634734093,2025.0890142326,NA,NA,NA
3543,3544,REU.4.8_1,REU.4.8_1,0.00615729188814662,0.505289531987242,0.499132240099096,2025.0829034124,2025.08906070428,NA,NA,NA
5351,5352,REU.4.8_1,REU.4.8_1,0.0183011455001978,0.505332628624913,0.487031483124715,2025.07080265542,2025.08910380092,NA,NA,NA
3429,3431,REU.3.1_1,REU.3.1_1,0.0183949298683074,0.505417778445357,0.48702284857705,2025.07079402087,2025.08918895074,NA,NA,NA
4553,4556,REU.4.3_1,REU.2.3_1,0.0214767103533449,0.505480351474116,0.484003641120771,2025.06777481342,2025.08925152377,NA,NA,NA
4081,4082,REU.3.5_1,REU.3.5_1,0.0402505127492884,0.505489429822158,0.46523891707287,2025.04901008937,2025.08926060212,NA,NA,NA
5609,5613,REU.4.5_1,REU.4.5_1,0.0011561473988887,0.505589451178726,0.504433303779837,2025.08820447608,2025.08936062348,NA,NA,NA
4271,4277,REU.4.3_1,REU.4.3_1,0.015496363205645,0.505711980681562,0.490215617475917,2025.07398678977,2025.08948315298,NA,NA,NA
5089,5090,REU.4.8_1,REU.4.8_1,0.00151625669797506,0.505871326193921,0.504355069495946,2025.08812624179,2025.08964249849,NA,NA,NA
6057,6058,REU.4.8_1,REU.4.8_1,0.00880403439810018,0.505925874484289,0.497121840086189,2025.08089301238,2025.08969704678,NA,NA,NA
5803,5804,REU.2.3_1,REU.2.3_1,0.00702202046520639,0.505996336701325,0.498974316236119,2025.08274548853,2025.089767509,NA,NA,NA
3613,3614,REU.2.3_1,REU.2.3_1,0.00278025915254199,0.50607027359433,0.503290014441788,2025.08706118674,2025.08984144589,NA,NA,NA
5351,5371,REU.4.8_1,REU.4.8_1,0.0190834801238305,0.506114963248546,0.487031483124715,2025.07080265542,2025.08988613554,NA,NA,NA
3614,3615,REU.2.3_1,REU.2.3_1,0.000187354591310807,0.506257628185641,0.50607027359433,2025.08984144589,2025.09002880048,NA,NA,NA
5175,5179,REU.4.3_1,REU.4.3_1,0.00625084649671925,0.506434527503178,0.500183681006459,2025.0839548533,2025.0902056998,NA,NA,NA
3222,3223,REU.4.3_1,REU.4.3_1,0.0278310004237072,0.506439667661947,0.47860866723824,2025.06237983953,2025.09021083996,NA,NA,NA
4823,4824,REU.4.3_1,REU.4.3_1,0.00275198454852887,0.506443212315797,0.503691227767268,2025.08746240006,2025.09021438461,NA,NA,NA
4343,4344,REU.4.3_1,REU.4.8_1,0.135760067128131,0.506543202769152,0.370783135641021,2024.95455430794,2025.09031437507,NA,NA,NA
3464,3469,REU.3.4_1,REU.3.4_1,0.0121480467950216,0.50656136708482,0.494413320289799,2025.07818449259,2025.09033253938,NA,NA,NA
4386,4387,REU.4.3_1,REU.4.3_1,0.0226682373171233,0.506586903711772,0.483918666394649,2025.06768983869,2025.09035807601,NA,NA,NA
5967,5968,REU.4.3_1,REU.4.3_1,0.0345224505330223,0.506591000209866,0.472068549676844,2025.05583972197,2025.09036217251,NA,NA,NA
5260,1353,REU.4.3_1,REU.4.3_1,0.137071132385679,0.506639786607701,0.369568654222021,2024.95333982652,2025.0904109589,CHIKV_RUN_S17b34_2025,55.530935,-21.257714
5513,1812,REU.3.4_1,REU.3.4_1,0.0491663318383408,0.506639786607701,0.45747345476936,2025.04124462707,2025.0904109589,CHIKV_RUN_S17b18_2025,55.335333,-21.202203
5770,2188,REU.4.3_1,REU.4.3_1,0.0422934008045104,0.506639786607701,0.46434638580319,2025.0481175581,2025.0904109589,CHIKV_RUN_S17b17_2025,55.52056,-21.281449
4882,1756,REU.4.8_1,REU.2.5_1,0.0298744960421378,0.506639786607701,0.476765290565563,2025.06053646286,2025.0904109589,CHIKV_RUN_S10b05_2025,55.640541,-20.932497
5928,2606,REU.2.3_1,REU.2.3_1,0.0261843939061399,0.506639786607701,0.480455392701561,2025.064226565,2025.0904109589,CHIKV_RUN_S10b14_2025,55.476821,-20.900549
6176,15,REU.3.5_1,REU.2.3_1,0.0107748042406122,0.506639786607701,0.495864982367088,2025.07963615466,2025.0904109589,CHIKV_RUN_S17b22_2025,55.48129,-20.916907
5613,2118,REU.4.5_1,REU.4.5_1,0.00105033542897492,0.506639786607701,0.505589451178726,2025.08936062348,2025.0904109589,CHIKV_RUN_S17b42_2025,55.629379,-21.3518
3614,2899,REU.2.3_1,REU.2.3_1,0.000569513013370271,0.506639786607701,0.50607027359433,2025.08984144589,2025.0904109589,CHIKV_RUN_S17b35_2025,55.502793,-20.911217
3810,3811,REU.4.5_1,REU.4.5_1,0.0198328386621516,0.506720931354831,0.48688809269268,2025.07065926499,2025.09049210365,NA,NA,NA
6210,6211,REU.2.3_1,REU.2.3_1,0.00357709492926239,0.50673013015912,0.503153035229857,2025.08692420753,2025.09050130246,NA,NA,NA
4387,4388,REU.4.3_1,REU.4.3_1,0.000184312788794938,0.506771216500567,0.506586903711772,2025.09035807601,2025.0905423888,NA,NA,NA
4069,4075,REU.4.3_1,REU.4.3_1,0.0271494003697229,0.506821185881498,0.479671785511775,2025.06344295781,2025.09059235818,NA,NA,NA
4948,4949,REU.4.8_1,REU.4.8_1,0.0373019736442611,0.506875202664889,0.469573229020628,2025.05334440132,2025.09064637496,NA,NA,NA
4323,4324,REU.4.3_1,REU.4.3_1,0.0149813099736728,0.506984790389831,0.492003480416159,2025.07577465271,2025.09075596269,NA,NA,NA
4248,4249,REU.4.3_1,REU.4.3_1,0.0165678325348441,0.507015460498003,0.490447627963159,2025.07421880026,2025.09078663279,NA,NA,NA
4947,4957,REU.4.8_1,REU.4.8_1,0.0641282984148824,0.507017579281127,0.442889280866244,2025.02666045316,2025.09078875158,NA,NA,NA
5709,5710,REU.3.1_1,REU.4.8_1,0.12252065051483,0.507022448398201,0.384501797883371,2024.96827297018,2025.09079362069,NA,NA,NA
5280,5283,REU.4.4_1,REU.4.4_1,0.00267547921284217,0.507128336997161,0.504452857784319,2025.08822403008,2025.09089950929,NA,NA,NA
3671,3675,REU.2.3_1,REU.2.3_1,0.00622694737916063,0.507166979667728,0.500940032288567,2025.08471120459,2025.09093815196,NA,NA,NA
5386,5387,REU.2.3_1,REU.2.3_1,0.0206664666227783,0.507276116286914,0.486609649664136,2025.07038082196,2025.09104728858,NA,NA,NA
4881,4884,REU.4.8_1,REU.4.8_1,0.0343499398977019,0.507292653146031,0.472942713248329,2025.05671388554,2025.09106382544,NA,NA,NA
3899,3901,REU.4.3_1,REU.4.3_1,0.0678351729574239,0.507295160280636,0.439459987323212,2025.02323115962,2025.09106633258,NA,NA,NA
3754,3755,REU.4.7_1,REU.4.7_1,0.00260268314914669,0.507309976952618,0.504707293803471,2025.0884784661,2025.09108114925,NA,NA,NA
4258,4259,REU.4.3_1,REU.4.8_1,0.00725162007501079,0.507407264624408,0.500155644549397,2025.08392681685,2025.09117843692,NA,NA,NA
4569,4572,REU.4.3_1,REU.4.3_1,0.082261447518314,0.507416792389872,0.425155344871558,2025.00892651717,2025.09118796469,NA,NA,NA
3955,3956,REU.4.3_1,REU.4.3_1,0.0802221402448512,0.507422200146793,0.427200059901942,2025.0109712322,2025.09119337244,NA,NA,NA
4334,4335,REU.4.8_1,REU.4.8_1,0.0167173088674454,0.507439991942368,0.490722683074923,2025.07449385537,2025.09121116424,NA,NA,NA
5565,5568,REU.4.5_1,REU.4.5_1,0.0122057303674453,0.507550942720184,0.495345212352738,2025.07911638465,2025.09132211502,NA,NA,NA
3671,3672,REU.2.3_1,REU.2.3_1,0.00666696550328216,0.507606997791849,0.500940032288567,2025.08471120459,2025.09137817009,NA,NA,NA
3908,3909,REU.4.3_1,REU.4.3_1,0.0156130859071312,0.507705159742876,0.492092073835744,2025.07586324613,2025.09147633204,NA,NA,NA
4271,4272,REU.4.3_1,REU.4.3_1,0.0175691769967743,0.507784794472692,0.490215617475917,2025.07398678977,2025.09155596677,NA,NA,NA
3648,3654,REU.2.3_1,REU.2.3_1,0.0403107937639916,0.507785874449214,0.467475080685222,2025.05124625298,2025.09155704675,NA,NA,NA
6224,6226,REU.3.1_1,REU.3.1_1,0.144472670955011,0.507823946261585,0.363351275306573,2024.9471224476,2025.09159511856,NA,NA,NA
3964,3965,REU.2.3_1,REU.2.3_1,0.00956529468276357,0.507874133477996,0.498308838795233,2025.08208001109,2025.09164530577,NA,NA,NA
4375,4376,REU.4.3_1,REU.4.3_1,0.0262431544804139,0.507905743946587,0.481662589466173,2025.06543376176,2025.09167691624,NA,NA,NA
5040,5052,REU.4.3_1,REU.4.3_1,0.0365273396143647,0.507908533930491,0.471381194316126,2025.05515236661,2025.09167970623,NA,NA,NA
5220,5221,REU.4.3_1,REU.4.3_1,0.0682434579020217,0.507928574952844,0.439685117050823,2025.02345628935,2025.09169974725,NA,NA,NA
5352,5353,REU.4.8_1,REU.4.8_1,0.00263814175646404,0.507970770381377,0.505332628624913,2025.08910380092,2025.09174194268,NA,NA,NA
5451,5453,REU.4.3_1,REU.3.5_1,0.0205245929257868,0.507979224658733,0.487454631732946,2025.07122580403,2025.09175039696,NA,NA,NA
4234,4235,REU.4.3_1,REU.4.3_1,0.0890668204333668,0.508067440698665,0.419000620265298,2025.00277179256,2025.091838613,NA,NA,NA
4075,4076,REU.4.3_1,REU.4.3_1,0.00148104184357845,0.508302227725077,0.506821185881498,2025.09059235818,2025.09207340002,NA,NA,NA
3853,3854,REU.4.3_1,REU.4.3_1,0.0149469115905018,0.508512838686497,0.493565927095995,2025.07733709939,2025.09228401098,NA,NA,NA
3126,3127,REU.4.6_1,REU.4.6_1,0.00741227760879515,0.508589877081348,0.501177599472553,2025.08494877177,2025.09236104938,NA,NA,NA
3714,3715,REU.4.3_1,REU.4.3_1,0.048259605813061,0.508922465076939,0.460662859263878,2025.04443403156,2025.09269363737,NA,NA,NA
5076,5077,REU.4.3_1,REU.4.3_1,0.0183610779575559,0.508939347365106,0.49057826940755,2025.0743494417,2025.09271051966,NA,NA,NA
5283,5293,REU.4.4_1,REU.4.4_1,0.00205058914296841,0.509178926140129,0.507128336997161,2025.09089950929,2025.09295009844,NA,NA,NA
4533,4534,REU.4.3_1,REU.4.3_1,0.0129658767407536,0.509321985415737,0.496356108674983,2025.08012728097,2025.09309315771,NA,NA,NA
4803,4804,REU.4.3_1,REU.4.3_1,0.104180736965047,0.509368644073374,0.405187907108327,2024.9889590794,2025.09313981637,NA,NA,NA
3155,3113,REU.3.4_1,REU.4.6_1,0.0782413034174061,0.509379512635058,0.431138209217652,2025.01490938151,2025.09315068493,CHIKV_RUN_S17b38_2025,55.43888,-21.269082
4543,418,REU.4.3_1,REU.4.3_1,0.0755888813121629,0.509379512635058,0.433790631322895,2025.01756180362,2025.09315068493,CHIKV_RUN_S14b90_2025,55.542606,-21.243523
3160,2818,REU.3.1_1,REU.3.1_1,0.0302567466679298,0.509379512635058,0.479122765967128,2025.06289393826,2025.09315068493,CHIKV_RUN_S16b88_2025,55.3619,-21.255328
4921,869,REU.4.3_1,REU.4.3_1,0.020937402957661,0.509379512635058,0.488442109677397,2025.07221328197,2025.09315068493,CHIKV_RUN_S10b20_2025,55.496192,-21.267121
5378,636,REU.4.3_1,REU.4.3_1,0.0119842700262649,0.509379512635058,0.497395242608793,2025.08116641491,2025.09315068493,CHIKV_RUN_S17b28_2025,55.510051,-21.291905
5889,2272,REU.4.8_1,REU.4.8_1,0.0075468932051248,0.509379512635058,0.501832619429933,2025.08560379173,2025.09315068493,CHIKV_RUN_S17b15_2025,55.535126,-21.315144
5453,1419,REU.3.5_1,REU.3.5_1,0.00140028797632508,0.509379512635058,0.507979224658733,2025.09175039696,2025.09315068493,CHIKV_RUN_S10b19_2025,55.274867,-21.026481
5532,5533,REU.4.5_1,REU.4.5_1,0.00930312908828868,0.509487244057178,0.50018411496889,2025.08395528727,2025.09325841635,NA,NA,NA
3909,3910,REU.4.3_1,REU.4.3_1,0.00179019635468003,0.509495356097556,0.507705159742876,2025.09147633204,2025.09326652839,NA,NA,NA
3996,3997,REU.3.5_1,REU.3.5_1,0.0141838679044448,0.509543523465319,0.495359655560874,2025.07913082786,2025.09331469576,NA,NA,NA
4440,4472,REU.4.3_1,REU.2.3_1,0.0531016839353309,0.509699392838386,0.456597708903055,2025.0403688812,2025.09347056513,NA,NA,NA
4953,4954,REU.4.8_1,REU.4.8_1,0.0175720503746398,0.509711176790597,0.492139126415957,2025.07591029871,2025.09348234909,NA,NA,NA
4082,4083,REU.3.5_1,REU.3.5_1,0.00427729955240919,0.509766729374567,0.505489429822158,2025.08926060212,2025.09353790167,NA,NA,NA
5209,5210,REU.4.3_1,REU.4.3_1,0.00482416545350062,0.509832733835735,0.505008568382234,2025.08877974068,2025.09360390613,NA,NA,NA
4334,4336,REU.4.8_1,REU.4.8_1,0.0191608484370127,0.509883531511936,0.490722683074923,2025.07449385537,2025.09365470381,NA,NA,NA
5681,5682,REU.4.8_1,REU.4.8_1,0.0253230562875866,0.509892627164223,0.484569570876636,2025.06834074317,2025.09366379946,NA,NA,NA
3570,3571,REU.3.4_1,REU.3.4_1,0.0150349524461826,0.509902514474779,0.494867562028596,2025.07863873433,2025.09367368677,NA,NA,NA
5572,5573,REU.4.5_1,REU.4.5_1,0.0596465831292575,0.509909271317591,0.450262688188333,2025.03403386048,2025.09368044361,NA,NA,NA
6003,6004,REU.4.1_1,REU.4.1_1,0.0785803249831712,0.509914332601055,0.431334007617884,2025.01510517991,2025.0936855049,NA,NA,NA
5076,5081,REU.4.3_1,REU.4.3_1,0.0194173807047598,0.50999565011231,0.49057826940755,2025.0743494417,2025.09376682241,NA,NA,NA
4071,4073,REU.4.3_1,REU.4.3_1,0.0082209208767331,0.510014662165515,0.501793741288782,2025.08556491359,2025.09378583446,NA,NA,NA
5069,5070,REU.4.3_1,REU.4.3_1,0.0212705676747185,0.510016787891305,0.488746220216587,2025.07251739251,2025.09378796019,NA,NA,NA
4173,4175,REU.4.3_1,REU.2.3_1,0.105314478065416,0.510031702283762,0.404717224218346,2024.98848839651,2025.09380287458,NA,NA,NA
4664,4665,REU.4.3_1,REU.4.3_1,0.0495192186982468,0.510068003233001,0.460548784534754,2025.04431995683,2025.09383917553,NA,NA,NA
3848,3849,REU.4.3_1,REU.4.3_1,0.0157950580110628,0.510078772327402,0.494283714316339,2025.07805488661,2025.09384994462,NA,NA,NA
3329,3330,REU.3.1_1,REU.3.1_1,0.0834288724528794,0.510239036767383,0.426810164314504,2025.01058133661,2025.09401020906,NA,NA,NA
3908,3914,REU.4.3_1,REU.4.3_1,0.0182986262506588,0.510390700086403,0.492092073835744,2025.07586324613,2025.09416187238,NA,NA,NA
5682,5683,REU.4.8_1,REU.4.8_1,0.0005013552988129,0.510393982463036,0.509892627164223,2025.09366379946,2025.09416515476,NA,NA,NA
3690,3691,REU.3.1_1,REU.3.1_1,0.0184950371585859,0.510409963222681,0.491914926064095,2025.07568609836,2025.09418113552,NA,NA,NA
3648,3649,REU.2.3_1,REU.2.3_1,0.0429360328146312,0.510411113499854,0.467475080685222,2025.05124625298,2025.0941822858,NA,NA,NA
6188,6189,REU.3.1_1,REU.3.1_1,0.0211779094308338,0.510425297074049,0.489247387643215,2025.07301855994,2025.09419646937,NA,NA,NA
4352,4353,REU.4.3_1,REU.4.3_1,0.0608971280284675,0.510599419730529,0.449702291702061,2025.033473464,2025.09437059203,NA,NA,NA
3454,3455,REU.3.4_1,REU.3.4_1,0.0113811666080977,0.51068151791276,0.499300351304662,2025.0830715236,2025.09445269021,NA,NA,NA
3927,3930,REU.4.8_1,REU.4.8_1,0.0429769730266374,0.510763868001243,0.467786894974605,2025.05155806727,2025.0945350403,NA,NA,NA
5204,5206,REU.4.3_1,REU.4.3_1,0.00682319728055425,0.510830294556659,0.504007097276105,2025.08777826957,2025.09460146685,NA,NA,NA
5297,5298,REU.4.4_1,REU.4.4_1,0.00849822060921324,0.510912305114241,0.502414084505028,2025.0861852568,2025.09468347741,NA,NA,NA
5044,5045,REU.4.3_1,REU.4.3_1,0.00808442944563437,0.510959303631259,0.502874874185625,2025.08664604648,2025.09473047593,NA,NA,NA
3521,3522,REU.4.6_1,REU.4.6_1,0.110694984141389,0.510970103203603,0.400275119062214,2024.98404629136,2025.0947412755,NA,NA,NA
5109,5110,REU.4.3_1,REU.2.3_1,0.0271358844696159,0.511007535937272,0.483871651467656,2025.06764282376,2025.09477870823,NA,NA,NA
4183,4184,REU.4.3_1,REU.4.3_1,0.0267158431738579,0.511150602550583,0.484434759376725,2025.06820593167,2025.09492177485,NA,NA,NA
5408,5410,REU.2.3_1,REU.2.3_1,0.0254392550838032,0.511158661868441,0.485719406784638,2025.06949057908,2025.09492983416,NA,NA,NA
3127,3128,REU.4.6_1,REU.4.6_1,0.00263072044184054,0.511220597523189,0.508589877081348,2025.09236104938,2025.09499176982,NA,NA,NA
6168,6169,REU.3.1_1,REU.4.3_1,0.072591370367844,0.511296184274301,0.438704813906457,2025.0224759862,2025.09506735657,NA,NA,NA
5590,5604,REU.4.5_1,REU.4.5_1,0.0573087048054843,0.511338185709203,0.454029480903718,2025.0378006532,2025.09510935801,NA,NA,NA
4744,4745,REU.4.8_1,REU.4.8_1,0.104959177771575,0.511370192550961,0.406411014779387,2024.99018218708,2025.09514136485,NA,NA,NA
5002,5003,REU.4.3_1,REU.4.3_1,0.0105151310821582,0.51141815345654,0.500903022374382,2025.08467419467,2025.09518932575,NA,NA,NA
3965,3968,REU.2.3_1,REU.2.3_1,0.00362721979502278,0.511501353273019,0.507874133477996,2025.09164530577,2025.09527252557,NA,NA,NA
4769,4773,REU.3.5_1,REU.3.5_1,0.0174451026756329,0.511511004375171,0.494065901699538,2025.077837074,2025.09528217667,NA,NA,NA
5302,5310,REU.4.4_1,REU.4.4_1,0.0407179789933435,0.511528871235105,0.470810892241761,2025.05458206454,2025.09530004353,NA,NA,NA
4258,4265,REU.4.3_1,REU.4.3_1,0.0115757789335587,0.511731423482956,0.500155644549397,2025.08392681685,2025.09550259578,NA,NA,NA
4572,4573,REU.4.3_1,REU.4.3_1,0.00434473871858121,0.511761531108454,0.507416792389872,2025.09118796469,2025.0955327034,NA,NA,NA
4513,4514,REU.4.3_1,REU.4.3_1,0.0324861317095539,0.511804451484043,0.479318319774489,2025.06308949207,2025.09557562378,NA,NA,NA
5457,5458,REU.4.3_1,REU.4.3_1,0.0149479522072863,0.511871556178878,0.496923603971591,2025.08069477627,2025.09564272848,NA,NA,NA
3961,3986,REU.4.3_1,REU.4.3_1,0.0510434115079976,0.511990757247413,0.460947345739416,2025.04471851804,2025.09576192954,NA,NA,NA
5229,806,REU.4.3_1,REU.4.3_1,0.107074098139886,0.512119238662415,0.405045140522529,2024.98881631282,2025.09589041096,CHIKV_RUN_S10b25_2025,55.503697,-21.272324
5572,2119,REU.4.5_1,REU.4.3_1,0.0618565504740823,0.512119238662415,0.450262688188333,2025.03403386048,2025.09589041096,CHIKV_RUN_S10b18_2025,55.498016,-21.254205
3293,1798,REU.3.4_1,REU.3.4_1,0.0387067726121883,0.512119238662415,0.473412466050227,2025.05718363835,2025.09589041096,CHIKV_RUN_S10b24_2025,55.289455,-21.17725
5621,2062,REU.4.5_1,REU.4.5_1,0.0368613510872132,0.512119238662415,0.475257887575202,2025.05902905987,2025.09589041096,CHIKV_RUN_S17b39_2025,55.59222,-21.37455
3962,1749,REU.4.3_1,REU.4.4_1,0.0337270585688348,0.512119238662415,0.478392180093581,2025.06216335239,2025.09589041096,CHIKV_RUN_S10b26_2025,55.560539,-21.342963
5640,5647,REU.3.1_1,REU.3.4_1,0.0737434364281325,0.512202680158187,0.438459243730055,2025.02223041603,2025.09597385245,NA,NA,NA
5672,5674,REU.4.5_1,REU.4.5_1,0.0231354225493241,0.512242359854278,0.489106937304954,2025.0728781096,2025.09601353215,NA,NA,NA
4534,4535,REU.4.3_1,REU.4.3_1,0.00301317507124432,0.512335160486981,0.509321985415737,2025.09309315771,2025.09610633278,NA,NA,NA
5682,5690,REU.4.8_1,REU.4.8_1,0.00248781286498179,0.512380440029205,0.509892627164223,2025.09366379946,2025.09615161233,NA,NA,NA
4988,4989,REU.4.3_1,REU.4.3_1,0.0220245381206687,0.512434361359075,0.490409823238407,2025.07418099553,2025.09620553366,NA,NA,NA
3554,3555,REU.3.4_1,REU.3.4_1,0.0756090120612927,0.512573696941478,0.436964684880185,2025.02073585718,2025.09634486924,NA,NA,NA
3471,3472,REU.3.4_1,REU.3.4_1,0.041616314003435,0.512613206488544,0.470996892485109,2025.05476806478,2025.09638437878,NA,NA,NA
4689,4692,REU.4.8_1,REU.3.5_1,0.0346356048175015,0.512644604386675,0.478008999569173,2025.06178017187,2025.09641577668,NA,NA,NA
4154,4155,REU.4.3_1,REU.4.3_1,0.101809109641597,0.512686346215964,0.410877236574367,2024.99464840887,2025.09645751851,NA,NA,NA
5959,5963,REU.3.1_1,REU.3.4_1,0.0811457463477554,0.512717981997273,0.431572235649517,2025.01534340795,2025.09648915429,NA,NA,NA
3585,3586,REU.3.4_1,REU.3.4_1,0.117348370145079,0.512755366894468,0.39540699674939,2024.97917816905,2025.09652653919,NA,NA,NA
4081,4087,REU.3.5_1,REU.3.5_1,0.0475571848311152,0.512796101903985,0.46523891707287,2025.04901008937,2025.0965672742,NA,NA,NA
4315,4317,REU.4.3_1,REU.3.5_1,0.0462894481377134,0.512850729872784,0.46656128173507,2025.05033245403,2025.09662190217,NA,NA,NA
3798,3799,REU.4.5_1,REU.4.5_1,0.0576381962590313,0.512935131862284,0.455296935603252,2025.0390681079,2025.09670630416,NA,NA,NA
5235,5236,REU.4.3_1,REU.4.3_1,0.0288885054479985,0.513034362896486,0.484145857448487,2025.06791702974,2025.09680553519,NA,NA,NA
3472,3473,REU.3.4_1,REU.3.4_1,0.000622339721105591,0.513235546209649,0.512613206488544,2025.09638437878,2025.09700671851,NA,NA,NA
3871,3872,REU.2.3_1,REU.2.3_1,0.039845301799051,0.513238125498648,0.473392823699597,2025.057163996,2025.0970092978,NA,NA,NA
3986,3987,REU.4.3_1,REU.4.3_1,0.00126461343487627,0.51325537068229,0.511990757247413,2025.09576192954,2025.09702654298,NA,NA,NA
6036,6037,REU.3.1_1,REU.3.1_1,0.0473004410955816,0.513423374364181,0.4661229332686,2025.04989410557,2025.09719454666,NA,NA,NA
4448,4464,REU.4.3_1,REU.4.3_1,0.0245819037910755,0.513561510126771,0.488979606335696,2025.07275077863,2025.09733268242,NA,NA,NA
3853,3861,REU.4.3_1,REU.4.3_1,0.0200437153383096,0.513609642434304,0.493565927095995,2025.07733709939,2025.09738081473,NA,NA,NA
3871,3880,REU.2.3_1,REU.2.3_1,0.0402200565795607,0.513612880279158,0.473392823699597,2025.057163996,2025.09738405258,NA,NA,NA
3379,3380,REU.4.3_1,REU.4.3_1,0.0603450782157856,0.513649833460385,0.453304755244599,2025.03707592754,2025.09742100576,NA,NA,NA
3884,3890,REU.4.3_1,REU.4.3_1,0.0801614440069623,0.513708382478168,0.433546938471206,2025.01731811077,2025.09747955477,NA,NA,NA
4508,4509,REU.4.3_1,REU.4.3_1,0.0444088012458893,0.513810074012378,0.469401272766489,2025.05317244506,2025.09758124631,NA,NA,NA
5410,5411,REU.2.3_1,REU.2.3_1,0.00266409422809799,0.513822756096539,0.511158661868441,2025.09492983416,2025.09759392839,NA,NA,NA
4284,4285,REU.4.3_1,REU.4.3_1,0.0133419046870832,0.513828070405205,0.500486165718122,2025.08425733801,2025.0975992427,NA,NA,NA
6210,6216,REU.2.3_1,REU.2.3_1,0.0106999226456683,0.513852957875526,0.503153035229857,2025.08692420753,2025.09762413017,NA,NA,NA
5310,5316,REU.4.4_1,REU.4.4_1,0.0023966018588677,0.513925473093973,0.511528871235105,2025.09530004353,2025.09769664539,NA,NA,NA
5182,5183,REU.4.6_1,REU.4.6_1,0.0308125615487747,0.513928727052365,0.483116165503591,2025.0668873378,2025.09769989935,NA,NA,NA
4824,4829,REU.4.3_1,REU.4.3_1,0.00749950458073745,0.513942716896534,0.506443212315797,2025.09021438461,2025.09771388919,NA,NA,NA
3987,3988,REU.4.3_1,REU.4.3_1,0.00075136185208946,0.514006732534379,0.51325537068229,2025.09702654298,2025.09777790483,NA,NA,NA
5482,5483,REU.4.3_1,REU.4.3_1,0.0458935485794012,0.514046410816083,0.468152862236682,2025.05192403453,2025.09781758311,NA,NA,NA
3374,3375,REU.4.3_1,REU.4.3_1,0.0301454633884463,0.514102879678996,0.483957416290549,2025.06772858859,2025.09787405198,NA,NA,NA
4498,4502,REU.4.3_1,REU.4.3_1,0.0215071082589723,0.514166831813786,0.492659723554813,2025.07643089585,2025.09793800411,NA,NA,NA
3956,3957,REU.4.3_1,REU.4.3_1,0.00684202715045423,0.514264227297247,0.507422200146793,2025.09119337244,2025.09803539959,NA,NA,NA
4317,4318,REU.3.5_1,REU.3.5_1,0.00143628253776218,0.514287012410546,0.512850729872784,2025.09662190217,2025.09805818471,NA,NA,NA
5573,5577,REU.4.5_1,REU.4.5_1,0.0043864634550006,0.514295734772591,0.509909271317591,2025.09368044361,2025.09806690707,NA,NA,NA
4813,4814,REU.2.3_1,REU.2.3_1,0.0367072265187489,0.514317989639541,0.477610763120792,2025.06138193542,2025.09808916194,NA,NA,NA
3649,3650,REU.2.3_1,REU.2.3_1,0.00395361185512511,0.514364725354979,0.510411113499854,2025.0941822858,2025.09813589765,NA,NA,NA
4681,4693,REU.4.8_1,REU.4.3_1,0.0880694499112525,0.514376503142608,0.426307053231356,2025.01007822553,2025.09814767544,NA,NA,NA
3280,3283,REU.3.1_1,REU.4.3_1,0.0246644747441985,0.514382413362293,0.489717938618095,2025.07348911091,2025.09815358566,NA,NA,NA
4556,4557,REU.2.3_1,REU.2.3_1,0.00906070606411635,0.514541057538232,0.505480351474116,2025.08925152377,2025.09831222983,NA,NA,NA
4235,4236,REU.4.3_1,REU.4.3_1,0.00648078823040776,0.514548228929073,0.508067440698665,2025.091838613,2025.09831940123,NA,NA,NA
4693,4694,REU.4.3_1,REU.4.3_1,0.000292109710989474,0.514668612853598,0.514376503142608,2025.09814767544,2025.09843978515,NA,NA,NA
5568,5570,REU.4.5_1,REU.4.5_1,0.00712292679889204,0.514673869519076,0.507550942720184,2025.09132211502,2025.09844504182,NA,NA,NA
3268,3270,REU.3.1_1,REU.3.1_1,0.0655505239017935,0.514677517486353,0.44912699358456,2025.03289816588,2025.09844868978,NA,NA,NA
3578,3579,REU.3.4_1,REU.3.4_1,0.0181685423765129,0.514762538025809,0.496593995649296,2025.08036516795,2025.09853371032,NA,NA,NA
6089,6090,REU.3.1_1,REU.3.1_1,0.091590143465103,0.514802211014421,0.423212067549318,2025.00698323985,2025.09857338331,NA,NA,NA
4635,4636,REU.4.3_1,REU.4.3_1,0.0602191174896961,0.51484157059078,0.454622453101083,2025.0383936254,2025.09861274289,NA,NA,NA
4245,1521,REU.4.3_1,REU.4.3_1,0.108542826523734,0.514858964689773,0.406316138166039,2024.99008731046,2025.09863013699,CHIKV_RUN_S10b31_2025,55.513787,-21.267717
4972,1750,REU.4.3_1,REU.4.5_1,0.0763478290270859,0.514858964689773,0.438511135662687,2025.02228230796,2025.09863013699,CHIKV_RUN_S10b27_2025,55.596459,-21.333171
5349,1255,REU.4.4_1,REU.4.4_1,0.0448493437384989,0.514858964689773,0.470009620951274,2025.05378079325,2025.09863013699,CHIKV_RUN_S10b37_2025,55.561393,-21.340955
4163,271,REU.4.3_1,REU.4.4_1,0.0289910675620316,0.514858964689773,0.485867897127741,2025.06963906942,2025.09863013699,CHIKV_RUN_S10b34_2025,55.55304,-21.350416
5642,3065,REU.3.1_1,REU.3.1_1,0.0240458387640345,0.514858964689773,0.490813125925738,2025.07458429822,2025.09863013699,CHIKV_RUN_S10b23_2025,55.353503,-21.259858
3368,2230,REU.4.3_1,REU.4.3_1,0.0202365382619796,0.514858964689773,0.494622426427793,2025.07839359872,2025.09863013699,CHIKV_RUN_S10b32_2025,55.525455,-21.285424
5968,5969,REU.4.3_1,REU.4.3_1,0.00828923771174195,0.514880237921608,0.506591000209866,2025.09036217251,2025.09865141022,NA,NA,NA
3675,3676,REU.2.3_1,REU.2.3_1,0.00804707795741944,0.515214057625147,0.507166979667728,2025.09093815196,2025.09898522992,NA,NA,NA
4310,4311,REU.4.3_1,REU.4.3_1,0.0670377581934769,0.515216697515151,0.448178939321674,2025.03195011162,2025.09898786981,NA,NA,NA
4804,4805,REU.4.3_1,REU.4.3_1,0.00593759007225392,0.515306234145628,0.509368644073374,2025.09313981637,2025.09907740644,NA,NA,NA
4464,4465,REU.4.3_1,REU.4.3_1,0.00217048563116506,0.515731995757936,0.513561510126771,2025.09733268242,2025.09950316805,NA,NA,NA
3351,3352,REU.4.8_1,REU.3.5_1,0.0651089192482969,0.515732607002116,0.450623687753819,2025.03439486005,2025.0995037793,NA,NA,NA
5283,5284,REU.4.4_1,REU.4.4_1,0.00868469028263019,0.515813027279791,0.507128336997161,2025.09089950929,2025.09958419958,NA,NA,NA
5772,5773,REU.4.3_1,REU.4.3_1,0.0193688349372879,0.515840152232478,0.49647131729519,2025.08024248959,2025.09961132453,NA,NA,NA
3454,3460,REU.3.4_1,REU.3.4_1,0.0165770348247684,0.51587738612943,0.499300351304662,2025.0830715236,2025.09964855843,NA,NA,NA
5641,5645,REU.3.1_1,REU.4.3_1,0.067510609933804,0.515938684617527,0.448428074683723,2025.03219924698,2025.09970985691,NA,NA,NA
5518,5519,REU.3.1_1,REU.3.1_1,0.0698859008978846,0.515969880034281,0.446083979136397,2025.02985515143,2025.09974105233,NA,NA,NA
5846,5850,REU.3.1_1,REU.3.1_1,0.0773751406086634,0.516085522243277,0.438710381634613,2025.02248155393,2025.09985669454,NA,NA,NA
3535,3536,REU.3.1_1,REU.3.1_1,0.0615953368801805,0.516094868308322,0.454499531428141,2025.03827070372,2025.0998660406,NA,NA,NA
5310,5311,REU.4.4_1,REU.4.4_1,0.00462994396748817,0.516158815202593,0.511528871235105,2025.09530004353,2025.0999299875,NA,NA,NA
4232,4233,REU.4.3_1,REU.3.1_1,0.0140783752101693,0.51616148803142,0.502083112821251,2025.08585428512,2025.09993266033,NA,NA,NA
3811,3812,REU.4.5_1,REU.4.5_1,0.00953908536160342,0.516260016716435,0.506720931354831,2025.09049210365,2025.10003118901,NA,NA,NA
5089,5096,REU.4.8_1,REU.4.8_1,0.0119179359730641,0.51627300546901,0.504355069495946,2025.08812624179,2025.10004417777,NA,NA,NA
4712,4713,REU.2.3_1,REU.2.3_1,0.0539325233012166,0.516372073202958,0.462439549901742,2025.0462107222,2025.1001432455,NA,NA,NA
3914,3915,REU.4.3_1,REU.4.3_1,0.00602294996877684,0.51641365005518,0.510390700086403,2025.09416187238,2025.10018482235,NA,NA,NA
3128,3133,REU.4.6_1,REU.4.8_1,0.00522560006257955,0.516446197585768,0.511220597523189,2025.09499176982,2025.10021736988,NA,NA,NA
4719,4720,REU.4.3_1,REU.4.8_1,0.0769815988030352,0.51652618201389,0.439544583210855,2025.02331575551,2025.10029735431,NA,NA,NA
4869,4870,REU.4.3_1,REU.4.3_1,0.0232472313148235,0.516583182748635,0.493335951433811,2025.07710712373,2025.10035435505,NA,NA,NA
5316,5317,REU.4.4_1,REU.4.4_1,0.00275723966972297,0.516682712763696,0.513925473093973,2025.09769664539,2025.10045388506,NA,NA,NA
5988,5997,REU.3.1_1,REU.3.4_1,0.0781173963211989,0.516739150160368,0.438621753839169,2025.02239292614,2025.10051032246,NA,NA,NA
3694,3695,REU.3.1_1,REU.3.1_1,0.0194419887946679,0.516773120310025,0.497331131515357,2025.08110230381,2025.10054429261,NA,NA,NA
3509,3514,REU.3.4_1,REU.3.4_1,0.11110870939424,0.516828419011615,0.405719709617375,2024.98949088191,2025.10059959131,NA,NA,NA
4573,4574,REU.4.3_1,REU.4.3_1,0.00508186973466007,0.516843400843114,0.511761531108454,2025.0955327034,2025.10061457314,NA,NA,NA
3524,3525,REU.4.8_1,REU.4.8_1,0.0561189303419988,0.516921793696512,0.460802863354513,2025.04457403565,2025.10069296599,NA,NA,NA
5303,5308,REU.4.4_1,REU.4.4_1,0.0286772310322199,0.516939807586842,0.488262576554622,2025.07203374885,2025.10071097988,NA,NA,NA
6199,6201,REU.2.3_1,REU.2.3_1,0.0205848875239676,0.516944424742399,0.496359537218431,2025.08013070951,2025.10071559704,NA,NA,NA
4236,4237,REU.4.3_1,REU.4.3_1,0.00243269466310281,0.516980923592176,0.514548228929073,2025.09831940123,2025.10075209589,NA,NA,NA
4406,4411,REU.4.3_1,REU.4.3_1,0.0977987096570278,0.517037610624791,0.419238900967763,2025.00301007326,2025.10080878292,NA,NA,NA
4394,4395,REU.4.3_1,REU.4.3_1,0.0331746766751421,0.517221396928025,0.484046720252883,2025.06781789255,2025.10099256922,NA,NA,NA
5261,5269,REU.4.3_1,REU.4.8_1,0.0333293314331855,0.517251142976041,0.483921811542856,2025.06769298384,2025.10102231527,NA,NA,NA
3169,3170,REU.3.1_1,REU.3.1_1,0.0147895257604688,0.517299892827118,0.502510367066649,2025.08628153936,2025.10107106512,NA,NA,NA
4870,4871,REU.4.3_1,REU.4.3_1,0.000808821941736149,0.517392004690371,0.516583182748635,2025.10035435505,2025.10116317699,NA,NA,NA
4388,4389,REU.4.3_1,REU.4.3_1,0.0107317573301038,0.517502973830671,0.506771216500567,2025.0905423888,2025.10127414613,NA,NA,NA
3273,2335,REU.3.1_1,REU.4.3_1,0.0828492193153002,0.51759869071713,0.43474947140183,2025.0185206437,2025.10136986301,CHIKV_RUN_S10b35_2025,55.511614,-21.285498
4101,1682,REU.4.3_1,REU.4.3_1,0.0535081016987569,0.51759869071713,0.464090589018373,2025.04786176131,2025.10136986301,CHIKV_RUN_S10b10_2025,55.526003,-21.281414
4418,506,REU.4.3_1,REU.4.3_1,0.0182394760083248,0.51759869071713,0.499359214708805,2025.08313038701,2025.10136986301,CHIKV_RUN_S10b39_2025,55.520725,-21.265353
5710,2167,REU.4.8_1,REU.4.5_1,0.010576242318929,0.51759869071713,0.507022448398201,2025.09079362069,2025.10136986301,CHIKV_RUN_S10b36_2025,55.607893,-21.328191
3890,318,REU.4.3_1,REU.4.3_1,0.00389030823896186,0.51759869071713,0.513708382478168,2025.09747955477,2025.10136986301,CHIKV_RUN_S10b33_2025,55.500237,-21.26577
5941,5942,REU.4.3_1,REU.4.3_1,0.0142631291186435,0.517658657466267,0.503395528347623,2025.08716670064,2025.10142982976,NA,NA,NA
3357,3358,REU.4.8_1,REU.4.8_1,0.0620708611045657,0.517672611589077,0.455601750484511,2025.03937292278,2025.10144378389,NA,NA,NA
3997,4001,REU.3.5_1,REU.3.5_1,0.00812993942921458,0.517673462894534,0.509543523465319,2025.09331469576,2025.10144463519,NA,NA,NA
5317,5320,REU.4.4_1,REU.4.4_1,0.00109020307804986,0.517772915841745,0.516682712763696,2025.10045388506,2025.10154408814,NA,NA,NA
6118,6119,REU.3.1_1,REU.3.1_1,0.0245051762405732,0.517785107698566,0.493279931457993,2025.07705110375,2025.10155628,NA,NA,NA
4033,4034,REU.4.8_1,REU.4.8_1,0.0370778950573885,0.517956646750945,0.480878751693556,2025.06464992399,2025.10172781905,NA,NA,NA
5411,5412,REU.2.3_1,REU.2.3_1,0.00433201244920389,0.518154768545743,0.513822756096539,2025.09759392839,2025.10192594084,NA,NA,NA
4136,4137,REU.4.3_1,REU.4.3_1,0.107570056970482,0.518183111771111,0.410613054800628,2024.9943842271,2025.10195428407,NA,NA,NA
4574,4575,REU.4.3_1,REU.4.3_1,0.00136053703912231,0.518203937882236,0.516843400843114,2025.10061457314,2025.10197511018,NA,NA,NA
6067,6069,REU.3.1_1,REU.3.1_1,0.102146713387129,0.518273552322499,0.41612683893537,2024.99989801123,2025.10204472462,NA,NA,NA
5280,5281,REU.4.4_1,REU.4.4_1,0.0138264884173529,0.518279346201671,0.504452857784319,2025.08822403008,2025.1020505185,NA,NA,NA
3163,3164,REU.3.1_1,REU.4.8_1,0.0739354643447866,0.518289730855454,0.444354266510667,2025.02812543881,2025.10206090315,NA,NA,NA
3358,3360,REU.4.8_1,REU.4.8_1,0.000770733061112638,0.51844334465019,0.517672611589077,2025.10144378389,2025.10221451695,NA,NA,NA
4658,4659,REU.4.3_1,REU.4.3_1,0.0646595677163074,0.518646563104165,0.453986995387858,2025.03775816768,2025.1024177354,NA,NA,NA
5647,5648,REU.3.4_1,REU.3.4_1,0.00645049141018805,0.518653171568375,0.512202680158187,2025.09597385245,2025.10242434386,NA,NA,NA
3892,3893,REU.4.3_1,REU.2.3_1,0.0217832987317748,0.518716883946813,0.496933585215038,2025.08070475751,2025.10248805624,NA,NA,NA
5303,5304,REU.4.4_1,REU.4.4_1,0.0304548447296571,0.518717421284279,0.488262576554622,2025.07203374885,2025.10248859358,NA,NA,NA
3818,3823,REU.4.5_1,REU.4.5_1,0.0575655336280735,0.518769392650591,0.461203859022518,2025.04497503132,2025.10254056495,NA,NA,NA
5181,5194,REU.4.3_1,REU.4.3_1,0.145580404870959,0.518892455196429,0.37331205032547,2024.95708322262,2025.10266362749,NA,NA,NA
4125,4126,REU.4.3_1,REU.4.3_1,0.0411922702158279,0.518946252839941,0.477753982624113,2025.06152515492,2025.10271742514,NA,NA,NA
3835,3836,REU.4.3_1,REU.4.3_1,0.0220133270849623,0.518991220800359,0.496977893715397,2025.08074906601,2025.1027623931,NA,NA,NA
6019,6020,REU.4.1_1,REU.4.1_1,0.042393511288573,0.519007999479262,0.476614488190689,2025.06038566049,2025.10277917178,NA,NA,NA
5988,5989,REU.3.1_1,REU.4.6_1,0.0804511002378682,0.519072854077037,0.438621753839169,2025.02239292614,2025.10284402637,NA,NA,NA
5411,5424,REU.2.3_1,REU.2.3_1,0.00525826052518918,0.519081016621728,0.513822756096539,2025.09759392839,2025.10285218892,NA,NA,NA
4478,4479,REU.4.3_1,REU.4.3_1,0.0716681224435913,0.519143526915827,0.447475404472236,2025.03124657677,2025.10291469921,NA,NA,NA
4720,4721,REU.4.8_1,REU.4.8_1,0.00263392931958373,0.519160111333474,0.51652618201389,2025.10029735431,2025.10293128363,NA,NA,NA
4712,4716,REU.2.3_1,REU.2.3_1,0.056730665275,0.519170215176742,0.462439549901742,2025.0462107222,2025.10294138747,NA,NA,NA
5548,5549,REU.4.5_1,REU.4.5_1,0.0510459477759978,0.51932214149423,0.468276193718232,2025.05204736601,2025.10309331379,NA,NA,NA
4237,4238,REU.4.3_1,REU.4.3_1,0.00238848341281483,0.519369407004991,0.516980923592176,2025.10075209589,2025.1031405793,NA,NA,NA
4037,4046,REU.4.8_1,REU.4.8_1,0.0186216867315216,0.519373559923875,0.500751873192353,2025.08452304549,2025.10314473222,NA,NA,NA
3957,3960,REU.4.3_1,REU.4.3_1,0.00530700372495274,0.5195712310222,0.514264227297247,2025.09803539959,2025.10334240332,NA,NA,NA
4933,4934,REU.4.8_1,REU.4.3_1,0.129802748731507,0.519577996096476,0.389775247364969,2024.97354641966,2025.10334916839,NA,NA,NA
3416,3417,REU.4.8_1,REU.4.8_1,0.0496942307057363,0.519686029279362,0.469991798573626,2025.05376297087,2025.10345720158,NA,NA,NA
6058,6059,REU.4.8_1,REU.4.4_1,0.013765398232884,0.519691272717173,0.505925874484289,2025.08969704678,2025.10346244501,NA,NA,NA
3330,3331,REU.3.1_1,REU.3.1_1,0.00946663249829127,0.519705669265675,0.510239036767383,2025.09401020906,2025.10347684156,NA,NA,NA
3591,3593,REU.4.8_1,REU.4.8_1,0.0388741411853751,0.519726073146593,0.480851931961218,2025.06462310426,2025.10349724544,NA,NA,NA
6057,6062,REU.4.8_1,REU.4.8_1,0.0226066655123628,0.519728505598552,0.497121840086189,2025.08089301238,2025.1034996779,NA,NA,NA
5833,5834,REU.4.8_1,REU.3.4_1,0.0160242072782897,0.519918720728668,0.503894513450379,2025.08766568575,2025.10368989303,NA,NA,NA
4997,5010,REU.4.8_1,REU.4.8_1,0.0712358885900471,0.51995115257382,0.448715263983773,2025.03248643628,2025.10372232487,NA,NA,NA
3510,3513,REU.3.4_1,REU.3.4_1,0.0389437529825956,0.520034669128343,0.481090916145748,2025.06486208844,2025.10380584142,NA,NA,NA
5997,5998,REU.3.4_1,REU.3.4_1,0.00337029611359863,0.520109446273967,0.516739150160368,2025.10051032246,2025.10388061857,NA,NA,NA
4479,4481,REU.4.3_1,REU.4.3_1,0.00110083230424918,0.520244359220076,0.519143526915827,2025.10291469921,2025.10401553152,NA,NA,NA
4980,4981,REU.4.3_1,REU.4.3_1,0.0377350300834021,0.520266715080175,0.482531684996773,2025.06630285729,2025.10403788738,NA,NA,NA
3234,3235,REU.3.1_1,REU.3.1_1,0.0445294369890294,0.520272839833655,0.475743402844626,2025.05951457514,2025.10404401213,NA,NA,NA
4745,4746,REU.4.8_1,REU.4.8_1,0.00891854962011762,0.520288742171079,0.511370192550961,2025.09514136485,2025.10405991447,NA,NA,NA
5465,2542,REU.2.3_1,REU.2.3_1,0.0690060926165347,0.520338416744715,0.45133232412818,2025.03510349642,2025.10410958904,CHIKV_RUN_S10b71_2025,55.477508,-20.902553
5002,70,REU.4.3_1,REU.3.1_1,0.0194353943703333,0.520338416744715,0.500903022374382,2025.08467419467,2025.10410958904,CHIKV_RUN_S16b93_2025,55.371867,-21.27096
5636,2010,REU.3.1_1,REU.4.6_1,0.0175449521495806,0.520338416744715,0.502793464595134,2025.08656463689,2025.10410958904,CHIKV_RUN_S15b60_2025,55.440135,-21.262738
4082,1630,REU.3.5_1,REU.4.8_1,0.0148489869225569,0.520338416744715,0.505489429822158,2025.08926060212,2025.10410958904,CHIKV_RUN_S10b51_2025,55.476533,-21.340631
4387,592,REU.4.3_1,REU.4.3_1,0.013751513032943,0.520338416744715,0.506586903711772,2025.09035807601,2025.10410958904,CHIKV_RUN_S10b30_2025,55.527133,-21.260637
5221,777,REU.4.3_1,REU.4.8_1,0.0124098417918705,0.520338416744715,0.507928574952844,2025.09169974725,2025.10410958904,CHIKV_RUN_S15b52_2025,55.474593,-21.288804
5533,2110,REU.4.5_1,REU.4.5_1,0.0108511726875364,0.520338416744715,0.509487244057178,2025.09325841635,2025.10410958904,CHIKV_RUN_S10b29_2025,55.599125,-21.377223
4472,525,REU.2.3_1,REU.2.3_1,0.0106390239063292,0.520338416744715,0.509699392838386,2025.09347056513,2025.10410958904,CHIKV_RUN_S10b45_2025,55.401742,-20.902126
3536,2571,REU.3.1_1,REU.3.1_1,0.00424354843639296,0.520338416744715,0.516094868308322,2025.0998660406,2025.10410958904,CHIKV_RUN_S17b03_2025,55.367185,-21.258408
4011,4012,REU.4.8_1,REU.4.3_1,0.0441844307363168,0.520715744119371,0.476531313383054,2025.06030248568,2025.10448691642,NA,NA,NA
6201,6203,REU.2.3_1,REU.2.3_1,0.00388699251303004,0.520831417255429,0.516944424742399,2025.10071559704,2025.10460258955,NA,NA,NA
5683,5684,REU.4.8_1,REU.4.8_1,0.0104470217781768,0.520841004241213,0.510393982463036,2025.09416515476,2025.10461217654,NA,NA,NA
5304,5305,REU.4.4_1,REU.4.4_1,0.00217021931392503,0.520887640598204,0.518717421284279,2025.10248859358,2025.10465881289,NA,NA,NA
3283,3284,REU.4.3_1,REU.4.3_1,0.006542127974551,0.520924541336844,0.514382413362293,2025.09815358566,2025.10469571363,NA,NA,NA
5194,5195,REU.4.3_1,REU.4.3_1,0.00238578213688612,0.521278237333315,0.518892455196429,2025.10266362749,2025.10504940963,NA,NA,NA
3836,3837,REU.4.3_1,REU.4.3_1,0.00230056237981879,0.521291783180178,0.518991220800359,2025.1027623931,2025.10506295548,NA,NA,NA
5221,5222,REU.4.3_1,REU.4.3_1,0.0135166207568748,0.521445195709719,0.507928574952844,2025.09169974725,2025.10521636801,NA,NA,NA
4001,4003,REU.3.5_1,REU.3.5_1,0.00380898169286781,0.521482444587401,0.517673462894534,2025.10144463519,2025.10525361688,NA,NA,NA
5786,5792,REU.3.1_1,REU.3.4_1,0.0598270909650209,0.521556706231958,0.461729615266938,2025.04550078756,2025.10532787853,NA,NA,NA
4694,4695,REU.4.3_1,REU.4.3_1,0.00700394684289818,0.521672559696496,0.514668612853598,2025.09843978515,2025.10544373199,NA,NA,NA
3910,3911,REU.4.3_1,REU.4.3_1,0.0121917479582342,0.52168710405579,0.509495356097556,2025.09326652839,2025.10545827635,NA,NA,NA
4659,4660,REU.4.3_1,REU.4.3_1,0.00306860267086062,0.521715165775026,0.518646563104165,2025.1024177354,2025.10548633807,NA,NA,NA
4677,4678,REU.4.8_1,REU.4.8_1,0.100095007405625,0.52175505156791,0.421660044162284,2025.00543121646,2025.10552622386,NA,NA,NA
5753,5758,REU.3.4_1,REU.3.4_1,0.0289521595510015,0.521878816222601,0.4929266566716,2025.07669782897,2025.10564998852,NA,NA,NA
4315,4316,REU.4.3_1,REU.4.3_1,0.0553310241770015,0.521892305912072,0.46656128173507,2025.05033245403,2025.10566347821,NA,NA,NA
4270,4279,REU.4.3_1,REU.4.3_1,0.0543144981515571,0.521931101783041,0.467616603631484,2025.05138777593,2025.10570227408,NA,NA,NA
3283,3286,REU.4.3_1,REU.4.3_1,0.00761646634910584,0.521998879711399,0.514382413362293,2025.09815358566,2025.10577005201,NA,NA,NA
3286,3287,REU.4.3_1,REU.4.3_1,0.000105127419638973,0.522104007131038,0.521998879711399,2025.10577005201,2025.10587517943,NA,NA,NA
5214,5215,REU.4.8_1,REU.4.8_1,0.02135441846791,0.522208046553645,0.500853628085735,2025.08462480038,2025.10597921885,NA,NA,NA
6080,6081,REU.3.1_1,REU.4.2_1,0.0809768872464496,0.522251666059215,0.441274778812765,2025.02504595111,2025.10602283836,NA,NA,NA
3505,3507,REU.3.4_1,REU.3.4_1,0.105356040846743,0.522357800890779,0.417001760044036,2025.00077293234,2025.10612897319,NA,NA,NA
4816,4821,REU.4.3_1,REU.4.3_1,0.105911086230971,0.522403329655049,0.416492243424078,2025.00026341572,2025.10617450195,NA,NA,NA
3235,3236,REU.3.1_1,REU.3.1_1,0.00215624745276743,0.522429087286423,0.520272839833655,2025.10404401213,2025.10620025958,NA,NA,NA
3164,3165,REU.4.8_1,REU.4.8_1,0.00415779003305772,0.522447520888511,0.518289730855454,2025.10206090315,2025.10621869318,NA,NA,NA
4584,4585,REU.2.3_1,REU.2.3_1,0.0253029251034415,0.522462560146091,0.497159635042649,2025.08093080734,2025.10623373244,NA,NA,NA
4645,4646,REU.4.3_1,REU.4.3_1,0.0785516136094178,0.522536927459578,0.44398531385016,2025.02775648615,2025.10630809976,NA,NA,NA
5387,5389,REU.2.3_1,REU.2.3_1,0.0152946002869938,0.522570716573908,0.507276116286914,2025.09104728858,2025.10634188887,NA,NA,NA
3217,3218,REU.4.3_1,REU.4.3_1,0.0733669355913027,0.522688236259567,0.449321300668265,2025.03309247296,2025.10645940856,NA,NA,NA
5163,5168,REU.4.3_1,REU.4.3_1,0.018807925275,0.522697616731207,0.503889691456207,2025.08766086375,2025.10646878903,NA,NA,NA
4448,4449,REU.4.3_1,REU.4.3_1,0.0337745858170211,0.522754192152717,0.488979606335696,2025.07275077863,2025.10652536445,NA,NA,NA
5549,5550,REU.4.5_1,REU.4.5_1,0.00345640137292724,0.522778542867157,0.51932214149423,2025.10309331379,2025.10654971516,NA,NA,NA
4972,4973,REU.4.3_1,REU.4.3_1,0.0843770267092815,0.522888162371968,0.438511135662687,2025.02228230796,2025.10665933467,NA,NA,NA
4562,4563,REU.4.3_1,REU.4.3_1,0.134207129958757,0.522894700126885,0.388687570168128,2024.97245874246,2025.10666587242,NA,NA,NA
4861,4865,REU.4.3_1,REU.4.3_1,0.0388002853402806,0.52290526962824,0.48410498428796,2025.06787615658,2025.10667644192,NA,NA,NA
3901,3902,REU.4.3_1,REU.4.3_1,0.0156540294923461,0.522949189772982,0.507295160280636,2025.09106633258,2025.10672036207,NA,NA,NA
5335,5336,REU.4.4_1,REU.4.4_1,0.0438220615687319,0.522989817373122,0.47916775580439,2025.0629389281,2025.10676098967,NA,NA,NA
4989,4990,REU.4.3_1,REU.4.3_1,0.0105564805440836,0.522990841903159,0.512434361359075,2025.09620553366,2025.1067620142,NA,NA,NA
6018,2510,REU.4.1_1,REU.4.1_1,0.0741688849175233,0.523078142772072,0.448909257854549,2025.03268043015,2025.10684931507,CHIKV_RUN_S10b28_2025,55.474882,-21.169926
5248,681,REU.4.3_1,REU.4.3_1,0.0196026844138775,0.523078142772072,0.503475458358195,2025.08724663065,2025.10684931507,CHIKV_RUN_S10b38_2025,55.525735,-21.280463
5457,5460,REU.4.3_1,REU.4.8_1,0.0261907970121918,0.523114400983783,0.496923603971591,2025.08069477627,2025.10688557328,NA,NA,NA
6139,6140,REU.3.1_1,REU.3.1_1,0.0247134299251516,0.523173596673095,0.498460166747943,2025.08223133904,2025.10694476897,NA,NA,NA
6189,6190,REU.3.1_1,REU.3.1_1,0.0127717472506856,0.523197044324735,0.510425297074049,2025.09419646937,2025.10696821662,NA,NA,NA
3464,3465,REU.3.4_1,REU.3.4_1,0.0287936207244566,0.523206941014255,0.494413320289799,2025.07818449259,2025.10697811331,NA,NA,NA
4889,4890,REU.4.3_1,REU.4.3_1,0.0493162271810966,0.523257427624856,0.47394120044376,2025.05771237274,2025.10702859992,NA,NA,NA
4514,4515,REU.4.3_1,REU.4.3_1,0.0115144177649411,0.523318869248985,0.511804451484043,2025.09557562378,2025.10709004155,NA,NA,NA
3460,3463,REU.3.4_1,REU.3.4_1,0.00749066431000855,0.523368050439439,0.51587738612943,2025.09964855843,2025.10713922274,NA,NA,NA
5263,5264,REU.4.3_1,REU.4.3_1,0.0187847836553885,0.523407632852581,0.504622849197192,2025.08839402149,2025.10717880515,NA,NA,NA
3586,3587,REU.3.4_1,REU.3.4_1,0.0106612582704573,0.523416625164926,0.512755366894468,2025.09652653919,2025.10718779746,NA,NA,NA
3155,3156,REU.3.4_1,REU.4.3_1,0.0923465544691617,0.523484763686814,0.431138209217652,2025.01490938151,2025.10725593598,NA,NA,NA
5630,5631,REU.3.1_1,REU.4.6_1,0.0697600389563715,0.523552239169041,0.45379220021267,2025.03756337251,2025.10732341147,NA,NA,NA
5249,5250,REU.4.3_1,REU.4.3_1,0.0198214204870963,0.523565966214507,0.503744545727411,2025.08751571802,2025.10733713851,NA,NA,NA
6043,6044,REU.3.1_1,REU.3.1_1,0.0402156086751815,0.52356690286748,0.483351294192298,2025.06712246649,2025.10733807516,NA,NA,NA
4575,4576,REU.4.3_1,REU.4.3_1,0.00538054995003778,0.523584487832274,0.518203937882236,2025.10197511018,2025.10735566013,NA,NA,NA
4835,4836,REU.2.3_1,REU.2.3_1,0.0331990075372718,0.52372420886653,0.490525201329259,2025.07429637363,2025.10749538116,NA,NA,NA
4773,4774,REU.3.5_1,REU.3.5_1,0.0122277106872989,0.52373871506247,0.511511004375171,2025.09528217667,2025.10750988736,NA,NA,NA
5428,5429,REU.2.3_1,REU.2.3_1,0.0353199827841193,0.523856058660585,0.488536075876466,2025.07230724817,2025.10762723096,NA,NA,NA
6004,6005,REU.4.1_1,REU.4.1_1,0.013963360787423,0.523877693388478,0.509914332601055,2025.0936855049,2025.10764886568,NA,NA,NA
3854,3855,REU.4.3_1,REU.4.3_1,0.0153720096682242,0.523884848354721,0.508512838686497,2025.09228401098,2025.10765602065,NA,NA,NA
4524,4526,REU.4.3_1,REU.4.3_1,0.0502623068536433,0.523996857095309,0.473734550241666,2025.05750572254,2025.10776802939,NA,NA,NA
4184,4185,REU.4.3_1,REU.4.3_1,0.0128684600251544,0.524019062575737,0.511150602550583,2025.09492177485,2025.10779023487,NA,NA,NA
5591,5603,REU.4.5_1,REU.4.5_1,0.030873766797213,0.524021127935853,0.49314736113864,2025.07691853343,2025.10779230023,NA,NA,NA
5980,5981,REU.3.1_1,REU.3.1_1,0.0842738856942526,0.5240486493577,0.439774763663448,2025.02354593596,2025.10781982165,NA,NA,NA
6149,6150,REU.3.1_1,REU.4.3_1,0.0716327723053912,0.524140023564732,0.452507251259341,2025.03627842356,2025.10791119586,NA,NA,NA
4934,4935,REU.4.3_1,REU.4.3_1,0.00456718282128687,0.524145178917763,0.519577996096476,2025.10334916839,2025.10791635121,NA,NA,NA
3234,3240,REU.3.1_1,REU.3.1_1,0.0484052588277712,0.524148661672397,0.475743402844626,2025.05951457514,2025.10791983397,NA,NA,NA
4721,4722,REU.4.8_1,REU.4.3_1,0.00500923406809284,0.524169345401567,0.519160111333474,2025.10293128363,2025.1079405177,NA,NA,NA
5674,5675,REU.4.5_1,REU.4.5_1,0.0119350956840411,0.524177455538319,0.512242359854278,2025.09601353215,2025.10794862783,NA,NA,NA
3417,3418,REU.4.8_1,REU.4.8_1,0.00454218661433481,0.524228215893697,0.519686029279362,2025.10345720158,2025.10799938819,NA,NA,NA
5352,5363,REU.4.8_1,REU.4.8_1,0.0189931734594185,0.524325802084331,0.505332628624913,2025.08910380092,2025.10809697438,NA,NA,NA
3218,3219,REU.4.3_1,REU.4.3_1,0.00164295754232402,0.524331193801891,0.522688236259567,2025.10645940856,2025.1081023661,NA,NA,NA
5732,5733,REU.4.6_1,REU.4.6_1,0.0374863058084645,0.524343658606223,0.486857352797758,2025.07062852509,2025.1081148309,NA,NA,NA
3987,3990,REU.4.3_1,REU.4.3_1,0.0111447415503579,0.524400112232648,0.51325537068229,2025.09702654298,2025.10817128453,NA,NA,NA
3477,3478,REU.3.4_1,REU.3.4_1,0.0498368618677533,0.524402888630858,0.474566026763104,2025.05833719906,2025.10817406093,NA,NA,NA
5386,5400,REU.2.3_1,REU.2.3_1,0.0378229915453587,0.524432641209494,0.486609649664136,2025.07038082196,2025.10820381351,NA,NA,NA
4219,4222,REU.4.3_1,REU.4.3_1,0.0316919728074155,0.524463223488384,0.492771250680968,2025.07654242298,2025.10823439578,NA,NA,NA
4003,4004,REU.3.5_1,REU.3.5_1,0.00298363768282794,0.524466082270229,0.521482444587401,2025.10525361688,2025.10823725457,NA,NA,NA
3222,3231,REU.4.3_1,REU.4.3_1,0.045873065205491,0.524481732443731,0.47860866723824,2025.06237983953,2025.10825290474,NA,NA,NA
5705,5706,REU.4.3_1,REU.4.3_1,0.0226192165388563,0.524684190358355,0.502064973819498,2025.08583614612,2025.10845536265,NA,NA,NA
4465,4466,REU.4.3_1,REU.4.3_1,0.00896891471967542,0.524700910477612,0.515731995757936,2025.09950316805,2025.10847208277,NA,NA,NA
5613,5614,REU.4.5_1,REU.4.5_1,0.0191199515543358,0.524709402733061,0.505589451178726,2025.08936062348,2025.10848057503,NA,NA,NA
4162,4164,REU.4.3_1,REU.4.3_1,0.0656359557675729,0.524812257999096,0.459176302231524,2025.04294747453,2025.1085834303,NA,NA,NA
5940,5950,REU.3.1_1,REU.3.1_1,0.0312642158472177,0.524873593169472,0.493609377322254,2025.07738054962,2025.10864476547,NA,NA,NA
3734,3738,REU.3.4_1,REU.3.4_1,0.0503662075688767,0.525061028802163,0.474694821233286,2025.05846599353,2025.1088322011,NA,NA,NA
4268,4269,REU.4.3_1,REU.4.3_1,0.0361491538830968,0.525176121575219,0.489026967692123,2025.07279813999,2025.10894729387,NA,NA,NA
5336,5337,REU.4.4_1,REU.4.4_1,0.0023605550845176,0.525350372457639,0.522989817373122,2025.10676098967,2025.10912154475,NA,NA,NA
4769,4770,REU.3.5_1,REU.3.5_1,0.0313452983162392,0.525411200015777,0.494065901699538,2025.077837074,2025.10918237231,NA,NA,NA
3139,3141,REU.4.8_1,REU.4.8_1,0.0444891910212305,0.525415813614637,0.480926622593407,2025.06469779489,2025.10918698591,NA,NA,NA
5107,5114,REU.4.3_1,REU.4.3_1,0.100588021284216,0.525466650995478,0.424878629711262,2025.00864980201,2025.10923782329,NA,NA,NA
4087,4088,REU.3.5_1,REU.3.5_1,0.0126826015912475,0.525478703495232,0.512796101903985,2025.0965672742,2025.10924987579,NA,NA,NA
5722,5723,REU.3.4_1,REU.3.4_1,0.0335788784456825,0.525499193154026,0.491920314708344,2025.075691487,2025.10927036545,NA,NA,NA
3174,3176,REU.3.1_1,REU.3.1_1,0.0205204568801352,0.525615349418816,0.50509489253868,2025.08886606484,2025.10938652172,NA,NA,NA
3543,3547,REU.4.8_1,REU.4.8_1,0.026562622350172,0.525694862449268,0.499132240099096,2025.0829034124,2025.10946603475,NA,NA,NA
3993,4017,REU.4.8_1,REU.2.1_1,0.12823466334563,0.52577453621652,0.39753987287089,2024.98131104517,2025.10954570851,NA,NA,NA
4153,880,REU.4.3_1,REU.4.3_1,0.12823400122179,0.52581786879943,0.39758386757764,2024.98135503987,2025.1095890411,CHIKV_RUN_S16b90_2025,55.510858,-21.23651
6094,1910,REU.3.1_1,REU.3.1_1,0.0757206952671506,0.52581786879943,0.450097173532279,2025.03386834583,2025.1095890411,CHIKV_RUN_S15b54_2025,55.371189,-21.258903
5513,3017,REU.3.4_1,REU.4.6_1,0.06834441403007,0.52581786879943,0.45747345476936,2025.04124462707,2025.1095890411,CHIKV_RUN_S17b16_2025,55.437123,-21.260763
5891,2284,REU.4.3_1,REU.4.3_1,0.0618474364356334,0.52581786879943,0.463970432363796,2025.04774160466,2025.1095890411,CHIKV_RUN_S17b14_2025,55.534937,-21.312812
5241,679,REU.4.3_1,REU.4.3_1,0.059881616839502,0.52581786879943,0.465936251959928,2025.04970742426,2025.1095890411,CHIKV_RUN_S17b70_2025,55.522647,-21.282954
5620,2135,REU.4.5_1,REU.4.8_1,0.0508062496556178,0.52581786879943,0.475011619143812,2025.05878279144,2025.1095890411,CHIKV_RUN_S17b77_2025,55.475277,-21.328819
4525,493,REU.4.3_1,REU.2.3_1,0.0489874968240782,0.52581786879943,0.476830371975351,2025.06060154427,2025.1095890411,CHIKV_RUN_S10b47_2025,55.42069,-20.888008
5001,79,REU.4.8_1,REU.3.3_1,0.040924991714408,0.52581786879943,0.484892877085022,2025.06866404938,2025.1095890411,CHIKV_RUN_S15b57_2025,55.288043,-21.10829
3531,2214,REU.4.6_1,REU.4.6_1,0.0408017932958648,0.52581786879943,0.485016075503565,2025.0687872478,2025.1095890411,CHIKV_RUN_S17b27_2025,55.433789,-21.27205
5211,849,REU.4.8_1,REU.4.8_1,0.0331861016927196,0.52581786879943,0.49263176710671,2025.0764029394,2025.1095890411,CHIKV_RUN_S17b66_2025,55.481127,-21.345224
5838,2484,REU.3.1_1,REU.3.1_1,0.0320863746452749,0.52581786879943,0.493731494154155,2025.07750266645,2025.1095890411,CHIKV_RUN_S16b86_2025,55.364006,-21.258249
6139,3103,REU.3.1_1,REU.3.1_1,0.0273577020514862,0.52581786879943,0.498460166747943,2025.08223133904,2025.1095890411,CHIKV_RUN_S16b87_2025,55.357306,-21.260615
3143,2740,REU.4.5_1,REU.4.5_1,0.0247106895374527,0.52581786879943,0.501107179261977,2025.08487835156,2025.1095890411,CHIKV_RUN_S10b46_2025,55.607303,-21.320451
3126,2761,REU.4.6_1,REU.4.6_1,0.0246402693268765,0.52581786879943,0.501177599472553,2025.08494877177,2025.1095890411,CHIKV_RUN_S17b11_2025,55.451053,-21.266485
5233,663,REU.4.3_1,REU.4.3_1,0.0241687310098604,0.52581786879943,0.501649137789569,2025.08542031009,2025.1095890411,CHIKV_RUN_S15b58_2025,55.552986,-21.229051
5239,757,REU.4.3_1,REU.4.3_1,0.023086639613707,0.52581786879943,0.502731229185723,2025.08650240148,2025.1095890411,CHIKV_RUN_S17b10_2025,55.512086,-21.290132
5044,702,REU.4.3_1,REU.4.3_1,0.022942994613805,0.52581786879943,0.502874874185625,2025.08664604648,2025.1095890411,CHIKV_RUN_S18b28_2025,55.50356,-21.27167
4075,1445,REU.4.3_1,REU.4.3_1,0.0189966829179313,0.52581786879943,0.506821185881498,2025.09059235818,2025.1095890411,CHIKV_RUN_S18b40_2025,55.527121,-21.273073
4076,1446,REU.4.3_1,REU.4.3_1,0.0175156410743529,0.52581786879943,0.508302227725077,2025.09207340002,2025.1095890411,CHIKV_RUN_S10b44_2025,55.511462,-21.290096
4534,377,REU.4.3_1,REU.4.3_1,0.0164958833836928,0.52581786879943,0.509321985415737,2025.09309315771,2025.1095890411,CHIKV_RUN_S17b64_2025,55.52116,-21.28895
4311,1061,REU.4.3_1,REU.4.8_1,0.0106011712842784,0.52581786879943,0.515216697515151,2025.09898786981,2025.1095890411,CHIKV_RUN_S16b89_2025,55.495703,-21.302606
4574,405,REU.4.3_1,REU.4.3_1,0.00897446795631596,0.52581786879943,0.516843400843114,2025.10061457314,2025.1095890411,CHIKV_RUN_S10b42_2025,55.52283,-21.287008
5194,703,REU.4.3_1,REU.4.8_1,0.0069254136030007,0.52581786879943,0.518892455196429,2025.10266362749,2025.1095890411,CHIKV_RUN_S15b55_2025,55.472524,-21.29284
3836,1675,REU.4.3_1,REU.4.3_1,0.00682664799907062,0.52581786879943,0.518991220800359,2025.1027623931,2025.1095890411,CHIKV_RUN_S17b24_2025,55.527338,-21.255487
5424,986,REU.2.3_1,REU.2.3_1,0.00673685217770181,0.52581786879943,0.519081016621728,2025.10285218892,2025.1095890411,CHIKV_RUN_S10b40_2025,55.445288,-20.894055
6150,2219,REU.4.3_1,REU.4.6_1,0.00167784523469727,0.52581786879943,0.524140023564732,2025.10791119586,2025.1095890411,CHIKV_RUN_S16b95_2025,55.437372,-21.261606
5733,2377,REU.4.6_1,REU.4.6_1,0.00147421019320715,0.52581786879943,0.524343658606223,2025.1081148309,2025.1095890411,CHIKV_RUN_S15b62_2025,55.439999,-21.264258
4222,1602,REU.4.3_1,REU.4.3_1,0.00135464531104579,0.52581786879943,0.524463223488384,2025.10823439578,2025.1095890411,CHIKV_RUN_S10b43_2025,55.525029,-21.280821
3231,2782,REU.4.3_1,REU.4.3_1,0.00133613635569896,0.52581786879943,0.524481732443731,2025.10825290474,2025.1095890411,CHIKV_RUN_S16b81_2025,55.50439,-21.281993
3219,3220,REU.4.3_1,REU.4.3_1,0.00156030393500806,0.525891497736899,0.524331193801891,2025.1081023661,2025.10966267003,NA,NA,NA
3694,3698,REU.3.1_1,REU.3.1_1,0.0285688321064682,0.525899963621825,0.497331131515357,2025.08110230381,2025.10967113592,NA,NA,NA
4527,4528,REU.4.3_1,REU.4.8_1,0.0438825145105955,0.526025223701962,0.482142709191367,2025.06591388149,2025.109796396,NA,NA,NA
4836,4837,REU.2.3_1,REU.2.3_1,0.00244919025486667,0.526173399121397,0.52372420886653,2025.10749538116,2025.10994457142,NA,NA,NA
4259,4260,REU.4.8_1,REU.4.8_1,0.0187734323368007,0.526180696961209,0.507407264624408,2025.09117843692,2025.10995186926,NA,NA,NA
3314,3315,REU.2.5_1,REU.2.5_1,0.0827915559313961,0.526237944847449,0.443446388916053,2025.02721756121,2025.11000911714,NA,NA,NA
5565,5566,REU.4.5_1,REU.3.1_1,0.0309426854162338,0.526287897768972,0.495345212352738,2025.07911638465,2025.11005907007,NA,NA,NA
4934,4942,REU.4.3_1,REU.4.3_1,0.00672663315381805,0.526304629250294,0.519577996096476,2025.10334916839,2025.11007580155,NA,NA,NA
4619,4620,REU.4.3_1,REU.4.3_1,0.0245584284178954,0.526494657344307,0.501936228926411,2025.08570740122,2025.11026582964,NA,NA,NA
6154,6155,REU.3.1_1,REU.3.1_1,0.0403139381402583,0.526587531724819,0.486273593584561,2025.07004476588,2025.11035870402,NA,NA,NA
4640,4641,REU.4.3_1,REU.3.1_1,0.0517403322692025,0.52677816334884,0.475037831079637,2025.05880900338,2025.11054933565,NA,NA,NA
4870,4875,REU.4.3_1,REU.4.3_1,0.010233618033613,0.526816800782248,0.516583182748635,2025.10035435505,2025.11058797308,NA,NA,NA
4528,4529,REU.4.8_1,REU.4.8_1,0.000825213687790538,0.526850437389753,0.526025223701962,2025.109796396,2025.11062160969,NA,NA,NA
3698,3699,REU.3.1_1,REU.3.1_1,0.00120851796280941,0.527108481584635,0.525899963621825,2025.10967113592,2025.11087965388,NA,NA,NA
5053,5102,REU.4.3_1,REU.4.8_1,0.148607531388612,0.527168568647882,0.37856103725927,2024.96233220956,2025.11093974094,NA,NA,NA
4046,4047,REU.4.8_1,REU.4.8_1,0.00783692650947665,0.527210486433351,0.519373559923875,2025.10314473222,2025.11098165873,NA,NA,NA
4292,4293,REU.4.3_1,REU.4.3_1,0.0429402907228158,0.527329363172915,0.484389072450099,2025.06816024475,2025.11110053547,NA,NA,NA
5655,5657,REU.4.8_1,REU.4.8_1,0.0278520531624737,0.527365350601963,0.49951329743949,2025.08328446974,2025.1111365229,NA,NA,NA
6005,6016,REU.4.1_1,REU.4.1_1,0.0035244267769573,0.527402120165435,0.523877693388478,2025.10764886568,2025.11117329246,NA,NA,NA
4670,4674,REU.4.3_1,REU.4.3_1,0.0385577077420626,0.527419702175015,0.488861994432952,2025.07263316673,2025.11119087447,NA,NA,NA
5019,5020,REU.4.8_1,REU.4.8_1,0.024400559616489,0.527446271643008,0.503045712026519,2025.08681688432,2025.11121744394,NA,NA,NA
3909,3912,REU.4.3_1,REU.4.3_1,0.0198335162700057,0.527538676012881,0.507705159742876,2025.09147633204,2025.11130984831,NA,NA,NA
5090,5091,REU.4.8_1,REU.4.8_1,0.0216869598529673,0.527558286046889,0.505871326193921,2025.08964249849,2025.11132945834,NA,NA,NA
4260,4261,REU.4.8_1,REU.4.8_1,0.00138189531693156,0.52756259227814,0.526180696961209,2025.10995186926,2025.11133376457,NA,NA,NA
6069,6070,REU.3.1_1,REU.3.1_1,0.00929814070739221,0.527571693029891,0.518273552322499,2025.10204472462,2025.11134286533,NA,NA,NA
5337,5339,REU.4.4_1,REU.4.4_1,0.00226299555760712,0.527613368015246,0.525350372457639,2025.10912154475,2025.11138454031,NA,NA,NA
5114,5115,REU.4.3_1,REU.4.3_1,0.00232347448111847,0.527790125476596,0.525466650995478,2025.10923782329,2025.11156129777,NA,NA,NA
3220,3221,REU.4.3_1,REU.4.3_1,0.0019118423935256,0.527803340130425,0.525891497736899,2025.10966267003,2025.11157451243,NA,NA,NA
4581,4582,REU.2.3_1,REU.2.3_1,0.0975175943291681,0.527848801822876,0.430331207493708,2025.01410237979,2025.11161997412,NA,NA,NA
5981,5982,REU.3.1_1,REU.3.1_1,0.00381011214448324,0.527858761502184,0.5240486493577,2025.10781982165,2025.1116299338,NA,NA,NA
4973,4974,REU.4.3_1,REU.4.3_1,0.00497481826902235,0.527862980640991,0.522888162371968,2025.10665933467,2025.11163415294,NA,NA,NA
4272,4273,REU.4.3_1,REU.4.3_1,0.0200945012328229,0.527879295705515,0.507784794472692,2025.09155596677,2025.111650468,NA,NA,NA
3358,3359,REU.4.8_1,REU.4.8_1,0.0102765117450604,0.527949123334137,0.517672611589077,2025.10144378389,2025.11172029563,NA,NA,NA
4935,4936,REU.4.3_1,REU.4.3_1,0.00384175395889852,0.527986932876661,0.524145178917763,2025.10791635121,2025.11175810517,NA,NA,NA
5168,5169,REU.4.3_1,REU.4.3_1,0.0052991741576971,0.527996790888904,0.522697616731207,2025.10646878903,2025.11176796319,NA,NA,NA
3950,3951,REU.4.8_1,REU.4.8_1,0.0571934254644869,0.528022459790622,0.470829034326135,2025.05460020662,2025.11179363209,NA,NA,NA
5989,5990,REU.4.6_1,REU.4.6_1,0.00920272955410484,0.528275583631142,0.519072854077037,2025.10284402637,2025.11204675593,NA,NA,NA
3830,3831,REU.4.3_1,REU.4.4_1,0.0351118551052121,0.528293619393132,0.49318176428792,2025.07695293658,2025.11206479169,NA,NA,NA
4546,4547,REU.4.3_1,REU.4.3_1,0.0307405496571092,0.528303906328021,0.497563356670912,2025.08133452897,2025.11207507862,NA,NA,NA
5114,5117,REU.4.3_1,REU.4.3_1,0.0029111283573251,0.528377779352803,0.525466650995478,2025.10923782329,2025.11214895165,NA,NA,NA
6155,6156,REU.3.1_1,REU.3.1_1,0.00180506022508653,0.528392591949906,0.526587531724819,2025.11035870402,2025.11216376425,NA,NA,NA
5512,5514,REU.3.1_1,REU.4.8_1,0.0923578253456852,0.528466163426984,0.436108338081299,2025.01987951038,2025.11223733572,NA,NA,NA
4626,4628,REU.4.3_1,REU.4.3_1,0.0952864529703259,0.528486855851423,0.433200402881097,2025.01697157518,2025.11225802815,NA,NA,NA
4099,1088,REU.4.3_1,REU.4.3_1,0.0947222690901836,0.528557594826787,0.433835325736604,2025.01760649803,2025.11232876712,CHIKV_RUN_S15b63_2025,55.509417,-21.289059
5547,2108,REU.4.5_1,REU.4.5_1,0.0834531965325604,0.528557594826787,0.445104398294227,2025.02887557059,2025.11232876712,CHIKV_RUN_S18b27_2025,55.602468,-21.363129
5962,3032,REU.3.1_1,REU.4.3_1,0.0633392142287706,0.528557594826787,0.465218380598016,2025.04898955289,2025.11232876712,CHIKV_RUN_S18b31_2025,55.525863,-21.262906
5180,653,REU.4.8_1,REU.4.8_1,0.0586156910575206,0.528557594826787,0.469941903769266,2025.05371307607,2025.11232876712,CHIKV_RUN_S17b02_2025,55.473472,-21.281852
5771,2196,REU.4.3_1,REU.4.3_1,0.0540633037163747,0.528557594826787,0.474494291110412,2025.05826546341,2025.11232876712,CHIKV_RUN_S18b25_2025,55.520693,-21.281605
5732,2376,REU.4.6_1,REU.4.6_1,0.041700242029029,0.528557594826787,0.486857352797758,2025.07062852509,2025.11232876712,CHIKV_RUN_S16b94_2025,55.439932,-21.264201
4116,104,REU.4.8_1,REU.4.8_1,0.0408446141259594,0.528557594826787,0.487712980700828,2025.071484153,2025.11232876712,CHIKV_RUN_S17b67_2025,55.482991,-21.320514
3542,1791,REU.4.8_1,REU.3.5_1,0.0333802597659378,0.528557594826787,0.495177335060849,2025.07894850736,2025.11232876712,CHIKV_RUN_S10b53_2025,55.243917,-21.099544
4822,1732,REU.4.3_1,REU.4.3_1,0.0301120494895669,0.528557594826787,0.49844554533722,2025.08221671763,2025.11232876712,CHIKV_RUN_S18b29_2025,55.49999,-21.267453
5532,2055,REU.4.5_1,REU.4.5_1,0.0283734798578973,0.528557594826787,0.50018411496889,2025.08395528727,2025.11232876712,CHIKV_RUN_S10b61_2025,55.631218,-21.374233
4288,1611,REU.4.3_1,REU.4.5_1,0.0274881151263466,0.528557594826787,0.50106947970044,2025.084840652,2025.11232876712,CHIKV_RUN_S10b69_2025,55.6195,-21.36422
3956,1417,REU.4.3_1,REU.4.3_1,0.021135394679994,0.528557594826787,0.507422200146793,2025.09119337244,2025.11232876712,CHIKV_RUN_S18b22_2025,55.506018,-21.280928
5206,836,REU.4.3_1,REU.4.3_1,0.0177273002701281,0.528557594826787,0.510830294556659,2025.09460146685,2025.11232876712,CHIKV_RUN_S18b18_2025,55.522865,-21.253903
4585,391,REU.2.3_1,REU.2.3_1,0.00609503468069628,0.528557594826787,0.522462560146091,2025.10623373244,2025.11232876712,CHIKV_RUN_S10b55_2025,55.421516,-20.888239
4774,140,REU.3.5_1,REU.3.5_1,0.00481887976431716,0.528557594826787,0.52373871506247,2025.10750988736,2025.11232876712,CHIKV_RUN_S10b56_2025,55.264558,-21.078907
4449,4453,REU.4.3_1,REU.4.3_1,0.00589653008303204,0.528650722235749,0.522754192152717,2025.10652536445,2025.11242189453,NA,NA,NA
5077,5078,REU.4.3_1,REU.4.3_1,0.0197880761060844,0.528727423471191,0.508939347365106,2025.09271051966,2025.11249859577,NA,NA,NA
5752,5761,REU.3.4_1,REU.3.4_1,0.0387692381216729,0.528740157985683,0.489970919864011,2025.07374209216,2025.11251133028,NA,NA,NA
5246,5256,REU.4.3_1,REU.4.3_1,0.0908540425491791,0.528750602333531,0.437896559784352,2025.02166773208,2025.11252177463,NA,NA,NA
4261,4262,REU.4.8_1,REU.4.8_1,0.00122134581181221,0.528783938089953,0.52756259227814,2025.11133376457,2025.11255511039,NA,NA,NA
3750,3763,REU.4.7_1,REU.4.7_1,0.0540491914657777,0.528793181639169,0.474743990173391,2025.05851516247,2025.11256435394,NA,NA,NA
5821,5822,REU.4.8_1,REU.4.6_1,0.0306337848073991,0.52884526164942,0.498211476842021,2025.08198264914,2025.11261643395,NA,NA,NA
4976,4977,REU.4.3_1,REU.4.5_1,0.108462333060218,0.528949216245047,0.420486883184829,2025.00425805548,2025.11272038854,NA,NA,NA
5206,5207,REU.4.3_1,REU.4.3_1,0.0181486147065015,0.52897890926316,0.510830294556659,2025.09460146685,2025.11275008156,NA,NA,NA
4102,4103,REU.4.3_1,REU.4.3_1,0.0284604692460924,0.529082416819671,0.500621947573579,2025.08439311987,2025.11285358912,NA,NA,NA
5816,5817,REU.3.1_1,REU.4.8_1,0.0542904252889048,0.529139841622109,0.474849416333204,2025.05862058863,2025.11291101392,NA,NA,NA
3719,3721,REU.3.4_1,REU.3.4_1,0.086635209277562,0.529252590958459,0.442617381680897,2025.02638855398,2025.11302376325,NA,NA,NA
5433,5434,REU.2.3_1,REU.2.3_1,0.0329962139466108,0.529257799248035,0.496261585301424,2025.0800327576,2025.11302897154,NA,NA,NA
3968,3971,REU.2.3_1,REU.2.3_1,0.0178977131288404,0.52939906640186,0.511501353273019,2025.09527252557,2025.1131702387,NA,NA,NA
5910,5918,REU.4.3_1,REU.4.3_1,0.0567187931073491,0.529459794587155,0.472741001479806,2025.05651217378,2025.11323096688,NA,NA,NA
5533,5534,REU.4.5_1,REU.4.5_1,0.0200265764943739,0.529513820551552,0.509487244057178,2025.09325841635,2025.11328499285,NA,NA,NA
3854,3860,REU.4.3_1,REU.4.3_1,0.0210359294523113,0.529548768138808,0.508512838686497,2025.09228401098,2025.11331994044,NA,NA,NA
6036,6041,REU.3.1_1,REU.3.5_1,0.0635026682593371,0.529625601527937,0.4661229332686,2025.04989410557,2025.11339677382,NA,NA,NA
5317,5318,REU.4.4_1,REU.4.4_1,0.0129918316776803,0.529674544441376,0.516682712763696,2025.10045388506,2025.11344571674,NA,NA,NA
4854,4855,REU.4.3_1,REU.3.5_1,0.0663268528930748,0.529732464196652,0.463405611303577,2025.0471767836,2025.11350363649,NA,NA,NA
5967,5972,REU.4.3_1,REU.4.3_1,0.0576949666713061,0.52976351634815,0.472068549676844,2025.05583972197,2025.11353468864,NA,NA,NA
4004,4005,REU.3.5_1,REU.3.5_1,0.00544535778114064,0.52991144005137,0.524466082270229,2025.10823725457,2025.11368261235,NA,NA,NA
5811,5812,REU.3.1_1,REU.3.1_1,0.029693983829069,0.529922930850381,0.500228947021312,2025.08400011932,2025.11369410315,NA,NA,NA
4217,4218,REU.4.3_1,REU.4.3_1,0.0575156696814217,0.529965095866369,0.472449426184947,2025.05622059848,2025.11373626816,NA,NA,NA
5645,5646,REU.4.3_1,REU.4.3_1,0.0141679684402438,0.530106653057771,0.515938684617527,2025.09970985691,2025.11387782535,NA,NA,NA
3383,3384,REU.4.8_1,REU.4.8_1,0.105182871733054,0.530163386596566,0.424980514863512,2025.00875168716,2025.11393455889,NA,NA,NA
4236,4242,REU.4.3_1,REU.4.3_1,0.0157486634927986,0.530296892421872,0.514548228929073,2025.09831940123,2025.11406806472,NA,NA,NA
6211,6212,REU.2.3_1,REU.2.3_1,0.0236118298447935,0.530341960003913,0.50673013015912,2025.09050130246,2025.1141131323,NA,NA,NA
5284,5286,REU.4.4_1,REU.4.3_1,0.0145584084906758,0.530371435770467,0.515813027279791,2025.09958419958,2025.11414260807,NA,NA,NA
4768,4796,REU.4.8_1,REU.4.3_1,0.0379752461105188,0.5303954637149,0.492420217604381,2025.0761913899,2025.11416663601,NA,NA,NA
4295,4296,REU.4.3_1,REU.4.3_1,0.0301274615892874,0.530437712468226,0.500310250878938,2025.08408142318,2025.11420888476,NA,NA,NA
3625,3626,REU.2.3_1,REU.2.3_1,0.0416100878773327,0.530460355736151,0.488850267858818,2025.07262144016,2025.11423152803,NA,NA,NA
4695,4697,REU.4.3_1,REU.4.3_1,0.00883563920230668,0.530508198898803,0.521672559696496,2025.10544373199,2025.1142793712,NA,NA,NA
4037,4038,REU.4.8_1,REU.4.8_1,0.0297781017311967,0.53052997492355,0.500751873192353,2025.08452304549,2025.11430114722,NA,NA,NA
4706,4708,REU.2.3_1,REU.2.3_1,0.0337091356813028,0.530576940678608,0.496867804997305,2025.08063897729,2025.11434811297,NA,NA,NA
5883,5884,REU.4.3_1,REU.4.3_1,0.0301301000162065,0.530595586697572,0.500465486681365,2025.08423665898,2025.11436675899,NA,NA,NA
4986,4987,REU.4.3_1,REU.4.3_1,0.0668612854003401,0.530619691584115,0.463758406183775,2025.04752957848,2025.11439086388,NA,NA,NA
3170,3171,REU.3.1_1,REU.3.1_1,0.0133369303582039,0.530636823185322,0.517299892827118,2025.10107106512,2025.11440799548,NA,NA,NA
3448,3449,REU.3.4_1,REU.3.4_1,0.130786077600341,0.530713420478222,0.399927342877881,2024.98369851517,2025.11448459277,NA,NA,NA
6212,6213,REU.2.3_1,REU.2.3_1,0.000462345492223459,0.530804305496137,0.530341960003913,2025.1141131323,2025.11457547779,NA,NA,NA
5151,5152,REU.4.3_1,REU.4.3_1,0.0414474688922531,0.530805102598275,0.489357633706022,2025.073128806,2025.11457627489,NA,NA,NA
5109,5111,REU.4.3_1,REU.4.3_1,0.0470670192985121,0.530938670766168,0.483871651467656,2025.06764282376,2025.11470984306,NA,NA,NA
3995,4006,REU.3.5_1,REU.3.5_1,0.10641851540291,0.530970408481648,0.424551893078738,2025.00832306538,2025.11474158078,NA,NA,NA
5675,5676,REU.4.5_1,REU.4.7_1,0.00684982851058957,0.531027284048909,0.524177455538319,2025.10794862783,2025.11479845635,NA,NA,NA
3525,3526,REU.4.8_1,REU.4.8_1,0.014134885667342,0.531056679363854,0.516921793696512,2025.10069296599,2025.11482785166,NA,NA,NA
3654,3655,REU.2.3_1,REU.2.3_1,0.0232873663168387,0.531073240766053,0.507785874449214,2025.09155704675,2025.11484441306,NA,NA,NA
3868,3869,REU.4.3_1,REU.4.3_1,0.0300864755458399,0.531128914051928,0.501042438506088,2025.0848136108,2025.11490008635,NA,NA,NA
3498,3499,REU.4.6_1,REU.4.6_1,0.0353399651177828,0.531168778906858,0.495828813789076,2025.07959998609,2025.1149399512,NA,NA,NA
4011,4015,REU.4.8_1,REU.3.5_1,0.054680343434467,0.531211656817521,0.476531313383054,2025.06030248568,2025.11498282911,NA,NA,NA
6213,6214,REU.2.3_1,REU.2.3_1,0.00045013879895861,0.531254444295095,0.530804305496137,2025.11457547779,2025.11502561659,NA,NA,NA
4154,886,REU.4.3_1,REU.4.3_1,0.120420084279777,0.531297320854144,0.410877236574367,2024.99464840887,2025.11506849315,CHIKV_RUN_S17b20_2025,55.509373,-21.238331
4639,1570,REU.4.3_1,REU.4.3_1,0.0993070538319373,0.531297320854144,0.431990267022207,2025.01576143932,2025.11506849315,CHIKV_RUN_S10b60_2025,55.510793,-21.284123
3703,2653,REU.3.1_1,REU.3.1_1,0.0965914874304138,0.531297320854144,0.434705833423731,2025.01847700572,2025.11506849315,CHIKV_RUN_S17b09_2025,55.362398,-21.254601
5490,2554,REU.4.3_1,REU.4.3_1,0.0666716727927463,0.531297320854144,0.464625648061398,2025.04839682036,2025.11506849315,CHIKV_RUN_S18b09_2025,55.513589,-21.27456
5809,3102,REU.3.1_1,REU.4.6_1,0.05004524847698,0.531297320854144,0.481252072377164,2025.06502324467,2025.11506849315,CHIKV_RUN_S10b59_2025,55.437551,-21.261414
5444,1578,REU.4.3_1,REU.4.3_1,0.0459151175843645,0.531297320854144,0.48538220326978,2025.06915337557,2025.11506849315,CHIKV_RUN_S18b10_2025,55.524274,-21.282466
5673,2355,REU.4.5_1,REU.4.7_1,0.0380772009770372,0.531297320854144,0.493220119877107,2025.07699129217,2025.11506849315,CHIKV_RUN_S17b04_2025,55.765257,-21.36123
5864,2156,REU.4.6_1,REU.4.6_1,0.0374550688462829,0.531297320854144,0.493842252007862,2025.0776134243,2025.11506849315,CHIKV_RUN_S16b92_2025,55.448834,-21.274102
5912,2261,REU.4.3_1,REU.4.6_1,0.0283238853796894,0.531297320854144,0.502973435474455,2025.08674460777,2025.11506849315,CHIKV_RUN_S17b07_2025,55.427562,-21.265081
5833,1856,REU.4.8_1,REU.4.1_1,0.027402807403766,0.531297320854144,0.503894513450379,2025.08766568575,2025.11506849315,CHIKV_RUN_S17b05_2025,55.468576,-21.139971
6189,58,REU.3.1_1,REU.3.1_1,0.0208720237800956,0.531297320854144,0.510425297074049,2025.09419646937,2025.11506849315,CHIKV_RUN_S15b50_2025,55.335277,-21.266739
3472,2970,REU.3.4_1,REU.3.4_1,0.0186841143656007,0.531297320854144,0.512613206488544,2025.09638437878,2025.11506849315,CHIKV_RUN_S17b76_2025,55.305385,-21.165123
3133,2756,REU.4.8_1,REU.3.3_1,0.014851123268376,0.531297320854144,0.516446197585768,2025.10021736988,2025.11506849315,CHIKV_RUN_S15b61_2025,55.30341,-21.115527
5997,2221,REU.3.4_1,REU.3.4_1,0.0145581706937765,0.531297320854144,0.516739150160368,2025.10051032246,2025.11506849315,CHIKV_RUN_S10b57_2025,55.309708,-21.169576
3236,2021,REU.3.1_1,REU.3.2_1,0.00886823356772193,0.531297320854144,0.522429087286423,2025.10620025958,2025.11506849315,CHIKV_RUN_S18b11_2025,55.322143,-21.250985
4576,406,REU.4.3_1,REU.4.3_1,0.00771283302187065,0.531297320854144,0.523584487832274,2025.10735566013,2025.11506849315,CHIKV_RUN_S18b23_2025,55.528288,-21.285944
5950,2601,REU.3.1_1,REU.3.1_1,0.00642372768467236,0.531297320854144,0.524873593169472,2025.10864476547,2025.11506849315,CHIKV_RUN_S17b25_2025,55.364827,-21.260966
3176,2807,REU.3.1_1,REU.3.2_1,0.00568197143532889,0.531297320854144,0.525615349418816,2025.10938652172,2025.11506849315,CHIKV_RUN_S17b06_2025,55.335342,-21.245019
6041,3100,REU.3.5_1,REU.3.5_1,0.00167171932620769,0.531297320854144,0.529625601527937,2025.11339677382,2025.11506849315,CHIKV_RUN_S10b58_2025,55.262402,-21.059818
3171,2806,REU.3.1_1,REU.3.1_1,0.000660497668822702,0.531297320854144,0.530636823185322,2025.11440799548,2025.11506849315,CHIKV_RUN_S10b54_2025,55.334621,-21.265962
5928,5929,REU.2.3_1,REU.2.3_1,0.0508832556329661,0.531338648334527,0.480455392701561,2025.064226565,2025.11510982063,NA,NA,NA
3835,3838,REU.4.3_1,REU.4.3_1,0.0343826906907341,0.531360584406131,0.496977893715397,2025.08074906601,2025.1151317567,NA,NA,NA
3770,3771,REU.4.5_1,REU.4.5_1,0.0426027734662483,0.531363362171163,0.488760588704915,2025.072531761,2025.11513453447,NA,NA,NA
5998,6001,REU.3.4_1,REU.3.4_1,0.0112630956173937,0.53137254189136,0.520109446273967,2025.10388061857,2025.11514371419,NA,NA,NA
3460,3461,REU.3.4_1,REU.3.4_1,0.0154957558032612,0.531373141932692,0.51587738612943,2025.09964855843,2025.11514431423,NA,NA,NA
6107,6108,REU.3.1_1,REU.3.1_1,0.0490124262044594,0.531407371502908,0.482394945298448,2025.0661661176,2025.1151785438,NA,NA,NA
4083,4084,REU.3.5_1,REU.3.5_1,0.0218344572402307,0.531601186614798,0.509766729374567,2025.09353790167,2025.11537235891,NA,NA,NA
4247,4250,REU.4.3_1,REU.4.3_1,0.100234949565099,0.531605979390505,0.431371029825406,2025.01514220212,2025.11537715169,NA,NA,NA
4720,4726,REU.4.8_1,REU.4.8_1,0.0150805548611164,0.531606736875006,0.51652618201389,2025.10029735431,2025.11537790917,NA,NA,NA
3676,3677,REU.2.3_1,REU.2.3_1,0.0164964315526195,0.531710489177766,0.515214057625147,2025.09898522992,2025.11548166147,NA,NA,NA
4609,4610,REU.2.3_1,REU.2.3_1,0.0417726140274536,0.531786059572641,0.490013445545187,2025.07378461784,2025.11555723187,NA,NA,NA
5067,5071,REU.4.3_1,REU.2.3_1,0.0724771301954439,0.531849501963302,0.459372371767859,2025.04314354406,2025.11562067426,NA,NA,NA
3489,3490,REU.3.4_1,REU.3.4_1,0.0902792608214944,0.531898310005109,0.441619049183614,2025.02539022148,2025.1156694823,NA,NA,NA
5850,5853,REU.3.1_1,REU.3.5_1,0.0158423995931907,0.531927921836467,0.516085522243277,2025.09985669454,2025.11569909413,NA,NA,NA
5183,5185,REU.4.6_1,REU.4.6_1,0.0181079924673389,0.532036719519704,0.513928727052365,2025.09769989935,2025.11580789182,NA,NA,NA
4963,4964,REU.4.8_1,REU.2.2_1,0.0609852998560015,0.532058604144576,0.471073304288574,2025.05484447659,2025.11582977644,NA,NA,NA
4442,4444,REU.4.3_1,REU.4.3_1,0.0395324155495827,0.53214953010195,0.492617114552367,2025.07638828685,2025.1159207024,NA,NA,NA
3626,3627,REU.2.3_1,REU.2.3_1,0.00169127254884494,0.532151628284996,0.530460355736151,2025.11423152803,2025.11592280058,NA,NA,NA
5353,5354,REU.4.8_1,REU.4.8_1,0.0241921027289062,0.532162873110283,0.507970770381377,2025.09174194268,2025.11593404541,NA,NA,NA
4908,4909,REU.4.3_1,REU.4.3_1,0.050796284037548,0.532165177746197,0.481368893708649,2025.065140066,2025.11593635004,NA,NA,NA
3799,3800,REU.4.5_1,REU.4.5_1,0.0193100653595957,0.532245197221879,0.512935131862284,2025.09670630416,2025.11601636952,NA,NA,NA
5773,5774,REU.4.3_1,REU.4.3_1,0.0165198959450505,0.532360048177529,0.515840152232478,2025.09961132453,2025.11613122047,NA,NA,NA
4584,4586,REU.2.3_1,REU.4.8_1,0.0352232914343465,0.532382926476996,0.497159635042649,2025.08093080734,2025.11615409877,NA,NA,NA
5899,5901,REU.4.8_1,REU.4.8_1,0.0501500688610007,0.532388102364862,0.482238033503862,2025.0660092058,2025.11615927466,NA,NA,NA
3510,3511,REU.3.4_1,REU.3.4_1,0.0514871626012763,0.532578078747024,0.481090916145748,2025.06486208844,2025.11634925104,NA,NA,NA
4748,4754,REU.4.8_1,REU.4.8_1,0.0316404070895729,0.532617324283089,0.500976917193516,2025.08474808949,2025.11638849658,NA,NA,NA
5225,5226,REU.4.3_1,REU.4.3_1,0.0315710443154187,0.532648417077484,0.501077372762066,2025.08484854506,2025.11641958937,NA,NA,NA
3286,3288,REU.4.3_1,REU.4.3_1,0.0106597031068741,0.532658582818273,0.521998879711399,2025.10577005201,2025.11642975511,NA,NA,NA
5124,5127,REU.4.3_1,REU.4.3_1,0.0558713147603608,0.532760364287989,0.476889049527628,2025.06066022182,2025.11653153658,NA,NA,NA
3627,3628,REU.2.3_1,REU.2.3_1,0.000620771842129053,0.532772400127125,0.532151628284996,2025.11592280058,2025.11654357242,NA,NA,NA
4773,4789,REU.3.5_1,REU.3.5_1,0.0213259775634217,0.532836981938593,0.511511004375171,2025.09528217667,2025.11660815424,NA,NA,NA
4754,4761,REU.4.8_1,REU.4.8_1,0.000243976915073496,0.532861301198162,0.532617324283089,2025.11638849658,2025.11663247349,NA,NA,NA
6140,6143,REU.3.1_1,REU.3.1_1,0.00969602640022127,0.532869623073316,0.523173596673095,2025.10694476897,2025.11664079537,NA,NA,NA
4920,4922,REU.4.3_1,REU.4.3_1,0.0631467535455018,0.532872200394001,0.469725446848499,2025.05349661914,2025.11664337269,NA,NA,NA
3555,3556,REU.3.4_1,REU.3.4_1,0.0204586592832293,0.533032356224707,0.512573696941478,2025.09634486924,2025.11680352852,NA,NA,NA
6005,6006,REU.4.1_1,REU.4.1_1,0.00922711741506666,0.533104810803545,0.523877693388478,2025.10764886568,2025.1168759831,NA,NA,NA
3872,3873,REU.2.3_1,REU.2.3_1,0.019984583293255,0.533222708791903,0.513238125498648,2025.0970092978,2025.11699388109,NA,NA,NA
4902,4903,REU.4.3_1,REU.4.8_1,0.0551268391193684,0.533232195858799,0.478105356739431,2025.06187652904,2025.11700336816,NA,NA,NA
5298,5299,REU.4.4_1,REU.4.4_1,0.0223930976004647,0.533305402714706,0.510912305114241,2025.09468347741,2025.11707657501,NA,NA,NA
4265,4266,REU.4.3_1,REU.4.3_1,0.0215970160756069,0.533328439558563,0.511731423482956,2025.09550259578,2025.11709961186,NA,NA,NA
5963,5965,REU.3.4_1,REU.3.4_1,0.0206876061420728,0.533405588139346,0.512717981997273,2025.09648915429,2025.11717676044,NA,NA,NA
4884,4885,REU.4.8_1,REU.4.8_1,0.0261294728682853,0.533422126014316,0.507292653146031,2025.09106382544,2025.11719329831,NA,NA,NA
4687,4688,REU.4.8_1,REU.4.8_1,0.0722068763676658,0.533459974323009,0.461253097955343,2025.04502427025,2025.11723114662,NA,NA,NA
3223,3226,REU.4.3_1,REU.4.3_1,0.0271103363789933,0.53355000404094,0.506439667661947,2025.09021083996,2025.11732117634,NA,NA,NA
4076,4077,REU.4.3_1,REU.4.3_1,0.0252833749218544,0.533585602646931,0.508302227725077,2025.09207340002,2025.11735677494,NA,NA,NA
5684,5685,REU.4.8_1,REU.4.8_1,0.012790380502629,0.533631384743842,0.520841004241213,2025.10461217654,2025.11740255704,NA,NA,NA
4957,4959,REU.4.8_1,REU.4.8_1,0.0267996730338401,0.533817252314967,0.507017579281127,2025.09078875158,2025.11758842461,NA,NA,NA
3461,3462,REU.3.4_1,REU.3.4_1,0.00248545828704838,0.53385860021974,0.531373141932692,2025.11514431423,2025.11762977252,NA,NA,NA
6006,6007,REU.4.1_1,REU.4.1_1,0.000914050567669244,0.534018861371214,0.533104810803545,2025.1168759831,2025.11779003367,NA,NA,NA
3493,2944,REU.3.4_1,REU.3.4_1,0.0843573199500899,0.534037046881729,0.449679726931639,2025.03345089923,2025.11780821918,CHIKV_RUN_S17b73_2025,55.30892,-21.184486
4385,452,REU.4.3_1,REU.4.5_1,0.047278402138501,0.534037046881729,0.486758644743228,2025.07052981704,2025.11780821918,CHIKV_RUN_S10b08_2025,55.653767,-21.378893
4231,1491,REU.4.3_1,REU.2.3_1,0.0434497305935049,0.534037046881729,0.490587316288224,2025.07435848858,2025.11780821918,CHIKV_RUN_S10b93_2025,55.452125,-20.890654
3868,346,REU.4.3_1,REU.2.2_1,0.0329946083756414,0.534037046881729,0.501042438506088,2025.0848136108,2025.11780821918,CHIKV_RUN_S17b65_2025,55.316384,-20.955475
5676,2357,REU.4.7_1,REU.4.7_1,0.00300976283282028,0.534037046881729,0.531027284048909,2025.11479845635,2025.11780821918,CHIKV_RUN_S17b74_2025,55.76408,-21.362277
5853,3054,REU.3.5_1,REU.3.5_1,0.00210912504526206,0.534037046881729,0.531927921836467,2025.11569909413,2025.11780821918,CHIKV_RUN_S17b68_2025,55.325677,-20.997915
4610,4611,REU.2.3_1,REU.2.3_1,0.00226928038533103,0.534055339957972,0.531786059572641,2025.11555723187,2025.11782651225,NA,NA,NA
4155,4156,REU.4.3_1,REU.4.3_1,0.0214182681859711,0.534104614401935,0.512686346215964,2025.09645751851,2025.1178757867,NA,NA,NA
4210,4211,REU.4.3_1,REU.4.3_1,0.0436878693836843,0.534143306997426,0.490455437613742,2025.07422660991,2025.11791447929,NA,NA,NA
4806,4807,REU.4.3_1,REU.4.3_1,0.0944306119524394,0.534216126187374,0.439785514234935,2025.02355668653,2025.11798729848,NA,NA,NA
4535,4538,REU.4.3_1,REU.4.3_1,0.0218915932222702,0.534226753709251,0.512335160486981,2025.09610633278,2025.11799792601,NA,NA,NA
4164,4165,REU.4.3_1,REU.4.3_1,0.00945586148459299,0.534268119483689,0.524812257999096,2025.1085834303,2025.11803929178,NA,NA,NA
4193,4194,REU.4.3_1,REU.4.3_1,0.0570272459773389,0.534369603021878,0.477342357044539,2025.06111352934,2025.11814077532,NA,NA,NA
3434,3435,REU.3.1_1,REU.4.8_1,0.0535024666111418,0.534411876427031,0.48090940981589,2025.06468058211,2025.11818304872,NA,NA,NA
4653,4654,REU.4.3_1,REU.4.3_1,0.07870371454,0.534462813074829,0.455759098534829,2025.03953027083,2025.11823398537,NA,NA,NA
5918,5919,REU.4.3_1,REU.4.3_1,0.00509334971694964,0.534553144304105,0.529459794587155,2025.11323096688,2025.1183243166,NA,NA,NA
3280,3281,REU.3.1_1,REU.3.1_1,0.044838513614234,0.534556452232329,0.489717938618095,2025.07348911091,2025.11832762453,NA,NA,NA
5412,5414,REU.2.3_1,REU.2.3_1,0.0165089590475542,0.534663727593297,0.518154768545743,2025.10192594084,2025.11843489989,NA,NA,NA
4472,4473,REU.2.3_1,REU.4.8_1,0.0250207395608006,0.534720132399186,0.509699392838386,2025.09347056513,2025.1184913047,NA,NA,NA
4175,4176,REU.2.3_1,REU.2.3_1,0.0247275751010443,0.534759277384807,0.510031702283762,2025.09380287458,2025.11853044968,NA,NA,NA
3615,3616,REU.2.3_1,REU.2.3_1,0.028502013537712,0.534759641723353,0.506257628185641,2025.09002880048,2025.11853081402,NA,NA,NA
3699,3701,REU.3.1_1,REU.3.1_1,0.0077386170920869,0.534847098676722,0.527108481584635,2025.11087965388,2025.11861827097,NA,NA,NA
4654,4655,REU.4.3_1,REU.4.3_1,0.000445657061941995,0.534908470136771,0.534462813074829,2025.11823398537,2025.11867964243,NA,NA,NA
4748,4749,REU.4.8_1,REU.4.8_1,0.0340264716259496,0.535003388819465,0.500976917193516,2025.08474808949,2025.11877456112,NA,NA,NA
5469,5473,REU.2.3_1,REU.2.3_1,0.0639746936477404,0.535011063302073,0.471036369654333,2025.05480754195,2025.1187822356,NA,NA,NA
3901,3903,REU.4.3_1,REU.4.3_1,0.0277306262489323,0.535025786529568,0.507295160280636,2025.09106633258,2025.11879695883,NA,NA,NA
3277,3278,REU.3.1_1,REU.3.1_1,0.0385845711017957,0.535294400816059,0.496709829714263,2025.08048100201,2025.11906557311,NA,NA,NA
4835,4844,REU.2.3_1,REU.2.4_1,0.0448117885785717,0.53533698990783,0.490525201329259,2025.07429637363,2025.1191081622,NA,NA,NA
3607,3610,REU.2.3_1,REU.2.3_1,0.0377684246850349,0.535396750011017,0.497628325325982,2025.08139949762,2025.11916792231,NA,NA,NA
5901,5902,REU.4.8_1,REU.4.8_1,0.00302059215029404,0.535408694515156,0.532388102364862,2025.11615927466,2025.11917986681,NA,NA,NA
3915,3916,REU.4.3_1,REU.4.3_1,0.0189960774037216,0.535409727458902,0.51641365005518,2025.10018482235,2025.11918089976,NA,NA,NA
3695,3697,REU.3.1_1,REU.3.1_1,0.0186979807808609,0.535471101090886,0.516773120310025,2025.10054429261,2025.11924227339,NA,NA,NA
5922,5923,REU.4.3_1,REU.4.3_1,0.06884751734147,0.535637923361681,0.466790406020211,2025.05056157832,2025.11940909566,NA,NA,NA
6132,6133,REU.3.1_1,REU.4.6_1,0.0666538978090596,0.535638046498191,0.468984148689131,2025.05275532099,2025.11940921879,NA,NA,NA
4453,4456,REU.4.3_1,REU.4.3_1,0.00707162568830833,0.535722347924057,0.528650722235749,2025.11242189453,2025.11949352022,NA,NA,NA
4682,4683,REU.4.8_1,REU.4.8_1,0.0955635083529488,0.535741592141456,0.440178083788508,2025.02394925608,2025.11951276444,NA,NA,NA
3417,3419,REU.4.8_1,REU.4.8_1,0.0160897686108554,0.535775797890217,0.519686029279362,2025.10345720158,2025.11954697019,NA,NA,NA
3162,3181,REU.3.1_1,REU.4.8_1,0.112526478781482,0.535852986270861,0.423326507489378,2025.00709767979,2025.11962415857,NA,NA,NA
5631,5632,REU.4.6_1,REU.4.6_1,0.0124021733199288,0.53595441248897,0.523552239169041,2025.10732341147,2025.11972558479,NA,NA,NA
3763,3764,REU.4.7_1,REU.4.7_1,0.0071979061813392,0.535991087820508,0.528793181639169,2025.11256435394,2025.11976226012,NA,NA,NA
5736,5748,REU.3.1_1,REU.3.1_1,0.0762789773153607,0.536003012443689,0.459724035128328,2025.04349520742,2025.11977418474,NA,NA,NA
4374,4379,REU.4.3_1,REU.4.8_1,0.115682730358774,0.536010919246643,0.420328188887869,2025.00409936118,2025.11978209154,NA,NA,NA
5275,5276,REU.4.4_1,REU.4.4_1,0.145322782454811,0.53610593575076,0.390783153295949,2024.97455432559,2025.11987710805,NA,NA,NA
6185,6186,REU.3.1_1,REU.3.1_1,0.109085027616427,0.536199381310564,0.427114353694136,2025.01088552599,2025.11997055361,NA,NA,NA
5144,5145,REU.4.3_1,REU.4.3_1,0.0381370850610556,0.536233347580073,0.498096262519017,2025.08186743482,2025.12000451988,NA,NA,NA
5091,5092,REU.4.8_1,REU.4.8_1,0.00886289314497501,0.536421179191864,0.527558286046889,2025.11132945834,2025.12019235149,NA,NA,NA
3292,3294,REU.3.4_1,REU.3.4_1,0.0779168035438317,0.536542408277677,0.458625604733846,2025.04239677703,2025.12031358057,NA,NA,NA
6134,6135,REU.3.1_1,REU.3.1_1,0.0422190468193623,0.536606614203135,0.494387567383773,2025.07815873968,2025.1203777865,NA,NA,NA
5549,5554,REU.4.5_1,REU.4.5_1,0.0173527548650138,0.536674896359243,0.51932214149423,2025.10309331379,2025.12044606866,NA,NA,NA
3561,3566,REU.3.4_1,REU.4.6_1,0.0552945022167339,0.536680293487261,0.481385791270527,2025.06515696357,2025.12045146578,NA,NA,NA
5446,5447,REU.4.3_1,REU.2.3_1,0.111723125390759,0.536708454655967,0.424985329265208,2025.00875650156,2025.12047962695,NA,NA,NA
3281,3282,REU.3.1_1,REU.3.1_1,0.00216358707885445,0.536720039311183,0.534556452232329,2025.11832762453,2025.12049121161,NA,NA,NA
5163,5164,REU.4.3_1,REU.4.8_1,0.0328816211469625,0.53677131260317,0.503889691456207,2025.08766086375,2025.1205424849,NA,NA,NA
4999,71,REU.4.8_1,REU.3.3_1,0.0425864509179161,0.536776772909087,0.49419032199117,2025.07796149429,2025.12054794521,CHIKV_RUN_S10b87_2025,55.289283,-21.108928
3880,341,REU.2.3_1,REU.2.5_1,0.0231638926299287,0.536776772909087,0.513612880279158,2025.09738405258,2025.12054794521,CHIKV_RUN_S10b77_2025,55.642871,-20.932313
4694,1751,REU.4.3_1,REU.4.3_1,0.022108160055489,0.536776772909087,0.514668612853598,2025.09843978515,2025.12054794521,CHIKV_RUN_S10b85_2025,55.524773,-21.270816
5792,2365,REU.3.4_1,REU.3.4_1,0.0152200666771282,0.536776772909087,0.521556706231958,2025.10532787853,2025.12054794521,CHIKV_RUN_S10b86_2025,55.312033,-21.134693
4821,1063,REU.4.3_1,REU.4.3_1,0.0143734432540374,0.536776772909087,0.522403329655049,2025.10617450195,2025.12054794521,CHIKV_RUN_S10b81_2025,55.527006,-21.238497
5990,1881,REU.4.6_1,REU.4.6_1,0.00850118927794441,0.536776772909087,0.528275583631142,2025.11204675593,2025.12054794521,CHIKV_RUN_S10b76_2025,55.438002,-21.263799
4861,4862,REU.4.3_1,REU.3.5_1,0.0527467333094831,0.536851717597443,0.48410498428796,2025.06787615658,2025.12062288989,NA,NA,NA
5286,5287,REU.4.3_1,REU.4.8_1,0.00651585021882872,0.536887285989295,0.530371435770467,2025.11414260807,2025.12065845829,NA,NA,NA
4936,4938,REU.4.3_1,REU.4.3_1,0.00898135408467193,0.536968286961333,0.527986932876661,2025.11175810517,2025.12073945926,NA,NA,NA
5035,5036,REU.4.3_1,REU.4.3_1,0.0607151621155245,0.537090543799441,0.476375381683916,2025.06014655398,2025.1208617161,NA,NA,NA
3662,3664,REU.2.4_1,REU.2.4_1,0.055949812923856,0.537149010849665,0.481199197925809,2025.06497037022,2025.12092018315,NA,NA,NA
4722,4723,REU.4.3_1,REU.4.3_1,0.0130353462412278,0.537204691642794,0.524169345401567,2025.1079405177,2025.12097586394,NA,NA,NA
4862,4863,REU.3.5_1,REU.3.5_1,0.000424450981136748,0.53727616857858,0.536851717597443,2025.12062288989,2025.12104734088,NA,NA,NA
4407,4410,REU.2.3_1,REU.2.3_1,0.0471022596724854,0.537386143923204,0.490283884250718,2025.07405505655,2025.12115731622,NA,NA,NA
4444,4445,REU.4.3_1,REU.4.3_1,0.00526842977713982,0.53741795987909,0.53214953010195,2025.1159207024,2025.12118913218,NA,NA,NA
5371,5372,REU.4.8_1,REU.4.8_1,0.0313316227777543,0.5374465860263,0.506114963248546,2025.08988613554,2025.12121775832,NA,NA,NA
4837,4838,REU.2.3_1,REU.2.3_1,0.0113644716509721,0.537537870772369,0.526173399121397,2025.10994457142,2025.12130904307,NA,NA,NA
3465,3466,REU.3.4_1,REU.3.4_1,0.0143506276195502,0.537557568633806,0.523206941014255,2025.10697811331,2025.12132874093,NA,NA,NA
3544,3545,REU.4.8_1,REU.4.3_1,0.0323442217078399,0.537633753695082,0.505289531987242,2025.08906070428,2025.12140492599,NA,NA,NA
3849,3851,REU.4.3_1,REU.4.3_1,0.0276422244018159,0.537720996729218,0.510078772327402,2025.09384994462,2025.12149216903,NA,NA,NA
5591,5592,REU.4.5_1,REU.4.5_1,0.0445823254713316,0.537729686609971,0.49314736113864,2025.07691853343,2025.12150085891,NA,NA,NA
5176,5177,REU.4.3_1,REU.4.3_1,0.0328299008439141,0.537776987783263,0.504947086939349,2025.08871825924,2025.12154816008,NA,NA,NA
3498,3501,REU.4.6_1,REU.4.6_1,0.0420144746162161,0.537843288405292,0.495828813789076,2025.07959998609,2025.1216144607,NA,NA,NA
3330,3332,REU.3.1_1,REU.3.1_1,0.0278386749793986,0.538077711746782,0.510239036767383,2025.09401020906,2025.12184888404,NA,NA,NA
5433,5438,REU.2.3_1,REU.2.3_1,0.0418713888778729,0.538132974179297,0.496261585301424,2025.0800327576,2025.12190414648,NA,NA,NA
6070,6071,REU.3.1_1,REU.4.6_1,0.0106787596423019,0.538250452672193,0.527571693029891,2025.11134286533,2025.12202162497,NA,NA,NA
3849,3850,REU.4.3_1,REU.4.3_1,0.0283234326674563,0.538402204994858,0.510078772327402,2025.09384994462,2025.12217337729,NA,NA,NA
4903,4905,REU.4.8_1,REU.4.8_1,0.00520640130694006,0.538438597165739,0.533232195858799,2025.11700336816,2025.12220976946,NA,NA,NA
3965,3966,REU.2.3_1,REU.2.3_1,0.0306639319931094,0.538538065471106,0.507874133477996,2025.09164530577,2025.12230923777,NA,NA,NA
6094,6095,REU.3.1_1,REU.4.8_1,0.0884870590348802,0.538584232567159,0.450097173532279,2025.03386834583,2025.12235540486,NA,NA,NA
3966,3967,REU.2.3_1,REU.2.3_1,6.22849155207383e-05,0.538600350386627,0.538538065471106,2025.12230923777,2025.12237152268,NA,NA,NA
3223,3224,REU.4.3_1,REU.4.3_1,0.032163680351951,0.538603348013898,0.506439667661947,2025.09021083996,2025.12237452031,NA,NA,NA
5127,5128,REU.4.3_1,REU.4.3_1,0.00586862208386119,0.53862898637185,0.532760364287989,2025.11653153658,2025.12240015867,NA,NA,NA
3811,3817,REU.4.5_1,REU.4.5_1,0.031908139767303,0.538629071122134,0.506720931354831,2025.09049210365,2025.12240024342,NA,NA,NA
4606,4607,REU.4.3_1,REU.3.5_1,0.0335181159474268,0.538761176254833,0.505243060307406,2025.0890142326,2025.12253234855,NA,NA,NA
4353,4354,REU.4.3_1,REU.4.3_1,0.0282091646896595,0.538808584420188,0.510599419730529,2025.09437059203,2025.12257975672,NA,NA,NA
4586,4587,REU.4.8_1,REU.4.3_1,0.0064578326937893,0.538840759170785,0.532382926476996,2025.11615409877,2025.12261193147,NA,NA,NA
5503,5504,REU.3.5_1,REU.3.5_1,0.0578328750295097,0.538943296579941,0.481110421550432,2025.06488159385,2025.12271446888,NA,NA,NA
5655,5656,REU.4.8_1,REU.4.8_1,0.0395494722553745,0.539062769694864,0.49951329743949,2025.08328446974,2025.12283394199,NA,NA,NA
5942,5943,REU.4.3_1,REU.4.3_1,0.0214355673022303,0.539094224768497,0.517658657466267,2025.10142982976,2025.12286539706,NA,NA,NA
3319,3320,REU.2.5_1,REU.2.5_1,0.0395005658974041,0.539130380792823,0.499629814895418,2025.08340098719,2025.12290155309,NA,NA,NA
4909,4910,REU.4.3_1,REU.4.3_1,0.0071034124665269,0.539268590212724,0.532165177746197,2025.11593635004,2025.12303976251,NA,NA,NA
3352,3353,REU.3.5_1,REU.3.5_1,0.0236266456273085,0.539359252629424,0.515732607002116,2025.0995037793,2025.12313042493,NA,NA,NA
5339,5340,REU.4.4_1,REU.4.4_1,0.0117585266150765,0.539371894630323,0.527613368015246,2025.11138454031,2025.12314306693,NA,NA,NA
5087,5088,REU.4.8_1,REU.4.8_1,0.0602767981594897,0.539418252118987,0.479141453959497,2025.06291262626,2025.12318942442,NA,NA,NA
5804,5805,REU.2.3_1,REU.2.3_1,0.0334563931979648,0.53945272989929,0.505996336701325,2025.089767509,2025.1232239022,NA,NA,NA
5071,5072,REU.2.3_1,REU.2.3_1,0.00762963348711287,0.539479135450415,0.531849501963302,2025.11562067426,2025.12325030775,NA,NA,NA
4146,899,REU.4.3_1,REU.4.3_1,0.145509607670734,0.539516498936444,0.39400689126571,2024.97777806356,2025.12328767123,CHIKV_RUN_S10b83_2025,55.526664,-21.257323
4150,1757,REU.4.3_1,REU.2.3_1,0.091807435155449,0.539516498936444,0.447709063780995,2025.03148023608,2025.12328767123,CHIKV_RUN_S18b26_2025,55.445029,-20.887177
3996,953,REU.3.5_1,REU.3.5_1,0.0441568433755698,0.539516498936444,0.495359655560874,2025.07913082786,2025.12328767123,CHIKV_RUN_S10b88_2025,55.272836,-21.023559
6004,2517,REU.4.1_1,REU.4.1_1,0.0296021663353891,0.539516498936444,0.509914332601055,2025.0936855049,2025.12328767123,CHIKV_RUN_S10b80_2025,55.480729,-21.168218
5195,666,REU.4.3_1,REU.4.3_1,0.0182382616031289,0.539516498936444,0.521278237333315,2025.10504940963,2025.12328767123,CHIKV_RUN_S10b78_2025,55.522725,-21.283887
4935,935,REU.4.3_1,REU.4.3_1,0.0153713200186815,0.539516498936444,0.524145178917763,2025.10791635121,2025.12328767123,CHIKV_RUN_S10b79_2025,55.491615,-21.250807
5723,2017,REU.3.4_1,REU.3.4_1,0.0140173057824176,0.539516498936444,0.525499193154026,2025.10927036545,2025.12328767123,CHIKV_RUN_S17b75_2025,55.304177,-21.172288
4038,280,REU.4.8_1,REU.4.3_1,0.00898652401289435,0.539516498936444,0.53052997492355,2025.11430114722,2025.12328767123,CHIKV_RUN_S10b82_2025,55.501615,-21.246082
3545,2773,REU.4.3_1,REU.4.3_1,0.00188274524136189,0.539516498936444,0.537633753695082,2025.12140492599,2025.12328767123,CHIKV_RUN_S10b84_2025,55.529419,-21.267475
3586,3588,REU.3.4_1,REU.3.4_1,0.0267943420776486,0.539549708972117,0.512755366894468,2025.09652653919,2025.12332088127,NA,NA,NA
4922,4924,REU.4.3_1,REU.4.3_1,0.00677840945057462,0.539650609844576,0.532872200394001,2025.11664337269,2025.12342178214,NA,NA,NA
3771,3772,REU.4.5_1,REU.4.5_1,0.00830133502932395,0.539664697200487,0.531363362171163,2025.11513453447,2025.1234358695,NA,NA,NA
5664,5665,REU.4.5_1,REU.4.5_1,0.0687850481105853,0.539711503649985,0.4709264555394,2025.05469762784,2025.12348267595,NA,NA,NA
5787,5788,REU.3.1_1,REU.3.1_1,0.0724279720078175,0.539856136773919,0.467428164766101,2025.05119933706,2025.12362730907,NA,NA,NA
4938,4939,REU.4.3_1,REU.4.3_1,0.00296486748734404,0.539933154448677,0.536968286961333,2025.12073945926,2025.12370432675,NA,NA,NA
3751,3752,REU.4.7_1,REU.4.7_1,0.0437707210072014,0.539961716029866,0.496190995022664,2025.07996216732,2025.12373288833,NA,NA,NA
4156,4158,REU.4.3_1,REU.4.3_1,0.00586581772247841,0.539970432124414,0.534104614401935,2025.1178757867,2025.12374160442,NA,NA,NA
4814,4815,REU.2.3_1,REU.2.3_1,0.0256571809983541,0.539975170637895,0.514317989639541,2025.09808916194,2025.12374634293,NA,NA,NA
4954,4955,REU.4.8_1,REU.4.8_1,0.0303153316954535,0.54002650848605,0.509711176790597,2025.09348234909,2025.12379768078,NA,NA,NA
4336,4338,REU.4.8_1,REU.4.8_1,0.0303865606235704,0.540270092135506,0.509883531511936,2025.09365470381,2025.12404126443,NA,NA,NA
4910,4911,REU.4.3_1,REU.4.3_1,0.00108130839888998,0.540349898611614,0.539268590212724,2025.12303976251,2025.12412107091,NA,NA,NA
5773,5775,REU.4.3_1,REU.4.3_1,0.0246134798402057,0.540453632072684,0.515840152232478,2025.09961132453,2025.12422480437,NA,NA,NA
6020,6021,REU.4.1_1,REU.4.1_1,0.021532776510674,0.540540775989936,0.519007999479262,2025.10277917178,2025.12431194829,NA,NA,NA
3616,3617,REU.2.3_1,REU.2.3_1,0.00581737386044034,0.540577015583793,0.534759641723353,2025.11853081402,2025.12434818788,NA,NA,NA
6156,6157,REU.3.1_1,REU.3.1_1,0.0122186762561036,0.54061126820601,0.528392591949906,2025.11216376425,2025.1243824405,NA,NA,NA
6050,6053,REU.3.1_1,REU.3.1_1,0.037601900029659,0.54061273079438,0.503010830764721,2025.08678200306,2025.12438390309,NA,NA,NA
3740,3742,REU.3.4_1,REU.3.4_1,0.0386945988796353,0.540641732378484,0.501947133498848,2025.0857183058,2025.12441290467,NA,NA,NA
5451,5452,REU.4.3_1,REU.4.3_1,0.0531945750768051,0.540649206809751,0.487454631732946,2025.07122580403,2025.12442037911,NA,NA,NA
6107,6114,REU.3.1_1,REU.3.1_1,0.058258132993829,0.540653078292277,0.482394945298448,2025.0661661176,2025.12442425059,NA,NA,NA
4547,4548,REU.4.3_1,REU.4.3_1,0.0124074808066577,0.540711387134679,0.528303906328021,2025.11207507862,2025.12448255943,NA,NA,NA
3915,3919,REU.4.3_1,REU.4.3_1,0.0243183679969458,0.540732018052126,0.51641365005518,2025.10018482235,2025.12450319035,NA,NA,NA
6006,6008,REU.4.1_1,REU.4.1_1,0.00775512164990722,0.540859932453452,0.533104810803545,2025.1168759831,2025.12463110475,NA,NA,NA
3742,3743,REU.3.4_1,REU.3.4_1,0.000249974280139287,0.540891706658623,0.540641732378484,2025.12441290467,2025.12466287896,NA,NA,NA
5856,5857,REU.4.6_1,REU.4.6_1,0.0442005780748151,0.540922165855764,0.496721587780949,2025.08049276008,2025.12469333815,NA,NA,NA
4047,4048,REU.4.8_1,REU.4.3_1,0.0138365569067156,0.541047043340067,0.527210486433351,2025.11098165873,2025.12481821564,NA,NA,NA
3919,3920,REU.4.3_1,REU.4.3_1,0.000456781973535492,0.541188800025661,0.540732018052126,2025.12450319035,2025.12495997232,NA,NA,NA
3181,3182,REU.4.8_1,REU.4.8_1,0.00535157344904069,0.541204559719901,0.535852986270861,2025.11962415857,2025.12497573202,NA,NA,NA
4586,4592,REU.4.8_1,REU.4.8_1,0.00887591815320987,0.541258844630206,0.532382926476996,2025.11615409877,2025.12503001693,NA,NA,NA
4683,4684,REU.4.8_1,REU.4.8_1,0.00558937728439102,0.541330969425847,0.535741592141456,2025.11951276444,2025.12510214172,NA,NA,NA
3579,3580,REU.3.4_1,REU.3.4_1,0.0265994502294205,0.541361988255229,0.514762538025809,2025.09853371032,2025.12513316055,NA,NA,NA
4774,4775,REU.3.5_1,REU.3.5_1,0.0176701012386535,0.541408816301123,0.52373871506247,2025.10750988736,2025.1251799886,NA,NA,NA
4729,4732,REU.4.3_1,REU.4.3_1,0.0819686196914224,0.541516186087433,0.45954756639601,2025.04331873869,2025.12528735838,NA,NA,NA
4754,4755,REU.4.8_1,REU.4.8_1,0.00890774158782137,0.54152506587091,0.532617324283089,2025.11638849658,2025.12529623817,NA,NA,NA
5057,5059,REU.4.3_1,REU.4.3_1,0.0434001623605448,0.541529751334723,0.498129588974178,2025.08190076127,2025.12530092363,NA,NA,NA
4473,4476,REU.4.8_1,REU.4.8_1,0.00683369870791783,0.541553831107104,0.534720132399186,2025.1184913047,2025.1253250034,NA,NA,NA
6008,6009,REU.4.1_1,REU.4.1_1,0.00069496808199343,0.541554900535445,0.540859932453452,2025.12463110475,2025.12532607283,NA,NA,NA
4136,4138,REU.4.3_1,REU.4.3_1,0.130986120835681,0.541599175636309,0.410613054800628,2024.9943842271,2025.12537034793,NA,NA,NA
6121,6122,REU.3.1_1,REU.3.1_1,0.0616503183295898,0.541605178695438,0.479954860365848,2025.06372603266,2025.12537635099,NA,NA,NA
4296,4298,REU.4.3_1,REU.4.3_1,0.0111937195740078,0.541631432042234,0.530437712468226,2025.11420888476,2025.12540260434,NA,NA,NA
4158,4159,REU.4.3_1,REU.4.3_1,0.00172279723127522,0.541693229355689,0.539970432124414,2025.12374160442,2025.12546440165,NA,NA,NA
4201,4202,REU.4.3_1,REU.3.5_1,0.0494188643719016,0.541818509724977,0.492399645353075,2025.07617081765,2025.12558968202,NA,NA,NA
6033,6073,REU.3.1_1,REU.4.3_1,0.164327479924867,0.541818641603234,0.377491161678367,2024.96126233397,2025.1255898139,NA,NA,NA
3997,3998,REU.3.5_1,REU.3.5_1,0.0322838257732411,0.54182734923856,0.509543523465319,2025.09331469576,2025.12559852154,NA,NA,NA
4202,4203,REU.3.5_1,REU.3.5_1,0.000100037500714523,0.541918547225691,0.541818509724977,2025.12558968202,2025.12568971952,NA,NA,NA
3146,3147,REU.3.1_1,REU.3.2_1,0.117043187490905,0.542009527867508,0.424966340376602,2025.00873751267,2025.12578070016,NA,NA,NA
4456,4457,REU.4.3_1,REU.4.3_1,0.00629235236042813,0.542014700284485,0.535722347924057,2025.11949352022,2025.12578587258,NA,NA,NA
5969,5970,REU.4.3_1,REU.4.3_1,0.0271405550323079,0.542020792953916,0.514880237921608,2025.09865141022,2025.12579196525,NA,NA,NA
3469,3470,REU.3.4_1,REU.3.4_1,0.0354706231641068,0.542031990248927,0.50656136708482,2025.09033253938,2025.12580316255,NA,NA,NA
4898,4899,REU.4.3_1,REU.2.3_1,0.0875311177651524,0.542132790229956,0.454601672464804,2025.03837284476,2025.12590396253,NA,NA,NA
3971,3979,REU.2.3_1,REU.2.3_1,0.0127347302823396,0.542133796684199,0.52939906640186,2025.1131702387,2025.12590496898,NA,NA,NA
5250,5252,REU.4.3_1,REU.4.8_1,0.0186174218404673,0.542183388054974,0.523565966214507,2025.10733713851,2025.12595456035,NA,NA,NA
4957,4958,REU.4.8_1,REU.4.8_1,0.0351709697482495,0.542188549029376,0.507017579281127,2025.09078875158,2025.12595972133,NA,NA,NA
6020,6026,REU.4.1_1,REU.4.1_1,0.0231983947389143,0.542206394218177,0.519007999479262,2025.10277917178,2025.12597756651,NA,NA,NA
3848,1679,REU.4.3_1,REU.4.3_1,0.0479725106474622,0.542256224963801,0.494283714316339,2025.07805488661,2025.12602739726,CHIKV_RUN_S10b94_2025,55.527183,-21.256516
3380,1775,REU.4.3_1,REU.4.3_1,0.0286063915034166,0.542256224963801,0.513649833460385,2025.09742100576,2025.12602739726,CHIKV_RUN_S10b91_2025,55.510985,-21.286508
4805,252,REU.4.3_1,REU.4.3_1,0.0269499908181738,0.542256224963801,0.515306234145628,2025.09907740644,2025.12602739726,CHIKV_RUN_S10b89_2025,55.523069,-21.267089
5222,647,REU.4.3_1,REU.4.3_1,0.0208110292540823,0.542256224963801,0.521445195709719,2025.10521636801,2025.12602739726,CHIKV_RUN_S10b92_2025,55.522252,-21.278985
3755,3759,REU.4.7_1,REU.4.8_1,0.0350615305356932,0.542371507488311,0.507309976952618,2025.09108114925,2025.12614267978,NA,NA,NA
3547,3548,REU.4.8_1,REU.4.8_1,0.01675066263122,0.542445525080488,0.525694862449268,2025.10946603475,2025.12621669738,NA,NA,NA
6090,6091,REU.3.1_1,REU.3.1_1,0.0278339671893993,0.54263617820382,0.514802211014421,2025.09857338331,2025.1264073505,NA,NA,NA
6114,6115,REU.3.1_1,REU.3.1_1,0.00198424416449794,0.542637322456775,0.540653078292277,2025.12442425059,2025.12640849475,NA,NA,NA
5091,5094,REU.4.8_1,REU.4.8_1,0.0150910526186498,0.542649338665538,0.527558286046889,2025.11132945834,2025.12642051096,NA,NA,NA
3818,3819,REU.4.5_1,REU.4.5_1,0.0814809873692427,0.54268484639176,0.461203859022518,2025.04497503132,2025.12645601869,NA,NA,NA
4819,4820,REU.4.3_1,REU.4.3_1,0.0561623638121864,0.542815688270082,0.486653324457895,2025.07042449675,2025.12658686057,NA,NA,NA
6056,6066,REU.3.1_1,REU.3.1_1,0.0589333821157874,0.542872202341526,0.483938820225739,2025.06770999252,2025.12664337464,NA,NA,NA
3261,3263,REU.3.1_1,REU.4.8_1,0.0464943417132876,0.542948969112777,0.496454627399489,2025.0802257997,2025.12672014141,NA,NA,NA
3998,3999,REU.3.5_1,REU.3.5_1,0.00118848824104689,0.543015837479607,0.54182734923856,2025.12559852154,2025.12678700978,NA,NA,NA
4326,4329,REU.3.5_1,REU.3.5_1,0.0475529400936019,0.543054760984937,0.495501820891335,2025.07927299319,2025.12682593328,NA,NA,NA
5792,5793,REU.3.4_1,REU.3.4_1,0.0215166671189325,0.543073373350891,0.521556706231958,2025.10532787853,2025.12684454565,NA,NA,NA
5942,5944,REU.4.3_1,REU.4.3_1,0.025493971019335,0.543152628485602,0.517658657466267,2025.10142982976,2025.12692380078,NA,NA,NA
5299,5300,REU.4.4_1,REU.4.4_1,0.00995207720886215,0.543257479923568,0.533305402714706,2025.11707657501,2025.12702865222,NA,NA,NA
3957,3958,REU.4.3_1,REU.4.3_1,0.0290367754243148,0.543301002721562,0.514264227297247,2025.09803539959,2025.12707217502,NA,NA,NA
6009,6010,REU.4.1_1,REU.4.1_1,0.00178694818802283,0.543341848723468,0.541554900535445,2025.12532607283,2025.12711302102,NA,NA,NA
5177,5178,REU.4.3_1,REU.4.8_1,0.00557809862408376,0.543355086407347,0.537776987783263,2025.12154816008,2025.1271262587,NA,NA,NA
3485,3486,REU.3.4_1,REU.3.4_1,0.0790391899752989,0.543461513047672,0.464422323072373,2025.04819349537,2025.12723268534,NA,NA,NA
6010,6011,REU.4.1_1,REU.4.1_1,0.000144743874273323,0.543486592597741,0.543341848723468,2025.12711302102,2025.12725776489,NA,NA,NA
5998,5999,REU.3.4_1,REU.3.4_1,0.0233940205212039,0.54350346679517,0.520109446273967,2025.10388061857,2025.12727463909,NA,NA,NA
5340,5341,REU.4.4_1,REU.4.4_1,0.00413330237578546,0.543505197006108,0.539371894630323,2025.12314306693,2025.1272763693,NA,NA,NA
4399,4400,REU.4.3_1,REU.2.3_1,0.0564826209832745,0.543666974181611,0.487184353198337,2025.07095552549,2025.12743814648,NA,NA,NA
3881,3882,REU.4.3_1,REU.2.3_1,0.064577246548391,0.544024637179628,0.479447390631237,2025.06321856293,2025.12779580948,NA,NA,NA
4509,4510,REU.4.3_1,REU.4.3_1,0.0302368188718538,0.544046892884232,0.513810074012378,2025.09758124631,2025.12781806518,NA,NA,NA
4352,4359,REU.4.3_1,REU.4.3_1,0.0943862165452631,0.544088508247325,0.449702291702061,2025.033473464,2025.12785968054,NA,NA,NA
3236,3237,REU.3.1_1,REU.3.1_1,0.0216868295421415,0.544115916828564,0.522429087286423,2025.10620025958,2025.12788708913,NA,NA,NA
4262,4263,REU.4.8_1,REU.4.3_1,0.0153737451576743,0.544157683247627,0.528783938089953,2025.11255511039,2025.12792885554,NA,NA,NA
4611,4612,REU.2.3_1,REU.2.3_1,0.0101793855358772,0.544234725493849,0.534055339957972,2025.11782651225,2025.12800589779,NA,NA,NA
5970,5971,REU.4.3_1,REU.4.3_1,0.00221541657283619,0.544236209526752,0.542020792953916,2025.12579196525,2025.12800738182,NA,NA,NA
4572,4577,REU.4.3_1,REU.4.3_1,0.0368843919330599,0.544301184322932,0.507416792389872,2025.09118796469,2025.12807235662,NA,NA,NA
5784,5798,REU.3.1_1,REU.4.3_1,0.148912793490005,0.544319602513416,0.395406809023411,2024.97917798132,2025.12809077481,NA,NA,NA
5665,5666,REU.4.5_1,REU.4.5_1,0.00464892467314826,0.544360428323133,0.539711503649985,2025.12348267595,2025.12813160062,NA,NA,NA
3954,3991,REU.4.3_1,REU.4.8_1,0.118700769560715,0.544465754288993,0.425764984728277,2025.00953615702,2025.12823692659,NA,NA,NA
4426,4427,REU.4.3_1,REU.4.3_1,0.0651978089401216,0.54449926262982,0.479301453689698,2025.06307262599,2025.12827043493,NA,NA,NA
4017,4018,REU.2.1_1,REU.3.1_1,0.0187984487257519,0.544572984942272,0.52577453621652,2025.10954570851,2025.12834415724,NA,NA,NA
4510,4511,REU.4.3_1,REU.4.3_1,0.000628582248936693,0.544675475133169,0.544046892884232,2025.12781806518,2025.12844664743,NA,NA,NA
6195,6196,REU.2.3_1,REU.2.3_1,0.0734865294722267,0.544719515343717,0.471232985871491,2025.05500415817,2025.12849068764,NA,NA,NA
3991,3992,REU.4.8_1,REU.4.8_1,0.000254295503720581,0.544720049792713,0.544465754288993,2025.12823692659,2025.12849122209,NA,NA,NA
6226,6227,REU.3.1_1,REU.3.1_1,0.0369021094565787,0.544726055718163,0.507823946261585,2025.09159511856,2025.12849722801,NA,NA,NA
5016,5017,REU.4.8_1,REU.4.8_1,0.0694772938623983,0.544756831880457,0.475279538018059,2025.05905071031,2025.12852800418,NA,NA,NA
4481,4482,REU.4.3_1,REU.4.3_1,0.0245526487808202,0.544797008000896,0.520244359220076,2025.10401553152,2025.1285681803,NA,NA,NA
5414,5418,REU.2.3_1,REU.2.3_1,0.0102447717320989,0.544908499325396,0.534663727593297,2025.11843489989,2025.12867967162,NA,NA,NA
3125,2623,REU.3.1_1,REU.3.1_1,0.169898470164524,0.544995950991159,0.375097480826635,2024.95886865312,2025.12876712329,CHIKV_RUN_S12b88_2025,55.361177,-21.257752
3770,169,REU.4.5_1,REU.4.7_1,0.0562353622862443,0.544995950991159,0.488760588704915,2025.072531761,2025.12876712329,CHIKV_RUN_S18b95_2025,55.770578,-21.362172
5803,1948,REU.2.3_1,REU.4.8_1,0.0460216347550401,0.544995950991159,0.498974316236119,2025.08274548853,2025.12876712329,CHIKV_RUN_S27b60_2025,55.524192,-21.324928
4650,1098,REU.4.3_1,REU.4.4_1,0.0403676491015545,0.544995950991159,0.504628301889604,2025.08839947419,2025.12876712329,CHIKV_RUN_S27b52_2025,55.560218,-21.369913
5847,2223,REU.4.8_1,REU.4.3_1,0.0397764154029425,0.544995950991159,0.505219535588216,2025.08899070788,2025.12876712329,CHIKV_RUN_S12b90_2025,55.517047,-21.27658
5604,2093,REU.4.5_1,REU.4.5_1,0.0336577652819561,0.544995950991159,0.511338185709203,2025.09510935801,2025.12876712329,CHIKV_RUN_S27b56_2025,55.629504,-21.375479
4279,1513,REU.4.3_1,REU.4.3_1,0.0230648492081175,0.544995950991159,0.521931101783041,2025.10570227408,2025.12876712329,CHIKV_RUN_S27b31_2025,55.518872,-21.275556
4821,1649,REU.4.3_1,REU.4.3_1,0.0225926213361096,0.544995950991159,0.522403329655049,2025.10617450195,2025.12876712329,CHIKV_RUN_S27b30_2025,55.520238,-21.268014
5972,3033,REU.4.3_1,REU.4.3_1,0.0152324346430089,0.544995950991159,0.52976351634815,2025.11353468864,2025.12876712329,CHIKV_RUN_S27b40_2025,55.527201,-21.262726
5676,2356,REU.4.7_1,REU.4.7_1,0.0139686669422499,0.544995950991159,0.531027284048909,2025.11479845635,2025.12876712329,CHIKV_RUN_S19b31_2025,55.763815,-21.361786
4654,1110,REU.4.3_1,REU.4.8_1,0.0105331379163298,0.544995950991159,0.534462813074829,2025.11823398537,2025.12876712329,CHIKV_RUN_S27b51_2025,55.489609,-21.331674
3764,189,REU.4.7_1,REU.4.7_1,0.00900486317065075,0.544995950991159,0.535991087820508,2025.11976226012,2025.12876712329,CHIKV_RUN_S12b87_2025,55.720654,-21.370892
4723,316,REU.4.3_1,REU.4.3_1,0.00779125934836444,0.544995950991159,0.537204691642794,2025.12097586394,2025.12876712329,CHIKV_RUN_S10b90_2025,55.523672,-21.279622
4587,434,REU.4.3_1,REU.4.3_1,0.00615519182037361,0.544995950991159,0.538840759170785,2025.12261193147,2025.12876712329,CHIKV_RUN_S27b29_2025,55.516227,-21.284258
5088,787,REU.4.8_1,REU.4.8_1,0.0055776988721723,0.544995950991159,0.539418252118987,2025.12318942442,2025.12876712329,CHIKV_RUN_S19b24_2025,55.476016,-21.288311
3752,187,REU.4.7_1,REU.4.7_1,0.00503423496129329,0.544995950991159,0.539961716029866,2025.12373288833,2025.12876712329,CHIKV_RUN_S12b92_2025,55.726571,-21.370372
5059,823,REU.4.3_1,REU.4.3_1,0.00346619965643613,0.544995950991159,0.541529751334723,2025.12530092363,2025.12876712329,CHIKV_RUN_S12b93_2025,55.50798,-21.283212
4592,4596,REU.4.8_1,REU.4.8_1,0.00379019852107754,0.545049043151283,0.541258844630206,2025.12503001693,2025.12882021545,NA,NA,NA
3360,3361,REU.4.8_1,REU.4.8_1,0.0267174173199773,0.545160761970167,0.51844334465019,2025.10221451695,2025.12893193427,NA,NA,NA
5913,5914,REU.4.3_1,REU.4.3_1,0.0404637773507401,0.545199851590196,0.504736074239456,2025.08850724654,2025.12897102389,NA,NA,NA
5862,5863,REU.4.6_1,REU.4.6_1,0.0681405779299102,0.545226341774104,0.477085763844193,2025.06085693614,2025.12899751407,NA,NA,NA
5389,5390,REU.2.3_1,REU.2.3_1,0.0228199496390357,0.545390666212943,0.522570716573908,2025.10634188887,2025.12916183851,NA,NA,NA
6010,6014,REU.4.1_1,REU.4.1_1,0.00219148762773369,0.545533336351202,0.543341848723468,2025.12711302102,2025.12930450865,NA,NA,NA
4538,4539,REU.4.3_1,REU.4.3_1,0.0114809764540754,0.545707730163327,0.534226753709251,2025.11799792601,2025.12947890246,NA,NA,NA
4706,4707,REU.2.3_1,REU.4.8_1,0.0488806864981478,0.545748491495453,0.496867804997305,2025.08063897729,2025.12951966379,NA,NA,NA
5081,5082,REU.4.3_1,REU.4.3_1,0.0357679766573048,0.545763626769615,0.50999565011231,2025.09376682241,2025.12953479907,NA,NA,NA
3455,3456,REU.3.4_1,REU.3.4_1,0.0352339815863629,0.545915499499123,0.51068151791276,2025.09445269021,2025.1296866718,NA,NA,NA
5614,5617,REU.4.5_1,REU.4.5_1,0.0212684737766428,0.545977876509704,0.524709402733061,2025.10848057503,2025.12974904881,NA,NA,NA
5501,5502,REU.3.5_1,REU.3.5_1,0.0990816656075839,0.546028726990052,0.446947061382468,2025.03071823368,2025.12979989929,NA,NA,NA
3553,3584,REU.3.4_1,REU.3.4_1,0.11192569762818,0.546034101410661,0.434108403782481,2025.01787957608,2025.12980527371,NA,NA,NA
3266,3267,REU.3.1_1,REU.4.8_1,0.137578757661913,0.546106433202783,0.408527675540871,2024.99229884784,2025.1298776055,NA,NA,NA
3934,3935,REU.4.3_1,REU.4.3_1,0.0480062774204955,0.546148443122396,0.4981421657019,2025.081913338,2025.12991961542,NA,NA,NA
5115,5116,REU.4.3_1,REU.4.3_1,0.0184026498214731,0.546192775298069,0.527790125476596,2025.11156129777,2025.12996394759,NA,NA,NA
3571,3576,REU.3.4_1,REU.3.4_1,0.0363361798615811,0.54623869433636,0.509902514474779,2025.09367368677,2025.13000986663,NA,NA,NA
3869,3870,REU.4.3_1,REU.4.3_1,0.0151256507308625,0.54625456478279,0.531128914051928,2025.11490008635,2025.13002573708,NA,NA,NA
3505,3506,REU.3.4_1,REU.3.4_1,0.12932722327608,0.546328983320116,0.417001760044036,2025.00077293234,2025.13010015562,NA,NA,NA
6140,6141,REU.3.1_1,REU.3.1_1,0.0234083836058334,0.546581980278928,0.523173596673095,2025.10694476897,2025.13035315258,NA,NA,NA
5300,5301,REU.4.4_1,REU.4.4_1,0.00334725396505076,0.546604733888619,0.543257479923568,2025.12702865222,2025.13037590619,NA,NA,NA
3941,3942,REU.4.3_1,REU.4.3_1,0.0749996528805434,0.546694363687882,0.471694710807339,2025.0554658831,2025.13046553598,NA,NA,NA
6203,6206,REU.2.3_1,REU.2.3_1,0.0259603571781336,0.546791774433562,0.520831417255429,2025.10460258955,2025.13056294673,NA,NA,NA
3507,3508,REU.3.4_1,REU.3.4_1,0.0246303396916886,0.546988140582468,0.522357800890779,2025.10612897319,2025.13075931288,NA,NA,NA
3800,3801,REU.4.5_1,REU.4.5_1,0.0147505098195001,0.54699570704138,0.532245197221879,2025.11601636952,2025.13076687934,NA,NA,NA
5963,5964,REU.3.4_1,REU.3.4_1,0.0343167793553755,0.547034761352648,0.512717981997273,2025.09648915429,2025.13080593365,NA,NA,NA
3320,3321,REU.2.5_1,REU.2.5_1,0.00795448044443126,0.547084861237254,0.539130380792823,2025.12290155309,2025.13085603353,NA,NA,NA
4364,4365,REU.4.3_1,REU.4.3_1,0.0877066651813514,0.547092108941057,0.459385443759706,2025.04315661606,2025.13086328124,NA,NA,NA
3139,3140,REU.4.8_1,REU.4.8_1,0.0661747887217038,0.547101411315111,0.480926622593407,2025.06469779489,2025.13087258361,NA,NA,NA
4062,4063,REU.4.8_1,REU.4.8_1,0.065035277837163,0.547310363925436,0.482275086088273,2025.06604625838,2025.13108153622,NA,NA,NA
3249,3250,REU.3.1_1,REU.4.8_1,0.0696077306193492,0.547314292926684,0.477706562307335,2025.0614777346,2025.13108546522,NA,NA,NA
4103,4104,REU.4.3_1,REU.4.3_1,0.0182329993144859,0.547315416134157,0.529082416819671,2025.11285358912,2025.13108658843,NA,NA,NA
4273,4274,REU.4.3_1,REU.4.3_1,0.0194668899877288,0.547346185693243,0.527879295705515,2025.111650468,2025.13111735799,NA,NA,NA
5010,5012,REU.4.8_1,REU.4.8_1,0.0274017160257803,0.547352868599601,0.51995115257382,2025.10372232487,2025.1311240409,NA,NA,NA
3679,3685,REU.2.3_1,REU.2.3_1,0.0448369480044851,0.547398384514384,0.502561436509899,2025.08633260881,2025.13116955681,NA,NA,NA
5537,5538,REU.4.5_1,REU.4.5_1,0.0676346755191193,0.547451717076854,0.479817041557735,2025.06358821385,2025.13122288937,NA,NA,NA
6150,6151,REU.4.3_1,REU.4.3_1,0.0233355794274512,0.547475602992184,0.524140023564732,2025.10791119586,2025.13124677529,NA,NA,NA
4550,457,REU.4.3_1,REU.4.3_1,0.0955300824230229,0.547735677018516,0.452205594595493,2025.03597676689,2025.13150684931,CHIKV_RUN_S12b91_2025,55.520611,-21.291756
3379,1773,REU.4.3_1,REU.4.3_1,0.094430921773917,0.547735677018516,0.453304755244599,2025.03707592754,2025.13150684931,CHIKV_RUN_S19b16_2025,55.510985,-21.286508
5156,648,REU.4.3_1,REU.4.8_1,0.092469719690225,0.547735677018516,0.455265957328291,2025.03903712962,2025.13150684931,CHIKV_RUN_S18b55_2025,55.47102,-21.294212
6120,1853,REU.3.1_1,REU.3.1_1,0.0921804358633742,0.547735677018516,0.455555241155142,2025.03932641345,2025.13150684931,CHIKV_RUN_S18b46_2025,55.358783,-21.260978
5468,2547,REU.2.3_1,REU.1.3_1,0.0824828407367078,0.547735677018516,0.465252836281808,2025.04902400858,2025.13150684931,CHIKV_RUN_S13b64_2025,55.652414,-20.956324
5180,690,REU.4.8_1,REU.4.1_1,0.0777937732492497,0.547735677018516,0.469941903769266,2025.05371307607,2025.13150684931,CHIKV_RUN_S18b56_2025,55.43411,-21.160454
4313,1059,REU.4.3_1,REU.4.4_1,0.0768446266912008,0.547735677018516,0.470891050327315,2025.05466222262,2025.13150684931,CHIKV_RUN_S27b44_2025,55.573686,-21.352245
5041,848,REU.4.3_1,REU.4.3_1,0.069734693038318,0.547735677018516,0.478000983980198,2025.06177215628,2025.13150684931,CHIKV_RUN_S19b28_2025,55.523739,-21.277885
5503,1892,REU.3.5_1,REU.3.5_1,0.0666252554680846,0.547735677018516,0.481110421550432,2025.06488159385,2025.13150684931,CHIKV_RUN_S13b01_2025,55.270916,-21.010062
3663,2874,REU.2.4_1,REU.2.4_1,0.0658606278702075,0.547735677018516,0.481875049148309,2025.06564622144,2025.13150684931,CHIKV_RUN_S27b61_2025,55.523953,-20.945377
4331,1758,REU.4.3_1,REU.4.3_1,0.0636690074558843,0.547735677018516,0.484066669562632,2025.06783784186,2025.13150684931,CHIKV_RUN_S18b39_2025,55.532526,-21.258023
6173,59,REU.3.1_1,REU.3.1_1,0.0605959785979917,0.547735677018516,0.487139698420525,2025.07091087072,2025.13150684931,CHIKV_RUN_S22b89_2025,55.390383,-21.254236
5232,652,REU.4.3_1,REU.4.8_1,0.0572250305363681,0.547735677018516,0.490510646482148,2025.07428181878,2025.13150684931,CHIKV_RUN_S19b14_2025,55.472524,-21.29284
4324,1761,REU.4.3_1,REU.4.8_1,0.0407508866286848,0.547735677018516,0.506984790389831,2025.09075596269,2025.13150684931,CHIKV_RUN_S19b09_2025,55.493337,-21.303477
6169,60,REU.4.3_1,REU.4.3_1,0.0364394927442153,0.547735677018516,0.511296184274301,2025.09506735657,2025.13150684931,CHIKV_RUN_S27b68_2025,55.507241,-21.265242
3676,2881,REU.2.3_1,REU.2.3_1,0.0325216193933693,0.547735677018516,0.515214057625147,2025.09898522992,2025.13150684931,CHIKV_RUN_S27b69_2025,55.482739,-20.896065
3164,2826,REU.4.8_1,REU.4.8_1,0.0294459461630625,0.547735677018516,0.518289730855454,2025.10206090315,2025.13150684931,CHIKV_RUN_S19b13_2025,55.457515,-21.294591
5834,2339,REU.3.4_1,REU.4.6_1,0.027816956289848,0.547735677018516,0.519918720728668,2025.10368989303,2025.13150684931,CHIKV_RUN_S19b15_2025,55.437328,-21.264116
5195,665,REU.4.3_1,REU.4.3_1,0.0264574396852011,0.547735677018516,0.521278237333315,2025.10504940963,2025.13150684931,CHIKV_RUN_S18b45_2025,55.521244,-21.281981
4660,1099,REU.4.3_1,REU.4.3_1,0.0260205112434903,0.547735677018516,0.521715165775026,2025.10548633807,2025.13150684931,CHIKV_RUN_S18b01_2025,55.537393,-21.258241
5733,2374,REU.4.6_1,REU.4.6_1,0.0233920184122937,0.547735677018516,0.524343658606223,2025.1081148309,2025.13150684931,CHIKV_RUN_S18b34_2025,55.438314,-21.256521
3698,2644,REU.3.1_1,REU.3.1_1,0.0218357133966909,0.547735677018516,0.525899963621825,2025.10967113592,2025.13150684931,CHIKV_RUN_S19b10_2025,55.359519,-21.24756
5102,704,REU.4.8_1,REU.4.5_1,0.0205671083706342,0.547735677018516,0.527168568647882,2025.11093974094,2025.13150684931,CHIKV_RUN_S18b42_2025,55.602384,-21.346866
6070,2723,REU.3.1_1,REU.3.1_1,0.0201639839886254,0.547735677018516,0.527571693029891,2025.11134286533,2025.13150684931,CHIKV_RUN_S19b22_2025,55.334014,-21.273578
4582,415,REU.2.3_1,REU.2.5_1,0.0198868751956403,0.547735677018516,0.527848801822876,2025.11161997412,2025.13150684931,CHIKV_RUN_S13b08_2025,55.585197,-20.926529
3359,2750,REU.4.8_1,REU.4.3_1,0.0197865536843788,0.547735677018516,0.527949123334137,2025.11172029563,2025.13150684931,CHIKV_RUN_S12b83_2025,55.500873,-21.261366
3831,281,REU.4.4_1,REU.4.4_1,0.0194420576253844,0.547735677018516,0.528293619393132,2025.11206479169,2025.13150684931,CHIKV_RUN_S27b42_2025,55.559982,-21.342492
4547,499,REU.4.3_1,REU.4.6_1,0.0194317706904947,0.547735677018516,0.528303906328021,2025.11207507862,2025.13150684931,CHIKV_RUN_S23b06_2025,55.418708,-21.287578
5822,2710,REU.4.6_1,REU.4.6_1,0.0188904153690959,0.547735677018516,0.52884526164942,2025.11261643395,2025.13150684931,CHIKV_RUN_S19b08_2025,55.446532,-21.261029
3860,1656,REU.4.3_1,REU.4.3_1,0.0181869088797084,0.547735677018516,0.529548768138808,2025.11331994044,2025.13150684931,CHIKV_RUN_S18b37_2025,55.527058,-21.255759
4726,282,REU.4.8_1,REU.4.8_1,0.0161289401435099,0.547735677018516,0.531606736875006,2025.11537790917,2025.13150684931,CHIKV_RUN_S18b35_2025,55.480704,-21.331683
4909,1559,REU.4.3_1,REU.4.3_1,0.015570499272319,0.547735677018516,0.532165177746197,2025.11593635004,2025.13150684931,CHIKV_RUN_S19b07_2025,55.532609,-21.256728
3462,2993,REU.3.4_1,REU.3.4_1,0.0138770767987763,0.547735677018516,0.53385860021974,2025.11762977252,2025.13150684931,CHIKV_RUN_S27b58_2025,55.304618,-21.171901
6007,2519,REU.4.1_1,REU.4.1_1,0.0137168156473025,0.547735677018516,0.534018861371214,2025.11779003367,2025.13150684931,CHIKV_RUN_S18b36_2025,55.474892,-21.170353
4844,1368,REU.2.4_1,REU.2.4_1,0.0123986871106859,0.547735677018516,0.53533698990783,2025.1191081622,2025.13150684931,CHIKV_RUN_S27b63_2025,55.573728,-20.926079
3697,2648,REU.3.1_1,REU.3.1_1,0.0122645759276303,0.547735677018516,0.535471101090886,2025.11924227339,2025.13150684931,CHIKV_RUN_S18b50_2025,55.359469,-21.243756
3419,2157,REU.4.8_1,REU.4.1_1,0.0119598791282988,0.547735677018516,0.535775797890217,2025.11954697019,2025.13150684931,CHIKV_RUN_S19b34_2025,55.479226,-21.168233
5788,2368,REU.3.1_1,REU.3.1_1,0.00787954024459725,0.547735677018516,0.539856136773919,2025.12362730907,2025.13150684931,CHIKV_RUN_S18b43_2025,55.367307,-21.252013
4159,885,REU.4.3_1,REU.4.3_1,0.00604244766282735,0.547735677018516,0.541693229355689,2025.12546440165,2025.13150684931,CHIKV_RUN_S17b80_2025,55.508633,-21.233712
3998,951,REU.3.5_1,REU.3.5_1,0.00590832777995609,0.547735677018516,0.54182734923856,2025.12559852154,2025.13150684931,CHIKV_RUN_S12b94_2025,55.268916,-21.086747
5999,2837,REU.3.4_1,REU.3.2_1,0.00423221022334574,0.547735677018516,0.54350346679517,2025.12727463909,2025.13150684931,CHIKV_RUN_S19b20_2025,55.340367,-21.242575
4359,1315,REU.4.3_1,REU.4.3_1,0.00364716877119164,0.547735677018516,0.544088508247325,2025.12785968054,2025.13150684931,CHIKV_RUN_S19b18_2025,55.510181,-21.238015
3992,1392,REU.4.8_1,REU.4.8_1,0.00301562722580306,0.547735677018516,0.544720049792713,2025.12849122209,2025.13150684931,CHIKV_RUN_S18b47_2025,55.467126,-21.283099
3746,3794,REU.4.5_1,REU.4.6_1,0.208917265477282,0.547746469546926,0.338829204069644,2024.92260037637,2025.13151764184,NA,NA,NA
4511,4512,REU.4.3_1,REU.4.3_1,0.00307708380135885,0.547752558934527,0.544675475133169,2025.12844664743,2025.13152373123,NA,NA,NA
4173,4174,REU.4.3_1,REU.2.1_1,0.14305425384575,0.547771478064097,0.404717224218346,2024.98848839651,2025.13154265036,NA,NA,NA
3752,3753,REU.4.7_1,REU.4.8_1,0.00804661132181916,0.548008327351685,0.539961716029866,2025.12373288833,2025.13177949965,NA,NA,NA
4592,4593,REU.4.8_1,REU.4.8_1,0.0068301980035077,0.548089042633713,0.541258844630206,2025.12503001693,2025.13186021493,NA,NA,NA
6044,6045,REU.3.1_1,REU.3.4_1,0.0245494991935005,0.54811640206098,0.52356690286748,2025.10733807516,2025.13188757436,NA,NA,NA
5982,5983,REU.3.1_1,REU.3.1_1,0.0203493585628651,0.548208120065049,0.527858761502184,2025.1116299338,2025.13197929236,NA,NA,NA
4732,4733,REU.4.3_1,REU.4.3_1,0.00676813803791376,0.548284324125346,0.541516186087433,2025.12528735838,2025.13205549642,NA,NA,NA
3928,3929,REU.4.8_1,REU.4.8_1,0.0492538815013135,0.548320943446326,0.499067061945013,2025.08283823424,2025.13209211574,NA,NA,NA
3873,3874,REU.2.3_1,REU.4.2_1,0.0151138003265012,0.548336509118404,0.533222708791903,2025.11699388109,2025.13210768141,NA,NA,NA
5684,5686,REU.4.8_1,REU.4.8_1,0.0275003965160887,0.548341400757301,0.520841004241213,2025.10461217654,2025.13211257305,NA,NA,NA
4250,4253,REU.4.3_1,REU.4.3_1,0.0167438604531366,0.548349839843641,0.531605979390505,2025.11537715169,2025.13212101214,NA,NA,NA
3812,3813,REU.4.5_1,REU.4.5_1,0.0321805363637249,0.54844055308016,0.516260016716435,2025.10003118901,2025.13221172538,NA,NA,NA
5716,5717,REU.3.4_1,REU.3.4_1,0.133782811205968,0.548610398745857,0.414827587539889,2024.99859875984,2025.13238157104,NA,NA,NA
4018,4019,REU.3.1_1,REU.3.1_1,0.00406202197652772,0.548635006918799,0.544572984942272,2025.12834415724,2025.13240617922,NA,NA,NA
3368,3369,REU.4.3_1,REU.4.3_1,0.054073813936329,0.548696240364122,0.494622426427793,2025.07839359872,2025.13246741266,NA,NA,NA
5305,5306,REU.4.4_1,REU.4.4_1,0.027845701351672,0.548733341949876,0.520887640598204,2025.10465881289,2025.13250451425,NA,NA,NA
4830,4831,REU.4.3_1,REU.4.3_1,0.0731892778247611,0.548824186718956,0.475634908894195,2025.05940608119,2025.13259535902,NA,NA,NA
6196,6197,REU.2.3_1,REU.2.3_1,0.00412416538096083,0.548843680724678,0.544719515343717,2025.12849068764,2025.13261485302,NA,NA,NA
5278,5279,REU.4.4_1,REU.4.3_1,0.0605531242130024,0.548869711862708,0.488316587649705,2025.07208775995,2025.13264088416,NA,NA,NA
5929,5930,REU.2.3_1,REU.2.3_1,0.0176166985995099,0.548955346934037,0.531338648334527,2025.11510982063,2025.13272651923,NA,NA,NA
5145,5147,REU.4.3_1,REU.4.3_1,0.0127369615622455,0.548970309142318,0.536233347580073,2025.12000451988,2025.13274148144,NA,NA,NA
5057,5058,REU.4.3_1,REU.2.3_1,0.0508447814922541,0.548974370466432,0.498129588974178,2025.08190076127,2025.13274554276,NA,NA,NA
4215,4216,REU.4.3_1,REU.4.3_1,0.051552229410465,0.549065791284022,0.497513561873557,2025.08128473417,2025.13283696358,NA,NA,NA
6206,6207,REU.2.3_1,REU.2.3_1,0.00228204478729988,0.549073819220862,0.546791774433562,2025.13056294673,2025.13284499152,NA,NA,NA
5666,5668,REU.4.5_1,REU.4.5_1,0.00476060967021608,0.549121037993349,0.544360428323133,2025.12813160062,2025.13289221029,NA,NA,NA
6143,6144,REU.3.1_1,REU.3.1_1,0.0164241376551381,0.549293760728454,0.532869623073316,2025.11664079537,2025.13306493303,NA,NA,NA
3935,3936,REU.4.3_1,REU.4.3_1,0.00320405744769414,0.54935250057009,0.546148443122396,2025.12991961542,2025.13312367287,NA,NA,NA
5690,5695,REU.4.8_1,REU.4.8_1,0.0369771565442525,0.549357596573457,0.512380440029205,2025.09615161233,2025.13312876887,NA,NA,NA
4539,4540,REU.4.3_1,REU.4.3_1,0.00368933996475651,0.549397070128083,0.545707730163327,2025.12947890246,2025.13316824242,NA,NA,NA
5372,5373,REU.4.8_1,REU.4.8_1,0.0120307573555449,0.549477343381845,0.5374465860263,2025.12121775832,2025.13324851568,NA,NA,NA
3715,3716,REU.4.3_1,REU.4.6_1,0.0405692429645285,0.549491708041467,0.508922465076939,2025.09269363737,2025.13326288034,NA,NA,NA
5287,5288,REU.4.8_1,REU.4.8_1,0.0127674310098463,0.549654716999142,0.536887285989295,2025.12065845829,2025.1334258893,NA,NA,NA
5724,5725,REU.4.6_1,REU.4.6_1,0.0574818716739116,0.549662595649319,0.492180723975408,2025.07595189627,2025.13343376795,NA,NA,NA
4202,4204,REU.3.5_1,REU.3.5_1,0.00788283891063091,0.549701348635607,0.541818509724977,2025.12558968202,2025.13347252093,NA,NA,NA
3275,3276,REU.3.1_1,REU.3.1_1,0.0602226352923389,0.549831470221361,0.489608834929022,2025.07338000723,2025.13360264252,NA,NA,NA
5614,5615,REU.4.5_1,REU.4.5_1,0.0252347504965971,0.549944153229659,0.524709402733061,2025.10848057503,2025.13371532553,NA,NA,NA
5761,5765,REU.3.4_1,REU.3.4_1,0.0213245578813677,0.550064715867051,0.528740157985683,2025.11251133028,2025.13383588816,NA,NA,NA
5072,5073,REU.2.3_1,REU.2.3_1,0.0105857485626151,0.55006488401303,0.539479135450415,2025.12325030775,2025.13383605631,NA,NA,NA
3485,3488,REU.3.4_1,REU.3.4_1,0.0857769021975711,0.550199225269944,0.464422323072373,2025.04819349537,2025.13397039757,NA,NA,NA
3855,3856,REU.4.3_1,REU.4.3_1,0.0263733438001914,0.550258192154912,0.523884848354721,2025.10765602065,2025.13402936445,NA,NA,NA
5349,5350,REU.4.4_1,REU.4.4_1,0.0802777250974365,0.55028734604871,0.470009620951274,2025.05378079325,2025.13405851835,NA,NA,NA
5140,698,REU.4.3_1,REU.4.3_1,0.122988311702791,0.550475403046101,0.42748709134331,2025.01125826364,2025.13424657534,CHIKV_RUN_S19b26_2025,55.52638,-21.268283
3148,3050,REU.3.1_1,REU.4.6_1,0.0979069215989252,0.550475403046101,0.452568481447176,2025.03633965374,2025.13424657534,CHIKV_RUN_S13b11_2025,55.435536,-21.257653
5348,1268,REU.4.4_1,REU.4.8_1,0.0820860700599064,0.550475403046101,0.468389332986195,2025.05216050528,2025.13424657534,CHIKV_RUN_S18b44_2025,55.514915,-21.355031
4730,292,REU.4.3_1,REU.4.3_1,0.0812707599236018,0.550475403046101,0.469204643122499,2025.05297581542,2025.13424657534,CHIKV_RUN_S13b13_2025,55.512674,-21.268748
3213,2216,REU.3.1_1,REU.2.4_1,0.0740321151799779,0.550475403046101,0.476443287866123,2025.06021446016,2025.13424657534,CHIKV_RUN_S19b30_2025,55.512272,-20.915952
6019,2521,REU.4.1_1,REU.4.1_1,0.0738609148554117,0.550475403046101,0.476614488190689,2025.06038566049,2025.13424657534,CHIKV_RUN_S23b44_2025,55.4794,-21.16923
3434,2674,REU.3.1_1,REU.4.6_1,0.0695659932302115,0.550475403046101,0.48090940981589,2025.06468058211,2025.13424657534,CHIKV_RUN_S18b33_2025,55.444541,-21.25901
5224,805,REU.4.3_1,REU.4.8_1,0.0690921066075938,0.550475403046101,0.481383296438507,2025.06515446874,2025.13424657534,CHIKV_RUN_S23b55_2025,55.476564,-21.287283
3625,2905,REU.2.3_1,REU.2.4_1,0.061625135187283,0.550475403046101,0.488850267858818,2025.07262144016,2025.13424657534,CHIKV_RUN_S13b03_2025,55.523873,-20.949386
4256,1507,REU.4.3_1,REU.4.3_1,0.0612373062123545,0.550475403046101,0.489238096833747,2025.07300926913,2025.13424657534,CHIKV_RUN_S19b06_2025,55.51281,-21.269356
5939,2614,REU.3.1_1,REU.3.1_1,0.0609502454416172,0.550475403046101,0.489525157604484,2025.0732963299,2025.13424657534,CHIKV_RUN_S19b38_2025,55.377324,-21.264243
4609,1867,REU.2.3_1,REU.2.3_1,0.0604619575009139,0.550475403046101,0.490013445545187,2025.07378461784,2025.13424657534,CHIKV_RUN_S27b73_2025,55.458259,-20.896785
4282,1739,REU.4.3_1,REU.4.3_1,0.0569088442353736,0.550475403046101,0.493566558810727,2025.07733773111,2025.13424657534,CHIKV_RUN_S23b47_2025,55.511287,-21.237062
5840,1808,REU.4.6_1,REU.4.6_1,0.0560065777756884,0.550475403046101,0.494468825270413,2025.07823999757,2025.13424657534,CHIKV_RUN_S17b78_2025,55.439832,-21.265983
4295,106,REU.4.3_1,REU.4.3_1,0.0501651521671627,0.550475403046101,0.500310250878938,2025.08408142318,2025.13424657534,CHIKV_RUN_S18b63_2025,55.520954,-21.25887
5081,859,REU.4.3_1,REU.4.8_1,0.0404797529337907,0.550475403046101,0.50999565011231,2025.09376682241,2025.13424657534,CHIKV_RUN_S19b21_2025,55.475929,-21.289003
5647,2625,REU.3.4_1,REU.3.4_1,0.0382727228879138,0.550475403046101,0.512202680158187,2025.09597385245,2025.13424657534,CHIKV_RUN_S19b36_2025,55.30434,-21.171184
4233,1505,REU.3.1_1,REU.3.2_1,0.034313915014681,0.550475403046101,0.51616148803142,2025.09993266033,2025.13424657534,CHIKV_RUN_S19b39_2025,55.34103,-21.228618
4126,1274,REU.4.3_1,REU.2.3_1,0.0315291502061601,0.550475403046101,0.518946252839941,2025.10271742514,2025.13424657534,CHIKV_RUN_S23b15_2025,55.458141,-20.895445
5834,3104,REU.3.4_1,REU.3.4_1,0.0305566823174328,0.550475403046101,0.519918720728668,2025.10368989303,2025.13424657534,CHIKV_RUN_S13b04_2025,55.337103,-21.199327
5305,1228,REU.4.4_1,REU.4.4_1,0.0295877624478968,0.550475403046101,0.520887640598204,2025.10465881289,2025.13424657534,CHIKV_RUN_S19b35_2025,55.558329,-21.342406
5706,2141,REU.4.3_1,REU.4.6_1,0.0257912126877462,0.550475403046101,0.524684190358355,2025.10845536265,2025.13424657534,CHIKV_RUN_S19b11_2025,55.429417,-21.243485
5566,2045,REU.3.1_1,REU.3.1_1,0.0241875052771288,0.550475403046101,0.526287897768972,2025.11005907007,2025.13424657534,CHIKV_RUN_S23b49_2025,55.359209,-21.247912
6041,2481,REU.3.5_1,REU.3.3_1,0.0208498015181642,0.550475403046101,0.529625601527937,2025.11339677382,2025.13424657534,CHIKV_RUN_S19b19_2025,55.293694,-21.099441
6212,26,REU.2.3_1,REU.4.8_1,0.0201334430421878,0.550475403046101,0.530341960003913,2025.1141131323,2025.13424657534,CHIKV_RUN_S23b36_2025,55.50449,-21.295056
5286,1272,REU.4.3_1,REU.2.3_1,0.0201039672756342,0.550475403046101,0.530371435770467,2025.11414260807,2025.13424657534,CHIKV_RUN_S27b55_2025,55.506388,-20.923243
3499,2999,REU.4.6_1,REU.4.6_1,0.0193066241392426,0.550475403046101,0.531168778906858,2025.1149399512,2025.13424657534,CHIKV_RUN_S19b17_2025,55.417009,-21.287892
5071,822,REU.2.3_1,REU.2.4_1,0.0186259010827985,0.550475403046101,0.531849501963302,2025.11562067426,2025.13424657534,CHIKV_RUN_S19b32_2025,55.526424,-20.916915
4688,2265,REU.4.8_1,REU.4.8_1,0.0170154287230925,0.550475403046101,0.533459974323009,2025.11723114662,2025.13424657534,CHIKV_RUN_S13b06_2025,55.490219,-21.272538
6186,50,REU.3.1_1,REU.3.1_1,0.0142760217355373,0.550475403046101,0.536199381310564,2025.11997055361,2025.13424657534,CHIKV_RUN_S13b09_2025,55.336864,-21.267742
6186,51,REU.3.1_1,REU.3.1_1,0.0142760217355373,0.550475403046101,0.536199381310564,2025.11997055361,2025.13424657534,CHIKV_RUN_S27b32_2025,55.337372,-21.27396
5092,797,REU.4.8_1,REU.4.8_1,0.0140542238542375,0.550475403046101,0.536421179191864,2025.12019235149,2025.13424657534,CHIKV_RUN_S23b43_2025,55.476218,-21.288093
5177,778,REU.4.3_1,REU.4.3_1,0.0126984152628375,0.550475403046101,0.537776987783263,2025.12154816008,2025.13424657534,CHIKV_RUN_S23b50_2025,55.50159,-21.262261
4955,1687,REU.4.8_1,REU.4.8_1,0.0104488945600507,0.550475403046101,0.54002650848605,2025.12379768078,2025.13424657534,CHIKV_RUN_S23b52_2025,55.482481,-21.305879
5452,1604,REU.4.3_1,REU.4.3_1,0.00982619623634973,0.550475403046101,0.540649206809751,2025.12442037911,2025.13424657534,CHIKV_RUN_S18b64_2025,55.522895,-21.284184
6073,3084,REU.4.3_1,REU.4.3_1,0.00865676144286698,0.550475403046101,0.541818641603234,2025.1255898139,2025.13424657534,CHIKV_RUN_S19b23_2025,55.542561,-21.235936
3486,2963,REU.3.4_1,REU.3.4_1,0.00701388999842878,0.550475403046101,0.543461513047672,2025.12723268534,2025.13424657534,CHIKV_RUN_S19b37_2025,55.304716,-21.165275
4018,962,REU.3.1_1,REU.3.1_1,0.00590241810382941,0.550475403046101,0.544572984942272,2025.12834415724,2025.13424657534,CHIKV_RUN_S22b88_2025,55.374111,-21.256982
3992,1393,REU.4.8_1,REU.4.8_1,0.00575535325338783,0.550475403046101,0.544720049792713,2025.12849122209,2025.13424657534,CHIKV_RUN_S23b51_2025,55.469038,-21.284028
6014,2516,REU.4.1_1,REU.4.4_1,0.00494206669489938,0.550475403046101,0.545533336351202,2025.12930450865,2025.13424657534,CHIKV_RUN_S19b29_2025,55.560748,-21.34266
4274,1509,REU.4.3_1,REU.4.3_1,0.00312921735285765,0.550475403046101,0.547346185693243,2025.13111735799,2025.13424657534,CHIKV_RUN_S17b81_2025,55.521425,-21.286557
5930,2590,REU.2.3_1,REU.3.3_1,0.00152005611206429,0.550475403046101,0.548955346934037,2025.13272651923,2025.13424657534,CHIKV_RUN_S18b38_2025,55.307354,-21.115926
3856,1659,REU.4.3_1,REU.4.3_1,0.000217210891188868,0.550475403046101,0.550258192154912,2025.13402936445,2025.13424657534,CHIKV_RUN_S23b46_2025,55.526932,-21.256132
3380,3381,REU.4.3_1,REU.4.3_1,0.0368596063428551,0.55050943980324,0.513649833460385,2025.09742100576,2025.1342806121,NA,NA,NA
4775,4778,REU.3.5_1,REU.2.3_1,0.00912422420007686,0.5505330405012,0.541408816301123,2025.1251799886,2025.1343042128,NA,NA,NA
3263,3265,REU.4.8_1,REU.4.8_1,0.00771022960742695,0.550659198720204,0.542948969112777,2025.12672014141,2025.13443037102,NA,NA,NA
4514,4517,REU.4.3_1,REU.4.8_1,0.0389607502092739,0.550765201693317,0.511804451484043,2025.09557562378,2025.13453637399,NA,NA,NA
3406,3412,REU.3.1_1,REU.3.1_1,0.0780867223272366,0.550802742923427,0.47271602059619,2025.05648719289,2025.13457391522,NA,NA,NA
5127,5129,REU.4.3_1,REU.4.3_1,0.0181360369692327,0.550896401257222,0.532760364287989,2025.11653153658,2025.13466757355,NA,NA,NA
4739,4741,REU.4.3_1,REU.4.3_1,0.0521390552412523,0.550968377779306,0.498829322538054,2025.08260049483,2025.13473955008,NA,NA,NA
5414,5415,REU.2.3_1,REU.2.3_1,0.0163047793722576,0.550968506965554,0.534663727593297,2025.11843489989,2025.13473967926,NA,NA,NA
3384,3385,REU.4.8_1,REU.4.8_1,0.0209090355014596,0.551072422098026,0.530163386596566,2025.11393455889,2025.13484359439,NA,NA,NA
5418,5419,REU.2.3_1,REU.2.3_1,0.00618965553076989,0.551098154856166,0.544908499325396,2025.12867967162,2025.13486932715,NA,NA,NA
4949,4950,REU.4.8_1,REU.4.8_1,0.0442680241540433,0.551143226818932,0.506875202664889,2025.09064637496,2025.13491439912,NA,NA,NA
3332,3333,REU.3.1_1,REU.3.1_1,0.0130929290202141,0.551170640766996,0.538077711746782,2025.12184888404,2025.13494181306,NA,NA,NA
4924,4925,REU.4.3_1,REU.4.3_1,0.0115494373406071,0.551200047185183,0.539650609844576,2025.12342178214,2025.13497121948,NA,NA,NA
4619,4621,REU.4.3_1,REU.4.3_1,0.0495194964196699,0.551455725346081,0.501936228926411,2025.08570740122,2025.13522689764,NA,NA,NA
4789,4790,REU.3.5_1,REU.3.5_1,0.0186241453948162,0.551461127333409,0.532836981938593,2025.11660815424,2025.13523229963,NA,NA,NA
3610,3612,REU.2.3_1,REU.2.3_1,0.0161014554038528,0.55149820541487,0.535396750011017,2025.11916792231,2025.13526937771,NA,NA,NA
3477,3479,REU.3.4_1,REU.3.4_1,0.0769821236606664,0.551548150423771,0.474566026763104,2025.05833719906,2025.13531932272,NA,NA,NA
3160,3161,REU.3.1_1,REU.3.1_1,0.0725321965926722,0.5516549625598,0.479122765967128,2025.06289393826,2025.13542613486,NA,NA,NA
6144,6145,REU.3.1_1,REU.4.8_1,0.0024730130151388,0.551766773743593,0.549293760728454,2025.13306493303,2025.13553794604,NA,NA,NA
3619,3623,REU.2.3_1,REU.2.3_1,0.0931065097156602,0.551897565585064,0.458791055869404,2025.04256222817,2025.13566873788,NA,NA,NA
5821,5824,REU.4.8_1,REU.4.8_1,0.0538015940965724,0.552013070938594,0.498211476842021,2025.08198264914,2025.13578424324,NA,NA,NA
5965,5966,REU.3.4_1,REU.4.3_1,0.0186540902277567,0.552059678367102,0.533405588139346,2025.11717676044,2025.13583085066,NA,NA,NA
4529,4530,REU.4.8_1,REU.2.3_1,0.0253373017768711,0.552187739166624,0.526850437389753,2025.11062160969,2025.13595891146,NA,NA,NA
6175,6179,REU.3.5_1,REU.3.5_1,0.0719035681725168,0.552236005955427,0.48033243778291,2025.06410361008,2025.13600717825,NA,NA,NA
5500,5508,REU.3.5_1,REU.2.3_1,0.113488787783752,0.552284125326217,0.438795337542465,2025.02256650984,2025.13605529762,NA,NA,NA
5495,5496,REU.4.3_1,REU.4.3_1,0.0484375055083682,0.552324731235774,0.503887225727406,2025.08765839802,2025.13609590353,NA,NA,NA
5458,5459,REU.4.3_1,REU.4.3_1,0.0404808282480056,0.552352384426883,0.511871556178878,2025.09564272848,2025.13612355672,NA,NA,NA
4636,4637,REU.4.3_1,REU.4.3_1,0.0375511994995292,0.552392770090309,0.51484157059078,2025.09861274289,2025.13616394239,NA,NA,NA
3893,3894,REU.2.3_1,REU.2.3_1,0.0338151228070366,0.55253200675385,0.518716883946813,2025.10248805624,2025.13630317905,NA,NA,NA
4824,4825,REU.4.3_1,REU.4.8_1,0.0461706725900927,0.55261388490589,0.506443212315797,2025.09021438461,2025.1363850572,NA,NA,NA
6157,6160,REU.3.1_1,REU.3.1_1,0.0120319867294734,0.552643254935483,0.54061126820601,2025.1243824405,2025.13641442723,NA,NA,NA
3170,3173,REU.3.1_1,REU.3.1_1,0.035345738684662,0.55264563151178,0.517299892827118,2025.10107106512,2025.13641680381,NA,NA,NA
4844,4845,REU.2.4_1,REU.2.4_1,0.0173306632793735,0.552667653187204,0.53533698990783,2025.1191081622,2025.13643882548,NA,NA,NA
4621,4622,REU.4.3_1,REU.4.3_1,0.00122035661305209,0.552676081959133,0.551455725346081,2025.13522689764,2025.13644725426,NA,NA,NA
5045,5049,REU.4.3_1,REU.4.3_1,0.0418713228445619,0.552830626475821,0.510959303631259,2025.09473047593,2025.13660179877,NA,NA,NA
3721,3727,REU.3.4_1,REU.2.3_1,0.023632116883481,0.55288470784194,0.529252590958459,2025.11302376325,2025.13665588014,NA,NA,NA
4219,4220,REU.4.3_1,REU.4.3_1,0.0601260147488049,0.552897265429773,0.492771250680968,2025.07654242298,2025.13666843773,NA,NA,NA
5914,5915,REU.4.3_1,REU.4.3_1,0.00770423631136619,0.552904087901562,0.545199851590196,2025.12897102389,2025.1366752602,NA,NA,NA
4176,4177,REU.2.3_1,REU.2.3_1,0.0181569453651895,0.552916222749996,0.534759277384807,2025.11853044968,2025.13668739505,NA,NA,NA
6021,6022,REU.4.1_1,REU.4.1_1,0.0124476577663365,0.552988433756273,0.540540775989936,2025.12431194829,2025.13675960605,NA,NA,NA
4185,4187,REU.4.3_1,REU.4.3_1,0.0289922536013192,0.553011316177057,0.524019062575737,2025.10779023487,2025.13678248847,NA,NA,NA
5185,5191,REU.4.6_1,REU.4.6_1,0.0210286156826909,0.553065335202395,0.532036719519704,2025.11580789182,2025.1368365075,NA,NA,NA
5339,5344,REU.4.4_1,REU.4.4_1,0.0254959923201377,0.553109360335384,0.527613368015246,2025.11138454031,2025.13688053263,NA,NA,NA
4220,4221,REU.4.3_1,REU.4.3_1,0.000233983188816733,0.55313124861859,0.552897265429773,2025.13666843773,2025.13690242092,NA,NA,NA
5264,5268,REU.4.3_1,REU.3.5_1,0.0297500787187696,0.55315771157135,0.523407632852581,2025.10717880515,2025.13692888387,NA,NA,NA
3423,3424,REU.3.1_1,REU.3.2_1,0.109612021512782,0.553205764503823,0.443593742991041,2025.02736491529,2025.1369769368,NA,NA,NA
4507,510,REU.4.3_1,REU.4.3_1,0.0990706385656526,0.553215129073458,0.454144490507806,2025.0379156628,2025.13698630137,CHIKV_RUN_S13b37_2025,55.519152,-21.283831
3293,1805,REU.3.4_1,REU.3.5_1,0.0798026630232314,0.553215129073458,0.473412466050227,2025.05718363835,2025.13698630137,CHIKV_RUN_S23b37_2025,55.225157,-21.049878
4248,1525,REU.4.3_1,REU.4.6_1,0.0627675011102996,0.553215129073458,0.490447627963159,2025.07421880026,2025.13698630137,CHIKV_RUN_S13b24_2025,55.423689,-21.278184
3705,2652,REU.3.2_1,REU.3.2_1,0.0575546208312071,0.553215129073458,0.495660508242251,2025.07943168054,2025.13698630137,CHIKV_RUN_S13b12_2025,55.345944,-21.243348
5213,723,REU.4.8_1,REU.3.2_1,0.0532199422367937,0.553215129073458,0.499995186836665,2025.08376635913,2025.13698630137,CHIKV_RUN_S23b09_2025,55.348294,-21.250162
6058,2489,REU.4.8_1,REU.2.3_1,0.0472892545891693,0.553215129073458,0.505925874484289,2025.08969704678,2025.13698630137,CHIKV_RUN_S13b07_2025,55.445317,-20.896568
4249,1502,REU.4.3_1,REU.4.6_1,0.0461996685754555,0.553215129073458,0.507015460498003,2025.09078663279,2025.13698630137,CHIKV_RUN_S13b10_2025,55.43963,-21.275201
3672,2869,REU.2.3_1,REU.2.3_1,0.0456081312816093,0.553215129073458,0.507606997791849,2025.09137817009,2025.13698630137,CHIKV_RUN_S23b08_2025,55.438508,-20.917408
3890,361,REU.4.3_1,REU.4.3_1,0.0395067465952901,0.553215129073458,0.513708382478168,2025.09747955477,2025.13698630137,CHIKV_RUN_S27b62_2025,55.516227,-21.284258
3514,2947,REU.3.4_1,REU.3.4_1,0.0363867100618437,0.553215129073458,0.516828419011615,2025.10059959131,2025.13698630137,CHIKV_RUN_S22b93_2025,55.302189,-21.155191
3331,2572,REU.3.1_1,REU.3.4_1,0.0335094598077839,0.553215129073458,0.519705669265675,2025.10347684156,2025.13698630137,CHIKV_RUN_S27b49_2025,55.302825,-21.172742
3478,2992,REU.3.4_1,REU.3.4_1,0.0288122404426007,0.553215129073458,0.524402888630858,2025.10817406093,2025.13698630137,CHIKV_RUN_S23b05_2025,55.332328,-21.200933
3655,2856,REU.2.3_1,REU.2.4_1,0.0221418883074056,0.553215129073458,0.531073240766053,2025.11484441306,2025.13698630137,CHIKV_RUN_S22b79_2025,55.525772,-20.947701
5902,2273,REU.4.8_1,REU.3.2_1,0.0178064345583019,0.553215129073458,0.535408694515156,2025.11917986681,2025.13698630137,CHIKV_RUN_S23b11_2025,55.329478,-21.236768
3919,1395,REU.4.3_1,REU.4.3_1,0.0124831110213326,0.553215129073458,0.540732018052126,2025.12450319035,2025.13698630137,CHIKV_RUN_S23b38_2025,55.500238,-21.272496
5178,713,REU.4.8_1,REU.4.3_1,0.00986004266611118,0.553215129073458,0.543355086407347,2025.1271262587,2025.13698630137,CHIKV_RUN_S13b16_2025,55.498688,-21.266812
5178,699,REU.4.8_1,REU.4.8_1,0.00986004266611118,0.553215129073458,0.543355086407347,2025.1271262587,2025.13698630137,CHIKV_RUN_S13b17_2025,55.465843,-21.338615
4612,1380,REU.2.3_1,REU.3.5_1,0.00898040357960939,0.553215129073458,0.544234725493849,2025.12800589779,2025.13698630137,CHIKV_RUN_S27b43_2025,55.291935,-21.023551
4707,2267,REU.4.8_1,REU.1.3_1,0.00746663757800559,0.553215129073458,0.545748491495453,2025.12951966379,2025.13698630137,CHIKV_RUN_S27b71_2025,55.646697,-20.962993
3929,1599,REU.4.8_1,REU.4.8_1,0.00489418562713206,0.553215129073458,0.548320943446326,2025.13209211574,2025.13698630137,CHIKV_RUN_S13b05_2025,55.495701,-21.271895
3874,354,REU.4.2_1,REU.4.2_1,0.0048786199550539,0.553215129073458,0.548336509118404,2025.13210768141,2025.13698630137,CHIKV_RUN_S23b18_2025,55.467584,-21.239789
3161,2819,REU.3.1_1,REU.3.1_1,0.00156016651365798,0.553215129073458,0.5516549625598,2025.13542613486,2025.13698630137,CHIKV_RUN_S22b78_2025,55.362398,-21.254601
4530,404,REU.2.3_1,REU.2.3_1,0.00102738990683449,0.553215129073458,0.552187739166624,2025.13595891146,2025.13698630137,CHIKV_RUN_S27b59_2025,55.421652,-20.888192
5753,5754,REU.3.4_1,REU.3.4_1,0.060296967087972,0.553223623759572,0.4929266566716,2025.07669782897,2025.13699479606,NA,NA,NA
4981,4984,REU.4.3_1,REU.4.3_1,0.0329615288743679,0.553228243954543,0.520266715080175,2025.10403788738,2025.13699941625,NA,NA,NA
5817,5818,REU.4.8_1,REU.3.5_1,0.0241021308041444,0.553241972426254,0.529139841622109,2025.11291101392,2025.13701314472,NA,NA,NA
3812,3815,REU.4.5_1,REU.4.5_1,0.0370385252192416,0.553298541935676,0.516260016716435,2025.10003118901,2025.13706971423,NA,NA,NA
6081,6082,REU.4.2_1,REU.4.2_1,0.0310509074494879,0.553302573508703,0.522251666059215,2025.10602283836,2025.1370737458,NA,NA,NA
6045,6047,REU.3.4_1,REU.2.3_1,0.00518849836160606,0.553304900422586,0.54811640206098,2025.13188757436,2025.13707607272,NA,NA,NA
4491,4492,REU.4.3_1,REU.4.3_1,0.0552093211623789,0.553368182922727,0.498158861760348,2025.08193003406,2025.13713935522,NA,NA,NA
4790,4791,REU.3.5_1,REU.3.5_1,0.00196328446970973,0.553424411803119,0.551461127333409,2025.13523229963,2025.1371955841,NA,NA,NA
3250,3255,REU.4.8_1,REU.4.8_1,0.00611205834151707,0.553426351268201,0.547314292926684,2025.13108546522,2025.13719752356,NA,NA,NA
3988,3989,REU.4.3_1,REU.4.3_1,0.0394331910351974,0.553439923569576,0.514006732534379,2025.09777790483,2025.13721109587,NA,NA,NA
4238,4239,REU.4.3_1,REU.4.3_1,0.034206827108033,0.553576234113024,0.519369407004991,2025.1031405793,2025.13734740641,NA,NA,NA
3791,3792,REU.4.5_1,REU.3.1_1,0.0689643136687481,0.553628878258761,0.484664564590013,2025.06843573689,2025.13740005056,NA,NA,NA
5554,5555,REU.4.5_1,REU.4.5_1,0.0169580702345098,0.553632966593753,0.536674896359243,2025.12044606866,2025.13740413889,NA,NA,NA
5857,5858,REU.4.6_1,REU.3.5_1,0.0128422008704544,0.553764366726219,0.540922165855764,2025.12469333815,2025.13753553902,NA,NA,NA
4361,4362,REU.4.3_1,REU.4.3_1,0.104690565612123,0.553875833711502,0.449185268099379,2025.0329564404,2025.13764700601,NA,NA,NA
5514,5515,REU.4.8_1,REU.4.8_1,0.025441133691677,0.553907297118661,0.528466163426984,2025.11223733572,2025.13767846942,NA,NA,NA
5566,5567,REU.3.1_1,REU.3.1_1,0.0276389006274484,0.553926798396421,0.526287897768972,2025.11005907007,2025.13769797069,NA,NA,NA
3778,3779,REU.4.5_1,REU.4.5_1,0.0561821469398079,0.553970890110691,0.497788743170883,2025.08155991547,2025.13774206241,NA,NA,NA
6091,6092,REU.3.1_1,REU.3.1_1,0.0113368839894953,0.553973062193316,0.54263617820382,2025.1264073505,2025.13774423449,NA,NA,NA
3894,3895,REU.2.3_1,REU.2.3_1,0.00147296085781912,0.554004967611669,0.55253200675385,2025.13630317905,2025.13777613991,NA,NA,NA
5045,5046,REU.4.3_1,REU.4.3_1,0.0431919401944795,0.554151243825739,0.510959303631259,2025.09473047593,2025.13792241612,NA,NA,NA
5438,5439,REU.2.3_1,REU.2.3_1,0.0161932831778085,0.554326257357105,0.538132974179297,2025.12190414648,2025.13809742965,NA,NA,NA
6108,6111,REU.3.1_1,REU.3.1_1,0.0230004045614578,0.554407776064366,0.531407371502908,2025.1151785438,2025.13817894836,NA,NA,NA
3381,3382,REU.4.3_1,REU.4.3_1,0.0039318658261891,0.554441305629429,0.55050943980324,2025.1342806121,2025.13821247793,NA,NA,NA
5585,5586,REU.4.5_1,REU.4.5_1,0.0980447789498201,0.554459117006874,0.456414338057054,2025.04018551035,2025.1382302893,NA,NA,NA
4890,4891,REU.4.3_1,REU.4.3_1,0.0313811211258701,0.554638548750726,0.523257427624856,2025.10702859992,2025.13840972105,NA,NA,NA
4194,4195,REU.4.3_1,REU.4.3_1,0.0203111584566171,0.554680761478495,0.534369603021878,2025.11814077532,2025.13845193378,NA,NA,NA
4770,4771,REU.3.5_1,REU.3.5_1,0.0293628457834088,0.554774045799186,0.525411200015777,2025.10918237231,2025.1385452181,NA,NA,NA
5318,5319,REU.4.4_1,REU.4.4_1,0.0251293983251742,0.55480394276655,0.529674544441376,2025.11344571674,2025.13857511506,NA,NA,NA
6022,6024,REU.4.1_1,REU.4.1_1,0.00181704552361461,0.554805479279887,0.552988433756273,2025.13675960605,2025.13857665158,NA,NA,NA
4557,4558,REU.2.3_1,REU.2.3_1,0.0403374894370597,0.554878546975292,0.514541057538232,2025.09831222983,2025.13864971927,NA,NA,NA
5761,5762,REU.3.4_1,REU.2.3_1,0.0263278757245142,0.555068033710198,0.528740157985683,2025.11251133028,2025.13883920601,NA,NA,NA
4473,4474,REU.4.8_1,REU.4.6_1,0.0203875583423289,0.555107690741515,0.534720132399186,2025.1184913047,2025.13887886304,NA,NA,NA
5519,5520,REU.3.1_1,REU.3.1_1,0.0391695983095846,0.555139478343866,0.515969880034281,2025.09974105233,2025.13891065064,NA,NA,NA
3412,3413,REU.3.1_1,REU.3.1_1,0.00437900852977702,0.555181751453204,0.550802742923427,2025.13457391522,2025.13895292375,NA,NA,NA
4749,4751,REU.4.8_1,REU.2.1_1,0.0202699183992474,0.555273307218713,0.535003388819465,2025.11877456112,2025.13904447952,NA,NA,NA
3920,3921,REU.4.3_1,REU.4.3_1,0.0141174847690408,0.555306284794702,0.541188800025661,2025.12495997232,2025.13907745709,NA,NA,NA
4925,4926,REU.4.3_1,REU.4.3_1,0.00416776578679812,0.555367812971981,0.551200047185183,2025.13497121948,2025.13913898527,NA,NA,NA
4628,4632,REU.4.3_1,REU.4.3_1,0.0269311556305702,0.555418011481993,0.528486855851423,2025.11225802815,2025.13918918378,NA,NA,NA
3333,3334,REU.3.1_1,REU.3.1_1,0.00430526051379332,0.555475901280789,0.551170640766996,2025.13494181306,2025.13924707358,NA,NA,NA
3936,3937,REU.4.3_1,REU.4.3_1,0.00619397611380212,0.555546476683892,0.54935250057009,2025.13312367287,2025.13931764898,NA,NA,NA
3369,3370,REU.4.3_1,REU.4.3_1,0.00689626311512215,0.555592503479244,0.548696240364122,2025.13246741266,2025.13936367578,NA,NA,NA
5793,5794,REU.3.4_1,REU.3.4_1,0.0125212776639353,0.555594651014826,0.543073373350891,2025.12684454565,2025.13936582331,NA,NA,NA
3361,3365,REU.4.8_1,REU.4.8_1,0.0105596427091001,0.555720404679267,0.545160761970167,2025.12893193427,2025.13949157698,NA,NA,NA
4029,4030,REU.4.8_1,REU.4.8_1,0.0984655405805445,0.55573254948476,0.457267008904216,2025.0410381812,2025.13950372178,NA,NA,NA
3855,3858,REU.4.3_1,REU.4.3_1,0.031935292255262,0.555820140609983,0.523884848354721,2025.10765602065,2025.13959131291,NA,NA,NA
4126,4127,REU.4.3_1,REU.4.3_1,0.0369449311891387,0.55589118402908,0.518946252839941,2025.10271742514,2025.13966235633,NA,NA,NA
5169,5170,REU.4.3_1,REU.4.3_1,0.0278970169756223,0.555893807864527,0.527996790888904,2025.11176796319,2025.13966498016,NA,NA,NA
5372,5374,REU.4.8_1,REU.4.8_1,0.0184668233871497,0.555913409413449,0.5374465860263,2025.12121775832,2025.13968458171,NA,NA,NA
5990,5991,REU.4.6_1,REU.4.6_1,0.0276466089674297,0.555922192598572,0.528275583631142,2025.11204675593,2025.1396933649,NA,NA,NA
3534,1934,REU.3.1_1,REU.3.1_1,0.163335255146597,0.555954855100816,0.392619599954219,2024.97639077225,2025.1397260274,CHIKV_RUN_S13b58_2025,55.335118,-21.265649
3940,868,REU.4.3_1,REU.2.3_1,0.111136296087167,0.555954855100816,0.444818559013649,2025.02858973131,2025.1397260274,CHIKV_RUN_S27b38_2025,55.492347,-20.899551
5607,2070,REU.4.5_1,REU.4.5_1,0.0969639281569741,0.555954855100816,0.458990926943842,2025.04276209924,2025.1397260274,CHIKV_RUN_S23b16_2025,55.59718,-21.377097
5673,2344,REU.4.5_1,REU.4.5_1,0.0627347352237084,0.555954855100816,0.493220119877107,2025.07699129217,2025.1397260274,CHIKV_RUN_S23b07_2025,55.630522,-21.371802
4148,1733,REU.4.3_1,REU.4.3_1,0.0534951379467612,0.555954855100816,0.502459717154055,2025.08623088945,2025.1397260274,CHIKV_RUN_S13b34_2025,55.513356,-21.298012
4072,1454,REU.4.3_1,REU.4.3_1,0.0515440914647465,0.555954855100816,0.504410763636069,2025.08818193593,2025.1397260274,CHIKV_RUN_S22b94_2025,55.511103,-21.289659
3469,2969,REU.3.4_1,REU.3.4_1,0.0493934880159953,0.555954855100816,0.50656136708482,2025.09033253938,2025.1397260274,CHIKV_RUN_S13b25_2025,55.334736,-21.20266
5353,1233,REU.4.8_1,REU.4.4_1,0.0479840847194389,0.555954855100816,0.507970770381377,2025.09174194268,2025.1397260274,CHIKV_RUN_S13b40_2025,55.558109,-21.324034
6216,49,REU.2.3_1,REU.2.3_1,0.0421018972252901,0.555954855100816,0.513852957875526,2025.09762413017,2025.1397260274,CHIKV_RUN_S23b10_2025,55.463205,-20.90265
4238,1533,REU.4.3_1,REU.4.3_1,0.0365854480958251,0.555954855100816,0.519369407004991,2025.1031405793,2025.1397260274,CHIKV_RUN_S23b01_2025,55.513316,-21.271407
5460,2848,REU.4.8_1,REU.4.8_1,0.0328404541170326,0.555954855100816,0.523114400983783,2025.10688557328,2025.1397260274,CHIKV_RUN_S13b30_2025,55.459048,-21.298286
5078,701,REU.4.3_1,REU.4.3_1,0.027227431629625,0.555954855100816,0.528727423471191,2025.11249859577,2025.1397260274,CHIKV_RUN_S23b03_2025,55.50785,-21.284289
5318,1235,REU.4.4_1,REU.4.4_1,0.0262803106594399,0.555954855100816,0.529674544441376,2025.11344571674,2025.1397260274,CHIKV_RUN_S13b15_2025,55.558008,-21.324226
4005,955,REU.3.5_1,REU.3.5_1,0.0260434150494456,0.555954855100816,0.52991144005137,2025.11368261235,2025.1397260274,CHIKV_RUN_S27b54_2025,55.272764,-21.02348
3556,2450,REU.3.4_1,REU.3.4_1,0.0229224988761088,0.555954855100816,0.533032356224707,2025.11680352852,2025.1397260274,CHIKV_RUN_S13b22_2025,55.313319,-21.218922
5923,2260,REU.4.3_1,REU.4.3_1,0.0203169317391345,0.555954855100816,0.535637923361681,2025.11940909566,2025.1397260274,CHIKV_RUN_S21b33_2025,55.535584,-21.313371
6071,2025,REU.4.6_1,REU.3.3_1,0.017704402428623,0.555954855100816,0.538250452672193,2025.12202162497,2025.1397260274,CHIKV_RUN_S27b41_2025,55.262517,-21.124253
4958,1696,REU.4.8_1,REU.4.8_1,0.0137663060714397,0.555954855100816,0.542188549029376,2025.12595972133,2025.1397260274,CHIKV_RUN_S13b29_2025,55.493933,-21.296436
4831,362,REU.4.3_1,REU.4.3_1,0.00713066838185983,0.555954855100816,0.548824186718956,2025.13259535902,2025.1397260274,CHIKV_RUN_S13b28_2025,55.50899,-21.284725
5344,1264,REU.4.4_1,REU.4.4_1,0.0028454947654315,0.555954855100816,0.553109360335384,2025.13688053263,2025.1397260274,CHIKV_RUN_S13b23_2025,55.561586,-21.343243
5268,113,REU.3.5_1,REU.3.5_1,0.00279714352946525,0.555954855100816,0.55315771157135,2025.13692888387,2025.1397260274,CHIKV_RUN_S27b53_2025,55.272973,-21.026106
4751,141,REU.2.1_1,REU.2.1_1,0.000681547882103173,0.555954855100816,0.555273307218713,2025.13904447952,2025.1397260274,CHIKV_RUN_S27b28_2025,55.340034,-20.92723
4006,4007,REU.3.5_1,REU.3.5_1,0.0250543612761585,0.556024769757806,0.530970408481648,2025.11474158078,2025.13979594205,NA,NA,NA
5429,5430,REU.2.3_1,REU.2.3_1,0.0322009481274289,0.556057006788014,0.523856058660585,2025.10762723096,2025.13982817908,NA,NA,NA
4296,4297,REU.4.3_1,REU.4.4_1,0.0256865528774696,0.556124265345695,0.530437712468226,2025.11420888476,2025.13989543764,NA,NA,NA
5824,5825,REU.4.8_1,REU.4.8_1,0.00413137701390276,0.556144447952496,0.552013070938594,2025.13578424324,2025.13991562025,NA,NA,NA
5443,5445,REU.4.3_1,REU.2.3_1,0.0875047684120775,0.556280181936444,0.468775413524366,2025.05254658582,2025.14005135423,NA,NA,NA
4038,4039,REU.4.8_1,REU.4.8_1,0.0258425304376426,0.556372505361192,0.53052997492355,2025.11430114722,2025.14014367766,NA,NA,NA
5754,5755,REU.3.4_1,REU.3.4_1,0.00333887508723718,0.556562498846809,0.553223623759572,2025.13699479606,2025.14033367114,NA,NA,NA
5568,5569,REU.4.5_1,REU.4.5_1,0.0490583480083888,0.556609290728573,0.507550942720184,2025.09132211502,2025.14038046302,NA,NA,NA
5460,5461,REU.4.8_1,REU.4.3_1,0.0335226292889144,0.556637030272698,0.523114400983783,2025.10688557328,2025.14040820257,NA,NA,NA
5264,5265,REU.4.3_1,REU.4.3_1,0.0332518455884931,0.556659478441074,0.523407632852581,2025.10717880515,2025.14043065074,NA,NA,NA
4723,4724,REU.4.3_1,REU.3.5_1,0.0194877378006951,0.55669242944349,0.537204691642794,2025.12097586394,2025.14046360174,NA,NA,NA
4845,4846,REU.2.4_1,REU.2.4_1,0.00413893616996708,0.556806589357171,0.552667653187204,2025.13643882548,2025.14057776165,NA,NA,NA
4326,4327,REU.3.5_1,REU.3.5_1,0.0613182486115631,0.556820069502898,0.495501820891335,2025.07927299319,2025.1405912418,NA,NA,NA
5161,5172,REU.4.3_1,REU.4.3_1,0.0885375158535864,0.556821835345495,0.468284319491908,2025.05205549179,2025.14059300764,NA,NA,NA
3964,3985,REU.2.3_1,REU.2.3_1,0.0585196116437213,0.556828450438954,0.498308838795233,2025.08208001109,2025.14059962274,NA,NA,NA
4298,4299,REU.4.3_1,REU.4.3_1,0.0151975695071656,0.556829001549399,0.541631432042234,2025.12540260434,2025.14060017385,NA,NA,NA
4637,4638,REU.4.3_1,REU.4.3_1,0.00444576087527282,0.556838530965582,0.552392770090309,2025.13616394239,2025.14060970326,NA,NA,NA
3655,3656,REU.2.3_1,REU.2.3_1,0.0259316178167747,0.557004858582827,0.531073240766053,2025.11484441306,2025.14077603088,NA,NA,NA
3979,3983,REU.2.3_1,REU.2.3_1,0.0149865187920242,0.557120315476223,0.542133796684199,2025.12590496898,2025.14089148777,NA,NA,NA
4865,4866,REU.4.3_1,REU.4.3_1,0.0343008228104881,0.557206092438728,0.52290526962824,2025.10667644192,2025.14097726474,NA,NA,NA
3768,3780,REU.4.5_1,REU.4.5_1,0.0856844708151133,0.5572378773472,0.471553406532086,2025.05532457883,2025.14100904964,NA,NA,NA
6095,6099,REU.4.8_1,REU.4.8_1,0.0187290541059874,0.557313286673147,0.538584232567159,2025.12235540486,2025.14108445897,NA,NA,NA
6074,6078,REU.3.1_1,REU.3.1_1,0.159865404081164,0.557370680962705,0.397505276881541,2024.98127644918,2025.14114185326,NA,NA,NA
4006,4009,REU.3.5_1,REU.3.5_1,0.0264986155604002,0.557469024042048,0.530970408481648,2025.11474158078,2025.14124019634,NA,NA,NA
3404,3405,REU.3.1_1,REU.3.1_1,0.087968269335381,0.557554470751467,0.469586201416086,2025.05335737371,2025.14132564305,NA,NA,NA
5354,5357,REU.4.8_1,REU.4.8_1,0.0253977024214163,0.557560575531699,0.532162873110283,2025.11593404541,2025.14133174783,NA,NA,NA
5265,5267,REU.4.3_1,REU.4.3_1,0.00093065383246671,0.557590132273541,0.556659478441074,2025.14043065074,2025.14136130457,NA,NA,NA
4474,4475,REU.4.6_1,REU.4.6_1,0.00272755449975504,0.55783524524127,0.555107690741515,2025.13887886304,2025.14160641754,NA,NA,NA
4660,4661,REU.4.3_1,REU.4.3_1,0.0361908291422356,0.557905994917261,0.521715165775026,2025.10548633807,2025.14167716721,NA,NA,NA
4007,4008,REU.3.5_1,REU.3.5_1,0.00193084616241879,0.557955615920225,0.556024769757806,2025.13979594205,2025.14172678822,NA,NA,NA
5805,5806,REU.2.3_1,REU.2.3_1,0.018579896306022,0.558032626205312,0.53945272989929,2025.1232239022,2025.1418037985,NA,NA,NA
4283,4289,REU.4.3_1,REU.4.8_1,0.0634655657250393,0.558099160988275,0.494633595263235,2025.07840476756,2025.14187033328,NA,NA,NA
4179,4180,REU.4.3_1,REU.4.5_1,0.103219623262722,0.55812247183863,0.454902848575908,2025.03867402087,2025.14189364414,NA,NA,NA
4655,4657,REU.4.3_1,REU.4.3_1,0.0233163179512449,0.558224788088016,0.534908470136771,2025.11867964243,2025.14199596038,NA,NA,NA
3545,3546,REU.4.3_1,REU.4.3_1,0.0206002026209979,0.55823395631608,0.537633753695082,2025.12140492599,2025.14200512861,NA,NA,NA
5216,5217,REU.4.3_1,REU.4.3_1,0.126476811955521,0.558259210372948,0.431782398417427,2025.01555357071,2025.14203038267,NA,NA,NA
3710,3712,REU.3.1_1,REU.3.1_1,0.0603186468160009,0.558311789082704,0.497993142266703,2025.08176431456,2025.14208296138,NA,NA,NA
4138,4139,REU.4.3_1,REU.4.3_1,0.016748585476271,0.55834776111258,0.541599175636309,2025.12537034793,2025.14211893341,NA,NA,NA
5288,5289,REU.4.8_1,REU.4.8_1,0.00884709631044223,0.558501813309584,0.549654716999142,2025.1334258893,2025.14227298561,NA,NA,NA
4486,4487,REU.4.3_1,REU.4.3_1,0.0892465825423548,0.558641092328925,0.46939450978657,2025.05316568208,2025.14241226463,NA,NA,NA
4498,4499,REU.4.3_1,REU.4.8_1,0.0660290344010777,0.558688757955891,0.492659723554813,2025.07643089585,2025.14245993025,NA,NA,NA
5056,668,REU.4.3_1,REU.4.8_1,0.0967419881495953,0.558694581128173,0.461952592978578,2025.04572376527,2025.14246575342,CHIKV_RUN_S13b31_2025,55.475168,-21.291116
3447,2945,REU.3.4_1,REU.3.4_1,0.0945669544260836,0.558694581128173,0.46412762670209,2025.047898799,2025.14246575342,CHIKV_RUN_S21b68_2025,55.306796,-21.167113
3933,1292,REU.4.3_1,REU.4.3_1,0.0863858517020573,0.558694581128173,0.472308729426116,2025.05607990172,2025.14246575342,CHIKV_RUN_S13b38_2025,55.500433,-21.268068
3606,2931,REU.2.3_1,REU.1.3_1,0.074947742175194,0.558694581128173,0.483746838952979,2025.06751801125,2025.14246575342,CHIKV_RUN_S22b68_2025,55.650143,-20.945776
5864,2151,REU.4.6_1,REU.4.6_1,0.0648523291203116,0.558694581128173,0.493842252007862,2025.0776134243,2025.14246575342,CHIKV_RUN_S22b19_2025,55.448136,-21.27193
4277,1512,REU.4.3_1,REU.4.3_1,0.0529826004466109,0.558694581128173,0.505711980681562,2025.08948315298,2025.14246575342,CHIKV_RUN_S21b66_2025,55.514184,-21.270686
3522,2482,REU.4.6_1,REU.4.6_1,0.0477244779245698,0.558694581128173,0.510970103203603,2025.0947412755,2025.14246575342,CHIKV_RUN_S13b33_2025,55.417117,-21.288149
5110,743,REU.2.3_1,REU.2.3_1,0.0476870451909013,0.558694581128173,0.511007535937272,2025.09477870823,2025.14246575342,CHIKV_RUN_S27b37_2025,55.447153,-20.898216
4184,1278,REU.4.3_1,REU.3.5_1,0.0475439785775901,0.558694581128173,0.511150602550583,2025.09492177485,2025.14246575342,CHIKV_RUN_S13b75_2025,55.267193,-21.088881
3988,1161,REU.4.3_1,REU.3.5_1,0.044687848593794,0.558694581128173,0.514006732534379,2025.09777790483,2025.14246575342,CHIKV_RUN_S22b71_2025,55.256024,-21.069379
3579,2409,REU.3.4_1,REU.3.4_1,0.0439320431023644,0.558694581128173,0.514762538025809,2025.09853371032,2025.14246575342,CHIKV_RUN_S22b65_2025,55.313137,-21.219563
4137,364,REU.4.3_1,REU.4.3_1,0.0405114693570625,0.558694581128173,0.518183111771111,2025.10195428407,2025.14246575342,CHIKV_RUN_S22b80_2025,55.51826,-21.283594
5706,2755,REU.4.3_1,REU.4.3_1,0.0340103907698184,0.558694581128173,0.524684190358355,2025.10845536265,2025.14246575342,CHIKV_RUN_S22b72_2025,55.503945,-21.272541
6155,2322,REU.3.1_1,REU.3.2_1,0.0321070494033537,0.558694581128173,0.526587531724819,2025.11035870402,2025.14246575342,CHIKV_RUN_S22b54_2025,55.350756,-21.250515
3461,2981,REU.3.4_1,REU.3.4_1,0.0273214391954816,0.558694581128173,0.531373141932692,2025.11514431423,2025.14246575342,CHIKV_RUN_S21b73_2025,55.305466,-21.164923
3278,2641,REU.3.1_1,REU.3.1_1,0.0234001803121142,0.558694581128173,0.535294400816059,2025.11906557311,2025.14246575342,CHIKV_RUN_S13b36_2025,55.361274,-21.254655
4354,1462,REU.4.3_1,REU.4.5_1,0.0198859967079847,0.558694581128173,0.538808584420188,2025.12257975672,2025.14246575342,CHIKV_RUN_S22b73_2025,55.595541,-21.376879
3742,2410,REU.3.4_1,REU.3.4_1,0.0180528487496894,0.558694581128173,0.540641732378484,2025.12441290467,2025.14246575342,CHIKV_RUN_S21b87_2025,55.312945,-21.22104
3819,248,REU.4.5_1,REU.4.7_1,0.0160097347364128,0.558694581128173,0.54268484639176,2025.12645601869,2025.14246575342,CHIKV_RUN_S13b39_2025,55.722794,-21.369702
4778,114,REU.2.3_1,REU.2.3_1,0.00816154062697283,0.558694581128173,0.5505330405012,2025.1343042128,2025.14246575342,CHIKV_RUN_S22b20_2025,55.485603,-20.893484
3894,357,REU.2.3_1,REU.2.3_1,0.00616257437432333,0.558694581128173,0.55253200675385,2025.13630317905,2025.14246575342,CHIKV_RUN_S27b50_2025,55.489878,-20.901869
3382,1774,REU.4.3_1,REU.4.3_1,0.00425327549874399,0.558694581128173,0.554441305629429,2025.13821247793,2025.14246575342,CHIKV_RUN_S22b52_2025,55.509157,-21.285937
5794,2367,REU.3.4_1,REU.3.4_1,0.00309993011334686,0.558694581128173,0.555594651014826,2025.13936582331,2025.14246575342,CHIKV_RUN_S22b69_2025,55.333643,-21.20512
4661,1114,REU.4.3_1,REU.4.3_1,0.000788586210911602,0.558694581128173,0.557905994917261,2025.14167716721,2025.14246575342,CHIKV_RUN_S22b53_2025,55.517289,-21.272915
3650,3651,REU.2.3_1,REU.2.4_1,0.0444069565848663,0.558771681939845,0.514364725354979,2025.09813589765,2025.14254285424,NA,NA,NA
5755,5756,REU.3.4_1,REU.3.4_1,0.00222918252230553,0.558791681369115,0.556562498846809,2025.14033367114,2025.14256285367,NA,NA,NA
5242,5243,REU.4.3_1,REU.4.3_1,0.0800575782340771,0.558803410747355,0.478745832513278,2025.06251700481,2025.14257458304,NA,NA,NA
3921,3923,REU.4.3_1,REU.4.3_1,0.00352155173651947,0.558827836531222,0.555306284794702,2025.13907745709,2025.14259900883,NA,NA,NA
3197,3198,REU.4.6_1,REU.4.6_1,0.0541566039856836,0.558831285113263,0.504674681127579,2025.08844585342,2025.14260245741,NA,NA,NA
3617,3618,REU.2.3_1,REU.2.3_1,0.0183102518973767,0.55888726748117,0.540577015583793,2025.12434818788,2025.14265843978,NA,NA,NA
4344,4346,REU.4.8_1,REU.4.8_1,0.0523996687998356,0.558942871568987,0.506543202769152,2025.09031437507,2025.14271404387,NA,NA,NA
5363,5370,REU.4.8_1,REU.4.5_1,0.0347974825663586,0.55912328465069,0.524325802084331,2025.10809697438,2025.14289445695,NA,NA,NA
4703,4704,REU.2.3_1,REU.2.3_1,0.141078806519609,0.559205053211802,0.418126246692193,2025.00189741899,2025.14297622551,NA,NA,NA
3150,3151,REU.3.1_1,REU.3.1_1,0.093729853906684,0.559253933821633,0.465524079914949,2025.04929525221,2025.14302510612,NA,NA,NA
6151,6152,REU.4.3_1,REU.4.3_1,0.0118273874352995,0.559302990427483,0.547475602992184,2025.13124677529,2025.14307416272,NA,NA,NA
3440,3441,REU.3.1_1,REU.3.1_1,0.0863592078155381,0.559412170282951,0.473052962467413,2025.05682413476,2025.14318334258,NA,NA,NA
6152,6153,REU.4.3_1,REU.4.3_1,0.000163142683157314,0.55946613311064,0.559302990427483,2025.14307416272,2025.14323730541,NA,NA,NA
5293,5294,REU.4.4_1,REU.4.4_1,0.0503580648800249,0.559536991020154,0.509178926140129,2025.09295009844,2025.14330816332,NA,NA,NA
6062,6063,REU.4.8_1,REU.4.8_1,0.0398533100478982,0.55958181564645,0.519728505598552,2025.1034996779,2025.14335298794,NA,NA,NA
5707,5708,REU.4.8_1,REU.4.6_1,0.0676198734425139,0.559594468903057,0.491974595460543,2025.07574576776,2025.1433656412,NA,NA,NA
5657,5658,REU.4.8_1,REU.3.5_1,0.0323324443969201,0.559697794998884,0.527365350601963,2025.1111365229,2025.1434689673,NA,NA,NA
4903,4904,REU.4.8_1,REU.4.8_1,0.0265017728655621,0.559733968724361,0.533232195858799,2025.11700336816,2025.14350514102,NA,NA,NA
5681,5699,REU.4.8_1,REU.4.8_1,0.0751982988461972,0.559767869722834,0.484569570876636,2025.06834074317,2025.14353904202,NA,NA,NA
4540,4541,REU.4.3_1,REU.4.3_1,0.0104583178139788,0.559855387942062,0.549397070128083,2025.13316824242,2025.14362656024,NA,NA,NA
5337,5338,REU.4.4_1,REU.4.4_1,0.0345850881257549,0.559935460583394,0.525350372457639,2025.10912154475,2025.14370663288,NA,NA,NA
3656,3658,REU.2.3_1,REU.2.3_1,0.00298495186747894,0.559989810450306,0.557004858582827,2025.14077603088,2025.14376098275,NA,NA,NA
3903,3904,REU.4.3_1,REU.4.3_1,0.0249868335186448,0.560012620048213,0.535025786529568,2025.11879695883,2025.14378379234,NA,NA,NA
3203,3204,REU.3.1_1,REU.3.1_1,0.0630319650471055,0.560041069906724,0.497009104859618,2025.08078027716,2025.1438122422,NA,NA,NA
6095,6096,REU.4.8_1,REU.4.8_1,0.0215130382860207,0.56009727085318,0.538584232567159,2025.12235540486,2025.14386844315,NA,NA,NA
4185,4186,REU.4.3_1,REU.4.3_1,0.0361515671785185,0.560170629754256,0.524019062575737,2025.10779023487,2025.14394180205,NA,NA,NA
5170,5171,REU.4.3_1,REU.4.3_1,0.00430694905042273,0.560200756914949,0.555893807864527,2025.13966498016,2025.14397192921,NA,NA,NA
5592,5593,REU.4.5_1,REU.4.5_1,0.0226193658976455,0.560349052507617,0.537729686609971,2025.12150085891,2025.1441202248,NA,NA,NA
3838,3839,REU.4.3_1,REU.4.3_1,0.0290431727743354,0.560403757180466,0.531360584406131,2025.1151317567,2025.14417492948,NA,NA,NA
3431,3433,REU.3.1_1,REU.3.4_1,0.0550853650420543,0.560503143487411,0.505417778445357,2025.08918895074,2025.14427431578,NA,NA,NA
3435,3436,REU.4.8_1,REU.4.8_1,0.0261095049614869,0.560521381388518,0.534411876427031,2025.11818304872,2025.14429255368,NA,NA,NA
5991,5992,REU.4.6_1,REU.4.6_1,0.00470862435488151,0.560630816953453,0.555922192598572,2025.1396933649,2025.14440198925,NA,NA,NA
3174,3175,REU.3.1_1,REU.3.3_1,0.0555582618639103,0.560653154402591,0.50509489253868,2025.08886606484,2025.1444243267,NA,NA,NA
3576,3577,REU.3.4_1,REU.3.4_1,0.0145416036940265,0.560780298030387,0.54623869433636,2025.13000986663,2025.14455147033,NA,NA,NA
5117,5118,REU.4.3_1,REU.4.3_1,0.0324548377976022,0.560832617150405,0.528377779352803,2025.11214895165,2025.14460378945,NA,NA,NA
5593,5595,REU.4.5_1,REU.4.5_1,0.000730731100264892,0.561079783607882,0.560349052507617,2025.1441202248,2025.1448509559,NA,NA,NA
3319,3322,REU.2.5_1,REU.2.5_1,0.0615082243604016,0.56113803925582,0.499629814895418,2025.08340098719,2025.14490921155,NA,NA,NA
4855,4857,REU.3.5_1,REU.3.5_1,0.0314127469197469,0.561145211116399,0.529732464196652,2025.11350363649,2025.14491638341,NA,NA,NA
5915,5916,REU.4.3_1,REU.4.3_1,0.00825675155380967,0.561160839455372,0.552904087901562,2025.1366752602,2025.14493201175,NA,NA,NA
5014,5025,REU.4.8_1,REU.2.3_1,0.10733908760547,0.561220468610765,0.453881381005296,2025.0376525533,2025.14499164091,NA,NA,NA
5453,5454,REU.3.5_1,REU.3.5_1,0.0532541600962805,0.561233384755013,0.507979224658733,2025.09175039696,2025.14500455705,NA,NA,NA
5281,5282,REU.4.4_1,REU.4.4_1,0.0429572213259128,0.561236567527584,0.518279346201671,2025.1020505185,2025.14500773982,NA,NA,NA
3892,3898,REU.4.3_1,REU.4.3_1,0.0644444729429593,0.561378058157998,0.496933585215038,2025.08070475751,2025.14514923045,NA,NA,NA
4112,1039,REU.4.3_1,REU.4.3_1,0.088457276949569,0.561434307155531,0.472977030205962,2025.0567482025,2025.14520547945,CHIKV_RUN_S13b32_2025,55.524101,-21.281978
5722,2211,REU.3.4_1,REU.3.4_1,0.0695139924471866,0.561434307155531,0.491920314708344,2025.075691487,2025.14520547945,CHIKV_RUN_S13b76_2025,55.328353,-21.194489
4243,1488,REU.4.6_1,REU.4.6_1,0.0649879373294646,0.561434307155531,0.496446369826066,2025.08021754212,2025.14520547945,CHIKV_RUN_S13b56_2025,55.438234,-21.275668
3754,188,REU.4.7_1,REU.4.7_1,0.0567270133520591,0.561434307155531,0.504707293803471,2025.0884784661,2025.14520547945,CHIKV_RUN_S13b44_2025,55.721214,-21.371189
4235,1529,REU.4.3_1,REU.4.3_1,0.0533668664568653,0.561434307155531,0.508067440698665,2025.091838613,2025.14520547945,CHIKV_RUN_S13b41_2025,55.517542,-21.268791
4573,407,REU.4.3_1,REU.4.3_1,0.0496727760470769,0.561434307155531,0.511761531108454,2025.0955327034,2025.14520547945,CHIKV_RUN_S13b49_2025,55.52406,-21.261906
5577,2050,REU.4.5_1,REU.4.5_1,0.0471385723829394,0.561434307155531,0.514295734772591,2025.09806690707,2025.14520547945,CHIKV_RUN_S13b43_2025,55.615186,-21.380735
4721,1309,REU.4.8_1,REU.4.8_1,0.0422741958220568,0.561434307155531,0.519160111333474,2025.10293128363,2025.14520547945,CHIKV_RUN_S13b52_2025,55.524076,-21.331375
4716,1048,REU.2.3_1,REU.2.5_1,0.0422640919787889,0.561434307155531,0.519170215176742,2025.10294138747,2025.14520547945,CHIKV_RUN_S13b27_2025,55.635744,-20.942429
6007,2515,REU.4.1_1,REU.4.5_1,0.0274154457843169,0.561434307155531,0.534018861371214,2025.11779003367,2025.14520547945,CHIKV_RUN_S13b46_2025,55.635273,-21.339571
4815,1683,REU.2.3_1,REU.4.8_1,0.0214591365176356,0.56143430715553,0.539975170637895,2025.12374634293,2025.14520547945,CHIKV_RUN_S13b51_2025,55.448517,-21.296921
5717,2387,REU.3.4_1,REU.3.4_1,0.0128239084096738,0.561434307155531,0.548610398745857,2025.13238157104,2025.14520547945,CHIKV_RUN_S13b74_2025,55.297536,-21.199663
4239,1535,REU.4.3_1,REU.4.3_1,0.00785807304250685,0.561434307155531,0.553576234113024,2025.13734740641,2025.14520547945,CHIKV_RUN_S13b35_2025,55.517542,-21.268791
6111,2294,REU.3.1_1,REU.3.4_1,0.00702653109116491,0.561434307155531,0.554407776064366,2025.13817894836,2025.14520547945,CHIKV_RUN_S13b73_2025,55.301143,-21.224126
5267,1091,REU.4.3_1,REU.4.3_1,0.00384417488198974,0.561434307155531,0.557590132273541,2025.14136130457,2025.14520547945,CHIKV_RUN_S13b47_2025,55.508907,-21.288239
5658,1969,REU.3.5_1,REU.3.5_1,0.00173651215664705,0.561434307155531,0.559697794998884,2025.1434689673,2025.14520547945,CHIKV_RUN_S13b26_2025,55.285162,-21.044863
5282,1202,REU.4.4_1,REU.4.4_1,0.000197739627946225,0.561434307155531,0.561236567527584,2025.14500773982,2025.14520547945,CHIKV_RUN_S13b61_2025,55.570236,-21.334491
3898,340,REU.4.3_1,REU.4.3_1,5.62489975327596e-05,0.561434307155531,0.561378058157998,2025.14514923045,2025.14520547945,CHIKV_RUN_S13b62_2025,55.501479,-21.265295
3937,3938,REU.4.3_1,REU.4.3_1,0.00590033875875784,0.56144681544265,0.555546476683892,2025.13931764898,2025.14521798774,NA,NA,NA
4482,4483,REU.4.3_1,REU.4.8_1,0.0166913631990205,0.561488371199917,0.544797008000896,2025.1285681803,2025.1452595435,NA,NA,NA
5835,5836,REU.3.1_1,REU.3.1_1,0.181514617809357,0.561545058546365,0.380030440737008,2024.96380161303,2025.14531623084,NA,NA,NA
5320,5324,REU.4.4_1,REU.4.4_1,0.0439068031595877,0.561679719001333,0.517772915841745,2025.10154408814,2025.1454508913,NA,NA,NA
5555,5556,REU.4.5_1,REU.4.5_1,0.0080496466574852,0.561682613251238,0.553632966593753,2025.13740413889,2025.14545378555,NA,NA,NA
4088,4089,REU.3.5_1,REU.3.5_1,0.0362716605866128,0.561750364081845,0.525478703495232,2025.10924987579,2025.14552153638,NA,NA,NA
5144,5150,REU.4.3_1,REU.4.3_1,0.0637136696895364,0.561809932208553,0.498096262519017,2025.08186743482,2025.1455811045,NA,NA,NA
5577,5578,REU.4.5_1,REU.4.5_1,0.0476363481528783,0.56193208292547,0.514295734772591,2025.09806690707,2025.14570325522,NA,NA,NA
5059,5060,REU.4.3_1,REU.4.3_1,0.0204955821160617,0.562025333450784,0.541529751334723,2025.12530092363,2025.14579650575,NA,NA,NA
5185,5186,REU.4.6_1,REU.4.6_1,0.0300269312630014,0.562063650782706,0.532036719519704,2025.11580789182,2025.14583482308,NA,NA,NA
5243,5244,REU.4.3_1,REU.4.3_1,0.00351565335210413,0.56231906409946,0.558803410747355,2025.14257458304,2025.1460902364,NA,NA,NA
3639,3640,REU.2.3_1,REU.2.3_1,0.171545521385318,0.562385972903998,0.39084045151868,2024.97461162382,2025.1461571452,NA,NA,NA
3640,3641,REU.2.3_1,REU.2.3_1,1.20968250838516e-05,0.562398069729082,0.562385972903998,2025.1461571452,2025.14616924203,NA,NA,NA
3562,3564,REU.3.4_1,REU.3.5_1,0.069750868036516,0.562437406870727,0.492686538834211,2025.07645771113,2025.14620857917,NA,NA,NA
3548,3549,REU.4.8_1,REU.4.8_1,0.0199973267584544,0.562442851838942,0.542445525080488,2025.12621669738,2025.14621402414,NA,NA,NA
5695,5696,REU.4.8_1,REU.4.8_1,0.0132120700780094,0.562569666651467,0.549357596573457,2025.13312876887,2025.14634083895,NA,NA,NA
4733,4734,REU.4.3_1,REU.4.3_1,0.0143014373562771,0.562585761481623,0.548284324125346,2025.13205549642,2025.14635693378,NA,NA,NA
3353,3354,REU.3.5_1,REU.3.5_1,0.0232486885948917,0.562607941224316,0.539359252629424,2025.12313042493,2025.14637911352,NA,NA,NA
5408,5409,REU.2.3_1,REU.2.3_1,0.0769157336378974,0.562635140422535,0.485719406784638,2025.06949057908,2025.14640631272,NA,NA,NA
5737,5738,REU.3.1_1,REU.3.1_1,0.0938190179508646,0.562757647909158,0.468938629958293,2025.05270980225,2025.14652882021,NA,NA,NA
5901,5905,REU.4.8_1,REU.4.8_1,0.0303753419000776,0.56276344426494,0.532388102364862,2025.11615927466,2025.14653461656,NA,NA,NA
3426,3427,REU.3.1_1,REU.4.8_1,0.0856890852534793,0.562882612808096,0.477193527554617,2025.06096469985,2025.1466537851,NA,NA,NA
4885,4886,REU.4.8_1,REU.4.3_1,0.0296956677846052,0.563117793798921,0.533422126014316,2025.11719329831,2025.1468889661,NA,NA,NA
4553,4554,REU.4.3_1,REU.4.8_1,0.0791599614364792,0.56316360255725,0.484003641120771,2025.06777481342,2025.14693477485,NA,NA,NA
4341,4342,REU.4.8_1,REU.4.8_1,0.0742605695878884,0.563217932314976,0.488957362727088,2025.07272853502,2025.14698910461,NA,NA,NA
3473,3474,REU.3.4_1,REU.3.4_1,0.0501211255920218,0.563356671801671,0.513235546209649,2025.09700671851,2025.1471278441,NA,NA,NA
3150,3152,REU.3.1_1,REU.3.4_1,0.0978949012481449,0.563418981163094,0.465524079914949,2025.04929525221,2025.14719015346,NA,NA,NA
5380,5381,REU.4.3_1,REU.4.3_1,0.177292177447827,0.563433600863437,0.386141423415609,2024.96991259571,2025.14720477316,NA,NA,NA
4749,4750,REU.4.8_1,REU.4.8_1,0.02845773634479,0.563461125164255,0.535003388819465,2025.11877456112,2025.14723229746,NA,NA,NA
5217,5218,REU.4.3_1,REU.4.3_1,0.00521418326769518,0.563473393640643,0.558259210372948,2025.14203038267,2025.14724456594,NA,NA,NA
5686,5687,REU.4.8_1,REU.4.3_1,0.0152286232401637,0.563570023997465,0.548341400757301,2025.13211257305,2025.14734119629,NA,NA,NA
3334,3335,REU.3.1_1,REU.3.1_1,0.00841423006740416,0.563890131348193,0.555475901280789,2025.13924707358,2025.14766130364,NA,NA,NA
4299,4301,REU.4.3_1,REU.4.3_1,0.00706631433952487,0.563895315888924,0.556829001549399,2025.14060017385,2025.14766648819,NA,NA,NA
3664,3670,REU.2.4_1,REU.2.4_1,0.0268027274771001,0.563951738326765,0.537149010849665,2025.12092018315,2025.14772291062,NA,NA,NA
5712,5713,REU.3.1_1,REU.3.1_1,0.131445942284186,0.564033559097876,0.43258761681369,2025.01635878911,2025.14780473139,NA,NA,NA
6059,6061,REU.4.4_1,REU.4.4_1,0.0443712847230003,0.564062557440173,0.519691272717173,2025.10346244501,2025.14783372974,NA,NA,NA
3384,3386,REU.4.8_1,REU.4.8_1,0.0339540629636923,0.564117449560258,0.530163386596566,2025.11393455889,2025.14788862186,NA,NA,NA
5642,5643,REU.3.1_1,REU.3.5_1,0.0733572275399172,0.564170353465655,0.490813125925738,2025.07458429822,2025.14794152576,NA,NA,NA
4830,4832,REU.4.3_1,REU.4.3_1,0.0885372594296668,0.564172168323862,0.475634908894195,2025.05940608119,2025.14794334062,NA,NA,NA
3489,2946,REU.3.4_1,REU.3.4_1,0.122554983999274,0.564174033182888,0.441619049183614,2025.02539022148,2025.14794520548,CHIKV_RUN_S21b65_2025,55.307185,-21.163728
6105,2475,REU.3.1_1,REU.3.1_1,0.113998802816273,0.564174033182888,0.450175230366615,2025.03394640266,2025.14794520548,CHIKV_RUN_S21b80_2025,55.366607,-21.253818
3535,2720,REU.3.1_1,REU.4.8_1,0.109674501754746,0.564174033182888,0.454499531428141,2025.03827070372,2025.14794520548,CHIKV_RUN_S35b82_2025,55.496838,-21.272187
5108,745,REU.4.3_1,REU.3.1_1,0.0949393244245941,0.564174033182888,0.469234708758294,2025.05300588105,2025.14794520548,CHIKV_RUN_S21b43_2025,55.366033,-21.264375
4525,502,REU.4.3_1,REU.4.5_1,0.0873436612075364,0.564174033182888,0.476830371975351,2025.06060154427,2025.14794520548,CHIKV_RUN_S13b45_2025,55.634855,-21.338243
3592,2448,REU.4.8_1,REU.2.1_1,0.0675561585325797,0.564174033182888,0.496617874650308,2025.08038904695,2025.14794520548,CHIKV_RUN_S35b89_2025,55.337988,-20.936785
5179,670,REU.4.3_1,REU.4.3_1,0.0577395056797099,0.564174033182888,0.506434527503178,2025.0902056998,2025.14794520548,CHIKV_RUN_S35b63_2025,55.502146,-21.274582
5236,671,REU.4.3_1,REU.4.3_1,0.051139670286402,0.564174033182888,0.513034362896486,2025.09680553519,2025.14794520548,CHIKV_RUN_S13b68_2025,55.523902,-21.275298
4279,1518,REU.4.3_1,REU.4.3_1,0.0422429313998466,0.564174033182888,0.521931101783041,2025.10570227408,2025.14794520548,CHIKV_RUN_S35b85_2025,55.514184,-21.270686
6081,2706,REU.4.2_1,REU.4.2_1,0.0419223671236729,0.564174033182888,0.522251666059215,2025.10602283836,2025.14794520548,CHIKV_RUN_S21b52_2025,55.471684,-21.251072
3219,2788,REU.4.3_1,REU.4.3_1,0.0398428393809966,0.564174033182888,0.524331193801891,2025.1081023661,2025.14794520548,CHIKV_RUN_S35b81_2025,55.509868,-21.273835
3990,2212,REU.4.3_1,REU.4.3_1,0.0397739209502403,0.564174033182888,0.524400112232648,2025.10817128453,2025.14794520548,CHIKV_RUN_S21b69_2025,55.561177,-21.296153
4004,954,REU.3.5_1,REU.3.5_1,0.0397079509126584,0.564174033182888,0.524466082270229,2025.10823725457,2025.14794520548,CHIKV_RUN_S35b56_2025,55.272975,-21.023558
4875,279,REU.4.3_1,REU.4.3_1,0.03735723240064,0.564174033182888,0.526816800782248,2025.11058797308,2025.14794520548,CHIKV_RUN_S21b41_2025,55.509442,-21.238585
3951,1071,REU.4.8_1,REU.4.3_1,0.0361515733922659,0.564174033182888,0.528022459790622,2025.11179363209,2025.14794520548,CHIKV_RUN_S21b14_2025,55.513955,-21.242682
3449,2971,REU.3.4_1,REU.4.2_1,0.0334606127046659,0.564174033182888,0.530713420478222,2025.11448459277,2025.14794520548,CHIKV_RUN_S35b83_2025,55.49,-21.239956
3288,3081,REU.4.3_1,REU.4.3_1,0.0315154503646149,0.564174033182888,0.532658582818273,2025.11642975511,2025.14794520548,CHIKV_RUN_S35b84_2025,55.516538,-21.280238
4959,1695,REU.4.8_1,REU.4.8_1,0.0303567808679213,0.564174033182888,0.533817252314967,2025.11758842461,2025.14794520548,CHIKV_RUN_S13b59_2025,55.493725,-21.296335
5592,2121,REU.4.5_1,REU.4.5_1,0.0264443465729165,0.564174033182888,0.537729686609971,2025.12150085891,2025.14794520548,CHIKV_RUN_S21b34_2025,55.628272,-21.338398
3850,1678,REU.4.3_1,REU.4.3_1,0.0257718281880296,0.564174033182888,0.538402204994858,2025.12217337729,2025.14794520548,CHIKV_RUN_S21b24_2025,55.525958,-21.256346
4548,501,REU.4.3_1,REU.4.3_1,0.0234626460482088,0.564174033182888,0.540711387134679,2025.12448255943,2025.14794520548,CHIKV_RUN_S35b87_2025,55.519139,-21.279495
4482,575,REU.4.3_1,REU.4.3_1,0.0193770251819917,0.564174033182888,0.544797008000896,2025.1285681803,2025.14794520548,CHIKV_RUN_S21b16_2025,55.514525,-21.248457
4539,445,REU.4.3_1,REU.4.3_1,0.0184663030195611,0.564174033182888,0.545707730163327,2025.12947890246,2025.14794520548,CHIKV_RUN_S21b38_2025,55.517192,-21.289306
3870,350,REU.4.3_1,REU.4.3_1,0.0179194684000977,0.564174033182888,0.54625456478279,2025.13002573708,2025.14794520548,CHIKV_RUN_S22b15_2025,55.506602,-21.236975
5306,1229,REU.4.4_1,REU.4.4_1,0.0154406912330117,0.564174033182888,0.548733341949876,2025.13250451425,2025.14794520548,CHIKV_RUN_S35b93_2025,55.558956,-21.341875
5279,1271,REU.4.3_1,REU.4.3_1,0.0153043213201803,0.564174033182888,0.548869711862708,2025.13264088416,2025.14794520548,CHIKV_RUN_S21b27_2025,55.533046,-21.247305
5824,2677,REU.4.8_1,REU.2.1_1,0.0121609622442943,0.564174033182888,0.552013070938594,2025.13578424324,2025.14794520548,CHIKV_RUN_S35b64_2025,55.336769,-20.930469
5966,3029,REU.4.3_1,REU.4.3_1,0.0121143548157857,0.564174033182888,0.552059678367102,2025.13583085066,2025.14794520548,CHIKV_RUN_S35b70_2025,55.526031,-21.263312
5459,2846,REU.4.3_1,REU.4.3_1,0.0118216487560048,0.564174033182888,0.552352384426883,2025.13612355672,2025.14794520548,CHIKV_RUN_S22b64_2025,55.552755,-21.290964
3173,2805,REU.3.1_1,REU.3.3_1,0.0115284016711081,0.564174033182888,0.55264563151178,2025.13641680381,2025.14794520548,CHIKV_RUN_S21b88_2025,55.294753,-21.109486
4220,616,REU.4.3_1,REU.4.3_1,0.0112767677531147,0.564174033182888,0.552897265429773,2025.13666843773,2025.14794520548,CHIKV_RUN_S35b74_2025,55.52397,-21.27929
3779,193,REU.4.5_1,REU.4.6_1,0.0102031430721974,0.564174033182888,0.553970890110691,2025.13774206241,2025.14794520548,CHIKV_RUN_S21b62_2025,55.412307,-21.288231
5708,2206,REU.4.6_1,REU.4.6_1,0.00457956427983119,0.564174033182888,0.559594468903057,2025.1433656412,2025.14794520548,CHIKV_RUN_S13b54_2025,55.43806,-21.256328
4541,390,REU.4.3_1,REU.4.3_1,0.00431864524082581,0.564174033182888,0.559855387942062,2025.14362656024,2025.14794520548,CHIKV_RUN_S13b53_2025,55.524274,-21.282466
3938,596,REU.4.3_1,REU.4.3_1,0.00272721774023776,0.564174033182888,0.56144681544265,2025.14521798774,2025.14794520548,CHIKV_RUN_S35b86_2025,55.515828,-21.265663
3427,2719,REU.4.8_1,REU.2.3_1,0.00129142037479169,0.564174033182888,0.562882612808096,2025.1466537851,2025.14794520548,CHIKV_RUN_S21b72_2025,55.483066,-20.909951
5643,5644,REU.3.5_1,REU.3.5_1,6.65467488283333e-05,0.564236900214484,0.564170353465655,2025.14794152576,2025.14800807251,NA,NA,NA
5830,5831,REU.4.8_1,REU.4.8_1,0.0662082249709978,0.564386134430967,0.498177909459969,2025.08194908176,2025.14815730673,NA,NA,NA
5972,5973,REU.4.3_1,REU.4.3_1,0.0346810764425413,0.564444592790691,0.52976351634815,2025.11353468864,2025.14821576509,NA,NA,NA
3783,3784,REU.4.5_1,REU.4.5_1,0.122365799883208,0.564480488084028,0.44211468820082,2025.0258858605,2025.14825166038,NA,NA,NA
5465,5466,REU.2.3_1,REU.2.3_1,0.113167582260393,0.564499906388573,0.45133232412818,2025.03510349642,2025.14827107868,NA,NA,NA
3427,3428,REU.4.8_1,REU.4.8_1,0.00163362598469952,0.564516238792796,0.562882612808096,2025.1466537851,2025.14828741109,NA,NA,NA
5434,5436,REU.2.3_1,REU.2.3_1,0.0352672961408688,0.564525095388903,0.529257799248035,2025.11302897154,2025.14829626769,NA,NA,NA
3654,3660,REU.2.3_1,REU.2.3_1,0.0567536861371907,0.564539560586405,0.507785874449214,2025.09155704675,2025.14831073288,NA,NA,NA
3250,3251,REU.4.8_1,REU.4.8_1,0.0173165705501608,0.564630863476845,0.547314292926684,2025.13108546522,2025.14840203577,NA,NA,NA
3237,3238,REU.3.1_1,REU.4.8_1,0.0205458030477332,0.564661719876297,0.544115916828564,2025.12788708913,2025.14843289217,NA,NA,NA
4925,4928,REU.4.3_1,REU.4.3_1,0.0135339748215122,0.564734022006695,0.551200047185183,2025.13497121948,2025.1485051943,NA,NA,NA
3838,3843,REU.4.3_1,REU.4.3_1,0.0334203029904188,0.56478088739655,0.531360584406131,2025.1151317567,2025.14855205969,NA,NA,NA
5250,5251,REU.4.3_1,REU.4.3_1,0.0412621486145784,0.564828114829086,0.523565966214507,2025.10733713851,2025.14859928713,NA,NA,NA
3759,3760,REU.4.8_1,REU.4.5_1,0.0224588877652835,0.564830395253595,0.542371507488311,2025.12614267978,2025.14860156755,NA,NA,NA
4796,4797,REU.4.3_1,REU.4.3_1,0.0345107749482527,0.564906238663152,0.5303954637149,2025.11416663601,2025.14867741096,NA,NA,NA
4871,4872,REU.4.3_1,REU.4.3_1,0.0476963527665715,0.565088357456943,0.517392004690371,2025.10116317699,2025.14885952975,NA,NA,NA
6111,6112,REU.3.1_1,REU.3.1_1,0.0107842602268315,0.565192036291197,0.554407776064366,2025.13817894836,2025.14896320859,NA,NA,NA
5244,5245,REU.4.3_1,REU.4.3_1,0.00294349932084892,0.565262563420308,0.56231906409946,2025.1460902364,2025.14903373572,NA,NA,NA
3386,3387,REU.4.8_1,REU.4.8_1,0.00125886250690377,0.565376312067162,0.564117449560258,2025.14788862186,2025.14914748436,NA,NA,NA
3968,3969,REU.2.3_1,REU.2.3_1,0.0539758610378898,0.565477214310909,0.511501353273019,2025.09527252557,2025.14924838661,NA,NA,NA
5892,5893,REU.4.3_1,REU.4.6_1,0.100106034416255,0.565480518238819,0.465374483822564,2025.04914565612,2025.14925169054,NA,NA,NA
5595,5598,REU.4.5_1,REU.4.5_1,0.00444215783573287,0.565521941443615,0.561079783607882,2025.1448509559,2025.14929311374,NA,NA,NA
5668,5669,REU.4.5_1,REU.4.5_1,0.016522492055384,0.565643530048733,0.549121037993349,2025.13289221029,2025.14941470235,NA,NA,NA
3166,3167,REU.3.1_1,REU.2.3_1,0.0642105129947325,0.565666834025903,0.50145632103117,2025.08522749333,2025.14943800632,NA,NA,NA
4664,4667,REU.4.3_1,REU.4.4_1,0.105136575889122,0.565685360423876,0.460548784534754,2025.04431995683,2025.14945653272,NA,NA,NA
4457,4458,REU.4.3_1,REU.4.8_1,0.0236967499065294,0.565711450191015,0.542014700284485,2025.12578587258,2025.14948262249,NA,NA,NA
4502,4503,REU.4.3_1,REU.4.3_1,0.0515781256381296,0.565744957451915,0.514166831813786,2025.09793800411,2025.14951612975,NA,NA,NA
4211,4212,REU.4.3_1,REU.4.3_1,0.031818466210451,0.565961773207877,0.534143306997426,2025.11791447929,2025.1497329455,NA,NA,NA
3324,3326,REU.4.8_1,REU.3.5_1,0.140137392017142,0.56599200170903,0.425854609691888,2025.00962578199,2025.14976317401,NA,NA,NA
3749,3765,REU.4.5_1,REU.2.3_1,0.139389251679469,0.565993608008738,0.426604356329269,2025.01037552863,2025.14976478031,NA,NA,NA
4195,4196,REU.4.3_1,REU.4.3_1,0.0113521952852199,0.566032956763715,0.554680761478495,2025.13845193378,2025.14980412906,NA,NA,NA
4928,4930,REU.4.3_1,REU.4.3_1,0.00132364420029973,0.566057666206995,0.564734022006695,2025.1485051943,2025.1498288385,NA,NA,NA
5654,5660,REU.4.8_1,REU.4.8_1,0.0667263643024999,0.566120585511309,0.499394221208809,2025.08316539351,2025.14989175781,NA,NA,NA
5818,5819,REU.3.5_1,REU.3.5_1,0.0129035792057881,0.566145551632042,0.553241972426254,2025.13701314472,2025.14991672393,NA,NA,NA
6050,6051,REU.3.1_1,REU.3.1_1,0.0631928966998566,0.566203727464577,0.503010830764721,2025.08678200306,2025.14997489976,NA,NA,NA
3419,3420,REU.4.8_1,REU.4.8_1,0.0304646075837475,0.566240405473965,0.535775797890217,2025.11954697019,2025.15001157777,NA,NA,NA
3734,3735,REU.3.4_1,REU.4.3_1,0.0916317376711907,0.566326558904477,0.474694821233286,2025.05846599353,2025.1500977312,NA,NA,NA
5252,5253,REU.4.8_1,REU.4.8_1,0.0242344487166202,0.566417836771595,0.542183388054974,2025.12595456035,2025.15018900907,NA,NA,NA
5078,5079,REU.4.3_1,REU.4.3_1,0.0377616614855362,0.566489084956727,0.528727423471191,2025.11249859577,2025.15026025725,NA,NA,NA
5253,5254,REU.4.8_1,REU.4.8_1,0.000166618510575867,0.56658445528217,0.566417836771595,2025.15018900907,2025.15035562758,NA,NA,NA
4411,4412,REU.4.3_1,REU.4.5_1,0.0496789800282045,0.566716590652996,0.517037610624791,2025.10080878292,2025.15048776295,NA,NA,NA
3361,3362,REU.4.8_1,REU.4.8_1,0.0215685051036462,0.566729267073813,0.545160761970167,2025.12893193427,2025.15050043937,NA,NA,NA
5247,5255,REU.4.3_1,REU.4.3_1,0.0773006454666713,0.56677731260574,0.489476667139069,2025.07324783944,2025.1505484849,NA,NA,NA
6170,6171,REU.3.1_1,REU.3.2_1,0.0884646707750607,0.566782884634042,0.478318213858981,2025.06208938616,2025.15055405693,NA,NA,NA
4285,4286,REU.4.3_1,REU.4.8_1,0.0530643369179624,0.566892407323167,0.513828070405205,2025.0975992427,2025.15066357962,NA,NA,NA
3188,3189,REU.4.8_1,REU.4.8_1,0.0863695065382535,0.56690564888826,0.480536142350007,2025.06430731465,2025.15067682118,NA,NA,NA
5629,2169,REU.3.1_1,REU.4.6_1,0.148293545099902,0.566913759210473,0.418620214110571,2025.00239138641,2025.15068493151,CHIKV_RUN_S21b17_2025,55.440381,-21.263707
3383,2624,REU.4.8_1,REU.4.8_1,0.14193324434696,0.566913759210473,0.424980514863512,2025.00875168716,2025.15068493151,CHIKV_RUN_S21b49_2025,55.478389,-21.285709
5156,656,REU.4.3_1,REU.4.3_1,0.111647801882181,0.566913759210473,0.455265957328291,2025.03903712962,2025.15068493151,CHIKV_RUN_S21b58_2025,55.512236,-21.291815
4161,283,REU.4.3_1,REU.1.3_1,0.108493367041999,0.566913759210473,0.458420392168474,2025.04219156446,2025.15068493151,CHIKV_RUN_S15b66_2025,55.653395,-20.973052
4690,1482,REU.4.8_1,REU.4.8_1,0.0827754590500925,0.566913759210473,0.48413830016038,2025.06790947246,2025.15068493151,CHIKV_RUN_S21b32_2025,55.481352,-21.314278
5001,65,REU.4.8_1,REU.3.3_1,0.082020882125451,0.566913759210473,0.484892877085022,2025.06866404938,2025.15068493151,CHIKV_RUN_S21b37_2025,55.28447,-21.111307
4341,1585,REU.4.8_1,REU.4.8_1,0.0779563964833849,0.566913759210473,0.488957362727088,2025.07272853502,2025.15068493151,CHIKV_RUN_S21b18_2025,55.473297,-21.335316
5470,2540,REU.2.3_1,REU.1.1_1,0.0763288905147066,0.566913759210473,0.490584868695766,2025.07435604099,2025.15068493151,CHIKV_RUN_S15b69_2025,55.679974,-20.996331
4649,1126,REU.4.3_1,REU.4.6_1,0.0717152380070014,0.566913759210473,0.495198521203471,2025.0789696935,2025.15068493151,CHIKV_RUN_S21b30_2025,55.438904,-21.269211
4259,1500,REU.4.8_1,REU.4.8_1,0.0595064945860646,0.566913759210473,0.507407264624408,2025.09117843692,2025.15068493151,CHIKV_RUN_S21b74_2025,55.528609,-21.330834
4335,1586,REU.4.8_1,REU.4.8_1,0.0594737672681045,0.566913759210473,0.507439991942368,2025.09121116424,2025.15068493151,CHIKV_RUN_S21b10_2025,55.458276,-21.297216
6169,55,REU.4.3_1,REU.4.8_1,0.0556175749361718,0.566913759210473,0.511296184274301,2025.09506735657,2025.15068493151,CHIKV_RUN_S22b27_2025,55.467087,-21.306099
4155,884,REU.4.3_1,REU.4.3_1,0.0542274129945086,0.566913759210473,0.512686346215964,2025.09645751851,2025.15068493151,CHIKV_RUN_S21b59_2025,55.510616,-21.236884
3473,2984,REU.3.4_1,REU.4.8_1,0.0536782130008232,0.566913759210473,0.513235546209649,2025.09700671851,2025.15068493151,CHIKV_RUN_S35b59_2025,55.483149,-21.337769
3861,1664,REU.4.3_1,REU.4.3_1,0.0533041167761683,0.566913759210473,0.513609642434304,2025.09738081473,2025.15068493151,CHIKV_RUN_S21b11_2025,55.537304,-21.252454
4829,1087,REU.4.3_1,REU.2.4_1,0.0529710423139382,0.566913759210473,0.513942716896534,2025.09771388919,2025.15068493151,CHIKV_RUN_S15b65_2025,55.57527,-20.927587
6090,1905,REU.3.1_1,REU.3.1_1,0.0521115481960517,0.566913759210473,0.514802211014421,2025.09857338331,2025.15068493151,CHIKV_RUN_S21b63_2025,55.335866,-21.273848
4636,1577,REU.4.3_1,REU.4.3_1,0.0520721886196932,0.566913759210473,0.51484157059078,2025.09861274289,2025.15068493151,CHIKV_RUN_S13b85_2025,55.511148,-21.283736
5096,786,REU.4.8_1,REU.4.8_1,0.0506407537414624,0.566913759210473,0.51627300546901,2025.10004417777,2025.15068493151,CHIKV_RUN_S21b13_2025,55.474649,-21.286325
5269,111,REU.4.8_1,REU.4.1_1,0.0496626162344315,0.566913759210473,0.517251142976041,2025.10102231527,2025.15068493151,CHIKV_RUN_S21b79_2025,55.466646,-21.144892
3360,2143,REU.4.8_1,REU.4.8_1,0.048470414560283,0.566913759210473,0.51844334465019,2025.10221451695,2025.15068493151,CHIKV_RUN_S35b65_2025,55.480522,-21.344532
4746,1334,REU.4.8_1,REU.4.8_1,0.0466250170393936,0.566913759210473,0.520288742171079,2025.10405991447,2025.15068493151,CHIKV_RUN_S22b33_2025,55.482599,-21.277955
3837,1658,REU.4.3_1,REU.4.3_1,0.0456219760302948,0.566913759210473,0.521291783180178,2025.10506295548,2025.15068493151,CHIKV_RUN_S22b14_2025,55.526059,-21.256546
4865,1302,REU.4.3_1,REU.4.3_1,0.0440084895822325,0.566913759210473,0.52290526962824,2025.10667644192,2025.15068493151,CHIKV_RUN_S13b71_2025,55.532668,-21.262135
3902,325,REU.4.3_1,REU.4.3_1,0.0439645694374906,0.566913759210473,0.522949189772982,2025.10672036207,2025.15068493151,CHIKV_RUN_S13b78_2025,55.518063,-21.285981
5336,1269,REU.4.4_1,REU.4.4_1,0.0439239418373509,0.566913759210473,0.522989817373122,2025.10676098967,2025.15068493151,CHIKV_RUN_S13b67_2025,55.562923,-21.35388
6190,57,REU.3.1_1,REU.3.1_1,0.0437167148857381,0.566913759210473,0.523197044324735,2025.10696821662,2025.15068493151,CHIKV_RUN_S21b29_2025,55.336113,-21.268849
4088,1629,REU.3.5_1,REU.3.5_1,0.0414350557152404,0.566913759210473,0.525478703495232,2025.10924987579,2025.15068493151,CHIKV_RUN_S22b17_2025,55.3288,-20.998901
3763,174,REU.4.7_1,REU.4.7_1,0.0381205775713038,0.566913759210473,0.528793181639169,2025.11256435394,2025.15068493151,CHIKV_RUN_S13b86_2025,55.717646,-21.371602
4218,256,REU.4.3_1,REU.4.8_1,0.0369486633441041,0.566913759210473,0.529965095866369,2025.11373626816,2025.15068493151,CHIKV_RUN_S21b28_2025,55.492018,-21.302727
4885,2716,REU.4.8_1,REU.4.3_1,0.0334916331961566,0.566913759210473,0.533422126014316,2025.11719329831,2025.15068493151,CHIKV_RUN_S21b20_2025,55.524765,-21.270645
4176,892,REU.2.3_1,REU.2.1_1,0.0321544818256659,0.566913759210473,0.534759277384807,2025.11853044968,2025.15068493151,CHIKV_RUN_S21b46_2025,55.331844,-20.958921
5632,1797,REU.4.6_1,REU.4.6_1,0.0309593467215027,0.566913759210473,0.53595441248897,2025.11972558479,2025.15068493151,CHIKV_RUN_S35b68_2025,55.433726,-21.276805
3566,2468,REU.4.6_1,REU.4.6_1,0.0302334657232115,0.566913759210473,0.536680293487261,2025.12045146578,2025.15068493151,CHIKV_RUN_S22b18_2025,55.421074,-21.253782
3282,2835,REU.3.1_1,REU.4.6_1,0.0301937198992897,0.566913759210473,0.536720039311183,2025.12049121161,2025.15068493151,CHIKV_RUN_S21b45_2025,55.440178,-21.260841
5128,858,REU.4.3_1,REU.4.3_1,0.0282847728386227,0.566913759210473,0.53862898637185,2025.12240015867,2025.15068493151,CHIKV_RUN_S22b28_2025,55.539411,-21.238334
4548,500,REU.4.3_1,REU.4.3_1,0.0262023720757936,0.566913759210473,0.540711387134679,2025.12448255943,2025.15068493151,CHIKV_RUN_S21b47_2025,55.523534,-21.238463
4048,1341,REU.4.3_1,REU.4.3_1,0.0258667158704058,0.566913759210473,0.541047043340067,2025.12481821564,2025.15068493151,CHIKV_RUN_S13b70_2025,55.51631,-21.296854
5094,782,REU.4.8_1,REU.4.8_1,0.0242644205449343,0.566913759210473,0.542649338665538,2025.12642051096,2025.15068493151,CHIKV_RUN_S21b21_2025,55.476804,-21.285892
6227,2002,REU.3.1_1,REU.3.1_1,0.0221877034923095,0.566913759210473,0.544726055718163,2025.12849722801,2025.15068493151,CHIKV_RUN_S21b23_2025,55.363019,-21.250659
4596,442,REU.4.8_1,REU.4.1_1,0.0218647160591894,0.566913759210473,0.545049043151283,2025.12882021545,2025.15068493151,CHIKV_RUN_S22b34_2025,55.47275,-21.143112
3794,233,REU.4.6_1,REU.4.6_1,0.0191672896635471,0.566913759210473,0.547746469546926,2025.13151764184,2025.15068493151,CHIKV_RUN_S21b86_2025,55.41854,-21.283393
5147,802,REU.4.3_1,REU.4.3_1,0.0179434500681546,0.566913759210473,0.548970309142318,2025.13274148144,2025.15068493151,CHIKV_RUN_S35b75_2025,55.503625,-21.273697
5695,2730,REU.4.8_1,REU.4.8_1,0.0175561626370155,0.566913759210473,0.549357596573457,2025.13312876887,2025.15068493151,CHIKV_RUN_S21b67_2025,55.498282,-21.299974
5725,1784,REU.4.6_1,REU.4.6_1,0.0172511635611535,0.566913759210473,0.549662595649319,2025.13343376795,2025.15068493151,CHIKV_RUN_S21b56_2025,55.437328,-21.264116
5615,2040,REU.4.5_1,REU.4.4_1,0.0169696059808142,0.566913759210473,0.549944153229659,2025.13371532553,2025.15068493151,CHIKV_RUN_S35b77_2025,55.564873,-21.358894
4517,509,REU.4.8_1,REU.4.6_1,0.0161485575171554,0.566913759210473,0.550765201693317,2025.13453637399,2025.15068493151,CHIKV_RUN_S21b19_2025,55.418728,-21.290946
4741,102,REU.4.3_1,REU.1.2_1,0.0159453814311669,0.566913759210473,0.550968377779306,2025.13473955008,2025.15068493151,CHIKV_RUN_S15b68_2025,55.626601,-21.132939
4825,1584,REU.4.8_1,REU.4.8_1,0.014299874304583,0.566913759210473,0.55261388490589,2025.1363850572,2025.15068493151,CHIKV_RUN_S13b77_2025,55.462848,-21.334591
4177,891,REU.2.3_1,REU.2.1_1,0.0139975364604764,0.566913759210473,0.552916222749996,2025.13668739505,2025.15068493151,CHIKV_RUN_S35b88_2025,55.341718,-20.937803
5567,2095,REU.3.1_1,REU.3.5_1,0.012986960814052,0.566913759210473,0.553926798396421,2025.13769797069,2025.15068493151,CHIKV_RUN_S21b42_2025,55.26568,-21.025643
6024,2528,REU.4.1_1,REU.4.1_1,0.0121082799305853,0.566913759210473,0.554805479279887,2025.13857665158,2025.15068493151,CHIKV_RUN_S21b75_2025,55.477446,-21.169435
4474,520,REU.4.6_1,REU.4.6_1,0.0118060684689575,0.566913759210473,0.555107690741515,2025.13887886304,2025.15068493151,CHIKV_RUN_S21b64_2025,55.412307,-21.288231
3334,2576,REU.3.1_1,REU.3.1_1,0.0114378579296834,0.566913759210473,0.555475901280789,2025.13924707358,2025.15068493151,CHIKV_RUN_S21b31_2025,55.364818,-21.26293
3365,2222,REU.4.8_1,REU.4.8_1,0.0111933545312055,0.566913759210473,0.555720404679267,2025.13949157698,2025.15068493151,CHIKV_RUN_S35b94_2025,55.467256,-21.34022
4289,1706,REU.4.8_1,REU.4.8_1,0.00881459822219821,0.566913759210473,0.558099160988275,2025.14187033328,2025.15068493151,CHIKV_RUN_S21b55_2025,55.472824,-21.304821
5708,2207,REU.4.6_1,REU.4.6_1,0.00731929030741596,0.566913759210473,0.559594468903057,2025.1433656412,2025.15068493151,CHIKV_RUN_S21b39_2025,55.440064,-21.256676
5338,1250,REU.4.4_1,REU.4.8_1,0.00697829862707833,0.566913759210473,0.559935460583394,2025.14370663288,2025.15068493151,CHIKV_RUN_S21b61_2025,55.459625,-21.292355
3904,321,REU.4.3_1,REU.4.3_1,0.00690113916225954,0.566913759210473,0.560012620048213,2025.14378379234,2025.15068493151,CHIKV_RUN_S35b72_2025,55.523613,-21.261098
3204,1926,REU.3.1_1,REU.3.1_1,0.00687268930374918,0.566913759210473,0.560041069906724,2025.1438122422,2025.15068493151,CHIKV_RUN_S22b58_2025,55.388986,-21.25054
5992,1864,REU.4.6_1,REU.4.6_1,0.00628294225701931,0.566913759210473,0.560630816953453,2025.14440198925,2025.15068493151,CHIKV_RUN_S13b83_2025,55.412502,-21.279366
5409,1016,REU.2.3_1,REU.2.3_1,0.00427861878793778,0.566913759210473,0.562635140422535,2025.14640631272,2025.15068493151,CHIKV_RUN_S13b79_2025,55.444339,-20.895055
3167,2827,REU.2.3_1,REU.2.3_1,0.00124692518457015,0.566913759210473,0.565666834025903,2025.14943800632,2025.15068493151,CHIKV_RUN_S35b69_2025,55.470775,-20.901613
3141,3142,REU.4.8_1,REU.4.8_1,0.0415546730131908,0.566970486627828,0.525415813614637,2025.10918698591,2025.15074165892,NA,NA,NA
5236,5237,REU.4.3_1,REU.4.3_1,0.0540020990558611,0.567036461952347,0.513034362896486,2025.09680553519,2025.15080763425,NA,NA,NA
4825,4826,REU.4.8_1,REU.4.8_1,0.0144437456651718,0.567057630571062,0.55261388490589,2025.1363850572,2025.15082880287,NA,NA,NA
3952,3953,REU.4.8_1,REU.4.3_1,0.0923588040428532,0.567170317890262,0.474811513847408,2025.05858268614,2025.15094149019,NA,NA,NA
3971,3972,REU.2.3_1,REU.2.3_1,0.0377897381448158,0.567188804546675,0.52939906640186,2025.1131702387,2025.15095997684,NA,NA,NA
6099,6100,REU.4.8_1,REU.4.8_1,0.00988236415745136,0.567195650830598,0.557313286673147,2025.14108445897,2025.15096682313,NA,NA,NA
6011,6012,REU.4.1_1,REU.4.1_1,0.0237891902776352,0.567275782875376,0.543486592597741,2025.12725776489,2025.15104695517,NA,NA,NA
3249,3258,REU.3.1_1,REU.4.6_1,0.089574581515335,0.56728114382267,0.477706562307335,2025.0614777346,2025.15105231612,NA,NA,NA
4422,4423,REU.2.5_1,REU.2.3_1,0.0786097084912206,0.567286619476322,0.488676910985102,2025.07244808328,2025.15105779177,NA,NA,NA
5083,5097,REU.4.8_1,REU.4.8_1,0.125426335173103,0.567290414189504,0.441864079016401,2025.02563525131,2025.15106158649,NA,NA,NA
4331,4332,REU.4.3_1,REU.4.3_1,0.0833800473245443,0.567446716887176,0.484066669562632,2025.06783784186,2025.15121788918,NA,NA,NA
5918,5921,REU.4.3_1,REU.4.8_1,0.037998882256673,0.567458676843828,0.529459794587155,2025.11323096688,2025.15122984914,NA,NA,NA
6179,6180,REU.3.5_1,REU.3.5_1,0.0152681912919566,0.567504197247383,0.552236005955427,2025.13600717825,2025.15127536954,NA,NA,NA
5725,5726,REU.4.6_1,REU.3.4_1,0.0178670276699436,0.567529623319263,0.549662595649319,2025.13343376795,2025.15130079562,NA,NA,NA
5981,5984,REU.3.1_1,REU.3.1_1,0.0435948488743148,0.567643498232015,0.5240486493577,2025.10781982165,2025.15141467053,NA,NA,NA
5615,5616,REU.4.5_1,REU.4.5_1,0.0177068645820901,0.567651017811749,0.549944153229659,2025.13371532553,2025.15142219011,NA,NA,NA
3302,3303,REU.2.5_1,REU.2.5_1,0.0804047207784839,0.567710146579151,0.487305425800667,2025.0710765981,2025.15148131888,NA,NA,NA
6026,6027,REU.4.1_1,REU.4.1_1,0.0255358537596374,0.567742247977814,0.542206394218177,2025.12597756651,2025.15151342027,NA,NA,NA
4423,4424,REU.2.3_1,REU.2.3_1,0.000663528663702229,0.567950148140024,0.567286619476322,2025.15105779177,2025.15172132044,NA,NA,NA
3335,3336,REU.3.1_1,REU.3.1_1,0.00407728165295118,0.567967413001145,0.563890131348193,2025.14766130364,2025.1517385853,NA,NA,NA
4899,4900,REU.2.3_1,REU.2.3_1,0.0258373245374777,0.567970114767434,0.542132790229956,2025.12590396253,2025.15174128706,NA,NA,NA
5893,5894,REU.4.6_1,REU.4.6_1,0.00251448629865225,0.567995004537472,0.565480518238819,2025.14925169054,2025.15176617683,NA,NA,NA
5412,5413,REU.2.3_1,REU.2.3_1,0.0498897531862695,0.568044521732012,0.518154768545743,2025.10192594084,2025.15181569403,NA,NA,NA
4346,4347,REU.4.8_1,REU.4.8_1,0.00911561107274994,0.568058482641737,0.558942871568987,2025.14271404387,2025.15182965494,NA,NA,NA
3486,3487,REU.3.4_1,REU.3.4_1,0.0246195758941281,0.5680810889418,0.543461513047672,2025.12723268534,2025.15185226124,NA,NA,NA
6088,6102,REU.3.1_1,REU.2.3_1,0.158812740728999,0.568081145859279,0.40926840513028,2024.99303957743,2025.15185231816,NA,NA,NA
5537,5540,REU.4.5_1,REU.4.5_1,0.0883378388014519,0.568154880359187,0.479817041557735,2025.06358821385,2025.15192605266,NA,NA,NA
3436,3437,REU.4.8_1,REU.4.8_1,0.00781443067485255,0.568335812063371,0.560521381388518,2025.14429255368,2025.15210698436,NA,NA,NA
4846,4847,REU.2.4_1,REU.2.4_1,0.011540918431646,0.568347507788817,0.556806589357171,2025.14057776165,2025.15211868009,NA,NA,NA
5740,5741,REU.3.1_1,REU.3.1_1,0.0696663306463512,0.568548022166804,0.498881691520453,2025.08265286382,2025.15231919446,NA,NA,NA
5598,5601,REU.4.5_1,REU.4.5_1,0.00308418471422922,0.568606126157844,0.565521941443615,2025.14929311374,2025.15237729845,NA,NA,NA
3593,3594,REU.4.8_1,REU.3.5_1,0.0489146710691579,0.568640744215751,0.519726073146593,2025.10349724544,2025.15241191651,NA,NA,NA
5756,5757,REU.3.4_1,REU.3.4_1,0.00985373533637135,0.568645416705486,0.558791681369115,2025.14256285367,2025.152416589,NA,NA,NA
4690,4691,REU.4.8_1,REU.4.8_1,0.0845187081086476,0.568657008269028,0.48413830016038,2025.06790947246,2025.15242818057,NA,NA,NA
4453,4454,REU.4.3_1,REU.4.3_1,0.0401209236697828,0.568771645905532,0.528650722235749,2025.11242189453,2025.1525428182,NA,NA,NA
3205,3206,REU.3.1_1,REU.4.8_1,0.104397643057854,0.568849960314297,0.464452317256443,2025.04822348955,2025.15262113261,NA,NA,NA
4444,4447,REU.4.3_1,REU.4.3_1,0.0367139247543176,0.568863454856267,0.53214953010195,2025.1159207024,2025.15263462715,NA,NA,NA
3787,3788,REU.4.5_1,REU.4.5_1,0.11053330190135,0.568933997279696,0.458400695378346,2025.04217186767,2025.15270516958,NA,NA,NA
5710,5711,REU.4.8_1,REU.2.3_1,0.0619739362515107,0.568996384649712,0.507022448398201,2025.09079362069,2025.15276755695,NA,NA,NA
4201,4206,REU.4.3_1,REU.4.3_1,0.0767488348583207,0.569148480211396,0.492399645353075,2025.07617081765,2025.15291965251,NA,NA,NA
3839,3842,REU.4.3_1,REU.4.3_1,0.00876301686560854,0.569166774046075,0.560403757180466,2025.14417492948,2025.15293794634,NA,NA,NA
5415,5416,REU.2.3_1,REU.2.3_1,0.0182530587870958,0.56922156575265,0.550968506965554,2025.13473967926,2025.15299273805,NA,NA,NA
4277,4278,REU.4.3_1,REU.4.8_1,0.0635141099601969,0.569226090641759,0.505711980681562,2025.08948315298,2025.15299726294,NA,NA,NA
4535,4536,REU.4.3_1,REU.2.3_1,0.0569110434078974,0.569246203894879,0.512335160486981,2025.09610633278,2025.15301737619,NA,NA,NA
5648,5649,REU.3.4_1,REU.4.6_1,0.0507057367026228,0.569358908270998,0.518653171568375,2025.10242434386,2025.15313008057,NA,NA,NA
5191,5193,REU.4.6_1,REU.4.6_1,0.0163713874318329,0.569436722634228,0.553065335202395,2025.1368365075,2025.15320789493,NA,NA,NA
4102,4106,REU.4.3_1,REU.2.5_1,0.0689704675618569,0.569592415135435,0.500621947573579,2025.08439311987,2025.15336358743,NA,NA,NA
5129,5130,REU.4.3_1,REU.4.3_1,0.0187492095905528,0.569645610847774,0.550896401257222,2025.13466757355,2025.15341678314,NA,NA,NA
4281,365,REU.4.3_1,REU.3.1_1,0.128669315118551,0.56965348523783,0.440984170119279,2025.02475534242,2025.15342465753,CHIKV_RUN_S22b63_2025,55.370369,-21.281844
5809,1612,REU.3.1_1,REU.3.2_1,0.0884014128606656,0.56965348523783,0.481252072377164,2025.06502324467,2025.15342465753,CHIKV_RUN_S22b67_2025,55.333221,-21.240232
4292,1635,REU.4.3_1,REU.4.8_1,0.0852644127877307,0.56965348523783,0.484389072450099,2025.06816024475,2025.15342465753,CHIKV_RUN_S21b57_2025,55.472224,-21.311853
5225,807,REU.4.3_1,REU.4.8_1,0.0685761124757646,0.56965348523783,0.501077372762066,2025.08484854506,2025.15342465753,CHIKV_RUN_S35b90_2025,55.481762,-21.346205
5913,2283,REU.4.3_1,REU.4.8_1,0.0649174109983741,0.56965348523783,0.504736074239456,2025.08850724654,2025.15342465753,CHIKV_RUN_S21b36_2025,55.533664,-21.316372
5176,803,REU.4.3_1,REU.4.3_1,0.0647063982984808,0.56965348523783,0.504947086939349,2025.08871825924,2025.15342465753,CHIKV_RUN_S13b89_2025,55.513214,-21.285639
5179,672,REU.4.3_1,REU.4.8_1,0.063218957734652,0.56965348523783,0.506434527503178,2025.0902056998,2025.15342465753,CHIKV_RUN_S22b26_2025,55.502758,-21.295395
4249,1501,REU.4.3_1,REU.4.3_1,0.0626380247398273,0.56965348523783,0.507015460498003,2025.09078663279,2025.15342465753,CHIKV_RUN_S13b84_2025,55.511534,-21.232849
4665,1103,REU.4.3_1,REU.4.3_1,0.0595854820048288,0.56965348523783,0.510068003233001,2025.09383917553,2025.15342465753,CHIKV_RUN_S35b92_2025,55.541191,-21.257468
5410,994,REU.2.3_1,REU.2.3_1,0.0584948233693894,0.56965348523783,0.511158661868441,2025.09492983416,2025.15342465753,CHIKV_RUN_S35b80_2025,55.490575,-20.922373
4233,1496,REU.3.1_1,REU.3.1_1,0.0534919972064101,0.56965348523783,0.51616148803142,2025.09993266033,2025.15342465753,CHIKV_RUN_S22b21_2025,55.371738,-21.266489
5308,1254,REU.4.4_1,REU.4.5_1,0.0527136776509882,0.56965348523783,0.516939807586842,2025.10071097988,2025.15342465753,CHIKV_RUN_S21b60_2025,55.617375,-21.375613
5603,2122,REU.4.5_1,REU.4.8_1,0.0456323573019772,0.56965348523783,0.524021127935853,2025.10779230023,2025.15342465753,CHIKV_RUN_S13b82_2025,55.527768,-21.330149
5115,746,REU.4.3_1,REU.4.8_1,0.0418633597612339,0.56965348523783,0.527790125476596,2025.11156129777,2025.15342465753,CHIKV_RUN_S35b61_2025,55.487301,-21.345641
4977,293,REU.4.5_1,REU.4.5_1,0.040704268992783,0.56965348523783,0.528949216245047,2025.11272038854,2025.15342465753,CHIKV_RUN_S22b66_2025,55.602883,-21.332519
5853,2486,REU.3.5_1,REU.3.5_1,0.0377255634013629,0.56965348523783,0.531927921836467,2025.11569909413,2025.15342465753,CHIKV_RUN_S21b50_2025,55.285628,-21.089236
4077,1452,REU.4.3_1,REU.4.6_1,0.0360678825908989,0.56965348523783,0.533585602646931,2025.11735677494,2025.15342465753,CHIKV_RUN_S21b35_2025,55.408711,-21.289178
5919,2291,REU.4.3_1,REU.4.4_1,0.0351003409337254,0.56965348523783,0.534553144304105,2025.1183243166,2025.15342465753,CHIKV_RUN_S35b78_2025,55.551897,-21.350346
6071,1935,REU.4.6_1,REU.4.6_1,0.0314030325656374,0.56965348523783,0.538250452672193,2025.12202162497,2025.15342465753,CHIKV_RUN_S21b51_2025,55.436296,-21.26359
3817,223,REU.4.5_1,REU.4.5_1,0.0310244141156957,0.56965348523783,0.538629071122134,2025.12240024342,2025.15342465753,CHIKV_RUN_S14b34_2025,55.593875,-21.366009
5656,1879,REU.4.8_1,REU.4.4_1,0.0305907155429659,0.56965348523783,0.539062769694864,2025.12283394199,2025.15342465753,CHIKV_RUN_S14b32_2025,55.563997,-21.348199
6122,1851,REU.3.1_1,REU.3.1_1,0.0280483065423922,0.56965348523783,0.541605178695438,2025.12537635099,2025.15342465753,CHIKV_RUN_S21b70_2025,55.337482,-21.270987
4159,881,REU.4.3_1,REU.4.3_1,0.0279602558821412,0.56965348523783,0.541693229355689,2025.12546440165,2025.15342465753,CHIKV_RUN_S13b90_2025,55.512085,-21.236172
3991,1394,REU.4.8_1,REU.2.1_1,0.0251877309488375,0.56965348523783,0.544465754288993,2025.12823692659,2025.15342465753,CHIKV_RUN_S13b88_2025,55.340153,-20.937131
5012,89,REU.4.8_1,REU.3.3_1,0.0223006166382294,0.56965348523783,0.547352868599601,2025.1311240409,2025.15342465753,CHIKV_RUN_S21b54_2025,55.289794,-21.107537
4790,166,REU.3.5_1,REU.3.5_1,0.0181923579044212,0.56965348523783,0.551461127333409,2025.13523229963,2025.15342465753,CHIKV_RUN_S14b06_2025,55.271828,-21.08516
3424,3009,REU.3.2_1,REU.3.2_1,0.0164477207340069,0.56965348523783,0.553205764503823,2025.1369769368,2025.15342465753,CHIKV_RUN_S22b61_2025,55.340688,-21.242198
3405,2477,REU.3.1_1,REU.3.1_1,0.0120990144863631,0.56965348523783,0.557554470751467,2025.14132564305,2025.15342465753,CHIKV_RUN_S21b78_2025,55.36739,-21.251415
4139,933,REU.4.3_1,REU.4.3_1,0.0113057241252502,0.56965348523783,0.55834776111258,2025.14211893341,2025.15342465753,CHIKV_RUN_S13b87_2025,55.510972,-21.289362
6096,1912,REU.4.8_1,REU.4.8_1,0.00955621438465015,0.56965348523783,0.56009727085318,2025.14386844315,2025.15342465753,CHIKV_RUN_S21b40_2025,55.46748,-21.301269
5916,2287,REU.4.3_1,REU.4.3_1,0.00849264578245812,0.56965348523783,0.561160839455372,2025.14493201175,2025.15342465753,CHIKV_RUN_S21b44_2025,55.518603,-21.29672
5282,1256,REU.4.4_1,REU.4.4_1,0.00841691771024577,0.56965348523783,0.561236567527584,2025.14500773982,2025.15342465753,CHIKV_RUN_S35b60_2025,55.566791,-21.348393
3641,2853,REU.2.3_1,REU.2.1_1,0.00725541550874842,0.56965348523783,0.562398069729082,2025.14616924203,2025.15342465753,CHIKV_RUN_S35b76_2025,55.338492,-20.956196
3152,1901,REU.3.4_1,REU.3.4_1,0.00623450407473625,0.56965348523783,0.563418981163094,2025.14719015346,2025.15342465753,CHIKV_RUN_S22b59_2025,55.303985,-21.173627
4750,122,REU.4.8_1,REU.3.5_1,0.00619236007357493,0.56965348523783,0.563461125164255,2025.14723229746,2025.15342465753,CHIKV_RUN_S14b07_2025,55.270136,-21.083703
4212,98,REU.4.3_1,REU.4.3_1,0.00369171202995255,0.56965348523783,0.565961773207877,2025.1497329455,2025.15342465753,CHIKV_RUN_S14b30_2025,55.520338,-21.268537
5097,781,REU.4.8_1,REU.4.8_1,0.00236307104832578,0.56965348523783,0.567290414189504,2025.15106158649,2025.15342465753,CHIKV_RUN_S22b29_2025,55.477033,-21.287757
3594,2446,REU.3.5_1,REU.3.5_1,0.00101274102207927,0.56965348523783,0.568640744215751,2025.15241191651,2025.15342465753,CHIKV_RUN_S22b76_2025,55.223868,-21.048254
4278,1517,REU.4.8_1,REU.4.8_1,0.000427394596070885,0.56965348523783,0.569226090641759,2025.15299726294,2025.15342465753,CHIKV_RUN_S35b66_2025,55.484298,-21.257965
6220,6221,REU.3.1_1,REU.3.1_1,0.145227118459284,0.569681061477247,0.424453943017963,2025.00822511531,2025.15345223377,NA,NA,NA
4034,4035,REU.4.8_1,REU.4.8_1,0.051775309043243,0.569731955794188,0.517956646750945,2025.10172781905,2025.15350312809,NA,NA,NA
5520,5521,REU.3.1_1,REU.3.1_1,0.0148044035041692,0.569943881848035,0.555139478343866,2025.13891065064,2025.15371505414,NA,NA,NA
4911,4912,REU.4.3_1,REU.4.3_1,0.0296285330387734,0.569978431650388,0.540349898611614,2025.12412107091,2025.15374960395,NA,NA,NA
4755,4756,REU.4.8_1,REU.4.8_1,0.0284857500231738,0.570010815894084,0.54152506587091,2025.12529623817,2025.15378198819,NA,NA,NA
5287,5292,REU.4.8_1,REU.4.4_1,0.0331267533335866,0.570014039322882,0.536887285989295,2025.12065845829,2025.15378521162,NA,NA,NA
3303,3304,REU.2.5_1,REU.2.5_1,0.00234160332327571,0.570051749902427,0.567710146579151,2025.15148131888,2025.1538229222,NA,NA,NA
4017,4022,REU.2.1_1,REU.2.1_1,0.0443056452550529,0.570080181471573,0.52577453621652,2025.10954570851,2025.15385135377,NA,NA,NA
5172,5173,REU.4.3_1,REU.4.3_1,0.0134235387600824,0.570245374105577,0.556821835345495,2025.14059300764,2025.1540165464,NA,NA,NA
4492,4493,REU.4.3_1,REU.4.3_1,0.0168956420602835,0.57026382498301,0.553368182922727,2025.13713935522,2025.15403499728,NA,NA,NA
3206,3207,REU.4.8_1,REU.4.8_1,0.001646311713139,0.570496272027436,0.568849960314297,2025.15262113261,2025.15426744432,NA,NA,NA
3858,3859,REU.4.3_1,REU.4.3_1,0.0147123075311597,0.570532448141142,0.555820140609983,2025.13959131291,2025.15430362044,NA,NA,NA
4407,4408,REU.2.3_1,REU.2.3_1,0.0802597858746856,0.570543670125404,0.490283884250718,2025.07405505655,2025.15431484242,NA,NA,NA
5822,5823,REU.4.6_1,REU.4.6_1,0.0417070010466698,0.57055226269609,0.52884526164942,2025.11261643395,2025.15432343499,NA,NA,NA
4755,4760,REU.4.8_1,REU.4.8_1,0.0290329468922517,0.570558012763162,0.54152506587091,2025.12529623817,2025.15432918506,NA,NA,NA
5687,5689,REU.4.3_1,REU.4.3_1,0.00710846116978558,0.570678485167251,0.563570023997465,2025.14734119629,2025.15444965746,NA,NA,NA
4775,4776,REU.3.5_1,REU.4.6_1,0.0293603904625289,0.570769206763652,0.541408816301123,2025.1251799886,2025.15454037906,NA,NA,NA
4309,4321,REU.4.3_1,REU.4.8_1,0.126126412788272,0.570771396144952,0.44464498335668,2025.02841615565,2025.15454256844,NA,NA,NA
5191,5192,REU.4.6_1,REU.4.6_1,0.0177839587086639,0.570849293911059,0.553065335202395,2025.1368365075,2025.15462046621,NA,NA,NA
4838,4839,REU.2.3_1,REU.2.3_1,0.0333762305376011,0.57091410130997,0.537537870772369,2025.12130904307,2025.15468527361,NA,NA,NA
3526,3527,REU.4.8_1,REU.2.3_1,0.0398916836021477,0.570948362966002,0.531056679363854,2025.11482785166,2025.15471953526,NA,NA,NA
4622,4623,REU.4.3_1,REU.4.3_1,0.0184151486336758,0.571091230592809,0.552676081959133,2025.13644725426,2025.15486240289,NA,NA,NA
4089,4090,REU.3.5_1,REU.3.5_1,0.00936126654985636,0.571111630631701,0.561750364081845,2025.14552153638,2025.15488280293,NA,NA,NA
5748,5749,REU.3.1_1,REU.2.2_1,0.0351584885213702,0.571161500965059,0.536003012443689,2025.11977418474,2025.15493267326,NA,NA,NA
5019,5022,REU.4.8_1,REU.2.3_1,0.0681506457404182,0.571196357766937,0.503045712026519,2025.08681688432,2025.15496753006,NA,NA,NA
3555,3559,REU.3.4_1,REU.3.4_1,0.0588199889516298,0.571393685893107,0.512573696941478,2025.09634486924,2025.15516485819,NA,NA,NA
5504,5505,REU.3.5_1,REU.3.5_1,0.0324735322085444,0.571416828788486,0.538943296579941,2025.12271446888,2025.15518800108,NA,NA,NA
3302,3313,REU.2.5_1,REU.2.5_1,0.0841206598724297,0.571426085673097,0.487305425800667,2025.0710765981,2025.15519725797,NA,NA,NA
4212,4213,REU.4.3_1,REU.4.3_1,0.00549577724989858,0.571457550457776,0.565961773207877,2025.1497329455,2025.15522872275,NA,NA,NA
4647,4648,REU.4.3_1,REU.4.3_1,0.117996134724474,0.571517042818176,0.453520908093701,2025.03729208039,2025.15528821511,NA,NA,NA
5025,5026,REU.2.3_1,REU.2.3_1,0.0103214593538,0.571541927964565,0.561220468610765,2025.14499164091,2025.15531310026,NA,NA,NA
4751,4752,REU.2.1_1,REU.2.3_1,0.0163039047994661,0.571577212018179,0.555273307218713,2025.13904447952,2025.15534838431,NA,NA,NA
6037,6038,REU.3.1_1,REU.3.2_1,0.0582456420991065,0.571669016463288,0.513423374364181,2025.09719454666,2025.15544018876,NA,NA,NA
5514,5517,REU.4.8_1,REU.4.8_1,0.0434573651932489,0.571923528620233,0.528466163426984,2025.11223733572,2025.15569470092,NA,NA,NA
5289,5290,REU.4.8_1,REU.4.8_1,0.0135009347431392,0.572002748052723,0.558501813309584,2025.14227298561,2025.15577392035,NA,NA,NA
4667,4668,REU.4.4_1,REU.4.4_1,0.00641828227670527,0.572103642700582,0.565685360423876,2025.14945653272,2025.155874815,NA,NA,NA
3128,3129,REU.4.6_1,REU.4.6_1,0.0609594283553433,0.572180025878532,0.511220597523189,2025.09499176982,2025.15595119817,NA,NA,NA
5097,5098,REU.4.8_1,REU.4.8_1,0.00498147633669432,0.572271890526199,0.567290414189504,2025.15106158649,2025.15604306282,NA,NA,NA
6053,6054,REU.3.1_1,REU.3.1_1,0.0316801479593828,0.572292878753763,0.54061273079438,2025.12438390309,2025.15606405105,NA,NA,NA
3566,3567,REU.4.6_1,REU.4.6_1,0.0356297901051857,0.572310083592447,0.536680293487261,2025.12045146578,2025.15608125589,NA,NA,NA
5724,5727,REU.4.6_1,REU.3.5_1,0.080134379533377,0.572315103508785,0.492180723975408,2025.07595189627,2025.1560862758,NA,NA,NA
3315,3316,REU.2.5_1,REU.2.5_1,0.0461303471459761,0.572368291993425,0.526237944847449,2025.11000911714,2025.15613946429,NA,NA,NA
4361,1312,REU.4.3_1,REU.4.3_1,0.123207943165808,0.572393211265187,0.449185268099379,2025.0329564404,2025.15616438356,CHIKV_RUN_S14b23_2025,55.524084,-21.278363
5548,2099,REU.4.5_1,REU.4.5_1,0.104117017546956,0.572393211265187,0.468276193718232,2025.05204736601,2025.15616438356,CHIKV_RUN_S14b26_2025,55.632211,-21.332511
5136,711,REU.4.3_1,REU.4.3_1,0.103109077779474,0.572393211265187,0.469284133485714,2025.05305530578,2025.15616438356,CHIKV_RUN_S14b31_2025,55.487883,-21.255229
4526,388,REU.4.3_1,REU.4.3_1,0.0483963541698781,0.572393211265187,0.523996857095309,2025.10776802939,2025.15616438356,CHIKV_RUN_S35b73_2025,55.522762,-21.281672
4273,1515,REU.4.3_1,REU.2.2_1,0.044513915559673,0.572393211265187,0.527879295705515,2025.111650468,2025.15616438356,CHIKV_RUN_S35b79_2025,55.300556,-20.942792
3831,615,REU.4.4_1,REU.4.8_1,0.0440995918720557,0.572393211265187,0.528293619393132,2025.11206479169,2025.15616438356,CHIKV_RUN_S14b10_2025,55.489611,-21.276861
5276,1257,REU.4.4_1,REU.4.4_1,0.0362872755144272,0.572393211265187,0.53610593575076,2025.11987710805,2025.15616438356,CHIKV_RUN_S14b37_2025,55.561036,-21.338621
3576,2464,REU.3.4_1,REU.3.4_1,0.0261545169288273,0.572393211265187,0.54623869433636,2025.13000986663,2025.15616438356,CHIKV_RUN_S14b35_2025,55.310861,-21.220284
6038,3055,REU.3.2_1,REU.3.2_1,0.000724194801899669,0.572393211265187,0.571669016463288,2025.15544018876,2025.15616438356,CHIKV_RUN_S14b25_2025,55.336888,-21.2427
3526,3530,REU.4.8_1,REU.4.8_1,0.0413722228216236,0.572428902185478,0.531056679363854,2025.11482785166,2025.15620007448,NA,NA,NA
3691,3692,REU.3.1_1,REU.3.2_1,0.0620353156760487,0.57244527889873,0.510409963222681,2025.09418113552,2025.1562164512,NA,NA,NA
5492,5493,REU.4.3_1,REU.4.8_1,0.0914410087297827,0.572558410903474,0.481117402173691,2025.06488857447,2025.1563295832,NA,NA,NA
6075,6076,REU.3.1_1,REU.3.1_1,0.121700162079668,0.572794061256232,0.451093899176564,2025.03486507147,2025.15656523355,NA,NA,NA
3372,3373,REU.4.3_1,REU.4.8_1,0.0891930045134228,0.5728766977179,0.483683693204477,2025.0674548655,2025.15664787001,NA,NA,NA
5831,5832,REU.4.8_1,REU.4.8_1,0.00849452109122839,0.572880655522195,0.564386134430967,2025.14815730673,2025.15665182782,NA,NA,NA
3127,3134,REU.4.6_1,REU.4.6_1,0.0642916079606277,0.572881485041976,0.508589877081348,2025.09236104938,2025.15665265734,NA,NA,NA
4365,4366,REU.4.3_1,REU.4.3_1,0.0258968057111053,0.572988914652163,0.547092108941057,2025.13086328124,2025.15676008695,NA,NA,NA
5003,5004,REU.4.3_1,REU.2.3_1,0.0615821670094703,0.57300032046601,0.51141815345654,2025.09518932575,2025.15677149276,NA,NA,NA
5400,5401,REU.2.3_1,REU.2.3_1,0.0486402776358659,0.57307291884536,0.524432641209494,2025.10820381351,2025.15684409114,NA,NA,NA
6157,6158,REU.3.1_1,REU.3.2_1,0.032496891359216,0.573108159565226,0.54061126820601,2025.1243824405,2025.15687933186,NA,NA,NA
5930,5931,REU.2.3_1,REU.2.3_1,0.024178543823937,0.573133890757974,0.548955346934037,2025.13272651923,2025.15690506305,NA,NA,NA
4454,4455,REU.4.3_1,REU.4.3_1,0.00436632682914606,0.573137972734678,0.568771645905532,2025.1525428182,2025.15690914503,NA,NA,NA
3198,3199,REU.4.6_1,REU.4.6_1,0.014330234250554,0.573161519363817,0.558831285113263,2025.14260245741,2025.15693269166,NA,NA,NA
3628,3630,REU.2.3_1,REU.2.3_1,0.0403959042346781,0.573168304361803,0.532772400127125,2025.11654357242,2025.15693947666,NA,NA,NA
3527,3528,REU.2.3_1,REU.2.3_1,0.0022598665784922,0.573208229544494,0.570948362966002,2025.15471953526,2025.15697940184,NA,NA,NA
4875,4876,REU.4.3_1,REU.4.3_1,0.0464251311988506,0.573241931981099,0.526816800782248,2025.11058797308,2025.15701310428,NA,NA,NA
4678,4679,REU.4.8_1,REU.4.8_1,0.0516439672261854,0.573399018794095,0.52175505156791,2025.10552622386,2025.15717019109,NA,NA,NA
3856,3857,REU.4.3_1,REU.4.3_1,0.0232329310997649,0.573491123254677,0.550258192154912,2025.13402936445,2025.15726229555,NA,NA,NA
5538,5539,REU.4.5_1,REU.4.5_1,0.0260528208915544,0.573504537968409,0.547451717076854,2025.13122288937,2025.15727571026,NA,NA,NA
5850,5851,REU.3.1_1,REU.3.1_1,0.0574919624315235,0.5735774846748,0.516085522243277,2025.09985669454,2025.15734865697,NA,NA,NA
5407,5426,REU.2.3_1,REU.2.3_1,0.089669444850658,0.573587457440146,0.483918012589488,2025.06768918489,2025.15735862974,NA,NA,NA
5324,5325,REU.4.4_1,REU.4.5_1,0.0119439833820512,0.573623702383384,0.561679719001333,2025.1454508913,2025.15739487468,NA,NA,NA
4846,4850,REU.2.4_1,REU.2.4_1,0.0168497359671913,0.573656325324362,0.556806589357171,2025.14057776165,2025.15742749762,NA,NA,NA
4022,4023,REU.2.1_1,REU.2.1_1,0.00358567899138551,0.573665860462958,0.570080181471573,2025.15385135377,2025.15743703276,NA,NA,NA
3630,3632,REU.2.3_1,REU.2.3_1,0.000498152999449442,0.573666457361252,0.573168304361803,2025.15693947666,2025.15743762966,NA,NA,NA
3873,3875,REU.2.3_1,REU.2.3_1,0.0404705320516603,0.573693240843564,0.533222708791903,2025.11699388109,2025.15746441314,NA,NA,NA
4950,4951,REU.4.8_1,REU.4.8_1,0.0226335671452685,0.573776793964201,0.551143226818932,2025.13491439912,2025.15754796626,NA,NA,NA
4708,4709,REU.2.3_1,REU.2.3_1,0.0432227222427768,0.573799662921385,0.530576940678608,2025.11434811297,2025.15757083522,NA,NA,NA
5758,5759,REU.3.4_1,REU.3.4_1,0.0520305403722314,0.573909356594833,0.521878816222601,2025.10564998852,2025.15768052889,NA,NA,NA
4791,4795,REU.3.5_1,REU.3.5_1,0.0205655129556097,0.573989924758728,0.553424411803119,2025.1371955841,2025.15776109706,NA,NA,NA
3224,3225,REU.4.3_1,REU.4.3_1,0.0354662208527665,0.574069568866665,0.538603348013898,2025.12237452031,2025.15784074116,NA,NA,NA
5687,5688,REU.4.3_1,REU.4.3_1,0.0106045363137879,0.574174560311253,0.563570023997465,2025.14734119629,2025.15794573261,NA,NA,NA
3765,3767,REU.2.3_1,REU.2.3_1,0.00823065268394663,0.574224260692684,0.565993608008738,2025.14976478031,2025.15799543299,NA,NA,NA
6135,6136,REU.3.1_1,REU.3.1_1,0.037628270442801,0.574234884645936,0.536606614203135,2025.1203777865,2025.15800605694,NA,NA,NA
5578,5580,REU.4.5_1,REU.4.5_1,0.0123557823285292,0.574287865253999,0.56193208292547,2025.14570325522,2025.15805903755,NA,NA,NA
4112,4113,REU.4.3_1,REU.4.3_1,0.101561792545452,0.574538822751414,0.472977030205962,2025.0567482025,2025.15830999505,NA,NA,NA
4113,4114,REU.4.3_1,REU.4.3_1,6.27576254896844e-05,0.574601580376903,0.574538822751414,2025.15830999505,2025.15837275267,NA,NA,NA
5357,5358,REU.4.8_1,REU.4.8_1,0.0171067464325323,0.574667321964232,0.557560575531699,2025.14133174783,2025.15843849426,NA,NA,NA
4445,4446,REU.4.3_1,REU.4.3_1,0.0372859868133772,0.574703946692467,0.53741795987909,2025.12118913218,2025.15847511899,NA,NA,NA
6201,6202,REU.2.3_1,REU.2.3_1,0.0578051131618104,0.574749537904209,0.516944424742399,2025.10071559704,2025.1585207102,NA,NA,NA
4458,4459,REU.4.8_1,REU.4.3_1,0.0090388291454665,0.574750279336481,0.565711450191015,2025.14948262249,2025.15852145163,NA,NA,NA
3923,3925,REU.4.3_1,REU.4.3_1,0.0159245284314351,0.574752364962657,0.558827836531222,2025.14259900883,2025.15852353726,NA,NA,NA
4838,4842,REU.2.3_1,REU.2.3_1,0.0373666623274519,0.574904533099821,0.537537870772369,2025.12130904307,2025.1586757054,NA,NA,NA
5530,5542,REU.4.5_1,REU.4.5_1,0.161606393224695,0.574939155696526,0.413332762471831,2024.99710393477,2025.15871032799,NA,NA,NA
5389,5397,REU.2.3_1,REU.2.3_1,0.0524115794027341,0.574982295976642,0.522570716573908,2025.10634188887,2025.15875346827,NA,NA,NA
5335,5346,REU.4.4_1,REU.4.4_1,0.095823640519477,0.574991396323867,0.47916775580439,2025.0629389281,2025.15876256862,NA,NA,NA
6092,6093,REU.3.1_1,REU.3.1_1,0.0210439568379381,0.575017019031254,0.553973062193316,2025.13774423449,2025.15878819133,NA,NA,NA
3619,3620,REU.2.3_1,REU.2.3_1,0.116260757622967,0.575051813492371,0.458791055869404,2025.04256222817,2025.15882298579,NA,NA,NA
5898,2259,REU.4.3_1,REU.4.3_1,0.0700881347249945,0.575132937292545,0.50504480256755,2025.08881597486,2025.15890410959,CHIKV_RUN_S14b24_2025,55.516538,-21.280238
3156,3060,REU.4.3_1,REU.4.3_1,0.0516481736057313,0.575132937292545,0.523484763686814,2025.10725593598,2025.15890410959,CHIKV_RUN_S14b21_2025,55.498797,-21.258041
5294,1209,REU.4.4_1,REU.4.4_1,0.0155959462723908,0.575132937292545,0.559536991020154,2025.14330816332,2025.15890410959,CHIKV_RUN_S14b22_2025,55.55582,-21.342746
4204,4205,REU.3.5_1,REU.3.5_1,0.0255267432201269,0.575228091855734,0.549701348635607,2025.13347252093,2025.15899926415,NA,NA,NA
3580,3581,REU.3.4_1,REU.3.4_1,0.0339013879662211,0.57526337622145,0.541361988255229,2025.12513316055,2025.15903454852,NA,NA,NA
5164,5165,REU.4.8_1,REU.4.3_1,0.0385403482741653,0.575311660877335,0.53677131260317,2025.1205424849,2025.15908283317,NA,NA,NA
6115,6116,REU.3.1_1,REU.4.8_1,0.0326803700108069,0.575317692467582,0.542637322456775,2025.12640849475,2025.15908886476,NA,NA,NA
5186,5190,REU.4.6_1,REU.4.6_1,0.0132846854888841,0.57534833627159,0.562063650782706,2025.14583482308,2025.15911950857,NA,NA,NA
4299,4300,REU.4.3_1,REU.4.3_1,0.0185441453141371,0.575373146863536,0.556829001549399,2025.14060017385,2025.15914431916,NA,NA,NA
6069,6072,REU.3.1_1,REU.3.1_1,0.0571328086828031,0.575406361005302,0.518273552322499,2025.10204472462,2025.1591775333,NA,NA,NA
5944,5945,REU.4.3_1,REU.4.3_1,0.0322654216065515,0.575418050092154,0.543152628485602,2025.12692380078,2025.15918922239,NA,NA,NA
4566,4567,REU.4.3_1,REU.2.4_1,0.196390400101764,0.575489595296252,0.379099195194488,2024.96287036749,2025.15926076759,NA,NA,NA
5483,5484,REU.4.3_1,REU.4.3_1,0.0615361643694917,0.575582575185575,0.514046410816083,2025.09781758311,2025.15935374748,NA,NA,NA
5046,5047,REU.4.3_1,REU.4.3_1,0.0214534285233504,0.575604672349089,0.554151243825739,2025.13792241612,2025.15937584465,NA,NA,NA
5851,5852,REU.3.1_1,REU.3.1_1,0.00204758608706757,0.575625070761868,0.5735774846748,2025.15734865697,2025.15939624306,NA,NA,NA
5130,5131,REU.4.3_1,REU.4.3_1,0.00607614496323583,0.57572175581101,0.569645610847774,2025.15341678314,2025.15949292811,NA,NA,NA
4206,4207,REU.4.3_1,REU.4.3_1,0.00659644966930983,0.575744929880706,0.569148480211396,2025.15291965251,2025.15951610218,NA,NA,NA
5424,5425,REU.2.3_1,REU.2.3_1,0.0567366621188345,0.575817678740562,0.519081016621728,2025.10285218892,2025.15958885104,NA,NA,NA
3255,3256,REU.4.8_1,REU.4.8_1,0.0224991627647246,0.575925514032926,0.553426351268201,2025.13719752356,2025.15969668633,NA,NA,NA
3240,3241,REU.3.1_1,REU.4.6_1,0.0519072211168189,0.576055882789216,0.524148661672397,2025.10791983397,2025.15982705509,NA,NA,NA
3783,3785,REU.4.5_1,REU.4.5_1,0.133961663385449,0.57607635158627,0.44211468820082,2025.0258858605,2025.15984752388,NA,NA,NA
3284,3285,REU.4.3_1,REU.4.3_1,0.0553313856927194,0.576255927029564,0.520924541336844,2025.10469571363,2025.16002709933,NA,NA,NA
4756,4758,REU.4.8_1,REU.4.8_1,0.00629640741518556,0.576307223309269,0.570010815894084,2025.15378198819,2025.16007839561,NA,NA,NA
4063,4064,REU.4.8_1,REU.4.8_1,0.0290641546316006,0.576374518557037,0.547310363925436,2025.13108153622,2025.16014569085,NA,NA,NA
3474,3475,REU.3.4_1,REU.3.4_1,0.0130487848001289,0.5764054566018,0.563356671801671,2025.1471278441,2025.1601766289,NA,NA,NA
3765,3766,REU.2.3_1,REU.2.3_1,0.0104224379569262,0.576416045965664,0.565993608008738,2025.14976478031,2025.16018721826,NA,NA,NA
4807,4808,REU.4.3_1,REU.4.3_1,0.042213355647465,0.57642948183484,0.534216126187374,2025.11798729848,2025.16020065413,NA,NA,NA
5929,5933,REU.2.3_1,REU.4.5_1,0.045148387028406,0.576487035362933,0.531338648334527,2025.11510982063,2025.16025820766,NA,NA,NA
6038,6039,REU.3.2_1,REU.3.2_1,0.00484219264566854,0.576511209108956,0.571669016463288,2025.15544018876,2025.16028238141,NA,NA,NA
3607,3608,REU.2.3_1,REU.2.3_1,0.0790360972143469,0.576664422540329,0.497628325325982,2025.08139949762,2025.16043559484,NA,NA,NA
5222,5223,REU.4.3_1,REU.4.5_1,0.0552690900765691,0.576714285786288,0.521445195709719,2025.10521636801,2025.16048545808,NA,NA,NA
4981,4982,REU.4.3_1,REU.4.5_1,0.0566101815677418,0.576876896647917,0.520266715080175,2025.10403788738,2025.16064806894,NA,NA,NA
6108,6109,REU.3.1_1,REU.3.1_1,0.0454875125666933,0.576894884069601,0.531407371502908,2025.1151785438,2025.16066605637,NA,NA,NA
3771,3775,REU.4.5_1,REU.4.5_1,0.0456550758383518,0.577018438009515,0.531363362171163,2025.11513453447,2025.16078961031,NA,NA,NA
4778,4779,REU.2.3_1,REU.2.3_1,0.0267427769968352,0.577275817498036,0.5505330405012,2025.1343042128,2025.16104698979,NA,NA,NA
3851,3852,REU.4.3_1,REU.4.3_1,0.0395601797299845,0.577281176459202,0.537720996729218,2025.12149216903,2025.16105234876,NA,NA,NA
4756,4757,REU.4.8_1,REU.4.8_1,0.00730701195655781,0.577317827850641,0.570010815894084,2025.15378198819,2025.16108900015,NA,NA,NA
4449,4450,REU.4.3_1,REU.4.8_1,0.0545730020705282,0.577327194223245,0.522754192152717,2025.10652536445,2025.16109836652,NA,NA,NA
3721,3722,REU.3.4_1,REU.3.4_1,0.048131553432457,0.577384144390916,0.529252590958459,2025.11302376325,2025.16115531669,NA,NA,NA
4536,4537,REU.2.3_1,REU.2.3_1,0.00822951611638656,0.577475720011265,0.569246203894879,2025.15301737619,2025.16124689231,NA,NA,NA
4990,4991,REU.4.3_1,REU.4.8_1,0.0545830747190708,0.57757391662223,0.522990841903159,2025.1067620142,2025.16134508892,NA,NA,NA
3972,3976,REU.2.3_1,REU.2.3_1,0.0103981507674875,0.577586955314163,0.567188804546675,2025.15095997684,2025.16135812761,NA,NA,NA
5401,5402,REU.2.3_1,REU.2.3_1,0.00452337818003223,0.577596297025393,0.57307291884536,2025.15684409114,2025.16136746932,NA,NA,NA
4779,4780,REU.2.3_1,REU.2.3_1,0.000343592798114911,0.57761941029615,0.577275817498036,2025.16104698979,2025.16139058259,NA,NA,NA
4797,4800,REU.4.3_1,REU.4.3_1,0.0128133982153155,0.577719636878468,0.564906238663152,2025.14867741096,2025.16149080917,NA,NA,NA
5086,791,REU.4.8_1,REU.4.8_1,0.114302185558359,0.577872663319902,0.463570477761543,2025.04734165006,2025.16164383562,CHIKV_RUN_S14b11_2025,55.473862,-21.287217
3440,2005,REU.3.1_1,REU.4.3_1,0.10481970085249,0.577872663319902,0.473052962467413,2025.05682413476,2025.16164383562,CHIKV_RUN_S14b36_2025,55.514278,-21.257017
3791,228,REU.4.5_1,REU.4.7_1,0.0932080987298898,0.577872663319902,0.484664564590013,2025.06843573689,2025.16164383562,CHIKV_RUN_S14b05_2025,55.706919,-21.371935
6118,2307,REU.3.1_1,REU.3.1_1,0.0845927318619093,0.577872663319902,0.493279931457993,2025.07705110375,2025.16164383562,CHIKV_RUN_S14b01_2025,55.362654,-21.261016
5262,1726,REU.4.3_1,REU.4.3_1,0.0749211270156482,0.577872663319902,0.502951536304254,2025.0867227086,2025.16164383562,CHIKV_RUN_S14b40_2025,55.533409,-21.262617
5898,2258,REU.4.3_1,REU.4.3_1,0.0728278607523519,0.577872663319902,0.50504480256755,2025.08881597486,2025.16164383562,CHIKV_RUN_S13b92_2025,55.516588,-21.288807
5804,1953,REU.2.3_1,REU.2.3_1,0.0718763266185771,0.577872663319902,0.505996336701325,2025.089767509,2025.16164383562,CHIKV_RUN_S16b83_2025,55.446423,-20.894682
4713,1049,REU.2.3_1,REU.4.5_1,0.0615005901169441,0.577872663319902,0.516372073202958,2025.1001432455,2025.16164383562,CHIKV_RUN_S14b12_2025,55.689517,-21.366414
3837,1676,REU.4.3_1,REU.4.3_1,0.0565808801397244,0.577872663319902,0.521291783180178,2025.10506295548,2025.16164383562,CHIKV_RUN_S14b13_2025,55.527306,-21.25541
4990,919,REU.4.3_1,REU.4.3_1,0.0548818214167432,0.577872663319902,0.522990841903159,2025.1067620142,2025.16164383562,CHIKV_RUN_S14b14_2025,55.533632,-21.283827
3990,1477,REU.4.3_1,REU.4.3_1,0.0534725510872547,0.577872663319902,0.524400112232648,2025.10817128453,2025.16164383562,CHIKV_RUN_S14b19_2025,55.526862,-21.280133
3912,1401,REU.4.3_1,REU.4.3_1,0.050333987307021,0.577872663319902,0.527538676012881,2025.11130984831,2025.16164383562,CHIKV_RUN_S14b15_2025,55.503577,-21.27514
6001,2765,REU.3.4_1,REU.3.4_1,0.046500121428542,0.577872663319902,0.53137254189136,2025.11514371419,2025.16164383562,CHIKV_RUN_S14b56_2025,55.335341,-21.201919
3701,2662,REU.3.1_1,REU.3.2_1,0.0430255646431805,0.577872663319902,0.534847098676722,2025.11861827097,2025.16164383562,CHIKV_RUN_S14b09_2025,55.343116,-21.221034
4445,547,REU.4.3_1,REU.4.8_1,0.0404547034408127,0.577872663319902,0.53741795987909,2025.12118913218,2025.16164383562,CHIKV_RUN_S13b91_2025,55.498253,-21.294116
3920,1414,REU.4.3_1,REU.4.3_1,0.036683863294241,0.577872663319902,0.541188800025661,2025.12495997232,2025.16164383562,CHIKV_RUN_S14b04_2025,55.518117,-21.277147
5244,676,REU.4.3_1,REU.4.3_1,0.0155535992204427,0.577872663319902,0.56231906409946,2025.1460902364,2025.16164383562,CHIKV_RUN_S13b93_2025,55.527448,-21.29073
5192,768,REU.4.6_1,REU.4.6_1,0.00702336940884329,0.577872663319902,0.570849293911059,2025.15462046621,2025.16164383562,CHIKV_RUN_S14b39_2025,55.428683,-21.264105
3692,2650,REU.3.2_1,REU.3.2_1,0.00542738442117274,0.577872663319902,0.57244527889873,2025.1562164512,2025.16164383562,CHIKV_RUN_S14b20_2025,55.354662,-21.243279
5358,1194,REU.4.8_1,REU.4.8_1,0.00320534135567052,0.577872663319902,0.574667321964232,2025.15843849426,2025.16164383562,CHIKV_RUN_S14b08_2025,55.462594,-21.339923
4537,475,REU.2.3_1,REU.1.1_1,0.000396943308637043,0.577872663319902,0.577475720011265,2025.16124689231,2025.16164383562,CHIKV_RUN_S16b82_2025,55.682539,-20.998509
4329,4330,REU.3.5_1,REU.3.5_1,0.0348185920021922,0.577873352987129,0.543054760984937,2025.12682593328,2025.16164452528,NA,NA,NA
5073,5074,REU.2.3_1,REU.2.3_1,0.0278186082327214,0.577883492245752,0.55006488401303,2025.13383605631,2025.16165466454,NA,NA,NA
3664,3665,REU.2.4_1,REU.2.4_1,0.0408365102302141,0.577985521079879,0.537149010849665,2025.12092018315,2025.16175669338,NA,NA,NA
3449,3450,REU.3.4_1,REU.3.4_1,0.0472954135306098,0.578008834008832,0.530713420478222,2025.11448459277,2025.16178000631,NA,NA,NA
4379,4380,REU.4.8_1,REU.4.3_1,0.0420360902269581,0.578047009473601,0.536010919246643,2025.11978209154,2025.16181818177,NA,NA,NA
5419,5420,REU.2.3_1,REU.2.3_1,0.0270329717930352,0.578131126649201,0.551098154856166,2025.13486932715,2025.16190229895,NA,NA,NA
4556,4560,REU.2.3_1,REU.2.3_1,0.0726773151234443,0.57815766659756,0.505480351474116,2025.08925152377,2025.16192883889,NA,NA,NA
5665,5671,REU.4.5_1,REU.4.6_1,0.0386629867678643,0.578374490417849,0.539711503649985,2025.12348267595,2025.16214566271,NA,NA,NA
3499,3500,REU.4.6_1,REU.4.6_1,0.0473034247337183,0.578472203640577,0.531168778906858,2025.1149399512,2025.16224337594,NA,NA,NA
4165,4166,REU.4.3_1,REU.4.3_1,0.0442702018727199,0.578538321356409,0.534268119483689,2025.11803929178,2025.16230949365,NA,NA,NA
5787,5790,REU.3.1_1,REU.4.5_1,0.111153524738444,0.578581689504545,0.467428164766101,2025.05119933706,2025.1623528618,NA,NA,NA
6016,6017,REU.4.1_1,REU.4.1_1,0.0511867838801741,0.578588904045609,0.527402120165435,2025.11117329246,2025.16236007634,NA,NA,NA
6136,6137,REU.3.1_1,REU.3.1_1,0.00437268495266663,0.578607569598603,0.574234884645936,2025.15800605694,2025.1623787419,NA,NA,NA
3370,3371,REU.4.3_1,REU.4.3_1,0.0230591997606292,0.578651703239874,0.555592503479244,2025.13936367578,2025.16242287554,NA,NA,NA
5226,5227,REU.4.3_1,REU.4.3_1,0.0460885945892495,0.578737011666734,0.532648417077484,2025.11641958937,2025.16250818396,NA,NA,NA
5775,5778,REU.4.3_1,REU.4.3_1,0.0383108855315217,0.578764517604205,0.540453632072684,2025.12422480437,2025.1625356899,NA,NA,NA
5812,5813,REU.3.1_1,REU.3.1_1,0.0491195608405403,0.579042491690921,0.529922930850381,2025.11369410315,2025.16281366399,NA,NA,NA
4123,4133,REU.4.3_1,REU.3.5_1,0.172588239339176,0.579080346995689,0.406492107656513,2024.99026327995,2025.16285151929,NA,NA,NA
6203,6204,REU.2.3_1,REU.2.3_1,0.0584748235203578,0.579306240775787,0.520831417255429,2025.10460258955,2025.16307741307,NA,NA,NA
4466,4467,REU.4.3_1,REU.4.3_1,0.0547682266422538,0.579469137119865,0.524700910477612,2025.10847208277,2025.16324030942,NA,NA,NA
5762,5763,REU.2.3_1,REU.2.3_1,0.0244085185075786,0.579476552217776,0.555068033710198,2025.13883920601,2025.16324772451,NA,NA,NA
4366,4367,REU.4.3_1,REU.4.3_1,0.00652386573953179,0.579512780391695,0.572988914652163,2025.15676008695,2025.16328395269,NA,NA,NA
5344,5345,REU.4.4_1,REU.4.4_1,0.0264037470043516,0.579513107339736,0.553109360335384,2025.13688053263,2025.16328427964,NA,NA,NA
5608,5619,REU.4.5_1,REU.4.5_1,0.0861448097113088,0.579533580623514,0.493388770912206,2025.07715994321,2025.16330475292,NA,NA,NA
3656,3657,REU.2.3_1,REU.2.3_1,0.022558642398529,0.579563500981356,0.557004858582827,2025.14077603088,2025.16333467328,NA,NA,NA
4951,4952,REU.4.8_1,REU.4.8_1,0.00579220400917912,0.57956899797338,0.573776793964201,2025.15754796626,2025.16334017027,NA,NA,NA
4039,4040,REU.4.8_1,REU.1.4_1,0.0233264900904888,0.579698995451681,0.556372505361192,2025.14014367766,2025.16347016775,NA,NA,NA
6022,6023,REU.4.1_1,REU.4.1_1,0.0267679280053067,0.57975636176158,0.552988433756273,2025.13675960605,2025.16352753406,NA,NA,NA
4939,4940,REU.4.3_1,REU.4.3_1,0.0398475717871789,0.579780726235856,0.539933154448677,2025.12370432675,2025.16355189853,NA,NA,NA
4367,4369,REU.4.3_1,REU.4.3_1,0.000351895009817471,0.579864675401512,0.579512780391695,2025.16328395269,2025.1636358477,NA,NA,NA
4009,4010,REU.3.5_1,REU.3.5_1,0.0229433081266237,0.580412332168671,0.557469024042048,2025.14124019634,2025.16418350447,NA,NA,NA
5147,5148,REU.4.3_1,REU.4.3_1,0.0315296366557258,0.580499945798044,0.548970309142318,2025.13274148144,2025.16427111809,NA,NA,NA
3388,3389,REU.3.1_1,REU.4.3_1,0.179990030532036,0.580509119468051,0.400519088936015,2024.98429026123,2025.16428029176,NA,NA,NA
3207,3208,REU.4.8_1,REU.4.8_1,0.0100602544797077,0.580556526507143,0.570496272027436,2025.15426744432,2025.1643276988,NA,NA,NA
4552,451,REU.4.3_1,REU.4.3_1,0.112443514764591,0.580612389347487,0.468168874582896,2025.05194004688,2025.16438356164,CHIKV_RUN_S14b46_2025,55.520366,-21.289812
4288,112,REU.4.3_1,REU.4.3_1,0.0795429096470466,0.580612389347487,0.50106947970044,2025.084840652,2025.16438356164,CHIKV_RUN_S14b53_2025,55.510516,-21.288478
3930,1600,REU.4.8_1,REU.4.3_1,0.0698485213462442,0.580612389347487,0.510763868001243,2025.0945350403,2025.16438356164,CHIKV_RUN_S14b70_2025,55.508973,-21.270762
5281,1263,REU.4.4_1,REU.4.3_1,0.0623330431458156,0.580612389347487,0.518279346201671,2025.1020505185,2025.16438356164,CHIKV_RUN_S14b47_2025,55.525847,-21.280431
5215,824,REU.4.8_1,REU.4.3_1,0.0584043427938417,0.580612389347487,0.522208046553645,2025.10597921885,2025.16438356164,CHIKV_RUN_S14b69_2025,55.50941,-21.284798
5817,2391,REU.4.8_1,REU.2.1_1,0.0514725477253778,0.580612389347487,0.529139841622109,2025.11291101392,2025.16438356164,CHIKV_RUN_S14b44_2025,55.33609,-20.9304
5774,2194,REU.4.3_1,REU.4.3_1,0.0482523411699585,0.580612389347487,0.532360048177529,2025.11613122047,2025.16438356164,CHIKV_RUN_S14b64_2025,55.512497,-21.280336
3332,2578,REU.3.1_1,REU.3.1_1,0.0425346776007052,0.580612389347487,0.538077711746782,2025.12184888404,2025.16438356164,CHIKV_RUN_S14b02_2025,55.359477,-21.249932
5116,749,REU.4.3_1,REU.4.3_1,0.0344196140494177,0.580612389347487,0.546192775298069,2025.12996394759,2025.16438356164,CHIKV_RUN_S14b38_2025,55.511398,-21.275432
3488,2941,REU.3.4_1,REU.3.4_1,0.0304131640775427,0.580612389347487,0.550199225269944,2025.13397039757,2025.16438356164,CHIKV_RUN_S14b43_2025,55.282931,-21.141466
3413,2752,REU.3.1_1,REU.4.6_1,0.0254306378942831,0.580612389347487,0.555181751453204,2025.13895292375,2025.16438356164,CHIKV_RUN_S14b50_2025,55.436071,-21.251919
5172,735,REU.4.3_1,REU.4.3_1,0.0237905540019925,0.580612389347487,0.556821835345495,2025.14059300764,2025.16438356164,CHIKV_RUN_S14b51_2025,55.525741,-21.286123
4866,1388,REU.4.3_1,REU.4.3_1,0.0234062969087587,0.580612389347487,0.557206092438728,2025.14097726474,2025.16438356164,CHIKV_RUN_S14b66_2025,55.533591,-21.261149
5338,1200,REU.4.4_1,REU.4.4_1,0.0206769287640927,0.580612389347487,0.559935460583394,2025.14370663288,2025.16438356164,CHIKV_RUN_S14b54_2025,55.559399,-21.339634
5165,724,REU.4.3_1,REU.4.3_1,0.00530072847015206,0.580612389347487,0.575311660877335,2025.15908283317,2025.16438356164,CHIKV_RUN_S14b59_2025,55.521902,-21.279851
4758,4759,REU.4.8_1,REU.4.8_1,0.00445675631587505,0.580763979625144,0.576307223309269,2025.16007839561,2025.16453515192,NA,NA,NA
3189,3190,REU.4.8_1,REU.4.8_1,0.0139267911755195,0.58083244006378,0.56690564888826,2025.15067682118,2025.16460361236,NA,NA,NA
6216,6217,REU.2.3_1,REU.2.3_1,0.0670942831386955,0.580947241014221,0.513852957875526,2025.09762413017,2025.16471841331,NA,NA,NA
4826,4827,REU.4.8_1,REU.4.8_1,0.014096467951032,0.581154098522094,0.567057630571062,2025.15082880287,2025.16492527082,NA,NA,NA
4227,4228,REU.4.3_1,REU.4.8_1,0.0962653889643155,0.581229381727148,0.484963992762833,2025.06873516506,2025.16500055402,NA,NA,NA
4857,4860,REU.3.5_1,REU.3.5_1,0.0201530869482387,0.581298298064638,0.561145211116399,2025.14491638341,2025.16506947036,NA,NA,NA
3501,3502,REU.4.6_1,REU.4.6_1,0.0434687528799969,0.581312041285289,0.537843288405292,2025.1216144607,2025.16508321358,NA,NA,NA
5609,5610,REU.4.5_1,REU.2.3_1,0.0769293176509371,0.581362621430774,0.504433303779837,2025.08820447608,2025.16513379373,NA,NA,NA
5945,5946,REU.4.3_1,REU.4.3_1,0.00596699966308689,0.58138504975524,0.575418050092154,2025.15918922239,2025.16515622205,NA,NA,NA
5363,5364,REU.4.8_1,REU.4.3_1,0.0571184009237424,0.581444203008074,0.524325802084331,2025.10809697438,2025.1652153753,NA,NA,NA
5390,5391,REU.2.3_1,REU.2.3_1,0.0362595621709098,0.581650228383853,0.545390666212943,2025.12916183851,2025.16542140068,NA,NA,NA
5470,5471,REU.2.3_1,REU.2.3_1,0.0912422767932932,0.581827145489059,0.490584868695766,2025.07435604099,2025.16559831779,NA,NA,NA
6012,6013,REU.4.1_1,REU.4.1_1,0.0145669592385318,0.581842742113908,0.567275782875376,2025.15104695517,2025.16561391441,NA,NA,NA
4912,4913,REU.4.3_1,REU.3.5_1,0.0119416956227928,0.58192012727318,0.569978431650388,2025.15374960395,2025.16569129957,NA,NA,NA
4780,4784,REU.2.3_1,REU.2.3_1,0.0044157339273001,0.582035144223451,0.57761941029615,2025.16139058259,2025.16580631652,NA,NA,NA
3972,3973,REU.2.3_1,REU.2.3_1,0.0149938069938652,0.582182611540541,0.567188804546675,2025.15095997684,2025.16595378384,NA,NA,NA
5447,5448,REU.2.3_1,REU.2.3_1,0.0455298349789849,0.582238289634952,0.536708454655967,2025.12047962695,2025.16600946193,NA,NA,NA
5151,5153,REU.4.3_1,REU.4.8_1,0.0931569779091556,0.582514611615177,0.489357633706022,2025.073128806,2025.16628578391,NA,NA,NA
5004,5007,REU.2.3_1,REU.2.3_1,0.00960280766639421,0.582603128132404,0.57300032046601,2025.15677149276,2025.16637430043,NA,NA,NA
5202,5203,REU.4.3_1,REU.4.3_1,0.0858347058133095,0.582628124029367,0.496793418216057,2025.08056459051,2025.16639929633,NA,NA,NA
3176,3177,REU.3.1_1,REU.4.3_1,0.057057243598144,0.58267259301696,0.525615349418816,2025.10938652172,2025.16644376531,NA,NA,NA
3735,3736,REU.4.3_1,REU.4.3_1,0.0163801544950342,0.582706713399511,0.566326558904477,2025.1500977312,2025.1664778857,NA,NA,NA
4724,4725,REU.3.5_1,REU.3.5_1,0.0260303290260001,0.58272275846949,0.55669242944349,2025.14046360174,2025.16649393077,NA,NA,NA
3197,3200,REU.4.6_1,REU.4.6_1,0.0780685314999339,0.582743212627513,0.504674681127579,2025.08844585342,2025.16651438492,NA,NA,NA
5556,5557,REU.4.5_1,REU.4.5_1,0.0211418075267605,0.582824420777999,0.561682613251238,2025.14545378555,2025.16659559307,NA,NA,NA
4022,4024,REU.2.1_1,REU.2.1_1,0.0129117974298485,0.582991978901421,0.570080181471573,2025.15385135377,2025.1667631512,NA,NA,NA
4190,4191,REU.4.3_1,REU.4.3_1,0.164001986395983,0.583042762541891,0.419040776145908,2025.00281194844,2025.16681393484,NA,NA,NA
5668,5670,REU.4.5_1,REU.4.5_1,0.0339221907090478,0.583043228702397,0.549121037993349,2025.13289221029,2025.166814401,NA,NA,NA
4001,4002,REU.3.5_1,REU.2.3_1,0.0653751486034934,0.583048611498027,0.517673462894534,2025.10144463519,2025.16681978379,NA,NA,NA
4090,4092,REU.3.5_1,REU.3.5_1,0.011938329831171,0.583049960462872,0.571111630631701,2025.15488280293,2025.16682113276,NA,NA,NA
4427,4428,REU.4.3_1,REU.4.5_1,0.0386374307226117,0.583136693352432,0.54449926262982,2025.12827043493,2025.16690786565,NA,NA,NA
4194,4198,REU.4.3_1,REU.4.3_1,0.0488870503801266,0.583256653402005,0.534369603021878,2025.11814077532,2025.1670278257,NA,NA,NA
4999,68,REU.4.8_1,REU.4.6_1,0.0891617933836739,0.583352115374844,0.49419032199117,2025.07796149429,2025.16712328767,CHIKV_RUN_S53b93_2025,55.433699,-21.259772
5550,2114,REU.4.5_1,REU.4.5_1,0.0605735725076876,0.583352115374844,0.522778542867157,2025.10654971516,2025.16712328767,CHIKV_RUN_S14b75_2025,55.596242,-21.376686
5082,808,REU.4.3_1,REU.4.8_1,0.0375884886052293,0.583352115374844,0.545763626769615,2025.12953479907,2025.16712328767,CHIKV_RUN_S14b73_2025,55.472927,-21.290846
3506,2960,REU.3.4_1,REU.3.4_1,0.0370231320547285,0.583352115374844,0.546328983320116,2025.13010015562,2025.16712328767,CHIKV_RUN_S14b89_2025,55.309105,-21.161791
4174,889,REU.2.1_1,REU.2.1_1,0.0355806373107477,0.583352115374844,0.547771478064097,2025.13154265036,2025.16712328767,CHIKV_RUN_S28b11_2025,55.332324,-20.958743
5373,1205,REU.4.8_1,REU.4.8_1,0.0338747719929997,0.583352115374844,0.549477343381845,2025.13324851568,2025.16712328767,CHIKV_RUN_S14b45_2025,55.54478,-21.314126
3780,197,REU.4.5_1,REU.4.7_1,0.0261142380276449,0.583352115374844,0.5572378773472,2025.14100904964,2025.16712328767,CHIKV_RUN_S14b72_2025,55.770985,-21.361132
4487,559,REU.4.3_1,REU.4.3_1,0.0247110230459193,0.583352115374844,0.558641092328925,2025.14241226463,2025.16712328767,CHIKV_RUN_S14b79_2025,55.529269,-21.274375
3670,2886,REU.2.4_1,REU.2.4_1,0.0194003770480797,0.583352115374844,0.563951738326765,2025.14772291062,2025.16712328767,CHIKV_RUN_S37b87_2025,55.529005,-20.9434
5973,3030,REU.4.3_1,REU.4.3_1,0.0189075225841533,0.583352115374844,0.564444592790691,2025.14821576509,2025.16712328767,CHIKV_RUN_S14b76_2025,55.523988,-21.262614
3428,2490,REU.4.8_1,REU.4.8_1,0.0188358765820487,0.583352115374844,0.564516238792796,2025.14828741109,2025.16712328767,CHIKV_RUN_S14b49_2025,55.529403,-21.336865
4286,107,REU.4.8_1,REU.4.8_1,0.0164597080516772,0.583352115374844,0.566892407323167,2025.15066357962,2025.16712328767,CHIKV_RUN_S14b52_2025,55.531103,-21.317341
4900,1077,REU.2.3_1,REU.4.8_1,0.0153820006074104,0.583352115374844,0.567970114767434,2025.15174128706,2025.16712328767,CHIKV_RUN_S14b62_2025,55.46923,-21.340059
4900,1076,REU.2.3_1,REU.2.3_1,0.0153820006074104,0.583352115374844,0.567970114767434,2025.15174128706,2025.16712328767,CHIKV_RUN_S14b61_2025,55.46025,-20.895074
5711,2166,REU.2.3_1,REU.1.6_1,0.0143557307251325,0.583352115374844,0.568996384649712,2025.15276755695,2025.16712328767,CHIKV_RUN_S17b23_2025,55.521337,-21.063858
4752,115,REU.2.3_1,REU.1.3_1,0.0117749033566658,0.583352115374844,0.571577212018179,2025.15534838431,2025.16712328767,CHIKV_RUN_S18b52_2025,55.663773,-20.954799
5832,2791,REU.4.8_1,REU.3.4_1,0.0104714598526494,0.583352115374844,0.572880655522195,2025.15665182782,2025.16712328767,CHIKV_RUN_S14b55_2025,55.309806,-21.216273
4459,545,REU.4.3_1,REU.4.3_1,0.00860183603836329,0.583352115374844,0.574750279336481,2025.15852145163,2025.16712328767,CHIKV_RUN_S14b67_2025,55.516124,-21.284688
5190,773,REU.4.6_1,REU.4.6_1,0.00800377910325478,0.583352115374844,0.57534833627159,2025.15911950857,2025.16712328767,CHIKV_RUN_S14b63_2025,55.445292,-21.229154
6039,3057,REU.3.2_1,REU.3.2_1,0.00684090626588807,0.583352115374844,0.576511209108956,2025.16028238141,2025.16712328767,CHIKV_RUN_S14b71_2025,55.338642,-21.244145
4800,157,REU.4.3_1,REU.4.3_1,0.00563247849637671,0.583352115374844,0.577719636878468,2025.16149080917,2025.16712328767,CHIKV_RUN_S14b68_2025,55.512257,-21.267568
4380,474,REU.4.3_1,REU.4.3_1,0.00530510590124356,0.583352115374845,0.578047009473601,2025.16181818177,2025.16712328767,CHIKV_RUN_S14b60_2025,55.517092,-21.289428
5345,1171,REU.4.4_1,REU.4.4_1,0.0038390080351085,0.583352115374844,0.579513107339736,2025.16328427964,2025.16712328767,CHIKV_RUN_S14b77_2025,55.564591,-21.351744
3640,3643,REU.2.3_1,REU.2.3_1,0.0211054918732767,0.583491464777274,0.562385972903998,2025.1461571452,2025.16726263707,NA,NA,NA
4797,4798,REU.4.3_1,REU.3.5_1,0.0187305644314146,0.583636803094567,0.564906238663152,2025.14867741096,2025.16740797539,NA,NA,NA
4376,4377,REU.4.3_1,REU.4.7_1,0.0757869017249104,0.583692645671497,0.507905743946587,2025.09167691624,2025.16746381797,NA,NA,NA
3171,3172,REU.3.1_1,REU.2.1_1,0.0531615306832314,0.583798353868553,0.530636823185322,2025.11440799548,2025.16756952616,NA,NA,NA
4467,4468,REU.4.3_1,REU.4.8_1,0.00434881468160098,0.583817951801466,0.579469137119865,2025.16324030942,2025.1675891241,NA,NA,NA
4857,4858,REU.3.5_1,REU.3.5_1,0.022692460407073,0.583837671523472,0.561145211116399,2025.14491638341,2025.16760884382,NA,NA,NA
4327,4328,REU.3.5_1,REU.3.5_1,0.0270269462802637,0.583847015783162,0.556820069502898,2025.1405912418,2025.16761818808,NA,NA,NA
3719,3720,REU.3.4_1,REU.2.3_1,0.141267548001729,0.583884929682626,0.442617381680897,2025.02638855398,2025.16765610198,NA,NA,NA
4133,4134,REU.3.5_1,REU.3.5_1,0.00483053955388546,0.583910886549574,0.579080346995689,2025.16285151929,2025.16768205885,NA,NA,NA
6158,6159,REU.3.2_1,REU.3.2_1,0.0110580662585602,0.584166225823786,0.573108159565226,2025.15687933186,2025.16793739812,NA,NA,NA
4400,4401,REU.2.3_1,REU.2.3_1,0.0405036914960069,0.584170665677618,0.543666974181611,2025.12743814648,2025.16794183797,NA,NA,NA
4130,4131,REU.4.3_1,REU.3.4_1,0.118856282143895,0.584309767546949,0.465453485403054,2025.0492246577,2025.16808093984,NA,NA,NA
3303,3306,REU.2.5_1,REU.2.5_1,0.016691822414846,0.584401968993997,0.567710146579151,2025.15148131888,2025.16817314129,NA,NA,NA
3374,3376,REU.4.3_1,REU.4.8_1,0.100579190324875,0.584536606615425,0.483957416290549,2025.06772858859,2025.16830777891,NA,NA,NA
4530,4531,REU.2.3_1,REU.2.3_1,0.0323704255899155,0.584558164756539,0.552187739166624,2025.13595891146,2025.16832933705,NA,NA,NA
5765,5766,REU.3.4_1,REU.3.4_1,0.0345510752282256,0.584615791095277,0.550064715867051,2025.13383588816,2025.16838696339,NA,NA,NA
5420,5421,REU.2.3_1,REU.2.3_1,0.00649469225823018,0.584625818907431,0.578131126649201,2025.16190229895,2025.1683969912,NA,NA,NA
4039,4042,REU.4.8_1,REU.4.8_1,0.0282610976797051,0.584633603040897,0.556372505361192,2025.14014367766,2025.16840477534,NA,NA,NA
4499,4501,REU.4.8_1,REU.4.8_1,0.0260194108048104,0.584708168760701,0.558688757955891,2025.14245993025,2025.16847934106,NA,NA,NA
4761,4764,REU.4.8_1,REU.4.8_1,0.0518671617161758,0.584728462914338,0.532861301198162,2025.11663247349,2025.16849963521,NA,NA,NA
3672,3673,REU.2.3_1,REU.2.3_1,0.0771317630105114,0.58473876080236,0.507606997791849,2025.09137817009,2025.1685099331,NA,NA,NA
5010,5011,REU.4.8_1,REU.4.8_1,0.0648284987423124,0.584779651316133,0.51995115257382,2025.10372232487,2025.16855082361,NA,NA,NA
6145,6146,REU.4.8_1,REU.4.8_1,0.0330596860571784,0.584826459800772,0.551766773743593,2025.13553794604,2025.1685976321,NA,NA,NA
4318,4319,REU.3.5_1,REU.2.3_1,0.0705621541173357,0.584849166527882,0.514287012410546,2025.09805818471,2025.16862033882,NA,NA,NA
4791,4792,REU.3.5_1,REU.3.5_1,0.0314685870757916,0.58489299887891,0.553424411803119,2025.1371955841,2025.16866417118,NA,NA,NA
5775,5776,REU.4.3_1,REU.4.8_1,0.0444810458685606,0.584934677941244,0.540453632072684,2025.12422480437,2025.16870585024,NA,NA,NA
3437,3438,REU.4.8_1,REU.4.8_1,0.0166917012233553,0.585027513286726,0.568335812063371,2025.15210698436,2025.16879868558,NA,NA,NA
5007,5008,REU.2.3_1,REU.2.3_1,0.00243881362637677,0.585041941758781,0.582603128132404,2025.16637430043,2025.16881311406,NA,NA,NA
3294,3295,REU.3.4_1,REU.3.4_1,0.0487790109628358,0.585321419240513,0.536542408277677,2025.12031358057,2025.16909259154,NA,NA,NA
4019,4020,REU.3.1_1,REU.2.3_1,0.0368153298957213,0.585450336814521,0.548635006918799,2025.13240617922,2025.16922150911,NA,NA,NA
4417,4419,REU.4.3_1,REU.4.3_1,0.130029777331879,0.585507514134278,0.455477736802399,2025.0392489091,2025.16927868643,NA,NA,NA
5884,5885,REU.4.3_1,REU.4.8_1,0.0549225203858481,0.58551810708342,0.530595586697572,2025.11436675899,2025.16928927938,NA,NA,NA
3665,3666,REU.2.4_1,REU.2.4_1,0.00758069183180521,0.585566212911684,0.577985521079879,2025.16175669338,2025.16933738521,NA,NA,NA
4780,4781,REU.2.3_1,REU.2.3_1,0.00795098447235487,0.585570394768505,0.57761941029615,2025.16139058259,2025.16934156706,NA,NA,NA
5806,5808,REU.2.3_1,REU.2.3_1,0.0275713919218927,0.585604018127205,0.558032626205312,2025.1418037985,2025.16937519042,NA,NA,NA
5717,5718,REU.3.4_1,REU.3.4_1,0.036999132862105,0.585609531607962,0.548610398745857,2025.13238157104,2025.1693807039,NA,NA,NA
3182,3183,REU.4.8_1,REU.4.8_1,0.0444495772958892,0.58565413701579,0.541204559719901,2025.12497573202,2025.16942530931,NA,NA,NA
4988,4992,REU.4.3_1,REU.2.3_1,0.0952511504683764,0.585660973706783,0.490409823238407,2025.07418099553,2025.169432146,NA,NA,NA
4684,4685,REU.4.8_1,REU.4.8_1,0.0443608761060738,0.585691845531921,0.541330969425847,2025.12510214172,2025.16946301783,NA,NA,NA
3938,3939,REU.4.3_1,REU.4.3_1,0.024391471627759,0.585838287070409,0.56144681544265,2025.14521798774,2025.16960945937,NA,NA,NA
4040,4041,REU.1.4_1,REU.1.4_1,0.00614992747502519,0.585848922926706,0.579698995451681,2025.16347016775,2025.16962009522,NA,NA,NA
3256,3257,REU.4.8_1,REU.4.8_1,0.0100625857011021,0.585988099734028,0.575925514032926,2025.15969668633,2025.16975927203,NA,NA,NA
3271,2140,REU.3.1_1,REU.4.4_1,0.252530092315222,0.586091841402202,0.33356174908698,2024.91733292138,2025.1698630137,CHIKV_RUN_S53b43_2025,55.558037,-21.325456
5859,1834,REU.4.6_1,REU.4.6_1,0.212459586231632,0.586091841402202,0.37363225517057,2024.95740342747,2025.1698630137,CHIKV_RUN_S53b94_2025,55.444091,-21.264059
5042,801,REU.4.3_1,REU.4.8_1,0.102791672484557,0.586091841402202,0.483300168917645,2025.06707134121,2025.1698630137,CHIKV_RUN_S54b19_2025,55.502604,-21.296098
5562,2039,REU.4.5_1,REU.4.5_1,0.102608871079932,0.586091841402202,0.48348297032227,2025.06725414262,2025.1698630137,CHIKV_RUN_S14b85_2025,55.629497,-21.375119
6154,3094,REU.3.1_1,REU.4.6_1,0.0998182478176407,0.586091841402202,0.486273593584561,2025.07004476588,2025.1698630137,CHIKV_RUN_S53b49_2025,55.435688,-21.26464
5838,2483,REU.3.1_1,REU.3.1_1,0.092360347248047,0.586091841402202,0.493731494154155,2025.07750266645,2025.1698630137,CHIKV_RUN_S53b75_2025,55.363511,-21.258699
5811,3049,REU.3.1_1,REU.3.1_1,0.0858628943808898,0.586091841402202,0.500228947021312,2025.08400011932,2025.1698630137,CHIKV_RUN_S14b88_2025,55.334495,-21.267326
5495,2561,REU.4.3_1,REU.4.3_1,0.0822046156747959,0.586091841402202,0.503887225727406,2025.08765839802,2025.1698630137,CHIKV_RUN_S53b58_2025,55.506538,-21.26503
4829,1648,REU.4.3_1,REU.3.1_1,0.0721491245056674,0.586091841402202,0.513942716896534,2025.09771388919,2025.1698630137,CHIKV_RUN_S14b82_2025,55.390415,-21.254832
4502,579,REU.4.3_1,REU.4.3_1,0.0719250095884163,0.586091841402202,0.514166831813786,2025.09793800411,2025.1698630137,CHIKV_RUN_S14b81_2025,55.507301,-21.275826
3133,2179,REU.4.8_1,REU.4.4_1,0.0696456438164333,0.586091841402202,0.516446197585768,2025.10021736988,2025.1698630137,CHIKV_RUN_S53b77_2025,55.555784,-21.320683
4576,408,REU.4.3_1,REU.4.6_1,0.062507353569928,0.586091841402202,0.523584487832274,2025.10735566013,2025.1698630137,CHIKV_RUN_S15b87_2025,55.415217,-21.284554
4261,1526,REU.4.8_1,REU.4.8_1,0.0585292491240614,0.586091841402202,0.52756259227814,2025.11133376457,2025.1698630137,CHIKV_RUN_S54b04_2025,55.499749,-21.296938
4218,255,REU.4.3_1,REU.4.8_1,0.0561267455358332,0.586091841402202,0.529965095866369,2025.11373626816,2025.1698630137,CHIKV_RUN_S54b07_2025,55.472549,-21.304408
5965,3022,REU.3.4_1,REU.4.3_1,0.0526862532628563,0.586091841402202,0.533405588139346,2025.11717676044,2025.1698630137,CHIKV_RUN_S15b84_2025,55.523521,-21.261178
6021,2527,REU.4.1_1,REU.4.1_1,0.0455510654122655,0.586091841402202,0.540540775989936,2025.12431194829,2025.1698630137,CHIKV_RUN_S53b54_2025,55.4733307913944,-21.1699148940747
4732,629,REU.4.3_1,REU.4.3_1,0.0445756553147693,0.586091841402202,0.541516186087433,2025.12528735838,2025.1698630137,CHIKV_RUN_S14b74_2025,55.526611,-21.282033
4476,524,REU.4.8_1,REU.4.1_1,0.0445380102950976,0.586091841402202,0.541553831107104,2025.1253250034,2025.1698630137,CHIKV_RUN_S53b91_2025,55.436942,-21.157306
5094,785,REU.4.8_1,REU.4.8_1,0.0434425027366634,0.586091841402202,0.542649338665538,2025.12642051096,2025.1698630137,CHIKV_RUN_S54b10_2025,55.478822,-21.28933
4274,1508,REU.4.3_1,REU.4.3_1,0.0387456557089585,0.586091841402202,0.547346185693243,2025.13111735799,2025.1698630137,CHIKV_RUN_S14b83_2025,55.514408,-21.269187
4512,516,REU.4.3_1,REU.3.3_1,0.0383392824676744,0.586091841402202,0.547752558934527,2025.13152373123,2025.1698630137,CHIKV_RUN_S15b72_2025,55.304369,-21.098406
4216,614,REU.4.3_1,REU.4.3_1,0.0370260501181795,0.586091841402202,0.549065791284022,2025.13283696358,2025.1698630137,CHIKV_RUN_S15b85_2025,55.52464,-21.270751
3936,253,REU.4.3_1,REU.4.3_1,0.0367393408321117,0.586091841402202,0.54935250057009,2025.13312367287,2025.1698630137,CHIKV_RUN_S54b21_2025,55.520114,-21.266965
4517,508,REU.4.8_1,REU.4.8_1,0.0353266397088845,0.586091841402202,0.550765201693317,2025.13453637399,2025.1698630137,CHIKV_RUN_S53b78_2025,55.508278,-21.292707
3623,2927,REU.2.3_1,REU.1.3_1,0.0341942758171374,0.586091841402202,0.551897565585064,2025.13566873788,2025.1698630137,CHIKV_RUN_S18b51_2025,55.619916,-20.954687
5520,2757,REU.3.1_1,REU.4.8_1,0.0309523630583362,0.586091841402202,0.555139478343866,2025.13891065064,2025.1698630137,CHIKV_RUN_S53b46_2025,55.492462,-21.302535
5836,1789,REU.3.1_1,REU.3.4_1,0.0245467828558369,0.586091841402202,0.561545058546365,2025.14531623084,2025.1698630137,CHIKV_RUN_S53b38_2025,55.31675,-21.162094
5150,831,REU.4.3_1,REU.4.3_1,0.0242819091936484,0.586091841402202,0.561809932208553,2025.1455811045,2025.1698630137,CHIKV_RUN_S14b87_2025,55.49344,-21.257015
5921,2271,REU.4.8_1,REU.4.8_1,0.0186331645583737,0.586091841402202,0.567458676843828,2025.15122984914,2025.1698630137,CHIKV_RUN_S15b82_2025,55.530527,-21.317145
5757,2715,REU.3.4_1,REU.4.6_1,0.017446424696716,0.586091841402202,0.568645416705486,2025.152416589,2025.1698630137,CHIKV_RUN_S53b89_2025,55.437726,-21.260802
3842,1665,REU.4.3_1,REU.1.4_1,0.0169250673561269,0.586091841402202,0.569166774046075,2025.15293794634,2025.1698630137,CHIKV_RUN_S53b50_2025,55.720041,-21.04402
5193,774,REU.4.6_1,REU.4.6_1,0.0166551187679739,0.586091841402202,0.569436722634228,2025.15320789493,2025.1698630137,CHIKV_RUN_S53b62_2025,55.428997,-21.267044
6221,53,REU.3.1_1,REU.3.1_1,0.0164107799249553,0.586091841402202,0.569681061477247,2025.15345223377,2025.1698630137,CHIKV_RUN_S54b28_2025,55.390892,-21.256011
4493,535,REU.4.3_1,REU.3.1_1,0.0158280164191915,0.586091841402202,0.57026382498301,2025.15403499728,2025.1698630137,CHIKV_RUN_S53b51_2025,55.33551,-21.27167
5832,3101,REU.4.8_1,REU.4.8_1,0.0132111858800068,0.586091841402202,0.572880655522195,2025.15665182782,2025.1698630137,CHIKV_RUN_S53b40_2025,55.507327,-21.289398
3199,3078,REU.4.6_1,REU.4.6_1,0.0129303220383852,0.586091841402202,0.573161519363817,2025.15693269166,2025.1698630137,CHIKV_RUN_S54b06_2025,55.437809,-21.26552
6072,2158,REU.3.1_1,REU.3.1_1,0.0106854803969001,0.586091841402202,0.575406361005302,2025.1591775333,2025.1698630137,CHIKV_RUN_S54b27_2025,55.388254,-21.245303
5852,1859,REU.3.1_1,REU.3.1_1,0.0104667706403342,0.586091841402202,0.575625070761868,2025.15939624306,2025.1698630137,CHIKV_RUN_S53b55_2025,55.360037,-21.260685
3241,2027,REU.4.6_1,REU.4.6_1,0.010035958612986,0.586091841402202,0.576055882789216,2025.15982705509,2025.1698630137,CHIKV_RUN_S54b30_2025,55.444091,-21.264059
4467,538,REU.4.3_1,REU.4.3_1,0.00662270428233636,0.586091841402202,0.579469137119865,2025.16324030942,2025.1698630137,CHIKV_RUN_S14b80_2025,55.515599,-21.260593
4198,4199,REU.4.3_1,REU.4.3_1,0.00284471932950869,0.586101372731513,0.583256653402005,2025.1670278257,2025.16987254503,NA,NA,NA
5436,5437,REU.2.3_1,REU.2.3_1,0.0216544197116169,0.58617951510052,0.564525095388903,2025.14829626769,2025.1699506874,NA,NA,NA
3156,3157,REU.4.3_1,REU.2.2_1,0.0628363379067616,0.586321101593575,0.523484763686814,2025.10725593598,2025.17009227389,NA,NA,NA
5973,5974,REU.4.3_1,REU.4.3_1,0.0219250704614709,0.586369663252162,0.564444592790691,2025.14821576509,2025.17014083555,NA,NA,NA
5320,5321,REU.4.4_1,REU.4.8_1,0.0685995739691374,0.586372489810883,0.517772915841745,2025.10154408814,2025.17014366211,NA,NA,NA
4319,4320,REU.2.3_1,REU.2.3_1,0.00152709671218343,0.586376263240065,0.584849166527882,2025.16862033882,2025.17014743554,NA,NA,NA
4344,4345,REU.4.8_1,REU.4.8_1,0.0800361247422938,0.586579327511445,0.506543202769152,2025.09031437507,2025.17035049981,NA,NA,NA
6179,6183,REU.3.5_1,REU.3.5_1,0.0343980505740995,0.586634056529526,0.552236005955427,2025.13600717825,2025.17040522883,NA,NA,NA
3306,3307,REU.2.5_1,REU.2.5_1,0.00228814630450747,0.586690115298505,0.584401968993997,2025.16817314129,2025.1704612876,NA,NA,NA
3251,3252,REU.4.8_1,REU.4.8_1,0.0220681829281635,0.586699046405009,0.564630863476845,2025.14840203577,2025.1704702187,NA,NA,NA
4459,4460,REU.4.3_1,REU.4.3_1,0.0119509061021621,0.586701185438643,0.574750279336481,2025.15852145163,2025.17047235774,NA,NA,NA
3336,3337,REU.3.1_1,REU.4.8_1,0.0187717663933821,0.586739179394527,0.567967413001145,2025.1517385853,2025.17051035169,NA,NA,NA
3258,3259,REU.4.6_1,REU.4.6_1,0.0195181839125149,0.586799327735185,0.56728114382267,2025.15105231612,2025.17057050003,NA,NA,NA
4020,4021,REU.2.3_1,REU.2.3_1,0.00146470981003854,0.586915046624559,0.585450336814521,2025.16922150911,2025.17068621892,NA,NA,NA
3895,3896,REU.2.3_1,REU.2.3_1,0.0329143884868396,0.586919356098509,0.554004967611669,2025.13777613991,2025.1706905284,NA,NA,NA
5012,5013,REU.4.8_1,REU.4.8_1,0.03960074969106,0.586953618290661,0.547352868599601,2025.1311240409,2025.17072479059,NA,NA,NA
5364,5365,REU.4.3_1,REU.4.3_1,0.00551991262860785,0.586964115636682,0.581444203008074,2025.1652153753,2025.17073528793,NA,NA,NA
5905,5906,REU.4.8_1,REU.3.4_1,0.0242552838963779,0.587018728161318,0.56276344426494,2025.14653461656,2025.17078990046,NA,NA,NA
5885,5886,REU.4.8_1,REU.4.8_1,0.00160818758579995,0.58712629466922,0.58551810708342,2025.16928927938,2025.17089746697,NA,NA,NA
3945,3947,REU.4.3_1,REU.4.8_1,0.0963381183099512,0.587470312255297,0.491132193945346,2025.07490336624,2025.17124148455,NA,NA,NA
5632,5633,REU.4.6_1,REU.4.6_1,0.0515172230627655,0.587471635551736,0.53595441248897,2025.11972558479,2025.17124280785,NA,NA,NA
4784,4787,REU.2.3_1,REU.2.3_1,0.00546211684533027,0.587497261068781,0.582035144223451,2025.16580631652,2025.17126843337,NA,NA,NA
4180,4181,REU.4.5_1,REU.2.3_1,0.0293877075186314,0.587510179357261,0.55812247183863,2025.14189364414,2025.17128135165,NA,NA,NA
4628,4629,REU.4.3_1,REU.4.3_1,0.059045079336645,0.587531935188068,0.528486855851423,2025.11225802815,2025.17130310748,NA,NA,NA
5092,5093,REU.4.8_1,REU.4.6_1,0.0511177912149627,0.587538970406826,0.536421179191864,2025.12019235149,2025.1713101427,NA,NA,NA
5391,5392,REU.2.3_1,REU.2.3_1,0.00589481162512862,0.587545040008982,0.581650228383853,2025.16542140068,2025.17131621231,NA,NA,NA
4887,4888,REU.4.3_1,REU.4.5_1,0.155282603878071,0.587640704135763,0.432358100257691,2025.01612927255,2025.17141187643,NA,NA,NA
5759,5760,REU.3.4_1,REU.3.4_1,0.0137816472826651,0.587691003877498,0.573909356594833,2025.15768052889,2025.17146217617,NA,NA,NA
3567,3568,REU.4.6_1,REU.4.6_1,0.015508095249546,0.587818178841993,0.572310083592447,2025.15608125589,2025.17158935114,NA,NA,NA
4237,4241,REU.4.3_1,REU.4.3_1,0.0708644981675788,0.587845421759755,0.516980923592176,2025.10075209589,2025.17161659406,NA,NA,NA
4104,4105,REU.4.3_1,REU.4.3_1,0.0405921109088925,0.587907527043049,0.547315416134157,2025.13108658843,2025.17167869934,NA,NA,NA
3580,3583,REU.3.4_1,REU.3.4_1,0.0465764662976123,0.587938454552841,0.541361988255229,2025.12513316055,2025.17170962685,NA,NA,NA
4412,4413,REU.4.5_1,REU.4.5_1,0.02122824994782,0.587944840600816,0.566716590652996,2025.15048776295,2025.1717160129,NA,NA,NA
3666,3668,REU.2.4_1,REU.2.4_1,0.00241659599613953,0.587982808907823,0.585566212911684,2025.16933738521,2025.1717539812,NA,NA,NA
3129,3130,REU.4.6_1,REU.4.6_1,0.0158046429265905,0.587984668805123,0.572180025878532,2025.15595119817,2025.1717558411,NA,NA,NA
5766,5767,REU.3.4_1,REU.3.4_1,0.00340375971360496,0.588019550808882,0.584615791095277,2025.16838696339,2025.17179072311,NA,NA,NA
4872,4873,REU.4.3_1,REU.4.8_1,0.0229580867786283,0.588046444235571,0.565088357456943,2025.14885952975,2025.17181761653,NA,NA,NA
4487,4488,REU.4.3_1,REU.4.3_1,0.0294124917934502,0.588053584122375,0.558641092328925,2025.14241226463,2025.17182475642,NA,NA,NA
4661,4662,REU.4.3_1,REU.4.3_1,0.0303173442922152,0.588223339209477,0.557905994917261,2025.14167716721,2025.17199451151,NA,NA,NA
4930,4931,REU.4.3_1,REU.4.3_1,0.0222749679795327,0.588332634186527,0.566057666206995,2025.1498288385,2025.17210380648,NA,NA,NA
6054,6055,REU.3.1_1,REU.3.4_1,0.0160613995977197,0.588354278351482,0.572292878753763,2025.15606405105,2025.17212545065,NA,NA,NA
4479,4480,REU.4.3_1,REU.4.3_1,0.0692393723764249,0.588382899292252,0.519143526915827,2025.10291469921,2025.17215407159,NA,NA,NA
3208,3209,REU.4.8_1,REU.4.8_1,0.00786056068273944,0.588417087189883,0.580556526507143,2025.1643276988,2025.17218825949,NA,NA,NA
4286,4287,REU.4.8_1,REU.3.5_1,0.021818236490141,0.588710643813308,0.566892407323167,2025.15066357962,2025.17248181611,NA,NA,NA
5649,5650,REU.4.6_1,REU.4.6_1,0.019379406087225,0.588738314358223,0.569358908270998,2025.15313008057,2025.17250948665,NA,NA,NA
5778,5779,REU.4.3_1,REU.4.3_1,0.00999386393109858,0.588758381535304,0.578764517604205,2025.1625356899,2025.17252955383,NA,NA,NA
3238,3239,REU.4.8_1,REU.4.8_1,0.024118603226132,0.588780323102429,0.564661719876297,2025.14843289217,2025.1725514954,NA,NA,NA
6063,6064,REU.4.8_1,REU.4.6_1,0.0292094734609681,0.588791289107418,0.55958181564645,2025.14335298794,2025.1725624614,NA,NA,NA
3536,3537,REU.3.1_1,REU.2.2_1,0.0727342751330529,0.588829143441375,0.516094868308322,2025.0998660406,2025.17260031574,NA,NA,NA
3948,1287,REU.4.3_1,REU.4.8_1,0.252782560295634,0.588831567429559,0.336049007133925,2024.91982017943,2025.17260273973,CHIKV_RUN_S53b90_2025,55.487494,-21.277798
6086,2764,REU.3.1_1,REU.3.1_1,0.240480799529143,0.588831567429559,0.348350767900416,2024.9321219402,2025.17260273973,CHIKV_RUN_S53b52_2025,55.336864,-21.267742
3266,2340,REU.3.1_1,REU.3.1_1,0.180303891888689,0.588831567429559,0.408527675540871,2024.99229884784,2025.17260273973,CHIKV_RUN_S16b01_2025,55.363928,-21.26362
4976,1738,REU.4.3_1,REU.4.3_1,0.168344684244731,0.588831567429559,0.420486883184829,2025.00425805548,2025.17260273973,CHIKV_RUN_S15b09_2025,55.520157,-21.260094
3233,1831,REU.3.1_1,REU.3.1_1,0.146921222494664,0.588831567429559,0.441910344934895,2025.02568151723,2025.17260273973,CHIKV_RUN_S53b74_2025,55.357744,-21.255258
4653,1104,REU.4.3_1,REU.4.3_1,0.13307246889473,0.588831567429559,0.455759098534829,2025.03953027083,2025.17260273973,CHIKV_RUN_S53b76_2025,55.537274,-21.25887
4522,399,REU.4.3_1,REU.1.2_1,0.132643612014799,0.588831567429559,0.45618795541476,2025.03995912771,2025.17260273973,CHIKV_RUN_S17b72_2025,55.617232,-21.14786
4183,901,REU.4.3_1,REU.4.3_1,0.104396808052834,0.588831567429559,0.484434759376725,2025.06820593167,2025.17260273973,CHIKV_RUN_S53b41_2025,55.539911,-21.299987
5636,2760,REU.3.1_1,REU.3.1_1,0.0860381028344249,0.588831567429559,0.502793464595134,2025.08656463689,2025.17260273973,CHIKV_RUN_S54b22_2025,55.33551,-21.27167
6226,2000,REU.3.1_1,REU.3.1_1,0.0810076211679747,0.588831567429559,0.507823946261585,2025.09159511856,2025.17260273973,CHIKV_RUN_S54b14_2025,55.361485,-21.25901
4722,1286,REU.4.3_1,REU.4.3_1,0.0646622220279927,0.588831567429559,0.524169345401567,2025.1079405177,2025.17260273973,CHIKV_RUN_S53b45_2025,55.527183,-21.256516
4641,1576,REU.3.1_1,REU.4.3_1,0.0620534040807192,0.588831567429559,0.52677816334884,2025.11054933565,2025.17260273973,CHIKV_RUN_S53b92_2025,55.554131,-21.303825
5982,2799,REU.3.1_1,REU.3.1_1,0.0609728059273755,0.588831567429559,0.527858761502184,2025.1116299338,2025.17260273973,CHIKV_RUN_S53b84_2025,55.368013,-21.257563
4959,1697,REU.4.8_1,REU.4.8_1,0.0550143151145925,0.588831567429559,0.533817252314967,2025.11758842461,2025.17260273973,CHIKV_RUN_S53b44_2025,55.492855,-21.296449
3462,2973,REU.3.4_1,REU.4.6_1,0.0549729672098193,0.588831567429559,0.53385860021974,2025.11762977252,2025.17260273973,CHIKV_RUN_S53b79_2025,55.433699,-21.259772
3281,3063,REU.3.1_1,REU.4.2_1,0.0542751151972306,0.588831567429559,0.534556452232329,2025.11832762453,2025.17260273973,CHIKV_RUN_S54b16_2025,55.471068,-21.24966
4379,455,REU.4.8_1,REU.4.1_1,0.0528206481829163,0.588831567429559,0.536010919246643,2025.11978209154,2025.17260273973,CHIKV_RUN_S54b05_2025,55.475041,-21.168695
3851,1657,REU.4.3_1,REU.4.3_1,0.0511105707003413,0.588831567429559,0.537720996729218,2025.12149216903,2025.17260273973,CHIKV_RUN_S15b76_2025,55.527948,-21.256723
4158,882,REU.4.3_1,REU.4.3_1,0.0488611353051456,0.588831567429559,0.539970432124414,2025.12374160442,2025.17260273973,CHIKV_RUN_S53b61_2025,55.514751,-21.244228
5857,2732,REU.4.6_1,REU.4.6_1,0.047909401573795,0.588831567429559,0.540922165855764,2025.12469333815,2025.17260273973,CHIKV_RUN_S15b95_2025,55.43908,-21.262658
6091,1909,REU.3.1_1,REU.2.3_1,0.0461953892257388,0.588831567429559,0.54263617820382,2025.1264073505,2025.17260273973,CHIKV_RUN_S54b09_2025,55.467156,-20.886212
3237,2019,REU.3.1_1,REU.4.6_1,0.044715650600995,0.588831567429559,0.544115916828564,2025.12788708913,2025.17260273973,CHIKV_RUN_S53b73_2025,55.400593,-21.289238
5983,2800,REU.3.1_1,REU.3.1_1,0.0406234473645104,0.588831567429559,0.548208120065049,2025.13197929236,2025.17260273973,CHIKV_RUN_S53b95_2025,55.366607,-21.253818
3424,3008,REU.3.2_1,REU.3.2_1,0.035625802925736,0.588831567429559,0.553205764503823,2025.1369769368,2025.17260273973,CHIKV_RUN_S15b04_2025,55.340941,-21.241734
4362,1168,REU.4.3_1,REU.4.8_1,0.0349557337180574,0.588831567429559,0.553875833711502,2025.13764700601,2025.17260273973,CHIKV_RUN_S54b12_2025,55.472479,-21.279912
3985,1138,REU.2.3_1,REU.2.3_1,0.032003116990605,0.588831567429559,0.556828450438954,2025.14059962274,2025.17260273973,CHIKV_RUN_S15b83_2025,55.447502,-20.889213
4657,1113,REU.4.3_1,REU.4.3_1,0.0306067793415433,0.588831567429559,0.558224788088016,2025.14199596038,2025.17260273973,CHIKV_RUN_S54b03_2025,55.53279,-21.257958
4704,1043,REU.2.3_1,REU.2.3_1,0.0296265142177576,0.588831567429559,0.559205053211802,2025.14297622551,2025.17260273973,CHIKV_RUN_S15b79_2025,55.456378,-20.904032
3175,2815,REU.3.3_1,REU.3.3_1,0.0281784130269684,0.588831567429559,0.560653154402591,2025.1444243267,2025.17260273973,CHIKV_RUN_S53b56_2025,55.294761,-21.109829
3577,2449,REU.3.4_1,REU.3.4_1,0.0280512693991726,0.588831567429559,0.560780298030387,2025.14455147033,2025.17260273973,CHIKV_RUN_S53b60_2025,55.295708,-21.213117
5025,64,REU.2.3_1,REU.3.3_1,0.0276110988187939,0.588831567429559,0.561220468610765,2025.14499164091,2025.17260273973,CHIKV_RUN_S53b47_2025,55.286921,-21.110012
5218,758,REU.4.3_1,REU.4.2_1,0.0253581737889158,0.588831567429559,0.563473393640643,2025.14724456594,2025.17260273973,CHIKV_RUN_S53b59_2025,55.468463,-21.247905
6061,1897,REU.4.4_1,REU.4.4_1,0.0247690099893858,0.588831567429559,0.564062557440173,2025.14783372974,2025.17260273973,CHIKV_RUN_S15b80_2025,55.566763,-21.367484
4832,1566,REU.4.3_1,REU.4.3_1,0.0246593991056976,0.588831567429559,0.564172168323862,2025.14794334062,2025.17260273973,CHIKV_RUN_S53b37_2025,55.510761,-21.253684
3428,1904,REU.4.8_1,REU.4.8_1,0.0243153286367634,0.588831567429559,0.564516238792796,2025.14828741109,2025.17260273973,CHIKV_RUN_S54b20_2025,55.48477,-21.301816
4332,1760,REU.4.3_1,REU.4.3_1,0.021384850542383,0.588831567429559,0.567446716887176,2025.15121788918,2025.17260273973,CHIKV_RUN_S54b15_2025,55.531852,-21.256267
4454,536,REU.4.3_1,REU.4.3_1,0.0200599215240276,0.588831567429559,0.568771645905532,2025.1525428182,2025.17260273973,CHIKV_RUN_S15b86_2025,55.501495,-21.274366
5823,1961,REU.4.6_1,REU.4.5_1,0.0182793047334691,0.588831567429559,0.57055226269609,2025.15432343499,2025.17260273973,CHIKV_RUN_S53b87_2025,55.609715,-21.376921
5689,1945,REU.4.3_1,REU.4.2_1,0.0181530822623086,0.588831567429559,0.570678485167251,2025.15444965746,2025.17260273973,CHIKV_RUN_S15b59_2025,55.465554,-21.254063
6093,1907,REU.3.1_1,REU.3.1_1,0.0138145483983053,0.588831567429559,0.575017019031254,2025.15878819133,2025.17260273973,CHIKV_RUN_S15b81_2025,55.336592,-21.273767
4064,1303,REU.4.8_1,REU.4.8_1,0.0124570488725222,0.588831567429559,0.576374518557037,2025.16014569085,2025.17260273973,CHIKV_RUN_S54b26_2025,55.469909,-21.284304
3852,1652,REU.4.3_1,REU.4.3_1,0.0115503909703568,0.588831567429559,0.577281176459202,2025.16105234876,2025.17260273973,CHIKV_RUN_S53b82_2025,55.527183,-21.256516
5203,837,REU.4.3_1,REU.4.3_1,0.00620344340019252,0.588831567429559,0.582628124029367,2025.16639929633,2025.17260273973,CHIKV_RUN_S54b18_2025,55.519366,-21.261462
4002,958,REU.2.3_1,REU.3.3_1,0.00578295593153222,0.588831567429559,0.583048611498027,2025.16681978379,2025.17260273973,CHIKV_RUN_S37b84_2025,55.290406,-21.109758
4377,401,REU.4.7_1,REU.4.7_1,0.00513892175806174,0.588831567429559,0.583692645671497,2025.16746381797,2025.17260273973,CHIKV_RUN_S54b25_2025,55.763819,-21.361122
5013,86,REU.4.8_1,REU.3.3_1,0.00187794913889849,0.588831567429559,0.586953618290661,2025.17072479059,2025.17260273973,CHIKV_RUN_S53b42_2025,55.287172,-21.106988
5093,798,REU.4.6_1,REU.4.6_1,0.00129259702273299,0.588831567429559,0.587538970406826,2025.1713101427,2025.17260273973,CHIKV_RUN_S53b53_2025,55.447652,-21.273302
4709,4710,REU.2.3_1,REU.2.3_1,0.0151107960091015,0.588910458930486,0.573799662921385,2025.15757083522,2025.17268163123,NA,NA,NA
3589,3595,REU.4.8_1,REU.4.8_1,0.14139323447476,0.588931959977972,0.447538725503212,2025.0313098978,2025.17270313227,NA,NA,NA
4106,4107,REU.2.5_1,REU.2.5_1,0.0194758060018727,0.589068221137308,0.569592415135435,2025.15336358743,2025.17283939343,NA,NA,NA
5933,5935,REU.4.5_1,REU.4.5_1,0.0127237713392734,0.589210806702206,0.576487035362933,2025.16025820766,2025.172981979,NA,NA,NA
4166,4167,REU.4.3_1,REU.4.3_1,0.0109672602112622,0.589505581567671,0.578538321356409,2025.16230949365,2025.17327675386,NA,NA,NA
4761,4762,REU.4.8_1,REU.2.3_1,0.0566748841173512,0.589536185315513,0.532861301198162,2025.11663247349,2025.17330735761,NA,NA,NA
5357,5359,REU.4.8_1,REU.4.8_1,0.0319929372704795,0.589553512802179,0.557560575531699,2025.14133174783,2025.1733246851,NA,NA,NA
5124,5125,REU.4.3_1,REU.2.3_1,0.112890560325764,0.589779609853392,0.476889049527628,2025.06066022182,2025.17355078215,NA,NA,NA
4488,4489,REU.4.3_1,REU.4.3_1,0.00176193868531394,0.589815522807689,0.588053584122375,2025.17182475642,2025.1735866951,NA,NA,NA
5324,5327,REU.4.4_1,REU.4.4_1,0.0281495739838279,0.589829292985161,0.561679719001333,2025.1454508913,2025.17360046528,NA,NA,NA
4739,4740,REU.4.3_1,REU.4.3_1,0.0910723571240395,0.589901679662093,0.498829322538054,2025.08260049483,2025.17367285196,NA,NA,NA
6039,6040,REU.3.2_1,REU.3.2_1,0.0135036875773709,0.590014896686327,0.576511209108956,2025.16028238141,2025.17378606898,NA,NA,NA
3431,3432,REU.3.1_1,REU.3.1_1,0.0846881315331643,0.590105909978522,0.505417778445357,2025.08918895074,2025.17387708227,NA,NA,NA
3801,3802,REU.4.5_1,REU.4.5_1,0.0431140985556279,0.590109805597007,0.54699570704138,2025.13076687934,2025.17388097789,NA,NA,NA
3389,3390,REU.4.3_1,REU.4.3_1,0.00966321472569731,0.590172334193748,0.580509119468051,2025.16428029176,2025.17394350649,NA,NA,NA
5035,5038,REU.4.3_1,REU.4.3_1,0.113897764449244,0.59027314613316,0.476375381683916,2025.06014655398,2025.17404431843,NA,NA,NA
5038,5039,REU.4.3_1,REU.4.3_1,7.82965789103418e-06,0.590280975791052,0.59027314613316,2025.17404431843,2025.17405214809,NA,NA,NA
5779,5780,REU.4.3_1,REU.4.3_1,0.00156736711658756,0.590325748651892,0.588758381535304,2025.17252955383,2025.17409692095,NA,NA,NA
4199,4200,REU.4.3_1,REU.4.3_1,0.00423337984708549,0.590334752578599,0.586101372731513,2025.16987254503,2025.17410592487,NA,NA,NA
6064,6065,REU.4.6_1,REU.4.6_1,0.00156977975161043,0.590361068859028,0.588791289107418,2025.1725624614,2025.17413224116,NA,NA,NA
5447,5450,REU.2.3_1,REU.4.5_1,0.0536720294251396,0.590380484081107,0.536708454655967,2025.12047962695,2025.17415165638,NA,NA,NA
4503,4506,REU.4.3_1,REU.4.3_1,0.0247745642614925,0.590519521713408,0.565744957451915,2025.14951612975,2025.17429069401,NA,NA,NA
4265,4267,REU.4.3_1,REU.4.8_1,0.0789543254906455,0.590685748973601,0.511731423482956,2025.09550259578,2025.17445692127,NA,NA,NA
5847,5848,REU.4.8_1,REU.4.8_1,0.0854733209782226,0.590692856566439,0.505219535588216,2025.08899070788,2025.17446402886,NA,NA,NA
3623,3624,REU.2.3_1,REU.2.3_1,0.0388108384691181,0.590708404054183,0.551897565585064,2025.13566873788,2025.17447957635,NA,NA,NA
3695,3696,REU.3.1_1,REU.3.1_1,0.0739418727459332,0.590714993055958,0.516773120310025,2025.10054429261,2025.17448616535,NA,NA,NA
4347,4348,REU.4.8_1,REU.4.4_1,0.0226884858341836,0.590746968475921,0.568058482641737,2025.15182965494,2025.17451814077,NA,NA,NA
4458,4462,REU.4.8_1,REU.4.8_1,0.0250870535152271,0.590798503706242,0.565711450191015,2025.14948262249,2025.174569676,NA,NA,NA
4697,4699,REU.4.3_1,REU.4.3_1,0.0604453738202526,0.590953572719055,0.530508198898803,2025.1142793712,2025.17472474502,NA,NA,NA
6067,6068,REU.3.1_1,REU.3.2_1,0.174876020369757,0.591002859305127,0.41612683893537,2024.99989801123,2025.1747740316,NA,NA,NA
4354,4355,REU.4.3_1,REU.4.8_1,0.052304025042536,0.591112609462724,0.538808584420188,2025.12257975672,2025.17488378176,NA,NA,NA
4367,4368,REU.4.3_1,REU.4.3_1,0.0117156000306075,0.591228380422302,0.579512780391695,2025.16328395269,2025.17499955272,NA,NA,NA
4336,4337,REU.4.8_1,REU.4.8_1,0.0813573595875071,0.591240891099443,0.509883531511936,2025.09365470381,2025.1750120634,NA,NA,NA
4187,4188,REU.4.3_1,REU.4.3_1,0.0382696428679692,0.591280959045026,0.553011316177057,2025.13678248847,2025.17505213134,NA,NA,NA
5390,5394,REU.2.3_1,REU.2.3_1,0.0460897105426373,0.591480376755581,0.545390666212943,2025.12916183851,2025.17525154905,NA,NA,NA
5233,664,REU.4.3_1,REU.4.3_1,0.0899221556673473,0.591571293456917,0.501649137789569,2025.08542031009,2025.17534246575,CHIKV_RUN_S16b70_2025,55.521282,-21.252269
4884,649,REU.4.8_1,REU.4.3_1,0.0842786403108857,0.591571293456917,0.507292653146031,2025.09106382544,2025.17534246575,CHIKV_RUN_S15b14_2025,55.509572,-21.284307
3691,2664,REU.3.1_1,REU.3.1_1,0.0811613302342358,0.591571293456917,0.510409963222681,2025.09418113552,2025.17534246575,CHIKV_RUN_S15b13_2025,55.357299,-21.254774
3986,1422,REU.4.3_1,REU.4.3_1,0.0795805362095032,0.591571293456917,0.511990757247413,2025.09576192954,2025.17534246575,CHIKV_RUN_S16b65_2025,55.508741,-21.238603
5570,2101,REU.4.5_1,REU.4.5_1,0.0768974239378408,0.591571293456917,0.514673869519076,2025.09844504182,2025.17534246575,CHIKV_RUN_S15b10_2025,55.627197,-21.374731
3525,1939,REU.4.8_1,REU.1.3_1,0.0746494997604046,0.591571293456917,0.516921793696512,2025.10069296599,2025.17534246575,CHIKV_RUN_S18b53_2025,55.623947,-20.950749
3287,2709,REU.4.3_1,REU.4.6_1,0.0694672863258787,0.591571293456917,0.522104007131038,2025.10587517943,2025.17534246575,CHIKV_RUN_S15b11_2025,55.43735,-21.282083
4674,1125,REU.4.3_1,REU.4.3_1,0.0641515912819021,0.591571293456917,0.527419702175015,2025.11119087447,2025.17534246575,CHIKV_RUN_S16b69_2025,55.517036,-21.294639
6001,2232,REU.3.4_1,REU.3.2_1,0.0601987515655563,0.591571293456917,0.53137254189136,2025.11514371419,2025.17534246575,CHIKV_RUN_S15b90_2025,55.329506,-21.234528
6008,2524,REU.4.1_1,REU.4.1_1,0.0507113610034648,0.591571293456917,0.540859932453452,2025.12463110475,2025.17534246575,CHIKV_RUN_S16b56_2025,55.47479,-21.170469
5793,2373,REU.3.4_1,REU.4.1_1,0.0484979201060256,0.591571293456917,0.543073373350891,2025.12684454565,2025.17534246575,CHIKV_RUN_S16b79_2025,55.47633,-21.168947
3929,1596,REU.4.8_1,REU.4.8_1,0.0432503500105903,0.591571293456917,0.548320943446326,2025.13209211574,2025.17534246575,CHIKV_RUN_S15b92_2025,55.477771,-21.342704
5058,669,REU.2.3_1,REU.2.3_1,0.0425969229904846,0.591571293456917,0.548974370466432,2025.13274554276,2025.17534246575,CHIKV_RUN_S15b12_2025,55.473452,-20.904294
4638,1575,REU.4.3_1,REU.4.8_1,0.0347327624913351,0.591571293456917,0.556838530965582,2025.14060970326,2025.17534246575,CHIKV_RUN_S15b89_2025,55.494927,-21.296698
4904,1703,REU.4.8_1,REU.4.8_1,0.0318373247325555,0.591571293456917,0.559733968724361,2025.14350514102,2025.17534246575,CHIKV_RUN_S16b75_2025,55.472365,-21.280115
5118,744,REU.4.3_1,REU.4.8_1,0.0307386763065116,0.591571293456917,0.560832617150405,2025.14460378945,2025.17534246575,CHIKV_RUN_S15b74_2025,55.471073,-21.307635
3322,1992,REU.2.5_1,REU.1.4_1,0.0304332542010965,0.591571293456917,0.56113803925582,2025.14490921155,2025.17534246575,CHIKV_RUN_S17b71_2025,55.68464,-21.015043
3142,2746,REU.4.8_1,REU.4.8_1,0.0246008068290884,0.591571293456917,0.566970486627828,2025.15074165892,2025.17534246575,CHIKV_RUN_S15b01_2025,55.463816,-21.285384
3258,3053,REU.4.6_1,REU.4.6_1,0.0242901496342465,0.591571293456917,0.56728114382267,2025.15105231612,2025.17534246575,CHIKV_RUN_S16b71_2025,55.433794,-21.251845
5984,2796,REU.3.1_1,REU.3.1_1,0.0239277952249014,0.591571293456917,0.567643498232015,2025.15141467053,2025.17534246575,CHIKV_RUN_S16b74_2025,55.366601,-21.253912
6027,2518,REU.4.1_1,REU.4.1_1,0.0238290454791026,0.591571293456917,0.567742247977814,2025.15151342027,2025.17534246575,CHIKV_RUN_S15b07_2025,55.47775,-21.1691
4321,1041,REU.4.8_1,REU.2.5_1,0.0207998973119647,0.591571293456917,0.570771396144952,2025.15454256844,2025.17534246575,CHIKV_RUN_S37b89_2025,55.605935,-20.951382
5749,2159,REU.2.2_1,REU.2.2_1,0.0204097924918579,0.591571293456917,0.571161500965059,2025.15493267326,2025.17534246575,CHIKV_RUN_S17b43_2025,55.302715,-20.938755
3528,1788,REU.2.3_1,REU.2.3_1,0.0183630639124229,0.591571293456917,0.573208229544494,2025.15697940184,2025.17534246575,CHIKV_RUN_S15b15_2025,55.462476,-20.88777
5542,2048,REU.4.5_1,REU.4.8_1,0.0166321377603906,0.591571293456917,0.574939155696526,2025.15871032799,2025.17534246575,CHIKV_RUN_S15b93_2025,55.533549,-21.332922
5420,990,REU.2.3_1,REU.2.3_1,0.0134401668077155,0.591571293456916,0.578131126649201,2025.16190229895,2025.17534246575,CHIKV_RUN_S15b88_2025,55.464831,-20.8845
5763,1964,REU.2.3_1,REU.2.3_1,0.0120947412391406,0.591571293456917,0.579476552217776,2025.16324772451,2025.17534246575,CHIKV_RUN_S15b06_2025,55.44655,-20.899567
4798,121,REU.3.5_1,REU.3.5_1,0.00793449036234972,0.591571293456917,0.583636803094567,2025.16740797539,2025.17534246575,CHIKV_RUN_S16b57_2025,55.266295,-21.074346
6159,2321,REU.3.2_1,REU.3.2_1,0.00740506763313076,0.591571293456917,0.584166225823786,2025.16793739812,2025.17534246575,CHIKV_RUN_S15b05_2025,55.322143,-21.250985
5365,1220,REU.4.3_1,REU.4.3_1,0.00460717782023523,0.591571293456917,0.586964115636682,2025.17073528793,2025.17534246575,CHIKV_RUN_S15b03_2025,55.521673,-21.257382
4888,274,REU.4.5_1,REU.4.5_1,0.00393058932115409,0.591571293456917,0.587640704135763,2025.17141187643,2025.17534246575,CHIKV_RUN_S16b41_2025,55.602285,-21.348454
5935,2604,REU.4.5_1,REU.4.5_1,0.00236048675471046,0.591571293456917,0.589210806702206,2025.172981979,2025.17534246575,CHIKV_RUN_S16b36_2025,55.626989,-21.379438
3802,208,REU.4.5_1,REU.4.4_1,0.00146148785990918,0.591571293456917,0.590109805597007,2025.17388097789,2025.17534246575,CHIKV_RUN_S16b68_2025,55.558938,-21.338599
6068,2494,REU.3.2_1,REU.3.2_1,0.000568434151789532,0.591571293456917,0.591002859305127,2025.1747740316,2025.17534246575,CHIKV_RUN_S16b77_2025,55.352255,-21.242327
4048,4049,REU.4.3_1,REU.4.3_1,0.0505333378070837,0.591580381147151,0.541047043340067,2025.12481821564,2025.17535155344,NA,NA,NA
3643,3644,REU.2.3_1,REU.2.3_1,0.008154801470597,0.591646266247871,0.583491464777274,2025.16726263707,2025.17541743854,NA,NA,NA
3493,3494,REU.3.4_1,REU.4.5_1,0.142004694199877,0.591684421131516,0.449679726931639,2025.03345089923,2025.17545559343,NA,NA,NA
3333,3339,REU.3.1_1,REU.4.8_1,0.0405843168590204,0.591754957626016,0.551170640766996,2025.13494181306,2025.17552612992,NA,NA,NA
6096,6097,REU.4.8_1,REU.3.4_1,0.0316976192362423,0.591794890089422,0.56009727085318,2025.14386844315,2025.17556606239,NA,NA,NA
3792,3793,REU.3.1_1,REU.3.1_1,0.0383680983109406,0.591996976569701,0.553628878258761,2025.13740005056,2025.17576814887,NA,NA,NA
5989,5993,REU.4.6_1,REU.4.8_1,0.0729582250263324,0.59203107910337,0.519072854077037,2025.10284402637,2025.1758022514,NA,NA,NA
3307,3309,REU.2.5_1,REU.2.5_1,0.0054376785923449,0.59212779389085,0.586690115298505,2025.1704612876,2025.17589896619,NA,NA,NA
6076,6077,REU.3.1_1,REU.3.1_1,0.0193379135591497,0.592131974815382,0.572794061256232,2025.15656523355,2025.17590314711,NA,NA,NA
3973,3975,REU.2.3_1,REU.2.3_1,0.0100261787450466,0.592208790285587,0.582182611540541,2025.16595378384,2025.17597996258,NA,NA,NA
4068,4079,REU.4.3_1,REU.4.3_1,0.164369113330631,0.59247634933487,0.428107236004239,2025.0118784083,2025.17624752163,NA,NA,NA
3736,3737,REU.4.3_1,REU.4.3_1,0.0098098049921902,0.592516518391701,0.582706713399511,2025.1664778857,2025.17628769069,NA,NA,NA
3839,3840,REU.4.3_1,REU.4.3_1,0.0322667900194397,0.592670547199906,0.560403757180466,2025.14417492948,2025.1764417195,NA,NA,NA
3190,3191,REU.4.8_1,REU.4.8_1,0.0120877825684016,0.592920222632182,0.58083244006378,2025.16460361236,2025.17669139493,NA,NA,NA
5148,5149,REU.4.3_1,REU.4.3_1,0.0124285039543255,0.59292844975237,0.580499945798044,2025.16427111809,2025.17669962205,NA,NA,NA
3610,3611,REU.2.3_1,REU.2.3_1,0.0576104217667958,0.593007171777813,0.535396750011017,2025.11916792231,2025.17677834407,NA,NA,NA
4196,4197,REU.4.3_1,REU.4.3_1,0.0270573728127473,0.593090329576462,0.566032956763715,2025.14980412906,2025.17686150187,NA,NA,NA
5974,5976,REU.4.3_1,REU.4.3_1,0.00684741320784765,0.59321707646001,0.586369663252162,2025.17014083555,2025.17698824876,NA,NA,NA
3309,3310,REU.2.5_1,REU.2.5_1,0.00109538600539372,0.593223179896243,0.59212779389085,2025.17589896619,2025.17699435219,NA,NA,NA
5049,5051,REU.4.3_1,REU.4.8_1,0.0404809203526464,0.593311546828467,0.552830626475821,2025.13660179877,2025.17708271912,NA,NA,NA
5935,5936,REU.4.5_1,REU.4.5_1,0.00416695993357608,0.593377766635782,0.589210806702206,2025.172981979,2025.17714893893,NA,NA,NA
5290,5291,REU.4.8_1,REU.4.8_1,0.0214046640691871,0.59340741212191,0.572002748052723,2025.15577392035,2025.17717858442,NA,NA,NA
4730,4731,REU.4.3_1,REU.4.8_1,0.124263355712715,0.593467998835215,0.469204643122499,2025.05297581542,2025.17723917113,NA,NA,NA
3295,3297,REU.3.4_1,REU.3.4_1,0.00815839576981658,0.59347981501033,0.585321419240513,2025.16909259154,2025.17725098731,NA,NA,NA
3479,3480,REU.3.4_1,REU.2.3_1,0.0419321083693599,0.593480258793131,0.551548150423771,2025.13531932272,2025.17725143109,NA,NA,NA
5911,5917,REU.4.3_1,REU.4.8_1,0.101166512001693,0.593517761907115,0.492351249905422,2025.0761224222,2025.1772889342,NA,NA,NA
3923,3924,REU.4.3_1,REU.4.3_1,0.0347387627831641,0.593566599314386,0.558827836531222,2025.14259900883,2025.17733777161,NA,NA,NA
3406,3407,REU.3.1_1,REU.4.8_1,0.120857152470397,0.593573173066588,0.47271602059619,2025.05648719289,2025.17734434536,NA,NA,NA
3794,3795,REU.4.6_1,REU.4.5_1,0.0458512114283633,0.593597680975289,0.547746469546926,2025.13151764184,2025.17736885327,NA,NA,NA
3295,3296,REU.3.4_1,REU.3.4_1,0.00890002803655365,0.594221447277067,0.585321419240513,2025.16909259154,2025.17799261957,NA,NA,NA
4560,4561,REU.2.3_1,REU.2.3_1,0.0161452784555407,0.5943029450531,0.57815766659756,2025.16192883889,2025.17807411735,NA,NA,NA
3343,2628,REU.3.1_1,REU.4.3_1,0.132795058577691,0.594311019484274,0.461515960906583,2025.0452871332,2025.17808219178,CHIKV_RUN_S16b38_2025,55.498283,-21.267012
5034,820,REU.4.3_1,REU.4.2_1,0.127443292480547,0.594311019484274,0.466867727003727,2025.0506388993,2025.17808219178,CHIKV_RUN_S16b59_2025,55.49552,-21.241122
5077,696,REU.4.3_1,REU.4.3_1,0.0853716721191676,0.594311019484274,0.508939347365106,2025.09271051966,2025.17808219178,CHIKV_RUN_S16b58_2025,55.542606,-21.243523
4641,1572,REU.3.1_1,REU.3.2_1,0.067532856135434,0.594311019484274,0.52677816334884,2025.11054933565,2025.17808219178,CHIKV_RUN_S16b73_2025,55.334132,-21.24718
6016,2522,REU.4.1_1,REU.4.1_1,0.0669088993188388,0.594311019484274,0.527402120165435,2025.11117329246,2025.17808219178,CHIKV_RUN_S16b23_2025,55.476481,-21.170794
4365,1097,REU.4.3_1,REU.4.3_1,0.0472189105432166,0.594311019484274,0.547092108941057,2025.13086328124,2025.17808219178,CHIKV_RUN_S16b14_2025,55.504085,-21.266514
3173,2812,REU.3.1_1,REU.2.3_1,0.0416653879724942,0.594311019484274,0.55264563151178,2025.13641680381,2025.17808219178,CHIKV_RUN_S16b72_2025,55.470775,-20.901613
3784,203,REU.4.5_1,REU.4.7_1,0.029830531400246,0.594311019484274,0.564480488084028,2025.14825166038,2025.17808219178,CHIKV_RUN_S16b80_2025,55.771718,-21.363786
3387,2753,REU.4.8_1,REU.3.2_1,0.0289347074171118,0.594311019484274,0.565376312067162,2025.14914748436,2025.17808219178,CHIKV_RUN_S37b83_2025,55.351102,-21.244876
4278,1514,REU.4.8_1,REU.4.3_1,0.0250849288425148,0.594311019484274,0.569226090641759,2025.15299726294,2025.17808219178,CHIKV_RUN_S16b60_2025,55.525549,-21.286563
4776,158,REU.4.6_1,REU.4.6_1,0.0235418127206215,0.594311019484274,0.570769206763652,2025.15454037906,2025.17808219178,CHIKV_RUN_S16b18_2025,55.437616,-21.268652
3313,1978,REU.2.5_1,REU.2.5_1,0.0228849338111771,0.594311019484274,0.571426085673097,2025.15519725797,2025.17808219178,CHIKV_RUN_S28b06_2025,55.598072,-20.90818
4213,900,REU.4.3_1,REU.3.1_1,0.0228534690264979,0.594311019484274,0.571457550457776,2025.15522872275,2025.17808219178,CHIKV_RUN_S36b51_2025,55.334015,-21.272898
5098,792,REU.4.8_1,REU.4.8_1,0.0220391289580754,0.594311019484274,0.572271890526199,2025.15604306282,2025.17808219178,CHIKV_RUN_S16b63_2025,55.532847,-21.352894
5047,812,REU.4.3_1,REU.4.3_1,0.018706347135185,0.594311019484274,0.575604672349089,2025.15937584465,2025.17808219178,CHIKV_RUN_S16b66_2025,55.521328,-21.278701
3736,2415,REU.4.3_1,REU.4.6_1,0.0116043060847634,0.594311019484274,0.582706713399511,2025.1664778857,2025.17808219178,CHIKV_RUN_S16b78_2025,55.43178,-21.261588
4191,310,REU.4.3_1,REU.4.3_1,0.011268256942383,0.594311019484274,0.583042762541891,2025.16681393484,2025.17808219178,CHIKV_RUN_S16b29_2025,55.533773,-21.28242
4662,1116,REU.4.3_1,REU.4.3_1,0.00608768027479722,0.594311019484274,0.588223339209477,2025.17199451151,2025.17808219178,CHIKV_RUN_S16b22_2025,55.517611,-21.279828
4734,4736,REU.4.3_1,REU.4.3_1,0.0317995144996308,0.594385275981254,0.562585761481623,2025.14635693378,2025.17815644828,NA,NA,NA
3660,3661,REU.2.3_1,REU.2.3_1,0.0298800382290061,0.594419598815411,0.564539560586405,2025.14831073288,2025.17819077111,NA,NA,NA
5812,5815,REU.3.1_1,REU.3.1_1,0.0645280563961168,0.594450987246498,0.529922930850381,2025.11369410315,2025.17822215954,NA,NA,NA
3699,3700,REU.3.1_1,REU.3.1_1,0.0673855545473658,0.594494036132001,0.527108481584635,2025.11087965388,2025.17826520843,NA,NA,NA
5448,5449,REU.2.3_1,REU.2.3_1,0.012361441608864,0.594599731243816,0.582238289634952,2025.16600946193,2025.17837090354,NA,NA,NA
4792,4793,REU.3.5_1,REU.3.5_1,0.0097852029127754,0.594678201791686,0.58489299887891,2025.16866417118,2025.17844937409,NA,NA,NA
5521,5522,REU.3.1_1,REU.3.4_1,0.0249200994469521,0.594863981294987,0.569943881848035,2025.15371505414,2025.17863515359,NA,NA,NA
4665,4666,REU.4.3_1,REU.4.6_1,0.0848235886208658,0.594891591853867,0.510068003233001,2025.09383917553,2025.17866276415,NA,NA,NA
4035,4036,REU.4.8_1,REU.4.8_1,0.0251870038249358,0.594918959619124,0.569731955794188,2025.15350312809,2025.17869013192,NA,NA,NA
4394,4397,REU.4.3_1,REU.4.3_1,0.111020420219042,0.595067140471925,0.484046720252883,2025.06781789255,2025.17883831277,NA,NA,NA
4397,4398,REU.4.3_1,REU.4.3_1,0.000107994760455754,0.59517513523238,0.595067140471925,2025.17883831277,2025.17894630753,NA,NA,NA
4659,4663,REU.4.3_1,REU.4.3_1,0.0765476604059638,0.595194223510129,0.518646563104165,2025.1024177354,2025.17896539581,NA,NA,NA
6100,6101,REU.4.8_1,REU.4.8_1,0.0280438829381096,0.595239533768708,0.567195650830598,2025.15096682313,2025.17901070607,NA,NA,NA
6180,6182,REU.3.5_1,REU.3.5_1,0.0277404404493935,0.595244637696777,0.567504197247383,2025.15127536954,2025.17901580999,NA,NA,NA
5017,5018,REU.4.8_1,REU.2.1_1,0.0505332789620654,0.595290110842523,0.544756831880457,2025.12852800418,2025.17906128314,NA,NA,NA
5604,5605,REU.4.5_1,REU.4.5_1,0.0839640053846806,0.595302191093883,0.511338185709203,2025.09510935801,2025.17907336339,NA,NA,NA
3722,3724,REU.3.4_1,REU.3.4_1,0.0180558759561171,0.595440020347033,0.577384144390916,2025.16115531669,2025.17921119264,NA,NA,NA
3724,3725,REU.3.4_1,REU.3.4_1,0.00010676382718755,0.595546784174221,0.595440020347033,2025.17921119264,2025.17931795647,NA,NA,NA
3916,3917,REU.4.3_1,REU.4.3_1,0.0603489693376132,0.595758696796515,0.535409727458902,2025.11918089976,2025.17952986909,NA,NA,NA
3336,3338,REU.3.1_1,REU.3.1_1,0.0278079060549041,0.595775319056049,0.567967413001145,2025.1517385853,2025.17954649135,NA,NA,NA
3365,3366,REU.4.8_1,REU.4.8_1,0.0401259171112447,0.595846321790512,0.555720404679267,2025.13949157698,2025.17961749409,NA,NA,NA
3129,3131,REU.4.6_1,REU.3.4_1,0.0237431350223632,0.595923160900895,0.572180025878532,2025.15595119817,2025.1796943332,NA,NA,NA
5525,5526,REU.4.5_1,REU.4.5_1,0.100330830907262,0.595964127408855,0.495633296501592,2025.0794044688,2025.17973529971,NA,NA,NA
4493,4494,REU.4.3_1,REU.4.3_1,0.0259711161222861,0.596234941105296,0.57026382498301,2025.15403499728,2025.1800061134,NA,NA,NA
5741,5742,REU.3.1_1,REU.3.1_1,0.027767933539977,0.596315955706781,0.568548022166804,2025.15231919446,2025.180087128,NA,NA,NA
3362,3364,REU.4.8_1,REU.4.8_1,0.0296295072495286,0.596358774323342,0.566729267073813,2025.15050043937,2025.18012994662,NA,NA,NA
5387,5388,REU.2.3_1,REU.2.3_1,0.0890970950368186,0.596373211323733,0.507276116286914,2025.09104728858,2025.18014438362,NA,NA,NA
3641,3642,REU.2.3_1,REU.2.3_1,0.0341707665053518,0.596568836234433,0.562398069729082,2025.14616924203,2025.18034000853,NA,NA,NA
3556,3557,REU.3.4_1,REU.3.4_1,0.0637413187747812,0.596773674999488,0.533032356224707,2025.11680352852,2025.1805448473,NA,NA,NA
3942,3943,REU.4.3_1,REU.4.3_1,0.0501177749223141,0.596812138610196,0.546694363687882,2025.13046553598,2025.18058331091,NA,NA,NA
3307,3308,REU.2.5_1,REU.2.5_1,0.0101856130753039,0.596875728373809,0.586690115298505,2025.1704612876,2025.18064690067,NA,NA,NA
3802,3803,REU.4.5_1,REU.4.5_1,0.00680114517402342,0.596910950771031,0.590109805597007,2025.17388097789,2025.18068212307,NA,NA,NA
4964,4967,REU.2.2_1,REU.2.2_1,0.0648857448559385,0.596944349000514,0.532058604144576,2025.11582977644,2025.1807155213,NA,NA,NA
5117,5120,REU.4.3_1,REU.4.3_1,0.0686151047951162,0.596992884147919,0.528377779352803,2025.11214895165,2025.18076405644,NA,NA,NA
3615,2930,REU.2.3_1,REU.2.3_1,0.0907931173262176,0.597050745511859,0.506257628185641,2025.09002880048,2025.18082191781,CHIKV_RUN_S16b30_2025,55.467005,-20.898535
4989,1467,REU.4.3_1,REU.3.5_1,0.0846163841527834,0.597050745511859,0.512434361359075,2025.09620553366,2025.18082191781,CHIKV_RUN_S16b06_2025,55.284204,-21.0281
3869,348,REU.4.3_1,REU.4.3_1,0.065921831459931,0.597050745511859,0.531128914051928,2025.11490008635,2025.18082191781,CHIKV_RUN_S16b12_2025,55.507032,-21.235247
5082,638,REU.4.3_1,REU.4.3_1,0.0512871187422437,0.597050745511859,0.545763626769615,2025.12953479907,2025.18082191781,CHIKV_RUN_S16b51_2025,55.502596,-21.239002
3874,353,REU.4.2_1,REU.4.2_1,0.0487142363934543,0.597050745511859,0.548336509118404,2025.13210768141,2025.18082191781,CHIKV_RUN_S16b42_2025,55.470247,-21.233447
4216,1359,REU.4.3_1,REU.4.3_1,0.0479849542278364,0.597050745511859,0.549065791284022,2025.13283696358,2025.18082191781,CHIKV_RUN_S16b54_2025,55.498279,-21.26971
3385,2683,REU.4.8_1,REU.4.3_1,0.045978323413833,0.597050745511859,0.551072422098026,2025.13484359439,2025.18082191781,CHIKV_RUN_S16b44_2025,55.516217,-21.279021
5915,2250,REU.4.3_1,REU.4.3_1,0.0441466576102963,0.597050745511859,0.552904087901562,2025.1366752602,2025.18082191781,CHIKV_RUN_S16b13_2025,55.511654,-21.277057
5818,2502,REU.3.5_1,REU.3.5_1,0.0438087730856052,0.597050745511859,0.553241972426254,2025.13701314472,2025.18082191781,CHIKV_RUN_S17b30_2025,55.283911,-21.045065
4362,1325,REU.4.3_1,REU.4.6_1,0.0431749118003569,0.597050745511859,0.553875833711502,2025.13764700601,2025.18082191781,CHIKV_RUN_S16b37_2025,55.446209,-21.267209
5461,2849,REU.4.3_1,REU.4.3_1,0.0404137152391613,0.597050745511859,0.556637030272698,2025.14040820257,2025.18082191781,CHIKV_RUN_S16b24_2025,55.504978,-21.280264
5150,832,REU.4.3_1,REU.4.3_1,0.0352408133033053,0.597050745511859,0.561809932208553,2025.1455811045,2025.18082191781,CHIKV_RUN_S16b52_2025,55.521718,-21.274164
4886,1356,REU.4.3_1,REU.4.3_1,0.0339329517129374,0.597050745511859,0.563117793798921,2025.1468889661,2025.18082191781,CHIKV_RUN_S16b40_2025,55.510576,-21.237746
5466,2541,REU.2.3_1,REU.1.3_1,0.0325508391232857,0.597050745511859,0.564499906388573,2025.14827107868,2025.18082191781,CHIKV_RUN_S27b88_2025,55.672884,-20.93834
4196,1737,REU.4.3_1,REU.3.5_1,0.0310177887481436,0.597050745511859,0.566032956763715,2025.14980412906,2025.18082191781,CHIKV_RUN_S16b07_2025,55.254318,-21.069518
3788,230,REU.4.5_1,REU.4.5_1,0.0281167482321626,0.597050745511859,0.568933997279696,2025.15270516958,2025.18082191781,CHIKV_RUN_S16b53_2025,55.612604,-21.324901
6054,2138,REU.3.1_1,REU.2.1_1,0.0247578667580961,0.597050745511859,0.572292878753763,2025.15606405105,2025.18082191781,CHIKV_RUN_S16b43_2025,55.333107,-20.933901
6158,2317,REU.3.2_1,REU.3.2_1,0.0239425859466331,0.597050745511859,0.573108159565226,2025.15687933186,2025.18082191781,CHIKV_RUN_S16b35_2025,55.348289,-21.250872
4205,908,REU.3.5_1,REU.3.5_1,0.0218226536561245,0.597050745511859,0.575228091855734,2025.15899926415,2025.18082191781,CHIKV_RUN_S17b37_2025,55.300808,-21.035281
3285,3092,REU.4.3_1,REU.4.3_1,0.0207948184822953,0.597050745511859,0.576255927029564,2025.16002709933,2025.18082191781,CHIKV_RUN_S16b46_2025,55.50159,-21.262261
3500,3001,REU.4.6_1,REU.4.6_1,0.018578541871282,0.597050745511859,0.578472203640577,2025.16224337594,2025.18082191781,CHIKV_RUN_S16b16_2025,55.417173,-21.289649
6017,2520,REU.4.1_1,REU.4.1_1,0.0184618414662495,0.597050745511859,0.578588904045609,2025.16236007634,2025.18082191781,CHIKV_RUN_S29b19_2025,55.480513,-21.167453
5227,645,REU.4.3_1,REU.4.2_1,0.018313733845125,0.597050745511859,0.578737011666734,2025.16250818396,2025.18082191781,CHIKV_RUN_S37b88_2025,55.479227,-21.246157
4501,573,REU.4.8_1,REU.4.8_1,0.0123425767511575,0.597050745511859,0.584708168760701,2025.16847934106,2025.18082191781,CHIKV_RUN_S16b49_2025,55.494289,-21.271536
4345,872,REU.4.8_1,REU.4.8_1,0.0104714180004133,0.597050745511859,0.586579327511445,2025.17035049981,2025.18082191781,CHIKV_RUN_S37b86_2025,55.53957,-21.313953
3432,1882,REU.3.1_1,REU.3.2_1,0.00694483553333725,0.597050745511859,0.590105909978522,2025.17387708227,2025.18082191781,CHIKV_RUN_S16b21_2025,55.336407,-21.241245
3296,1799,REU.3.4_1,REU.3.4_1,0.00282929823479217,0.597050745511859,0.594221447277067,2025.17799261957,2025.18082191781,CHIKV_RUN_S16b20_2025,55.323303,-21.210595
4468,4469,REU.4.8_1,REU.4.8_1,0.0133304991545401,0.597148450956007,0.583817951801466,2025.1675891241,2025.18091962325,NA,NA,NA
3339,3340,REU.4.8_1,REU.4.8_1,0.00542091059067085,0.597175868216687,0.591754957626016,2025.17552612992,2025.18094704051,NA,NA,NA
4587,4588,REU.4.3_1,REU.4.3_1,0.0583589133767135,0.597199672547499,0.538840759170785,2025.12261193147,2025.18097084484,NA,NA,NA
5534,5535,REU.4.5_1,REU.4.5_1,0.0677832938816896,0.597297114433242,0.529513820551552,2025.11328499285,2025.18106828673,NA,NA,NA
4847,4849,REU.2.4_1,REU.2.4_1,0.0291422833806703,0.597489791169487,0.568347507788817,2025.15211868009,2025.18126096347,NA,NA,NA
3261,3262,REU.3.1_1,REU.3.1_1,0.10104875878118,0.597503386180669,0.496454627399489,2025.0802257997,2025.18127455848,NA,NA,NA
5426,5427,REU.2.3_1,REU.2.3_1,0.0239689532217291,0.597556410661875,0.573587457440146,2025.15735862974,2025.18132758296,NA,NA,NA
4960,4961,REU.4.8_1,REU.4.8_1,0.157275585531571,0.597587424007776,0.440311838476205,2025.02408301077,2025.1813585963,NA,NA,NA
3730,3731,REU.3.4_1,REU.3.4_1,0.177797066764803,0.597598859658711,0.419801792893908,2025.00357296519,2025.18137003196,NA,NA,NA
5321,5323,REU.4.8_1,REU.4.8_1,0.0113113460643987,0.597683835875282,0.586372489810883,2025.17014366211,2025.18145500817,NA,NA,NA
5562,5563,REU.4.5_1,REU.4.5_1,0.114242275498891,0.597725245821161,0.48348297032227,2025.06725414262,2025.18149641812,NA,NA,NA
4905,4906,REU.4.8_1,REU.2.4_1,0.0592894705833871,0.597728067749126,0.538438597165739,2025.12220976946,2025.18149924005,NA,NA,NA
4858,4859,REU.3.5_1,REU.3.5_1,0.0139089556633311,0.597746627186803,0.583837671523472,2025.16760884382,2025.18151779948,NA,NA,NA
4736,4737,REU.4.3_1,REU.4.8_1,0.00347051938000587,0.59785579536126,0.594385275981254,2025.17815644828,2025.18162696766,NA,NA,NA
5430,5431,REU.2.3_1,REU.2.3_1,0.0419616141896194,0.598018620977633,0.556057006788014,2025.13982817908,2025.18178979327,NA,NA,NA
4685,4686,REU.4.8_1,REU.4.8_1,0.0123437671202429,0.598035612652164,0.585691845531921,2025.16946301783,2025.18180678495,NA,NA,NA
5666,5667,REU.4.5_1,REU.4.5_1,0.053687021589056,0.598047449912189,0.544360428323133,2025.12813160062,2025.18181862221,NA,NA,NA
4399,4405,REU.4.3_1,REU.4.3_1,0.110870140715176,0.598054493913513,0.487184353198337,2025.07095552549,2025.18182566621,NA,NA,NA
4079,4080,REU.4.3_1,REU.4.3_1,0.00560412189563086,0.5980804712305,0.59247634933487,2025.17624752163,2025.18185164353,NA,NA,NA
5763,5764,REU.2.3_1,REU.2.3_1,0.0186357261191679,0.598112278336944,0.579476552217776,2025.16324772451,2025.18188345063,NA,NA,NA
4413,4414,REU.4.5_1,REU.4.5_1,0.0103136616746541,0.59825850227547,0.587944840600816,2025.1717160129,2025.18202967457,NA,NA,NA
3692,3693,REU.3.2_1,REU.1.4_1,0.0258285387476015,0.598273817646331,0.57244527889873,2025.1562164512,2025.18204498994,NA,NA,NA
4077,4078,REU.4.3_1,REU.4.5_1,0.0647368305659495,0.598322433212881,0.533585602646931,2025.11735677494,2025.18209360551,NA,NA,NA
3801,3807,REU.4.5_1,REU.4.5_1,0.0515064224623666,0.598502129503746,0.54699570704138,2025.13076687934,2025.1822733018,NA,NA,NA
3917,3918,REU.4.3_1,REU.4.3_1,0.00295620846377198,0.598714905260287,0.595758696796515,2025.17952986909,2025.18248607756,NA,NA,NA
4401,4402,REU.2.3_1,REU.2.3_1,0.014941180764002,0.59911184644162,0.584170665677618,2025.16794183797,2025.18288301874,NA,NA,NA
5899,5900,REU.4.8_1,REU.4.8_1,0.116908352629104,0.599146386132966,0.482238033503862,2025.0660092058,2025.18291755843,NA,NA,NA
4065,4066,REU.4.8_1,REU.4.3_1,0.100106681645924,0.599262062542273,0.499155380896349,2025.08292655319,2025.18303323484,NA,NA,NA
3523,3532,REU.4.8_1,REU.4.8_1,0.155437907631448,0.599407609428758,0.44396970179731,2025.02774087409,2025.18317878173,NA,NA,NA
4188,4189,REU.4.3_1,REU.4.3_1,0.00813418167702928,0.599415140722055,0.591280959045026,2025.17505213134,2025.18318631302,NA,NA,NA
5961,3021,REU.3.1_1,REU.4.3_1,0.157636185848237,0.599790471539216,0.442154285690979,2025.02592545799,2025.18356164384,CHIKV_RUN_S16b33_2025,55.524422,-21.263706
3786,234,REU.4.5_1,REU.4.7_1,0.153322539742083,0.599790471539216,0.446467931797133,2025.03023910409,2025.18356164384,CHIKV_RUN_S17b57_2025,55.72195,-21.369915
4032,1745,REU.4.8_1,REU.2.3_1,0.125455223786086,0.599790471539216,0.47433524775313,2025.05810642005,2025.18356164384,CHIKV_RUN_S16b39_2025,55.455148,-20.884458
4314,291,REU.4.3_1,REU.4.4_1,0.119554302795899,0.599790471539216,0.480236168743317,2025.06400734104,2025.18356164384,CHIKV_RUN_S17b59_2025,55.563952,-21.347612
5969,3031,REU.4.3_1,REU.4.3_1,0.0849102336176082,0.599790471539216,0.514880237921608,2025.09865141022,2025.18356164384,CHIKV_RUN_S16b27_2025,55.523827,-21.264611
4316,601,REU.4.3_1,REU.4.3_1,0.0778981656271442,0.599790471539216,0.521892305912072,2025.10566347821,2025.18356164384,CHIKV_RUN_S16b28_2025,55.500423,-21.269213
5884,2252,REU.4.3_1,REU.4.3_1,0.0691948848416444,0.599790471539216,0.530595586697572,2025.11436675899,2025.18356164384,CHIKV_RUN_S16b02_2025,55.535622,-21.312495
4789,164,REU.3.5_1,REU.3.5_1,0.0669534896006234,0.599790471539216,0.532836981938593,2025.11660815424,2025.18356164384,CHIKV_RUN_S17b36_2025,55.272848,-21.088341
3916,1408,REU.4.3_1,REU.4.3_1,0.0643807440803146,0.599790471539216,0.535409727458902,2025.11918089976,2025.18356164384,CHIKV_RUN_S16b64_2025,55.511843,-21.228954
5276,1253,REU.4.4_1,REU.4.4_1,0.0636845357884559,0.599790471539216,0.53610593575076,2025.11987710805,2025.18356164384,CHIKV_RUN_S17b56_2025,55.560447,-21.351132
5438,981,REU.2.3_1,REU.2.3_1,0.0616574973599195,0.599790471539216,0.538132974179297,2025.12190414648,2025.18356164384,CHIKV_RUN_S16b26_2025,55.445741,-20.892562
4607,910,REU.3.5_1,REU.3.5_1,0.0610292952843832,0.599790471539216,0.538761176254833,2025.12253234855,2025.18356164384,CHIKV_RUN_S17b54_2025,55.274238,-21.051114
3584,2463,REU.3.4_1,REU.3.4_1,0.0537563701285553,0.599790471539216,0.546034101410661,2025.12980527371,2025.18356164384,CHIKV_RUN_S16b55_2025,55.303481,-21.210995
3935,903,REU.4.3_1,REU.4.3_1,0.0536420284168202,0.599790471539216,0.546148443122396,2025.12991961542,2025.18356164384,CHIKV_RUN_S16b03_2025,55.514449,-21.28783
5170,728,REU.4.3_1,REU.4.8_1,0.0438966636746897,0.599790471539216,0.555893807864527,2025.13966498016,2025.18356164384,CHIKV_RUN_S16b34_2025,55.506493,-21.295548
3712,2645,REU.3.1_1,REU.3.2_1,0.0414786824565119,0.599790471539216,0.558311789082704,2025.14208296138,2025.18356164384,CHIKV_RUN_S16b62_2025,55.353823,-21.24368
5699,2020,REU.4.8_1,REU.3.5_1,0.0400226018163826,0.599790471539216,0.559767869722834,2025.14353904202,2025.18356164384,CHIKV_RUN_S17b62_2025,55.278687,-21.005672
4554,589,REU.4.8_1,REU.4.8_1,0.0366268689819663,0.599790471539216,0.56316360255725,2025.14693477485,2025.18356164384,CHIKV_RUN_S16b17_2025,55.494854,-21.317646
3953,1557,REU.4.3_1,REU.4.3_1,0.0326201536489545,0.599790471539216,0.567170317890262,2025.15094149019,2025.18356164384,CHIKV_RUN_S17b41_2025,55.508193,-21.286333
4447,537,REU.4.3_1,REU.4.3_1,0.0309270166829488,0.599790471539216,0.568863454856267,2025.15263462715,2025.18356164384,CHIKV_RUN_S17b60_2025,55.549179,-21.275143
4668,1102,REU.4.4_1,REU.4.8_1,0.0276868288386346,0.599790471539216,0.572103642700582,2025.155874815,2025.18356164384,CHIKV_RUN_S16b10_2025,55.547587,-21.318066
5346,1184,REU.4.4_1,REU.4.4_1,0.0247990752153493,0.599790471539216,0.574991396323867,2025.15876256862,2025.18356164384,CHIKV_RUN_S16b25_2025,55.562571,-21.359957
4205,905,REU.3.5_1,REU.3.5_1,0.0245623796834818,0.599790471539216,0.575228091855734,2025.15899926415,2025.18356164384,CHIKV_RUN_S17b55_2025,55.263479,-21.059954
4380,403,REU.4.3_1,REU.4.3_1,0.0217434620656153,0.599790471539216,0.578047009473601,2025.16181818177,2025.18356164384,CHIKV_RUN_S16b04_2025,55.514475,-21.286882
4952,1688,REU.4.8_1,REU.3.5_1,0.0202214735658361,0.599790471539216,0.57956899797338,2025.16334017027,2025.18356164384,CHIKV_RUN_S17b45_2025,55.273672,-21.101752
4042,1423,REU.4.8_1,REU.3.2_1,0.0151568684983188,0.599790471539216,0.584633603040897,2025.16840477534,2025.18356164384,CHIKV_RUN_S17b49_2025,55.337752,-21.248872
4413,367,REU.4.5_1,REU.4.5_1,0.0118456309384005,0.599790471539216,0.587944840600816,2025.1717160129,2025.18356164384,CHIKV_RUN_S16b05_2025,55.666314,-21.375208
6055,2220,REU.3.4_1,REU.3.4_1,0.0114361931877338,0.599790471539216,0.588354278351482,2025.17212545065,2025.18356164384,CHIKV_RUN_S16b50_2025,55.324856,-21.1608
5149,721,REU.4.3_1,REU.4.3_1,0.0068620217868467,0.599790471539216,0.59292844975237,2025.17669962205,2025.18356164384,CHIKV_RUN_S17b40_2025,55.510974,-21.264532
4494,548,REU.4.3_1,REU.4.3_1,0.00355553043391976,0.599790471539216,0.596234941105296,2025.1800061134,2025.18356164384,CHIKV_RUN_S16b11_2025,55.563302,-21.285697
4686,1358,REU.4.8_1,REU.4.8_1,0.00175485888705218,0.599790471539216,0.598035612652164,2025.18180678495,2025.18356164384,CHIKV_RUN_S16b08_2025,55.524076,-21.331375
5265,5266,REU.4.3_1,REU.4.3_1,0.0432625775562121,0.599922055997286,0.556659478441074,2025.14043065074,2025.18369322829,NA,NA,NA
4092,4093,REU.3.5_1,REU.3.5_1,0.016945977973731,0.599995938436603,0.583049960462872,2025.16682113276,2025.18376711073,NA,NA,NA
5535,5536,REU.4.5_1,REU.4.5_1,0.00272633370382902,0.600023448137071,0.597297114433242,2025.18106828673,2025.18379462043,NA,NA,NA
5696,5697,REU.4.8_1,REU.4.8_1,0.0374841436449862,0.600053810296453,0.562569666651467,2025.14634083895,2025.18382498259,NA,NA,NA
5165,5166,REU.4.3_1,REU.2.3_1,0.0248334969179762,0.600145157795311,0.575311660877335,2025.15908283317,2025.18391633009,NA,NA,NA
5359,5360,REU.4.8_1,REU.4.8_1,0.0106815275035892,0.600235040305768,0.589553512802179,2025.1733246851,2025.1840062126,NA,NA,NA
5204,5205,REU.4.3_1,REU.4.3_1,0.0962744860945763,0.600281583370681,0.504007097276105,2025.08777826957,2025.18405275567,NA,NA,NA
4250,4251,REU.4.3_1,REU.4.3_1,0.0686778293264487,0.600283808716953,0.531605979390505,2025.11537715169,2025.18405498101,NA,NA,NA
3958,3959,REU.4.3_1,REU.4.3_1,0.0569954061354783,0.60029640885704,0.543301002721562,2025.12707217502,2025.18406758115,NA,NA,NA
5186,5187,REU.4.6_1,REU.4.6_1,0.038315285424894,0.6003789362076,0.562063650782706,2025.14583482308,2025.1841501085,NA,NA,NA
4863,4864,REU.3.5_1,REU.3.5_1,0.0631396773288863,0.600415845907466,0.53727616857858,2025.12104734088,2025.1841870182,NA,NA,NA
5439,5440,REU.2.3_1,REU.2.3_1,0.0461778335592472,0.600504090916352,0.554326257357105,2025.13809742965,2025.18427526321,NA,NA,NA
5471,5472,REU.2.3_1,REU.2.3_1,0.0187619067056413,0.600589052194701,0.581827145489059,2025.16559831779,2025.18436022449,NA,NA,NA
4752,4753,REU.2.3_1,REU.2.3_1,0.0290463201780334,0.600623532196212,0.571577212018179,2025.15534838431,2025.18439470449,NA,NA,NA
5098,5099,REU.4.8_1,REU.4.8_1,0.0284304888175068,0.600702379343705,0.572271890526199,2025.15604306282,2025.18447355164,NA,NA,NA
3511,3512,REU.3.4_1,REU.3.4_1,0.0681350962136589,0.600713174960683,0.532578078747024,2025.11634925104,2025.18448434726,NA,NA,NA
6116,6117,REU.4.8_1,REU.4.8_1,0.025447844694543,0.600765537162125,0.575317692467582,2025.15908886476,2025.18453670946,NA,NA,NA
3679,3680,REU.2.3_1,REU.2.3_1,0.0985516258391751,0.601113062349074,0.502561436509899,2025.08633260881,2025.18488423465,NA,NA,NA
5365,5366,REU.4.3_1,REU.4.3_1,0.0141877484159545,0.601151864052636,0.586964115636682,2025.17073528793,2025.18492303635,NA,NA,NA
5004,5005,REU.2.3_1,REU.2.3_1,0.0282018475769193,0.60120216804293,0.57300032046601,2025.15677149276,2025.18497334034,NA,NA,NA
5550,5551,REU.4.5_1,REU.4.5_1,0.0788433798038801,0.601621922671037,0.522778542867157,2025.10654971516,2025.18539309497,NA,NA,NA
6204,6205,REU.2.3_1,REU.2.3_1,0.022333075825463,0.60163931660125,0.579306240775787,2025.16307741307,2025.1854104889,NA,NA,NA
3456,3458,REU.3.4_1,REU.4.3_1,0.0557488765039917,0.601664376003114,0.545915499499123,2025.1296866718,2025.1854355483,NA,NA,NA
4388,4390,REU.4.3_1,REU.2.3_1,0.0949122302684692,0.601683446769036,0.506771216500567,2025.0905423888,2025.18545461907,NA,NA,NA
5401,5404,REU.2.3_1,REU.2.3_1,0.0287196365843889,0.601792555429749,0.57307291884536,2025.15684409114,2025.18556372773,NA,NA,NA
5099,5100,REU.4.8_1,REU.4.8_1,0.00111264941723821,0.601815028760944,0.600702379343705,2025.18447355164,2025.18558620106,NA,NA,NA
4593,4594,REU.4.8_1,REU.4.3_1,0.0539450389174249,0.602034081551138,0.548089042633713,2025.13186021493,2025.18580525385,NA,NA,NA
3177,3178,REU.4.3_1,REU.2.3_1,0.0194816061263818,0.602154199143341,0.58267259301696,2025.16644376531,2025.18592537144,NA,NA,NA
4928,4929,REU.4.3_1,REU.4.3_1,0.0375380565339405,0.602272078540635,0.564734022006695,2025.1485051943,2025.18604325084,NA,NA,NA
5131,5132,REU.4.3_1,REU.4.3_1,0.026579144044329,0.602300899855339,0.57572175581101,2025.15949292811,2025.18607207215,NA,NA,NA
5993,5994,REU.4.8_1,REU.4.8_1,0.0102829351331822,0.602314014236552,0.59203107910337,2025.1758022514,2025.18608518653,NA,NA,NA
3819,3820,REU.4.5_1,REU.4.5_1,0.0597363477312521,0.602421194123013,0.54268484639176,2025.12645601869,2025.18619236642,NA,NA,NA
3154,2635,REU.3.4_1,REU.4.3_1,0.173587377253589,0.602530197566574,0.428942820312984,2025.01271399261,2025.18630136986,CHIKV_RUN_S18b04_2025,55.528924,-21.245314
5588,2117,REU.4.5_1,REU.4.5_1,0.143774637139647,0.602530197566574,0.458755560426927,2025.04252673272,2025.18630136986,CHIKV_RUN_S18b03_2025,55.629023,-21.374059
5331,1195,REU.4.4_1,REU.4.4_1,0.122926441210521,0.602530197566574,0.479603756356053,2025.06337492865,2025.18630136986,CHIKV_RUN_S17b53_2025,55.53399,-21.362956
4823,1089,REU.4.3_1,REU.4.3_1,0.0988389697993054,0.602530197566574,0.503691227767268,2025.08746240006,2025.18630136986,CHIKV_RUN_S16b09_2025,55.499411,-21.245559
4620,258,REU.4.3_1,REU.4.2_1,0.0760355402222668,0.602530197566574,0.526494657344307,2025.11026582964,2025.18630136986,CHIKV_RUN_S27b94_2025,55.47721,-21.249677
4015,944,REU.3.5_1,REU.3.5_1,0.0713185407490523,0.602530197566574,0.531211656817521,2025.11498282911,2025.18630136986,CHIKV_RUN_S36b54_2025,55.272725,-21.021971
4266,1495,REU.4.3_1,REU.4.3_1,0.0692017580080108,0.602530197566574,0.533328439558563,2025.11709961186,2025.18630136986,CHIKV_RUN_S17b44_2025,55.492978,-21.257809
5863,2155,REU.4.6_1,REU.4.6_1,0.0573038557924699,0.602530197566574,0.545226341774104,2025.12899751407,2025.18630136986,CHIKV_RUN_S17b51_2025,55.445979,-21.229482
3716,1927,REU.4.6_1,REU.4.6_1,0.0530384895251066,0.602530197566574,0.549491708041467,2025.13326288034,2025.18630136986,CHIKV_RUN_S17b92_2025,55.437794,-21.265429
3815,218,REU.4.5_1,REU.4.5_1,0.0492316556308972,0.602530197566574,0.553298541935676,2025.13706971423,2025.18630136986,CHIKV_RUN_S17b47_2025,55.61912,-21.368139
5586,2057,REU.4.5_1,REU.2.3_1,0.0480710805596993,0.602530197566574,0.554459117006874,2025.1382302893,2025.18630136986,CHIKV_RUN_S27b83_2025,55.485603,-20.893484
3618,2900,REU.2.3_1,REU.2.3_1,0.0436429300854034,0.602530197566574,0.55888726748117,2025.14265843978,2025.18630136986,CHIKV_RUN_S27b85_2025,55.505121,-20.913125
4750,132,REU.4.8_1,REU.4.8_1,0.0390690724023184,0.602530197566574,0.563461125164255,2025.14723229746,2025.18630136986,CHIKV_RUN_S17b93_2025,55.50931,-21.3534
5251,683,REU.4.3_1,REU.4.3_1,0.037702082737488,0.602530197566574,0.564828114829086,2025.14859928713,2025.18630136986,CHIKV_RUN_S17b61_2025,55.52421,-21.282558
3420,1925,REU.4.8_1,REU.4.3_1,0.0362897920926086,0.602530197566574,0.566240405473965,2025.15001157777,2025.18630136986,CHIKV_RUN_S17b50_2025,55.51306,-21.278663
3559,2451,REU.3.4_1,REU.3.4_1,0.0311365116734661,0.602530197566574,0.571393685893107,2025.15516485819,2025.18630136986,CHIKV_RUN_S17b87_2025,55.315995,-21.216088
4300,599,REU.4.3_1,REU.2.3_1,0.0271570507030374,0.602530197566574,0.575373146863536,2025.15914431916,2025.18630136986,CHIKV_RUN_S28b05_2025,55.458062,-20.894803
4330,1724,REU.3.5_1,REU.3.5_1,0.0246568445794446,0.602530197566574,0.577873352987129,2025.16164452528,2025.18630136986,CHIKV_RUN_S17b31_2025,55.26877,-21.087665
3657,2868,REU.2.3_1,REU.3.5_1,0.0229666965852171,0.602530197566574,0.579563500981356,2025.16333467328,2025.18630136986,CHIKV_RUN_S18b19_2025,55.225194,-21.078288
5364,1219,REU.4.3_1,REU.4.5_1,0.0210859945584999,0.602530197566574,0.581444203008074,2025.1652153753,2025.18630136986,CHIKV_RUN_S17b52_2025,55.628387,-21.34136
3177,2811,REU.4.3_1,REU.4.3_1,0.0198576045496139,0.602530197566574,0.58267259301696,2025.16644376531,2025.18630136986,CHIKV_RUN_S17b58_2025,55.48957,-21.256775
5670,2358,REU.4.5_1,REU.4.5_1,0.0194869688641763,0.602530197566574,0.583043228702397,2025.166814401,2025.18630136986,CHIKV_RUN_S17b84_2025,55.67745,-21.372594
5008,95,REU.2.3_1,REU.3.3_1,0.0174882558077923,0.602530197566573,0.585041941758781,2025.16881311406,2025.18630136986,CHIKV_RUN_S18b07_2025,55.287571,-21.110372
5767,1970,REU.3.4_1,REU.3.4_1,0.014510646757692,0.602530197566574,0.588019550808882,2025.17179072311,2025.18630136986,CHIKV_RUN_S17b89_2025,55.295778,-21.198431
4873,1431,REU.4.8_1,REU.3.3_1,0.0144837533310027,0.602530197566574,0.588046444235571,2025.17181761653,2025.18630136986,CHIKV_RUN_S17b46_2025,55.298893,-21.105446
4078,1451,REU.4.5_1,REU.4.5_1,0.00420776435369286,0.602530197566574,0.598322433212881,2025.18209360551,2025.18630136986,CHIKV_RUN_S27b95_2025,55.615038,-21.375754
5266,1306,REU.4.3_1,REU.4.2_1,0.00260814156928735,0.602530197566574,0.599922055997286,2025.18369322829,2025.18630136986,CHIKV_RUN_S17b94_2025,55.47803,-21.249929
5187,769,REU.4.6_1,REU.4.6_1,0.00215126135897381,0.602530197566573,0.6003789362076,2025.1841501085,2025.18630136986,CHIKV_RUN_S17b95_2025,55.441574,-21.271818
6183,6184,REU.3.5_1,REU.3.5_1,0.0159562378492486,0.602590294378775,0.586634056529526,2025.17040522883,2025.18636146668,NA,NA,NA
3376,3377,REU.4.8_1,REU.4.5_1,0.0180611611117596,0.602597767727184,0.584536606615425,2025.16830777891,2025.18636894002,NA,NA,NA
3340,3341,REU.4.8_1,REU.4.8_1,0.00559516624837308,0.60277103446506,0.597175868216687,2025.18094704051,2025.18654220676,NA,NA,NA
5354,5355,REU.4.8_1,REU.4.8_1,0.0707582051393292,0.602921078249612,0.532162873110283,2025.11593404541,2025.18669225055,NA,NA,NA
4012,4013,REU.4.3_1,REU.2.4_1,0.0822731841937168,0.602988928313088,0.520715744119371,2025.10448691642,2025.18676010061,NA,NA,NA
3725,3726,REU.3.4_1,REU.3.4_1,0.00749225889493887,0.60303904306916,0.595546784174221,2025.17931795647,2025.18681021537,NA,NA,NA
5776,5777,REU.4.8_1,REU.4.8_1,0.0183650022527054,0.60329968019395,0.584934677941244,2025.16870585024,2025.18707085249,NA,NA,NA
4955,4956,REU.4.8_1,REU.4.8_1,0.0632937697706835,0.603320278256734,0.54002650848605,2025.12379768078,2025.18709145055,NA,NA,NA
4346,4349,REU.4.8_1,REU.4.8_1,0.0445084859856484,0.603451357554636,0.558942871568987,2025.14271404387,2025.18722252985,NA,NA,NA
4412,4415,REU.4.5_1,REU.4.5_1,0.0368260205774968,0.603542611230492,0.566716590652996,2025.15048776295,2025.18731378353,NA,NA,NA
3886,3887,REU.2.3_1,REU.2.2_1,0.104833238350693,0.603643843914419,0.498810605563726,2025.08258177786,2025.18741501621,NA,NA,NA
4784,4785,REU.2.3_1,REU.2.3_1,0.0216584965903388,0.603693640813789,0.582035144223451,2025.16580631652,2025.18746481311,NA,NA,NA
4156,4157,REU.4.3_1,REU.4.3_1,0.0696036544521463,0.603708268854082,0.534104614401935,2025.1178757867,2025.18747944115,NA,NA,NA
3183,3184,REU.4.8_1,REU.4.8_1,0.018067302751514,0.603721439767305,0.58565413701579,2025.16942530931,2025.18749261206,NA,NA,NA
3537,3538,REU.2.2_1,REU.2.2_1,0.0149830904130172,0.603812233854392,0.588829143441375,2025.17260031574,2025.18758340615,NA,NA,NA
3979,3980,REU.2.3_1,REU.1.3_1,0.0617292030355028,0.603862999719702,0.542133796684199,2025.12590496898,2025.18763417202,NA,NA,NA
4462,4463,REU.4.8_1,REU.4.8_1,0.0131484626531299,0.603946966359372,0.590798503706242,2025.174569676,2025.18771813866,NA,NA,NA
3680,3682,REU.2.3_1,REU.2.3_1,0.00283428315403489,0.603947345503109,0.601113062349074,2025.18488423465,2025.1877185178,NA,NA,NA
5394,5395,REU.2.3_1,REU.2.3_1,0.0125520453890855,0.604032422144666,0.591480376755581,2025.17525154905,2025.18780359444,NA,NA,NA
3181,3185,REU.4.8_1,REU.4.8_1,0.0682196940224334,0.604072680293294,0.535852986270861,2025.11962415857,2025.18784385259,NA,NA,NA
5727,5729,REU.3.5_1,REU.3.5_1,0.0318415624502424,0.604156665959027,0.572315103508785,2025.1560862758,2025.18792783826,NA,NA,NA
5610,5611,REU.2.3_1,REU.2.3_1,0.0227944753886583,0.604157096819432,0.581362621430774,2025.16513379373,2025.18792826912,NA,NA,NA
4926,4927,REU.4.3_1,REU.4.8_1,0.0488445290177001,0.604212341989681,0.555367812971981,2025.13913898527,2025.18798351429,NA,NA,NA
5902,5903,REU.4.8_1,REU.4.8_1,0.0689832114814922,0.604391905996649,0.535408694515156,2025.11917986681,2025.18816307829,NA,NA,NA
4272,4275,REU.4.3_1,REU.3.5_1,0.096800186663886,0.604584981136578,0.507784794472692,2025.09155596677,2025.18835615343,NA,NA,NA
5825,5826,REU.4.8_1,REU.4.8_1,0.0486093872916554,0.604753835244152,0.556144447952496,2025.13991562025,2025.18852500754,NA,NA,NA
5366,5367,REU.4.3_1,REU.4.3_1,0.00365625319460317,0.604808117247239,0.601151864052636,2025.18492303635,2025.18857928954,NA,NA,NA
5355,5356,REU.4.8_1,REU.4.8_1,0.00195217406935544,0.604873252318968,0.602921078249612,2025.18669225055,2025.18864442462,NA,NA,NA
5790,5791,REU.4.5_1,REU.4.5_1,0.0263279564754657,0.604909645980011,0.578581689504545,2025.1623528618,2025.18868081828,NA,NA,NA
4390,4391,REU.2.3_1,REU.2.3_1,0.00331708072156478,0.605000527490601,0.601683446769036,2025.18545461907,2025.18877169979,NA,NA,NA
4982,4983,REU.4.5_1,REU.4.5_1,0.0282797162216403,0.605156612869557,0.576876896647917,2025.16064806894,2025.18892778517,NA,NA,NA
5617,5618,REU.4.5_1,REU.4.8_1,0.059268872584854,0.605246749094558,0.545977876509704,2025.12974904881,2025.18901792139,NA,NA,NA
4918,1085,REU.4.8_1,REU.4.8_1,0.147312789415779,0.605269923593931,0.457957134178152,2025.04172830647,2025.18904109589,CHIKV_RUN_S17b85_2025,55.514196,-21.341529
4070,1444,REU.4.3_1,REU.4.3_1,0.108800244223239,0.605269923593931,0.496469679370692,2025.08024085167,2025.18904109589,CHIKV_RUN_S17b86_2025,55.505031,-21.26403
3284,2137,REU.4.3_1,REU.2.5_1,0.0843453822570869,0.605269923593931,0.520924541336844,2025.10469571363,2025.18904109589,CHIKV_RUN_S36b49_2025,55.625019,-20.949018
3463,2980,REU.3.4_1,REU.3.4_1,0.081901873154492,0.605269923593931,0.523368050439439,2025.10713922274,2025.18904109589,CHIKV_RUN_S18b15_2025,55.306257,-21.172821
3226,2783,REU.4.3_1,REU.4.6_1,0.0717199195529906,0.605269923593931,0.53355000404094,2025.11732117634,2025.18904109589,CHIKV_RUN_S19b03_2025,55.433495,-21.246208
3435,1876,REU.4.8_1,REU.4.5_1,0.0708580471668997,0.605269923593931,0.534411876427031,2025.11818304872,2025.18904109589,CHIKV_RUN_S18b92_2025,55.600533,-21.37723
6026,2531,REU.4.1_1,REU.4.1_1,0.0630635293757543,0.605269923593931,0.542206394218177,2025.12597756651,2025.18904109589,CHIKV_RUN_S21b25_2025,55.478545,-21.169212
3942,1762,REU.4.3_1,REU.2.3_1,0.0585755599060489,0.605269923593931,0.546694363687882,2025.13046553598,2025.18904109589,CHIKV_RUN_S18b69_2025,55.458177,-20.892007
5373,1236,REU.4.8_1,REU.4.5_1,0.0557925802120862,0.605269923593931,0.549477343381845,2025.13324851568,2025.18904109589,CHIKV_RUN_S17b91_2025,55.594453,-21.370629
5288,1198,REU.4.8_1,REU.3.4_1,0.0556152065947891,0.605269923593931,0.549654716999142,2025.1334258893,2025.18904109589,CHIKV_RUN_S18b24_2025,55.314152,-21.148676
3381,1777,REU.4.3_1,REU.4.3_1,0.054760483790691,0.605269923593931,0.55050943980324,2025.1342806121,2025.18904109589,CHIKV_RUN_S18b05_2025,55.514278,-21.286856
5294,1204,REU.4.4_1,REU.4.4_1,0.0457329325737769,0.605269923593931,0.559536991020154,2025.14330816332,2025.18904109589,CHIKV_RUN_S19b04_2025,55.56475,-21.35229
5992,2748,REU.4.6_1,REU.4.2_1,0.0446391066404775,0.605269923593931,0.560630816953453,2025.14440198925,2025.18904109589,CHIKV_RUN_S18b87_2025,55.465342,-21.245991
6027,2526,REU.4.1_1,REU.4.1_1,0.0375276756161169,0.605269923593931,0.567742247977814,2025.15151342027,2025.18904109589,CHIKV_RUN_S18b13_2025,55.478606,-21.16859
3313,1981,REU.2.5_1,REU.2.5_1,0.033843837920834,0.605269923593931,0.571426085673097,2025.15519725797,2025.18904109589,CHIKV_RUN_S20b77_2025,55.63888,-20.930024
5223,662,REU.4.5_1,REU.4.5_1,0.0285556378076427,0.605269923593931,0.576714285786288,2025.16048545808,2025.18904109589,CHIKV_RUN_S18b02_2025,55.68226,-21.370466
3371,2014,REU.4.3_1,REU.1.2_1,0.0266182203540574,0.605269923593931,0.578651703239874,2025.16242287554,2025.18904109589,CHIKV_RUN_S20b81_2025,55.628875,-21.13951
4952,1690,REU.4.8_1,REU.4.8_1,0.0257009256205509,0.605269923593931,0.57956899797338,2025.16334017027,2025.18904109589,CHIKV_RUN_S18b14_2025,55.472968,-21.310873
4092,1619,REU.3.5_1,REU.3.5_1,0.0222199631310583,0.605269923593931,0.583049960462872,2025.16682113276,2025.18904109589,CHIKV_RUN_S18b57_2025,55.319669,-21.012661
4501,574,REU.4.8_1,REU.1.4_1,0.0205617548332296,0.605269923593931,0.584708168760701,2025.16847934106,2025.18904109589,CHIKV_RUN_S20b79_2025,55.706863,-21.031537
4041,1383,REU.1.4_1,REU.1.4_1,0.0194210006672246,0.605269923593931,0.585848922926706,2025.16962009522,2025.18904109589,CHIKV_RUN_S20b80_2025,55.683274,-21.032164
4731,1554,REU.4.8_1,REU.4.8_1,0.0118019247587164,0.605269923593931,0.593467998835215,2025.17723917113,2025.18904109589,CHIKV_RUN_S18b06_2025,55.466911,-21.289041
5388,1013,REU.2.3_1,REU.2.3_1,0.00889671227019839,0.605269923593931,0.596373211323733,2025.18014438362,2025.18904109589,CHIKV_RUN_S36b53_2025,55.445815,-20.892723
4967,1067,REU.2.2_1,REU.2.2_1,0.00832557459341654,0.605269923593931,0.596944349000514,2025.1807155213,2025.18904109589,CHIKV_RUN_S37b90_2025,55.299328,-20.944648
4415,368,REU.4.5_1,REU.4.5_1,0.00172731236343848,0.605269923593931,0.603542611230492,2025.18731378353,2025.18904109589,CHIKV_RUN_S18b21_2025,55.672937,-21.378165
4042,4043,REU.4.8_1,REU.4.8_1,0.020648243081645,0.605281846122542,0.584633603040897,2025.16840477534,2025.18905301842,NA,NA,NA
5825,5828,REU.4.8_1,REU.4.8_1,0.0491573244617338,0.60530177241423,0.556144447952496,2025.13991562025,2025.18907294471,NA,NA,NA
5727,5728,REU.3.5_1,REU.3.5_1,0.0330006653823158,0.6053157688911,0.572315103508785,2025.1560862758,2025.18908694119,NA,NA,NA
4390,4392,REU.2.3_1,REU.1.4_1,0.00421733271385138,0.605900779482887,0.601683446769036,2025.18545461907,2025.18967195178,NA,NA,NA
3354,3355,REU.3.5_1,REU.3.5_1,0.0435968145026616,0.606204755726978,0.562607941224316,2025.14637911352,2025.18997592802,NA,NA,NA
4964,4965,REU.2.2_1,REU.2.2_1,0.0741952095823205,0.606253813726896,0.532058604144576,2025.11582977644,2025.19002498602,NA,NA,NA
6176,6177,REU.3.5_1,REU.3.5_1,0.110492381538002,0.60635736390509,0.495864982367088,2025.07963615466,2025.1901285362,NA,NA,NA
4466,4471,REU.4.3_1,REU.4.3_1,0.081669619580992,0.606370530058604,0.524700910477612,2025.10847208277,2025.19014170236,NA,NA,NA
5218,5219,REU.4.3_1,REU.4.3_1,0.0429238282716002,0.606397221912244,0.563473393640643,2025.14724456594,2025.19016839421,NA,NA,NA
6109,6110,REU.3.1_1,REU.3.1_1,0.029575938908297,0.606470822977898,0.576894884069601,2025.16066605637,2025.19024199527,NA,NA,NA
3925,3926,REU.4.3_1,REU.4.3_1,0.0317276534911017,0.606480018453758,0.574752364962657,2025.15852353726,2025.19025119075,NA,NA,NA
3226,3227,REU.4.3_1,REU.4.3_1,0.072994347034537,0.606544351075477,0.53355000404094,2025.11732117634,2025.19031552337,NA,NA,NA
3980,3981,REU.1.3_1,REU.1.3_1,0.00273282595749502,0.606595825677197,0.603862999719702,2025.18763417202,2025.19036699797,NA,NA,NA
4554,4555,REU.4.8_1,REU.4.8_1,0.0435603361413099,0.60672393869856,0.56316360255725,2025.14693477485,2025.190495111,NA,NA,NA
3943,3944,REU.4.3_1,REU.4.3_1,0.00991446212291536,0.606726600733111,0.596812138610196,2025.18058331091,2025.19049777303,NA,NA,NA
4059,4060,REU.2.3_1,REU.4.8_1,0.150649003372994,0.606777692880545,0.456128689507551,2025.0398998618,2025.19054886518,NA,NA,NA
4355,4356,REU.4.8_1,REU.4.8_1,0.0158103322631606,0.606922941725885,0.591112609462724,2025.17488378176,2025.19069411402,NA,NA,NA
5367,5368,REU.4.3_1,REU.4.3_1,0.00229465427121467,0.607102771518454,0.604808117247239,2025.18857928954,2025.19087394381,NA,NA,NA
5526,5527,REU.4.5_1,REU.4.5_1,0.0111532170800075,0.607117344488862,0.595964127408855,2025.17973529971,2025.19088851679,NA,NA,NA
4793,4794,REU.3.5_1,REU.3.5_1,0.0124667678793274,0.607144969671013,0.594678201791686,2025.17844937409,2025.19091614197,NA,NA,NA
5022,5023,REU.2.3_1,REU.3.3_1,0.0360118881727888,0.607208245939726,0.571196357766937,2025.15496753006,2025.19097941824,NA,NA,NA
6047,6048,REU.2.3_1,REU.2.3_1,0.0539036500085011,0.607208550431087,0.553304900422586,2025.13707607272,2025.19097972273,NA,NA,NA
4567,4568,REU.2.4_1,REU.2.4_1,0.0320913252368733,0.607580920533125,0.575489595296252,2025.15926076759,2025.19135209283,NA,NA,NA
3861,3862,REU.4.3_1,REU.4.8_1,0.0941015361755513,0.607711178609856,0.513609642434304,2025.09738081473,2025.19148235091,NA,NA,NA
3632,3634,REU.2.3_1,REU.2.3_1,0.0341507674044057,0.607817224765658,0.573666457361252,2025.15743762966,2025.19158839706,NA,NA,NA
5946,5947,REU.4.3_1,REU.4.3_1,0.0266153374256211,0.608000387180861,0.58138504975524,2025.16515622205,2025.19177155948,NA,NA,NA
3343,2136,REU.3.1_1,REU.4.6_1,0.146493688714705,0.608009649621288,0.461515960906583,2025.0452871332,2025.19178082192,CHIKV_RUN_S18b72_2025,55.415391,-21.269514
5331,1213,REU.4.4_1,REU.4.4_1,0.128405893265236,0.608009649621288,0.479603756356053,2025.06337492865,2025.19178082192,CHIKV_RUN_S18b74_2025,55.564934,-21.358381
4908,1707,REU.4.3_1,REU.4.3_1,0.126640755912639,0.608009649621288,0.481368893708649,2025.065140066,2025.19178082192,CHIKV_RUN_S19b44_2025,55.543695,-21.309753
4065,1072,REU.4.8_1,REU.4.4_1,0.108854268724939,0.608009649621288,0.499155380896349,2025.08292655319,2025.19178082192,CHIKV_RUN_S18b90_2025,55.568942,-21.351257
4073,1448,REU.4.3_1,REU.4.8_1,0.0979949874557728,0.608009649621288,0.510014662165515,2025.09378583446,2025.19178082192,CHIKV_RUN_S18b85_2025,55.47382,-21.281662
5215,640,REU.4.8_1,REU.1.6_1,0.085801603067643,0.608009649621288,0.522208046553645,2025.10597921885,2025.19178082192,CHIKV_RUN_S36b50_2025,55.55331,-21.016598
3951,1357,REU.4.8_1,REU.4.1_1,0.0799871898306663,0.608009649621288,0.528022459790622,2025.11179363209,2025.19178082192,CHIKV_RUN_S18b78_2025,55.48698,-21.152237
4359,308,REU.4.3_1,REU.4.3_1,0.0639211413739638,0.608009649621288,0.544088508247325,2025.12785968054,2025.19178082192,CHIKV_RUN_S18b76_2025,55.525956,-21.271916
5319,1237,REU.4.4_1,REU.4.4_1,0.0532057068547382,0.608009649621288,0.55480394276655,2025.13857511506,2025.19178082192,CHIKV_RUN_S19b70_2025,55.561765,-21.339729
4342,1591,REU.4.8_1,REU.4.8_1,0.0447917173063122,0.608009649621288,0.563217932314976,2025.14698910461,2025.19178082192,CHIKV_RUN_S18b70_2025,55.458383,-21.297386
4832,1567,REU.4.3_1,REU.4.4_1,0.0438374812974267,0.608009649621288,0.564172168323862,2025.14794334062,2025.19178082192,CHIKV_RUN_S18b75_2025,55.533559,-21.361857
5893,2286,REU.4.6_1,REU.4.6_1,0.0425291313824691,0.608009649621288,0.565480518238819,2025.14925169054,2025.19178082192,CHIKV_RUN_S18b93_2025,55.405768,-21.271514
4332,1759,REU.4.3_1,REU.4.3_1,0.0405629327341122,0.608009649621288,0.567446716887176,2025.15121788918,2025.19178082192,CHIKV_RUN_S19b02_2025,55.53301,-21.258202
4035,620,REU.4.8_1,REU.4.3_1,0.0382776938271006,0.608009649621288,0.569731955794188,2025.15350312809,2025.19178082192,CHIKV_RUN_S18b91_2025,55.509764,-21.282726
5292,1247,REU.4.4_1,REU.4.4_1,0.0379956102984063,0.608009649621288,0.570014039322882,2025.15378521162,2025.19178082192,CHIKV_RUN_S18b60_2025,55.563959,-21.351833
5290,1238,REU.4.8_1,REU.4.8_1,0.0360069015685652,0.608009649621288,0.572002748052723,2025.15577392035,2025.19178082192,CHIKV_RUN_S18b71_2025,55.540467,-21.316628
4369,1092,REU.4.3_1,REU.4.3_1,0.0281449742197764,0.608009649621288,0.579864675401512,2025.1636358477,2025.19178082192,CHIKV_RUN_S18b89_2025,55.529542,-21.271949
3306,1982,REU.2.5_1,REU.2.5_1,0.0236076806272912,0.608009649621288,0.584401968993997,2025.16817314129,2025.19178082192,CHIKV_RUN_S19b01_2025,55.596196,-20.907629
5633,2842,REU.4.6_1,REU.4.1_1,0.0205380140695528,0.608009649621288,0.587471635551736,2025.17124280785,2025.19178082192,CHIKV_RUN_S19b05_2025,55.46543,-21.135881
4337,1594,REU.4.8_1,REU.4.8_1,0.0167687585218457,0.608009649621288,0.591240891099443,2025.1750120634,2025.19178082192,CHIKV_RUN_S18b67_2025,55.459644,-21.296356
5917,2288,REU.4.8_1,REU.4.8_1,0.0144918877141735,0.608009649621288,0.593517761907115,2025.1772889342,2025.19178082192,CHIKV_RUN_S18b77_2025,55.489165,-21.348342
3924,1396,REU.4.3_1,REU.4.3_1,0.0144430503069026,0.608009649621288,0.593566599314386,2025.17733777161,2025.19178082192,CHIKV_RUN_S18b62_2025,55.524404,-21.242318
3726,2437,REU.3.4_1,REU.1.4_1,0.00497060655212878,0.608009649621288,0.60303904306916,2025.18681021537,2025.19178082192,CHIKV_RUN_S19b69_2025,55.666146,-21.037454
4956,1689,REU.4.8_1,REU.4.8_1,0.00468937136455461,0.608009649621288,0.603320278256734,2025.18709145055,2025.19178082192,CHIKV_RUN_S18b73_2025,55.474403,-21.310216
5791,2364,REU.4.5_1,REU.4.5_1,0.00310000364127716,0.608009649621288,0.604909645980011,2025.18868081828,2025.19178082192,CHIKV_RUN_S18b86_2025,55.617519,-21.383632
3820,3821,REU.4.5_1,REU.4.5_1,0.00566820450021632,0.608089398623229,0.602421194123013,2025.18619236642,2025.19186057092,NA,NA,NA
5974,5975,REU.4.3_1,REU.4.3_1,0.0219025067280711,0.608272169980233,0.586369663252162,2025.17014083555,2025.19204334228,NA,NA,NA
4181,4182,REU.2.3_1,REU.2.3_1,0.0208467418416782,0.60835692119894,0.587510179357261,2025.17128135165,2025.1921280935,NA,NA,NA
3727,3729,REU.2.3_1,REU.2.3_1,0.05555617029444,0.60844087813638,0.55288470784194,2025.13665588014,2025.19221205043,NA,NA,NA
4503,4504,REU.4.3_1,REU.4.3_1,0.042833842206278,0.608578799658193,0.565744957451915,2025.14951612975,2025.19234997195,NA,NA,NA
3632,3633,REU.2.3_1,REU.2.3_1,0.0349412317845128,0.608607689145765,0.573666457361252,2025.15743762966,2025.19237886144,NA,NA,NA
3930,3931,REU.4.8_1,REU.2.3_1,0.0978686686502362,0.608632536651479,0.510763868001243,2025.0945350403,2025.19240370895,NA,NA,NA
3548,3550,REU.4.8_1,REU.3.5_1,0.0662942920503948,0.608739817130883,0.542445525080488,2025.12621669738,2025.19251098943,NA,NA,NA
5595,5596,REU.4.5_1,REU.4.5_1,0.0478768672109864,0.608956650818868,0.561079783607882,2025.1448509559,2025.19272782312,NA,NA,NA
4781,4782,REU.2.3_1,REU.2.3_1,0.0235231835314054,0.609093578299911,0.585570394768505,2025.16934156706,2025.1928647506,NA,NA,NA
4460,4461,REU.4.3_1,REU.4.3_1,0.0225456971451743,0.609246882583818,0.586701185438643,2025.17047235774,2025.19301805488,NA,NA,NA
3760,3762,REU.4.5_1,REU.4.5_1,0.0445112451908153,0.60934164044441,0.564830395253595,2025.14860156755,2025.19311281274,NA,NA,NA
5311,5312,REU.4.4_1,REU.4.8_1,0.093286644058679,0.609445459261272,0.516158815202593,2025.0999299875,2025.19321663156,NA,NA,NA
4942,4943,REU.4.3_1,REU.4.3_1,0.0831783087102526,0.609482937960546,0.526304629250294,2025.11007580155,2025.19325411026,NA,NA,NA
4046,4050,REU.4.8_1,REU.4.8_1,0.0901816830535491,0.609555242977424,0.519373559923875,2025.10314473222,2025.19332641527,NA,NA,NA
5947,5949,REU.4.3_1,REU.4.3_1,0.00159299910256538,0.609593386283427,0.608000387180861,2025.19177155948,2025.19336455858,NA,NA,NA
4251,4252,REU.4.3_1,REU.4.3_1,0.00938182882292782,0.609665637539881,0.600283808716953,2025.18405498101,2025.19343680984,NA,NA,NA
4839,4840,REU.2.3_1,REU.2.4_1,0.0388450653479753,0.609759166657945,0.57091410130997,2025.15468527361,2025.19353033895,NA,NA,NA
6171,6172,REU.3.2_1,REU.3.2_1,0.0429931371218186,0.609776021755861,0.566782884634042,2025.15055405693,2025.19354719405,NA,NA,NA
6214,6215,REU.2.3_1,REU.2.3_1,0.0785663725570438,0.609820816852139,0.531254444295095,2025.11502561659,2025.19359198915,NA,NA,NA
6059,6060,REU.4.4_1,REU.4.4_1,0.0902277773511954,0.609919050068368,0.519691272717173,2025.10346244501,2025.19369022236,NA,NA,NA
5690,5691,REU.4.8_1,REU.3.4_1,0.0975803864702456,0.60996082649945,0.512380440029205,2025.09615161233,2025.1937319988,NA,NA,NA
4563,4564,REU.4.3_1,REU.4.8_1,0.0871253320793592,0.610020032206245,0.522894700126885,2025.10666587242,2025.1937912045,NA,NA,NA
4013,4014,REU.2.4_1,REU.2.4_1,0.00718207873424181,0.61017100704733,0.602988928313088,2025.18676010061,2025.19394217934,NA,NA,NA
5551,5552,REU.4.5_1,REU.4.5_1,0.00857325950003995,0.610195182171077,0.601621922671037,2025.18539309497,2025.19396635447,NA,NA,NA
3896,3897,REU.2.3_1,REU.2.3_1,0.0232758707647064,0.610195226863215,0.586919356098509,2025.1706905284,2025.19396639916,NA,NA,NA
4030,4031,REU.4.8_1,REU.4.8_1,0.0545939055121533,0.610326454996914,0.55573254948476,2025.13950372178,2025.19409762729,NA,NA,NA
5598,5599,REU.4.5_1,REU.4.5_1,0.0451013860735184,0.610623327517133,0.565521941443615,2025.14929311374,2025.19439449981,NA,NA,NA
4984,4985,REU.4.3_1,REU.3.5_1,0.0574409904873213,0.610669234441864,0.553228243954543,2025.13699941625,2025.19444040674,NA,NA,NA
3781,205,REU.4.5_1,REU.4.7_1,0.197686123345963,0.610749375648646,0.413063252302683,2024.9968344246,2025.19452054795,CHIKV_RUN_S28b10_2025,55.787996,-21.351312
5937,2609,REU.3.1_1,REU.4.6_1,0.144341528657359,0.610749375648646,0.466407846991286,2025.05017901929,2025.19452054795,CHIKV_RUN_S27b90_2025,55.416635,-21.273583
5938,2616,REU.3.1_1,REU.3.4_1,0.133885034586101,0.610749375648646,0.476864341062545,2025.06063551336,2025.19452054795,CHIKV_RUN_S19b49_2025,55.307329,-21.216247
4953,1691,REU.4.8_1,REU.4.8_1,0.118610249232689,0.610749375648646,0.492139126415957,2025.07591029871,2025.19452054795,CHIKV_RUN_S28b94_2025,55.476016,-21.310483
5491,2558,REU.4.3_1,REU.4.3_1,0.110288198592628,0.610749375648646,0.500461177056017,2025.08423234935,2025.19452054795,CHIKV_RUN_S27b79_2025,55.51426,-21.273119
5883,2268,REU.4.3_1,REU.4.2_1,0.11028388896728,0.610749375648646,0.500465486681365,2025.08423665898,2025.19452054795,CHIKV_RUN_S27b89_2025,55.467204,-21.248946
4526,389,REU.4.3_1,REU.4.3_1,0.0867525185533363,0.610749375648646,0.523996857095309,2025.10776802939,2025.19452054795,CHIKV_RUN_S19b88_2025,55.516991,-21.29559
4837,1367,REU.2.3_1,REU.2.4_1,0.0845759765272486,0.610749375648646,0.526173399121397,2025.10994457142,2025.19452054795,CHIKV_RUN_S19b47_2025,55.5589,-20.899424
5256,678,REU.4.3_1,REU.4.3_1,0.0819987733151144,0.610749375648646,0.528750602333531,2025.11252177463,2025.19452054795,CHIKV_RUN_S20b34_2025,55.517676,-21.237331
3677,2880,REU.2.3_1,REU.2.3_1,0.0790388864708793,0.610749375648646,0.531710489177766,2025.11548166147,2025.19452054795,CHIKV_RUN_S32b11_2025,55.438545,-20.918203
3511,2953,REU.3.4_1,REU.3.4_1,0.078171296901622,0.610749375648646,0.532578078747024,2025.11634925104,2025.19452054795,CHIKV_RUN_S29b07_2025,55.306494,-21.169285
3903,320,REU.4.3_1,REU.4.4_1,0.0757235891190774,0.610749375648646,0.535025786529568,2025.11879695883,2025.19452054795,CHIKV_RUN_S19b45_2025,55.562133,-21.352463
3764,179,REU.4.7_1,REU.4.7_1,0.0747582878281376,0.610749375648646,0.535991087820508,2025.11976226012,2025.19452054795,CHIKV_RUN_S19b51_2025,55.720654,-21.370892
6135,2670,REU.3.1_1,REU.3.4_1,0.0741427614455106,0.610749375648646,0.536606614203135,2025.1203777865,2025.19452054795,CHIKV_RUN_S27b86_2025,55.295778,-21.198431
5798,1875,REU.4.3_1,REU.4.3_1,0.0664297731352294,0.610749375648646,0.544319602513416,2025.12809077481,2025.19452054795,CHIKV_RUN_S28b13_2025,55.511427,-21.282575
6227,2001,REU.3.1_1,REU.3.1_1,0.0660233199304825,0.610749375648646,0.544726055718163,2025.12849722801,2025.19452054795,CHIKV_RUN_S19b46_2025,55.364173,-21.24993
3508,2939,REU.3.4_1,REU.3.4_1,0.0637612350661777,0.610749375648646,0.546988140582468,2025.13075931288,2025.19452054795,CHIKV_RUN_S27b92_2025,55.295784,-21.171432
3488,2950,REU.3.4_1,REU.3.4_1,0.0605501503787014,0.610749375648646,0.550199225269944,2025.13397039757,2025.19452054795,CHIKV_RUN_S29b14_2025,55.308324,-21.164939
3412,2228,REU.3.1_1,REU.3.2_1,0.0599466327252188,0.610749375648646,0.550802742923427,2025.13457391522,2025.19452054795,CHIKV_RUN_S29b04_2025,55.341644,-21.234903
5555,2065,REU.4.5_1,REU.4.2_1,0.0571164090548926,0.610749375648646,0.553632966593753,2025.13740413889,2025.19452054795,CHIKV_RUN_S20b35_2025,55.46646,-21.253315
4186,1438,REU.4.3_1,REU.4.3_1,0.0505787458943897,0.610749375648646,0.560170629754256,2025.14394180205,2025.19452054795,CHIKV_RUN_S29b10_2025,55.519942,-21.293275
3549,2338,REU.4.8_1,REU.4.2_1,0.0483065238097037,0.610749375648646,0.562442851838942,2025.14621402414,2025.19452054795,CHIKV_RUN_S29b01_2025,55.466067,-21.255356
3251,2728,REU.4.8_1,REU.1.2_1,0.0461185121718006,0.610749375648646,0.564630863476845,2025.14840203577,2025.19452054795,CHIKV_RUN_S19b57_2025,55.631428,-21.141252
3189,1824,REU.4.8_1,REU.4.8_1,0.0438437267603852,0.610749375648646,0.56690564888826,2025.15067682118,2025.19452054795,CHIKV_RUN_S27b91_2025,55.459526,-21.288009
5616,2063,REU.4.5_1,REU.4.5_1,0.0430983578368971,0.610749375648646,0.567651017811749,2025.15142219011,2025.19452054795,CHIKV_RUN_S27b87_2025,55.597508,-21.376015
3225,2784,REU.4.3_1,REU.4.3_1,0.0366798067819811,0.610749375648646,0.574069568866665,2025.15784074116,2025.19452054795,CHIKV_RUN_S18b66_2025,55.510876,-21.273771
6109,2300,REU.3.1_1,REU.3.1_1,0.0338544915790446,0.610749375648646,0.576894884069601,2025.16066605637,2025.19452054795,CHIKV_RUN_S27b78_2025,55.362551,-21.26155
3657,2861,REU.2.3_1,REU.2.3_1,0.0311858746672893,0.610749375648646,0.579563500981356,2025.16333467328,2025.19452054795,CHIKV_RUN_S19b52_2025,55.493743,-20.902481
6023,2511,REU.4.1_1,REU.4.1_1,0.0309930138870662,0.610749375648646,0.57975636176158,2025.16352753406,2025.19452054795,CHIKV_RUN_S19b89_2025,55.478192,-21.169782
4662,1115,REU.4.3_1,REU.1.2_1,0.022526036439169,0.610749375648646,0.588223339209477,2025.17199451151,2025.19452054795,CHIKV_RUN_S19b77_2025,55.627058,-21.134421
3209,1946,REU.4.8_1,REU.4.5_1,0.0223322884587629,0.610749375648646,0.588417087189883,2025.17218825949,2025.19452054795,CHIKV_RUN_S29b05_2025,55.649305,-21.380086
3537,2390,REU.2.2_1,REU.2.2_1,0.0219202322072709,0.610749375648646,0.588829143441375,2025.17260031574,2025.19452054795,CHIKV_RUN_S20b22_2025,55.302628,-20.939219
6040,3056,REU.3.2_1,REU.3.1_1,0.0207344789623185,0.610749375648646,0.590014896686327,2025.17378606898,2025.19452054795,CHIKV_RUN_S28b04_2025,55.355323,-21.260479
4197,288,REU.4.3_1,REU.4.3_1,0.0176590460721833,0.610749375648646,0.593090329576462,2025.17686150187,2025.19452054795,CHIKV_RUN_S20b11_2025,55.517789,-21.295793
5815,2627,REU.3.1_1,REU.3.2_1,0.0162983884021479,0.610749375648646,0.594450987246498,2025.17822215954,2025.19452054795,CHIKV_RUN_S29b11_2025,55.336193,-21.232995
4397,489,REU.4.3_1,REU.4.3_1,0.0156822351767212,0.610749375648646,0.595067140471925,2025.17883831277,2025.19452054795,CHIKV_RUN_S29b12_2025,55.521838,-21.286364
3917,1413,REU.4.3_1,REU.4.2_1,0.0149906788521309,0.610749375648646,0.595758696796515,2025.17952986909,2025.19452054795,CHIKV_RUN_S27b82_2025,55.50081,-21.235022
5323,1174,REU.4.8_1,REU.4.8_1,0.0130655397733641,0.610749375648646,0.597683835875282,2025.18145500817,2025.19452054795,CHIKV_RUN_S19b40_2025,55.521678,-21.356251
3693,2651,REU.1.4_1,REU.1.4_1,0.0124755580023147,0.610749375648646,0.598273817646331,2025.18204498994,2025.19452054795,CHIKV_RUN_S19b71_2025,55.685249,-21.050381
3918,1399,REU.4.3_1,REU.4.4_1,0.0120344703883589,0.610749375648646,0.598714905260287,2025.18248607756,2025.19452054795,CHIKV_RUN_S36b52_2025,55.543785,-21.337061
3184,2825,REU.4.8_1,REU.1.3_1,0.00702793588134121,0.610749375648646,0.603721439767305,2025.18749261206,2025.19452054795,CHIKV_RUN_S19b42_2025,55.647533,-20.932677
4927,1304,REU.4.8_1,REU.4.8_1,0.00653703365896474,0.610749375648646,0.604212341989681,2025.18798351429,2025.19452054795,CHIKV_RUN_S29b06_2025,55.46405,-21.275017
4471,532,REU.4.3_1,REU.4.3_1,0.00437884559004209,0.610749375648646,0.606370530058604,2025.19014170236,2025.19452054795,CHIKV_RUN_S27b81_2025,55.524857,-21.293715
3862,1666,REU.4.8_1,REU.4.4_1,0.00303819703879005,0.610749375648646,0.607711178609856,2025.19148235091,2025.19452054795,CHIKV_RUN_S18b68_2025,55.560977,-21.337237
4588,4590,REU.4.3_1,REU.4.3_1,0.0136307922501956,0.610830464797694,0.597199672547499,2025.18097084484,2025.19460163709,NA,NA,NA
5026,5027,REU.2.3_1,REU.2.3_1,0.0395246082236562,0.611066536188222,0.571541927964565,2025.15531310026,2025.19483770848,NA,NA,NA
3458,3459,REU.4.3_1,REU.4.3_1,0.0095331785378101,0.611197554540925,0.601664376003114,2025.1854355483,2025.19496872684,NA,NA,NA
3564,3565,REU.3.5_1,REU.2.3_1,0.0487989495343806,0.611236356405107,0.562437406870727,2025.14620857917,2025.1950075287,NA,NA,NA
5947,5948,REU.4.3_1,REU.4.3_1,0.00331309758738241,0.611313484768244,0.608000387180861,2025.19177155948,2025.19508465706,NA,NA,NA
3465,3467,REU.3.4_1,REU.3.4_1,0.0881609056105322,0.611367846624788,0.523206941014255,2025.10697811331,2025.19513901892,NA,NA,NA
3755,3756,REU.4.7_1,REU.4.7_1,0.104079212258602,0.61138918921122,0.507309976952618,2025.09108114925,2025.19516036151,NA,NA,NA
5515,5516,REU.4.8_1,REU.4.8_1,0.0575127801885879,0.611420077307249,0.553907297118661,2025.13767846942,2025.1951912496,NA,NA,NA
4764,4765,REU.4.8_1,REU.4.8_1,0.0267197093152604,0.611448172229598,0.584728462914338,2025.16849963521,2025.19521934453,NA,NA,NA
4293,4294,REU.4.3_1,REU.4.8_1,0.0841405143193362,0.611469877492251,0.527329363172915,2025.11110053547,2025.19524104979,NA,NA,NA
5187,5188,REU.4.6_1,REU.4.6_1,0.0111307868981795,0.611509723105779,0.6003789362076,2025.1841501085,2025.1952808954,NA,NA,NA
4697,4698,REU.4.3_1,REU.1.4_1,0.0812717859511818,0.611779984849984,0.530508198898803,2025.1142793712,2025.19555115715,NA,NA,NA
4800,4801,REU.4.3_1,REU.4.3_1,0.0340657785121344,0.611785415390602,0.577719636878468,2025.16149080917,2025.19555658769,NA,NA,NA
5129,5134,REU.4.3_1,REU.4.8_1,0.0609842773514535,0.611880678608675,0.550896401257222,2025.13466757355,2025.1956518509,NA,NA,NA
4699,4700,REU.4.3_1,REU.4.5_1,0.0209690161449363,0.611922588863991,0.590953572719055,2025.17472474502,2025.19569376116,NA,NA,NA
6180,6181,REU.3.5_1,REU.3.5_1,0.0447119710731665,0.61221616832055,0.567504197247383,2025.15127536954,2025.19598734062,NA,NA,NA
6137,6138,REU.3.1_1,REU.4.3_1,0.0336685581837199,0.612276127782323,0.578607569598603,2025.1623787419,2025.19604730008,NA,NA,NA
5650,5652,REU.4.6_1,REU.4.6_1,0.0236210837325415,0.612359398090764,0.588738314358223,2025.17250948665,2025.19613057039,NA,NA,NA
4084,4085,REU.3.5_1,REU.3.5_1,0.0809461141416414,0.612547300756439,0.531601186614798,2025.11537235891,2025.19631847305,NA,NA,NA
3844,3845,REU.4.3_1,REU.4.8_1,0.141153659705647,0.612613327969903,0.471459668264257,2025.05523084056,2025.19638450027,NA,NA,NA
3407,3408,REU.4.8_1,REU.4.8_1,0.0190612249531232,0.612634398019711,0.593573173066588,2025.17734434536,2025.19640557032,NA,NA,NA
4427,4435,REU.4.3_1,REU.4.3_1,0.0681696169474909,0.612668879577311,0.54449926262982,2025.12827043493,2025.19644005187,NA,NA,NA
4450,4452,REU.4.8_1,REU.3.4_1,0.0353767476321275,0.612703941855372,0.577327194223245,2025.16109836652,2025.19647511415,NA,NA,NA
5036,5037,REU.4.3_1,REU.4.8_1,0.0757266012557588,0.6128171450552,0.537090543799441,2025.1208617161,2025.19658831735,NA,NA,NA
3685,3686,REU.2.3_1,REU.2.4_1,0.0655125053691499,0.612910889883534,0.547398384514384,2025.13116955681,2025.19668206218,NA,NA,NA
5601,5602,REU.4.5_1,REU.4.5_1,0.0443470250688685,0.612953151226712,0.568606126157844,2025.15237729845,2025.19672432352,NA,NA,NA
3945,3946,REU.4.3_1,REU.4.3_1,0.121857981811726,0.612990175757072,0.491132193945346,2025.07490336624,2025.19676134805,NA,NA,NA
5588,5589,REU.4.5_1,REU.4.5_1,0.154256463771354,0.613012024198281,0.458755560426927,2025.04252673272,2025.19678319649,NA,NA,NA
5111,5112,REU.4.3_1,REU.2.3_1,0.0824593669875644,0.613398037753732,0.530938670766168,2025.11470984306,2025.19716921005,NA,NA,NA
5955,1955,REU.3.1_1,REU.1.3_1,0.316401820967685,0.61348910167623,0.297087280708545,2024.880858453,2025.19726027397,CHIKV_RUN_S19b75_2025,55.619233,-20.956399
5861,2154,REU.4.6_1,REU.4.6_1,0.180482447837632,0.61348910167623,0.433006653838599,2025.01677782614,2025.19726027397,CHIKV_RUN_S20b28_2025,55.431827,-21.24552
3299,2008,REU.3.1_1,REU.4.2_1,0.172944666940937,0.61348910167623,0.440544434735293,2025.02431560703,2025.19726027397,CHIKV_RUN_S19b87_2025,55.468504,-21.24505
3866,347,REU.4.3_1,REU.1.4_1,0.14368920494014,0.61348910167623,0.46979989673609,2025.05357106903,2025.19726027397,CHIKV_RUN_S19b78_2025,55.697947,-21.032141
4087,1623,REU.3.5_1,REU.3.5_1,0.100692999772246,0.61348910167623,0.512796101903985,2025.0965672742,2025.19726027397,CHIKV_RUN_S22b06_2025,55.272076,-21.029578
3375,2766,REU.4.3_1,REU.4.2_1,0.0993862219972348,0.61348910167623,0.514102879678996,2025.09787405198,2025.19726027397,CHIKV_RUN_S19b92_2025,55.473528,-21.250753
3960,1763,REU.4.3_1,REU.4.3_1,0.0939178706540305,0.61348910167623,0.5195712310222,2025.10334240332,2025.19726027397,CHIKV_RUN_S29b02_2025,55.51602,-21.29526
4515,517,REU.4.3_1,REU.4.4_1,0.090170232427246,0.61348910167623,0.523318869248985,2025.10709004155,2025.19726027397,CHIKV_RUN_S19b64_2025,55.565613,-21.360891
3490,2962,REU.3.4_1,REU.4.3_1,0.0815907916711217,0.61348910167623,0.531898310005109,2025.1156694823,2025.19726027397,CHIKV_RUN_S36b80_2025,55.557863,-21.22154
5299,1273,REU.4.4_1,REU.1.5_1,0.0801836989615246,0.61348910167623,0.533305402714706,2025.11707657501,2025.19726027397,CHIKV_RUN_S19b80_2025,55.821351,-21.148572
3224,2780,REU.4.3_1,REU.4.3_1,0.0748857536623324,0.61348910167623,0.538603348013898,2025.12237452031,2025.19726027397,CHIKV_RUN_S19b82_2025,55.581068,-21.201849
4177,893,REU.2.3_1,REU.2.3_1,0.0605728789262342,0.61348910167623,0.552916222749996,2025.13668739505,2025.19726027397,CHIKV_RUN_S20b38_2025,55.423079,-20.87676
6047,1809,REU.2.3_1,REU.2.3_1,0.0601842012536442,0.61348910167623,0.553304900422586,2025.13707607272,2025.19726027397,CHIKV_RUN_S29b13_2025,55.485603,-20.893484
4139,110,REU.4.3_1,REU.4.3_1,0.0551413405636506,0.613489101676231,0.55834776111258,2025.14211893341,2025.19726027397,CHIKV_RUN_S20b05_2025,55.515803,-21.295734
5649,3095,REU.4.6_1,REU.4.6_1,0.0441301934052325,0.61348910167623,0.569358908270998,2025.15313008057,2025.19726027397,CHIKV_RUN_S19b74_2025,55.415033,-21.26939
4106,1713,REU.2.5_1,REU.2.5_1,0.043896686540795,0.61348910167623,0.569592415135435,2025.15336358743,2025.19726027397,CHIKV_RUN_S27b93_2025,55.605959,-20.904676
4408,387,REU.2.3_1,REU.1.1_1,0.0429454315508265,0.61348910167623,0.570543670125404,2025.15431484242,2025.19726027397,CHIKV_RUN_S19b63_2025,55.682519,-20.998617
4455,534,REU.4.3_1,REU.3.5_1,0.0403511289415528,0.61348910167623,0.573137972734678,2025.15690914503,2025.19726027397,CHIKV_RUN_S28b12_2025,55.267558,-21.013211
4023,964,REU.2.1_1,REU.2.1_1,0.0398232412132724,0.61348910167623,0.573665860462958,2025.15743703276,2025.19726027397,CHIKV_RUN_S20b90_2025,55.331182,-20.952532
4842,1371,REU.2.3_1,REU.1.1_1,0.0385845685764094,0.61348910167623,0.574904533099821,2025.1586757054,2025.19726027397,CHIKV_RUN_S19b53_2025,55.655827,-20.977547
5852,2333,REU.3.1_1,REU.3.2_1,0.0378640309143629,0.61348910167623,0.575625070761868,2025.15939624306,2025.19726027397,CHIKV_RUN_S20b03_2025,55.335638,-21.235998
4779,126,REU.2.3_1,REU.3.5_1,0.0362132841781949,0.61348910167623,0.577275817498036,2025.16104698979,2025.19726027397,CHIKV_RUN_S20b36_2025,55.270344,-21.069224
4330,1725,REU.3.5_1,REU.3.5_1,0.0356157486891016,0.61348910167623,0.577873352987129,2025.16164452528,2025.19726027397,CHIKV_RUN_S20b19_2025,55.269553,-21.101379
4010,957,REU.3.5_1,REU.3.5_1,0.033076769507559,0.61348910167623,0.580412332168671,2025.16418350447,2025.19726027397,CHIKV_RUN_S28b07_2025,55.272533,-21.023493
6013,2525,REU.4.1_1,REU.4.1_1,0.0316463595623223,0.613489101676231,0.581842742113908,2025.16561391441,2025.19726027397,CHIKV_RUN_S20b31_2025,55.467884,-21.146662
5448,613,REU.2.3_1,REU.3.5_1,0.0312508120412787,0.61348910167623,0.582238289634952,2025.16600946193,2025.19726027397,CHIKV_RUN_S20b32_2025,55.29306,-21.03516
5885,2257,REU.4.8_1,REU.4.8_1,0.0279709945928106,0.61348910167623,0.58551810708342,2025.16928927938,2025.19726027397,CHIKV_RUN_S19b73_2025,55.534789,-21.314946
5038,722,REU.4.3_1,REU.4.3_1,0.02321595554307,0.61348910167623,0.59027314613316,2025.17404431843,2025.19726027397,CHIKV_RUN_S20b17_2025,55.508697,-21.283779
5051,660,REU.4.8_1,REU.4.8_1,0.0201775548477632,0.61348910167623,0.593311546828467,2025.17708271912,2025.19726027397,CHIKV_RUN_S20b29_2025,55.461845,-21.295303
3297,1800,REU.3.4_1,REU.3.4_1,0.020009286665901,0.61348910167623,0.59347981501033,2025.17725098731,2025.19726027397,CHIKV_RUN_S19b81_2025,55.319437,-21.213998
4859,1329,REU.3.5_1,REU.3.5_1,0.0157424744894277,0.61348910167623,0.597746627186803,2025.18151779948,2025.19726027397,CHIKV_RUN_S19b94_2025,55.25298,-21.042346
4859,1326,REU.3.5_1,REU.2.3_1,0.0157424744894277,0.61348910167623,0.597746627186803,2025.18151779948,2025.19726027397,CHIKV_RUN_S29b09_2025,55.485603,-20.893484
5764,1967,REU.2.3_1,REU.4.4_1,0.0153768233392865,0.613489101676231,0.598112278336944,2025.18188345063,2025.19726027397,CHIKV_RUN_S20b95_2025,55.567608,-21.357211
4414,369,REU.4.5_1,REU.4.5_1,0.0152305994007608,0.61348910167623,0.59825850227547,2025.18202967457,2025.19726027397,CHIKV_RUN_S20b37_2025,55.644412,-21.379083
3807,222,REU.4.5_1,REU.4.7_1,0.0149869721724843,0.61348910167623,0.598502129503746,2025.1822733018,2025.19726027397,CHIKV_RUN_S19b86_2025,55.764023,-21.360531
4066,1389,REU.4.3_1,REU.3.5_1,0.0142270391339578,0.61348910167623,0.599262062542273,2025.18303323484,2025.19726027397,CHIKV_RUN_S28b08_2025,55.228101,-21.063277
3726,2436,REU.3.4_1,REU.3.4_1,0.0104500586070709,0.613489101676231,0.60303904306916,2025.18681021537,2025.19726027397,CHIKV_RUN_S22b08_2025,55.306352,-21.170628
4157,879,REU.4.3_1,REU.2.3_1,0.00978083282214881,0.61348910167623,0.603708268854082,2025.18747944115,2025.19726027397,CHIKV_RUN_S19b95_2025,55.427046,-20.876761
4927,917,REU.4.8_1,REU.3.5_1,0.00927675968654951,0.61348910167623,0.604212341989681,2025.18798351429,2025.19726027397,CHIKV_RUN_S20b87_2025,55.273404,-21.026997
4392,402,REU.1.4_1,REU.1.4_1,0.00758832219334304,0.61348910167623,0.605900779482887,2025.18967195178,2025.19726027397,CHIKV_RUN_S19b67_2025,55.672176,-21.04822
3355,2692,REU.3.5_1,REU.3.5_1,0.00728434594925276,0.61348910167623,0.606204755726978,2025.18997592802,2025.19726027397,CHIKV_RUN_S20b94_2025,55.299916,-20.976778
3981,1156,REU.1.3_1,REU.1.3_1,0.00689327599903333,0.61348910167623,0.606595825677197,2025.19036699797,2025.19726027397,CHIKV_RUN_S28b93_2025,55.672793,-20.966915
4590,439,REU.4.3_1,REU.4.2_1,0.00265863687853618,0.61348910167623,0.610830464797694,2025.19460163709,2025.19726027397,CHIKV_RUN_S20b18_2025,55.466556,-21.243784
3756,178,REU.4.7_1,REU.4.7_1,0.00209991246501029,0.61348910167623,0.61138918921122,2025.19516036151,2025.19726027397,CHIKV_RUN_S20b04_2025,55.719455,-21.371287
3999,4000,REU.3.5_1,REU.3.5_1,0.0704970665697989,0.613512904049406,0.543015837479607,2025.12678700978,2025.19728407635,NA,NA,NA
5580,5581,REU.4.5_1,REU.4.5_1,0.0394709057865488,0.613758771040547,0.574287865253999,2025.15805903755,2025.19752994334,NA,NA,NA
5237,5238,REU.4.3_1,REU.4.3_1,0.0467439058766485,0.613780367828995,0.567036461952347,2025.15080763425,2025.19755154013,NA,NA,NA
4107,4108,REU.2.5_1,REU.2.3_1,0.0248054528955575,0.613873674032866,0.589068221137308,2025.17283939343,2025.19764484633,NA,NA,NA
3362,3363,REU.4.8_1,REU.4.8_1,0.0472588045087853,0.613988071582598,0.566729267073813,2025.15050043937,2025.19775924388,NA,NA,NA
4588,4589,REU.4.3_1,REU.4.3_1,0.0168078132553807,0.61400748580288,0.597199672547499,2025.18097084484,2025.1977786581,NA,NA,NA
4483,4485,REU.4.8_1,REU.3.4_1,0.052544179340331,0.614032550540248,0.561488371199917,2025.1452595435,2025.19780372284,NA,NA,NA
3740,3741,REU.3.4_1,REU.3.4_1,0.112118090988243,0.614065224487091,0.501947133498848,2025.0857183058,2025.19783639678,NA,NA,NA
5023,5024,REU.3.3_1,REU.3.3_1,0.00727266333991039,0.614480909279636,0.607208245939726,2025.19097941824,2025.19825208158,NA,NA,NA
3304,3305,REU.2.5_1,REU.2.3_1,0.0446211676881483,0.614672917590575,0.570051749902427,2025.1538229222,2025.19844408989,NA,NA,NA
3413,3414,REU.3.1_1,REU.4.3_1,0.0595176568395007,0.614699408292705,0.555181751453204,2025.13895292375,2025.19847058059,NA,NA,NA
5741,5743,REU.3.1_1,REU.3.1_1,0.0461690423277938,0.614717064494598,0.568548022166804,2025.15231919446,2025.19848823679,NA,NA,NA
3528,3529,REU.2.3_1,REU.2.3_1,0.04153329546321,0.614741525007704,0.573208229544494,2025.15697940184,2025.1985126973,NA,NA,NA
6051,6052,REU.3.1_1,REU.2.3_1,0.0485606027051373,0.614764330169715,0.566203727464577,2025.14997489976,2025.19853550247,NA,NA,NA
3677,3678,REU.2.3_1,REU.2.3_1,0.0830789213256146,0.614789410503381,0.531710489177766,2025.11548166147,2025.1985605828,NA,NA,NA
5540,5541,REU.4.5_1,REU.4.5_1,0.0466355641066643,0.614790444465851,0.568154880359187,2025.15192605266,2025.19856161676,NA,NA,NA
3628,3629,REU.2.3_1,REU.2.3_1,0.0822844306626179,0.615056830789743,0.532772400127125,2025.11654357242,2025.19882800309,NA,NA,NA
3775,3776,REU.4.5_1,REU.4.5_1,0.0382798946944012,0.615298332703916,0.577018438009515,2025.16078961031,2025.199069505,NA,NA,NA
5166,5167,REU.2.3_1,REU.2.3_1,0.0152341582132665,0.615379316008578,0.600145157795311,2025.18391633009,2025.1991504883,NA,NA,NA
5120,5121,REU.4.3_1,REU.4.8_1,0.0184261044921867,0.615418988640106,0.596992884147919,2025.18076405644,2025.19919016094,NA,NA,NA
5933,5934,REU.4.5_1,REU.2.3_1,0.0391227247836896,0.615609760146622,0.576487035362933,2025.16025820766,2025.19938093244,NA,NA,NA
5306,5307,REU.4.4_1,REU.4.3_1,0.066920309622453,0.615653651572329,0.548733341949876,2025.13250451425,2025.19942482387,NA,NA,NA
4922,4923,REU.4.3_1,REU.2.3_1,0.0828139597265446,0.615686160120546,0.532872200394001,2025.11664337269,2025.19945733242,NA,NA,NA
5325,5326,REU.4.5_1,REU.4.5_1,0.0420856407414778,0.615709343124862,0.573623702383384,2025.15739487468,2025.19948051542,NA,NA,NA
3803,3804,REU.4.5_1,REU.4.5_1,0.0188323405560354,0.615743291327066,0.596910950771031,2025.18068212307,2025.19951446362,NA,NA,NA
3178,3179,REU.2.3_1,REU.2.3_1,0.0137185875440543,0.615872786687396,0.602154199143341,2025.18592537144,2025.19964395898,NA,NA,NA
4232,1524,REU.4.3_1,REU.1.1_1,0.114145714882337,0.616228827703588,0.502083112821251,2025.08585428512,2025.2,CHIKV_RUN_S20b73_2025,55.643354,-20.980309
4335,1587,REU.4.8_1,REU.4.8_1,0.10878883576122,0.616228827703588,0.507439991942368,2025.09121116424,2025.2,CHIKV_RUN_S20b23_2025,55.457023,-21.296888
3165,2828,REU.4.8_1,REU.2.5_1,0.0937813068150765,0.616228827703588,0.522447520888511,2025.10621869318,2025.2,CHIKV_RUN_S19b68_2025,55.582725,-20.929146
3141,2743,REU.4.8_1,REU.4.8_1,0.0908130140889505,0.616228827703588,0.525415813614637,2025.10918698591,2025.2,CHIKV_RUN_S20b13_2025,55.461679,-21.292518
5072,708,REU.2.3_1,REU.1.3_1,0.0767496922531725,0.616228827703588,0.539479135450415,2025.12325030775,2025.2,CHIKV_RUN_S19b66_2025,55.689055,-20.960639
4203,909,REU.3.5_1,REU.3.5_1,0.0743102804778968,0.616228827703588,0.541918547225691,2025.12568971952,2025.2,CHIKV_RUN_S19b61_2025,55.300808,-21.035281
5914,2244,REU.4.3_1,REU.4.8_1,0.0710289761133918,0.616228827703588,0.545199851590196,2025.12897102389,2025.2,CHIKV_RUN_S20b07_2025,55.533492,-21.315633
3716,2671,REU.4.6_1,REU.4.6_1,0.0667371196621209,0.616228827703588,0.549491708041467,2025.13326288034,2025.2,CHIKV_RUN_S20b21_2025,55.435536,-21.257653
5894,2269,REU.4.6_1,REU.4.3_1,0.0482338231661164,0.616228827703588,0.567995004537472,2025.15176617683,2025.2,CHIKV_RUN_S19b91_2025,55.516227,-21.284258
4850,1378,REU.2.4_1,REU.2.4_1,0.0425725023792257,0.616228827703588,0.573656325324362,2025.15742749762,2025.2,CHIKV_RUN_S20b27_2025,55.5589,-20.899424
5718,1933,REU.3.4_1,REU.3.2_1,0.0306192960956262,0.616228827703588,0.585609531607962,2025.1693807039,2025.2,CHIKV_RUN_S20b12_2025,55.337829,-21.236051
4489,560,REU.4.3_1,REU.4.3_1,0.0264133048958987,0.616228827703588,0.589815522807689,2025.1735866951,2025.2,CHIKV_RUN_S20b30_2025,55.503677,-21.265174
4348,874,REU.4.4_1,REU.4.4_1,0.0254818592276671,0.616228827703588,0.590746968475921,2025.17451814077,2025.2,CHIKV_RUN_S20b16_2025,55.568332,-21.350095
3338,2580,REU.3.1_1,REU.3.2_1,0.0204535086475393,0.616228827703588,0.595775319056049,2025.17954649135,2025.2,CHIKV_RUN_S20b14_2025,55.344688,-21.249764
3557,2453,REU.3.4_1,REU.3.4_1,0.0194551527040997,0.616228827703588,0.596773674999488,2025.1805448473,2025.2,CHIKV_RUN_S19b60_2025,55.325669,-21.227271
5551,2051,REU.4.5_1,REU.4.5_1,0.0146069050325509,0.616228827703588,0.601621922671037,2025.18539309497,2025.2,CHIKV_RUN_S20b06_2025,55.599932,-21.377836
5777,2184,REU.4.8_1,REU.4.8_1,0.0129291475096381,0.616228827703588,0.60329968019395,2025.18707085249,2025.2,CHIKV_RUN_S20b20_2025,55.476655,-21.339972
4060,1476,REU.4.8_1,REU.1.4_1,0.00945113482304338,0.616228827703588,0.606777692880545,2025.19054886518,2025.2,CHIKV_RUN_S19b65_2025,55.715283,-21.049538
3729,2425,REU.2.3_1,REU.2.3_1,0.00778794956720774,0.616228827703588,0.60844087813638,2025.19221205043,2025.2,CHIKV_RUN_S20b25_2025,55.473705,-20.891769
6172,18,REU.3.2_1,REU.3.2_1,0.00645280594772701,0.616228827703588,0.609776021755861,2025.19354719405,2025.2,CHIKV_RUN_S20b33_2025,55.339341,-21.247299
3363,2324,REU.4.8_1,REU.4.8_1,0.0022407561209894,0.616228827703588,0.613988071582598,2025.19775924388,2025.2,CHIKV_RUN_S20b62_2025,55.473625,-21.334544
5994,5995,REU.4.8_1,REU.4.8_1,0.01413160439237,0.616445618628922,0.602314014236552,2025.18608518653,2025.20021679093,NA,NA,NA
4395,4396,REU.4.3_1,REU.4.3_1,0.0992347918711907,0.616456188799215,0.517221396928025,2025.10099256922,2025.2002273611,NA,NA,NA
6177,6178,REU.3.5_1,REU.3.5_1,0.0101123199805815,0.616469683885672,0.60635736390509,2025.1901285362,2025.20024085618,NA,NA,NA
3875,3876,REU.2.3_1,REU.2.3_1,0.0427909492582474,0.616484190101811,0.573693240843564,2025.15746441314,2025.2002553624,NA,NA,NA
5049,5050,REU.4.3_1,REU.4.3_1,0.063668664958772,0.616499291434593,0.552830626475821,2025.13660179877,2025.20027046373,NA,NA,NA
3557,3558,REU.3.4_1,REU.3.4_1,0.0197715318391554,0.616545206838644,0.596773674999488,2025.1805448473,2025.20031637914,NA,NA,NA
4913,4914,REU.3.5_1,REU.3.5_1,0.0346591833688905,0.616579310642071,0.58192012727318,2025.16569129957,2025.20035048294,NA,NA,NA
5327,5328,REU.4.4_1,REU.4.4_1,0.0268804466943152,0.616709739679476,0.589829292985161,2025.17360046528,2025.20048091198,NA,NA,NA
5573,5574,REU.4.5_1,REU.4.5_1,0.107023607175659,0.616932878493249,0.509909271317591,2025.09368044361,2025.20070405079,NA,NA,NA
5919,5920,REU.4.3_1,REU.4.3_1,0.0825895638004278,0.617142708104533,0.534553144304105,2025.1183243166,2025.2009138804,NA,NA,NA
5995,5996,REU.4.8_1,REU.4.8_1,0.000741698667231061,0.617187317296153,0.616445618628922,2025.20021679093,2025.20095848959,NA,NA,NA
3456,3457,REU.3.4_1,REU.4.6_1,0.0714010373535355,0.617316536852658,0.545915499499123,2025.1296866718,2025.20108770915,NA,NA,NA
5404,5405,REU.2.3_1,REU.2.3_1,0.0155655360173778,0.617358091447127,0.601792555429749,2025.18556372773,2025.20112926374,NA,NA,NA
4164,4171,REU.4.3_1,REU.4.3_1,0.0925749441979065,0.617387202197003,0.524812257999096,2025.1085834303,2025.20115837449,NA,NA,NA
5560,5561,REU.4.5_1,REU.4.8_1,0.120911222651402,0.617396285377038,0.496485062725636,2025.08025623502,2025.20116745767,NA,NA,NA
4771,4772,REU.3.5_1,REU.3.5_1,0.0629204372920995,0.617694483091286,0.554774045799186,2025.1385452181,2025.20146565539,NA,NA,NA
3634,3635,REU.2.3_1,REU.2.3_1,0.0103011490425753,0.618118373808233,0.607817224765658,2025.19158839706,2025.2018895461,NA,NA,NA
4569,4570,REU.4.3_1,REU.2.3_1,0.193106643672795,0.618261988544354,0.425155344871558,2025.00892651717,2025.20203316084,NA,NA,NA
4936,4937,REU.4.3_1,REU.2.3_1,0.090352053064385,0.618338985941046,0.527986932876661,2025.11175810517,2025.20211015824,NA,NA,NA
4672,4673,REU.3.5_1,REU.4.8_1,0.116324855277396,0.618449856346656,0.50212500106926,2025.08589617337,2025.20222102864,NA,NA,NA
3876,3878,REU.2.3_1,REU.2.3_1,0.00202833636128741,0.618512526463098,0.616484190101811,2025.2002553624,2025.20228369876,NA,NA,NA
4699,4701,REU.4.3_1,REU.4.3_1,0.0278424212005248,0.61879599391958,0.590953572719055,2025.17472474502,2025.20256716622,NA,NA,NA
4617,4618,REU.4.3_1,REU.2.3_1,0.168383011242764,0.618843037204474,0.450460025961709,2025.03423119826,2025.2026142095,NA,NA,NA
4090,4091,REU.3.5_1,REU.3.5_1,0.0477326175060089,0.61884424813771,0.571111630631701,2025.15488280293,2025.20261542043,NA,NA,NA
5931,5932,REU.2.3_1,REU.2.3_1,0.0457576500934982,0.618891540851472,0.573133890757974,2025.15690506305,2025.20266271315,NA,NA,NA
3963,1162,REU.4.3_1,REU.3.5_1,0.134529049969892,0.618968553730945,0.484439503761054,2025.06821067606,2025.20273972603,CHIKV_RUN_S22b12_2025,55.270787,-21.026406
4385,464,REU.4.3_1,REU.4.8_1,0.132209908987717,0.618968553730945,0.486758644743228,2025.07052981704,2025.20273972603,CHIKV_RUN_S21b92_2025,55.490388,-21.305859
4646,1124,REU.4.3_1,REU.4.3_1,0.0964316262713676,0.618968553730945,0.522536927459578,2025.10630809976,2025.20273972603,CHIKV_RUN_S22b09_2025,55.537784,-21.258087
5226,815,REU.4.3_1,REU.4.3_1,0.086320136653461,0.618968553730945,0.532648417077484,2025.11641958937,2025.20273972603,CHIKV_RUN_S21b93_2025,55.519407,-21.267386
3320,1991,REU.2.5_1,REU.1.3_1,0.0798381729381227,0.618968553730945,0.539130380792823,2025.12290155309,2025.20273972603,CHIKV_RUN_S20b58_2025,55.654996,-20.932423
3276,2695,REU.3.1_1,REU.4.3_1,0.0691370835095844,0.618968553730945,0.549831470221361,2025.13360264252,2025.20273972603,CHIKV_RUN_S21b85_2025,55.517795,-21.254732
6082,2707,REU.4.2_1,REU.4.2_1,0.0656659802222423,0.618968553730945,0.553302573508703,2025.1370737458,2025.20273972603,CHIKV_RUN_S20b24_2025,55.479106,-21.2451
6092,1908,REU.3.1_1,REU.3.1_1,0.0649954915376296,0.618968553730945,0.553973062193316,2025.13774423449,2025.20273972603,CHIKV_RUN_S21b91_2025,55.336441,-21.272893
4632,1078,REU.4.3_1,REU.3.5_1,0.0635505422489524,0.618968553730945,0.555418011481993,2025.13918918378,2025.20273972603,CHIKV_RUN_S19b54_2025,55.271574,-21.026973
4127,627,REU.4.3_1,REU.3.5_1,0.0630773697018657,0.618968553730945,0.55589118402908,2025.13966235633,2025.20273972603,CHIKV_RUN_S22b07_2025,55.324686,-20.985262
3335,2577,REU.3.1_1,REU.4.6_1,0.055078422382752,0.618968553730945,0.563890131348193,2025.14766130364,2025.20273972603,CHIKV_RUN_S20b85_2025,55.435536,-21.257653
4133,1299,REU.3.5_1,REU.3.5_1,0.0398882067352564,0.618968553730945,0.579080346995689,2025.16285151929,2025.20273972603,CHIKV_RUN_S19b56_2025,55.290102,-21.021219
3259,3052,REU.4.6_1,REU.4.6_1,0.0321692259957601,0.618968553730945,0.586799327735185,2025.17057050003,2025.20273972603,CHIKV_RUN_S21b82_2025,55.432997,-21.248315
4402,482,REU.2.3_1,REU.2.1_1,0.0198567072893251,0.618968553730945,0.59911184644162,2025.18288301874,2025.20273972603,CHIKV_RUN_S19b58_2025,55.4112566163266,-21.04474661488
5900,2243,REU.4.8_1,REU.4.8_1,0.0198221675979795,0.618968553730945,0.599146386132966,2025.18291755843,2025.20273972603,CHIKV_RUN_S21b81_2025,55.534554,-21.315623
3184,2821,REU.4.8_1,REU.4.8_1,0.0152471139636408,0.618968553730945,0.603721439767305,2025.18749261206,2025.20273972603,CHIKV_RUN_S21b90_2025,55.519889,-21.357469
3946,1734,REU.4.3_1,REU.4.3_1,0.00597837797387302,0.618968553730945,0.612990175757072,2025.19676134805,2025.20273972603,CHIKV_RUN_S20b86_2025,55.520744,-21.268097
3324,3325,REU.4.8_1,REU.4.8_1,0.193280949360726,0.619135559052614,0.425854609691888,2025.00962578199,2025.20290673135,NA,NA,NA
5702,5703,REU.4.8_1,REU.4.3_1,0.133224435490637,0.619219212838876,0.485994777348239,2025.06976594964,2025.20299038514,NA,NA,NA
4408,4409,REU.2.3_1,REU.2.3_1,0.0489820215000983,0.619525691625502,0.570543670125404,2025.15431484242,2025.20329686392,NA,NA,NA
3976,3977,REU.2.3_1,REU.2.3_1,0.0419457267681514,0.619532682082314,0.577586955314163,2025.16135812761,2025.20330385438,NA,NA,NA
5136,5137,REU.4.3_1,REU.1.3_1,0.150257348108201,0.619541481593915,0.469284133485714,2025.05305530578,2025.20331265389,NA,NA,NA
3650,3652,REU.2.3_1,REU.2.3_1,0.105267365495782,0.619632090850761,0.514364725354979,2025.09813589765,2025.20340326315,NA,NA,NA
3209,3210,REU.4.8_1,REU.4.8_1,0.0313843829053803,0.619801470095263,0.588417087189883,2025.17218825949,2025.20357264239,NA,NA,NA
3649,3653,REU.2.3_1,REU.2.3_1,0.1095468027879,0.619957916287753,0.510411113499854,2025.0941822858,2025.20372908858,NA,NA,NA
3227,3228,REU.4.3_1,REU.4.3_1,0.0134712581703793,0.620015609245857,0.606544351075477,2025.19031552337,2025.20378678154,NA,NA,NA
4428,4429,REU.4.5_1,REU.4.5_1,0.0368885688485852,0.620025262201017,0.583136693352432,2025.16690786565,2025.2037964345,NA,NA,NA
3571,3572,REU.3.4_1,REU.3.5_1,0.11028473329967,0.62018724777445,0.509902514474779,2025.09367368677,2025.20395842007,NA,NA,NA
3310,3311,REU.2.5_1,REU.2.5_1,0.0272459570853838,0.620469136981627,0.593223179896243,2025.17699435219,2025.20424030928,NA,NA,NA
3821,3822,REU.4.5_1,REU.4.5_1,0.0125075725301514,0.62059697115338,0.608089398623229,2025.19186057092,2025.20436814345,NA,NA,NA
4338,4339,REU.4.8_1,REU.4.8_1,0.0808683348957222,0.621138427031228,0.540270092135506,2025.12404126443,2025.20490959933,NA,NA,NA
3355,3356,REU.3.5_1,REU.3.5_1,0.0150507667171825,0.62125552244416,0.606204755726978,2025.18997592802,2025.20502669474,NA,NA,NA
5552,5553,REU.4.5_1,REU.4.5_1,0.0110856565274777,0.621280838698555,0.610195182171077,2025.19396635447,2025.205052011,NA,NA,NA
5484,5485,REU.4.3_1,REU.4.3_1,0.0457200998474306,0.621302675033006,0.575582575185575,2025.15935374748,2025.20507384733,NA,NA,NA
4376,4378,REU.4.3_1,REU.4.3_1,0.113516135198778,0.621421879145366,0.507905743946587,2025.09167691624,2025.20519305144,NA,NA,NA
6217,6218,REU.2.3_1,REU.2.3_1,0.0406967412356856,0.621643982249907,0.580947241014221,2025.16471841331,2025.20541515455,NA,NA,NA
5085,780,REU.4.8_1,REU.4.8_1,0.166252974476352,0.621708279758303,0.455455305281951,2025.03922647758,2025.20547945205,CHIKV_RUN_S20b93_2025,55.475097,-21.286417
4491,587,REU.4.3_1,REU.4.8_1,0.123549417997955,0.621708279758303,0.498158861760348,2025.08193003406,2025.20547945205,CHIKV_RUN_S20b88_2025,55.48033,-21.336361
5311,1212,REU.4.4_1,REU.4.4_1,0.105549464555709,0.621708279758303,0.516158815202593,2025.0999299875,2025.20547945205,CHIKV_RUN_S20b55_2025,55.566331,-21.353253
5685,309,REU.4.8_1,REU.1.5_1,0.0880768950144609,0.621708279758303,0.533631384743842,2025.11740255704,2025.20547945205,CHIKV_RUN_S23b61_2025,55.807465,-21.1391
4938,303,REU.4.3_1,REU.2.1_1,0.0847399927969696,0.621708279758303,0.536968286961333,2025.12073945926,2025.20547945205,CHIKV_RUN_S20b41_2025,55.349202,-20.926914
4831,1064,REU.4.3_1,REU.4.8_1,0.0728840930393467,0.621708279758303,0.548824186718956,2025.13259535902,2025.20547945205,CHIKV_RUN_S21b84_2025,55.51112,-21.338051
6197,29,REU.2.3_1,REU.2.3_1,0.0728645990336244,0.621708279758303,0.548843680724678,2025.13261485302,2025.20547945205,CHIKV_RUN_S21b95_2025,55.489259,-20.899933
4187,1382,REU.4.3_1,REU.1.5_1,0.068696963581246,0.621708279758303,0.553011316177057,2025.13678248847,2025.20547945205,CHIKV_RUN_S23b63_2025,55.822143,-21.1597
4541,381,REU.4.3_1,REU.4.5_1,0.0618528918162405,0.621708279758303,0.559855387942062,2025.14362656024,2025.20547945205,CHIKV_RUN_S20b54_2025,55.647033,-21.381365
4424,414,REU.2.3_1,REU.1.4_1,0.0537581316182781,0.621708279758303,0.567950148140024,2025.15172132044,2025.20547945205,CHIKV_RUN_S20b59_2025,55.677842,-21.033315
3487,2937,REU.3.4_1,REU.2.1_1,0.0536271908165024,0.621708279758303,0.5680810889418,2025.15185226124,2025.20547945205,CHIKV_RUN_S22b02_2025,55.349438,-20.953558
3304,1984,REU.2.5_1,REU.2.5_1,0.0516565298558758,0.621708279758303,0.570051749902427,2025.1538229222,2025.20547945205,CHIKV_RUN_S20b64_2025,55.60401,-20.904928
5517,2392,REU.4.8_1,REU.4.1_1,0.0497847511380698,0.621708279758303,0.571923528620233,2025.15569470092,2025.20547945205,CHIKV_RUN_S20b76_2025,55.465028,-21.141487
4991,1167,REU.4.8_1,REU.4.8_1,0.0441343631360729,0.621708279758303,0.57757391662223,2025.16134508892,2025.20547945205,CHIKV_RUN_S21b83_2025,55.487626,-21.348676
5227,639,REU.4.3_1,REU.3.4_1,0.0429712680915689,0.621708279758303,0.578737011666734,2025.16250818396,2025.20547945205,CHIKV_RUN_S20b40_2025,55.288334,-21.179854
4369,1093,REU.4.3_1,REU.1.4_1,0.0418436043567907,0.621708279758303,0.579864675401512,2025.1636358477,2025.20547945205,CHIKV_RUN_S20b74_2025,55.690182,-21.03149
4021,961,REU.2.3_1,REU.2.1_1,0.0347932331337434,0.621708279758303,0.586915046624559,2025.17068621892,2025.20547945205,CHIKV_RUN_S22b13_2025,55.333527,-20.944568
3432,2217,REU.3.1_1,REU.4.6_1,0.0316023697797811,0.621708279758303,0.590105909978522,2025.17387708227,2025.20547945205,CHIKV_RUN_S20b92_2025,55.436741,-21.260014
4200,926,REU.4.3_1,REU.4.3_1,0.0313735271797038,0.621708279758303,0.590334752578599,2025.17410592487,2025.20547945205,CHIKV_RUN_S20b53_2025,55.505164,-21.233941
6077,2381,REU.3.1_1,REU.1.5_1,0.0295763049429207,0.621708279758303,0.592131974815382,2025.17590314711,2025.20547945205,CHIKV_RUN_S23b57_2025,55.825446,-21.160461
5291,1234,REU.4.8_1,REU.4.8_1,0.0283008676363925,0.621708279758303,0.59340741212191,2025.17717858442,2025.20547945205,CHIKV_RUN_S20b45_2025,55.547044,-21.316856
4736,1717,REU.4.3_1,REU.3.5_1,0.0273230037770484,0.621708279758303,0.594385275981254,2025.17815644828,2025.20547945205,CHIKV_RUN_S20b66_2025,55.328756,-20.992537
3308,1980,REU.2.5_1,REU.2.5_1,0.0248325513844941,0.621708279758303,0.596875728373809,2025.18064690067,2025.20547945205,CHIKV_RUN_S20b61_2025,55.580446,-20.925973
3308,1979,REU.2.5_1,REU.2.5_1,0.0248325513844941,0.621708279758303,0.596875728373809,2025.18064690067,2025.20547945205,CHIKV_RUN_S20b71_2025,55.580087,-20.926019
4737,925,REU.4.8_1,REU.4.2_1,0.0238524843970426,0.621708279758303,0.59785579536126,2025.18162696766,2025.20547945205,CHIKV_RUN_S20b44_2025,55.481192,-21.242388
4093,1626,REU.3.5_1,REU.1.4_1,0.0217123413216991,0.621708279758303,0.599995938436603,2025.18376711073,2025.20547945205,CHIKV_RUN_S23b62_2025,55.748666,-21.088386
5205,839,REU.4.3_1,REU.4.5_1,0.0214266963876216,0.621708279758303,0.600281583370681,2025.18405275567,2025.20547945205,CHIKV_RUN_S20b89_2025,55.631708,-21.316831
3512,2371,REU.3.4_1,REU.1.4_1,0.0209951047976199,0.621708279758303,0.600713174960683,2025.18448434726,2025.20547945205,CHIKV_RUN_S20b75_2025,55.681691,-21.051248
4463,544,REU.4.8_1,REU.4.8_1,0.0177613133989311,0.621708279758303,0.603946966359372,2025.18771813866,2025.20547945205,CHIKV_RUN_S21b89_2025,55.535711,-21.322413
5932,2608,REU.2.3_1,REU.1.1_1,0.00281673890683076,0.621708279758303,0.618891540851472,2025.20266271315,2025.20547945205,CHIKV_RUN_S23b59_2025,55.676699,-20.999218
3311,1983,REU.2.5_1,REU.2.5_1,0.00123914277667569,0.621708279758303,0.620469136981627,2025.20424030928,2025.20547945205,CHIKV_RUN_S20b63_2025,55.580087,-20.926019
3356,2687,REU.3.5_1,REU.3.5_1,0.000452757314142405,0.621708279758303,0.62125552244416,2025.20502669474,2025.20547945205,CHIKV_RUN_S22b03_2025,55.275771,-21.049194
3277,3279,REU.3.1_1,REU.3.1_1,0.125005640996865,0.621715470711129,0.496709829714263,2025.08048100201,2025.20548664301,NA,NA,NA
3630,3631,REU.2.3_1,REU.2.3_1,0.0485708909689054,0.621739195330708,0.573168304361803,2025.15693947666,2025.20551036763,NA,NA,NA
3179,3180,REU.2.3_1,REU.2.3_1,0.0059353129027877,0.621808099590183,0.615872786687396,2025.19964395898,2025.20557927189,NA,NA,NA
5905,5908,REU.4.8_1,REU.4.3_1,0.0599411405698156,0.622704584834756,0.56276344426494,2025.14653461656,2025.20647575713,NA,NA,NA
4239,4240,REU.4.3_1,REU.4.3_1,0.0695777986771571,0.623154032790181,0.553576234113024,2025.13734740641,2025.20692520509,NA,NA,NA
4401,4403,REU.2.3_1,REU.2.3_1,0.0391638330378787,0.623334498715497,0.584170665677618,2025.16794183797,2025.20710567101,NA,NA,NA
5828,5829,REU.4.8_1,REU.4.8_1,0.0180677933494622,0.623369565763692,0.60530177241423,2025.18907294471,2025.20714073806,NA,NA,NA
4578,4579,REU.2.3_1,REU.2.3_1,0.199627246370126,0.623435290438936,0.42380804406881,2025.00757921637,2025.20720646274,NA,NA,NA
3977,3978,REU.2.3_1,REU.2.3_1,0.0039679543573734,0.623500636439688,0.619532682082314,2025.20330385438,2025.20727180874,NA,NA,NA
5100,5101,REU.4.8_1,REU.4.8_1,0.0217746613429908,0.623589690103934,0.601815028760944,2025.18558620106,2025.2073608624,NA,NA,NA
4992,4993,REU.2.3_1,REU.2.3_1,0.0379884892595849,0.623649462966368,0.585660973706783,2025.169432146,2025.20742063526,NA,NA,NA
3263,3264,REU.4.8_1,REU.1.4_1,0.0807719672965825,0.62372093640936,0.542948969112777,2025.12672014141,2025.20749210871,NA,NA,NA
4734,4735,REU.4.3_1,REU.4.3_1,0.0612745153855165,0.62386027686714,0.562585761481623,2025.14635693378,2025.20763144916,NA,NA,NA
3815,3816,REU.4.5_1,REU.4.5_1,0.0705674989997603,0.623866040935437,0.553298541935676,2025.13706971423,2025.20763721323,NA,NA,NA
5729,5730,REU.3.5_1,REU.3.5_1,0.019914583112471,0.624071249071498,0.604156665959027,2025.18792783826,2025.20784242137,NA,NA,NA
5806,5807,REU.2.3_1,REU.2.3_1,0.0662767165912524,0.624309342796564,0.558032626205312,2025.1418037985,2025.20808051509,NA,NA,NA
3912,3913,REU.4.3_1,REU.2.3_1,0.0968586805349123,0.624397356547794,0.527538676012881,2025.11130984831,2025.20816852884,NA,NA,NA
4880,934,REU.4.8_1,REU.2.1_1,0.167458136885897,0.62444800578566,0.456989868899764,2025.0407610412,2025.20821917808,CHIKV_RUN_S20b47_2025,55.340997,-20.937638
3778,200,REU.4.5_1,REU.4.5_1,0.126659262614777,0.62444800578566,0.497788743170883,2025.08155991547,2025.20821917808,CHIKV_RUN_S22b30_2025,55.658339,-21.356015
3934,1583,REU.4.3_1,REU.3.5_1,0.12630584008376,0.62444800578566,0.4981421657019,2025.081913338,2025.20821917808,CHIKV_RUN_S22b56_2025,55.254996,-21.070169
5958,3041,REU.3.1_1,REU.4.8_1,0.120607229941687,0.62444800578566,0.503840775843973,2025.08761194814,2025.20821917808,CHIKV_RUN_S20b51_2025,55.49073,-21.34553
4481,546,REU.4.3_1,REU.4.3_1,0.104203646565584,0.62444800578566,0.520244359220076,2025.10401553152,2025.20821917808,CHIKV_RUN_S21b03_2025,55.52977,-21.284634
4770,145,REU.3.5_1,REU.3.5_1,0.0990368057698827,0.62444800578566,0.525411200015777,2025.10918237231,2025.20821917808,CHIKV_RUN_S22b47_2025,55.28848,-21.027908
4674,1118,REU.4.3_1,REU.4.4_1,0.0970283036106455,0.62444800578566,0.527419702175015,2025.11119087447,2025.20821917808,CHIKV_RUN_S22b38_2025,55.571442,-21.319214
5646,2162,REU.4.3_1,REU.4.6_1,0.094341352727889,0.62444800578566,0.530106653057771,2025.11387782535,2025.20821917808,CHIKV_RUN_S20b50_2025,55.433162,-21.278064
5646,2161,REU.4.3_1,REU.4.3_1,0.094341352727889,0.62444800578566,0.530106653057771,2025.11387782535,2025.20821917808,CHIKV_RUN_S22b24_2025,55.510209,-21.280397
4796,152,REU.4.3_1,REU.2.3_1,0.0940525420707605,0.62444800578566,0.5303954637149,2025.11416663601,2025.20821917808,CHIKV_RUN_S21b07_2025,55.460338,-20.886165
4610,1355,REU.2.3_1,REU.4.5_1,0.0926619462130194,0.62444800578566,0.531786059572641,2025.11555723187,2025.20821917808,CHIKV_RUN_S20b49_2025,55.649742,-21.383587
5300,1206,REU.4.4_1,REU.4.4_1,0.081190525862092,0.62444800578566,0.543257479923568,2025.12702865222,2025.20821917808,CHIKV_RUN_S22b32_2025,55.561763,-21.337337
4577,411,REU.4.3_1,REU.4.3_1,0.0801468214627277,0.62444800578566,0.544301184322932,2025.12807235662,2025.20821917808,CHIKV_RUN_S22b40_2025,55.51795,-21.294785
6082,2708,REU.4.2_1,REU.4.2_1,0.0711454322769571,0.62444800578566,0.553302573508703,2025.1370737458,2025.20821917808,CHIKV_RUN_S20b39_2025,55.465985,-21.255257
5991,2485,REU.4.6_1,REU.3.5_1,0.0685258131870882,0.62444800578566,0.555922192598572,2025.1396933649,2025.20821917808,CHIKV_RUN_S22b42_2025,55.276167,-21.039355
4180,1638,REU.4.5_1,REU.4.5_1,0.06632553394703,0.62444800578566,0.55812247183863,2025.14189364414,2025.20821917808,CHIKV_RUN_S22b57_2025,55.607058,-21.327605
5253,686,REU.4.8_1,REU.4.8_1,0.0580301690140654,0.62444800578566,0.566417836771595,2025.15018900907,2025.20821917808,CHIKV_RUN_S22b31_2025,55.487036,-21.342299
5711,2165,REU.2.3_1,REU.1.3_1,0.0554516211359481,0.62444800578566,0.568996384649712,2025.15276755695,2025.20821917808,CHIKV_RUN_S23b60_2025,55.691819,-20.965765
4321,1040,REU.4.8_1,REU.1.4_1,0.0536766096407082,0.62444800578566,0.570771396144952,2025.15454256844,2025.20821917808,CHIKV_RUN_S23b54_2025,55.737814,-21.091369
5759,2507,REU.3.4_1,REU.3.4_1,0.0505386491908274,0.62444800578566,0.573909356594833,2025.15768052889,2025.20821917808,CHIKV_RUN_S22b44_2025,55.301143,-21.224126
6217,42,REU.2.3_1,REU.2.3_1,0.0435007647714389,0.62444800578566,0.580947241014221,2025.16471841331,2025.20821917808,CHIKV_RUN_S21b06_2025,55.489016,-20.899314
5471,2537,REU.2.3_1,REU.1.1_1,0.0426208602966007,0.62444800578566,0.581827145489059,2025.16559831779,2025.20821917808,CHIKV_RUN_S37b69_2025,55.694698,-20.970791
3568,2469,REU.4.6_1,REU.4.8_1,0.0366298269436671,0.62444800578566,0.587818178841993,2025.17158935114,2025.20821917808,CHIKV_RUN_S20b43_2025,55.4906,-21.329232
3130,2034,REU.4.6_1,REU.4.8_1,0.0364633369805374,0.62444800578566,0.587984668805123,2025.1717558411,2025.20821917808,CHIKV_RUN_S22b82_2025,55.483579,-21.346509
4931,937,REU.4.3_1,REU.4.3_1,0.0361153715991326,0.62444800578566,0.588332634186527,2025.17210380648,2025.20821917808,CHIKV_RUN_S22b49_2025,55.504713,-21.279589
4267,1494,REU.4.8_1,REU.4.8_1,0.0337622568120587,0.62444800578566,0.590685748973601,2025.17445692127,2025.20821917808,CHIKV_RUN_S20b57_2025,55.483212,-21.341105
4036,1279,REU.4.8_1,REU.4.8_1,0.0295290461665365,0.62444800578566,0.594918959619124,2025.17869013192,2025.20821917808,CHIKV_RUN_S21b05_2025,55.506893,-21.288194
6117,2305,REU.4.8_1,REU.1.4_1,0.0236824686235348,0.62444800578566,0.600765537162125,2025.18453670946,2025.20821917808,CHIKV_RUN_S23b58_2025,55.699835,-21.056736
3185,2820,REU.4.8_1,REU.1.3_1,0.020375325492366,0.62444800578566,0.604072680293294,2025.18784385259,2025.20821917808,CHIKV_RUN_S20b42_2025,55.647533,-20.932677
5728,2235,REU.3.5_1,REU.3.5_1,0.0191322368945598,0.62444800578566,0.6053157688911,2025.18908694119,2025.20821917808,CHIKV_RUN_S22b86_2025,55.331919,-20.995294
5691,1823,REU.3.4_1,REU.3.4_1,0.0144871792862098,0.62444800578566,0.60996082649945,2025.1937319988,2025.20821917808,CHIKV_RUN_S22b85_2025,55.30063,-21.143952
4985,902,REU.3.5_1,REU.3.5_1,0.0137787713437956,0.62444800578566,0.610669234441864,2025.19444040674,2025.20821917808,CHIKV_RUN_S22b55_2025,55.282476,-21.032773
5948,2617,REU.4.3_1,REU.2.3_1,0.0131345210174162,0.62444800578566,0.611313484768244,2025.19508465706,2025.20821917808,CHIKV_RUN_S37b43_2025,55.448067,-20.885594
4700,626,REU.4.5_1,REU.4.5_1,0.0125254169216684,0.62444800578566,0.611922588863991,2025.19569376116,2025.20821917808,CHIKV_RUN_S22b37_2025,55.662949,-21.336795
5024,92,REU.3.3_1,REU.3.3_1,0.00996709650602412,0.62444800578566,0.614480909279636,2025.19825208158,2025.20821917808,CHIKV_RUN_S20b65_2025,55.286864,-21.111585
3228,2787,REU.4.3_1,REU.4.2_1,0.00443239653980343,0.62444800578566,0.620015609245857,2025.20378678154,2025.20821917808,CHIKV_RUN_S22b39_2025,55.496612,-21.240339
5118,5119,REU.4.3_1,REU.4.3_1,0.0636417756934209,0.624474392843826,0.560832617150405,2025.14460378945,2025.20824556514,NA,NA,NA
4167,4169,REU.4.3_1,REU.4.3_1,0.0349696723323597,0.624475253900031,0.589505581567671,2025.17327675386,2025.2082464262,NA,NA,NA
5047,5048,REU.4.3_1,REU.4.3_1,0.0491127273637147,0.624717399712804,0.575604672349089,2025.15937584465,2025.20848857201,NA,NA,NA
6112,6113,REU.3.1_1,REU.4.8_1,0.059634411996539,0.624826448287736,0.565192036291197,2025.14896320859,2025.20859762058,NA,NA,NA
5599,5600,REU.4.5_1,REU.4.5_1,0.0144215859376836,0.625044913454817,0.610623327517133,2025.19439449981,2025.20881608575,NA,NA,NA
5788,5789,REU.3.1_1,REU.4.8_1,0.0853520361034051,0.625208172877324,0.539856136773919,2025.12362730907,2025.20897934517,NA,NA,NA
3490,3491,REU.3.4_1,REU.3.4_1,0.0933178220006127,0.625216132005721,0.531898310005109,2025.1156694823,2025.2089873043,NA,NA,NA
3760,3761,REU.4.5_1,REU.4.5_1,0.0604781365414352,0.62530853179503,0.564830395253595,2025.14860156755,2025.20907970409,NA,NA,NA
4428,4432,REU.4.5_1,REU.2.3_1,0.0423141512184393,0.625450844570871,0.583136693352432,2025.16690786565,2025.20922201687,NA,NA,NA
5611,5612,REU.2.3_1,REU.2.3_1,0.0215340976441825,0.625691194463615,0.604157096819432,2025.18792826912,2025.20946236676,NA,NA,NA
3608,3609,REU.2.3_1,REU.2.3_1,0.0490504406902657,0.625714863230594,0.576664422540329,2025.16043559484,2025.20948603553,NA,NA,NA
4847,4848,REU.2.4_1,REU.2.4_1,0.0574501795587565,0.625797687347573,0.568347507788817,2025.15211868009,2025.20956885964,NA,NA,NA
5421,5422,REU.2.3_1,REU.2.3_1,0.0411881095935011,0.625813928500932,0.584625818907431,2025.1683969912,2025.2095851008,NA,NA,NA
4827,4828,REU.4.8_1,REU.4.8_1,0.0451166729284582,0.626270771450552,0.581154098522094,2025.16492527082,2025.21004194375,NA,NA,NA
5020,5021,REU.4.8_1,REU.4.5_1,0.0989468743331269,0.626393145976134,0.527446271643008,2025.11121744394,2025.21016431827,NA,NA,NA
6199,6200,REU.2.3_1,REU.2.3_1,0.130048662284771,0.626408199503202,0.496359537218431,2025.08013070951,2025.2101793718,NA,NA,NA
5633,5634,REU.4.6_1,REU.4.6_1,0.039112718508326,0.626584354060062,0.587471635551736,2025.17124280785,2025.21035552636,NA,NA,NA
4469,4470,REU.4.8_1,REU.4.8_1,0.0294940813582691,0.626642532314276,0.597148450956007,2025.18091962325,2025.21041370461,NA,NA,NA
4889,4892,REU.4.3_1,REU.4.3_1,0.152784038221903,0.626725238665662,0.47394120044376,2025.05771237274,2025.21049641096,NA,NA,NA
5596,5597,REU.4.5_1,REU.4.5_1,0.0179833647011823,0.62694001552005,0.608956650818868,2025.19272782312,2025.21071118782,NA,NA,NA
5308,5309,REU.4.4_1,REU.4.4_1,0.110087436440791,0.627027244027633,0.516939807586842,2025.10071097988,2025.21079841632,NA,NA,NA
3550,3551,REU.3.5_1,REU.3.5_1,0.0184300421288881,0.627169859259771,0.608739817130883,2025.19251098943,2025.21094103156,NA,NA,NA
4897,1428,REU.4.8_1,REU.4.4_1,0.181146494596492,0.627187731813245,0.446041237216753,2025.02981240951,2025.21095890411,CHIKV_RUN_S22b35_2025,55.555127,-21.369235
4550,396,REU.4.3_1,REU.2.3_1,0.174982137217751,0.627187731813245,0.452205594595493,2025.03597676689,2025.21095890411,CHIKV_RUN_S22b83_2025,55.494269,-20.931237
6219,47,REU.2.3_1,REU.2.3_1,0.166153624970982,0.627187731813245,0.461034106842263,2025.04480527914,2025.21095890411,CHIKV_RUN_S22b91_2025,55.493556,-20.903809
5796,1860,REU.3.1_1,REU.3.4_1,0.124893683385046,0.627187731813245,0.502294048428199,2025.08606522072,2025.21095890411,CHIKV_RUN_S23b30_2025,55.293321,-21.174399
5958,3042,REU.3.1_1,REU.4.8_1,0.123346955969272,0.627187731813245,0.503840775843973,2025.08761194814,2025.21095890411,CHIKV_RUN_S23b19_2025,55.49073,-21.34553
6119,2298,REU.3.1_1,REU.4.8_1,0.109402624114679,0.627187731813245,0.517785107698566,2025.10155628,2025.21095890411,CHIKV_RUN_S23b20_2025,55.466623,-21.336278
3893,332,REU.2.3_1,REU.2.3_1,0.108470847866432,0.627187731813245,0.518716883946813,2025.10248805624,2025.21095890411,CHIKV_RUN_S22b45_2025,55.448194,-20.892832
5036,700,REU.4.3_1,REU.4.4_1,0.0900971880138042,0.627187731813245,0.537090543799441,2025.1208617161,2025.21095890411,CHIKV_RUN_S22b77_2025,55.566667,-21.351024
4815,894,REU.2.3_1,REU.3.2_1,0.0872125611753499,0.627187731813245,0.539975170637895,2025.12374634293,2025.21095890411,CHIKV_RUN_S22b36_2025,55.333805,-21.244043
5418,1014,REU.2.3_1,REU.2.3_1,0.082279232487849,0.627187731813245,0.544908499325396,2025.12867967162,2025.21095890411,CHIKV_RUN_S22b92_2025,55.451244,-20.891925
4512,513,REU.4.3_1,REU.4.3_1,0.0794351728787174,0.627187731813245,0.547752558934527,2025.13152373123,2025.21095890411,CHIKV_RUN_S23b14_2025,55.515973,-21.272801
5586,2056,REU.4.5_1,REU.4.5_1,0.0727286148063706,0.627187731813245,0.554459117006874,2025.1382302893,2025.21095890411,CHIKV_RUN_S23b33_2025,55.60637,-21.368868
5251,682,REU.4.3_1,REU.4.3_1,0.0623596169841593,0.627187731813245,0.564828114829086,2025.14859928713,2025.21095890411,CHIKV_RUN_S23b28_2025,55.510987,-21.24052
3206,3048,REU.4.8_1,REU.3.2_1,0.0583377714989481,0.627187731813245,0.568849960314297,2025.15262113261,2025.21095890411,CHIKV_RUN_S22b46_2025,55.336202,-21.236034
3157,3062,REU.2.2_1,REU.2.2_1,0.0408666302196696,0.627187731813245,0.586321101593575,2025.17009227389,2025.21095890411,CHIKV_RUN_S37b67_2025,55.305794,-20.935071
4287,2620,REU.3.5_1,REU.3.5_1,0.0384770879999365,0.627187731813245,0.588710643813308,2025.17248181611,2025.21095890411,CHIKV_RUN_S23b32_2025,55.325596,-20.986421
5359,1188,REU.4.8_1,REU.4.8_1,0.037634219011066,0.627187731813245,0.589553512802179,2025.1733246851,2025.21095890411,CHIKV_RUN_S22b43_2025,55.463335,-21.340704
4348,873,REU.4.4_1,REU.4.4_1,0.036440763337324,0.627187731813245,0.590746968475921,2025.17451814077,2025.21095890411,CHIKV_RUN_S22b84_2025,55.575885,-21.368512
6182,12,REU.3.5_1,REU.3.5_1,0.0319430941164682,0.627187731813245,0.595244637696777,2025.17901580999,2025.21095890411,CHIKV_RUN_S22b50_2025,55.233382,-21.091761
3131,2718,REU.3.4_1,REU.4.6_1,0.0312645709123494,0.627187731813245,0.595923160900895,2025.1796943332,2025.21095890411,CHIKV_RUN_S22b41_2025,55.422013,-21.27309
4961,1083,REU.4.8_1,REU.4.8_1,0.0296003078054687,0.627187731813245,0.597587424007776,2025.1813585963,2025.21095890411,CHIKV_RUN_S23b25_2025,55.500169,-21.278358
3946,1817,REU.4.3_1,REU.3.5_1,0.0141975560561726,0.627187731813245,0.612990175757072,2025.19676134805,2025.21095890411,CHIKV_RUN_S21b01_2025,55.31327,-21.036733
5597,2134,REU.4.5_1,REU.4.5_1,0.000247716293194311,0.627187731813245,0.62694001552005,2025.21071118782,2025.21095890411,CHIKV_RUN_S23b23_2025,55.606155,-21.319362
4403,4404,REU.2.3_1,REU.2.3_1,0.00393824608915327,0.62727274480465,0.623334498715497,2025.20710567101,2025.2110439171,NA,NA,NA
4842,4843,REU.2.3_1,REU.2.3_1,0.0525648240481909,0.627469357148012,0.574904533099821,2025.1586757054,2025.21124052944,NA,NA,NA
4089,4094,REU.3.5_1,REU.3.5_1,0.0658408761645196,0.627591240246365,0.561750364081845,2025.14552153638,2025.21136241254,NA,NA,NA
4914,4915,REU.3.5_1,REU.3.5_1,0.0110508310443788,0.62763014168645,0.616579310642071,2025.20035048294,2025.21140131398,NA,NA,NA
5903,5904,REU.4.8_1,REU.4.8_1,0.0232670235652336,0.627658929561882,0.604391905996649,2025.18816307829,2025.21143010186,NA,NA,NA
5416,5417,REU.2.3_1,REU.2.3_1,0.0585299411520667,0.627751506904717,0.56922156575265,2025.15299273805,2025.2115226792,NA,NA,NA
5391,5393,REU.2.3_1,REU.2.3_1,0.0462841122104747,0.627934340594328,0.581650228383853,2025.16542140068,2025.21170551289,NA,NA,NA
4432,4433,REU.2.3_1,REU.2.3_1,0.00258805283500929,0.62803889740588,0.625450844570871,2025.20922201687,2025.2118100697,NA,NA,NA
3706,3707,REU.3.1_1,REU.3.5_1,0.187881413051021,0.628067552260771,0.44018613920975,2025.02395731151,2025.21183872456,NA,NA,NA
3634,3638,REU.2.3_1,REU.2.3_1,0.0202754025619845,0.628092627327642,0.607817224765658,2025.19158839706,2025.21186379962,NA,NA,NA
5341,5342,REU.4.4_1,REU.4.4_1,0.0847723103089266,0.628277507315035,0.543505197006108,2025.1272763693,2025.21204867961,NA,NA,NA
4206,4208,REU.4.3_1,REU.4.3_1,0.0592654148175771,0.628413895028973,0.569148480211396,2025.15291965251,2025.21218506733,NA,NA,NA
4695,4696,REU.4.3_1,REU.4.3_1,0.106848059383747,0.628520619080242,0.521672559696496,2025.10544373199,2025.21229179138,NA,NA,NA
3315,3318,REU.2.5_1,REU.2.5_1,0.102484104444265,0.628722049291713,0.526237944847449,2025.11000911714,2025.21249322159,NA,NA,NA
4762,4763,REU.2.3_1,REU.2.3_1,0.0393905439903199,0.628926729305833,0.589536185315513,2025.17330735761,2025.2126979016,NA,NA,NA
5473,5474,REU.2.3_1,REU.2.3_1,0.0940050230453657,0.629016086347439,0.535011063302073,2025.1187822356,2025.21278725864,NA,NA,NA
5327,5330,REU.4.4_1,REU.4.8_1,0.0393303328178526,0.629159625803014,0.589829292985161,2025.17360046528,2025.2129307981,NA,NA,NA
4873,4874,REU.4.8_1,REU.4.6_1,0.041132230416255,0.629178674651826,0.588046444235571,2025.17181761653,2025.21294984695,NA,NA,NA
6097,6098,REU.3.4_1,REU.3.4_1,0.0374326585284542,0.629227548617876,0.591794890089422,2025.17556606239,2025.21299872091,NA,NA,NA
4355,4358,REU.4.8_1,REU.4.8_1,0.0383412801323275,0.629453889595052,0.591112609462724,2025.17488378176,2025.21322506189,NA,NA,NA
4528,4532,REU.4.8_1,REU.2.3_1,0.103594839566702,0.629620063268664,0.526025223701962,2025.109796396,2025.21339123557,NA,NA,NA
3620,3621,REU.2.3_1,REU.2.3_1,0.0546258765566744,0.629677690049045,0.575051813492371,2025.15882298579,2025.21344886235,NA,NA,NA
4737,4738,REU.4.8_1,REU.4.8_1,0.0319873690711655,0.629843164432426,0.59785579536126,2025.18162696766,2025.21361433673,NA,NA,NA
4382,424,REU.4.3_1,REU.4.5_1,0.214802447883078,0.629927457840602,0.415125009957524,2024.99889618225,2025.21369863014,CHIKV_RUN_S23b39_2025,55.631574,-21.373996
5480,2556,REU.4.3_1,REU.4.8_1,0.206830518662241,0.629927457840602,0.423096939178361,2025.00686811147,2025.21369863014,CHIKV_RUN_S23b79_2025,55.486291,-21.289026
5159,856,REU.4.3_1,REU.4.3_1,0.191333772064666,0.629927457840602,0.438593685775937,2025.02236485807,2025.21369863014,CHIKV_RUN_S25b12_2025,55.518411,-21.239174
4314,1928,REU.4.3_1,REU.3.5_1,0.149691289097285,0.629927457840602,0.480236168743317,2025.06400734104,2025.21369863014,CHIKV_RUN_S23b68_2025,55.265502,-21.027634
5525,2069,REU.4.5_1,REU.4.5_1,0.13429416133901,0.629927457840602,0.495633296501592,2025.0794044688,2025.21369863014,CHIKV_RUN_S23b64_2025,55.631304,-21.377943
4606,1729,REU.4.3_1,REU.4.8_1,0.124684397533196,0.629927457840602,0.505243060307406,2025.0890142326,2025.21369863014,CHIKV_RUN_S23b87_2025,55.459303,-21.338147
5210,694,REU.4.3_1,REU.4.3_1,0.120094724004868,0.629927457840602,0.509832733835735,2025.09360390613,2025.21369863014,CHIKV_RUN_S25b14_2025,55.508427,-21.27015
3880,330,REU.2.3_1,REU.2.3_1,0.116314577561444,0.629927457840602,0.513612880279158,2025.09738405258,2025.21369863014,CHIKV_RUN_S23b26_2025,55.456567,-20.885699
3587,2401,REU.3.4_1,REU.3.4_1,0.106510832675677,0.629927457840602,0.523416625164926,2025.10718779746,2025.21369863014,CHIKV_RUN_S23b31_2025,55.28805,-21.174843
4611,1320,REU.2.3_1,REU.2.3_1,0.0958721178826305,0.629927457840602,0.534055339957972,2025.11782651225,2025.21369863014,CHIKV_RUN_S23b84_2025,55.458542,-20.892529
5538,2092,REU.4.5_1,REU.4.5_1,0.0824757407637481,0.629927457840602,0.547451717076854,2025.13122288937,2025.21369863014,CHIKV_RUN_S23b21_2025,55.595952,-21.375777
5496,2370,REU.4.3_1,REU.4.8_1,0.077602726604828,0.629927457840602,0.552324731235774,2025.13609590353,2025.21369863014,CHIKV_RUN_S23b78_2025,55.50099,-21.279748
3989,1469,REU.4.3_1,REU.4.8_1,0.0764875342710257,0.629927457840602,0.553439923569576,2025.13721109587,2025.21369863014,CHIKV_RUN_S23b76_2025,55.511978,-21.34459
5569,2089,REU.4.5_1,REU.4.5_1,0.0733181671120297,0.629927457840602,0.556609290728573,2025.14038046302,2025.21369863014,CHIKV_RUN_S25b15_2025,55.628747,-21.340216
4301,1614,REU.4.3_1,REU.3.5_1,0.0660321419516783,0.629927457840602,0.563895315888924,2025.14766648819,2025.21369863014,CHIKV_RUN_S25b03_2025,55.254356,-21.069668
5413,995,REU.2.3_1,REU.2.3_1,0.0618829361085901,0.629927457840602,0.568044521732012,2025.15181569403,2025.21369863014,CHIKV_RUN_S23b22_2025,55.449395,-20.923345
3859,1669,REU.4.3_1,REU.1.4_1,0.0593950096994598,0.629927457840602,0.570532448141142,2025.15430362044,2025.21369863014,CHIKV_RUN_S27b33_2025,55.701799,-21.091119
6072,1833,REU.3.1_1,REU.4.6_1,0.0545210968353005,0.629927457840602,0.575406361005302,2025.1591775333,2025.21369863014,CHIKV_RUN_S23b71_2025,55.433541,-21.273209
4725,1929,REU.3.5_1,REU.3.5_1,0.0472046993711126,0.629927457840602,0.58272275846949,2025.16649393077,2025.21369863014,CHIKV_RUN_S22b70_2025,55.217447,-21.041226
4685,1317,REU.4.8_1,REU.3.5_1,0.0442356123086811,0.629927457840602,0.585691845531921,2025.16946301783,2025.21369863014,CHIKV_RUN_S23b93_2025,55.260696,-21.072808
3157,3061,REU.2.2_1,REU.2.2_1,0.043606356247027,0.629927457840602,0.586321101593575,2025.17009227389,2025.21369863014,CHIKV_RUN_S23b88_2025,55.306278,-20.935837
6183,9,REU.3.5_1,REU.2.4_1,0.0432934013110762,0.629927457840602,0.586634056529526,2025.17040522883,2025.21369863014,CHIKV_RUN_S27b34_2025,55.543255,-20.899383
3947,1318,REU.4.8_1,REU.4.8_1,0.042457145585305,0.629927457840602,0.587470312255297,2025.17124148455,2025.21369863014,CHIKV_RUN_S23b40_2025,55.511703,-21.346504
4287,2621,REU.3.5_1,REU.3.5_1,0.0412168140272939,0.629927457840602,0.588710643813308,2025.17248181611,2025.21369863014,CHIKV_RUN_S23b91_2025,55.325033,-20.986728
5522,1902,REU.3.4_1,REU.3.4_1,0.0350634765456153,0.629927457840602,0.594863981294987,2025.17863515359,2025.21369863014,CHIKV_RUN_S23b75_2025,55.328133,-21.175727
3724,2426,REU.3.4_1,REU.3.4_1,0.034487437493569,0.629927457840602,0.595440020347033,2025.17921119264,2025.21369863014,CHIKV_RUN_S25b20_2025,55.300914,-21.143423
4275,1516,REU.3.5_1,REU.4.2_1,0.0253424767040246,0.629927457840602,0.604584981136578,2025.18835615343,2025.21369863014,CHIKV_RUN_S26b38_2025,55.471311,-21.236192
4471,568,REU.4.3_1,REU.3.1_1,0.0235569277819986,0.629927457840602,0.606370530058604,2025.19014170236,2025.21369863014,CHIKV_RUN_S25b18_2025,55.381132,-21.264023
4564,463,REU.4.8_1,REU.4.8_1,0.0199074256343577,0.629927457840602,0.610020032206245,2025.1937912045,2025.21369863014,CHIKV_RUN_S23b83_2025,55.513819,-21.354614
5188,765,REU.4.6_1,REU.4.6_1,0.0184177347348231,0.629927457840602,0.611509723105779,2025.1952808954,2025.21369863014,CHIKV_RUN_S23b29_2025,55.424692,-21.262921
5134,657,REU.4.8_1,REU.4.8_1,0.0180467792319272,0.629927457840602,0.611880678608675,2025.1956518509,2025.21369863014,CHIKV_RUN_S23b70_2025,55.476658,-21.336333
3686,2884,REU.2.4_1,REU.2.4_1,0.0170165679570682,0.629927457840602,0.612910889883534,2025.19668206218,2025.21369863014,CHIKV_RUN_S25b13_2025,55.528115,-20.940848
3325,2181,REU.4.8_1,REU.4.8_1,0.0107918987879878,0.629927457840602,0.619135559052614,2025.20290673135,2025.21369863014,CHIKV_RUN_S23b24_2025,55.49928,-21.292395
4240,1532,REU.4.3_1,REU.4.3_1,0.00677342505042156,0.629927457840602,0.623154032790181,2025.20692520509,2025.21369863014,CHIKV_RUN_S23b81_2025,55.520982,-21.259176
4828,267,REU.4.8_1,REU.2.1_1,0.00365668639005046,0.629927457840602,0.626270771450552,2025.21004194375,2025.21369863014,CHIKV_RUN_S25b21_2025,55.363102,-20.972407
4470,533,REU.4.8_1,REU.4.8_1,0.00328492552632653,0.629927457840602,0.626642532314276,2025.21041370461,2025.21369863014,CHIKV_RUN_S25b22_2025,55.481721,-21.28812
3568,3569,REU.4.6_1,REU.4.6_1,0.0423449886267191,0.630163167468712,0.587818178841993,2025.17158935114,2025.21393433977,NA,NA,NA
3682,3683,REU.2.3_1,REU.3.5_1,0.0267551277032634,0.630702473206372,0.603947345503109,2025.1877185178,2025.2144736455,NA,NA,NA
3210,3211,REU.4.8_1,REU.4.8_1,0.0109799426062824,0.630781412701546,0.619801470095263,2025.20357264239,2025.214552585,NA,NA,NA
5360,5361,REU.4.8_1,REU.4.8_1,0.0306610200190637,0.630896060324832,0.600235040305768,2025.1840062126,2025.21466723262,NA,NA,NA
5703,5704,REU.4.3_1,REU.4.3_1,0.0117682869958804,0.630987499834756,0.619219212838876,2025.20299038514,2025.21475867213,NA,NA,NA
4211,4214,REU.4.3_1,REU.3.5_1,0.0973088871204973,0.631452194117924,0.534143306997426,2025.11791447929,2025.21522336641,NA,NA,NA
3131,3132,REU.3.4_1,REU.3.4_1,0.0355805418765371,0.631503702777433,0.595923160900895,2025.1796943332,2025.21527487507,NA,NA,NA
5090,5095,REU.4.8_1,REU.4.8_1,0.125713131358131,0.631584457552052,0.505871326193921,2025.08964249849,2025.21535562985,NA,NA,NA
6048,6049,REU.2.3_1,REU.2.3_1,0.0245204895440374,0.631729039975125,0.607208550431087,2025.19097972273,2025.21550021227,NA,NA,NA
6207,6208,REU.2.3_1,REU.2.3_1,0.0830461120381044,0.632119931258967,0.549073819220862,2025.13284499152,2025.21589110356,NA,NA,NA
3658,3659,REU.2.3_1,REU.4.8_1,0.0721388178827481,0.632128628333054,0.559989810450306,2025.14376098275,2025.21589980063,NA,NA,NA
5581,5582,REU.4.5_1,REU.4.5_1,0.0184009769495026,0.63215974799005,0.613758771040547,2025.19752994334,2025.21593092029,NA,NA,NA
5560,2047,REU.4.5_1,REU.4.8_1,0.136182121142324,0.63266718386796,0.496485062725636,2025.08025623502,2025.21643835616,CHIKV_RUN_S25b94_2025,55.4769,-21.325136
5889,2270,REU.4.8_1,REU.4.4_1,0.130834564438026,0.63266718386796,0.501832619429933,2025.08560379173,2025.21643835616,CHIKV_RUN_S23b89_2025,55.534402,-21.360321
5003,74,REU.4.3_1,REU.2.3_1,0.12124903041142,0.63266718386796,0.51141815345654,2025.09518932575,2025.21643835616,CHIKV_RUN_S23b66_2025,55.443217,-20.881325
5570,2103,REU.4.5_1,REU.4.5_1,0.117993314348884,0.63266718386796,0.514673869519076,2025.09844504182,2025.21643835616,CHIKV_RUN_S23b67_2025,55.634066,-21.338862
3231,2781,REU.4.3_1,REU.4.8_1,0.108185451424229,0.63266718386796,0.524481732443731,2025.10825290474,2025.21643835616,CHIKV_RUN_S25b59_2025,55.528361,-21.361158
3860,1654,REU.4.3_1,REU.3.5_1,0.103118415729152,0.63266718386796,0.529548768138808,2025.11331994044,2025.21643835616,CHIKV_RUN_S23b94_2025,55.328573,-20.983875
4538,376,REU.4.3_1,REU.4.6_1,0.0984404301587082,0.63266718386796,0.534226753709251,2025.11799792601,2025.21643835616,CHIKV_RUN_S25b51_2025,55.442111,-21.264903
5567,2104,REU.3.1_1,REU.4.5_1,0.0787403854715389,0.63266718386796,0.553926798396421,2025.13769797069,2025.21643835616,CHIKV_RUN_S23b74_2025,55.630497,-21.335311
5762,1965,REU.2.3_1,REU.2.3_1,0.0775991501577621,0.63266718386796,0.555068033710198,2025.13883920601,2025.21643835616,CHIKV_RUN_S25b25_2025,55.494331,-20.923056
3549,2007,REU.4.8_1,REU.3.3_1,0.0702243320290176,0.63266718386796,0.562442851838942,2025.14621402414,2025.21643835616,CHIKV_RUN_S26b53_2025,55.29332,-21.107328
4760,125,REU.4.8_1,REU.2.1_1,0.0621091711047981,0.63266718386796,0.570558012763162,2025.15432918506,2025.21643835616,CHIKV_RUN_S23b95_2025,55.363033,-20.92692
4623,257,REU.4.3_1,REU.4.8_1,0.0615759532751504,0.63266718386796,0.571091230592809,2025.15486240289,2025.21643835616,CHIKV_RUN_S25b17_2025,55.462813,-21.340556
5358,1190,REU.4.8_1,REU.4.1_1,0.0579998619037279,0.632667183867959,0.574667321964232,2025.15843849426,2025.21643835616,CHIKV_RUN_S37b66_2025,55.468491,-21.13467
5425,973,REU.2.3_1,REU.2.3_1,0.0568495051273971,0.63266718386796,0.575817678740562,2025.15958885104,2025.21643835616,CHIKV_RUN_S23b82_2025,55.444657,-20.909177
4808,1322,REU.4.3_1,REU.1.2_1,0.0562377020331202,0.63266718386796,0.57642948183484,2025.16020065413,2025.21643835616,CHIKV_RUN_S37b70_2025,55.620453,-21.141821
3665,2889,REU.2.4_1,REU.2.4_1,0.054681662788081,0.63266718386796,0.577985521079879,2025.16175669338,2025.21643835616,CHIKV_RUN_S25b10_2025,55.52827,-20.947371
4827,1705,REU.4.8_1,REU.4.3_1,0.0515130853458661,0.63266718386796,0.581154098522094,2025.16492527082,2025.21643835616,CHIKV_RUN_S23b86_2025,55.526244,-21.266649
3200,3077,REU.4.6_1,REU.4.6_1,0.0499239712404467,0.63266718386796,0.582743212627513,2025.16651438492,2025.21643835616,CHIKV_RUN_S25b49_2025,55.443077,-21.228099
4024,966,REU.2.1_1,REU.2.1_1,0.0496752049665385,0.63266718386796,0.582991978901421,2025.1667631512,2025.21643835616,CHIKV_RUN_S23b90_2025,55.362962,-20.926828
3376,2033,REU.4.8_1,REU.4.8_1,0.0481305772525351,0.63266718386796,0.584536606615425,2025.16830777891,2025.21643835616,CHIKV_RUN_S23b72_2025,55.497033,-21.300588
3975,1150,REU.2.3_1,REU.2.3_1,0.0404583935823724,0.63266718386796,0.592208790285587,2025.17597996258,2025.21643835616,CHIKV_RUN_S25b41_2025,55.479901,-20.887527
3737,2416,REU.4.3_1,REU.4.3_1,0.0401506654762588,0.63266718386796,0.592516518391701,2025.17628769069,2025.21643835616,CHIKV_RUN_S25b57_2025,55.501097,-21.241002
4561,386,REU.2.3_1,REU.2.5_1,0.0383642388148592,0.63266718386796,0.5943029450531,2025.17807411735,2025.21643835616,CHIKV_RUN_S23b69_2025,55.580175,-20.925672
4663,1109,REU.4.3_1,REU.4.3_1,0.0374729603578305,0.63266718386796,0.595194223510129,2025.17896539581,2025.21643835616,CHIKV_RUN_S25b50_2025,55.498923,-21.266336
5018,66,REU.2.1_1,REU.2.1_1,0.0373770730254371,0.63266718386796,0.595290110842523,2025.17906128314,2025.21643835616,CHIKV_RUN_S23b65_2025,55.326362,-20.962809
5431,984,REU.2.3_1,REU.2.3_1,0.0346485628903263,0.63266718386796,0.598018620977633,2025.18178979327,2025.21643835616,CHIKV_RUN_S25b26_2025,55.446619,-20.892493
4929,301,REU.4.3_1,REU.4.3_1,0.030395105327324,0.63266718386796,0.602272078540635,2025.18604325084,2025.21643835616,CHIKV_RUN_S25b54_2025,55.58237,-21.195928
6181,13,REU.3.5_1,REU.3.5_1,0.02045101554741,0.63266718386796,0.61221616832055,2025.19598734062,2025.21643835616,CHIKV_RUN_S26b67_2025,55.279187,-21.000825
6138,2199,REU.4.3_1,REU.4.2_1,0.020391056085637,0.63266718386796,0.612276127782323,2025.19604730008,2025.21643835616,CHIKV_RUN_S37b59_2025,55.47131,-21.245131
5121,738,REU.4.8_1,REU.1.4_1,0.0172481952278538,0.63266718386796,0.615418988640106,2025.19919016094,2025.21643835616,CHIKV_RUN_S27b24_2025,55.720051,-21.03744
4914,1563,REU.3.5_1,REU.3.5_1,0.0160878732258888,0.63266718386796,0.616579310642071,2025.20035048294,2025.21643835616,CHIKV_RUN_S26b70_2025,55.269004,-21.072926
5807,1951,REU.2.3_1,REU.2.3_1,0.00835784107139514,0.63266718386796,0.624309342796564,2025.20808051509,2025.21643835616,CHIKV_RUN_S23b56_2025,55.427947,-20.891879
3913,1402,REU.2.3_1,REU.2.3_1,0.00826982732016601,0.63266718386796,0.624397356547794,2025.20816852884,2025.21643835616,CHIKV_RUN_S25b34_2025,55.471893,-20.928755
3638,2914,REU.2.3_1,REU.2.3_1,0.00457455654031735,0.63266718386796,0.628092627327642,2025.21186379962,2025.21643835616,CHIKV_RUN_S37b46_2025,55.511459,-20.9144
4590,4591,REU.4.3_1,REU.4.8_1,0.0220859476664241,0.632916412464118,0.610830464797694,2025.19460163709,2025.21668758476,NA,NA,NA
3377,3378,REU.4.5_1,REU.4.5_1,0.0304696902535302,0.633067457980714,0.602597767727184,2025.18636894002,2025.21683863028,NA,NA,NA
5125,5126,REU.2.3_1,REU.2.3_1,0.0433469329538481,0.63312654280724,0.589779609853392,2025.17355078215,2025.2168977151,NA,NA,NA
5691,5692,REU.3.4_1,REU.3.4_1,0.0232325358412151,0.633193362340665,0.60996082649945,2025.1937319988,2025.21696453464,NA,NA,NA
4579,4580,REU.2.3_1,REU.2.3_1,0.00987144396810213,0.633306734407038,0.623435290438936,2025.20720646274,2025.2170779067,NA,NA,NA
5007,5009,REU.2.3_1,REU.2.3_1,0.0511749332876162,0.633778061420021,0.582603128132404,2025.16637430043,2025.21754923372,NA,NA,NA
3190,3192,REU.4.8_1,REU.4.8_1,0.0534378629653587,0.634270303029139,0.58083244006378,2025.16460361236,2025.21804147533,NA,NA,NA
3562,3563,REU.3.4_1,REU.3.4_1,0.141690965844069,0.63437750467828,0.492686538834211,2025.07645771113,2025.21814867697,NA,NA,NA
3973,3974,REU.2.3_1,REU.2.3_1,0.0523067119168397,0.63448932345738,0.582182611540541,2025.16595378384,2025.21826049575,NA,NA,NA
3840,3841,REU.4.3_1,REU.4.3_1,0.0418682504277951,0.634538797627701,0.592670547199906,2025.1764417195,2025.21830996992,NA,NA,NA
5692,5693,REU.3.4_1,REU.3.4_1,0.00181221683878863,0.635005579179454,0.633193362340665,2025.21696453464,2025.21877675148,NA,NA,NA
3316,3317,REU.2.5_1,REU.2.5_1,0.0628436687291491,0.635211960722574,0.572368291993425,2025.15613946429,2025.21898313302,NA,NA,NA
4043,4044,REU.4.8_1,REU.4.8_1,0.0299832070983508,0.635265053220893,0.605281846122542,2025.18905301842,2025.21903622552,NA,NA,NA
5235,644,REU.4.3_1,REU.4.3_1,0.15126105244683,0.635406909895317,0.484145857448487,2025.06791702974,2025.21917808219,CHIKV_RUN_S37b95_2025,55.522786,-21.279213
5232,863,REU.4.3_1,REU.4.3_1,0.144896263413169,0.635406909895317,0.490510646482148,2025.07428181878,2025.21917808219,CHIKV_RUN_S25b36_2025,55.536158,-21.251143
3777,171,REU.4.5_1,REU.4.5_1,0.142007167474163,0.635406909895317,0.493399742421154,2025.07717091472,2025.21917808219,CHIKV_RUN_S25b46_2025,55.674098,-21.369765
4693,1060,REU.4.3_1,REU.4.3_1,0.121030406752709,0.635406909895317,0.514376503142608,2025.09814767544,2025.21917808219,CHIKV_RUN_S26b40_2025,55.514178,-21.287805
3331,2573,REU.3.1_1,REU.3.4_1,0.115701240629642,0.635406909895317,0.519705669265675,2025.10347684156,2025.21917808219,CHIKV_RUN_S25b06_2025,55.306494,-21.171758
3593,2447,REU.4.8_1,REU.2.3_1,0.115680836748724,0.635406909895317,0.519726073146593,2025.10349724544,2025.21917808219,CHIKV_RUN_S25b42_2025,55.437121,-20.923859
4222,1472,REU.4.3_1,REU.3.5_1,0.110943686406933,0.635406909895317,0.524463223488384,2025.10823439578,2025.21917808219,CHIKV_RUN_S37b45_2025,55.272836,-21.028117
4047,268,REU.4.8_1,REU.2.3_1,0.108196423461966,0.635406909895317,0.527210486433351,2025.11098165873,2025.21917808219,CHIKV_RUN_S26b49_2025,55.507989,-20.900881
4977,1386,REU.4.5_1,REU.4.8_1,0.10645769365027,0.635406909895317,0.528949216245047,2025.11272038854,2025.21917808219,CHIKV_RUN_S25b38_2025,55.487389,-21.343426
5534,2109,REU.4.5_1,REU.4.8_1,0.105893089343765,0.635406909895317,0.529513820551552,2025.11328499285,2025.21917808219,CHIKV_RUN_S25b35_2025,55.473411,-21.338959
4266,1527,REU.4.3_1,REU.4.8_1,0.102078470336754,0.635406909895317,0.533328439558563,2025.11709961186,2025.21917808219,CHIKV_RUN_S25b58_2025,55.449845,-21.279545
5748,2771,REU.3.1_1,REU.3.2_1,0.0994038974516285,0.635406909895317,0.536003012443689,2025.11977418474,2025.21917808219,CHIKV_RUN_S37b94_2025,55.337215,-21.235777
4410,459,REU.2.3_1,REU.2.3_1,0.0980207659721133,0.635406909895317,0.537386143923204,2025.12115731622,2025.21917808219,CHIKV_RUN_S25b62_2025,55.422782,-20.887109
3508,2940,REU.3.4_1,REU.3.4_1,0.088418769312849,0.635406909895317,0.546988140582468,2025.13075931288,2025.21917808219,CHIKV_RUN_S37b50_2025,55.295193,-21.172055
5430,985,REU.2.3_1,REU.2.3_1,0.0793499031073032,0.635406909895317,0.556057006788014,2025.13982817908,2025.21917808219,CHIKV_RUN_S25b32_2025,55.446619,-20.892493
3175,2816,REU.3.3_1,REU.3.3_1,0.0747537554927262,0.635406909895317,0.560653154402591,2025.1444243267,2025.21917808219,CHIKV_RUN_S26b68_2025,55.294419,-21.109941
5237,646,REU.4.3_1,REU.4.5_1,0.06837044794297,0.635406909895317,0.567036461952347,2025.15080763425,2025.21917808219,CHIKV_RUN_S25b40_2025,55.681644,-21.372669
6100,1918,REU.4.8_1,REU.4.6_1,0.068211259064719,0.635406909895317,0.567195650830598,2025.15096682313,2025.21917808219,CHIKV_RUN_S25b52_2025,55.402687,-21.27616
5726,2326,REU.3.4_1,REU.3.4_1,0.0678772865760542,0.635406909895317,0.567529623319263,2025.15130079562,2025.21917808219,CHIKV_RUN_S25b56_2025,55.306083,-21.170365
5416,975,REU.2.3_1,REU.3.5_1,0.0661853441426666,0.635406909895317,0.56922156575265,2025.15299273805,2025.21917808219,CHIKV_RUN_S25b92_2025,55.33505,-20.988161
5931,2595,REU.2.3_1,REU.4.5_1,0.0622730191373433,0.635406909895317,0.573133890757974,2025.15690506305,2025.21917808219,CHIKV_RUN_S25b05_2025,55.626163,-21.380004
4795,161,REU.3.5_1,REU.3.5_1,0.0614169851365888,0.635406909895317,0.573989924758728,2025.15776109706,2025.21917808219,CHIKV_RUN_S26b71_2025,55.274134,-21.097607
3225,2774,REU.4.3_1,REU.4.8_1,0.0613373410286524,0.635406909895317,0.574069568866665,2025.15784074116,2025.21917808219,CHIKV_RUN_S25b43_2025,55.504027,-21.283307
4758,155,REU.4.8_1,REU.4.3_1,0.0590996865860478,0.635406909895317,0.576307223309269,2025.16007839561,2025.21917808219,CHIKV_RUN_S25b55_2025,55.518657,-21.24777
4860,1328,REU.3.5_1,REU.3.5_1,0.0541086118306795,0.635406909895317,0.581298298064638,2025.16506947036,2025.21917808219,CHIKV_RUN_S25b85_2025,55.30305,-20.97523
3200,3076,REU.4.6_1,REU.4.6_1,0.0526636972678041,0.635406909895317,0.582743212627513,2025.16651438492,2025.21917808219,CHIKV_RUN_S25b33_2025,55.431587,-21.282575
3172,2834,REU.2.1_1,REU.2.1_1,0.0516085560267638,0.635406909895317,0.583798353868553,2025.16756952616,2025.21917808219,CHIKV_RUN_S26b52_2025,55.360738,-20.928698
4134,1296,REU.3.5_1,REU.3.5_1,0.0514960233457427,0.635406909895317,0.583910886549574,2025.16768205885,2025.21917808219,CHIKV_RUN_S25b78_2025,55.288407,-21.020774
3947,1748,REU.4.8_1,REU.4.5_1,0.0479365976400198,0.635406909895317,0.587470312255297,2025.17124148455,2025.21917808219,CHIKV_RUN_S37b58_2025,55.630496,-21.350412
3793,231,REU.3.1_1,REU.3.1_1,0.0434099333256158,0.635406909895317,0.591996976569701,2025.17576814887,2025.21917808219,CHIKV_RUN_S25b02_2025,55.368663,-21.269053
4036,1058,REU.4.8_1,REU.3.5_1,0.0404879502761935,0.635406909895317,0.594918959619124,2025.17869013192,2025.21917808219,CHIKV_RUN_S26b72_2025,55.291374,-21.056847
4967,1066,REU.2.2_1,REU.2.2_1,0.0384625608948026,0.635406909895317,0.596944349000514,2025.1807155213,2025.21917808219,CHIKV_RUN_S25b91_2025,55.298792,-20.944566
5472,2536,REU.2.3_1,REU.2.3_1,0.0348178577006164,0.635406909895317,0.600589052194701,2025.18436022449,2025.21917808219,CHIKV_RUN_S25b09_2025,55.456964,-20.906856
5404,1000,REU.2.3_1,REU.2.3_1,0.0336143544655678,0.635406909895317,0.601792555429749,2025.18556372773,2025.21917808219,CHIKV_RUN_S25b16_2025,55.449303,-20.893581
4801,131,REU.4.3_1,REU.2.3_1,0.023621494504715,0.635406909895317,0.611785415390602,2025.19555658769,2025.21917808219,CHIKV_RUN_S25b45_2025,55.476658,-20.910063
5920,2247,REU.4.3_1,REU.4.3_1,0.0182642017907845,0.635406909895317,0.617142708104533,2025.2009138804,2025.21917808219,CHIKV_RUN_S25b07_2025,55.49481,-21.249115
4772,120,REU.3.5_1,REU.3.5_1,0.0177124268040314,0.635406909895317,0.617694483091286,2025.20146565539,2025.21917808219,CHIKV_RUN_S26b79_2025,55.269583,-21.081796
3491,2956,REU.3.4_1,REU.3.4_1,0.0101907778895955,0.635406909895317,0.625216132005721,2025.2089873043,2025.21917808219,CHIKV_RUN_S26b56_2025,55.300367,-21.196644
4874,306,REU.4.6_1,REU.4.6_1,0.00622823524349114,0.635406909895317,0.629178674651826,2025.21294984695,2025.21917808219,CHIKV_RUN_S25b44_2025,55.41317,-21.282904
3569,2472,REU.4.6_1,REU.4.6_1,0.00524374242660497,0.635406909895317,0.630163167468712,2025.21393433977,2025.21917808219,CHIKV_RUN_S25b47_2025,55.425257,-21.251648
4515,4516,REU.4.3_1,REU.4.8_1,0.112337692684733,0.635656561933717,0.523318869248985,2025.10709004155,2025.21942773423,NA,NA,NA
5485,5486,REU.4.3_1,REU.4.8_1,0.0143738769033086,0.635676551936314,0.621302675033006,2025.20507384733,2025.21944772423,NA,NA,NA
4085,4086,REU.3.5_1,REU.3.5_1,0.0233161607250477,0.635863461481487,0.612547300756439,2025.19631847305,2025.21963463378,NA,NA,NA
3680,3681,REU.2.3_1,REU.2.3_1,0.0348993260604322,0.636012388409506,0.601113062349074,2025.18488423465,2025.21978356071,NA,NA,NA
4356,4357,REU.4.8_1,REU.4.8_1,0.0291639892637288,0.636086930989614,0.606922941725885,2025.19069411402,2025.21985810329,NA,NA,NA
3886,3889,REU.2.3_1,REU.2.3_1,0.137306239407279,0.636116844971006,0.498810605563726,2025.08258177786,2025.21988801727,NA,NA,NA
4776,4777,REU.4.6_1,REU.3.5_1,0.0658014530051623,0.636570659768815,0.570769206763652,2025.15454037906,2025.22034183207,NA,NA,NA
3795,3796,REU.4.5_1,REU.4.8_1,0.0431155353488686,0.636713216324158,0.593597680975289,2025.17736885327,2025.22048438862,NA,NA,NA
5394,5396,REU.2.3_1,REU.2.3_1,0.0455162352606873,0.636996612016268,0.591480376755581,2025.17525154905,2025.22076778431,NA,NA,NA
3210,3212,REU.4.8_1,REU.4.8_1,0.0175284761287698,0.637329946224033,0.619801470095263,2025.20357264239,2025.22110111852,NA,NA,NA
3981,3982,REU.1.3_1,REU.1.3_1,0.0308073324615448,0.637403158138742,0.606595825677197,2025.19036699797,2025.22117433044,NA,NA,NA
5743,5745,REU.3.1_1,REU.3.1_1,0.0226937344094781,0.637410798904076,0.614717064494598,2025.19848823679,2025.2211819712,NA,NA,NA
3407,3409,REU.4.8_1,REU.4.8_1,0.0440712951210783,0.637644468187666,0.593573173066588,2025.17734434536,2025.22141564048,NA,NA,NA
3722,3723,REU.3.4_1,REU.3.4_1,0.0602640350800729,0.637648179470989,0.577384144390916,2025.16115531669,2025.22141935177,NA,NA,NA
4148,4149,REU.4.3_1,REU.2.3_1,0.135347858741131,0.637807575895186,0.502459717154055,2025.08623088945,2025.22157874819,NA,NA,NA
5381,5382,REU.4.3_1,REU.4.3_1,0.0744717535748163,0.637905354438253,0.563433600863437,2025.14720477316,2025.22167652673,NA,NA,NA
3409,3410,REU.4.8_1,REU.4.8_1,0.000392688679666908,0.638037156867333,0.637644468187666,2025.22141564048,2025.22180832916,NA,NA,NA
5466,5467,REU.2.3_1,REU.2.3_1,0.0736276773308905,0.638127583719464,0.564499906388573,2025.14827107868,2025.22189875602,NA,NA,NA
5444,1471,REU.4.3_1,REU.1.1_1,0.152764432652894,0.638146635922674,0.48538220326978,2025.06915337557,2025.22191780822,CHIKV_RUN_S27b36_2025,55.663288,-21.005369
4443,529,REU.4.3_1,REU.4.8_1,0.142832504200274,0.638146635922674,0.4953141317224,2025.07908530402,2025.22191780822,CHIKV_RUN_S25b63_2025,55.485962,-21.277645
5645,2163,REU.4.3_1,REU.4.3_1,0.122207951305147,0.638146635922674,0.515938684617527,2025.09970985691,2025.22191780822,CHIKV_RUN_S25b77_2025,55.525044,-21.237499
4269,1538,REU.4.3_1,REU.4.3_1,0.112970514347455,0.638146635922674,0.525176121575219,2025.10894729387,2025.22191780822,CHIKV_RUN_S25b60_2025,55.501327,-21.264938
4260,1492,REU.4.8_1,REU.4.3_1,0.111965938961466,0.638146635922674,0.526180696961209,2025.10995186926,2025.22191780822,CHIKV_RUN_S25b66_2025,55.496971,-21.264595
3800,214,REU.4.5_1,REU.4.4_1,0.105901438700795,0.638146635922674,0.532245197221879,2025.11601636952,2025.22191780822,CHIKV_RUN_S26b54_2025,55.575482,-21.352585
3470,2985,REU.3.4_1,REU.3.4_1,0.0961146456737472,0.638146635922674,0.542031990248927,2025.12580316255,2025.22191780822,CHIKV_RUN_S25b89_2025,55.298917,-21.17404
4253,1486,REU.4.3_1,REU.4.3_1,0.0897967960790331,0.638146635922674,0.548349839843641,2025.13212101214,2025.22191780822,CHIKV_RUN_S25b80_2025,55.499176,-21.245505
5459,2845,REU.4.3_1,REU.4.8_1,0.0857942514957912,0.638146635922674,0.552352384426883,2025.13612355672,2025.22191780822,CHIKV_RUN_S26b36_2025,55.432868,-21.287523
5254,685,REU.4.8_1,REU.2.3_1,0.0715621806405039,0.638146635922674,0.56658445528217,2025.15035562758,2025.22191780822,CHIKV_RUN_S25b31_2025,55.471828,-20.925936
3953,1277,REU.4.3_1,REU.4.4_1,0.0709763180324128,0.638146635922674,0.567170317890262,2025.15094149019,2025.22191780822,CHIKV_RUN_S25b70_2025,55.560686,-21.331171
5984,2797,REU.3.1_1,REU.3.1_1,0.0705031376906592,0.638146635922674,0.567643498232015,2025.15141467053,2025.22191780822,CHIKV_RUN_S25b65_2025,55.360735,-21.261353
5505,1886,REU.3.5_1,REU.3.5_1,0.0667298071341886,0.638146635922674,0.571416828788486,2025.15518800108,2025.22191780822,CHIKV_RUN_S26b73_2025,55.26715,-21.010664
5493,2559,REU.4.8_1,REU.4.8_1,0.0655882250192008,0.638146635922674,0.572558410903474,2025.1563295832,2025.22191780822,CHIKV_RUN_S25b08_2025,55.488834,-21.299361
3896,339,REU.2.3_1,REU.2.3_1,0.051227279824166,0.638146635922675,0.586919356098509,2025.1706905284,2025.22191780822,CHIKV_RUN_S25b81_2025,55.448275,-20.89179
5093,794,REU.4.6_1,REU.3.1_1,0.0506076655158482,0.638146635922675,0.587538970406826,2025.1713101427,2025.22191780822,CHIKV_RUN_S25b04_2025,55.337037,-21.274744
4107,1712,REU.2.5_1,REU.2.5_1,0.0490784147853662,0.638146635922674,0.589068221137308,2025.17283939343,2025.22191780822,CHIKV_RUN_S25b30_2025,55.634094,-20.935079
5917,2289,REU.4.8_1,REU.4.8_1,0.0446288740155596,0.638146635922674,0.593517761907115,2025.1772889342,2025.22191780822,CHIKV_RUN_S25b72_2025,55.488696,-21.346733
5536,2064,REU.4.5_1,REU.4.5_1,0.0381231877856034,0.638146635922674,0.600023448137071,2025.18379462043,2025.22191780822,CHIKV_RUN_S25b76_2025,55.667801,-21.339823
3633,2912,REU.2.3_1,REU.2.3_1,0.0295389467769096,0.638146635922675,0.608607689145765,2025.19237886144,2025.22191780822,CHIKV_RUN_S25b29_2025,55.505747,-20.910464
4435,419,REU.4.3_1,REU.4.3_1,0.0254777563453634,0.638146635922674,0.612668879577311,2025.19644005187,2025.22191780822,CHIKV_RUN_S25b24_2025,55.522242,-21.293527
3180,2810,REU.2.3_1,REU.3.2_1,0.0163385363324909,0.638146635922674,0.621808099590183,2025.20557927189,2025.22191780822,CHIKV_RUN_S25b64_2025,55.346655,-21.221961
5600,2132,REU.4.5_1,REU.4.5_1,0.0131017224678577,0.638146635922674,0.625044913454817,2025.20881608575,2025.22191780822,CHIKV_RUN_S25b67_2025,55.612957,-21.352924
4591,437,REU.4.8_1,REU.4.8_1,0.00523022345855595,0.638146635922674,0.632916412464118,2025.21668758476,2025.22191780822,CHIKV_RUN_S25b69_2025,55.540109,-21.319528
5397,5398,REU.2.3_1,REU.2.3_1,0.0632602240002136,0.638242519976855,0.574982295976642,2025.15875346827,2025.22201369227,NA,NA,NA
4324,4325,REU.4.3_1,REU.4.3_1,0.131449774754986,0.638434565144817,0.506984790389831,2025.09075596269,2025.22220573744,NA,NA,NA
3772,3773,REU.4.5_1,REU.2.3_1,0.0989221285137445,0.638586825714231,0.539664697200487,2025.1234358695,2025.22235799801,NA,NA,NA
3410,3411,REU.4.8_1,REU.4.8_1,0.000727341700383799,0.638764498567717,0.638037156867333,2025.22180832916,2025.22253567086,NA,NA,NA
5132,5133,REU.4.3_1,REU.4.3_1,0.0369191550880549,0.639220054943394,0.602300899855339,2025.18607207215,2025.22299122724,NA,NA,NA
5527,5528,REU.4.5_1,REU.4.5_1,0.0322942050908215,0.639411549579684,0.607117344488862,2025.19088851679,2025.22318272188,NA,NA,NA
4840,4841,REU.2.4_1,REU.2.4_1,0.0297330038199697,0.639492170477915,0.609759166657945,2025.19353033895,2025.22326334277,NA,NA,NA
4855,4856,REU.3.5_1,REU.3.5_1,0.109974837572775,0.639707301769427,0.529732464196652,2025.11350363649,2025.22347847407,NA,NA,NA
5778,5781,REU.4.3_1,REU.2.3_1,0.0611701236545575,0.639934641258763,0.578764517604205,2025.1625356899,2025.22370581356,NA,NA,NA
5434,5435,REU.2.3_1,REU.2.3_1,0.110774843493901,0.640032642741936,0.529257799248035,2025.11302897154,2025.22380381504,NA,NA,NA
3502,3503,REU.4.6_1,REU.4.6_1,0.0591216312889657,0.640433672574254,0.581312041285289,2025.16508321358,2025.22420484487,NA,NA,NA
5060,5061,REU.4.3_1,REU.2.3_1,0.0786467499186598,0.640672083369444,0.562025333450784,2025.14579650575,2025.22444325567,NA,NA,NA
3252,3253,REU.4.8_1,REU.4.6_1,0.0540762027171066,0.640775249122115,0.586699046405009,2025.1704702187,2025.22454642142,NA,NA,NA
6124,2478,REU.3.1_1,REU.4.3_1,0.304927351407816,0.640886361950032,0.335959010542216,2024.91973018284,2025.22465753425,CHIKV_RUN_S27b17_2025,55.514184,-21.270686
4246,1504,REU.4.3_1,REU.4.3_1,0.217951004645779,0.640886361950032,0.422935357304252,2025.0067065296,2025.22465753425,CHIKV_RUN_S26b88_2025,55.516151,-21.268027
4817,1429,REU.4.3_1,REU.3.5_1,0.199237164203418,0.640886361950032,0.441649197746614,2025.02542037004,2025.22465753425,CHIKV_RUN_S28b21_2025,55.286795,-21.094467
6219,41,REU.2.3_1,REU.2.3_1,0.179852255107769,0.640886361950032,0.461034106842263,2025.04480527914,2025.22465753425,CHIKV_RUN_S25b74_2025,55.488951,-20.900533
4268,1519,REU.4.3_1,REU.4.6_1,0.151859394257909,0.640886361950032,0.489026967692123,2025.07279813999,2025.22465753425,CHIKV_RUN_S27b19_2025,55.427432,-21.251684
3578,2456,REU.3.4_1,REU.3.4_1,0.144292366300736,0.640886361950032,0.496593995649296,2025.08036516795,2025.22465753425,CHIKV_RUN_S28b69_2025,55.302616,-21.189751
5293,1240,REU.4.4_1,REU.4.4_1,0.131707435809903,0.640886361950032,0.509178926140129,2025.09295009844,2025.22465753425,CHIKV_RUN_S26b85_2025,55.564396,-21.352531
4464,550,REU.4.3_1,REU.4.3_1,0.127324851823261,0.640886361950032,0.513561510126771,2025.09733268242,2025.22465753425,CHIKV_RUN_S26b59_2025,55.494352,-21.244688
4509,514,REU.4.3_1,REU.4.3_1,0.127076287937654,0.640886361950032,0.513810074012378,2025.09758124631,2025.22465753425,CHIKV_RUN_S26b34_2025,55.508801,-21.264269
3352,2691,REU.3.5_1,REU.3.5_1,0.125153754947916,0.640886361950032,0.515732607002116,2025.0995037793,2025.22465753425,CHIKV_RUN_S28b67_2025,55.275786,-21.049118
4563,461,REU.4.3_1,REU.4.8_1,0.117991661823146,0.640886361950032,0.522894700126885,2025.10666587242,2025.22465753425,CHIKV_RUN_S27b23_2025,55.477233,-21.26922
4242,1534,REU.4.3_1,REU.4.8_1,0.11058946952816,0.640886361950032,0.530296892421872,2025.11406806472,2025.22465753425,CHIKV_RUN_S25b84_2025,55.481382,-21.286126
4165,109,REU.4.3_1,REU.4.4_1,0.106618242466342,0.640886361950032,0.534268119483689,2025.11803929178,2025.22465753425,CHIKV_RUN_S26b51_2025,55.57028,-21.35237
3817,224,REU.4.5_1,REU.4.8_1,0.102257290827897,0.640886361950032,0.538629071122134,2025.12240024342,2025.22465753425,CHIKV_RUN_S25b90_2025,55.484644,-21.325466
5656,1866,REU.4.8_1,REU.2.3_1,0.101823592255168,0.640886361950032,0.539062769694864,2025.12283394199,2025.22465753425,CHIKV_RUN_S26b60_2025,55.467591,-20.887409
3743,2422,REU.3.4_1,REU.3.4_1,0.0999946552914087,0.640886361950032,0.540891706658623,2025.12466287896,2025.22465753425,CHIKV_RUN_S28b28_2025,55.314656,-21.222838
3759,186,REU.4.8_1,REU.4.8_1,0.0985148544617205,0.640886361950032,0.542371507488311,2025.12614267978,2025.22465753425,CHIKV_RUN_S26b86_2025,55.477665,-21.282717
4263,1489,REU.4.3_1,REU.4.3_1,0.096728678702405,0.640886361950032,0.544157683247627,2025.12792885554,2025.22465753425,CHIKV_RUN_S26b91_2025,55.513918,-21.282667
3267,2342,REU.4.8_1,REU.2.1_1,0.0947799287472484,0.640886361950032,0.546106433202783,2025.1298776055,2025.22465753425,CHIKV_RUN_S26b61_2025,55.337222,-20.943686
3753,175,REU.4.8_1,REU.4.8_1,0.092878034598347,0.640886361950032,0.548008327351685,2025.13177949965,2025.22465753425,CHIKV_RUN_S26b77_2025,55.497748,-21.275272
5966,3028,REU.4.3_1,REU.4.3_1,0.0888266835829296,0.640886361950032,0.552059678367102,2025.13583085066,2025.22465753425,CHIKV_RUN_S25b83_2025,55.523188,-21.273684
5374,1215,REU.4.8_1,REU.4.4_1,0.0849729525365822,0.640886361950032,0.555913409413449,2025.13968458171,2025.22465753425,CHIKV_RUN_S25b87_2025,55.566791,-21.348393
3405,2476,REU.3.1_1,REU.2.3_1,0.0833318911985648,0.640886361950032,0.557554470751467,2025.14132564305,2025.22465753425,CHIKV_RUN_S26b74_2025,55.428183,-20.888875
5217,800,REU.4.3_1,REU.4.8_1,0.0826271515770836,0.640886361950032,0.558259210372948,2025.14203038267,2025.22465753425,CHIKV_RUN_S25b86_2025,55.469089,-21.282404
3843,1667,REU.4.3_1,REU.4.8_1,0.0761054745534822,0.640886361950032,0.56478088739655,2025.14855205969,2025.22465753425,CHIKV_RUN_S26b84_2025,55.49333,-21.304876
3735,2414,REU.4.3_1,REU.2.3_1,0.0745598030455552,0.640886361950032,0.566326558904477,2025.1500977312,2025.22465753425,CHIKV_RUN_S25b82_2025,55.399989,-20.920397
5254,680,REU.4.8_1,REU.4.5_1,0.0743019066678613,0.640886361950032,0.56658445528217,2025.15035562758,2025.22465753425,CHIKV_RUN_S27b22_2025,55.603506,-21.378467
5757,2714,REU.3.4_1,REU.1.3_1,0.0722409452445459,0.640886361950032,0.568645416705486,2025.152416589,2025.22465753425,CHIKV_RUN_S27b26_2025,55.665066,-20.957693
3530,1863,REU.4.8_1,REU.4.6_1,0.0684574597645542,0.640886361950032,0.572428902185478,2025.15620007448,2025.22465753425,CHIKV_RUN_S25b73_2025,55.405223,-21.27357
4023,967,REU.2.1_1,REU.2.1_1,0.0672205014870737,0.640886361950032,0.573665860462958,2025.15743703276,2025.22465753425,CHIKV_RUN_S28b60_2025,55.321956,-20.961636
4113,1651,REU.4.3_1,REU.4.6_1,0.0663475391986181,0.640886361950032,0.574538822751414,2025.15830999505,2025.22465753425,CHIKV_RUN_S26b58_2025,55.412982,-21.283275
6204,48,REU.2.3_1,REU.2.3_1,0.0615801211742454,0.640886361950032,0.579306240775787,2025.16307741307,2025.22465753425,CHIKV_RUN_S25b28_2025,55.48949,-20.900664
5345,1261,REU.4.4_1,REU.4.4_1,0.0613732546102959,0.640886361950032,0.579513107339736,2025.16328427964,2025.22465753425,CHIKV_RUN_S26b64_2025,55.561979,-21.353095
3172,2833,REU.2.1_1,REU.2.1_1,0.0570880080814786,0.640886361950032,0.583798353868553,2025.16756952616,2025.22465753425,CHIKV_RUN_S28b46_2025,55.359758,-20.927815
4328,1073,REU.3.5_1,REU.4.4_1,0.0570393461668701,0.640886361950032,0.583847015783162,2025.16761818808,2025.22465753425,CHIKV_RUN_S26b89_2025,55.577908,-21.313066
4021,968,REU.2.3_1,REU.2.2_1,0.0539713153254725,0.640886361950032,0.586915046624559,2025.17068621892,2025.22465753425,CHIKV_RUN_S26b57_2025,55.302173,-20.941665
3668,2894,REU.2.4_1,REU.2.4_1,0.0529035530422084,0.640886361950032,0.587982808907823,2025.1717539812,2025.22465753425,CHIKV_RUN_S25b95_2025,55.523042,-20.903674
4488,557,REU.4.3_1,REU.4.3_1,0.0528327778276565,0.640886361950032,0.588053584122375,2025.17182475642,2025.22465753425,CHIKV_RUN_S26b69_2025,55.505899,-21.261397
6077,2383,REU.3.1_1,REU.3.1_1,0.0487543871346499,0.640886361950032,0.592131974815382,2025.17590314711,2025.22465753425,CHIKV_RUN_S25b88_2025,55.373871,-21.266454
5742,1792,REU.3.1_1,REU.2.3_1,0.0445704062432504,0.640886361950032,0.596315955706781,2025.180087128,2025.22465753425,CHIKV_RUN_S25b71_2025,55.468596,-20.88681
4469,571,REU.4.8_1,REU.4.4_1,0.0437379109940252,0.640886361950032,0.597148450956007,2025.18091962325,2025.22465753425,CHIKV_RUN_S27b16_2025,55.567447,-21.33182
3820,243,REU.4.5_1,REU.4.7_1,0.0384651678270193,0.640886361950032,0.602421194123013,2025.18619236642,2025.22465753425,CHIKV_RUN_S26b55_2025,55.715351,-21.370847
5611,2061,REU.2.3_1,REU.2.3_1,0.0367292651305994,0.640886361950032,0.604157096819432,2025.18792826912,2025.22465753425,CHIKV_RUN_S25b75_2025,55.489422,-20.897404
4794,165,REU.3.5_1,REU.3.5_1,0.033741392279019,0.640886361950032,0.607144969671013,2025.19091614197,2025.22465753425,CHIKV_RUN_S26b66_2025,55.286858,-20.993365
3821,245,REU.4.5_1,REU.4.5_1,0.0327969633268029,0.640886361950032,0.608089398623229,2025.19186057092,2025.22465753425,CHIKV_RUN_S27b21_2025,55.622211,-21.375907
4504,584,REU.4.3_1,REU.1.1_1,0.0323075622918386,0.640886361950032,0.608578799658193,2025.19234997195,2025.22465753425,CHIKV_RUN_S27b35_2025,55.693202,-21.002018
4698,1551,REU.1.4_1,REU.1.4_1,0.0291063771000475,0.640886361950032,0.611779984849984,2025.19555115715,2025.22465753425,CHIKV_RUN_S37b72_2025,55.740887,-21.078594
5602,2133,REU.4.5_1,REU.4.5_1,0.0279332107233194,0.640886361950032,0.612953151226712,2025.19672432352,2025.22465753425,CHIKV_RUN_S27b18_2025,55.621328,-21.379616
3804,220,REU.4.5_1,REU.4.5_1,0.0251430706229656,0.640886361950032,0.615743291327066,2025.19951446362,2025.22465753425,CHIKV_RUN_S27b15_2025,55.607505,-21.335502
6178,5,REU.3.5_1,REU.3.5_1,0.02441667806436,0.640886361950032,0.616469683885672,2025.20024085618,2025.22465753425,CHIKV_RUN_S28b81_2025,55.223537,-21.075853
3878,331,REU.2.3_1,REU.2.3_1,0.0223738354869334,0.640886361950032,0.618512526463098,2025.20228369876,2025.22465753425,CHIKV_RUN_S26b81_2025,55.473772,-20.902862
5422,1027,REU.2.3_1,REU.2.3_1,0.0150724334490996,0.640886361950032,0.625813928500932,2025.2095851008,2025.22465753425,CHIKV_RUN_S26b63_2025,55.44756,-20.893639
5342,1172,REU.4.4_1,REU.4.4_1,0.0126088546349967,0.640886361950032,0.628277507315035,2025.21204867961,2025.22465753425,CHIKV_RUN_S26b78_2025,55.544254,-21.36026
5330,1210,REU.4.8_1,REU.1.4_1,0.0117267361470181,0.640886361950032,0.629159625803014,2025.2129307981,2025.22465753425,CHIKV_RUN_S27b25_2025,55.71566,-21.050163
4591,438,REU.4.8_1,REU.4.8_1,0.00796994948591334,0.640886361950032,0.632916412464118,2025.21668758476,2025.22465753425,CHIKV_RUN_S25b68_2025,55.486672,-21.256267
3889,326,REU.2.3_1,REU.2.3_1,0.00476951697902628,0.640886361950032,0.636116844971006,2025.21988801727,2025.22465753425,CHIKV_RUN_S26b50_2025,55.448275,-20.89179
5467,2535,REU.2.3_1,REU.1.6_1,0.00275877823056825,0.640886361950032,0.638127583719464,2025.22189875602,2025.22465753425,CHIKV_RUN_S32b32_2025,55.543728,-21.025544
5528,2076,REU.4.5_1,REU.4.5_1,0.00147481237034797,0.640886361950032,0.639411549579684,2025.22318272188,2025.22465753425,CHIKV_RUN_S26b93_2025,55.613213,-21.378804
3804,3805,REU.4.5_1,REU.4.5_1,0.0251645595126609,0.640907850839727,0.615743291327066,2025.19951446362,2025.22467902314,NA,NA,NA
3252,3254,REU.4.8_1,REU.4.8_1,0.054227679883551,0.64092672628856,0.586699046405009,2025.1704702187,2025.22469789858,NA,NA,NA
3213,3214,REU.3.1_1,REU.4.6_1,0.164542233401017,0.64098552126714,0.476443287866123,2025.06021446016,2025.22475669356,NA,NA,NA
5886,5887,REU.4.8_1,REU.2.5_1,0.0538658624107563,0.640992157079976,0.58712629466922,2025.17089746697,2025.22476332938,NA,NA,NA
3420,3421,REU.4.8_1,REU.4.5_1,0.0756081517159901,0.641848557189955,0.566240405473965,2025.15001157777,2025.22561972949,NA,NA,NA
3167,3168,REU.2.3_1,REU.2.3_1,0.0763304872411086,0.641997321267011,0.565666834025903,2025.14943800632,2025.22576849356,NA,NA,NA
3805,3806,REU.4.5_1,REU.4.5_1,0.00127214038098689,0.642179991220714,0.640907850839727,2025.22467902314,2025.22595116352,NA,NA,NA
4679,4680,REU.4.8_1,REU.4.8_1,0.068862702602351,0.642261721396446,0.573399018794095,2025.15717019109,2025.22603289369,NA,NA,NA
5505,5506,REU.3.5_1,REU.4.8_1,0.0710176289249136,0.642434457713399,0.571416828788486,2025.15518800108,2025.22620563001,NA,NA,NA
4289,4290,REU.4.8_1,REU.4.5_1,0.0844155165911138,0.642514677579388,0.558099160988275,2025.14187033328,2025.22628584988,NA,NA,NA
5796,5797,REU.3.1_1,REU.4.6_1,0.140379428151869,0.642673476580068,0.502294048428199,2025.08606522072,2025.22644464888,NA,NA,NA
5079,5080,REU.4.3_1,REU.4.3_1,0.0762057098581329,0.64269479481486,0.566489084956727,2025.15026025725,2025.22646596711,NA,NA,NA
4615,4616,REU.3.5_1,REU.3.5_1,0.140115136587699,0.642739960438704,0.502624823851005,2025.08639599615,2025.22651113274,NA,NA,NA
3887,3888,REU.2.2_1,REU.2.2_1,0.0392923345314897,0.642936178445909,0.603643843914419,2025.18741501621,2025.22670735074,NA,NA,NA
5486,5487,REU.4.8_1,REU.4.8_1,0.00732305959081214,0.642999611527126,0.635676551936314,2025.21944772423,2025.22677078382,NA,NA,NA
3702,2666,REU.3.1_1,REU.3.1_1,0.222953107093981,0.643626087977617,0.420672980883635,2025.00444415318,2025.22739726027,CHIKV_RUN_S28b64_2025,55.360644,-21.247527
4978,1418,REU.4.3_1,REU.3.5_1,0.21073275776376,0.643626087977617,0.432893330213857,2025.01666450251,2025.22739726027,CHIKV_RUN_S28b42_2025,55.269241,-21.05027
6080,2503,REU.3.1_1,REU.3.5_1,0.202351309164851,0.643626087977617,0.441274778812765,2025.02504595111,2025.22739726027,CHIKV_RUN_S28b86_2025,55.276167,-21.039355
6187,20,REU.3.1_1,REU.3.4_1,0.184075427597086,0.643626087977617,0.459550660380531,2025.04332183268,2025.22739726027,CHIKV_RUN_S28b71_2025,55.292915,-21.141879
4163,887,REU.4.3_1,REU.4.3_1,0.157758190849875,0.643626087977617,0.485867897127741,2025.06963906942,2025.22739726027,CHIKV_RUN_S28b90_2025,55.526974,-21.269196
5069,650,REU.4.3_1,REU.2.1_1,0.15487986776103,0.643626087977617,0.488746220216587,2025.07251739251,2025.22739726027,CHIKV_RUN_S28b84_2025,55.325103,-20.959596
3705,2665,REU.3.2_1,REU.3.2_1,0.147965579735365,0.643626087977617,0.495660508242251,2025.07943168054,2025.22739726027,CHIKV_RUN_S28b35_2025,55.339988,-21.238196
5212,760,REU.4.8_1,REU.4.8_1,0.146151595720068,0.643626087977617,0.497474492257548,2025.08124566455,2025.22739726027,CHIKV_RUN_S28b40_2025,55.471427,-21.29194
5483,2567,REU.4.3_1,REU.1.5_1,0.129579677161533,0.643626087977617,0.514046410816083,2025.09781758311,2025.22739726027,CHIKV_RUN_S32b17_2025,55.781831,-21.128805
5152,707,REU.4.3_1,REU.4.8_1,0.112820985379342,0.643626087977617,0.530805102598275,2025.11457627489,2025.22739726027,CHIKV_RUN_S28b18_2025,55.501265,-21.29596
3353,2689,REU.3.5_1,REU.3.5_1,0.104266835348192,0.643626087977617,0.539359252629424,2025.12313042493,2025.22739726027,CHIKV_RUN_S42b14_2025,55.274428,-21.049411
3588,2474,REU.3.4_1,REU.4.6_1,0.104076379005499,0.643626087977616,0.539549708972117,2025.12332088127,2025.22739726027,CHIKV_RUN_S28b87_2025,55.417048,-21.285091
5858,2630,REU.3.5_1,REU.2.3_1,0.0898617212513979,0.643626087977617,0.553764366726219,2025.13753553902,2025.22739726027,CHIKV_RUN_S26b95_2025,55.489626,-20.925325
4771,156,REU.3.5_1,REU.4.8_1,0.0888520421784305,0.643626087977617,0.554774045799186,2025.1385452181,2025.22739726027,CHIKV_RUN_S28b57_2025,55.489994,-21.274157
6078,2395,REU.3.1_1,REU.3.1_1,0.086255407014912,0.643626087977617,0.557370680962705,2025.14114185326,2025.22739726027,CHIKV_RUN_S28b47_2025,55.369389,-21.250618
5370,1225,REU.4.5_1,REU.4.5_1,0.0845028033269266,0.643626087977617,0.55912328465069,2025.14289445695,2025.22739726027,CHIKV_RUN_S28b37_2025,55.614536,-21.379691
3151,2697,REU.3.1_1,REU.3.1_1,0.0843721541559836,0.643626087977617,0.559253933821633,2025.14302510612,2025.22739726027,CHIKV_RUN_S28b34_2025,55.383771,-21.244412
5658,3108,REU.3.5_1,REU.4.2_1,0.083928292978733,0.643626087977617,0.559697794998884,2025.1434689673,2025.22739726027,CHIKV_RUN_S28b51_2025,55.469895,-21.252204
5836,1790,REU.3.1_1,REU.2.3_1,0.0820810294312516,0.643626087977617,0.561545058546365,2025.14531623084,2025.22739726027,CHIKV_RUN_S28b15_2025,55.467883,-20.885932
5130,775,REU.4.3_1,REU.4.8_1,0.0739804771298423,0.643626087977617,0.569645610847774,2025.15341678314,2025.22739726027,CHIKV_RUN_S28b39_2025,55.470373,-21.280406
5426,998,REU.2.3_1,REU.4.8_1,0.0700386305374705,0.643626087977617,0.573587457440146,2025.15735862974,2025.22739726027,CHIKV_RUN_S28b77_2025,55.487577,-21.273709
5325,1170,REU.4.5_1,REU.4.5_1,0.0700023855942322,0.643626087977617,0.573623702383384,2025.15739487468,2025.22739726027,CHIKV_RUN_S26b32_2025,55.594556,-21.370943
4114,284,REU.4.3_1,REU.4.3_1,0.0690245076007132,0.643626087977617,0.574601580376903,2025.15837275267,2025.22739726027,CHIKV_RUN_S28b44_2025,55.527601,-21.238685
4228,1498,REU.4.8_1,REU.4.8_1,0.0623967062504682,0.643626087977617,0.581229381727148,2025.16500055402,2025.22739726027,CHIKV_RUN_S28b25_2025,55.483453,-21.341095
5946,2591,REU.4.3_1,REU.1.3_1,0.0622410382223761,0.643626087977617,0.58138504975524,2025.16515622205,2025.22739726027,CHIKV_RUN_S32b45_2025,55.651096,-20.966442
5760,2509,REU.3.4_1,REU.2.5_1,0.0559350841001188,0.643626087977617,0.587691003877498,2025.17146217617,2025.22739726027,CHIKV_RUN_S28b19_2025,55.606454,-20.936432
4480,585,REU.4.3_1,REU.4.8_1,0.0552431886853648,0.643626087977617,0.588382899292252,2025.17215407159,2025.22739726027,CHIKV_RUN_S28b66_2025,55.526704,-21.33148
3696,2654,REU.3.1_1,REU.3.4_1,0.0529110949216584,0.643626087977617,0.590714993055958,2025.17448616535,2025.22739726027,CHIKV_RUN_S28b65_2025,55.281015,-21.138568
4337,1595,REU.4.8_1,REU.4.8_1,0.0523851968781739,0.643626087977617,0.591240891099443,2025.1750120634,2025.22739726027,CHIKV_RUN_S28b54_2025,55.477771,-21.342704
3494,2943,REU.4.5_1,REU.1.1_1,0.0519416668461001,0.643626087977617,0.591684421131516,2025.17545559343,2025.22739726027,CHIKV_RUN_S26b83_2025,55.690717,-21.000927
3943,1293,REU.4.3_1,REU.4.4_1,0.0468139493674204,0.643626087977617,0.596812138610196,2025.18058331091,2025.22739726027,CHIKV_RUN_S28b24_2025,55.554808,-21.340817
4864,1159,REU.3.5_1,REU.1.4_1,0.0432102420701508,0.643626087977617,0.600415845907466,2025.1841870182,2025.22739726027,CHIKV_RUN_S32b31_2025,55.714716,-21.049256
5440,1006,REU.2.3_1,REU.2.3_1,0.0431219970612642,0.643626087977617,0.600504090916352,2025.18427526321,2025.22739726027,CHIKV_RUN_S28b72_2025,55.451909,-20.892271
3377,2699,REU.4.5_1,REU.4.5_1,0.0410283202504325,0.643626087977617,0.602597767727184,2025.18636894002,2025.22739726027,CHIKV_RUN_S28b38_2025,55.631347,-21.37291
5903,2274,REU.4.8_1,REU.3.2_1,0.0392341819809678,0.643626087977617,0.604391905996649,2025.18816307829,2025.22739726027,CHIKV_RUN_S28b62_2025,55.333873,-21.24543
5826,2311,REU.4.8_1,REU.3.5_1,0.0388722527334647,0.643626087977617,0.604753835244152,2025.18852500754,2025.22739726027,CHIKV_RUN_S28b16_2025,55.300768,-21.018039
4555,590,REU.4.8_1,REU.4.8_1,0.0369021492790568,0.643626087977617,0.60672393869856,2025.190495111,2025.22739726027,CHIKV_RUN_S30b66_2025,55.510124,-21.351051
3565,2461,REU.2.3_1,REU.2.3_1,0.0323897315725094,0.643626087977617,0.611236356405107,2025.1950075287,2025.22739726027,CHIKV_RUN_S26b94_2025,55.482062,-20.918537
4698,1552,REU.1.4_1,REU.1.4_1,0.0318461031276323,0.643626087977617,0.611779984849984,2025.19555115715,2025.22739726027,CHIKV_RUN_S32b44_2025,55.7414,-21.079188
3776,196,REU.4.5_1,REU.4.5_1,0.0283277552737007,0.643626087977617,0.615298332703916,2025.199069505,2025.22739726027,CHIKV_RUN_S28b59_2025,55.60972,-21.376103
4171,1608,REU.4.3_1,REU.4.6_1,0.0262388857806137,0.643626087977617,0.617387202197003,2025.20115837449,2025.22739726027,CHIKV_RUN_S28b53_2025,55.41818,-21.25942
4701,1555,REU.4.3_1,REU.4.3_1,0.0248300940580365,0.643626087977616,0.61879599391958,2025.20256716622,2025.22739726027,CHIKV_RUN_S28b52_2025,55.537963,-21.259936
3180,2813,REU.2.3_1,REU.2.3_1,0.0218179883874331,0.643626087977617,0.621808099590183,2025.20557927189,2025.22739726027,CHIKV_RUN_S26b75_2025,55.423646,-20.877959
4828,1644,REU.4.8_1,REU.4.3_1,0.0173553165270648,0.643626087977617,0.626270771450552,2025.21004194375,2025.22739726027,CHIKV_RUN_S28b55_2025,55.500585,-21.260287
4892,1079,REU.4.3_1,REU.4.3_1,0.0169008493119541,0.643626087977617,0.626725238665662,2025.21049641096,2025.22739726027,CHIKV_RUN_S28b22_2025,55.519258,-21.268663
6098,1913,REU.3.4_1,REU.3.4_1,0.0143985393597401,0.643626087977617,0.629227548617876,2025.21299872091,2025.22739726027,CHIKV_RUN_S30b65_2025,55.314846,-21.220235
4516,511,REU.4.8_1,REU.3.5_1,0.00796952604389922,0.643626087977617,0.635656561933717,2025.21942773423,2025.22739726027,CHIKV_RUN_S29b76_2025,55.228701,-21.066244
3212,2182,REU.4.8_1,REU.4.8_1,0.00629614175358362,0.643626087977617,0.637329946224033,2025.22110111852,2025.22739726027,CHIKV_RUN_S28b73_2025,55.497569,-21.300406
3723,2420,REU.3.4_1,REU.2.3_1,0.00597790850662749,0.643626087977617,0.637648179470989,2025.22141935177,2025.22739726027,CHIKV_RUN_S26b62_2025,55.493844,-20.900095
5506,5507,REU.4.8_1,REU.4.8_1,0.0011961209388105,0.64363057865221,0.642434457713399,2025.22620563001,2025.22740175095,NA,NA,NA
4504,4505,REU.4.3_1,REU.2.3_1,0.035087178620272,0.643665978278465,0.608578799658193,2025.19234997195,2025.22743715057,NA,NA,NA
4167,4168,REU.4.3_1,REU.4.3_1,0.054260572159492,0.643766153727163,0.589505581567671,2025.17327675386,2025.22753732602,NA,NA,NA
3788,3789,REU.4.5_1,REU.4.5_1,0.0749411851454447,0.643875182425141,0.568933997279696,2025.15270516958,2025.22764635472,NA,NA,NA
4939,4941,REU.4.3_1,REU.4.3_1,0.104219605722989,0.644152760171666,0.539933154448677,2025.12370432675,2025.22792393247,NA,NA,NA
5207,5208,REU.4.3_1,REU.4.3_1,0.115324682737592,0.644303592000752,0.52897890926316,2025.11275008156,2025.2280747643,NA,NA,NA
5887,5888,REU.2.5_1,REU.2.5_1,0.00338826179307183,0.644380418873048,0.640992157079976,2025.22476332938,2025.22815159117,NA,NA,NA
5269,5270,REU.4.8_1,REU.4.8_1,0.127192701189063,0.644443844165104,0.517251142976041,2025.10102231527,2025.22821501646,NA,NA,NA
4785,4786,REU.2.3_1,REU.2.3_1,0.0407820348337924,0.644475675647582,0.603693640813789,2025.18746481311,2025.22824684794,NA,NA,NA
4499,4500,REU.4.8_1,REU.4.8_1,0.0858499496414101,0.644538707597301,0.558688757955891,2025.14245993025,2025.22830987989,NA,NA,NA
5976,5977,REU.4.3_1,REU.4.8_1,0.0516049893744259,0.644822065834436,0.59321707646001,2025.17698824876,2025.22859323813,NA,NA,NA
4787,4788,REU.2.3_1,REU.4.8_1,0.0575315487537914,0.645028809822572,0.587497261068781,2025.17126843337,2025.22879998212,NA,NA,NA
5999,6000,REU.3.4_1,REU.4.6_1,0.102091474136364,0.645594940931534,0.54350346679517,2025.12727463909,2025.22936611323,NA,NA,NA
3710,3711,REU.3.1_1,REU.3.1_1,0.147864523778755,0.645857666045458,0.497993142266703,2025.08176431456,2025.22962883834,NA,NA,NA
3134,3135,REU.4.6_1,REU.2.3_1,0.0729853704432175,0.645866855485194,0.572881485041976,2025.15665265734,2025.22963802778,NA,NA,NA
4125,932,REU.4.3_1,REU.2.3_1,0.168611831380861,0.646365814004974,0.477753982624113,2025.06152515492,2025.2301369863,CHIKV_RUN_S28b88_2025,55.422853,-20.877514
5162,734,REU.4.3_1,REU.4.4_1,0.161901321094348,0.646365814004974,0.484464492910626,2025.06823566521,2025.2301369863,CHIKV_RUN_S29b83_2025,55.533699,-21.363091
4615,299,REU.3.5_1,REU.3.5_1,0.143740990153969,0.646365814004974,0.502624823851005,2025.08639599615,2025.2301369863,CHIKV_RUN_S29b94_2025,55.269966,-21.078947
3375,2178,REU.4.3_1,REU.4.6_1,0.132262934325978,0.646365814004974,0.514102879678996,2025.09787405198,2025.2301369863,CHIKV_RUN_S28b49_2025,55.410915,-21.2886
6119,2308,REU.3.1_1,REU.3.1_1,0.128580706306408,0.646365814004974,0.517785107698566,2025.10155628,2025.2301369863,CHIKV_RUN_S30b08_2025,55.369315,-21.25742
3823,242,REU.4.5_1,REU.4.3_1,0.127596421354383,0.646365814004974,0.518769392650591,2025.10254056495,2025.2301369863,CHIKV_RUN_S26b28_2025,55.512687,-21.257897
5400,1029,REU.2.3_1,REU.2.3_1,0.12193317279548,0.646365814004974,0.524432641209494,2025.10820381351,2025.2301369863,CHIKV_RUN_S28b26_2025,55.447761,-20.899867
4974,929,REU.4.3_1,REU.4.8_1,0.118502833363983,0.646365814004974,0.527862980640991,2025.11163415294,2025.2301369863,CHIKV_RUN_S28b56_2025,55.480617,-21.282558
6133,2480,REU.4.6_1,REU.3.5_1,0.110727767506783,0.646365814004974,0.535638046498191,2025.11940921879,2025.2301369863,CHIKV_RUN_S27b77_2025,55.291594,-21.022758
3743,2430,REU.3.4_1,REU.2.3_1,0.105474107346351,0.646365814004974,0.540891706658623,2025.12466287896,2025.2301369863,CHIKV_RUN_S42b09_2025,55.454341,-20.876455
5301,1203,REU.4.4_1,REU.4.4_1,0.0997610801163551,0.646365814004974,0.546604733888619,2025.13037590619,2025.2301369863,CHIKV_RUN_S28b45_2025,55.565445,-21.355748
3265,2832,REU.4.8_1,REU.3.3_1,0.0957066152847701,0.646365814004974,0.550659198720204,2025.13443037102,2025.2301369863,CHIKV_RUN_S28b74_2025,55.293326,-21.110655
5454,916,REU.3.5_1,REU.4.8_1,0.0851324292499606,0.646365814004974,0.561233384755013,2025.14500455705,2025.2301369863,CHIKV_RUN_S28b79_2025,55.452258,-21.299821
3564,2459,REU.3.5_1,REU.3.5_1,0.0839284071342472,0.646365814004974,0.562437406870727,2025.14620857917,2025.2301369863,CHIKV_RUN_S42b15_2025,55.228258,-21.027024
5643,2225,REU.3.5_1,REU.3.5_1,0.0821954605393185,0.646365814004974,0.564170353465655,2025.14794152576,2025.2301369863,CHIKV_RUN_S28b32_2025,55.318632,-20.997467
6051,1837,REU.3.1_1,REU.3.2_1,0.0801620865403965,0.646365814004974,0.566203727464577,2025.14997489976,2025.2301369863,CHIKV_RUN_S30b07_2025,55.333736,-21.240236
6171,17,REU.3.2_1,REU.3.2_1,0.0795829293709318,0.646365814004974,0.566782884634042,2025.15055405693,2025.2301369863,CHIKV_RUN_S30b11_2025,55.341574,-21.25139
3316,1987,REU.2.5_1,REU.2.3_1,0.0739975220115492,0.646365814004974,0.572368291993425,2025.15613946429,2025.2301369863,CHIKV_RUN_S28b68_2025,55.486429,-20.889024
4455,586,REU.4.3_1,REU.4.4_1,0.0732278412702962,0.646365814004974,0.573137972734678,2025.15690914503,2025.2301369863,CHIKV_RUN_S28b36_2025,55.566425,-21.330702
6202,36,REU.2.3_1,REU.2.3_1,0.0716162761007649,0.646365814004974,0.574749537904209,2025.1585207102,2025.2301369863,CHIKV_RUN_S28b82_2025,55.488203,-20.899173
4991,1166,REU.4.8_1,REU.4.8_1,0.0687918973827442,0.646365814004974,0.57757391662223,2025.16134508892,2025.2301369863,CHIKV_RUN_S30b17_2025,55.487626,-21.348676
5148,854,REU.4.3_1,REU.4.5_1,0.06586586820693,0.646365814004974,0.580499945798044,2025.16427111809,2025.2301369863,CHIKV_RUN_S30b19_2025,55.681028,-21.368589
5557,2100,REU.4.5_1,REU.4.5_1,0.063541393226975,0.646365814004974,0.582824420777999,2025.16659559307,2025.2301369863,CHIKV_RUN_S29b23_2025,55.595906,-21.376246
4531,430,REU.2.3_1,REU.2.3_1,0.0618076492484345,0.646365814004974,0.584558164756539,2025.16832933705,2025.2301369863,CHIKV_RUN_S27b76_2025,55.423757,-20.887289
4992,1466,REU.2.3_1,REU.2.3_1,0.0607048402981909,0.646365814004974,0.585660973706783,2025.169432146,2025.2301369863,CHIKV_RUN_S28b30_2025,55.452173,-20.876078
4105,105,REU.4.3_1,REU.4.3_1,0.0584582869619247,0.646365814004974,0.587907527043049,2025.17167869934,2025.2301369863,CHIKV_RUN_S28b78_2025,55.559424,-21.279161
3130,2006,REU.4.6_1,REU.4.6_1,0.0583811451998513,0.646365814004974,0.587984668805123,2025.1717558411,2025.2301369863,CHIKV_RUN_S26b30_2025,55.442111,-21.264903
3239,2724,REU.4.8_1,REU.4.8_1,0.0575854909025445,0.646365814004974,0.588780323102429,2025.1725514954,2025.2301369863,CHIKV_RUN_S29b85_2025,55.487372,-21.339915
3595,2441,REU.4.8_1,REU.2.1_1,0.0574338540270016,0.646365814004974,0.588931959977972,2025.17270313227,2025.2301369863,CHIKV_RUN_S29b73_2025,55.335773,-20.938034
3309,1975,REU.2.5_1,REU.2.3_1,0.0542380201141244,0.646365814004974,0.59212779389085,2025.17589896619,2025.2301369863,CHIKV_RUN_S28b76_2025,55.490601,-20.894006
4965,1065,REU.2.2_1,REU.2.2_1,0.0401120002780775,0.646365814004974,0.606253813726896,2025.19002498602,2025.2301369863,CHIKV_RUN_S28b41_2025,55.307582,-20.934672
6110,2297,REU.3.1_1,REU.4.2_1,0.0398949910270758,0.646365814004974,0.606470822977898,2025.19024199527,2025.2301369863,CHIKV_RUN_S28b50_2025,55.472409,-21.248199
4182,1545,REU.2.3_1,REU.4.2_1,0.0380088928060343,0.646365814004974,0.60835692119894,2025.1921280935,2025.2301369863,CHIKV_RUN_S30b12_2025,55.470201,-21.228271
4943,1478,REU.4.3_1,REU.4.3_1,0.0368828760444276,0.646365814004974,0.609482937960546,2025.19325411026,2025.2301369863,CHIKV_RUN_S28b70_2025,55.53777,-21.258931
4985,1437,REU.3.5_1,REU.2.4_1,0.0356965795631095,0.646365814004974,0.610669234441864,2025.19444040674,2025.2301369863,CHIKV_RUN_S28b80_2025,55.516185,-20.923556
4085,1628,REU.3.5_1,REU.3.5_1,0.0338185132485346,0.646365814004974,0.612547300756439,2025.19631847305,2025.2301369863,CHIKV_RUN_S29b84_2025,55.323429,-20.986343
4091,1633,REU.3.5_1,REU.3.5_1,0.0275215658672636,0.646365814004974,0.61884424813771,2025.20261542043,2025.2301369863,CHIKV_RUN_S29b80_2025,55.328641,-21.002849
6218,38,REU.2.3_1,REU.2.3_1,0.0247218317550673,0.646365814004974,0.621643982249907,2025.20541515455,2025.2301369863,CHIKV_RUN_S28b63_2025,55.457347,-20.888112
4735,1349,REU.4.3_1,REU.2.3_1,0.022505537137834,0.646365814004974,0.62386027686714,2025.20763144916,2025.2301369863,CHIKV_RUN_S28b89_2025,55.457665,-20.891691
5612,2043,REU.2.3_1,REU.2.3_1,0.0206746195413591,0.646365814004974,0.625691194463615,2025.20946236676,2025.2301369863,CHIKV_RUN_S28b75_2025,55.464831,-20.8845
4404,505,REU.2.3_1,REU.2.3_1,0.0190930692003237,0.646365814004974,0.62727274480465,2025.2110439171,2025.2301369863,CHIKV_RUN_S28b91_2025,55.445248,-20.887252
3318,1996,REU.2.5_1,REU.2.5_1,0.0176437647132606,0.646365814004974,0.628722049291713,2025.21249322159,2025.2301369863,CHIKV_RUN_S28b61_2025,55.582642,-20.92677
3318,1997,REU.2.5_1,REU.2.5_1,0.0176437647132606,0.646365814004974,0.628722049291713,2025.21249322159,2025.2301369863,CHIKV_RUN_S27b65_2025,55.582642,-20.92677
4214,1556,REU.3.5_1,REU.3.5_1,0.0149136198870502,0.646365814004974,0.631452194117924,2025.21522336641,2025.2301369863,CHIKV_RUN_S29b82_2025,55.265173,-21.051145
5095,790,REU.4.8_1,REU.4.8_1,0.0147813564529216,0.646365814004974,0.631584457552052,2025.21535562985,2025.2301369863,CHIKV_RUN_S28b85_2025,55.475068,-21.283209
6049,1958,REU.2.3_1,REU.2.3_1,0.0146367740298492,0.646365814004974,0.631729039975125,2025.21550021227,2025.2301369863,CHIKV_RUN_S28b20_2025,55.488763,-20.891292
3756,3757,REU.4.7_1,REU.4.7_1,0.0354210966893805,0.646810285900601,0.61138918921122,2025.19516036151,2025.2305814582,NA,NA,NA
4073,4074,REU.4.3_1,REU.4.8_1,0.136907159568571,0.646921821734087,0.510014662165515,2025.09378583446,2025.23069299403,NA,NA,NA
3666,3667,REU.2.4_1,REU.2.4_1,0.0613906487932322,0.646956861704916,0.585566212911684,2025.16933738521,2025.230728034,NA,NA,NA
4228,4229,REU.4.8_1,REU.1.4_1,0.0659935769742495,0.647222958701398,0.581229381727148,2025.16500055402,2025.230994131,NA,NA,NA
3429,3430,REU.3.1_1,REU.3.1_1,0.160388184673356,0.647411033250406,0.48702284857705,2025.07079402087,2025.23118220555,NA,NA,NA
5699,5700,REU.4.8_1,REU.4.8_1,0.0877805499571213,0.647548419679955,0.559767869722834,2025.14353904202,2025.23131959198,NA,NA,NA
4429,4430,REU.4.5_1,REU.2.3_1,0.0276952783074103,0.647720540508427,0.620025262201017,2025.2037964345,2025.2314917128,NA,NA,NA
3581,3582,REU.3.4_1,REU.3.4_1,0.0729469148034205,0.648210291024871,0.57526337622145,2025.15903454852,2025.23198146332,NA,NA,NA
3921,3922,REU.4.3_1,REU.3.5_1,0.0931382828770179,0.64844456767172,0.555306284794702,2025.13907745709,2025.23221573997,NA,NA,NA
3878,3879,REU.2.3_1,REU.2.3_1,0.030179718329399,0.648692244792497,0.618512526463098,2025.20228369876,2025.23246341709,NA,NA,NA
3881,329,REU.4.3_1,REU.2.3_1,0.169658149401094,0.649105540032331,0.479447390631237,2025.06321856293,2025.23287671233,CHIKV_RUN_S29b90_2025,55.448386,-20.891579
6173,40,REU.3.1_1,REU.2.3_1,0.161965841611807,0.649105540032331,0.487139698420525,2025.07091087072,2025.23287671233,CHIKV_RUN_S30b24_2025,55.477237,-20.892938
5494,2557,REU.4.3_1,REU.4.3_1,0.145329965895616,0.649105540032331,0.503775574136715,2025.08754674643,2025.23287671233,CHIKV_RUN_S30b23_2025,55.506225,-21.265423
5052,706,REU.4.3_1,REU.2.3_1,0.14119700610184,0.649105540032331,0.507908533930491,2025.09167970623,2025.23287671233,CHIKV_RUN_S30b14_2025,55.473548,-20.902942
4465,531,REU.4.3_1,REU.4.3_1,0.133373544274395,0.649105540032331,0.515731995757936,2025.09950316805,2025.23287671233,CHIKV_RUN_S29b32_2025,55.516323,-21.280708
5648,1727,REU.3.4_1,REU.4.3_1,0.130452368463956,0.649105540032331,0.518653171568375,2025.10242434386,2025.23287671233,CHIKV_RUN_S29b89_2025,55.532818,-21.262849
4269,1506,REU.4.3_1,REU.4.8_1,0.123929418457112,0.649105540032331,0.525176121575219,2025.10894729387,2025.23287671233,CHIKV_RUN_S29b88_2025,55.451557,-21.300363
4987,1342,REU.4.3_1,REU.4.5_1,0.118485848448217,0.649105540032331,0.530619691584115,2025.11439086388,2025.23287671233,CHIKV_RUN_S29b44_2025,55.614635,-21.35192
3288,2227,REU.4.3_1,REU.4.2_1,0.116446957214058,0.649105540032331,0.532658582818273,2025.11642975511,2025.23287671233,CHIKV_RUN_S30b13_2025,55.478721,-21.245888
5502,1885,REU.3.5_1,REU.3.5_1,0.103076813042279,0.649105540032331,0.546028726990052,2025.12979989929,2025.23287671233,CHIKV_RUN_S29b25_2025,55.233036,-21.051744
3685,2882,REU.2.3_1,REU.1.3_1,0.101707155517947,0.649105540032331,0.547398384514384,2025.13116955681,2025.23287671233,CHIKV_RUN_S30b20_2025,55.648787,-20.958197
4950,1686,REU.4.8_1,REU.4.8_1,0.097962313213399,0.649105540032331,0.551143226818932,2025.13491439912,2025.23287671233,CHIKV_RUN_S29b38_2025,55.466852,-21.311768
4724,1463,REU.3.5_1,REU.3.5_1,0.0924131105888418,0.649105540032331,0.55669242944349,2025.14046360174,2025.23287671233,CHIKV_RUN_S29b77_2025,55.291629,-21.023749
3433,2218,REU.3.4_1,REU.3.5_1,0.0886023965449199,0.649105540032331,0.560503143487411,2025.14427431578,2025.23287671233,CHIKV_RUN_S30b54_2025,55.244143,-21.098996
4886,1347,REU.4.3_1,REU.3.5_1,0.08598774623341,0.649105540032331,0.563117793798921,2025.1468889661,2025.23287671233,CHIKV_RUN_S29b26_2025,55.25465,-21.069648
5245,673,REU.4.3_1,REU.4.3_1,0.0838429766120229,0.649105540032331,0.565262563420308,2025.14903373572,2025.23287671233,CHIKV_RUN_S30b15_2025,55.519874,-21.295961
4691,1483,REU.4.8_1,REU.4.8_1,0.0804485317633036,0.649105540032331,0.568657008269028,2025.15242818057,2025.23287671233,CHIKV_RUN_S29b71_2025,55.48053,-21.314712
3373,2327,REU.4.8_1,REU.4.8_1,0.0762288423144317,0.649105540032331,0.5728766977179,2025.15664787001,2025.23287671233,CHIKV_RUN_S29b39_2025,55.516578,-21.309344
3134,1941,REU.4.6_1,REU.3.1_1,0.0762240549903552,0.649105540032331,0.572881485041976,2025.15665265734,2025.23287671233,CHIKV_RUN_S30b22_2025,55.390491,-21.258565
5851,3112,REU.3.1_1,REU.4.6_1,0.0755280553575313,0.649105540032331,0.5735774846748,2025.15734865697,2025.23287671233,CHIKV_RUN_S29b31_2025,55.44915,-21.274098
3450,2979,REU.3.4_1,REU.3.4_1,0.0710967060234995,0.649105540032331,0.578008834008832,2025.16178000631,2025.23287671233,CHIKV_RUN_S29b56_2025,55.288787,-21.183377
4181,1637,REU.2.3_1,REU.2.3_1,0.0615953606750699,0.649105540032331,0.587510179357261,2025.17128135165,2025.23287671233,CHIKV_RUN_S29b22_2025,55.442158,-20.898816
4888,273,REU.4.5_1,REU.3.5_1,0.0614648358965688,0.649105540032331,0.587640704135763,2025.17141187643,2025.23287671233,CHIKV_RUN_S29b54_2025,55.321308,-21.011437
4241,1536,REU.4.3_1,REU.2.3_1,0.0612601182725767,0.649105540032331,0.587845421759755,2025.17161659406,2025.23287671233,CHIKV_RUN_S29b93_2025,55.411463,-20.886566
5450,1285,REU.4.5_1,REU.4.5_1,0.0587250559512248,0.649105540032331,0.590380484081107,2025.17415165638,2025.23287671233,CHIKV_RUN_S29b33_2025,55.664752,-21.360162
4197,618,REU.4.3_1,REU.3.5_1,0.0560152104558689,0.649105540032331,0.593090329576462,2025.17686150187,2025.23287671233,CHIKV_RUN_S29b95_2025,55.32108,-20.978951
5815,1779,REU.3.1_1,REU.1.3_1,0.0546545527858335,0.649105540032331,0.594450987246498,2025.17822215954,2025.23287671233,CHIKV_RUN_S29b21_2025,55.651897,-20.943829
5440,1007,REU.2.3_1,REU.2.3_1,0.048601449115979,0.649105540032331,0.600504090916352,2025.18427526321,2025.23287671233,CHIKV_RUN_S27b75_2025,55.45207,-20.892308
4753,127,REU.2.3_1,REU.2.3_1,0.0484820078361193,0.649105540032331,0.600623532196212,2025.18439470449,2025.23287671233,CHIKV_RUN_S29b92_2025,55.463604,-20.889254
5366,1224,REU.4.3_1,REU.4.8_1,0.0479536759796954,0.649105540032331,0.601151864052636,2025.18492303635,2025.23287671233,CHIKV_RUN_S26b26_2025,55.48502,-21.350769
6184,10,REU.3.5_1,REU.3.5_1,0.0465152456535567,0.649105540032331,0.602590294378775,2025.18636146668,2025.23287671233,CHIKV_RUN_S30b10_2025,55.226263,-21.077926
4463,542,REU.4.8_1,REU.2.3_1,0.0451585736729597,0.649105540032331,0.603946966359372,2025.18771813866,2025.23287671233,CHIKV_RUN_S29b20_2025,55.48462,-20.918816
4983,275,REU.4.5_1,REU.4.5_1,0.0439489271627741,0.649105540032331,0.605156612869557,2025.18892778517,2025.23287671233,CHIKV_RUN_S29b86_2025,55.593094,-21.373976
4252,1499,REU.4.3_1,REU.4.3_1,0.0394399024924501,0.649105540032331,0.609665637539881,2025.19343680984,2025.23287671233,CHIKV_RUN_S29b81_2025,55.522463,-21.260579
4452,562,REU.3.4_1,REU.3.4_1,0.0364015981769589,0.649105540032331,0.612703941855372,2025.19647511415,2025.23287671233,CHIKV_RUN_S29b43_2025,55.298165,-21.226046
4570,372,REU.2.3_1,REU.2.3_1,0.0308435514879775,0.649105540032331,0.618261988544354,2025.20203316084,2025.23287671233,CHIKV_RUN_S29b91_2025,55.48115,-20.939002
3279,2030,REU.3.1_1,REU.4.3_1,0.0273900693212027,0.649105540032331,0.621715470711129,2025.20548664301,2025.23287671233,CHIKV_RUN_S29b35_2025,55.534454,-21.309552
4433,485,REU.2.3_1,REU.2.3_1,0.0210666426264509,0.649105540032331,0.62803889740588,2025.2118100697,2025.23287671233,CHIKV_RUN_S29b78_2025,55.493469,-20.929432
4208,610,REU.4.3_1,REU.4.3_1,0.0206916450033584,0.649105540032331,0.628413895028973,2025.21218506733,2025.23287671233,CHIKV_RUN_S29b42_2025,55.537179,-21.310369
4149,931,REU.2.3_1,REU.4.2_1,0.0112979641371453,0.649105540032331,0.637807575895186,2025.22157874819,2025.23287671233,CHIKV_RUN_S29b75_2025,55.481192,-21.242388
3411,2183,REU.4.8_1,REU.3.5_1,0.0103410414646147,0.649105540032331,0.638764498567717,2025.22253567086,2025.23287671233,CHIKV_RUN_S30b21_2025,55.307555,-21.067372
3214,3075,REU.4.6_1,REU.4.6_1,0.00812001876519153,0.649105540032331,0.64098552126714,2025.22475669356,2025.23287671233,CHIKV_RUN_S29b40_2025,55.439202,-21.264002
4616,1746,REU.3.5_1,REU.3.5_1,0.00636557959362727,0.649105540032331,0.642739960438704,2025.22651113274,2025.23287671233,CHIKV_RUN_S30b55_2025,55.232065,-21.050408
4168,1580,REU.4.3_1,REU.4.3_1,0.00533938630516795,0.649105540032331,0.643766153727163,2025.22753732602,2025.23287671233,CHIKV_RUN_S30b18_2025,55.498967,-21.260889
4650,4651,REU.4.3_1,REU.2.3_1,0.144878662050833,0.649506963940437,0.504628301889604,2025.08839947419,2025.23327813624,NA,NA,NA
5745,5746,REU.3.1_1,REU.3.1_1,0.0122713564137832,0.64968215531786,0.637410798904076,2025.2211819712,2025.23345332761,NA,NA,NA
3773,3774,REU.2.3_1,REU.2.3_1,0.0113964044680639,0.649983230182295,0.638586825714231,2025.22235799801,2025.23375440248,NA,NA,NA
4905,4907,REU.4.8_1,REU.4.8_1,0.111606830584719,0.650045427750458,0.538438597165739,2025.12220976946,2025.23381660005,NA,NA,NA
4490,4495,REU.4.3_1,REU.2.3_1,0.179577180680777,0.650242079114654,0.470664898433877,2025.05443607073,2025.23401325141,NA,NA,NA
5270,5271,REU.4.8_1,REU.3.5_1,0.00609761442976076,0.650541458594865,0.644443844165104,2025.22821501646,2025.23431263089,NA,NA,NA
3904,3905,REU.4.3_1,REU.4.3_1,0.0906007393885369,0.65061335943675,0.560012620048213,2025.14378379234,2025.23438453173,NA,NA,NA
5398,5399,REU.2.3_1,REU.2.3_1,0.0125190198015025,0.650761539778358,0.638242519976855,2025.22201369227,2025.23453271207,NA,NA,NA
3475,3476,REU.3.4_1,REU.3.4_1,0.0746300903977907,0.651035546999591,0.5764054566018,2025.1601766289,2025.2348067193,NA,NA,NA
4782,4783,REU.2.3_1,REU.4.8_1,0.0422160909785119,0.651309669278423,0.609093578299911,2025.1928647506,2025.23508084157,NA,NA,NA
3876,3877,REU.2.3_1,REU.2.3_1,0.0352836920452483,0.651767882147059,0.616484190101811,2025.2002553624,2025.23553905444,NA,NA,NA
5663,2350,REU.3.1_1,REU.3.5_1,0.233470558855427,0.651845266059689,0.418374707204262,2025.0021458795,2025.23561643836,CHIKV_RUN_S29b65_2025,55.256009,-21.106651
5621,2058,REU.4.5_1,REU.4.5_1,0.176587378484487,0.651845266059689,0.475257887575202,2025.05902905987,2025.23561643836,CHIKV_RUN_S30b52_2025,55.633093,-21.379684
3497,3003,REU.4.6_1,REU.3.2_1,0.164680775552056,0.651845266059689,0.487164490507633,2025.0709356628,2025.23561643836,CHIKV_RUN_S42b11_2025,55.335254,-21.241644
4257,1503,REU.4.3_1,REU.4.4_1,0.159837070501269,0.651845266059689,0.49200819555842,2025.07577936785,2025.23561643836,CHIKV_RUN_S30b37_2025,55.563462,-21.360667
3143,2741,REU.4.5_1,REU.4.5_1,0.150738086797712,0.651845266059689,0.501107179261977,2025.08487835156,2025.23561643836,CHIKV_RUN_S30b75_2025,55.606595,-21.320218
5298,1239,REU.4.4_1,REU.4.4_1,0.140932960945447,0.651845266059689,0.510912305114241,2025.09468347741,2025.23561643836,CHIKV_RUN_S29b52_2025,55.57698,-21.337369
4805,251,REU.4.3_1,REU.3.5_1,0.136539031914061,0.651845266059689,0.515306234145628,2025.09907740644,2025.23561643836,CHIKV_RUN_S31b19_2025,55.272887,-21.086919
5256,677,REU.4.3_1,REU.4.2_1,0.123094663726157,0.651845266059689,0.528750602333531,2025.11252177463,2025.23561643836,CHIKV_RUN_S30b26_2025,55.496161,-21.24069
4019,963,REU.3.1_1,REU.2.2_1,0.103210259140889,0.651845266059689,0.548635006918799,2025.13240617922,2025.23561643836,CHIKV_RUN_S31b80_2025,55.30829,-20.93674
5279,1245,REU.4.3_1,REU.4.5_1,0.102975554196981,0.651845266059689,0.548869711862708,2025.13264088416,2025.23561643836,CHIKV_RUN_S29b57_2025,55.605886,-21.329862
4540,416,REU.4.3_1,REU.2.5_1,0.102448195931605,0.651845266059689,0.549397070128083,2025.13316824242,2025.23561643836,CHIKV_RUN_S29b66_2025,55.595296,-20.911144
5508,1821,REU.2.3_1,REU.4.8_1,0.0995611407334721,0.651845266059689,0.552284125326217,2025.13605529762,2025.23561643836,CHIKV_RUN_S29b24_2025,55.488598,-21.348668
4872,1641,REU.4.3_1,REU.2.3_1,0.0867569086027462,0.651845266059689,0.565088357456943,2025.14885952975,2025.23561643836,CHIKV_RUN_S29b28_2025,55.458475,-20.893018
4839,1379,REU.2.3_1,REU.2.5_1,0.0809311647497184,0.651845266059689,0.57091410130997,2025.15468527361,2025.23561643836,CHIKV_RUN_S29b30_2025,55.605591,-20.904544
3527,1785,REU.2.3_1,REU.2.3_1,0.0808969030936872,0.651845266059689,0.570948362966002,2025.15471953526,2025.23561643836,CHIKV_RUN_S29b63_2025,55.48458,-20.888669
4446,570,REU.4.3_1,REU.4.3_1,0.0771413193672219,0.651845266059689,0.574703946692467,2025.15847511899,2025.23561643836,CHIKV_RUN_S29b37_2025,55.498189,-21.247328
3620,2904,REU.2.3_1,REU.2.3_1,0.0767934525673178,0.651845266059689,0.575051813492371,2025.15882298579,2025.23561643836,CHIKV_RUN_S29b29_2025,55.463836,-20.896781
5402,982,REU.2.3_1,REU.2.3_1,0.0742489690342961,0.651845266059689,0.577596297025393,2025.16136746932,2025.23561643836,CHIKV_RUN_S29b62_2025,55.490852,-20.906489
3389,2139,REU.4.3_1,REU.4.3_1,0.071336146591638,0.651845266059689,0.580509119468051,2025.16428029176,2025.23561643836,CHIKV_RUN_S29b53_2025,55.501525,-21.239828
4858,1332,REU.3.5_1,REU.3.5_1,0.068007594536217,0.651845266059689,0.583837671523472,2025.16760884382,2025.23561643836,CHIKV_RUN_S31b86_2025,55.229846,-21.027991
4328,1031,REU.3.5_1,REU.3.5_1,0.0679982502765271,0.651845266059689,0.583847015783162,2025.16761818808,2025.23561643836,CHIKV_RUN_S31b12_2025,55.269664,-21.036141
5011,90,REU.4.8_1,REU.3.3_1,0.0670656147435559,0.651845266059689,0.584779651316133,2025.16855082361,2025.23561643836,CHIKV_RUN_S31b17_2025,55.292351,-21.106334
3438,1830,REU.4.8_1,REU.2.3_1,0.0668177527729628,0.651845266059689,0.585027513286726,2025.16879868558,2025.23561643836,CHIKV_RUN_S29b15_2025,55.452436,-20.89184
5767,2686,REU.3.4_1,REU.3.5_1,0.0638257152508072,0.651845266059689,0.588019550808882,2025.17179072311,2025.23561643836,CHIKV_RUN_S31b81_2025,55.230356,-21.061674
3338,2579,REU.3.1_1,REU.2.3_1,0.0560699470036401,0.651845266059689,0.595775319056049,2025.17954649135,2025.23561643836,CHIKV_RUN_S29b47_2025,55.444796,-20.89773
4906,923,REU.2.4_1,REU.2.4_1,0.0541171983105627,0.651845266059689,0.597728067749126,2025.18149924005,2025.23561643836,CHIKV_RUN_S29b74_2025,55.522971,-20.926297
4080,1457,REU.4.3_1,REU.3.5_1,0.0537647948291884,0.651845266059689,0.5980804712305,2025.18185164353,2025.23561643836,CHIKV_RUN_S29b51_2025,55.295015,-21.038842
5166,725,REU.2.3_1,REU.2.3_1,0.0517001082643775,0.651845266059689,0.600145157795311,2025.18391633009,2025.23561643836,CHIKV_RUN_S30b16_2025,55.458044,-20.904445
3512,2372,REU.3.4_1,REU.3.4_1,0.051132091099006,0.651845266059689,0.600713174960683,2025.18448434726,2025.23561643836,CHIKV_RUN_S31b22_2025,55.292571,-21.136332
6184,8,REU.3.5_1,REU.2.3_1,0.0492549716809141,0.651845266059689,0.602590294378775,2025.18636146668,2025.23561643836,CHIKV_RUN_S31b47_2025,55.430711,-20.890506
4555,591,REU.4.8_1,REU.4.5_1,0.045121327361129,0.651845266059689,0.60672393869856,2025.190495111,2025.23561643836,CHIKV_RUN_S29b58_2025,55.673618,-21.376441
3459,2967,REU.4.3_1,REU.4.3_1,0.0406477115187642,0.651845266059689,0.611197554540925,2025.19496872684,2025.23561643836,CHIKV_RUN_S42b13_2025,55.509603,-21.277875
5652,1605,REU.4.6_1,REU.4.6_1,0.0394858679689243,0.651845266059689,0.612359398090764,2025.19613057039,2025.23561643836,CHIKV_RUN_S29b59_2025,55.413884,-21.288321
5934,2600,REU.2.3_1,REU.3.5_1,0.0362355059130665,0.651845266059689,0.615609760146622,2025.19938093244,2025.23561643836,CHIKV_RUN_S42b16_2025,55.262479,-21.041451
4937,1473,REU.2.3_1,REU.2.3_1,0.0335062801186427,0.651845266059689,0.618338985941046,2025.20211015824,2025.23561643836,CHIKV_RUN_S29b17_2025,55.449124,-20.893649
5908,2276,REU.4.3_1,REU.4.3_1,0.0291406812249331,0.651845266059689,0.622704584834756,2025.20647575713,2025.23561643836,CHIKV_RUN_S29b45_2025,55.50628,-21.26204
4993,631,REU.2.3_1,REU.3.5_1,0.0281958030933208,0.651845266059689,0.623649462966368,2025.20742063526,2025.23561643836,CHIKV_RUN_S31b78_2025,55.274841,-21.095882
5730,2237,REU.3.5_1,REU.3.5_1,0.027774016988191,0.651845266059689,0.624071249071498,2025.20784242137,2025.23561643836,CHIKV_RUN_S42b12_2025,55.33153,-20.981613
4169,603,REU.4.3_1,REU.4.3_1,0.0273700121596576,0.651845266059689,0.624475253900031,2025.2082464262,2025.23561643836,CHIKV_RUN_S29b55_2025,55.519951,-21.277356
3761,183,REU.4.5_1,REU.4.7_1,0.0265367342646587,0.651845266059689,0.62530853179503,2025.20907970409,2025.23561643836,CHIKV_RUN_S29b46_2025,55.737899,-21.367581
3551,2639,REU.3.5_1,REU.3.5_1,0.0246754067999181,0.651845266059689,0.627169859259771,2025.21094103156,2025.23561643836,CHIKV_RUN_S42b08_2025,55.326384,-20.987562
5342,1241,REU.4.4_1,REU.4.8_1,0.0235677587446537,0.651845266059689,0.628277507315035,2025.21204867961,2025.23561643836,CHIKV_RUN_S29b60_2025,55.459004,-21.336513
3683,2879,REU.3.5_1,REU.3.5_1,0.0211427928533162,0.651845266059689,0.630702473206372,2025.2144736455,2025.23561643836,CHIKV_RUN_S31b23_2025,55.22755,-21.081698
5009,77,REU.2.3_1,REU.2.3_1,0.0180672046396679,0.651845266059689,0.633778061420021,2025.21754923372,2025.23561643836,CHIKV_RUN_S29b16_2025,55.457508,-20.890217
3410,2634,REU.4.8_1,REU.4.8_1,0.0138081091923559,0.651845266059689,0.638037156867333,2025.22180832916,2025.23561643836,CHIKV_RUN_S30b29_2025,55.461892,-21.302238
3582,2402,REU.3.4_1,REU.3.4_1,0.00363497503481791,0.651845266059689,0.648210291024871,2025.23198146332,2025.23561643836,CHIKV_RUN_S30b56_2025,55.305528,-21.214523
3877,359,REU.2.3_1,REU.2.3_1,7.73839126294584e-05,0.651845266059689,0.651767882147059,2025.23553905444,2025.23561643836,CHIKV_RUN_S29b61_2025,55.475102,-20.892769
5405,5406,REU.2.3_1,REU.2.3_1,0.0345561176980159,0.651914209145143,0.617358091447127,2025.20112926374,2025.23568538144,NA,NA,NA
5574,5575,REU.4.5_1,REU.4.5_1,0.0353949360292565,0.652327814522506,0.616932878493249,2025.20070405079,2025.23609898682,NA,NA,NA
5312,5313,REU.4.8_1,REU.4.8_1,0.0428878037687697,0.652333263030042,0.609445459261272,2025.19321663156,2025.23610443533,NA,NA,NA
3297,3298,REU.3.4_1,REU.1.4_1,0.0590770122622325,0.652556827272562,0.59347981501033,2025.17725098731,2025.23632799957,NA,NA,NA
4850,4851,REU.2.4_1,REU.2.4_1,0.0792218894520299,0.652878214776392,0.573656325324362,2025.15742749762,2025.23664938707,NA,NA,NA
3813,3814,REU.4.5_1,REU.4.5_1,0.104753313733621,0.653193866813781,0.54844055308016,2025.13221172538,2025.23696503911,NA,NA,NA
4726,4727,REU.4.8_1,REU.4.8_1,0.121716674874457,0.653323411749464,0.531606736875006,2025.11537790917,2025.23709458405,NA,NA,NA
5813,5814,REU.3.1_1,REU.3.1_1,0.0745819079492208,0.653624399640142,0.579042491690921,2025.16281366399,2025.23739557194,NA,NA,NA
5313,5314,REU.4.8_1,REU.4.8_1,0.00131792639397332,0.653651189424015,0.652333263030042,2025.23610443533,2025.23742236172,NA,NA,NA
4108,4109,REU.2.3_1,REU.2.3_1,0.0402208808619294,0.654094554894795,0.613873674032866,2025.19764484633,2025.23786572719,NA,NA,NA
3311,3312,REU.2.5_1,REU.2.3_1,0.0336641483596154,0.654133285341242,0.620469136981627,2025.20424030928,2025.23790445764,NA,NA,NA
4798,4799,REU.3.5_1,REU.2.3_1,0.0708592223574864,0.654496025452053,0.583636803094567,2025.16740797539,2025.23826719775,NA,NA,NA
5861,2153,REU.4.6_1,REU.4.6_1,0.221578338248447,0.654584992087046,0.433006653838599,2025.01677782614,2025.23835616438,CHIKV_RUN_S30b53_2025,55.44237,-21.273582
5015,96,REU.4.8_1,REU.4.4_1,0.185939273259194,0.654584992087046,0.468645718827852,2025.05241689112,2025.23835616438,CHIKV_RUN_S30b67_2025,55.539696,-21.338031
6121,1850,REU.3.1_1,REU.2.1_1,0.174630131721198,0.654584992087046,0.479954860365848,2025.06372603266,2025.23835616438,CHIKV_RUN_S31b27_2025,55.341257,-20.947574
5941,2596,REU.4.3_1,REU.4.4_1,0.151189463739423,0.654584992087046,0.503395528347623,2025.08716670064,2025.23835616438,CHIKV_RUN_S30b57_2025,55.561053,-21.354422
5070,861,REU.4.3_1,REU.4.8_1,0.144568204195741,0.654584992087046,0.510016787891305,2025.09378796019,2025.23835616438,CHIKV_RUN_S30b60_2025,55.453675,-21.299911
4317,1720,REU.3.5_1,REU.3.5_1,0.141734262214262,0.654584992087046,0.512850729872784,2025.09662190217,2025.23835616438,CHIKV_RUN_S31b18_2025,55.27004,-21.038134
3359,2487,REU.4.8_1,REU.4.8_1,0.126635868752909,0.654584992087046,0.527949123334137,2025.11172029563,2025.23835616438,CHIKV_RUN_S30b62_2025,55.48122,-21.322084
3626,2925,REU.2.3_1,REU.2.3_1,0.124124636350895,0.654584992087046,0.530460355736151,2025.11423152803,2025.23835616438,CHIKV_RUN_S29b68_2025,55.504931,-20.911832
3282,2176,REU.3.1_1,REU.4.6_1,0.117864952775863,0.654584992087046,0.536720039311183,2025.12049121161,2025.23835616438,CHIKV_RUN_S30b46_2025,55.420706,-21.274223
6066,2323,REU.3.1_1,REU.4.6_1,0.11171278974552,0.654584992087046,0.542872202341526,2025.12664337464,2025.23835616438,CHIKV_RUN_S30b63_2025,55.447786,-21.271412
6011,2530,REU.4.1_1,REU.4.1_1,0.111098399489305,0.654584992087046,0.543486592597741,2025.12725776489,2025.23835616438,CHIKV_RUN_S30b30_2025,55.468557,-21.135506
5617,2041,REU.4.5_1,REU.4.5_1,0.108607115577342,0.654584992087046,0.545977876509704,2025.12974904881,2025.23835616438,CHIKV_RUN_S30b34_2025,55.659141,-21.357791
4891,295,REU.4.3_1,REU.2.3_1,0.0999464433363198,0.654584992087046,0.554638548750726,2025.13840972105,2025.23835616438,CHIKV_RUN_S30b43_2025,55.457472,-20.886396
5794,2363,REU.3.4_1,REU.3.4_1,0.0989903410722198,0.654584992087046,0.555594651014826,2025.13936582331,2025.23835616438,CHIKV_RUN_S30b69_2025,55.300283,-21.174019
4008,970,REU.3.5_1,REU.3.5_1,0.0966293761668213,0.654584992087046,0.557955615920225,2025.14172678822,2025.23835616438,CHIKV_RUN_S31b16_2025,55.278268,-21.047869
5079,830,REU.4.3_1,REU.3.5_1,0.0880959071303192,0.654584992087046,0.566489084956727,2025.15026025725,2025.23835616438,CHIKV_RUN_S31b06_2025,55.306962,-21.089143
5823,1960,REU.4.6_1,REU.4.6_1,0.084032729390956,0.654584992087046,0.57055226269609,2025.15432343499,2025.23835616438,CHIKV_RUN_S30b70_2025,55.444091,-21.264059
4951,1685,REU.4.8_1,REU.4.3_1,0.0808081981228452,0.654584992087046,0.573776793964201,2025.15754796626,2025.23835616438,CHIKV_RUN_S26b22_2025,55.543024,-21.238465
4860,1327,REU.3.5_1,REU.3.5_1,0.0732866940224086,0.654584992087046,0.581298298064638,2025.16506947036,2025.23835616438,CHIKV_RUN_S31b11_2025,55.257712,-21.05941
3611,2923,REU.2.3_1,REU.2.3_1,0.0615778203092335,0.654584992087046,0.593007171777813,2025.17677834407,2025.23835616438,CHIKV_RUN_S29b70_2025,55.490149,-20.929323
3700,2663,REU.3.1_1,REU.4.1_1,0.0600909559550453,0.654584992087046,0.594494036132001,2025.17826520843,2025.23835616438,CHIKV_RUN_S30b71_2025,55.470808,-21.138398
3700,2667,REU.3.1_1,REU.3.2_1,0.0600909559550453,0.654584992087046,0.594494036132001,2025.17826520843,2025.23835616438,CHIKV_RUN_S30b61_2025,55.361373,-21.213462
4793,160,REU.3.5_1,REU.3.5_1,0.0599067902953607,0.654584992087046,0.594678201791686,2025.17844937409,2025.23835616438,CHIKV_RUN_S31b32_2025,55.272565,-21.081898
5563,2077,REU.4.5_1,REU.3.4_1,0.0568597462658855,0.654584992087046,0.597725245821161,2025.18149641812,2025.23835616438,CHIKV_RUN_S26b24_2025,55.300262,-21.173704
4093,1625,REU.3.5_1,REU.3.5_1,0.0545890536504425,0.654584992087046,0.599995938436603,2025.18376711073,2025.23835616438,CHIKV_RUN_S31b14_2025,55.305816,-21.027193
5949,2599,REU.4.3_1,REU.3.5_1,0.0449916058036193,0.654584992087046,0.609593386283427,2025.19336455858,2025.23835616438,CHIKV_RUN_S31b24_2025,55.321666,-20.982034
4000,948,REU.3.5_1,REU.3.5_1,0.0410720880376402,0.654584992087046,0.613512904049406,2025.19728407635,2025.23835616438,CHIKV_RUN_S31b09_2025,55.284423,-20.989727
5137,835,REU.1.3_1,REU.1.3_1,0.0350435104931313,0.654584992087046,0.619541481593915,2025.20331265389,2025.23835616438,CHIKV_RUN_S30b68_2025,55.650322,-20.936429
4432,466,REU.2.3_1,REU.2.3_1,0.0291341475161749,0.654584992087046,0.625450844570871,2025.20922201687,2025.23835616438,CHIKV_RUN_S29b69_2025,55.5024,-20.917869
5417,1004,REU.2.3_1,REU.2.3_1,0.0268334851823291,0.654584992087046,0.627751506904717,2025.2115226792,2025.23835616438,CHIKV_RUN_S30b45_2025,55.480475,-20.915215
4874,1163,REU.4.6_1,REU.3.4_1,0.0254063174352203,0.654584992087046,0.629178674651826,2025.21294984695,2025.23835616438,CHIKV_RUN_S31b52_2025,55.296204,-21.203808
3317,1988,REU.2.5_1,REU.2.5_1,0.0193730313644723,0.654584992087046,0.635211960722574,2025.21898313302,2025.23835616438,CHIKV_RUN_S30b44_2025,55.583011,-20.933066
5382,1701,REU.4.3_1,REU.4.8_1,0.0166796376487932,0.654584992087046,0.637905354438253,2025.22167652673,2025.23835616438,CHIKV_RUN_S30b47_2025,55.462542,-21.29378
4841,1377,REU.2.4_1,REU.2.4_1,0.0150928216091308,0.654584992087046,0.639492170477915,2025.22326334277,2025.23835616438,CHIKV_RUN_S30b40_2025,55.559144,-20.90001
3253,1936,REU.4.6_1,REU.4.6_1,0.0138097429649309,0.654584992087046,0.640775249122115,2025.22454642142,2025.23835616438,CHIKV_RUN_S30b28_2025,55.435364,-21.268531
4788,142,REU.4.8_1,REU.4.8_1,0.00955618226447386,0.654584992087046,0.645028809822572,2025.22879998212,2025.23835616438,CHIKV_RUN_S30b35_2025,55.456737,-21.304468
5593,5594,REU.4.5_1,REU.4.5_1,0.0949156781299938,0.655264730637611,0.560349052507617,2025.1441202248,2025.23903590293,NA,NA,NA
3757,3758,REU.4.7_1,REU.4.8_1,0.00854722083521853,0.655357506735819,0.646810285900601,2025.2305814582,2025.23912867903,NA,NA,NA
5183,5184,REU.4.6_1,REU.4.8_1,0.14169412438431,0.655622851436675,0.513928727052365,2025.09769989935,2025.23939402373,NA,NA,NA
4301,4302,REU.4.3_1,REU.4.8_1,0.0920944990151664,0.65598981490409,0.563895315888924,2025.14766648819,2025.2397609872,NA,NA,NA
4275,4276,REU.3.5_1,REU.3.5_1,0.0519851431017325,0.65657012423831,0.604584981136578,2025.18835615343,2025.24034129653,NA,NA,NA
5061,5062,REU.2.3_1,REU.2.3_1,0.016112401558703,0.656784484928147,0.640672083369444,2025.22444325567,2025.24055565722,NA,NA,NA
4809,1294,REU.4.3_1,REU.1.4_1,0.306768482286877,0.657324718114404,0.350556235827527,2024.93432740812,2025.24109589041,CHIKV_RUN_S33b13_2025,55.724049,-21.088814
5297,1242,REU.4.4_1,REU.4.4_1,0.154910633609376,0.657324718114404,0.502414084505028,2025.0861852568,2025.24109589041,CHIKV_RUN_S31b20_2025,55.560447,-21.351132
4285,1735,REU.4.3_1,REU.2.3_1,0.143496647709199,0.657324718114404,0.513828070405205,2025.0975992427,2025.24109589041,CHIKV_RUN_S30b50_2025,55.483666,-20.911912
3960,904,REU.4.3_1,REU.2.3_1,0.137753487092203,0.657324718114404,0.5195712310222,2025.10334240332,2025.24109589041,CHIKV_RUN_S30b51_2025,55.472983,-20.922081
6062,1870,REU.4.8_1,REU.4.6_1,0.137596212515852,0.657324718114404,0.519728505598552,2025.1034996779,2025.24109589041,CHIKV_RUN_S30b80_2025,55.450501,-21.273463
4103,1764,REU.4.3_1,REU.4.2_1,0.128242301294733,0.657324718114404,0.529082416819671,2025.11285358912,2025.24109589041,CHIKV_RUN_S30b84_2025,55.469381,-21.248864
5685,3015,REU.4.8_1,REU.4.4_1,0.123693333370562,0.657324718114403,0.533631384743842,2025.11740255704,2025.24109589041,CHIKV_RUN_S30b85_2025,55.560982,-21.346807
4807,1344,REU.4.3_1,REU.4.3_1,0.123108591927029,0.657324718114404,0.534216126187374,2025.11798729848,2025.24109589041,CHIKV_RUN_S30b81_2025,55.508517,-21.242827
4456,566,REU.4.3_1,REU.2.4_1,0.121602370190346,0.657324718114404,0.535722347924057,2025.11949352022,2025.24109589041,CHIKV_RUN_S30b36_2025,55.514898,-20.922767
5452,1603,REU.4.3_1,REU.3.5_1,0.116675511304652,0.657324718114404,0.540649206809751,2025.12442037911,2025.24109589041,CHIKV_RUN_S30b95_2025,55.224623,-21.074636
4203,907,REU.3.5_1,REU.2.4_1,0.115406170888712,0.657324718114404,0.541918547225691,2025.12568971952,2025.24109589041,CHIKV_RUN_S30b32_2025,55.54758,-20.897653
5502,1887,REU.3.5_1,REU.3.5_1,0.111295991124351,0.657324718114404,0.546028726990052,2025.12979989929,2025.24109589041,CHIKV_RUN_S31b62_2025,55.283424,-20.983434
4475,522,REU.4.6_1,REU.3.5_1,0.0994894728731333,0.657324718114404,0.55783524524127,2025.14160641754,2025.24109589041,CHIKV_RUN_S31b07_2025,55.319073,-20.991453
4008,959,REU.3.5_1,REU.3.5_1,0.0993691021941787,0.657324718114404,0.557955615920225,2025.14172678822,2025.24109589041,CHIKV_RUN_S31b50_2025,55.273589,-21.037075
5192,772,REU.4.6_1,REU.4.6_1,0.0864754242033445,0.657324718114404,0.570849293911059,2025.15462046621,2025.24109589041,CHIKV_RUN_S30b74_2025,55.450091,-21.272344
5671,2347,REU.4.6_1,REU.2.1_1,0.078950227696554,0.657324718114403,0.578374490417849,2025.16214566271,2025.24109589041,CHIKV_RUN_S31b21_2025,55.334207,-20.966192
5421,976,REU.2.3_1,REU.2.3_1,0.0726988992069723,0.657324718114403,0.584625818907431,2025.1683969912,2025.24109589041,CHIKV_RUN_S30b58_2025,55.488541,-20.891439
4792,163,REU.3.5_1,REU.3.5_1,0.0724317192354934,0.657324718114404,0.58489299887891,2025.16866417118,2025.24109589041,CHIKV_RUN_S31b59_2025,55.271355,-21.053519
5779,2185,REU.4.3_1,REU.1.1_1,0.0685663365790995,0.657324718114404,0.588758381535304,2025.17252955383,2025.24109589041,CHIKV_RUN_S30b41_2025,55.682137,-20.974956
3795,229,REU.4.5_1,REU.4.7_1,0.0637270371391145,0.657324718114404,0.593597680975289,2025.17736885327,2025.24109589041,CHIKV_RUN_S30b88_2025,55.769089,-21.357285
3661,2866,REU.2.3_1,REU.2.3_1,0.0629051192989927,0.657324718114404,0.594419598815411,2025.17819077111,2025.24109589041,CHIKV_RUN_S30b31_2025,55.467272,-20.907725
5431,983,REU.2.3_1,REU.2.3_1,0.0593060971367702,0.657324718114403,0.598018620977633,2025.18178979327,2025.24109589041,CHIKV_RUN_S30b39_2025,55.459113,-20.888358
3959,920,REU.4.3_1,REU.4.3_1,0.0570283092573631,0.657324718114404,0.60029640885704,2025.18406758115,2025.24109589041,CHIKV_RUN_S31b29_2025,55.523975,-21.277892
4157,883,REU.4.3_1,REU.4.3_1,0.0536164492603218,0.657324718114403,0.603708268854082,2025.18747944115,2025.24109589041,CHIKV_RUN_S30b76_2025,55.523173,-21.24821
5975,3038,REU.4.3_1,REU.4.4_1,0.0490525481341703,0.657324718114403,0.608272169980233,2025.19204334228,2025.24109589041,CHIKV_RUN_S31b44_2025,55.5662,-21.350213
5134,658,REU.4.8_1,REU.4.8_1,0.0454440395057285,0.657324718114404,0.611880678608675,2025.1956518509,2025.24109589041,CHIKV_RUN_S30b89_2025,55.471427,-21.29194
3408,1846,REU.4.8_1,REU.3.5_1,0.0446903200946926,0.657324718114404,0.612634398019711,2025.19640557032,2025.24109589041,CHIKV_RUN_S31b68_2025,55.321122,-20.98595
5037,761,REU.4.8_1,REU.3.5_1,0.044507573059204,0.657324718114404,0.6128171450552,2025.19658831735,2025.24109589041,CHIKV_RUN_S31b51_2025,55.334376,-20.988542
3414,2177,REU.4.3_1,REU.2.3_1,0.0426253098216989,0.657324718114404,0.614699408292705,2025.19847058059,2025.24109589041,CHIKV_RUN_S31b55_2025,55.444215,-20.878738
6178,7,REU.3.5_1,REU.3.5_1,0.0408550342287317,0.657324718114404,0.616469683885672,2025.20024085618,2025.24109589041,CHIKV_RUN_S31b65_2025,55.231346,-21.053707
5050,717,REU.4.3_1,REU.4.3_1,0.0408254266798106,0.657324718114404,0.616499291434593,2025.20027046373,2025.24109589041,CHIKV_RUN_S31b25_2025,55.497735,-21.264245
4673,1573,REU.4.8_1,REU.3.5_1,0.0388748617677477,0.657324718114404,0.618449856346656,2025.20222102864,2025.24109589041,CHIKV_RUN_S31b61_2025,55.29503,-20.985611
4378,395,REU.4.3_1,REU.4.3_1,0.035902838969038,0.657324718114404,0.621421879145366,2025.20519305144,2025.24109589041,CHIKV_RUN_S30b94_2025,55.514321,-21.270576
5829,2203,REU.4.8_1,REU.3.4_1,0.0339551523507111,0.657324718114404,0.623369565763692,2025.20714073806,2025.24109589041,CHIKV_RUN_S31b08_2025,55.328769,-21.22958
4532,478,REU.2.3_1,REU.2.3_1,0.0277046548457396,0.657324718114404,0.629620063268664,2025.21339123557,2025.24109589041,CHIKV_RUN_S30b42_2025,55.489584,-20.932198
3681,2891,REU.2.3_1,REU.2.4_1,0.0213123297048972,0.657324718114404,0.636012388409506,2025.21978356071,2025.24109589041,CHIKV_RUN_S30b33_2025,55.520113,-20.940545
4777,1122,REU.3.5_1,REU.3.5_1,0.0207540583455887,0.657324718114403,0.636570659768815,2025.22034183207,2025.24109589041,CHIKV_RUN_S31b67_2025,55.266161,-21.086782
3723,2434,REU.3.4_1,REU.3.4_1,0.0196765386434145,0.657324718114404,0.637648179470989,2025.22141935177,2025.24109589041,CHIKV_RUN_S30b73_2025,55.316598,-21.218075
4325,1435,REU.4.3_1,REU.4.4_1,0.0188901529695864,0.657324718114404,0.638434565144817,2025.22220573744,2025.24109589041,CHIKV_RUN_S30b83_2025,55.561076,-21.353401
3411,2336,REU.4.8_1,REU.4.2_1,0.0185602195466869,0.657324718114404,0.638764498567717,2025.22253567086,2025.24109589041,CHIKV_RUN_S26b20_2025,55.47803,-21.249929
3805,211,REU.4.5_1,REU.4.5_1,0.0164168672746764,0.657324718114404,0.640907850839727,2025.22467902314,2025.24109589041,CHIKV_RUN_S30b78_2025,55.608949,-21.335723
3888,342,REU.2.2_1,REU.2.2_1,0.0143885396684944,0.657324718114404,0.642936178445909,2025.22670735074,2025.24109589041,CHIKV_RUN_S31b84_2025,55.293544,-20.935991
4788,135,REU.4.8_1,REU.2.2_1,0.0122959082918312,0.657324718114404,0.645028809822572,2025.22879998212,2025.24109589041,CHIKV_RUN_S31b70_2025,55.30402,-20.942047
5374,5375,REU.4.8_1,REU.4.8_1,0.101892558026804,0.657805967440254,0.555913409413449,2025.13968458171,2025.24157713974,NA,NA,NA
4483,4484,REU.4.8_1,REU.4.8_1,0.0968204963780819,0.658308867577999,0.561488371199917,2025.1452595435,2025.24208003987,NA,NA,NA
3572,3573,REU.3.5_1,REU.4.8_1,0.0383223845012897,0.658509632275739,0.62018724777445,2025.20395842007,2025.24228080457,NA,NA,NA
3727,3728,REU.2.3_1,REU.2.3_1,0.105630808461323,0.658515516303263,0.55288470784194,2025.13665588014,2025.2422866886,NA,NA,NA
6024,6025,REU.4.1_1,REU.4.1_1,0.103942588517882,0.65874806779777,0.554805479279887,2025.13857665158,2025.24251924009,NA,NA,NA
5429,5432,REU.2.3_1,REU.2.3_1,0.135001925669562,0.658857984330147,0.523856058660585,2025.10762723096,2025.24262915663,NA,NA,NA
3983,3984,REU.2.3_1,REU.2.3_1,0.101741932993359,0.658862248469582,0.557120315476223,2025.14089148777,2025.24263342077,NA,NA,NA
5060,5063,REU.4.3_1,REU.4.3_1,0.0970484200714845,0.659073753522269,0.562025333450784,2025.14579650575,2025.24284492582,NA,NA,NA
3573,3574,REU.4.8_1,REU.4.8_1,0.000983435579257841,0.659493067854997,0.658509632275739,2025.24228080457,2025.24326424015,NA,NA,NA
5575,5576,REU.4.5_1,REU.4.5_1,0.007456513902525,0.659784328425031,0.652327814522506,2025.23609898682,2025.24355550072,NA,NA,NA
5340,5343,REU.4.4_1,REU.4.6_1,0.12066311205548,0.660035006685803,0.539371894630323,2025.12314306693,2025.24380617898,NA,NA,NA
6220,54,REU.3.1_1,REU.3.1_1,0.235610501124025,0.660064444141988,0.424453943017963,2025.00822511531,2025.24383561644,CHIKV_RUN_S31b94_2025,55.390323,-21.258209
5157,846,REU.3.1_1,REU.4.3_1,0.22416095441311,0.660064444141988,0.435903489728878,2025.01967466203,2025.24383561644,CHIKV_RUN_S31b82_2025,55.518912,-21.264699
4669,606,REU.4.3_1,REU.2.3_1,0.201379058603912,0.660064444141988,0.458685385538077,2025.04245655783,2025.24383561644,CHIKV_RUN_S31b40_2025,55.442185,-20.896565
5922,2242,REU.4.3_1,REU.3.5_1,0.193274038121777,0.660064444141988,0.466790406020211,2025.05056157832,2025.24383561644,CHIKV_RUN_S31b53_2025,55.230324,-21.083244
3952,930,REU.4.8_1,REU.3.5_1,0.18525293029458,0.660064444141988,0.474811513847408,2025.05858268614,2025.24383561644,CHIKV_RUN_S32b07_2025,55.282841,-21.031306
5239,804,REU.4.3_1,REU.2.2_1,0.157333214956266,0.660064444141988,0.502731229185723,2025.08650240148,2025.24383561644,CHIKV_RUN_S31b77_2025,55.308875,-20.951313
5052,867,REU.4.3_1,REU.3.5_1,0.152155910211497,0.660064444141988,0.507908533930491,2025.09167970623,2025.24383561644,CHIKV_RUN_S31b54_2025,55.217736,-21.04111
3240,2170,REU.3.1_1,REU.3.4_1,0.135915782469591,0.660064444141988,0.524148661672397,2025.10791983397,2025.24383561644,CHIKV_RUN_S32b27_2025,55.317006,-21.214456
5950,2605,REU.3.1_1,REU.2.2_1,0.135190850972516,0.660064444141988,0.524873593169472,2025.10864476547,2025.24383561644,CHIKV_RUN_S31b85_2025,55.305362,-20.941873
3617,2901,REU.2.3_1,REU.2.3_1,0.119487428558195,0.660064444141988,0.540577015583793,2025.12434818788,2025.24383561644,CHIKV_RUN_S31b57_2025,55.500686,-20.922746
5970,3037,REU.4.3_1,REU.4.6_1,0.118043651188072,0.660064444141988,0.542020792953916,2025.12579196525,2025.24383561644,CHIKV_RUN_S31b41_2025,55.429476,-21.262486
4577,409,REU.4.3_1,REU.1.6_1,0.115763259819056,0.660064444141988,0.544301184322932,2025.12807235662,2025.24383561644,CHIKV_RUN_S33b19_2025,55.523473,-21.062752
5017,85,REU.4.8_1,REU.2.2_1,0.115307612261531,0.660064444141988,0.544756831880457,2025.12852800418,2025.24383561644,CHIKV_RUN_S32b10_2025,55.301294,-20.939918
5515,1943,REU.4.8_1,REU.4.8_1,0.106157147023327,0.660064444141988,0.553907297118661,2025.13767846942,2025.24383561644,CHIKV_RUN_S31b87_2025,55.483535,-21.345746
5755,2711,REU.3.4_1,REU.1.4_1,0.103501945295179,0.660064444141988,0.556562498846809,2025.14033367114,2025.24383561644,CHIKV_RUN_S33b11_2025,55.708415,-21.030903
5569,2088,REU.4.5_1,REU.4.5_1,0.103455153413416,0.660064444141988,0.556609290728573,2025.14038046302,2025.24383561644,CHIKV_RUN_S31b35_2025,55.63232,-21.350249
3985,1134,REU.2.3_1,REU.2.3_1,0.103235993703034,0.660064444141988,0.556828450438954,2025.14059962274,2025.24383561644,CHIKV_RUN_S31b74_2025,55.43303,-20.88394
3780,201,REU.4.5_1,REU.4.5_1,0.102826566794789,0.660064444141988,0.5572378773472,2025.14100904964,2025.24383561644,CHIKV_RUN_S31b45_2025,55.610552,-21.37585
3487,2938,REU.3.4_1,REU.1.4_1,0.091983355200188,0.660064444141988,0.5680810889418,2025.15185226124,2025.24383561644,CHIKV_RUN_S33b15_2025,55.68545,-21.050746
4447,554,REU.4.3_1,REU.2.4_1,0.091200989285721,0.660064444141988,0.568863454856267,2025.15263462715,2025.24383561644,CHIKV_RUN_S36b90_2025,55.516176,-20.923373
5173,737,REU.4.3_1,REU.4.6_1,0.0898190700364113,0.660064444141988,0.570245374105577,2025.1540165464,2025.24383561644,CHIKV_RUN_S30b93_2025,55.393657,-21.292512
5749,2160,REU.2.2_1,REU.2.2_1,0.0889029431769296,0.660064444141988,0.571161500965059,2025.15493267326,2025.24383561644,CHIKV_RUN_S32b05_2025,55.299459,-20.936075
3767,199,REU.2.3_1,REU.2.3_1,0.0858401834493039,0.660064444141988,0.574224260692684,2025.15799543299,2025.24383561644,CHIKV_RUN_S31b37_2025,55.450929,-20.894839
5131,816,REU.4.3_1,REU.4.3_1,0.0843426883309782,0.660064444141988,0.57572175581101,2025.15949292811,2025.24383561644,CHIKV_RUN_S31b30_2025,55.530723,-21.256717
3241,1878,REU.4.6_1,REU.4.8_1,0.0840085613527725,0.660064444141988,0.576055882789216,2025.15982705509,2025.24383561644,CHIKV_RUN_S31b33_2025,55.44777,-21.304014
3475,2989,REU.3.4_1,REU.3.4_1,0.0836589875401881,0.660064444141988,0.5764054566018,2025.1601766289,2025.24383561644,CHIKV_RUN_S37b80_2025,55.307206,-21.172805
3775,191,REU.4.5_1,REU.4.5_1,0.0830460061324737,0.660064444141988,0.577018438009515,2025.16078961031,2025.24383561644,CHIKV_RUN_S31b36_2025,55.610277,-21.375628
6017,2514,REU.4.1_1,REU.4.1_1,0.081475540096379,0.660064444141988,0.578588904045609,2025.16236007634,2025.24383561644,CHIKV_RUN_S37b73_2025,55.466823,-21.148516
3720,2439,REU.2.3_1,REU.2.3_1,0.0761795144593619,0.660064444141988,0.583884929682626,2025.16765610198,2025.24383561644,CHIKV_RUN_S31b46_2025,55.447228,-20.889855
3257,3099,REU.4.8_1,REU.4.8_1,0.0740763444079601,0.660064444141988,0.585988099734028,2025.16975927203,2025.24383561644,CHIKV_RUN_S31b88_2025,55.472167,-21.334064
5437,999,REU.2.3_1,REU.2.3_1,0.0738849290414682,0.660064444141988,0.58617951510052,2025.1699506874,2025.24383561644,CHIKV_RUN_S31b64_2025,55.464572,-20.884325
4320,1721,REU.2.3_1,REU.2.3_1,0.0736881809019232,0.660064444141988,0.586376263240065,2025.17014743554,2025.24383561644,CHIKV_RUN_S31b34_2025,55.449883,-20.893507
5125,851,REU.2.3_1,REU.2.3_1,0.0702848342885964,0.660064444141988,0.589779609853392,2025.17355078215,2025.24383561644,CHIKV_RUN_S31b60_2025,55.470917,-20.898528
4740,1036,REU.4.3_1,REU.4.5_1,0.0701627644798952,0.660064444141988,0.589901679662093,2025.17367285196,2025.24383561644,CHIKV_RUN_S31b43_2025,55.623625,-21.379174
3480,2975,REU.2.3_1,REU.3.5_1,0.0665841853488576,0.660064444141988,0.593480258793131,2025.17725143109,2025.24383561644,CHIKV_RUN_S32b04_2025,55.269183,-21.010471
3296,1803,REU.3.4_1,REU.1.4_1,0.0658429968649217,0.660064444141988,0.594221447277067,2025.17799261957,2025.24383561644,CHIKV_RUN_S33b14_2025,55.742032,-21.08114
4561,467,REU.2.3_1,REU.2.3_1,0.0657614990888878,0.660064444141988,0.5943029450531,2025.17807411735,2025.24383561644,CHIKV_RUN_S31b72_2025,55.469478,-20.895391
5605,2072,REU.4.5_1,REU.2.3_1,0.0647622530481049,0.660064444141988,0.595302191093883,2025.17907336339,2025.24383561644,CHIKV_RUN_S31b56_2025,55.412937,-20.898481
3803,219,REU.4.5_1,REU.4.5_1,0.0631534933709575,0.660064444141988,0.596910950771031,2025.18068212307,2025.24383561644,CHIKV_RUN_S30b92_2025,55.617042,-21.379792
4849,1375,REU.2.4_1,REU.2.4_1,0.0625746529725012,0.660064444141988,0.597489791169487,2025.18126096347,2025.24383561644,CHIKV_RUN_S30b25_2025,55.55816,-20.896887
3731,2418,REU.3.4_1,REU.3.4_1,0.0624655844832773,0.660064444141988,0.597598859658711,2025.18137003196,2025.24383561644,CHIKV_RUN_S31b73_2025,55.303288,-21.219252
4686,1465,REU.4.8_1,REU.4.5_1,0.0620288314898243,0.660064444141988,0.598035612652164,2025.18180678495,2025.24383561644,CHIKV_RUN_S31b31_2025,55.597249,-21.361982
5667,2351,REU.4.5_1,REU.4.6_1,0.0620169942297988,0.660064444141988,0.598047449912189,2025.18181862221,2025.24383561644,CHIKV_RUN_S31b90_2025,55.428657,-21.288549
4066,1390,REU.4.3_1,REU.4.3_1,0.0608023815997156,0.660064444141988,0.599262062542273,2025.18303323484,2025.24383561644,CHIKV_RUN_S30b86_2025,55.528216,-21.261163
5205,844,REU.4.3_1,REU.4.3_1,0.0597828607713072,0.660064444141988,0.600281583370681,2025.18405275567,2025.24383561644,CHIKV_RUN_S31b10_2025,55.515475,-21.265196
5132,715,REU.4.3_1,REU.4.2_1,0.0577635442866492,0.660064444141988,0.602300899855339,2025.18607207215,2025.24383561644,CHIKV_RUN_S37b78_2025,55.467646,-21.249082
3227,2785,REU.4.3_1,REU.4.8_1,0.053520093066511,0.660064444141988,0.606544351075477,2025.19031552337,2025.24383561644,CHIKV_RUN_S31b42_2025,55.48181,-21.330446
3931,1598,REU.2.3_1,REU.1.2_1,0.0514319074905092,0.660064444141988,0.608632536651479,2025.19240370895,2025.24383561644,CHIKV_RUN_S33b17_2025,55.602643,-21.145037
4801,130,REU.4.3_1,REU.2.3_1,0.0482790287513862,0.660064444141988,0.611785415390602,2025.19555658769,2025.24383561644,CHIKV_RUN_S31b76_2025,55.448661,-20.897523
4396,465,REU.4.3_1,REU.3.1_1,0.043608255342773,0.660064444141988,0.616456188799215,2025.2002273611,2025.24383561644,CHIKV_RUN_S37b79_2025,55.336515,-21.274289
3491,2951,REU.3.4_1,REU.1.3_1,0.0348483121362668,0.660064444141988,0.625216132005721,2025.2089873043,2025.24383561644,CHIKV_RUN_S33b20_2025,55.647123,-20.963114
4470,527,REU.4.8_1,REU.3.4_1,0.0334219118277126,0.660064444141988,0.626642532314276,2025.21041370461,2025.24383561644,CHIKV_RUN_S32b09_2025,55.304125,-21.156785
4208,611,REU.4.3_1,REU.1.3_1,0.0316505491130153,0.660064444141988,0.628413895028973,2025.21218506733,2025.24383561644,CHIKV_RUN_S26b18_2025,55.650867,-20.934123
3211,1822,REU.4.8_1,REU.4.3_1,0.0292830314404428,0.660064444141988,0.630781412701546,2025.214552585,2025.24383561644,CHIKV_RUN_S36b89_2025,55.497061,-21.269621
3974,1141,REU.2.3_1,REU.2.3_1,0.025575120684608,0.660064444141988,0.63448932345738,2025.21826049575,2025.24383561644,CHIKV_RUN_S30b38_2025,55.462381,-20.895649
4149,1164,REU.2.3_1,REU.2.3_1,0.0222568682468023,0.660064444141988,0.637807575895186,2025.22157874819,2025.24383561644,CHIKV_RUN_S31b58_2025,55.458475,-20.893018
5382,619,REU.4.3_1,REU.4.3_1,0.0221590897037354,0.660064444141988,0.637905354438253,2025.22167652673,2025.24383561644,CHIKV_RUN_S37b65_2025,55.531084,-21.283712
3254,2722,REU.4.8_1,REU.3.4_1,0.0191377178534287,0.660064444141988,0.64092672628856,2025.22469789858,2025.24383561644,CHIKV_RUN_S32b14_2025,55.307358,-21.169662
4074,1449,REU.4.8_1,REU.2.1_1,0.0131426224079015,0.660064444141988,0.646921821734087,2025.23069299403,2025.24383561644,CHIKV_RUN_S31b71_2025,55.347512,-20.928977
4229,1487,REU.1.4_1,REU.1.4_1,0.0128414854405904,0.660064444141988,0.647222958701398,2025.230994131,2025.24383561644,CHIKV_RUN_S33b16_2025,55.70293,-21.06832
3298,1804,REU.1.4_1,REU.3.5_1,0.00750761686942625,0.660064444141988,0.652556827272562,2025.23632799957,2025.24383561644,CHIKV_RUN_S31b95_2025,55.269241,-21.05027
3298,1801,REU.1.4_1,REU.1.4_1,0.00750761686942625,0.660064444141988,0.652556827272562,2025.23632799957,2025.24383561644,CHIKV_RUN_S33b12_2025,55.742885,-21.079844
5062,756,REU.2.3_1,REU.3.5_1,0.00327995921384105,0.660064444141988,0.656784484928147,2025.24055565722,2025.24383561644,CHIKV_RUN_S31b63_2025,55.281544,-21.042635
5432,989,REU.2.3_1,REU.2.3_1,0.00120645981184109,0.660064444141988,0.658857984330147,2025.24262915663,2025.24383561644,CHIKV_RUN_S33b22_2025,55.494723,-20.92514
4050,4051,REU.4.8_1,REU.2.4_1,0.051011800168658,0.660567043146082,0.609555242977424,2025.19332641527,2025.24433821544,NA,NA,NA
4570,4571,REU.2.3_1,REU.2.5_1,0.0431675025876976,0.661429491132052,0.618261988544354,2025.20203316084,2025.24520066343,NA,NA,NA
4765,4766,REU.4.8_1,REU.4.8_1,0.0500751943467006,0.661523366576299,0.611448172229598,2025.19521934453,2025.24529453887,NA,NA,NA
4629,4630,REU.4.3_1,REU.2.3_1,0.07444798269437,0.661979917882438,0.587531935188068,2025.17130310748,2025.24575109018,NA,NA,NA
5005,5006,REU.2.3_1,REU.2.3_1,0.0609225411099462,0.662124709152876,0.60120216804293,2025.18497334034,2025.24589588145,NA,NA,NA
4138,4140,REU.4.3_1,REU.4.8_1,0.121171325055861,0.66277050069217,0.541599175636309,2025.12537034793,2025.24654167299,NA,NA,NA
4425,468,REU.4.3_1,REU.4.4_1,0.209277235106164,0.662804170169346,0.453526935063181,2025.03729810736,2025.24657534247,CHIKV_RUN_S32b18_2025,55.553736,-21.350115
4963,1068,REU.4.8_1,REU.2.1_1,0.191730865880771,0.662804170169346,0.471073304288574,2025.05484447659,2025.24657534247,CHIKV_RUN_S32b68_2025,55.327192,-20.950233
3738,2423,REU.3.4_1,REU.3.4_1,0.137743141367183,0.662804170169346,0.525061028802163,2025.1088322011,2025.24657534247,CHIKV_RUN_S31b83_2025,55.290972,-21.196121
3850,1677,REU.4.3_1,REU.4.2_1,0.124401965174487,0.662804170169346,0.538402204994858,2025.12217337729,2025.24657534247,CHIKV_RUN_S31b89_2025,55.471431,-21.230528
3967,1139,REU.2.3_1,REU.1.3_1,0.124203819782719,0.662804170169346,0.538600350386627,2025.12237152268,2025.24657534247,CHIKV_RUN_S33b09_2025,55.680245,-20.94398
6009,2513,REU.4.1_1,REU.4.1_1,0.1212492696339,0.662804170169346,0.541554900535445,2025.12532607283,2025.24657534247,CHIKV_RUN_S32b21_2025,55.479962,-21.164987
5971,3027,REU.4.3_1,REU.3.5_1,0.118567960642594,0.662804170169346,0.544236209526752,2025.12800738182,2025.24657534247,CHIKV_RUN_S32b65_2025,55.232382,-21.055852
4063,269,REU.4.8_1,REU.4.4_1,0.115493806243909,0.662804170169346,0.547310363925436,2025.13108153622,2025.24657534247,CHIKV_RUN_S31b93_2025,55.584499,-21.33656
4204,906,REU.3.5_1,REU.3.5_1,0.113102821533738,0.662804170169346,0.549701348635607,2025.13347252093,2025.24657534247,CHIKV_RUN_S32b64_2025,55.260241,-21.058884
3479,2991,REU.3.4_1,REU.3.4_1,0.111256019745575,0.662804170169346,0.551548150423771,2025.13531932272,2025.24657534247,CHIKV_RUN_S31b91_2025,55.337987,-21.204948
6152,1944,REU.4.3_1,REU.4.2_1,0.103501179741862,0.662804170169346,0.559302990427483,2025.14307416272,2025.24657534247,CHIKV_RUN_S32b80_2025,55.471438,-21.245764
3898,327,REU.4.3_1,REU.2.3_1,0.101426112011348,0.662804170169346,0.561378058157998,2025.14514923045,2025.24657534247,CHIKV_RUN_S32b20_2025,55.443884,-20.876564
5616,2073,REU.4.5_1,REU.4.1_1,0.095153152357597,0.662804170169346,0.567651017811749,2025.15142219011,2025.24657534247,CHIKV_RUN_S32b78_2025,55.471975,-21.138809
6102,2144,REU.2.3_1,REU.1.4_1,0.0947230243100663,0.662804170169346,0.568081145859279,2025.15185231816,2025.24657534247,CHIKV_RUN_S33b18_2025,55.719685,-21.043845
4808,1323,REU.4.3_1,REU.2.3_1,0.0863746883345062,0.662804170169346,0.57642948183484,2025.16020065413,2025.24657534247,CHIKV_RUN_S32b02_2025,55.488802,-20.891298
4024,965,REU.2.1_1,REU.2.1_1,0.0798121912679246,0.662804170169346,0.582991978901421,2025.1667631512,2025.24657534247,CHIKV_RUN_S32b52_2025,55.329355,-20.946489
5437,1008,REU.2.3_1,REU.2.3_1,0.0766246550688255,0.662804170169346,0.58617951510052,2025.1699506874,2025.24657534247,CHIKV_RUN_S33b21_2025,55.473777,-20.904699
3583,2421,REU.3.4_1,REU.3.5_1,0.0748657156165042,0.662804170169346,0.587938454552841,2025.17170962685,2025.24657534247,CHIKV_RUN_S32b70_2025,55.271846,-21.084119
4710,1052,REU.2.3_1,REU.4.5_1,0.0738937112388597,0.662804170169346,0.588910458930486,2025.17268163123,2025.24657534247,CHIKV_RUN_S32b83_2025,55.688928,-21.367523
4462,539,REU.4.8_1,REU.4.8_1,0.0720056664631039,0.662804170169346,0.590798503706242,2025.174569676,2025.24657534247,CHIKV_RUN_S32b15_2025,55.529877,-21.316327
6182,11,REU.3.5_1,REU.3.5_1,0.0675595324725691,0.662804170169346,0.595244637696777,2025.17901580999,2025.24657534247,CHIKV_RUN_S32b60_2025,55.232665,-21.089555
5777,2187,REU.4.8_1,REU.3.4_1,0.0595044899753959,0.662804170169346,0.60329968019395,2025.18707085249,2025.24657534247,CHIKV_RUN_S32b69_2025,55.295404,-21.195781
4060,1474,REU.4.8_1,REU.4.3_1,0.0560264772888012,0.662804170169346,0.606777692880545,2025.19054886518,2025.24657534247,CHIKV_RUN_S32b75_2025,55.525933,-21.292884
5112,751,REU.2.3_1,REU.1.3_1,0.0494061324156131,0.662804170169346,0.613398037753732,2025.19716921005,2025.24657534247,CHIKV_RUN_S33b10_2025,55.652729,-20.971179
4091,1634,REU.3.5_1,REU.3.5_1,0.0439599220316353,0.662804170169346,0.61884424813771,2025.20261542043,2025.24657534247,CHIKV_RUN_S32b28_2025,55.327773,-21.002561
6113,2301,REU.4.8_1,REU.4.8_1,0.0379777218816095,0.662804170169346,0.624826448287736,2025.20859762058,2025.24657534247,CHIKV_RUN_S32b79_2025,55.476056,-21.335757
6200,30,REU.2.3_1,REU.2.3_1,0.0363959706661435,0.662804170169346,0.626408199503202,2025.2101793718,2025.24657534247,CHIKV_RUN_S32b26_2025,55.486595,-20.905498
5904,2275,REU.4.8_1,REU.3.5_1,0.0351452406074634,0.662804170169346,0.627658929561882,2025.21143010186,2025.24657534247,CHIKV_RUN_S32b63_2025,55.227613,-21.060533
3707,2658,REU.3.5_1,REU.2.2_1,0.034736617908575,0.662804170169346,0.628067552260771,2025.21183872456,2025.24657534247,CHIKV_RUN_S32b22_2025,55.306625,-20.935303
4738,1307,REU.4.8_1,REU.3.5_1,0.0329610057369201,0.662804170169346,0.629843164432426,2025.21361433673,2025.24657534247,CHIKV_RUN_S32b08_2025,55.288935,-21.021777
5528,2090,REU.4.5_1,REU.2.3_1,0.0233926205896618,0.662804170169346,0.639411549579684,2025.22318272188,2025.24657534247,CHIKV_RUN_S32b13_2025,55.490435,-20.896656
3711,2661,REU.3.1_1,REU.3.5_1,0.0169465041238872,0.662804170169346,0.645857666045458,2025.22962883834,2025.24657534247,CHIKV_RUN_S32b57_2025,55.280354,-21.087054
3711,2660,REU.3.1_1,REU.3.1_1,0.0169465041238872,0.662804170169346,0.645857666045458,2025.22962883834,2025.24657534247,CHIKV_RUN_S32b81_2025,55.363532,-21.265243
4651,444,REU.2.3_1,REU.2.3_1,0.0132972062289083,0.662804170169346,0.649506963940437,2025.23327813624,2025.24657534247,CHIKV_RUN_S31b69_2025,55.49148,-20.91578
5746,2328,REU.3.1_1,REU.3.1_1,0.013122014851486,0.662804170169346,0.64968215531786,2025.23345332761,2025.24657534247,CHIKV_RUN_S37b82_2025,55.390707,-21.252061
4907,628,REU.4.8_1,REU.3.5_1,0.0127587424188873,0.662804170169346,0.650045427750458,2025.23381660005,2025.24657534247,CHIKV_RUN_S32b03_2025,55.277282,-21.013691
5814,3066,REU.3.1_1,REU.3.1_1,0.0091797705292036,0.662804170169346,0.653624399640142,2025.23739557194,2025.24657534247,CHIKV_RUN_S32b23_2025,55.357891,-21.245728
4571,374,REU.2.5_1,REU.2.5_1,0.00137467903729416,0.662804170169346,0.661429491132052,2025.24520066343,2025.24657534247,CHIKV_RUN_S37b81_2025,55.583481,-20.929233
3322,3323,REU.2.5_1,REU.2.5_1,0.101811170028567,0.662949209284387,0.56113803925582,2025.14490921155,2025.24672038158,NA,NA,NA
5145,5146,REU.4.3_1,REU.4.4_1,0.127426921325133,0.663660268905206,0.536233347580073,2025.12000451988,2025.2474314412,NA,NA,NA
3635,3636,REU.2.3_1,REU.2.3_1,0.0457183421475151,0.663836715955748,0.618118373808233,2025.2018895461,2025.24760788825,NA,NA,NA
4882,4883,REU.4.8_1,REU.4.4_1,0.187221154306268,0.663986444871831,0.476765290565563,2025.06053646286,2025.24775761717,NA,NA,NA
4655,4656,REU.4.3_1,REU.4.3_1,0.130361357544192,0.665269827680963,0.534908470136771,2025.11867964243,2025.24904099998,NA,NA,NA
4924,4932,REU.4.3_1,REU.4.3_1,0.125698317380607,0.665348927225183,0.539650609844576,2025.12342178214,2025.24912009952,NA,NA,NA
4450,4451,REU.4.8_1,REU.4.8_1,0.088157064552759,0.665484258776004,0.577327194223245,2025.16109836652,2025.24925543107,NA,NA,NA
6085,3089,REU.3.1_1,REU.4.6_1,0.27507425015812,0.665543896196703,0.390469646038583,2024.97424081834,2025.24931506849,CHIKV_RUN_S32b47_2025,55.441735,-21.260273
4230,1497,REU.4.3_1,REU.1.3_1,0.179665761412498,0.665543896196703,0.485878134784205,2025.06964930708,2025.24931506849,CHIKV_RUN_S47b68_2025,55.672155,-20.967004
5635,2747,REU.3.1_1,REU.4.3_1,0.179565576856672,0.665543896196703,0.485978319340031,2025.06974949164,2025.24931506849,CHIKV_RUN_S45b58_2025,55.537565,-21.195094
5707,2725,REU.4.8_1,REU.3.5_1,0.17356930073616,0.665543896196703,0.491974595460543,2025.07574576776,2025.24931506849,CHIKV_RUN_S33b23_2025,55.270722,-21.025332
3830,1549,REU.4.3_1,REU.3.5_1,0.172362131908783,0.665543896196703,0.49318176428792,2025.07695293658,2025.24931506849,CHIKV_RUN_S33b33_2025,55.305548,-21.06515
4418,507,REU.4.3_1,REU.4.3_1,0.166184681487898,0.665543896196703,0.499359214708805,2025.08313038701,2025.24931506849,CHIKV_RUN_S45b84_2025,55.518795,-21.282541
4083,1632,REU.3.5_1,REU.3.5_1,0.155777166822136,0.665543896196703,0.509766729374567,2025.09353790167,2025.24931506849,CHIKV_RUN_S32b54_2025,55.330989,-20.982402
4745,1288,REU.4.8_1,REU.2.1_1,0.154173703645742,0.665543896196703,0.511370192550961,2025.09514136485,2025.24931506849,CHIKV_RUN_S45b87_2025,55.340018,-20.937792
4034,272,REU.4.8_1,REU.4.8_1,0.147587249445758,0.665543896196703,0.517956646750945,2025.10172781905,2025.24931506849,CHIKV_RUN_S32b73_2025,55.482928,-21.330578
4575,410,REU.4.3_1,REU.4.3_1,0.147339958314467,0.665543896196703,0.518203937882236,2025.10197511018,2025.24931506849,CHIKV_RUN_S33b46_2025,55.514525,-21.248457
3507,2942,REU.3.4_1,REU.3.4_1,0.143186095305924,0.665543896196703,0.522357800890779,2025.10612897319,2025.24931506849,CHIKV_RUN_S33b37_2025,55.324381,-21.154874
3321,1993,REU.2.5_1,REU.2.5_1,0.118459034959449,0.665543896196703,0.547084861237254,2025.13085603353,2025.24931506849,CHIKV_RUN_S45b74_2025,55.635431,-20.936731
3140,2742,REU.4.8_1,REU.4.8_1,0.118442484881592,0.665543896196703,0.547101411315111,2025.13087258361,2025.24931506849,CHIKV_RUN_S33b45_2025,55.460764,-21.289718
3792,240,REU.3.1_1,REU.3.5_1,0.111915017937942,0.665543896196703,0.553628878258761,2025.13740005056,2025.24931506849,CHIKV_RUN_S33b31_2025,55.267946,-21.022127
4638,1571,REU.4.3_1,REU.4.3_1,0.108705365231122,0.665543896196703,0.556838530965582,2025.14060970326,2025.24931506849,CHIKV_RUN_S45b62_2025,55.547751,-21.219081
3983,1142,REU.2.3_1,REU.2.3_1,0.10842358072048,0.665543896196703,0.557120315476223,2025.14089148777,2025.24931506849,CHIKV_RUN_S32b86_2025,55.464006,-20.894512
5756,2713,REU.3.4_1,REU.1.4_1,0.106752214827589,0.665543896196703,0.558791681369115,2025.14256285367,2025.24931506849,CHIKV_RUN_S45b61_2025,55.707993,-21.031323
3326,2749,REU.3.5_1,REU.2.3_1,0.0995518944876735,0.665543896196703,0.56599200170903,2025.14976317401,2025.24931506849,CHIKV_RUN_S32b72_2025,55.468596,-20.88681
5660,2769,REU.4.8_1,REU.4.8_1,0.0994233106853942,0.665543896196703,0.566120585511309,2025.14989175781,2025.24931506849,CHIKV_RUN_S32b94_2025,55.479323,-21.33559
5413,997,REU.2.3_1,REU.2.3_1,0.0974993744646909,0.665543896196703,0.568044521732012,2025.15181569403,2025.24931506849,CHIKV_RUN_S32b50_2025,55.448332,-20.898829
6221,52,REU.3.1_1,REU.2.3_1,0.0958628347194566,0.665543896196703,0.569681061477247,2025.15345223377,2025.24931506849,CHIKV_RUN_S32b56_2025,55.475491,-20.889116
4795,162,REU.3.5_1,REU.3.5_1,0.0915539714379748,0.665543896196703,0.573989924758728,2025.15776109706,2025.24931506849,CHIKV_RUN_S32b58_2025,55.269703,-21.083498
4300,108,REU.4.3_1,REU.3.3_1,0.0901707493331669,0.665543896196703,0.575373146863536,2025.15914431916,2025.24931506849,CHIKV_RUN_S32b55_2025,55.294014,-21.105645
4567,471,REU.2.4_1,REU.2.4_1,0.0900543009004511,0.665543896196703,0.575489595296252,2025.15926076759,2025.24931506849,CHIKV_RUN_S47b74_2025,55.521565,-20.903296
4468,530,REU.4.8_1,REU.2.4_1,0.0817259443952366,0.665543896196703,0.583817951801466,2025.1675891241,2025.24931506849,CHIKV_RUN_S33b07_2025,55.515221,-20.921108
4131,1767,REU.3.4_1,REU.3.4_1,0.0812341286497538,0.665543896196703,0.584309767546949,2025.16808093984,2025.24931506849,CHIKV_RUN_S47b76_2025,55.298477,-21.143428
4419,480,REU.4.3_1,REU.2.3_1,0.0800363820624255,0.665543896196703,0.585507514134278,2025.16927868643,2025.24931506849,CHIKV_RUN_S32b59_2025,55.494101,-20.928618
5808,1949,REU.2.3_1,REU.2.3_1,0.0799398780694983,0.665543896196703,0.585604018127205,2025.16937519042,2025.24931506849,CHIKV_RUN_S33b08_2025,55.446927,-20.895667
4105,1647,REU.4.3_1,REU.3.5_1,0.0776363691536538,0.665543896196703,0.587907527043049,2025.17167869934,2025.24931506849,CHIKV_RUN_S33b05_2025,55.308922,-21.087514
4049,1348,REU.4.3_1,REU.4.4_1,0.0739635150495525,0.665543896196703,0.591580381147151,2025.17535155344,2025.24931506849,CHIKV_RUN_S45b86_2025,55.569291,-21.350911
4398,490,REU.4.3_1,REU.4.3_1,0.0703687609643228,0.665543896196703,0.59517513523238,2025.17894630753,2025.24931506849,CHIKV_RUN_S32b88_2025,55.52234,-21.284942
5526,2079,REU.4.5_1,REU.4.5_1,0.0695797687878483,0.665543896196703,0.595964127408855,2025.17973529971,2025.24931506849,CHIKV_RUN_S47b69_2025,55.615252,-21.384412
4961,1084,REU.4.8_1,REU.4.5_1,0.067956472188927,0.665543896196703,0.597587424007776,2025.1813585963,2025.24931506849,CHIKV_RUN_S32b91_2025,55.616272,-21.374385
3731,2417,REU.3.4_1,REU.3.4_1,0.0679450365379921,0.665543896196703,0.597598859658711,2025.18137003196,2025.24931506849,CHIKV_RUN_S32b61_2025,55.303288,-21.219252
3959,1314,REU.4.3_1,REU.4.3_1,0.0652474873396627,0.665543896196703,0.60029640885704,2025.18406758115,2025.24931506849,CHIKV_RUN_S33b44_2025,55.522856,-21.275258
3178,2829,REU.2.3_1,REU.2.3_1,0.0633896970533616,0.665543896196703,0.602154199143341,2025.18592537144,2025.24931506849,CHIKV_RUN_S45b88_2025,55.468652,-20.903986
5367,1226,REU.4.3_1,REU.4.3_1,0.0607357789494638,0.665543896196703,0.604808117247239,2025.18857928954,2025.24931506849,CHIKV_RUN_S32b74_2025,55.520911,-21.261568
6177,6,REU.3.5_1,REU.4.8_1,0.0591865322916127,0.665543896196703,0.60635736390509,2025.1901285362,2025.24931506849,CHIKV_RUN_S32b87_2025,55.494399,-21.342935
4840,1369,REU.2.4_1,REU.2.4_1,0.0557847295387575,0.665543896196703,0.609759166657945,2025.19353033895,2025.24931506849,CHIKV_RUN_S32b49_2025,55.559144,-20.90001
6172,19,REU.3.2_1,REU.3.2_1,0.0557678744408422,0.665543896196703,0.609776021755861,2025.19354719405,2025.24931506849,CHIKV_RUN_S47b73_2025,55.322143,-21.250985
6215,24,REU.2.3_1,REU.2.3_1,0.0557230793445638,0.665543896196703,0.609820816852139,2025.19359198915,2025.24931506849,CHIKV_RUN_S47b75_2025,55.455177,-20.889097
6060,1898,REU.4.4_1,REU.4.4_1,0.0556248461283346,0.665543896196703,0.609919050068368,2025.19369022236,2025.24931506849,CHIKV_RUN_S33b01_2025,55.577104,-21.349537
6181,14,REU.3.5_1,REU.3.5_1,0.0533277278761535,0.665543896196703,0.61221616832055,2025.19598734062,2025.24931506849,CHIKV_RUN_S32b62_2025,55.255258,-21.10745
3845,1681,REU.4.8_1,REU.4.8_1,0.0529305682267996,0.665543896196703,0.612613327969903,2025.19638450027,2025.24931506849,CHIKV_RUN_S32b84_2025,55.508561,-21.29119
5307,1230,REU.4.3_1,REU.4.8_1,0.0498902446243739,0.665543896196703,0.615653651572329,2025.19942482387,2025.24931506849,CHIKV_RUN_S32b95_2025,55.536394,-21.320941
5995,3013,REU.4.8_1,REU.4.8_1,0.049098277567781,0.665543896196703,0.616445618628922,2025.20021679093,2025.24931506849,CHIKV_RUN_S33b40_2025,55.460141,-21.336048
5050,710,REU.4.3_1,REU.4.3_1,0.0490446047621101,0.665543896196703,0.616499291434593,2025.20027046373,2025.24931506849,CHIKV_RUN_S26b16_2025,55.502377,-21.275578
5361,1189,REU.4.8_1,REU.2.3_1,0.0346478358718715,0.665543896196703,0.630896060324832,2025.21466723262,2025.24931506849,CHIKV_RUN_S32b51_2025,55.456567,-20.885699
4580,486,REU.2.3_1,REU.2.3_1,0.0322371617896647,0.665543896196703,0.633306734407038,2025.2170779067,2025.24931506849,CHIKV_RUN_S33b06_2025,55.412393,-20.8887
3563,2407,REU.3.4_1,REU.3.4_1,0.031166391518423,0.665543896196703,0.63437750467828,2025.21814867697,2025.24931506849,CHIKV_RUN_S32b77_2025,55.287288,-21.175906
5486,2563,REU.4.8_1,REU.4.8_1,0.0298673442603887,0.665543896196703,0.635676551936314,2025.21944772423,2025.24931506849,CHIKV_RUN_S33b41_2025,55.521104,-21.357053
3982,1155,REU.1.3_1,REU.1.3_1,0.0281407380579611,0.665543896196703,0.637403158138742,2025.22117433044,2025.24931506849,CHIKV_RUN_S47b72_2025,55.672607,-20.967614
5887,2254,REU.2.5_1,REU.2.5_1,0.0245517391167269,0.665543896196703,0.640992157079976,2025.22476332938,2025.24931506849,CHIKV_RUN_S47b70_2025,55.5895,-20.938841
4941,1280,REU.4.3_1,REU.2.3_1,0.021391136025037,0.665543896196703,0.644152760171666,2025.22792393247,2025.24931506849,CHIKV_RUN_S32b85_2025,55.472693,-20.919139
3879,338,REU.2.3_1,REU.4.2_1,0.0168516514042057,0.665543896196703,0.648692244792497,2025.23246341709,2025.24931506849,CHIKV_RUN_S33b43_2025,55.478685,-21.249636
4907,632,REU.4.8_1,REU.4.4_1,0.0154984684462447,0.665543896196703,0.650045427750458,2025.23381660005,2025.24931506849,CHIKV_RUN_S32b76_2025,55.551439,-21.353904
4727,1074,REU.4.8_1,REU.2.1_1,0.0122204844472394,0.665543896196703,0.653323411749464,2025.23709458405,2025.24931506849,CHIKV_RUN_S32b53_2025,55.335116,-20.937594
4799,123,REU.2.3_1,REU.2.3_1,0.0110478707446497,0.665543896196703,0.654496025452053,2025.23826719775,2025.24931506849,CHIKV_RUN_S45b73_2025,55.444583,-20.893761
5146,705,REU.4.4_1,REU.4.4_1,0.00188362729149705,0.665543896196703,0.663660268905206,2025.2474314412,2025.24931506849,CHIKV_RUN_S32b92_2025,55.556528,-21.320686
3673,3674,REU.2.3_1,REU.4.8_1,0.0816478081313898,0.66638656893375,0.58473876080236,2025.1685099331,2025.25015774123,NA,NA,NA
5419,5423,REU.2.3_1,REU.2.3_1,0.115716334898222,0.666814489754388,0.551098154856166,2025.13486932715,2025.25058566205,NA,NA,NA
3437,3439,REU.4.8_1,REU.2.3_1,0.098622908978279,0.66695872104165,0.568335812063371,2025.15210698436,2025.25072989334,NA,NA,NA
5111,5113,REU.4.3_1,REU.4.5_1,0.136049274284364,0.666987945050532,0.530938670766168,2025.11470984306,2025.25075911735,NA,NA,NA
3707,3708,REU.3.5_1,REU.4.8_1,0.0397979478779529,0.667865500138724,0.628067552260771,2025.21183872456,2025.25163667244,NA,NA,NA
4766,4767,REU.4.8_1,REU.4.8_1,0.00662103145396953,0.668144398030268,0.661523366576299,2025.24529453887,2025.25191557033,NA,NA,NA
5087,795,REU.4.8_1,REU.2.2_1,0.189142168264564,0.66828362222406,0.479141453959497,2025.06291262626,2025.25205479452,CHIKV_RUN_S34b26_2025,55.293573,-20.943783
4426,483,REU.4.3_1,REU.2.5_1,0.188982168534362,0.66828362222406,0.479301453689698,2025.06307262599,2025.25205479452,CHIKV_RUN_S47b71_2025,55.582116,-20.921775
4227,1520,REU.4.3_1,REU.2.3_1,0.183319629461228,0.66828362222406,0.484963992762833,2025.06873516506,2025.25205479452,CHIKV_RUN_S33b25_2025,55.483664,-20.896563
3522,1871,REU.4.6_1,REU.4.6_1,0.157313519020457,0.66828362222406,0.510970103203603,2025.0947412755,2025.25205479452,CHIKV_RUN_S33b30_2025,55.39527,-21.292706
3278,2640,REU.3.1_1,REU.3.5_1,0.132989221408002,0.66828362222406,0.535294400816059,2025.11906557311,2025.25205479452,CHIKV_RUN_S26b43_2025,55.219765,-21.04023
4607,911,REU.3.5_1,REU.2.3_1,0.129522445969227,0.66828362222406,0.538761176254833,2025.12253234855,2025.25205479452,CHIKV_RUN_S33b32_2025,55.488479,-20.902191
5504,1888,REU.3.5_1,REU.2.4_1,0.129340325644119,0.66828362222406,0.538943296579941,2025.12271446888,2025.25205479452,CHIKV_RUN_S32b90_2025,55.569514,-20.907567
3999,950,REU.3.5_1,REU.1.2_1,0.125267784744453,0.66828362222406,0.543015837479607,2025.12678700978,2025.25205479452,CHIKV_RUN_S33b69_2025,55.635932,-21.137709
4400,379,REU.2.3_1,REU.4.5_1,0.124616648042449,0.66828362222406,0.543666974181611,2025.12743814648,2025.25205479452,CHIKV_RUN_S33b56_2025,55.651958,-21.379035
6196,32,REU.2.3_1,REU.2.3_1,0.123564106880343,0.66828362222406,0.544719515343717,2025.12849068764,2025.25205479452,CHIKV_RUN_S33b24_2025,55.446429,-20.876421
6141,2229,REU.3.1_1,REU.3.2_1,0.121701641945132,0.66828362222406,0.546581980278928,2025.13035315258,2025.25205479452,CHIKV_RUN_S33b55_2025,55.335127,-21.233726
3612,2916,REU.2.3_1,REU.2.3_1,0.116785416809191,0.66828362222406,0.55149820541487,2025.13526937771,2025.25205479452,CHIKV_RUN_S33b36_2025,55.458913,-20.880306
5508,1820,REU.2.3_1,REU.2.3_1,0.115999496897844,0.66828362222406,0.552284125326217,2025.13605529762,2025.25205479452,CHIKV_RUN_S33b34_2025,55.485007,-20.915423
4475,521,REU.4.6_1,REU.4.6_1,0.11044837698279,0.66828362222406,0.55783524524127,2025.14160641754,2025.25205479452,CHIKV_RUN_S33b71_2025,55.455658,-21.21151
5171,729,REU.4.3_1,REU.4.6_1,0.108082865309111,0.668283622224061,0.560200756914949,2025.14397192921,2025.25205479452,CHIKV_RUN_S33b50_2025,55.416583,-21.268514
3326,2389,REU.3.5_1,REU.2.2_1,0.102291620515031,0.66828362222406,0.56599200170903,2025.14976317401,2025.25205479452,CHIKV_RUN_S34b28_2025,55.295166,-20.9464
3939,1464,REU.4.3_1,REU.3.5_1,0.0824453351536514,0.66828362222406,0.585838287070409,2025.16960945937,2025.25205479452,CHIKV_RUN_S34b34_2025,55.328971,-20.982533
5039,659,REU.4.3_1,REU.4.3_1,0.0780026464330089,0.66828362222406,0.590280975791052,2025.17405214809,2025.25205479452,CHIKV_RUN_S33b57_2025,55.527296,-21.250071
4079,1456,REU.4.3_1,REU.4.8_1,0.075807272889191,0.66828362222406,0.59247634933487,2025.17624752163,2025.25205479452,CHIKV_RUN_S33b42_2025,55.541358,-21.314395
5976,3024,REU.4.3_1,REU.3.5_1,0.0750665457640508,0.66828362222406,0.59321707646001,2025.17698824876,2025.25205479452,CHIKV_RUN_S34b33_2025,55.228391,-21.03196
3642,2855,REU.2.3_1,REU.2.1_1,0.071714785989627,0.66828362222406,0.596568836234433,2025.18034000853,2025.25205479452,CHIKV_RUN_S33b64_2025,55.339139,-20.95589
4080,1458,REU.4.3_1,REU.4.5_1,0.0702031509935601,0.66828362222406,0.5980804712305,2025.18185164353,2025.25205479452,CHIKV_RUN_S33b28_2025,55.656971,-21.33478
6205,23,REU.2.3_1,REU.2.3_1,0.066644305622811,0.66828362222406,0.60163931660125,2025.1854104889,2025.25205479452,CHIKV_RUN_S33b52_2025,55.487273,-20.899435
4594,440,REU.4.3_1,REU.4.5_1,0.0662495406729221,0.66828362222406,0.602034081551138,2025.18580525385,2025.25205479452,CHIKV_RUN_S33b63_2025,55.606237,-21.376811
5023,76,REU.3.3_1,REU.3.3_1,0.0610753762843349,0.66828362222406,0.607208245939726,2025.19097941824,2025.25205479452,CHIKV_RUN_S34b27_2025,55.283019,-21.110782
3264,2803,REU.1.4_1,REU.1.4_1,0.044562685814701,0.66828362222406,0.62372093640936,2025.20749210871,2025.25205479452,CHIKV_RUN_S33b35_2025,55.719249,-21.044355
4404,454,REU.2.3_1,REU.2.5_1,0.0410108774194102,0.66828362222406,0.62727274480465,2025.2110439171,2025.25205479452,CHIKV_RUN_S33b47_2025,55.587006,-20.926239
4696,304,REU.4.3_1,REU.3.5_1,0.039763003143818,0.66828362222406,0.628520619080242,2025.21229179138,2025.25205479452,CHIKV_RUN_S34b24_2025,55.27146,-21.01272
5095,799,REU.4.8_1,REU.4.8_1,0.0366991646720081,0.66828362222406,0.631584457552052,2025.21535562985,2025.25205479452,CHIKV_RUN_S33b49_2025,55.446858,-21.298724
4044,1741,REU.4.8_1,REU.2.1_1,0.0330185690031672,0.66828362222406,0.635265053220893,2025.21903622552,2025.25205479452,CHIKV_RUN_S34b29_2025,55.4112566163266,-21.04474661488
3409,2840,REU.4.8_1,REU.2.1_1,0.0306391540363945,0.66828362222406,0.637644468187666,2025.22141564048,2025.25205479452,CHIKV_RUN_S33b53_2025,55.339701,-20.948593
5080,813,REU.4.3_1,REU.4.8_1,0.0255888274092007,0.66828362222406,0.64269479481486,2025.22646596711,2025.25205479452,CHIKV_RUN_S33b51_2025,55.490525,-21.327155
4276,1510,REU.3.5_1,REU.3.5_1,0.0117134979857503,0.66828362222406,0.65657012423831,2025.24034129653,2025.25205479452,CHIKV_RUN_S34b16_2025,55.320483,-20.984464
5576,2052,REU.4.5_1,REU.4.5_1,0.00849929379902981,0.66828362222406,0.659784328425031,2025.24355550072,2025.25205479452,CHIKV_RUN_S33b38_2025,55.621686,-21.375645
3621,3622,REU.2.3_1,REU.2.3_1,0.0388689091722605,0.668546599221306,0.629677690049045,2025.21344886235,2025.25231777152,NA,NA,NA
3683,3684,REU.3.5_1,REU.2.4_1,0.0393542808689895,0.670056754075362,0.630702473206372,2025.2144736455,2025.25382792637,NA,NA,NA
5740,5747,REU.3.1_1,REU.4.8_1,0.171355834225302,0.670237525745755,0.498881691520453,2025.08265286382,2025.25400869804,NA,NA,NA
4061,1439,REU.4.8_1,REU.4.8_1,0.19679100492311,0.671023348251418,0.474232343328308,2025.05800351562,2025.25479452055,CHIKV_RUN_S34b32_2025,55.476348,-21.328608
3872,335,REU.2.3_1,REU.2.3_1,0.15778522275277,0.671023348251418,0.513238125498648,2025.0970092978,2025.25479452055,CHIKV_RUN_S33b68_2025,55.396883,-20.901414
6214,37,REU.2.3_1,REU.2.3_1,0.139768903956322,0.671023348251418,0.531254444295095,2025.11502561659,2025.25479452055,CHIKV_RUN_S34b22_2025,55.483614,-20.896152
5439,992,REU.2.3_1,REU.2.3_1,0.116697090894313,0.671023348251418,0.554326257357105,2025.13809742965,2025.25479452055,CHIKV_RUN_S33b74_2025,55.480702,-20.896447
3382,1776,REU.4.3_1,REU.4.8_1,0.116582042621989,0.671023348251418,0.554441305629429,2025.13821247793,2025.25479452055,CHIKV_RUN_S33b93_2025,55.490913,-21.297058
3546,3082,REU.4.3_1,REU.3.2_1,0.112789391935338,0.671023348251418,0.55823395631608,2025.14200512861,2025.25479452055,CHIKV_RUN_S34b31_2025,55.330197,-21.235731
4679,1165,REU.4.8_1,REU.4.8_1,0.0976243294573229,0.671023348251418,0.573399018794095,2025.15717019109,2025.25479452055,CHIKV_RUN_S33b84_2025,55.522177,-21.335085
5190,762,REU.4.6_1,REU.4.8_1,0.0956750119798282,0.671023348251418,0.57534833627159,2025.15911950857,2025.25479452055,CHIKV_RUN_S33b92_2025,55.460263,-21.290377
5790,2366,REU.4.5_1,REU.2.3_1,0.0924416587468724,0.671023348251418,0.578581689504545,2025.1623528618,2025.25479452055,CHIKV_RUN_S34b20_2025,55.482429,-20.940237
3390,2717,REU.4.3_1,REU.2.5_1,0.0808510140576698,0.671023348251418,0.590172334193748,2025.17394350649,2025.25479452055,CHIKV_RUN_S34b18_2025,55.605341,-20.904362
3644,2851,REU.2.3_1,REU.2.3_1,0.0793770820035463,0.671023348251418,0.591646266247871,2025.17541743854,2025.25479452055,CHIKV_RUN_S34b15_2025,55.412973,-20.896317
3339,2583,REU.4.8_1,REU.4.8_1,0.0792683906254015,0.671023348251418,0.591754957626016,2025.17552612992,2025.25479452055,CHIKV_RUN_S33b54_2025,55.476713,-21.283778
4753,136,REU.2.3_1,REU.2.3_1,0.0703998160552058,0.671023348251418,0.600623532196212,2025.18439470449,2025.25479452055,CHIKV_RUN_S34b25_2025,55.445273,-20.903065
5729,2238,REU.3.5_1,REU.3.5_1,0.066866682292391,0.671023348251418,0.604156665959027,2025.18792783826,2025.25479452055,CHIKV_RUN_S34b78_2025,55.310249,-21.03484
6215,25,REU.2.3_1,REU.2.3_1,0.0612025313992786,0.671023348251418,0.609820816852139,2025.19359198915,2025.25479452055,CHIKV_RUN_S34b10_2025,55.480688,-20.907711
5602,2125,REU.4.5_1,REU.4.5_1,0.0580701970247055,0.671023348251418,0.612953151226712,2025.19672432352,2025.25479452055,CHIKV_RUN_S33b81_2025,55.627935,-21.338649
3629,2934,REU.2.3_1,REU.2.3_1,0.0559665174616752,0.671023348251418,0.615056830789743,2025.19882800309,2025.25479452055,CHIKV_RUN_S34b19_2025,55.46786,-20.89748
4937,1702,REU.2.3_1,REU.2.3_1,0.0526843623103718,0.671023348251418,0.618338985941046,2025.20211015824,2025.25479452055,CHIKV_RUN_S34b17_2025,55.46355,-20.897532
4618,265,REU.2.3_1,REU.2.3_1,0.0521803110469443,0.671023348251418,0.618843037204474,2025.2026142095,2025.25479452055,CHIKV_RUN_S34b09_2025,55.460951,-20.907438
3609,2933,REU.2.3_1,REU.2.3_1,0.0453084850208234,0.671023348251418,0.625714863230594,2025.20948603553,2025.25479452055,CHIKV_RUN_S34b23_2025,55.463234,-20.896231
3774,170,REU.2.3_1,REU.2.3_1,0.0210401180691226,0.671023348251418,0.649983230182295,2025.23375440248,2025.25479452055,CHIKV_RUN_S34b06_2025,55.495535,-20.912168
5271,1337,REU.3.5_1,REU.3.5_1,0.0204818896565527,0.671023348251418,0.650541458594865,2025.23431263089,2025.25479452055,CHIKV_RUN_S33b67_2025,55.264138,-21.050453
5406,977,REU.2.3_1,REU.2.3_1,0.0191091391062749,0.671023348251418,0.651914209145143,2025.23568538144,2025.25479452055,CHIKV_RUN_S34b14_2025,55.48981,-20.907133
4767,134,REU.4.8_1,REU.4.8_1,0.00287895022114959,0.671023348251418,0.668144398030268,2025.25191557033,2025.25479452055,CHIKV_RUN_S34b12_2025,55.481234,-21.319446
4433,4434,REU.2.3_1,REU.2.3_1,0.0430116314353799,0.67105052884126,0.62803889740588,2025.2118100697,2025.25482170114,NA,NA,NA
5271,5272,REU.3.5_1,REU.3.5_1,0.0208449554922002,0.671386414087065,0.650541458594865,2025.23431263089,2025.25515758638,NA,NA,NA
3494,3495,REU.4.5_1,REU.4.5_1,0.0797741352737813,0.671458556405298,0.591684421131516,2025.17545559343,2025.2552297287,NA,NA,NA
6190,6191,REU.3.1_1,REU.4.3_1,0.148378424031967,0.671575468356701,0.523197044324735,2025.10696821662,2025.25534664065,NA,NA,NA
5321,5322,REU.4.8_1,REU.4.5_1,0.0853975259753461,0.671770015786229,0.586372489810883,2025.17014366211,2025.25554118808,NA,NA,NA
4109,4110,REU.2.3_1,REU.2.3_1,0.0179162622869165,0.672010817181712,0.654094554894795,2025.23786572719,2025.25578198948,NA,NA,NA
6045,6046,REU.3.4_1,REU.3.4_1,0.123965482388877,0.672081884449857,0.54811640206098,2025.13188757436,2025.25585305675,NA,NA,NA
3636,3637,REU.2.3_1,REU.2.3_1,0.00925230970749102,0.673089025663239,0.663836715955748,2025.24760788825,2025.25686019796,NA,NA,NA
4302,4303,REU.4.8_1,REU.4.5_1,0.0171167584497571,0.673106573353847,0.65598981490409,2025.2397609872,2025.25687774565,NA,NA,NA
4095,1276,REU.4.3_1,REU.4.3_1,0.37016323172208,0.673763074278775,0.303599842556695,2024.88737101485,2025.25753424658,CHIKV_RUN_S33b90_2025,55.506124,-21.244339
5962,3040,REU.3.1_1,REU.4.3_1,0.208544693680759,0.673763074278775,0.465218380598016,2025.04898955289,2025.25753424658,CHIKV_RUN_S33b85_2025,55.522751,-21.261613
4386,422,REU.4.3_1,REU.2.3_1,0.189844407884127,0.673763074278775,0.483918666394649,2025.06768983869,2025.25753424658,CHIKV_RUN_S34b21_2025,55.488906,-20.894632
4422,384,REU.2.5_1,REU.2.5_1,0.185086163293674,0.673763074278775,0.488676910985102,2025.07244808328,2025.25753424658,CHIKV_RUN_S34b07_2025,55.584279,-20.931834
3592,2444,REU.4.8_1,REU.4.6_1,0.177145199628467,0.673763074278775,0.496617874650308,2025.08038904695,2025.25753424658,CHIKV_RUN_S33b89_2025,55.408445,-21.206276
3715,1973,REU.4.3_1,REU.4.4_1,0.164840609201837,0.673763074278775,0.508922465076939,2025.09269363737,2025.25753424658,CHIKV_RUN_S33b80_2025,55.576147,-21.33505
3478,2998,REU.3.4_1,REU.3.2_1,0.149360185647918,0.673763074278775,0.524402888630858,2025.10817406093,2025.25753424658,CHIKV_RUN_S33b82_2025,55.34181,-21.224006
4684,1617,REU.4.8_1,REU.4.3_1,0.132432104852928,0.673763074278775,0.541330969425847,2025.12510214172,2025.25753424658,CHIKV_RUN_S33b83_2025,55.535568,-21.252546
6197,39,REU.2.3_1,REU.2.3_1,0.124919393554097,0.673763074278775,0.548843680724678,2025.13261485302,2025.25753424658,CHIKV_RUN_S34b04_2025,55.452046,-20.873862
4064,1609,REU.4.8_1,REU.2.3_1,0.0973885557217382,0.673763074278775,0.576374518557037,2025.16014569085,2025.25753424658,CHIKV_RUN_S33b87_2025,55.464512,-20.90939
4629,915,REU.4.3_1,REU.1.1_1,0.0862311390907076,0.673763074278775,0.587531935188068,2025.17130310748,2025.25753424658,CHIKV_RUN_S34b40_2025,55.695326,-20.970634
3840,1680,REU.4.3_1,REU.4.4_1,0.0810925270788693,0.673763074278775,0.592670547199906,2025.1764417195,2025.25753424658,CHIKV_RUN_S33b78_2025,55.533825,-21.360422
3924,1406,REU.4.3_1,REU.4.3_1,0.0801964749643895,0.673763074278775,0.593566599314386,2025.17733777161,2025.25753424658,CHIKV_RUN_S33b79_2025,55.504866,-21.27521
3652,2860,REU.2.3_1,REU.2.4_1,0.0541309834280144,0.673763074278775,0.619632090850761,2025.20340326315,2025.25753424658,CHIKV_RUN_S33b91_2025,55.531376,-20.921067
4532,477,REU.2.3_1,REU.2.3_1,0.0441430110101113,0.673763074278775,0.629620063268664,2025.21339123557,2025.25753424658,CHIKV_RUN_S34b08_2025,55.449009,-20.88911
5398,1028,REU.2.3_1,REU.4.8_1,0.0355205543019198,0.673763074278775,0.638242519976855,2025.22201369227,2025.25753424658,CHIKV_RUN_S33b95_2025,55.480669,-21.287823
3253,2505,REU.4.6_1,REU.4.6_1,0.03298782515666,0.673763074278775,0.640775249122115,2025.22454642142,2025.25753424658,CHIKV_RUN_S33b76_2025,55.435789,-21.266198
5487,2564,REU.4.8_1,REU.4.8_1,0.0307634627516488,0.673763074278775,0.642999611527126,2025.22677078382,2025.25753424658,CHIKV_RUN_S34b01_2025,55.457962,-21.336767
6000,2680,REU.4.6_1,REU.4.6_1,0.0281681333472411,0.673763074278775,0.645594940931534,2025.22936611323,2025.25753424658,CHIKV_RUN_S33b94_2025,55.404123,-21.253057
6208,6209,REU.2.3_1,REU.2.3_1,0.042206561434826,0.674326492693793,0.632119931258967,2025.21589110356,2025.25809766499,NA,NA,NA
5582,5583,REU.4.5_1,REU.4.5_1,0.0423571720206153,0.674516920010665,0.63215974799005,2025.21593092029,2025.25828809231,NA,NA,NA
4869,4877,REU.4.3_1,REU.2.3_1,0.181189045256656,0.674524996690468,0.493335951433811,2025.07710712373,2025.25829616899,NA,NA,NA
5578,5579,REU.4.5_1,REU.4.8_1,0.113024580006356,0.674956662931826,0.56193208292547,2025.14570325522,2025.25872783523,NA,NA,NA
4166,4170,REU.4.3_1,REU.2.3_1,0.0969933220153678,0.675531643371777,0.578538321356409,2025.16230949365,2025.25930281567,NA,NA,NA
3366,3367,REU.4.8_1,REU.4.8_1,0.0799102978804518,0.675756619670964,0.595846321790512,2025.17961749409,2025.25952779197,NA,NA,NA
4713,4714,REU.2.3_1,REU.2.3_1,0.159592000247023,0.675964073449981,0.516372073202958,2025.1001432455,2025.25973524575,NA,NA,NA
3441,3442,REU.3.1_1,REU.4.3_1,0.116896082324549,0.6763082526075,0.559412170282951,2025.14318334258,2025.2600794249,NA,NA,NA
3232,3091,REU.4.3_1,REU.3.5_1,0.239393951544835,0.67650280030636,0.437108848761525,2025.02088002106,2025.2602739726,CHIKV_RUN_S34b56_2025,55.289242,-21.096299
4819,294,REU.4.3_1,REU.4.8_1,0.189849475848465,0.67650280030636,0.486653324457895,2025.07042449675,2025.2602739726,CHIKV_RUN_S34b79_2025,55.48801,-21.333602
3928,1601,REU.4.8_1,REU.4.6_1,0.177435738361347,0.67650280030636,0.499067061945013,2025.08283823424,2025.2602739726,CHIKV_RUN_S34b69_2025,55.438351,-21.272851
5705,2208,REU.4.3_1,REU.2.3_1,0.174437826486862,0.67650280030636,0.502064973819498,2025.08583614612,2025.2602739726,CHIKV_RUN_S26b12_2025,55.473488,-20.914616
3613,2926,REU.2.3_1,REU.2.3_1,0.173212785864572,0.67650280030636,0.503290014441788,2025.08706118674,2025.2602739726,CHIKV_RUN_S34b52_2025,55.495899,-20.926887
5209,857,REU.4.3_1,REU.2.3_1,0.171494231924126,0.67650280030636,0.505008568382234,2025.08877974068,2025.2602739726,CHIKV_RUN_S26b14_2025,55.474934,-20.917945
3466,2997,REU.3.4_1,REU.2.3_1,0.138945231672554,0.67650280030636,0.537557568633806,2025.12132874093,2025.2602739726,CHIKV_RUN_S34b42_2025,55.459628,-20.892421
5088,788,REU.4.8_1,REU.4.8_1,0.137084548187373,0.67650280030636,0.539418252118987,2025.12318942442,2025.2602739726,CHIKV_RUN_S35b16_2025,55.483434,-21.338152
5350,1259,REU.4.4_1,REU.4.5_1,0.12621545425765,0.67650280030636,0.55028734604871,2025.13405851835,2025.2602739726,CHIKV_RUN_S35b17_2025,55.596737,-21.362031
5171,730,REU.4.3_1,REU.2.4_1,0.116302043391411,0.67650280030636,0.560200756914949,2025.14397192921,2025.2602739726,CHIKV_RUN_S34b41_2025,55.567849,-20.894748
4423,400,REU.2.3_1,REU.2.3_1,0.109216180830038,0.67650280030636,0.567286619476322,2025.15105779177,2025.2602739726,CHIKV_RUN_S34b44_2025,55.496998,-20.916796
4207,1310,REU.4.3_1,REU.4.4_1,0.100757870425654,0.67650280030636,0.575744929880706,2025.15951610218,2025.2602739726,CHIKV_RUN_S34b05_2025,55.559659,-21.347573
4207,1391,REU.4.3_1,REU.4.8_1,0.100757870425654,0.67650280030636,0.575744929880706,2025.15951610218,2025.2602739726,CHIKV_RUN_S35b09_2025,55.473367,-21.313868
4913,1562,REU.3.5_1,REU.3.5_1,0.0945826730331797,0.67650280030636,0.58192012727318,2025.16569129957,2025.2602739726,CHIKV_RUN_S26b09_2025,55.276977,-21.014649
4506,580,REU.4.3_1,REU.4.3_1,0.0859832785929524,0.67650280030636,0.590519521713408,2025.17429069401,2025.2602739726,CHIKV_RUN_S34b49_2025,55.50754,-21.27382
5100,783,REU.4.8_1,REU.2.3_1,0.0746877715454164,0.67650280030636,0.601815028760944,2025.18558620106,2025.2602739726,CHIKV_RUN_S34b54_2025,55.473802,-20.892735
4929,97,REU.4.3_1,REU.2.4_1,0.0742307217657244,0.67650280030636,0.602272078540635,2025.18604325084,2025.2602739726,CHIKV_RUN_S34b51_2025,55.516751,-20.924157
4782,154,REU.2.3_1,REU.2.3_1,0.0674092220064493,0.67650280030636,0.609093578299911,2025.1928647506,2025.2602739726,CHIKV_RUN_S34b50_2025,55.467951,-20.886502
3978,1144,REU.2.3_1,REU.2.3_1,0.0530021638666722,0.67650280030636,0.623500636439688,2025.20727180874,2025.2602739726,CHIKV_RUN_S34b45_2025,55.459118,-20.889822
5119,753,REU.4.3_1,REU.4.2_1,0.0520284074625341,0.67650280030636,0.624474392843826,2025.20824556514,2025.2602739726,CHIKV_RUN_S34b91_2025,55.47163,-21.241298
5048,810,REU.4.3_1,REU.2.3_1,0.0517854005935563,0.67650280030636,0.624717399712804,2025.20848857201,2025.2602739726,CHIKV_RUN_S34b36_2025,55.511101,-20.912799
5309,1262,REU.4.4_1,REU.4.4_1,0.0494755562787268,0.67650280030636,0.627027244027633,2025.21079841632,2025.2602739726,CHIKV_RUN_S34b74_2025,55.567768,-21.333194
4580,488,REU.2.3_1,REU.2.3_1,0.0431960658993217,0.67650280030636,0.633306734407038,2025.2170779067,2025.2602739726,CHIKV_RUN_S34b39_2025,55.423963,-20.877767
4680,1427,REU.4.8_1,REU.4.5_1,0.0342410789099142,0.67650280030636,0.642261721396446,2025.22603289369,2025.2602739726,CHIKV_RUN_S35b20_2025,55.662477,-21.372649
3135,3111,REU.2.3_1,REU.2.3_1,0.0306359448211664,0.67650280030636,0.645866855485194,2025.22963802778,2025.2602739726,CHIKV_RUN_S34b47_2025,55.462128,-20.897223
3774,198,REU.2.3_1,REU.2.3_1,0.0265195701240648,0.67650280030636,0.649983230182295,2025.23375440248,2025.2602739726,CHIKV_RUN_S34b11_2025,55.506555,-20.91719
5184,770,REU.4.8_1,REU.4.8_1,0.0208799488696847,0.67650280030636,0.655622851436675,2025.23939402373,2025.2602739726,CHIKV_RUN_S33b77_2025,55.461336,-21.290989
4656,1105,REU.4.3_1,REU.4.2_1,0.0112329726253968,0.67650280030636,0.665269827680963,2025.24904099998,2025.2602739726,CHIKV_RUN_S35b21_2025,55.47495,-21.250869
5747,1877,REU.4.8_1,REU.4.6_1,0.0062652745606051,0.67650280030636,0.670237525745755,2025.25400869804,2025.2602739726,CHIKV_RUN_S35b08_2025,55.410246,-21.280714
6046,1810,REU.3.4_1,REU.3.4_1,0.00442091585650317,0.67650280030636,0.672081884449857,2025.25585305675,2025.2602739726,CHIKV_RUN_S33b88_2025,55.298499,-21.226692
4430,4431,REU.2.3_1,REU.2.3_1,0.0303586670119036,0.678079207520331,0.647720540508427,2025.2314917128,2025.26185037982,NA,NA,NA
3845,3846,REU.4.8_1,REU.4.4_1,0.0657417715678471,0.67835509953775,0.612613327969903,2025.19638450027,2025.26212627183,NA,NA,NA
5697,5698,REU.4.8_1,REU.4.8_1,0.0785346828981324,0.678588493194585,0.600053810296453,2025.18382498259,2025.26235966549,NA,NA,NA
5368,5369,REU.4.3_1,REU.4.8_1,0.071725407215757,0.678828178734211,0.607102771518454,2025.19087394381,2025.26259935103,NA,NA,NA
4545,420,REU.4.3_1,REU.2.3_1,0.181712732082933,0.679242526333717,0.497529794250785,2025.08130096655,2025.26301369863,CHIKV_RUN_S28b02_2025,55.427756,-20.884912
5263,300,REU.4.3_1,REU.2.3_1,0.174619677136525,0.679242526333717,0.504622849197192,2025.08839402149,2025.26301369863,CHIKV_RUN_S34b46_2025,55.482412,-20.911924
3544,1782,REU.4.8_1,REU.4.8_1,0.173952994346475,0.679242526333717,0.505289531987242,2025.08906070428,2025.26301369863,CHIKV_RUN_S35b18_2025,55.451076,-21.278693
6211,22,REU.2.3_1,REU.2.3_1,0.172512396174598,0.679242526333717,0.50673013015912,2025.09050130246,2025.26301369863,CHIKV_RUN_S34b83_2025,55.447781,-20.882615
5316,1270,REU.4.4_1,REU.4.8_1,0.165317053239745,0.679242526333717,0.513925473093973,2025.09769664539,2025.26301369863,CHIKV_RUN_S35b04_2025,55.507195,-21.35199
4262,1539,REU.4.8_1,REU.4.5_1,0.150458588243765,0.679242526333718,0.528783938089953,2025.11255511039,2025.26301369863,CHIKV_RUN_S35b33_2025,55.669869,-21.370745
4708,1050,REU.2.3_1,REU.2.5_1,0.14866558565511,0.679242526333717,0.530576940678608,2025.11434811297,2025.26301369863,CHIKV_RUN_S34b84_2025,55.642871,-20.932313
5863,2152,REU.4.6_1,REU.4.6_1,0.134016184559614,0.679242526333717,0.545226341774104,2025.12899751407,2025.26301369863,CHIKV_RUN_S35b10_2025,55.44814,-21.277593
3321,1990,REU.2.5_1,REU.2.5_1,0.132157665096464,0.679242526333717,0.547084861237254,2025.13085603353,2025.26301369863,CHIKV_RUN_S35b02_2025,55.581749,-20.92921
5686,3014,REU.4.8_1,REU.3.5_1,0.130901125576416,0.679242526333717,0.548341400757301,2025.13211257305,2025.26301369863,CHIKV_RUN_S34b37_2025,55.237378,-21.085047
3612,2921,REU.2.3_1,REU.2.4_1,0.127744320918848,0.679242526333717,0.55149820541487,2025.13526937771,2025.26301369863,CHIKV_RUN_S34b43_2025,55.552915,-20.901466
3151,1838,REU.3.1_1,REU.4.8_1,0.119988592512084,0.679242526333717,0.559253933821633,2025.14302510612,2025.26301369863,CHIKV_RUN_S35b26_2025,55.474091,-21.342737
5696,1281,REU.4.8_1,REU.4.3_1,0.116672859682251,0.679242526333717,0.562569666651467,2025.14634083895,2025.26301369863,CHIKV_RUN_S35b35_2025,55.514642,-21.29731
5425,978,REU.2.3_1,REU.2.3_1,0.103424847593155,0.679242526333717,0.575817678740562,2025.15958885104,2025.26301369863,CHIKV_RUN_S34b87_2025,55.461922,-20.904806
5619,2035,REU.4.5_1,REU.4.5_1,0.099708945710203,0.679242526333717,0.579533580623514,2025.16330475292,2025.26301369863,CHIKV_RUN_S35b43_2025,55.663844,-21.378484
4319,1722,REU.2.3_1,REU.2.3_1,0.0943933598058357,0.679242526333717,0.584849166527882,2025.16862033882,2025.26301369863,CHIKV_RUN_S34b86_2025,55.448791,-20.890686
5563,2082,REU.4.5_1,REU.4.5_1,0.0815172805125568,0.679242526333717,0.597725245821161,2025.18149641812,2025.26301369863,CHIKV_RUN_S34b90_2025,55.664754,-21.361256
4414,366,REU.4.5_1,REU.3.2_1,0.0809840240582477,0.679242526333717,0.59825850227547,2025.18202967457,2025.26301369863,CHIKV_RUN_S35b03_2025,55.353664,-21.218052
3185,2823,REU.4.8_1,REU.4.8_1,0.0751698460404233,0.679242526333717,0.604072680293294,2025.18784385259,2025.26301369863,CHIKV_RUN_S35b42_2025,55.472216,-21.338658
3762,185,REU.4.5_1,REU.4.5_1,0.0699008858893073,0.679242526333717,0.60934164044441,2025.19311281274,2025.26301369863,CHIKV_RUN_S35b29_2025,55.700778,-21.360713
5312,1178,REU.4.8_1,REU.2.3_1,0.069797067072445,0.679242526333717,0.609445459261272,2025.19321663156,2025.26301369863,CHIKV_RUN_S35b06_2025,55.462846,-20.901711
6060,1899,REU.4.4_1,REU.4.7_1,0.069323476265349,0.679242526333717,0.609919050068368,2025.19369022236,2025.26301369863,CHIKV_RUN_S34b80_2025,55.722197,-21.370763
3305,1986,REU.2.3_1,REU.2.4_1,0.0645696087431422,0.679242526333717,0.614672917590575,2025.19844408989,2025.26301369863,CHIKV_RUN_S34b73_2025,55.528367,-20.921675
4240,1531,REU.4.3_1,REU.2.4_1,0.0560884935435367,0.679242526333718,0.623154032790181,2025.20692520509,2025.26301369863,CHIKV_RUN_S34b92_2025,55.54758,-20.897653
4763,118,REU.2.3_1,REU.2.3_1,0.0503157970278842,0.679242526333717,0.628926729305833,2025.2126979016,2025.26301369863,CHIKV_RUN_S34b94_2025,55.462623,-20.895358
6098,1914,REU.3.4_1,REU.3.2_1,0.050014977715841,0.679242526333717,0.629227548617876,2025.21299872091,2025.26301369863,CHIKV_RUN_S35b30_2025,55.354315,-21.207176
3796,238,REU.4.8_1,REU.4.8_1,0.0425293100095597,0.679242526333717,0.636713216324158,2025.22048438862,2025.26301369863,CHIKV_RUN_S35b44_2025,55.483603,-21.335736
5133,864,REU.4.3_1,REU.4.3_1,0.0400224713903234,0.679242526333718,0.639220054943394,2025.22299122724,2025.26301369863,CHIKV_RUN_S34b85_2025,55.536329,-21.222347
5184,764,REU.4.8_1,REU.4.8_1,0.0236196748970421,0.679242526333717,0.655622851436675,2025.23939402373,2025.26301369863,CHIKV_RUN_S35b25_2025,55.448108,-21.295353
5006,94,REU.2.3_1,REU.2.3_1,0.0171178171808416,0.679242526333717,0.662124709152876,2025.24589588145,2025.26301369863,CHIKV_RUN_S34b38_2025,55.457303,-20.898911
5747,302,REU.4.8_1,REU.4.8_1,0.0090050005879625,0.679242526333717,0.670237525745755,2025.25400869804,2025.26301369863,CHIKV_RUN_S35b07_2025,55.478816,-21.321061
4434,421,REU.2.3_1,REU.2.3_1,0.00819199749245703,0.679242526333717,0.67105052884126,2025.25482170114,2025.26301369863,CHIKV_RUN_S34b88_2025,55.453124,-20.87948
6191,3,REU.4.3_1,REU.4.3_1,0.00766705797701617,0.679242526333717,0.671575468356701,2025.25534664065,2025.26301369863,CHIKV_RUN_S34b93_2025,55.520597,-21.303307
3367,2310,REU.4.8_1,REU.2.4_1,0.00348590666275361,0.679242526333717,0.675756619670964,2025.25952779197,2025.26301369863,CHIKV_RUN_S34b82_2025,55.513975,-20.916374
5826,5827,REU.4.8_1,REU.4.8_1,0.0748551395190498,0.679608974763202,0.604753835244152,2025.18852500754,2025.26338014706,NA,NA,NA
4630,4631,REU.2.3_1,REU.1.3_1,0.0177277616118747,0.679707679494312,0.661979917882438,2025.24575109018,2025.26347885179,NA,NA,NA
4339,4340,REU.4.8_1,REU.4.8_1,0.0590596263457854,0.680198053377014,0.621138427031228,2025.20490959933,2025.26396922567,NA,NA,NA
5848,5849,REU.4.8_1,REU.4.8_1,0.0900111514914534,0.680704008057892,0.590692856566439,2025.17446402886,2025.26447518035,NA,NA,NA
5895,2251,REU.4.3_1,REU.4.8_1,0.256318345351669,0.681982252361075,0.425663907009405,2025.00943507931,2025.26575342466,CHIKV_RUN_S36b30_2025,55.477489,-21.330138
5840,1807,REU.4.6_1,REU.4.6_1,0.187513427090662,0.681982252361075,0.494468825270413,2025.07823999757,2025.26575342466,CHIKV_RUN_S45b60_2025,55.440118,-21.261287
4242,1530,REU.4.3_1,REU.4.3_1,0.151685359939203,0.681982252361075,0.530296892421872,2025.11406806472,2025.26575342466,CHIKV_RUN_S45b47_2025,55.576662,-21.23071
4084,1620,REU.3.5_1,REU.4.4_1,0.150381065746277,0.681982252361075,0.531601186614798,2025.11537235891,2025.26575342466,CHIKV_RUN_S45b42_2025,55.576604,-21.336189
5774,2189,REU.4.3_1,REU.4.3_1,0.149622204183546,0.681982252361075,0.532360048177529,2025.11613122047,2025.26575342466,CHIKV_RUN_S35b31_2025,55.534055,-21.256565
3616,2903,REU.2.3_1,REU.4.8_1,0.147222610637722,0.681982252361075,0.534759641723353,2025.11853081402,2025.26575342466,CHIKV_RUN_S36b09_2025,55.425507,-21.299211
4410,380,REU.2.3_1,REU.2.5_1,0.144596108437871,0.681982252361075,0.537386143923204,2025.12115731622,2025.26575342466,CHIKV_RUN_S35b23_2025,55.593686,-20.911752
3182,2824,REU.4.8_1,REU.4.8_1,0.140777692641173,0.681982252361075,0.541204559719901,2025.12497573202,2025.26575342466,CHIKV_RUN_S36b11_2025,55.485682,-21.340678
3506,2961,REU.3.4_1,REU.3.4_1,0.135653269040959,0.681982252361075,0.546328983320116,2025.13010015562,2025.26575342466,CHIKV_RUN_S36b12_2025,55.309335,-21.161133
3369,2479,REU.4.3_1,REU.4.6_1,0.133286011996953,0.681982252361075,0.548696240364122,2025.13246741266,2025.26575342466,CHIKV_RUN_S36b20_2025,55.411166,-21.2906
4845,1372,REU.2.4_1,REU.2.4_1,0.129314599173871,0.681982252361075,0.552667653187204,2025.13643882548,2025.26575342466,CHIKV_RUN_S45b53_2025,55.558119,-20.898194
4558,398,REU.2.3_1,REU.2.3_1,0.127103705385783,0.681982252361075,0.554878546975292,2025.13864971927,2025.26575342466,CHIKV_RUN_S35b34_2025,55.506864,-20.90552
4632,290,REU.4.3_1,REU.4.8_1,0.126564240879082,0.681982252361075,0.555418011481993,2025.13918918378,2025.26575342466,CHIKV_RUN_S35b40_2025,55.48181,-21.330446
5370,1227,REU.4.5_1,REU.4.5_1,0.122858967710385,0.681982252361075,0.55912328465069,2025.14289445695,2025.26575342466,CHIKV_RUN_S36b15_2025,55.6309,-21.340483
3433,2329,REU.3.4_1,REU.1.3_1,0.121479108873663,0.681982252361075,0.560503143487411,2025.14427431578,2025.26575342466,CHIKV_RUN_S45b46_2025,55.626108,-20.954969
3436,1829,REU.4.8_1,REU.2.3_1,0.121460870972557,0.681982252361075,0.560521381388518,2025.14429255368,2025.26575342466,CHIKV_RUN_S45b43_2025,55.458162,-20.890265
5245,675,REU.4.3_1,REU.2.3_1,0.116719688940766,0.681982252361075,0.565262563420308,2025.14903373572,2025.26575342466,CHIKV_RUN_S35b38_2025,55.457633,-20.900334
5669,2354,REU.4.5_1,REU.3.4_1,0.116338722312341,0.681982252361075,0.565643530048733,2025.14941470235,2025.26575342466,CHIKV_RUN_S45b55_2025,55.31624,-21.14573
4930,1432,REU.4.3_1,REU.4.3_1,0.11592458615408,0.681982252361075,0.566057666206995,2025.1498288385,2025.26575342466,CHIKV_RUN_S35b28_2025,55.506198,-21.255451
4536,450,REU.2.3_1,REU.1.4_1,0.112736048466196,0.681982252361075,0.569246203894879,2025.15301737619,2025.26575342466,CHIKV_RUN_S37b74_2025,55.734654,-21.094938
5022,75,REU.2.3_1,REU.2.3_1,0.110785894594138,0.681982252361075,0.571196357766937,2025.15496753006,2025.26575342466,CHIKV_RUN_S35b15_2025,55.456567,-20.885699
5539,2044,REU.4.5_1,REU.4.5_1,0.108477714392666,0.681982252361075,0.573504537968409,2025.15727571026,2025.26575342466,CHIKV_RUN_S36b03_2025,55.612823,-21.381644
5619,2036,REU.4.5_1,REU.4.5_1,0.10244867173756,0.681982252361075,0.579533580623514,2025.16330475292,2025.26575342466,CHIKV_RUN_S35b32_2025,55.619713,-21.372073
4020,969,REU.2.3_1,REU.1.5_1,0.0965319155465542,0.681982252361075,0.585450336814521,2025.16922150911,2025.26575342466,CHIKV_RUN_S36b59_2025,55.828075,-21.164687
4199,1282,REU.4.3_1,REU.2.3_1,0.0958808796295614,0.681982252361075,0.586101372731513,2025.16987254503,2025.26575342466,CHIKV_RUN_S35b14_2025,55.445317,-20.896568
5780,2186,REU.4.3_1,REU.4.8_1,0.0916565037091833,0.681982252361075,0.590325748651892,2025.17409692095,2025.26575342466,CHIKV_RUN_S36b21_2025,55.486412,-21.347464
5936,2594,REU.4.5_1,REU.1.3_1,0.0886044857252926,0.681982252361075,0.593377766635782,2025.17714893893,2025.26575342466,CHIKV_RUN_S45b44_2025,55.648083,-20.968452
4014,941,REU.2.4_1,REU.2.4_1,0.0718112453137452,0.681982252361075,0.61017100704733,2025.19394217934,2025.26575342466,CHIKV_RUN_S35b11_2025,55.523182,-20.920082
3408,1938,REU.4.8_1,REU.1.5_1,0.0693478543413639,0.681982252361075,0.612634398019711,2025.19640557032,2025.26575342466,CHIKV_RUN_S36b58_2025,55.819185,-21.158695
4452,564,REU.3.4_1,REU.3.4_1,0.0692783105057023,0.681982252361075,0.612703941855372,2025.19647511415,2025.26575342466,CHIKV_RUN_S45b50_2025,55.289728,-21.132399
3741,2432,REU.3.4_1,REU.4.3_1,0.0679170278739833,0.681982252361075,0.614065224487091,2025.19783639678,2025.26575342466,CHIKV_RUN_S45b57_2025,55.510747,-21.254944
4396,479,REU.4.3_1,REU.2.3_1,0.0655260635618595,0.681982252361075,0.616456188799215,2025.2002273611,2025.26575342466,CHIKV_RUN_S35b27_2025,55.430094,-20.881357
4673,1121,REU.4.8_1,REU.4.5_1,0.063532396014419,0.681982252361075,0.618449856346656,2025.20222102864,2025.26575342466,CHIKV_RUN_S45b36_2025,55.632591,-21.370861
4701,612,REU.4.3_1,REU.1.4_1,0.0631862584414947,0.681982252361075,0.61879599391958,2025.20256716622,2025.26575342466,CHIKV_RUN_S37b75_2025,55.742218,-21.079845
3325,2180,REU.4.8_1,REU.4.8_1,0.0628466933084604,0.681982252361075,0.619135559052614,2025.20290673135,2025.26575342466,CHIKV_RUN_S45b51_2025,55.440031,-21.315044
5908,2279,REU.4.3_1,REU.3.5_1,0.0592776675263191,0.681982252361075,0.622704584834756,2025.20647575713,2025.26575342466,CHIKV_RUN_S35b22_2025,55.239248,-21.096619
5597,2124,REU.4.5_1,REU.4.5_1,0.0550422368410243,0.681982252361075,0.62694001552005,2025.21071118782,2025.26575342466,CHIKV_RUN_S35b46_2025,55.634552,-21.335297
3638,2911,REU.2.3_1,REU.2.3_1,0.0538896250334325,0.681982252361075,0.628092627327642,2025.21186379962,2025.26575342466,CHIKV_RUN_S35b39_2025,55.459915,-20.891391
3796,239,REU.4.8_1,REU.1.4_1,0.0452690360369171,0.681982252361075,0.636713216324158,2025.22048438862,2025.26575342466,CHIKV_RUN_S36b81_2025,55.710447,-21.033268
5133,655,REU.4.3_1,REU.4.3_1,0.0427621974176808,0.681982252361075,0.639220054943394,2025.22299122724,2025.26575342466,CHIKV_RUN_S35b52_2025,55.502423,-21.235649
4290,870,REU.4.5_1,REU.4.5_1,0.0394675747816865,0.681982252361075,0.642514677579388,2025.22628584988,2025.26575342466,CHIKV_RUN_S36b35_2025,55.612002,-21.379741
3757,180,REU.4.7_1,REU.4.7_1,0.035171966460474,0.681982252361075,0.646810285900601,2025.2305814582,2025.26575342466,CHIKV_RUN_S35b41_2025,55.723651,-21.363656
3430,2751,REU.3.1_1,REU.3.2_1,0.0345712191106691,0.681982252361075,0.647411033250406,2025.23118220555,2025.26575342466,CHIKV_RUN_S45b52_2025,55.329707,-21.244639
3905,324,REU.4.3_1,REU.4.3_1,0.0313688929243248,0.681982252361075,0.65061335943675,2025.23438453173,2025.26575342466,CHIKV_RUN_S35b12_2025,55.513655,-21.244184
5406,1001,REU.2.3_1,REU.1.5_1,0.0300680432159318,0.681982252361075,0.651914209145143,2025.23568538144,2025.26575342466,CHIKV_RUN_S36b57_2025,55.797018,-21.130078
6025,2529,REU.4.1_1,REU.1.5_1,0.0232341845633054,0.681982252361075,0.65874806779777,2025.24251924009,2025.26575342466,CHIKV_RUN_S37b77_2025,55.778421,-21.126649
5322,1177,REU.4.5_1,REU.4.5_1,0.0102122365748458,0.681982252361075,0.671770015786229,2025.25554118808,2025.26575342466,CHIKV_RUN_S35b19_2025,55.609091,-21.352348
3637,2909,REU.2.3_1,REU.2.3_1,0.00889322669783554,0.681982252361075,0.673089025663239,2025.25686019796,2025.26575342466,CHIKV_RUN_S35b45_2025,55.499865,-20.925833
5583,2042,REU.4.5_1,REU.4.5_1,0.00746533235040936,0.681982252361075,0.674516920010665,2025.25828809231,2025.26575342466,CHIKV_RUN_S35b49_2025,55.65683,-21.338729
4170,625,REU.2.3_1,REU.2.3_1,0.00645060898929783,0.681982252361075,0.675531643371777,2025.25930281567,2025.26575342466,CHIKV_RUN_S35b13_2025,55.452371,-20.889316
4631,914,REU.1.3_1,REU.1.3_1,0.00227457286676236,0.681982252361075,0.679707679494312,2025.26347885179,2025.26575342466,CHIKV_RUN_S45b30_2025,55.656813,-20.940275
4340,1589,REU.4.8_1,REU.4.8_1,0.00178419898406124,0.681982252361075,0.680198053377014,2025.26396922567,2025.26575342466,CHIKV_RUN_S35b24_2025,55.494334,-21.304604
4714,4715,REU.2.3_1,REU.2.3_1,0.00719552885586228,0.683159602305843,0.675964073449981,2025.25973524575,2025.2669307746,NA,NA,NA
6102,6103,REU.2.3_1,REU.2.3_1,0.115766313258327,0.683847459117607,0.568081145859279,2025.15185231816,2025.26761863141,NA,NA,NA
4140,4141,REU.4.8_1,REU.4.8_1,0.021105899043831,0.683876399736001,0.66277050069217,2025.24654167299,2025.26764757203,NA,NA,NA
5027,5028,REU.2.3_1,REU.2.3_1,0.0728407563042248,0.683907292492446,0.611066536188222,2025.19483770848,2025.26767846479,NA,NA,NA
3202,2682,REU.3.1_1,REU.3.2_1,0.236419523563346,0.684721978388432,0.448302454825086,2025.03207362712,2025.26849315068,CHIKV_RUN_S36b05_2025,55.335907,-21.237616
4640,1574,REU.4.3_1,REU.4.3_1,0.209684147308795,0.684721978388432,0.475037831079637,2025.05880900338,2025.26849315068,CHIKV_RUN_S36b16_2025,55.513752,-21.277223
4902,1546,REU.4.3_1,REU.1.4_1,0.206616621649002,0.684721978388432,0.478105356739431,2025.06187652904,2025.26849315068,CHIKV_RUN_S37b76_2025,55.705138,-21.069757
4921,1421,REU.4.3_1,REU.4.3_1,0.196279868711035,0.684721978388432,0.488442109677397,2025.07221328197,2025.26849315068,CHIKV_RUN_S36b67_2025,55.525237,-21.279942
4671,1624,REU.3.5_1,REU.3.5_1,0.186450017428756,0.684721978388432,0.498271960959676,2025.08204313326,2025.26849315068,CHIKV_RUN_S36b84_2025,55.331595,-20.99911
3675,2876,REU.2.3_1,REU.2.4_1,0.177554998720705,0.684721978388432,0.507166979667728,2025.09093815196,2025.26849315068,CHIKV_RUN_S36b06_2025,55.523806,-20.927211
5674,2346,REU.4.5_1,REU.2.3_1,0.172479618534154,0.684721978388432,0.512242359854278,2025.09601353215,2025.26849315068,CHIKV_RUN_S35b54_2025,55.457891,-20.888457
3823,244,REU.4.5_1,REU.4.5_1,0.165952585737841,0.684721978388432,0.518769392650591,2025.10254056495,2025.26849315068,CHIKV_RUN_S36b46_2025,55.681708,-21.366676
4585,375,REU.2.3_1,REU.2.4_1,0.162259418242341,0.684721978388432,0.522462560146091,2025.10623373244,2025.26849315068,CHIKV_RUN_S36b24_2025,55.571953,-20.894325
5102,860,REU.4.8_1,REU.4.8_1,0.15755340974055,0.684721978388432,0.527168568647882,2025.11093974094,2025.26849315068,CHIKV_RUN_S36b77_2025,55.445779,-21.298926
6213,28,REU.2.3_1,REU.2.3_1,0.153917672892295,0.684721978388432,0.530804305496137,2025.11457547779,2025.26849315068,CHIKV_RUN_S36b44_2025,55.453019,-20.879682
4911,1558,REU.4.3_1,REU.4.5_1,0.144372079776818,0.684721978388432,0.540349898611614,2025.12412107091,2025.26849315068,CHIKV_RUN_S37b03_2025,55.600899,-21.346103
5252,687,REU.4.8_1,REU.4.8_1,0.142538590333458,0.684721978388432,0.542183388054974,2025.12595456035,2025.26849315068,CHIKV_RUN_S36b33_2025,55.486916,-21.343386
3870,349,REU.4.3_1,REU.4.6_1,0.138467413605642,0.684721978388432,0.54625456478279,2025.13002573708,2025.26849315068,CHIKV_RUN_S37b08_2025,55.406676,-21.287115
6206,44,REU.2.3_1,REU.2.3_1,0.13793020395487,0.684721978388432,0.546791774433562,2025.13056294673,2025.26849315068,CHIKV_RUN_S35b36_2025,55.452064,-20.886175
5255,688,REU.4.3_1,REU.1.3_1,0.117944665782692,0.684721978388432,0.56677731260574,2025.1505484849,2025.26849315068,CHIKV_RUN_S36b14_2025,55.62049,-20.954348
4912,1564,REU.4.3_1,REU.4.3_1,0.114743546738045,0.684721978388432,0.569978431650388,2025.15374960395,2025.26849315068,CHIKV_RUN_S36b65_2025,55.554845,-21.221076
6093,1906,REU.3.1_1,REU.3.2_1,0.109704959357178,0.684721978388432,0.575017019031254,2025.15878819133,2025.26849315068,CHIKV_RUN_S37b07_2025,55.364689,-21.212838
5008,84,REU.2.3_1,REU.2.3_1,0.099680036629651,0.684721978388432,0.585041941758781,2025.16881311406,2025.26849315068,CHIKV_RUN_S36b40_2025,55.458092,-20.879665
3257,2672,REU.4.8_1,REU.4.6_1,0.098733878654404,0.684721978388432,0.585988099734028,2025.16975927203,2025.26849315068,CHIKV_RUN_S36b02_2025,55.408549,-21.29104
3337,2574,REU.4.8_1,REU.2.3_1,0.0979827989939056,0.684721978388432,0.586739179394527,2025.17051035169,2025.26849315068,CHIKV_RUN_S35b37_2025,55.462782,-20.884913
5392,1020,REU.2.3_1,REU.2.3_1,0.0971769383794504,0.684721978388432,0.587545040008982,2025.17131621231,2025.26849315068,CHIKV_RUN_S36b42_2025,55.488518,-20.926245
3364,2501,REU.4.8_1,REU.4.8_1,0.0883632040650904,0.684721978388432,0.596358774323342,2025.18012994662,2025.26849315068,CHIKV_RUN_S36b70_2025,55.462462,-21.337648
3262,2388,REU.3.1_1,REU.4.3_1,0.0872185922077633,0.684721978388432,0.597503386180669,2025.18127455848,2025.26849315068,CHIKV_RUN_S37b05_2025,55.49969,-21.269455
3532,2838,REU.4.8_1,REU.4.4_1,0.0853143689596737,0.684721978388432,0.599407609428758,2025.18317878173,2025.26849315068,CHIKV_RUN_S36b27_2025,55.566444,-21.348978
4785,143,REU.2.3_1,REU.2.3_1,0.0810283375746429,0.684721978388432,0.603693640813789,2025.18746481311,2025.26849315068,CHIKV_RUN_S36b32_2025,55.455128,-20.888736
4182,1636,REU.2.3_1,REU.3.5_1,0.0763650571894925,0.684721978388432,0.60835692119894,2025.1921280935,2025.26849315068,CHIKV_RUN_S36b04_2025,55.331176,-20.984865
5027,72,REU.2.3_1,REU.2.4_1,0.0736554422002106,0.684721978388432,0.611066536188222,2025.19483770848,2025.26849315068,CHIKV_RUN_S36b47_2025,55.517213,-20.949991
5037,651,REU.4.8_1,REU.4.8_1,0.0719048333332327,0.684721978388432,0.6128171450552,2025.19658831735,2025.26849315068,CHIKV_RUN_S36b10_2025,55.447129,-21.28198
5238,691,REU.4.3_1,REU.2.3_1,0.0709416105594368,0.684721978388432,0.613780367828995,2025.19755154013,2025.26849315068,CHIKV_RUN_S36b08_2025,55.476703,-20.893449
5996,2174,REU.4.8_1,REU.4.8_1,0.067534661092279,0.684721978388432,0.617187317296153,2025.20095848959,2025.26849315068,CHIKV_RUN_S36b18_2025,55.475368,-21.326873
5932,2607,REU.2.3_1,REU.2.3_1,0.0658304375369603,0.684721978388432,0.618891540851472,2025.20266271315,2025.26849315068,CHIKV_RUN_S36b41_2025,55.444792,-20.9012
5101,784,REU.4.8_1,REU.4.8_1,0.0611322882844978,0.684721978388432,0.623589690103934,2025.2073608624,2025.26849315068,CHIKV_RUN_S36b94_2025,55.464534,-21.337941
5634,2496,REU.4.6_1,REU.4.6_1,0.0581376243283707,0.684721978388432,0.626584354060062,2025.21035552636,2025.26849315068,CHIKV_RUN_S36b28_2025,55.402411,-21.269929
3659,2858,REU.4.8_1,REU.4.8_1,0.0525933500553777,0.684721978388432,0.632128628333054,2025.21589980063,2025.26849315068,CHIKV_RUN_S36b39_2025,55.497632,-21.293164
4086,1631,REU.3.5_1,REU.2.4_1,0.0488585169069451,0.684721978388432,0.635863461481487,2025.21963463378,2025.26849315068,CHIKV_RUN_S36b07_2025,55.514801,-20.917675
3889,355,REU.2.3_1,REU.2.3_1,0.0486051334174267,0.684721978388432,0.636116844971006,2025.21988801727,2025.26849315068,CHIKV_RUN_S36b87_2025,55.464831,-20.8845
4856,1331,REU.3.5_1,REU.3.2_1,0.045014676619005,0.684721978388432,0.639707301769427,2025.22347847407,2025.26849315068,CHIKV_RUN_S36b29_2025,55.336687,-21.237412
5435,1009,REU.2.3_1,REU.2.3_1,0.0446893356464962,0.684721978388432,0.640032642741936,2025.22380381504,2025.26849315068,CHIKV_RUN_S35b55_2025,55.44655,-20.899567
5575,2038,REU.4.5_1,REU.4.5_1,0.0323941638659265,0.684721978388432,0.652327814522506,2025.23609898682,2025.26849315068,CHIKV_RUN_S36b69_2025,55.616743,-21.375864
3312,1974,REU.2.3_1,REU.2.3_1,0.0305886930471899,0.684721978388432,0.654133285341242,2025.23790445764,2025.26849315068,CHIKV_RUN_S35b53_2025,55.454217,-20.887795
5375,1196,REU.4.8_1,REU.2.5_1,0.0269160109481785,0.684721978388432,0.657805967440254,2025.24157713974,2025.26849315068,CHIKV_RUN_S36b31_2025,55.594205,-20.912074
5063,776,REU.4.3_1,REU.4.2_1,0.0256482248661632,0.684721978388432,0.659073753522269,2025.24284492582,2025.26849315068,CHIKV_RUN_S36b23_2025,55.482973,-21.24164
4883,1086,REU.4.4_1,REU.4.4_1,0.020735533516601,0.684721978388432,0.663986444871831,2025.24775761717,2025.26849315068,CHIKV_RUN_S36b74_2025,55.534402,-21.360321
3674,2895,REU.4.8_1,REU.4.4_1,0.0183354094546818,0.684721978388432,0.66638656893375,2025.25015774123,2025.26849315068,CHIKV_RUN_S38b40_2025,55.583064,-21.347863
4110,1714,REU.2.3_1,REU.2.3_1,0.0127111612067207,0.684721978388432,0.672010817181712,2025.25578198948,2025.26849315068,CHIKV_RUN_S28b03_2025,55.448275,-20.89179
5650,5651,REU.4.6_1,REU.4.8_1,0.0968222775073871,0.68556059186561,0.588738314358223,2025.17250948665,2025.26933176416,NA,NA,NA
4044,4045,REU.4.8_1,REU.4.8_1,0.0508190488131379,0.686084102034031,0.635265053220893,2025.21903622552,2025.26985527433,NA,NA,NA
3228,3229,REU.4.3_1,REU.4.8_1,0.0666109852803636,0.68662659452622,0.620015609245857,2025.20378678154,2025.27039776682,NA,NA,NA
5313,5315,REU.4.8_1,REU.4.8_1,0.0343421742191619,0.686675437249204,0.652333263030042,2025.23610443533,2025.27044660955,NA,NA,NA
5284,5285,REU.4.4_1,REU.2.5_1,0.171160882882902,0.686973910162693,0.515813027279791,2025.09958419958,2025.27074508246,NA,NA,NA
5188,5189,REU.4.6_1,REU.4.6_1,0.0756096994835398,0.687119422589319,0.611509723105779,2025.1952808954,2025.27089059489,NA,NA,NA
3467,3468,REU.3.4_1,REU.3.4_1,0.0757671215845893,0.687134968209377,0.611367846624788,2025.19513901892,2025.27090614051,NA,NA,NA
4709,4711,REU.2.3_1,REU.2.3_1,0.113562394185067,0.687362057106451,0.573799662921385,2025.15757083522,2025.2711332294,NA,NA,NA
5750,2626,REU.4.6_1,REU.4.6_1,0.25053847524114,0.68746170441579,0.43692322917465,2025.02069440147,2025.27123287671,CHIKV_RUN_S37b26_2025,55.406465,-21.289335
5735,2314,REU.3.1_1,REU.3.1_1,0.23915124712982,0.68746170441579,0.44831045728597,2025.03208162958,2025.27123287671,CHIKV_RUN_S37b25_2025,55.335535,-21.268174
5952,2611,REU.3.1_1,REU.4.5_1,0.193031162039919,0.68746170441579,0.49443054237587,2025.07820171467,2025.27123287671,CHIKV_RUN_S37b29_2025,55.623625,-21.379174
4353,3085,REU.4.3_1,REU.4.3_1,0.176862284685261,0.68746170441579,0.510599419730529,2025.09437059203,2025.27123287671,CHIKV_RUN_S36b82_2025,55.530001,-21.220516
3799,209,REU.4.5_1,REU.4.5_1,0.174526572553506,0.68746170441579,0.512935131862284,2025.09670630416,2025.27123287671,CHIKV_RUN_S37b23_2025,55.621974,-21.376159
4987,1311,REU.4.3_1,REU.2.4_1,0.156842012831675,0.68746170441579,0.530619691584115,2025.11439086388,2025.27123287671,CHIKV_RUN_S36b63_2025,55.54216,-20.946748
3255,2016,REU.4.8_1,REU.4.5_1,0.134035353147588,0.68746170441579,0.553426351268201,2025.13719752356,2025.27123287671,CHIKV_RUN_S36b79_2025,55.613182,-21.341037
6099,1911,REU.4.8_1,REU.2.3_1,0.130148417742643,0.68746170441579,0.557313286673147,2025.14108445897,2025.27123287671,CHIKV_RUN_S36b85_2025,55.43917,-20.896348
3618,2935,REU.2.3_1,REU.2.3_1,0.128574436934619,0.68746170441579,0.55888726748117,2025.14265843978,2025.27123287671,CHIKV_RUN_S36b76_2025,55.505459,-20.912928
3658,2877,REU.2.3_1,REU.2.3_1,0.127471893965483,0.68746170441579,0.559989810450306,2025.14376098275,2025.27123287671,CHIKV_RUN_S36b75_2025,55.444588,-20.909778
5669,2353,REU.4.5_1,REU.2.3_1,0.121818174367056,0.687461704415789,0.565643530048733,2025.14941470235,2025.27123287671,CHIKV_RUN_S36b45_2025,55.463336,-20.893336
5921,2290,REU.4.8_1,REU.4.3_1,0.120003027571961,0.68746170441579,0.567458676843828,2025.15122984914,2025.27123287671,CHIKV_RUN_S36b78_2025,55.548848,-21.250426
5193,763,REU.4.6_1,REU.3.1_1,0.118024981781562,0.68746170441579,0.569436722634228,2025.15320789493,2025.27123287671,CHIKV_RUN_S36b66_2025,55.390181,-21.239489
5688,1942,REU.4.3_1,REU.3.5_1,0.113287144104537,0.68746170441579,0.574174560311253,2025.15794573261,2025.27123287671,CHIKV_RUN_S36b92_2025,55.218996,-21.043183
3925,1405,REU.4.3_1,REU.1.3_1,0.112709339453133,0.68746170441579,0.574752364962657,2025.15852353726,2025.27123287671,CHIKV_RUN_S36b72_2025,55.659589,-20.973932
5605,2046,REU.4.5_1,REU.4.5_1,0.0921595133219062,0.68746170441579,0.595302191093883,2025.17907336339,2025.27123287671,CHIKV_RUN_S36b93_2025,55.632653,-21.374048
5005,82,REU.2.3_1,REU.4.4_1,0.08625953637286,0.68746170441579,0.60120216804293,2025.18497334034,2025.27123287671,CHIKV_RUN_S36b86_2025,55.539587,-21.337892
5356,1186,REU.4.8_1,REU.4.3_1,0.082588452096822,0.68746170441579,0.604873252318968,2025.18864442462,2025.27123287671,CHIKV_RUN_S36b91_2025,55.531203,-21.223437
4391,447,REU.2.3_1,REU.2.3_1,0.0824611769251887,0.68746170441579,0.605000527490601,2025.18877169979,2025.27123287671,CHIKV_RUN_S36b62_2025,55.435923,-20.920802
3529,1787,REU.2.3_1,REU.2.3_1,0.0727201794080857,0.68746170441579,0.614741525007704,2025.1985126973,2025.27123287671,CHIKV_RUN_S36b43_2025,55.501016,-20.90024
5167,727,REU.2.3_1,REU.2.3_1,0.0720823884072119,0.68746170441579,0.615379316008578,2025.1991504883,2025.27123287671,CHIKV_RUN_S37b09_2025,55.458044,-20.904445
5996,2499,REU.4.8_1,REU.3.2_1,0.0702743871196364,0.68746170441579,0.617187317296153,2025.20095848959,2025.27123287671,CHIKV_RUN_S37b33_2025,55.341489,-21.22632
4358,1581,REU.4.8_1,REU.4.6_1,0.0580078148207377,0.68746170441579,0.629453889595052,2025.21322506189,2025.27123287671,CHIKV_RUN_S37b22_2025,55.41041,-21.203343
5693,2698,REU.3.4_1,REU.2.3_1,0.0524561252363356,0.68746170441579,0.635005579179454,2025.21877675148,2025.27123287671,CHIKV_RUN_S36b73_2025,55.46222,-20.89166
5594,2123,REU.4.5_1,REU.4.5_1,0.032196973778179,0.68746170441579,0.655264730637611,2025.23903590293,2025.27123287671,CHIKV_RUN_S37b04_2025,55.601648,-21.354461
3984,1145,REU.2.3_1,REU.2.3_1,0.0285994559462072,0.68746170441579,0.658862248469582,2025.24263342077,2025.27123287671,CHIKV_RUN_S36b95_2025,55.485693,-20.90823
3622,2919,REU.2.3_1,REU.2.2_1,0.0189151051944838,0.68746170441579,0.668546599221306,2025.25231777152,2025.27123287671,CHIKV_RUN_S50b04_2025,55.30726,-20.939579
5692,5694,REU.3.4_1,REU.2.3_1,0.0543377952790494,0.687531157619715,0.633193362340665,2025.21696453464,2025.27130232992,NA,NA,NA
3229,3230,REU.4.8_1,REU.4.8_1,0.0017110720999205,0.688337666626141,0.68662659452622,2025.27039776682,2025.27210883892,NA,NA,NA
3495,3496,REU.4.5_1,REU.4.5_1,0.0173183820373861,0.688776938442684,0.671458556405298,2025.2552297287,2025.27254811074,NA,NA,NA
5074,5075,REU.2.3_1,REU.4.8_1,0.112299304619086,0.690182796864838,0.577883492245752,2025.16165466454,2025.27395396916,NA,NA,NA
4692,1485,REU.3.5_1,REU.2.4_1,0.1775568260567,0.690201430443374,0.512644604386675,2025.09641577668,2025.27397260274,CHIKV_RUN_S37b37_2025,55.525427,-20.930651
3287,2360,REU.4.3_1,REU.4.3_1,0.168097423312336,0.690201430443374,0.522104007131038,2025.10587517943,2025.27397260274,CHIKV_RUN_S37b34_2025,55.5026,-21.262005
6044,2334,REU.3.1_1,REU.4.8_1,0.166634527575895,0.690201430443374,0.52356690286748,2025.10733807516,2025.27397260274,CHIKV_RUN_S38b21_2025,55.492457,-21.272136
4293,1295,REU.4.3_1,REU.4.8_1,0.162872067270459,0.690201430443374,0.527329363172915,2025.11110053547,2025.27397260274,CHIKV_RUN_S37b40_2025,55.536768,-21.330156
6114,2295,REU.3.1_1,REU.4.5_1,0.149548352151097,0.690201430443374,0.540653078292277,2025.12442425059,2025.27397260274,CHIKV_RUN_S38b28_2025,55.668686,-21.374603
6122,1852,REU.3.1_1,REU.3.1_1,0.148596251747936,0.690201430443374,0.541605178695438,2025.12537635099,2025.27397260274,CHIKV_RUN_S38b80_2025,55.370885,-21.271162
6066,2802,REU.3.1_1,REU.4.3_1,0.147329228101848,0.690201430443374,0.542872202341526,2025.12664337464,2025.27397260274,CHIKV_RUN_S37b27_2025,55.536511,-21.191852
4621,260,REU.4.3_1,REU.2.3_1,0.138745705097293,0.690201430443374,0.551455725346081,2025.13522689764,2025.27397260274,CHIKV_RUN_S37b13_2025,55.460532,-20.907133
4622,262,REU.4.3_1,REU.4.5_1,0.137525348484241,0.690201430443374,0.552676081959133,2025.13644725426,2025.27397260274,CHIKV_RUN_S38b12_2025,55.596597,-21.352251
3989,1618,REU.4.3_1,REU.2.3_1,0.136761506873798,0.690201430443374,0.553439923569576,2025.13721109587,2025.27397260274,CHIKV_RUN_S37b16_2025,55.407765,-20.89103
3370,3098,REU.4.3_1,REU.4.6_1,0.13460892696413,0.690201430443374,0.555592503479244,2025.13936367578,2025.27397260274,CHIKV_RUN_S38b04_2025,55.430984,-21.261781
3858,1674,REU.4.3_1,REU.4.8_1,0.134381289833392,0.690201430443374,0.555820140609983,2025.13959131291,2025.27397260274,CHIKV_RUN_S38b05_2025,55.47794,-21.284875
6076,2382,REU.3.1_1,REU.3.4_1,0.117407369187142,0.690201430443374,0.572794061256232,2025.15656523355,2025.27397260274,CHIKV_RUN_S37b15_2025,55.325483,-21.166768
4982,1298,REU.4.5_1,REU.3.5_1,0.113324533795457,0.690201430443374,0.576876896647917,2025.16064806894,2025.27397260274,CHIKV_RUN_S38b19_2025,55.289423,-21.022964
4759,148,REU.4.8_1,REU.2.3_1,0.10943745081823,0.690201430443374,0.580763979625144,2025.16453515192,2025.27397260274,CHIKV_RUN_S36b83_2025,55.469236,-20.895792
5013,78,REU.4.8_1,REU.2.3_1,0.103247812152714,0.690201430443374,0.586953618290661,2025.17072479059,2025.27397260274,CHIKV_RUN_S38b84_2025,55.4599,-20.896873
4188,1290,REU.4.3_1,REU.4.4_1,0.0989204713983485,0.690201430443374,0.591280959045026,2025.17505213134,2025.27397260274,CHIKV_RUN_S38b26_2025,55.558799,-21.351246
5266,1305,REU.4.3_1,REU.4.6_1,0.0902793744460881,0.690201430443374,0.599922055997286,2025.18369322829,2025.27397260274,CHIKV_RUN_S38b90_2025,55.430984,-21.261781
6117,2304,REU.4.8_1,REU.2.3_1,0.0894358932812491,0.690201430443374,0.600765537162125,2025.18453670946,2025.27397260274,CHIKV_RUN_S38b91_2025,55.492202,-20.913623
3980,1154,REU.1.3_1,REU.1.3_1,0.0863384307236722,0.690201430443374,0.603862999719702,2025.18763417202,2025.27397260274,CHIKV_RUN_S38b03_2025,55.666701,-20.954756
3459,2968,REU.4.3_1,REU.4.8_1,0.0790038759024498,0.690201430443374,0.611197554540925,2025.19496872684,2025.27397260274,CHIKV_RUN_S37b41_2025,55.47771,-21.340618
4579,487,REU.2.3_1,REU.2.3_1,0.0667661400044381,0.690201430443374,0.623435290438936,2025.20720646274,2025.27397260274,CHIKV_RUN_S37b10_2025,55.428349,-20.877709
5417,1011,REU.2.3_1,REU.2.3_1,0.0624499235386573,0.690201430443374,0.627751506904717,2025.2115226792,2025.27397260274,CHIKV_RUN_S37b31_2025,55.445489,-20.89772
5393,1024,REU.2.3_1,REU.4.5_1,0.0622670898490465,0.690201430443374,0.627934340594328,2025.21170551289,2025.27397260274,CHIKV_RUN_S37b38_2025,55.610518,-21.385485
5208,840,REU.4.3_1,REU.4.8_1,0.0458978384426221,0.690201430443374,0.644303592000752,2025.2280747643,2025.27397260274,CHIKV_RUN_S37b24_2025,55.460544,-21.339095
4786,144,REU.2.3_1,REU.2.3_1,0.0457257547957927,0.690201430443374,0.644475675647582,2025.22824684794,2025.27397260274,CHIKV_RUN_S38b85_2025,55.4601,-20.896222
3667,2872,REU.2.4_1,REU.2.4_1,0.0432445687384583,0.690201430443374,0.646956861704916,2025.230728034,2025.27397260274,CHIKV_RUN_S37b19_2025,55.525907,-20.934859
3582,2467,REU.3.4_1,REU.4.6_1,0.0419911394185035,0.690201430443374,0.648210291024871,2025.23198146332,2025.27397260274,CHIKV_RUN_S37b30_2025,55.418062,-21.277593
3476,2972,REU.3.4_1,REU.2.3_1,0.0391658834437834,0.690201430443374,0.651035546999591,2025.2348067193,2025.27397260274,CHIKV_RUN_S37b11_2025,55.445982,-20.890035
4783,124,REU.4.8_1,REU.4.8_1,0.0388917611649517,0.690201430443374,0.651309669278423,2025.23508084157,2025.27397260274,CHIKV_RUN_S38b20_2025,55.477605,-21.317369
4727,1642,REU.4.8_1,REU.4.8_1,0.0368780186939107,0.690201430443374,0.653323411749464,2025.23709458405,2025.27397260274,CHIKV_RUN_S37b32_2025,55.498538,-21.274632
3573,2403,REU.4.8_1,REU.2.3_1,0.0316917981676351,0.690201430443374,0.658509632275739,2025.24228080457,2025.27397260274,CHIKV_RUN_S38b87_2025,55.453065,-20.88857
5432,988,REU.2.3_1,REU.2.3_1,0.0313434461132271,0.690201430443374,0.658857984330147,2025.24262915663,2025.27397260274,CHIKV_RUN_S38b88_2025,55.495211,-20.915258
3574,2404,REU.4.8_1,REU.2.4_1,0.0307083625883773,0.690201430443374,0.659493067854997,2025.24326424015,2025.27397260274,CHIKV_RUN_S38b89_2025,55.513975,-20.916374
4303,285,REU.4.5_1,REU.4.5_1,0.0170948570895267,0.690201430443374,0.673106573353847,2025.25687774565,2025.27397260274,CHIKV_RUN_S37b21_2025,55.611081,-21.38211
6209,34,REU.2.3_1,REU.2.3_1,0.0158749377495817,0.690201430443374,0.674326492693793,2025.25809766499,2025.27397260274,CHIKV_RUN_S37b20_2025,55.459654,-20.886868
5579,2113,REU.4.8_1,REU.4.1_1,0.0152447675115486,0.690201430443374,0.674956662931826,2025.25872783523,2025.27397260274,CHIKV_RUN_S37b28_2025,55.471975,-21.138809
4431,426,REU.2.3_1,REU.2.3_1,0.0121222229230435,0.690201430443374,0.678079207520331,2025.26185037982,2025.27397260274,CHIKV_RUN_S37b14_2025,55.445712,-20.885625
5028,81,REU.2.3_1,REU.2.3_1,0.00629413795092792,0.690201430443374,0.683907292492446,2025.26767846479,2025.27397260274,CHIKV_RUN_S37b17_2025,55.4454,-20.889306
5189,767,REU.4.6_1,REU.4.6_1,0.00308200785405544,0.690201430443374,0.687119422589319,2025.27089059489,2025.27397260274,CHIKV_RUN_S37b36_2025,55.415217,-21.273369
4495,4496,REU.2.3_1,REU.2.3_1,0.0405349964514063,0.69077707556606,0.650242079114654,2025.23401325141,2025.27454824786,NA,NA,NA
3340,3342,REU.4.8_1,REU.4.6_1,0.0942690879556738,0.691444956172361,0.597175868216687,2025.18094704051,2025.27521612847,NA,NA,NA
4015,4016,REU.3.5_1,REU.2.3_1,0.16085007803997,0.692061734857492,0.531211656817521,2025.11498282911,2025.27583290715,NA,NA,NA
6174,56,REU.4.3_1,REU.4.3_1,0.247644965188239,0.692941156470732,0.445296191282493,2025.02906736358,2025.27671232877,CHIKV_RUN_S38b17_2025,55.498653,-21.25509
3455,2978,REU.3.4_1,REU.2.3_1,0.182259638557972,0.692941156470732,0.51068151791276,2025.09445269021,2025.27671232877,CHIKV_RUN_S38b43_2025,55.460202,-20.888827
4316,1613,REU.4.3_1,REU.2.3_1,0.17104885055866,0.692941156470732,0.521892305912072,2025.10566347821,2025.27671232877,CHIKV_RUN_S38b53_2025,55.45834,-20.88173
3463,2976,REU.3.4_1,REU.2.3_1,0.169573106031293,0.692941156470732,0.523368050439439,2025.10713922274,2025.27671232877,CHIKV_RUN_S38b35_2025,55.460825,-20.885648
6156,2315,REU.3.1_1,REU.4.6_1,0.164548564520826,0.692941156470732,0.528392591949906,2025.11216376425,2025.27671232877,CHIKV_RUN_S38b25_2025,55.414768,-21.272328
3161,2814,REU.3.1_1,REU.1.6_1,0.141286193910931,0.692941156470732,0.5516549625598,2025.13542613486,2025.27671232877,CHIKV_RUN_S39b42_2025,55.531072,-21.017131
4221,1436,REU.4.3_1,REU.2.3_1,0.139809907852142,0.692941156470732,0.55313124861859,2025.13690242092,2025.27671232877,CHIKV_RUN_S38b52_2025,55.45737,-20.921905
4891,296,REU.4.3_1,REU.4.8_1,0.138302607720005,0.692941156470732,0.554638548750726,2025.13840972105,2025.27671232877,CHIKV_RUN_S38b08_2025,55.531264,-21.330809
4009,971,REU.3.5_1,REU.4.6_1,0.135472132428684,0.692941156470732,0.557469024042048,2025.14124019634,2025.27671232877,CHIKV_RUN_S26b05_2025,55.403704,-21.28939
5493,2560,REU.4.8_1,REU.2.4_1,0.120382745567258,0.692941156470732,0.572558410903474,2025.1563295832,2025.27671232877,CHIKV_RUN_S26b04_2025,55.568755,-20.902701
4762,119,REU.2.3_1,REU.2.3_1,0.103404971155219,0.692941156470732,0.589536185315513,2025.17330735761,2025.27671232877,CHIKV_RUN_S38b38_2025,55.463976,-20.891577
4666,1106,REU.4.6_1,REU.4.6_1,0.0980495646168646,0.692941156470732,0.594891591853867,2025.17866276415,2025.27671232877,CHIKV_RUN_S38b09_2025,55.405702,-21.214299
3179,2830,REU.2.3_1,REU.2.5_1,0.077068369783336,0.692941156470732,0.615872786687396,2025.19964395898,2025.27671232877,CHIKV_RUN_S39b43_2025,55.583101,-20.928353
6200,31,REU.2.3_1,REU.2.3_1,0.0665329569675296,0.692941156470732,0.626408199503202,2025.2101793718,2025.27671232877,CHIKV_RUN_S38b50_2025,55.486604,-20.904984
5126,852,REU.2.3_1,REU.2.3_1,0.059814613663492,0.692941156470732,0.63312654280724,2025.2168977151,2025.27671232877,CHIKV_RUN_S38b47_2025,55.470498,-20.898234
5797,2793,REU.4.6_1,REU.4.6_1,0.0502676798906637,0.692941156470732,0.642673476580068,2025.22644464888,2025.27671232877,CHIKV_RUN_S38b11_2025,55.402125,-21.286722
3667,2873,REU.2.4_1,REU.2.3_1,0.0459842947658157,0.692941156470732,0.646956861704916,2025.230728034,2025.27671232877,CHIKV_RUN_S38b02_2025,55.446471,-20.892798
3323,1994,REU.2.5_1,REU.2.5_1,0.0299919471863443,0.692941156470732,0.662949209284387,2025.24672038158,2025.27671232877,CHIKV_RUN_S38b51_2025,55.597434,-20.906699
4557,4559,REU.2.3_1,REU.2.3_1,0.179148504302945,0.693689561841177,0.514541057538232,2025.09831222983,2025.27746073414,NA,NA,NA
3192,3193,REU.4.8_1,REU.4.3_1,0.0595854105875769,0.693855713616716,0.634270303029139,2025.21804147533,2025.27762688591,NA,NA,NA
5657,5659,REU.4.8_1,REU.4.8_1,0.166912595574758,0.694277946176721,0.527365350601963,2025.1111365229,2025.27804911847,NA,NA,NA
5402,5403,REU.2.3_1,REU.2.3_1,0.117998235016294,0.695594532041687,0.577596297025393,2025.16136746932,2025.27936570434,NA,NA,NA
3733,2419,REU.3.4_1,REU.2.3_1,0.231883439993481,0.695680882498089,0.463797442504608,2025.0475686148,2025.27945205479,CHIKV_RUN_S38b60_2025,55.474427,-20.890008
4954,1684,REU.4.8_1,REU.2.3_1,0.185969705707492,0.695680882498089,0.509711176790597,2025.09348234909,2025.27945205479,CHIKV_RUN_S38b29_2025,55.445471,-20.87571
4389,423,REU.4.3_1,REU.4.8_1,0.178177908667418,0.695680882498089,0.517502973830671,2025.10127414613,2025.27945205479,CHIKV_RUN_S38b33_2025,55.517599,-21.357332
5675,2348,REU.4.5_1,REU.4.2_1,0.17150342695977,0.695680882498089,0.524177455538319,2025.10794862783,2025.27945205479,CHIKV_RUN_S38b30_2025,55.479296,-21.248167
5341,1197,REU.4.4_1,REU.4.8_1,0.152175685491981,0.695680882498089,0.543505197006108,2025.1272763693,2025.27945205479,CHIKV_RUN_S39b11_2025,55.501942,-21.346573
6144,2957,REU.3.1_1,REU.3.4_1,0.146387121769635,0.695680882498089,0.549293760728454,2025.13306493303,2025.27945205479,CHIKV_RUN_S38b79_2025,55.289455,-21.17725
6145,2149,REU.4.8_1,REU.4.5_1,0.143914108754496,0.695680882498089,0.551766773743593,2025.13553794604,2025.27945205479,CHIKV_RUN_S38b49_2025,55.614344,-21.374973
5445,1131,REU.2.3_1,REU.2.3_1,0.139400700561645,0.695680882498089,0.556280181936444,2025.14005135423,2025.27945205479,CHIKV_RUN_S38b65_2025,55.454217,-20.887795
3720,2440,REU.2.3_1,REU.2.3_1,0.111795952815463,0.695680882498089,0.583884929682626,2025.16765610198,2025.27945205479,CHIKV_RUN_S38b46_2025,55.449866,-20.872771
6146,1903,REU.4.8_1,REU.4.6_1,0.110854422697318,0.695680882498089,0.584826459800772,2025.1685976321,2025.27945205479,CHIKV_RUN_S38b86_2025,55.417216,-21.269164
4787,137,REU.2.3_1,REU.2.3_1,0.108183621429308,0.695680882498089,0.587497261068781,2025.17126843337,2025.27945205479,CHIKV_RUN_S38b37_2025,55.462213,-20.887479
6064,2629,REU.4.6_1,REU.4.6_1,0.106889593390671,0.695680882498089,0.588791289107418,2025.1725624614,2025.27945205479,CHIKV_RUN_S26b07_2025,55.413486,-21.291325
6065,2473,REU.4.6_1,REU.3.4_1,0.105319813639061,0.695680882498089,0.590361068859028,2025.17413224116,2025.27945205479,CHIKV_RUN_S38b81_2025,55.312888,-21.220221
3364,2023,REU.4.8_1,REU.4.8_1,0.0993221081747473,0.695680882498089,0.596358774323342,2025.18012994662,2025.27945205479,CHIKV_RUN_S38b27_2025,55.555104,-21.317199
4349,875,REU.4.8_1,REU.4.8_1,0.0922295249434535,0.695680882498089,0.603451357554636,2025.18722252985,2025.27945205479,CHIKV_RUN_S38b22_2025,55.535288,-21.322361
5949,2603,REU.4.3_1,REU.3.2_1,0.0860874962146623,0.695680882498089,0.609593386283427,2025.19336455858,2025.27945205479,CHIKV_RUN_S38b73_2025,55.350901,-21.213968
4031,1650,REU.4.8_1,REU.4.8_1,0.0853544275011755,0.695680882498089,0.610326454996914,2025.19409762729,2025.27945205479,CHIKV_RUN_S38b72_2025,55.489166,-21.347578
5589,2115,REU.4.5_1,REU.4.5_1,0.0826688582998085,0.695680882498089,0.613012024198281,2025.19678319649,2025.27945205479,CHIKV_RUN_S38b75_2025,55.610763,-21.369291
5574,2111,REU.4.5_1,REU.4.5_1,0.07874800400484,0.695680882498089,0.616932878493249,2025.20070405079,2025.27945205479,CHIKV_RUN_S38b32_2025,55.623169,-21.378321
5137,834,REU.1.3_1,REU.1.3_1,0.0761394009041743,0.695680882498089,0.619541481593915,2025.20331265389,2025.27945205479,CHIKV_RUN_S39b40_2025,55.658675,-20.968304
3978,1149,REU.2.3_1,REU.2.3_1,0.0721802460584013,0.695680882498089,0.623500636439688,2025.20727180874,2025.27945205479,CHIKV_RUN_S38b42_2025,55.48786,-20.894513
6113,2302,REU.4.8_1,REU.4.8_1,0.070854434210353,0.695680882498089,0.624826448287736,2025.20859762058,2025.27945205479,CHIKV_RUN_S38b23_2025,55.455507,-21.292882
3551,2638,REU.3.5_1,REU.3.5_1,0.0685110232383185,0.695680882498089,0.627169859259771,2025.21094103156,2025.27945205479,CHIKV_RUN_S38b36_2025,55.318852,-20.990132
5361,1187,REU.4.8_1,REU.4.8_1,0.0647848221732575,0.695680882498089,0.630896060324832,2025.21466723262,2025.27945205479,CHIKV_RUN_S38b78_2025,55.463583,-21.340783
5506,1889,REU.4.8_1,REU.4.1_1,0.0532464247846898,0.695680882498089,0.642434457713399,2025.22620563001,2025.27945205479,CHIKV_RUN_S38b10_2025,55.465201,-21.140709
3728,2427,REU.2.3_1,REU.2.3_1,0.0371653661948259,0.695680882498089,0.658515516303263,2025.2422866886,2025.27945205479,CHIKV_RUN_S38b45_2025,55.471153,-20.923601
3708,2657,REU.4.8_1,REU.4.6_1,0.0278153823593655,0.695680882498089,0.667865500138724,2025.25163667244,2025.27945205479,CHIKV_RUN_S38b06_2025,55.403275,-21.271692
4303,621,REU.4.5_1,REU.2.3_1,0.0225743091442415,0.695680882498089,0.673106573353847,2025.25687774565,2025.27945205479,CHIKV_RUN_S38b62_2025,55.480343,-20.894943
3230,2777,REU.4.8_1,REU.4.5_1,0.00734321587194842,0.695680882498089,0.688337666626141,2025.27210883892,2025.27945205479,CHIKV_RUN_S39b08_2025,55.649512,-21.380534
4496,577,REU.2.3_1,REU.1.4_1,0.00490380693202885,0.695680882498089,0.69077707556606,2025.27454824786,2025.27945205479,CHIKV_RUN_S39b44_2025,55.746737,-21.081733
5906,5907,REU.3.4_1,REU.3.4_1,0.108945707645366,0.695964435806684,0.587018728161318,2025.17078990046,2025.2797356081,NA,NA,NA
5484,5488,REU.4.3_1,REU.2.3_1,0.12044327142142,0.696025846606996,0.575582575185575,2025.15935374748,2025.2797970189,NA,NA,NA
4051,4052,REU.2.4_1,REU.2.4_1,0.035695705554423,0.696262748700505,0.660567043146082,2025.24433821544,2025.280033921,NA,NA,NA
3789,3790,REU.4.5_1,REU.4.5_1,0.0524869255985675,0.696362108023708,0.643875182425141,2025.22764635472,2025.28013328032,NA,NA,NA
3574,3575,REU.4.8_1,REU.4.8_1,0.0374514816439633,0.69694454949896,0.659493067854997,2025.24326424015,2025.2807157218,NA,NA,NA
3203,1873,REU.3.1_1,REU.2.3_1,0.201411503665828,0.698420608525447,0.497009104859618,2025.08078027716,2025.28219178082,CHIKV_RUN_S38b70_2025,55.425901,-20.88476
4012,946,REU.4.3_1,REU.4.3_1,0.177704864406075,0.698420608525447,0.520715744119371,2025.10448691642,2025.28219178082,CHIKV_RUN_S38b82_2025,55.516078,-21.243197
3418,2762,REU.4.8_1,REU.2.3_1,0.17419239263175,0.698420608525447,0.524228215893697,2025.10799938819,2025.28219178082,CHIKV_RUN_S39b07_2025,55.464831,-20.8845
4620,261,REU.4.3_1,REU.4.8_1,0.17192595118114,0.698420608525447,0.526494657344307,2025.11026582964,2025.28219178082,CHIKV_RUN_S39b03_2025,55.485063,-21.340821
4005,947,REU.3.5_1,REU.2.2_1,0.168509168474076,0.698420608525446,0.52991144005137,2025.11368261235,2025.28219178082,CHIKV_RUN_S39b01_2025,55.294827,-20.945847
5944,2615,REU.4.3_1,REU.3.5_1,0.155267980039845,0.698420608525447,0.543152628485602,2025.12692380078,2025.28219178082,CHIKV_RUN_S30b03_2025,55.285481,-20.984528
3882,333,REU.2.3_1,REU.2.3_1,0.154395971345819,0.698420608525447,0.544024637179628,2025.12779580948,2025.28219178082,CHIKV_RUN_S38b74_2025,55.459432,-20.880183
5964,3025,REU.3.4_1,REU.4.3_1,0.151385847172798,0.698420608525447,0.547034761352648,2025.13080593365,2025.28219178082,CHIKV_RUN_S39b27_2025,55.521595,-21.2349
3937,2148,REU.4.3_1,REU.4.6_1,0.142874131841554,0.698420608525446,0.555546476683892,2025.13931764898,2025.28219178082,CHIKV_RUN_S39b32_2025,55.409107,-21.221717
3198,3080,REU.4.6_1,REU.4.6_1,0.139589323412184,0.698420608525447,0.558831285113263,2025.14260245741,2025.28219178082,CHIKV_RUN_S39b31_2025,55.4298,-21.245384
5454,604,REU.3.5_1,REU.1.3_1,0.137187223770433,0.698420608525447,0.561233384755013,2025.14500455705,2025.28219178082,CHIKV_RUN_S39b38_2025,55.659018,-20.970858
3387,2498,REU.4.8_1,REU.2.3_1,0.133044296458284,0.698420608525447,0.565376312067162,2025.14914748436,2025.28219178082,CHIKV_RUN_S39b04_2025,55.490935,-20.901952
4691,1481,REU.4.8_1,REU.4.8_1,0.129763600256419,0.698420608525447,0.568657008269028,2025.15242818057,2025.28219178082,CHIKV_RUN_S38b95_2025,55.477373,-21.334398
5517,2492,REU.4.8_1,REU.4.8_1,0.126497079905214,0.698420608525447,0.571923528620233,2025.15569470092,2025.28219178082,CHIKV_RUN_S39b24_2025,55.484025,-21.337149
3766,173,REU.2.3_1,REU.2.3_1,0.122004562559783,0.698420608525447,0.576416045965664,2025.16018721826,2025.28219178082,CHIKV_RUN_S39b22_2025,55.450214,-20.893547
3208,2758,REU.4.8_1,REU.4.8_1,0.117864082018303,0.698420608525447,0.580556526507143,2025.1643276988,2025.28219178082,CHIKV_RUN_S39b39_2025,55.47316,-21.331994
5153,833,REU.4.8_1,REU.1.3_1,0.115905996910269,0.698420608525447,0.582514611615177,2025.16628578391,2025.28219178082,CHIKV_RUN_S26b01_2025,55.648137,-20.935778
4460,541,REU.4.3_1,REU.4.8_1,0.111719423086803,0.698420608525447,0.586701185438643,2025.17047235774,2025.28219178082,CHIKV_RUN_S39b02_2025,55.473832,-21.283269
6065,1778,REU.4.6_1,REU.4.5_1,0.108059539666418,0.698420608525447,0.590361068859028,2025.17413224116,2025.28219178082,CHIKV_RUN_S39b23_2025,55.619304,-21.374006
3661,2897,REU.2.3_1,REU.2.3_1,0.104001009710036,0.698420608525447,0.594419598815411,2025.17819077111,2025.28219178082,CHIKV_RUN_S38b57_2025,55.477733,-20.892582
5522,2696,REU.3.4_1,REU.2.4_1,0.10355662723046,0.698420608525447,0.594863981294987,2025.17863515359,2025.28219178082,CHIKV_RUN_S39b14_2025,55.521663,-20.941052
4494,549,REU.4.3_1,REU.2.4_1,0.10218566742015,0.698420608525447,0.596234941105296,2025.1800061134,2025.28219178082,CHIKV_RUN_S38b58_2025,55.519976,-20.92603
5388,1002,REU.2.3_1,REU.2.3_1,0.102047397201714,0.698420608525447,0.596373211323733,2025.18014438362,2025.28219178082,CHIKV_RUN_S38b67_2025,55.459483,-20.904368
3458,2966,REU.4.3_1,REU.4.8_1,0.0967562325223321,0.698420608525447,0.601664376003114,2025.1854355483,2025.28219178082,CHIKV_RUN_S38b76_2025,55.476813,-21.339855
3341,2581,REU.4.8_1,REU.4.6_1,0.0956495740603863,0.698420608525447,0.60277103446506,2025.18654220676,2025.28219178082,CHIKV_RUN_S39b37_2025,55.419016,-21.282889
5552,2120,REU.4.5_1,REU.3.5_1,0.0882254263543696,0.698420608525447,0.610195182171077,2025.19396635447,2025.28219178082,CHIKV_RUN_S39b16_2025,55.274079,-21.04032
5652,2841,REU.4.6_1,REU.4.3_1,0.0860612104346821,0.698420608525447,0.612359398090764,2025.19613057039,2025.28219178082,CHIKV_RUN_S39b18_2025,55.512141,-21.279218
5328,1260,REU.4.4_1,REU.1.4_1,0.0817108688459701,0.698420608525446,0.616709739679476,2025.20048091198,2025.28219178082,CHIKV_RUN_S39b41_2025,55.714074,-21.047535
4403,392,REU.2.3_1,REU.1.1_1,0.0750861098099496,0.698420608525447,0.623334498715497,2025.20710567101,2025.28219178082,CHIKV_RUN_S40b95_2025,55.681076,-21.000309
4843,1362,REU.2.3_1,REU.2.4_1,0.0709512513774345,0.698420608525446,0.627469357148012,2025.21124052944,2025.28219178082,CHIKV_RUN_S38b93_2025,55.530076,-20.948881
3621,2918,REU.2.3_1,REU.2.3_1,0.0687429184764012,0.698420608525447,0.629677690049045,2025.21344886235,2025.28219178082,CHIKV_RUN_S38b59_2025,55.506216,-20.916598
5467,2543,REU.2.3_1,REU.2.5_1,0.060293024805983,0.698420608525447,0.638127583719464,2025.22189875602,2025.28219178082,CHIKV_RUN_S40b89_2025,55.621512,-20.913059
5507,1891,REU.4.8_1,REU.2.3_1,0.0547900298732367,0.698420608525447,0.64363057865221,2025.22740175095,2025.28219178082,CHIKV_RUN_S38b56_2025,55.485376,-20.911961
5888,2256,REU.2.5_1,REU.2.5_1,0.0540401896523984,0.698420608525446,0.644380418873048,2025.22815159117,2025.28219178082,CHIKV_RUN_S38b61_2025,55.582692,-20.923073
5399,1010,REU.2.3_1,REU.2.3_1,0.0476590687470886,0.698420608525447,0.650761539778358,2025.23453271207,2025.28219178082,CHIKV_RUN_S39b13_2025,55.444583,-20.893761
3877,360,REU.2.3_1,REU.2.3_1,0.0466527263783873,0.698420608525447,0.651767882147059,2025.23553905444,2025.28219178082,CHIKV_RUN_S38b83_2025,55.477414,-20.892111
5814,2209,REU.3.1_1,REU.1.3_1,0.0447962088853044,0.698420608525447,0.653624399640142,2025.23739557194,2025.28219178082,CHIKV_RUN_S39b47_2025,55.652334,-20.964826
4302,1129,REU.4.8_1,REU.4.8_1,0.0424307936213562,0.698420608525447,0.65598981490409,2025.2397609872,2025.28219178082,CHIKV_RUN_S39b25_2025,55.457268,-21.291525
4484,565,REU.4.8_1,REU.3.5_1,0.040111740947448,0.698420608525447,0.658308867577999,2025.24208003987,2025.28219178082,CHIKV_RUN_S38b66_2025,55.322556,-20.977532
5369,1223,REU.4.8_1,REU.4.5_1,0.0195924297912355,0.698420608525447,0.678828178734211,2025.26259935103,2025.28219178082,CHIKV_RUN_S39b26_2025,55.613431,-21.326165
3575,2405,REU.4.8_1,REU.4.8_1,0.00147605902648618,0.698420608525447,0.69694454949896,2025.2807157218,2025.28219178082,CHIKV_RUN_S38b69_2025,55.470887,-21.291268
6014,6015,REU.4.1_1,REU.4.1_1,0.153010532351009,0.69854386870221,0.545533336351202,2025.12930450865,2025.282315041,NA,NA,NA
3135,3136,REU.2.3_1,REU.2.3_1,0.0527844893436432,0.698651344828837,0.645866855485194,2025.22963802778,2025.28242251713,NA,NA,NA
4741,4742,REU.4.3_1,REU.2.3_1,0.148965110300453,0.699933488079759,0.550968377779306,2025.13473955008,2025.28370466038,NA,NA,NA
5980,2164,REU.3.1_1,REU.4.3_1,0.261385570889356,0.701160334552804,0.439774763663448,2025.02354593596,2025.28493150685,CHIKV_RUN_S50b90_2025,55.51758,-21.276085
4053,1709,REU.4.8_1,REU.1.4_1,0.222533099820642,0.701160334552804,0.478627234732162,2025.06239840703,2025.28493150685,CHIKV_RUN_S40b91_2025,55.714386,-21.047271
5856,1847,REU.4.6_1,REU.4.4_1,0.204438746771855,0.701160334552804,0.496721587780949,2025.08049276008,2025.28493150685,CHIKV_RUN_S39b46_2025,55.570231,-21.330523
5214,829,REU.4.8_1,REU.2.4_1,0.200306706467068,0.701160334552804,0.500853628085735,2025.08462480038,2025.28493150685,CHIKV_RUN_S52b01_2025,55.528974,-20.940236
5458,2844,REU.4.3_1,REU.4.6_1,0.189288778373926,0.701160334552804,0.511871556178878,2025.09564272848,2025.28493150685,CHIKV_RUN_S39b51_2025,55.430735,-21.282518
3418,2772,REU.4.8_1,REU.4.6_1,0.176932118659107,0.701160334552804,0.524228215893697,2025.10799938819,2025.28493150685,CHIKV_RUN_S39b80_2025,55.415905,-21.278574
5473,2545,REU.2.3_1,REU.4.5_1,0.166149271250731,0.701160334552804,0.535011063302073,2025.1187822356,2025.28493150685,CHIKV_RUN_S39b61_2025,55.677942,-21.371995
3772,194,REU.4.5_1,REU.2.3_1,0.161495637352317,0.701160334552804,0.539664697200487,2025.1234358695,2025.28493150685,CHIKV_RUN_S52b04_2025,55.455976,-20.891687
5350,1258,REU.4.4_1,REU.4.4_1,0.150872988504094,0.701160334552804,0.55028734604871,2025.13405851835,2025.28493150685,CHIKV_RUN_S52b06_2025,55.558984,-21.335959
4492,552,REU.4.3_1,REU.3.5_1,0.147792151630077,0.701160334552804,0.553368182922727,2025.13713935522,2025.28493150685,CHIKV_RUN_S52b05_2025,55.284859,-21.026749
4127,307,REU.4.3_1,REU.4.4_1,0.145269150523724,0.701160334552804,0.55589118402908,2025.13966235633,2025.28493150685,CHIKV_RUN_S50b76_2025,55.557782,-21.351479
5644,2147,REU.3.5_1,REU.2.4_1,0.13692343433832,0.701160334552804,0.564236900214484,2025.14800807251,2025.28493150685,CHIKV_RUN_S39b21_2025,55.568487,-20.894745
3842,1653,REU.4.3_1,REU.2.4_1,0.131993560506729,0.701160334552804,0.569166774046075,2025.15293794634,2025.28493150685,CHIKV_RUN_S39b17_2025,55.520113,-20.940545
3207,1845,REU.4.8_1,REU.2.3_1,0.130664062525368,0.701160334552804,0.570496272027436,2025.15426744432,2025.28493150685,CHIKV_RUN_S39b05_2025,55.464564,-20.892562
3857,1672,REU.4.3_1,REU.4.3_1,0.127669211298127,0.701160334552804,0.573491123254677,2025.15726229555,2025.28493150685,CHIKV_RUN_S39b35_2025,55.512403,-21.241733
3643,2850,REU.2.3_1,REU.2.1_1,0.117668869775529,0.701160334552804,0.583491464777274,2025.16726263707,2025.28493150685,CHIKV_RUN_S52b54_2025,55.330992,-20.948085
4134,1297,REU.3.5_1,REU.3.5_1,0.11724944800323,0.701160334552804,0.583910886549574,2025.16768205885,2025.28493150685,CHIKV_RUN_S39b20_2025,55.295871,-21.020646
4480,572,REU.4.3_1,REU.4.8_1,0.112777435260552,0.701160334552804,0.588382899292252,2025.17215407159,2025.28493150685,CHIKV_RUN_S39b55_2025,55.475368,-21.326873
4405,413,REU.4.3_1,REU.4.8_1,0.103105840639291,0.701160334552804,0.598054493913513,2025.18182566621,2025.28493150685,CHIKV_RUN_S39b59_2025,55.464958,-21.33668
3944,1130,REU.4.3_1,REU.4.8_1,0.0944337338196924,0.701160334552804,0.606726600733111,2025.19049777303,2025.28493150685,CHIKV_RUN_S40b24_2025,55.475471,-21.331253
6048,1956,REU.2.3_1,REU.3.2_1,0.0939517841217166,0.701160334552804,0.607208550431087,2025.19097972273,2025.28493150685,CHIKV_RUN_S39b34_2025,55.338824,-21.23846
3729,2424,REU.2.3_1,REU.2.3_1,0.0927194564164238,0.701160334552804,0.60844087813638,2025.19221205043,2025.28493150685,CHIKV_RUN_S39b49_2025,55.480657,-20.905604
4014,945,REU.2.4_1,REU.2.4_1,0.0909893275054743,0.701160334552804,0.61017100704733,2025.19394217934,2025.28493150685,CHIKV_RUN_S39b54_2025,55.520905,-20.918113
5599,2128,REU.4.5_1,REU.4.5_1,0.0905370070356708,0.701160334552804,0.610623327517133,2025.19439449981,2025.28493150685,CHIKV_RUN_S39b69_2025,55.662882,-21.341066
5589,2116,REU.4.5_1,REU.4.6_1,0.0881483103545233,0.701160334552804,0.613012024198281,2025.19678319649,2025.28493150685,CHIKV_RUN_S39b33_2025,55.404308,-21.276694
5112,740,REU.2.3_1,REU.2.5_1,0.0877622967990713,0.701160334552804,0.613398037753732,2025.19716921005,2025.28493150685,CHIKV_RUN_S52b03_2025,55.606734,-20.93692
5307,1232,REU.4.3_1,REU.4.3_1,0.0855066829804747,0.701160334552804,0.615653651572329,2025.19942482387,2025.28493150685,CHIKV_RUN_S39b53_2025,55.534628,-21.309883
3822,247,REU.4.5_1,REU.4.5_1,0.0805633633994236,0.701160334552804,0.62059697115338,2025.20436814345,2025.28493150685,CHIKV_RUN_S39b60_2025,55.687162,-21.371027
5612,2081,REU.2.3_1,REU.4.5_1,0.075469140089189,0.701160334552804,0.625691194463615,2025.20946236676,2025.28493150685,CHIKV_RUN_S50b77_2025,55.631318,-21.375297
5021,80,REU.4.5_1,REU.4.5_1,0.0747671885766694,0.701160334552804,0.626393145976134,2025.21016431827,2025.28493150685,CHIKV_RUN_S39b57_2025,55.626056,-21.381787
5634,2631,REU.4.6_1,REU.4.8_1,0.0745759804927424,0.701160334552804,0.626584354060062,2025.21035552636,2025.28493150685,CHIKV_RUN_S39b50_2025,55.478153,-21.327759
5704,2632,REU.4.3_1,REU.1.1_1,0.0701728347180475,0.701160334552804,0.630987499834756,2025.21475867213,2025.28493150685,CHIKV_RUN_S40b93_2025,55.650124,-20.977217
5582,2066,REU.4.5_1,REU.4.6_1,0.0690005865627537,0.701160334552804,0.63215974799005,2025.21593092029,2025.28493150685,CHIKV_RUN_S39b52_2025,55.436329,-21.244515
3841,1663,REU.4.3_1,REU.4.8_1,0.0666215369251028,0.701160334552804,0.634538797627701,2025.21830996992,2025.28493150685,CHIKV_RUN_S39b86_2025,55.47888,-21.320298
5781,2190,REU.2.3_1,REU.4.8_1,0.0612256932940409,0.701160334552804,0.639934641258763,2025.22370581356,2025.28493150685,CHIKV_RUN_S39b63_2025,55.474105,-21.340409
5977,3026,REU.4.8_1,REU.4.8_1,0.0563382687183683,0.701160334552804,0.644822065834436,2025.22859323813,2025.28493150685,CHIKV_RUN_S39b72_2025,55.455264,-21.30967
4229,1523,REU.1.4_1,REU.1.4_1,0.053937375851406,0.701160334552804,0.647222958701398,2025.230994131,2025.28493150685,CHIKV_RUN_S40b92_2025,55.701902,-21.068443
5576,2078,REU.4.5_1,REU.4.8_1,0.0413760061277733,0.701160334552804,0.659784328425031,2025.24355550072,2025.28493150685,CHIKV_RUN_S39b29_2025,55.473496,-21.332937
5423,1025,REU.2.3_1,REU.2.3_1,0.034345844798416,0.701160334552804,0.666814489754388,2025.25058566205,2025.28493150685,CHIKV_RUN_S39b36_2025,55.451909,-20.892271
5827,2011,REU.4.8_1,REU.4.8_1,0.0215513597896023,0.701160334552804,0.679608974763202,2025.26338014706,2025.28493150685,CHIKV_RUN_S39b74_2025,55.494293,-21.348909
3342,2585,REU.4.6_1,REU.4.6_1,0.0097153783804429,0.701160334552804,0.691444956172361,2025.27521612847,2025.28493150685,CHIKV_RUN_S39b62_2025,55.401378,-21.287179
5581,5584,REU.4.5_1,REU.4.5_1,0.08847186163686,0.702230632677407,0.613758771040547,2025.19752994334,2025.28600180497,NA,NA,NA
3966,1147,REU.2.3_1,REU.2.3_1,0.165361995109055,0.703900060580161,0.538538065471106,2025.12230923777,2025.28767123288,CHIKV_RUN_S39b73_2025,55.433168,-20.923119
5046,809,REU.4.3_1,REU.4.2_1,0.149748816754423,0.703900060580161,0.554151243825739,2025.13792241612,2025.28767123288,CHIKV_RUN_S40b18_2025,55.493326,-21.241301
4866,1301,REU.4.3_1,REU.3.1_1,0.146693968141433,0.703900060580161,0.557206092438728,2025.14097726474,2025.28767123288,CHIKV_RUN_S39b82_2025,55.373136,-21.267465
4904,1704,REU.4.8_1,REU.4.8_1,0.1441660918558,0.703900060580161,0.559733968724361,2025.14350514102,2025.28767123288,CHIKV_RUN_S40b20_2025,55.475796,-21.338963
6061,1896,REU.4.4_1,REU.1.1_1,0.139837503139988,0.703900060580161,0.564062557440173,2025.14783372974,2025.28767123288,CHIKV_RUN_S39b79_2025,55.647413,-20.976557
4648,1120,REU.4.3_1,REU.4.2_1,0.132383017761986,0.703900060580161,0.571517042818176,2025.15528821511,2025.28767123288,CHIKV_RUN_S40b27_2025,55.480321,-21.236938
5026,87,REU.2.3_1,REU.1.3_1,0.132358132615596,0.703900060580161,0.571541927964565,2025.15531310026,2025.28767123288,CHIKV_RUN_S39b67_2025,55.649451,-20.938514
4560,484,REU.2.3_1,REU.2.3_1,0.125742393982601,0.703900060580161,0.57815766659756,2025.16192883889,2025.28767123288,CHIKV_RUN_S39b58_2025,55.49909,-20.909516
5813,1932,REU.3.1_1,REU.4.6_1,0.12485756888924,0.703900060580161,0.579042491690921,2025.16281366399,2025.28767123288,CHIKV_RUN_S40b10_2025,55.435737,-21.269448
5670,2352,REU.4.5_1,REU.2.3_1,0.120856831877764,0.703900060580161,0.583043228702397,2025.166814401,2025.28767123288,CHIKV_RUN_S39b56_2025,55.479955,-20.892462
3583,2465,REU.3.4_1,REU.3.4_1,0.11596160602732,0.703900060580161,0.587938454552841,2025.17170962685,2025.28767123288,CHIKV_RUN_S40b14_2025,55.303485,-21.194965
5780,2192,REU.4.3_1,REU.4.8_1,0.11357431192827,0.703900060580161,0.590325748651892,2025.17409692095,2025.28767123288,CHIKV_RUN_S39b65_2025,55.538041,-21.338609
3480,2974,REU.2.3_1,REU.2.3_1,0.110419801787031,0.703900060580161,0.593480258793131,2025.17725143109,2025.28767123288,CHIKV_RUN_S39b81_2025,55.461223,-20.916203
4666,1107,REU.4.6_1,REU.4.6_1,0.109008468726294,0.703900060580161,0.594891591853867,2025.17866276415,2025.28767123288,CHIKV_RUN_S40b36_2025,55.420886,-21.250588
4402,496,REU.2.3_1,REU.2.5_1,0.104788214138541,0.703900060580161,0.59911184644162,2025.18288301874,2025.28767123288,CHIKV_RUN_S39b91_2025,55.596283,-20.910227
5536,2102,REU.4.5_1,REU.2.3_1,0.10387661244309,0.703900060580161,0.600023448137071,2025.18379462043,2025.28767123288,CHIKV_RUN_S39b87_2025,55.48831,-20.893197
5395,1022,REU.2.3_1,REU.2.3_1,0.0998676384354951,0.703900060580161,0.604032422144666,2025.18780359444,2025.28767123288,CHIKV_RUN_S39b68_2025,55.44588,-20.891759
4392,427,REU.1.4_1,REU.4.5_1,0.0979992810972738,0.703900060580161,0.605900779482887,2025.18967195178,2025.28767123288,CHIKV_RUN_S40b16_2025,55.616541,-21.370151
4356,99,REU.4.8_1,REU.4.8_1,0.0969771188542763,0.703900060580161,0.606922941725885,2025.19069411402,2025.28767123288,CHIKV_RUN_S40b19_2025,55.474877,-21.327411
3762,184,REU.4.5_1,REU.4.5_1,0.0945584201357512,0.703900060580161,0.60934164044441,2025.19311281274,2025.28767123288,CHIKV_RUN_S40b29_2025,55.666161,-21.374805
3414,2386,REU.4.3_1,REU.4.8_1,0.0892006522874567,0.703900060580161,0.614699408292705,2025.19847058059,2025.28767123288,CHIKV_RUN_S39b85_2025,55.473462,-21.312593
5541,2106,REU.4.5_1,REU.4.4_1,0.0891096161143105,0.703900060580161,0.614790444465851,2025.19856161676,2025.28767123288,CHIKV_RUN_S40b13_2025,55.567864,-21.368298
4171,1475,REU.4.3_1,REU.2.3_1,0.0865128583831585,0.703900060580161,0.617387202197003,2025.20115837449,2025.28767123288,CHIKV_RUN_S39b45_2025,55.417004,-20.892115
5703,2013,REU.4.3_1,REU.4.5_1,0.0846808477412853,0.703900060580161,0.619219212838876,2025.20299038514,2025.28767123288,CHIKV_RUN_S39b94_2025,55.61101,-21.37986
3609,2917,REU.2.3_1,REU.2.3_1,0.0781851973495669,0.703900060580161,0.625714863230594,2025.20948603553,2025.28767123288,CHIKV_RUN_S39b84_2025,55.456676,-20.889094
3974,1140,REU.2.3_1,REU.3.5_1,0.069410737122781,0.703900060580161,0.63448932345738,2025.21826049575,2025.28767123288,CHIKV_RUN_S39b75_2025,55.2618,-21.050424
3503,3006,REU.4.6_1,REU.4.6_1,0.0634663880059069,0.703900060580161,0.640433672574254,2025.22420484487,2025.28767123288,CHIKV_RUN_S40b04_2025,55.401791,-21.289581
5270,1336,REU.4.8_1,REU.4.8_1,0.0594562164150569,0.703900060580161,0.644443844165104,2025.22821501646,2025.28767123288,CHIKV_RUN_S39b64_2025,55.478455,-21.316046
5700,3046,REU.4.8_1,REU.4.6_1,0.0563516409002065,0.703900060580161,0.647548419679955,2025.23131959198,2025.28767123288,CHIKV_RUN_S40b28_2025,55.443635,-21.241308
3758,182,REU.4.8_1,REU.4.4_1,0.048542553844342,0.703900060580161,0.655357506735819,2025.23912867903,2025.28767123288,CHIKV_RUN_S39b66_2025,55.554889,-21.369655
4932,2688,REU.4.3_1,REU.4.8_1,0.0385511333549784,0.703900060580161,0.665348927225183,2025.24912009952,2025.28767123288,CHIKV_RUN_S39b70_2025,55.487308,-21.339267
3846,1670,REU.4.4_1,REU.4.4_1,0.0255449610424108,0.703900060580161,0.67835509953775,2025.26212627183,2025.28767123288,CHIKV_RUN_S40b30_2025,55.561835,-21.338211
6015,2532,REU.4.1_1,REU.4.1_1,0.005356191877951,0.703900060580161,0.69854386870221,2025.282315041,2025.28767123288,CHIKV_RUN_S39b88_2025,55.468294,-21.148248
4593,4595,REU.4.8_1,REU.4.3_1,0.156016918183869,0.704105960817582,0.548089042633713,2025.13186021493,2025.28787713311,NA,NA,NA
5122,818,REU.4.3_1,REU.4.6_1,0.296091166982124,0.706639786607746,0.410548619625623,2024.99431979192,2025.2904109589,CHIKV_RUN_S40b15_2025,55.418116,-21.281106
4546,460,REU.4.3_1,REU.4.5_1,0.209076429936834,0.706639786607746,0.497563356670912,2025.08133452897,2025.2904109589,CHIKV_RUN_S40b60_2025,55.68368,-21.355686
5491,2555,REU.4.3_1,REU.4.3_1,0.206178609551729,0.706639786607746,0.500461177056017,2025.08423234935,2025.2904109589,CHIKV_RUN_S40b07_2025,55.516054,-21.278681
4311,1339,REU.4.3_1,REU.2.3_1,0.191423089092595,0.706639786607746,0.515216697515151,2025.09898786981,2025.2904109589,CHIKV_RUN_S40b23_2025,55.451421,-20.876196
5168,732,REU.4.3_1,REU.4.8_1,0.183942169876539,0.706639786607746,0.522697616731207,2025.10646878903,2025.2904109589,CHIKV_RUN_S39b95_2025,55.511515,-21.353132
3902,322,REU.4.3_1,REU.4.3_1,0.183690596834764,0.706639786607746,0.522949189772982,2025.10672036207,2025.2904109589,CHIKV_RUN_S40b49_2025,55.515884,-21.262394
3697,2656,REU.3.1_1,REU.2.2_1,0.17116868551686,0.706639786607746,0.535471101090886,2025.11924227339,2025.2904109589,CHIKV_RUN_S49b72_2025,55.295433,-20.931909
3967,1137,REU.2.3_1,REU.2.3_1,0.16803943622112,0.706639786607746,0.538600350386627,2025.12237152268,2025.2904109589,CHIKV_RUN_S40b08_2025,55.462496,-20.894064
5128,759,REU.4.3_1,REU.4.6_1,0.168010800235896,0.706639786607746,0.53862898637185,2025.12240015867,2025.2904109589,CHIKV_RUN_S40b05_2025,55.446566,-21.270643
4510,518,REU.4.3_1,REU.4.3_1,0.162592893723514,0.706639786607746,0.544046892884232,2025.12781806518,2025.2904109589,CHIKV_RUN_S39b92_2025,55.528609,-21.250653
5556,2096,REU.4.5_1,REU.4.5_1,0.144957173356508,0.706639786607746,0.561682613251238,2025.14545378555,2025.2904109589,CHIKV_RUN_S40b71_2025,55.644286,-21.380714
5436,1005,REU.2.3_1,REU.2.3_1,0.142114691218843,0.706639786607746,0.564525095388903,2025.14829626769,2025.2904109589,CHIKV_RUN_S40b01_2025,55.448217,-20.884803
6012,2534,REU.4.1_1,REU.3.2_1,0.13936400373237,0.706639786607746,0.567275782875376,2025.15104695517,2025.2904109589,CHIKV_RUN_S40b12_2025,55.335907,-21.237617
3767,192,REU.2.3_1,REU.4.5_1,0.132415525915062,0.706639786607746,0.574224260692684,2025.15799543299,2025.2904109589,CHIKV_RUN_S39b93_2025,55.623169,-21.378321
5346,1199,REU.4.4_1,REU.2.3_1,0.131648390283879,0.706639786607746,0.574991396323867,2025.15876256862,2025.2904109589,CHIKV_RUN_S40b31_2025,55.495592,-20.896745
6023,2533,REU.4.1_1,REU.4.1_1,0.126883424846167,0.706639786607746,0.57975636176158,2025.16352753406,2025.2904109589,CHIKV_RUN_S40b26_2025,55.467806,-21.137405
4320,1723,REU.2.3_1,REU.3.5_1,0.120263523367681,0.706639786607746,0.586376263240065,2025.17014743554,2025.2904109589,CHIKV_RUN_S40b06_2025,55.270797,-21.013133
5099,793,REU.4.8_1,REU.4.8_1,0.105937407264041,0.706639786607746,0.600702379343705,2025.18447355164,2025.2904109589,CHIKV_RUN_S41b89_2025,55.509576,-21.349659
3897,334,REU.2.3_1,REU.2.3_1,0.0964445597445314,0.706639786607746,0.610195226863215,2025.19396639916,2025.2904109589,CHIKV_RUN_S40b02_2025,55.457671,-20.890602
4589,432,REU.4.3_1,REU.4.3_1,0.0926323008048666,0.706639786607746,0.61400748580288,2025.1977786581,2025.2904109589,CHIKV_RUN_S40b67_2025,55.531006,-21.264591
5167,726,REU.2.3_1,REU.2.3_1,0.0912604705991684,0.706639786607746,0.615379316008578,2025.1991504883,2025.2904109589,CHIKV_RUN_S40b37_2025,55.458044,-20.904445
3653,2865,REU.2.3_1,REU.2.3_1,0.0866818703199929,0.706639786607746,0.619957916287753,2025.20372908858,2025.2904109589,CHIKV_RUN_S40b34_2025,55.441189,-20.880932
3279,2015,REU.3.1_1,REU.3.1_1,0.0849243158966174,0.706639786607746,0.621715470711129,2025.20548664301,2025.2904109589,CHIKV_RUN_S40b51_2025,55.370465,-21.271405
4848,1365,REU.2.4_1,REU.2.4_1,0.0808420992601727,0.706639786607746,0.625797687347573,2025.20956885964,2025.2904109589,CHIKV_RUN_S40b11_2025,55.52873,-20.919731
4892,1080,REU.4.3_1,REU.4.3_1,0.0799145479420836,0.706639786607746,0.626725238665662,2025.21049641096,2025.2904109589,CHIKV_RUN_S40b40_2025,55.513193,-21.245227
3841,1673,REU.4.3_1,REU.4.3_1,0.0721009889800449,0.706639786607746,0.634538797627701,2025.21830996992,2025.2904109589,CHIKV_RUN_S41b94_2025,55.537049,-21.252713
3789,241,REU.4.5_1,REU.4.5_1,0.0627646041826052,0.706639786607746,0.643875182425141,2025.22764635472,2025.2904109589,CHIKV_RUN_S40b35_2025,55.629918,-21.333714
3879,356,REU.2.3_1,REU.2.3_1,0.0579475418152487,0.706639786607746,0.648692244792497,2025.23246341709,2025.2904109589,CHIKV_RUN_S40b45_2025,55.446471,-20.892798
5314,1179,REU.4.8_1,REU.4.8_1,0.0529885971837308,0.706639786607746,0.653651189424015,2025.23742236172,2025.2904109589,CHIKV_RUN_S40b44_2025,55.471691,-21.288172
5375,1214,REU.4.8_1,REU.4.6_1,0.0488338191674924,0.706639786607746,0.657805967440254,2025.24157713974,2025.2904109589,CHIKV_RUN_S40b66_2025,55.444695,-21.278153
5272,1340,REU.3.5_1,REU.4.8_1,0.0352533725206808,0.706639786607746,0.671386414087065,2025.25515758638,2025.2904109589,CHIKV_RUN_S40b25_2025,55.476379,-21.333452
6191,4,REU.4.3_1,REU.4.3_1,0.0350643182510448,0.706639786607746,0.671575468356701,2025.25534664065,2025.2904109589,CHIKV_RUN_S40b68_2025,55.523401,-21.293741
5827,2012,REU.4.8_1,REU.4.8_1,0.0270308118445445,0.706639786607746,0.679608974763202,2025.26338014706,2025.2904109589,CHIKV_RUN_S41b90_2025,55.47952,-21.335084
4715,1053,REU.2.3_1,REU.2.4_1,0.0234801843019029,0.706639786607746,0.683159602305843,2025.2669307746,2025.2904109589,CHIKV_RUN_S40b38_2025,55.539417,-20.931825
5075,718,REU.4.8_1,REU.4.8_1,0.0164569897429087,0.706639786607746,0.690182796864838,2025.27395396916,2025.2904109589,CHIKV_RUN_S40b03_2025,55.520265,-21.331271
4559,428,REU.2.3_1,REU.2.4_1,0.0129502247665688,0.706639786607746,0.693689561841177,2025.27746073414,2025.2904109589,CHIKV_RUN_S40b46_2025,55.531964,-20.935119
3193,1825,REU.4.3_1,REU.2.3_1,0.0127840729910303,0.706639786607746,0.693855713616716,2025.27762688591,2025.2904109589,CHIKV_RUN_S40b47_2025,55.467496,-20.885487
3668,3669,REU.2.4_1,REU.2.3_1,0.12035761607447,0.708340424982293,0.587982808907823,2025.1717539812,2025.29211159728,NA,NA,NA
4263,4264,REU.4.3_1,REU.2.3_1,0.16448653411864,0.708644217366267,0.544157683247627,2025.12792885554,2025.29241538966,NA,NA,NA
5879,2285,REU.4.3_1,REU.3.5_1,0.337662923126689,0.709379512635103,0.371716589508415,2024.9554877618,2025.29315068493,CHIKV_RUN_S41b78_2025,55.28727,-21.046325
5721,3097,REU.4.6_1,REU.4.1_1,0.248650783151255,0.709379512635103,0.460728729483849,2025.04449990178,2025.29315068493,CHIKV_RUN_S41b79_2025,55.474564,-21.135781
5772,2193,REU.4.3_1,REU.4.3_1,0.212908195339913,0.709379512635103,0.49647131729519,2025.08024248959,2025.29315068493,CHIKV_RUN_S41b29_2025,55.524636,-21.239183
4389,497,REU.4.3_1,REU.1.1_1,0.191876538804433,0.709379512635103,0.517502973830671,2025.10127414613,2025.29315068493,CHIKV_RUN_S39b90_2025,55.666465,-20.990704
5631,1962,REU.4.6_1,REU.4.6_1,0.185827273466062,0.709379512635103,0.523552239169041,2025.10732341147,2025.29315068493,CHIKV_RUN_S41b71_2025,55.446609,-21.271805
5020,73,REU.4.8_1,REU.1.3_1,0.181933240992096,0.709379512635103,0.527446271643008,2025.11121744394,2025.29315068493,CHIKV_RUN_S40b57_2025,55.658816,-20.94524
3221,2775,REU.4.3_1,REU.4.8_1,0.181576172504679,0.709379512635103,0.527803340130425,2025.11157451243,2025.29315068493,CHIKV_RUN_S40b69_2025,55.470868,-21.290801
4582,449,REU.2.3_1,REU.2.3_1,0.181530710812227,0.709379512635103,0.527848801822876,2025.11161997412,2025.29315068493,CHIKV_RUN_S40b55_2025,55.495393,-20.911879
4683,1321,REU.4.8_1,REU.2.3_1,0.173637920493647,0.709379512635103,0.535741592141456,2025.11951276444,2025.29315068493,CHIKV_RUN_S40b32_2025,55.479676,-20.906832
5943,2610,REU.4.3_1,REU.2.5_1,0.170285287866606,0.709379512635103,0.539094224768497,2025.12286539706,2025.29315068493,CHIKV_RUN_S40b53_2025,55.597665,-20.901435
4104,3083,REU.4.3_1,REU.2.4_1,0.162064096500947,0.709379512635103,0.547315416134157,2025.13108658843,2025.29315068493,CHIKV_RUN_S40b58_2025,55.558628,-20.897551
4174,890,REU.2.1_1,REU.2.1_1,0.161608034571007,0.709379512635103,0.547771478064097,2025.13154265036,2025.29315068493,CHIKV_RUN_S41b08_2025,55.332299,-20.949834
5415,1415,REU.2.3_1,REU.2.3_1,0.158411005669549,0.709379512635103,0.550968506965554,2025.13473967926,2025.29315068493,CHIKV_RUN_S41b32_2025,55.451207,-20.891934
4195,1289,REU.4.3_1,REU.2.3_1,0.154698751156608,0.709379512635103,0.554680761478495,2025.13845193378,2025.29315068493,CHIKV_RUN_S40b21_2025,55.458194,-20.881127
5289,1211,REU.4.8_1,REU.4.3_1,0.15087769932552,0.709379512635104,0.558501813309584,2025.14227298561,2025.29315068493,CHIKV_RUN_S42b06_2025,55.542984,-21.28055
3843,1662,REU.4.3_1,REU.4.3_1,0.144598625238554,0.709379512635103,0.56478088739655,2025.14855205969,2025.29315068493,CHIKV_RUN_S41b09_2025,55.528369,-21.256002
5255,684,REU.4.3_1,REU.2.3_1,0.142602200029363,0.709379512635103,0.56677731260574,2025.1505484849,2025.29315068493,CHIKV_RUN_S41b22_2025,55.491125,-20.936082
6202,45,REU.2.3_1,REU.2.3_1,0.134629974730894,0.709379512635103,0.574749537904209,2025.1585207102,2025.29315068493,CHIKV_RUN_S40b56_2025,55.481867,-20.888266
4506,582,REU.4.3_1,REU.4.3_1,0.118859990921696,0.709379512635103,0.590519521713408,2025.17429069401,2025.29315068493,CHIKV_RUN_S41b88_2025,55.510641,-21.23141
4267,1541,REU.4.8_1,REU.4.3_1,0.118693763661502,0.709379512635104,0.590685748973601,2025.17445692127,2025.29315068493,CHIKV_RUN_S41b13_2025,55.512133,-21.283914
4049,1698,REU.4.3_1,REU.2.3_1,0.117799131487953,0.709379512635103,0.591580381147151,2025.17535155344,2025.29315068493,CHIKV_RUN_S40b41_2025,55.458769,-20.886937
6097,1915,REU.3.4_1,REU.3.4_1,0.117584622545681,0.709379512635103,0.591794890089422,2025.17556606239,2025.29315068493,CHIKV_RUN_S41b10_2025,55.309655,-21.220139
3611,2922,REU.2.3_1,REU.2.4_1,0.116372340857291,0.709379512635103,0.593007171777813,2025.17677834407,2025.29315068493,CHIKV_RUN_S40b39_2025,55.543872,-20.940658
5051,697,REU.4.8_1,REU.4.5_1,0.116067965806636,0.709379512635103,0.593311546828467,2025.17708271912,2025.29315068493,CHIKV_RUN_S40b65_2025,55.607201,-21.331197
3725,2429,REU.3.4_1,REU.2.3_1,0.113832728460883,0.709379512635103,0.595546784174221,2025.17931795647,2025.29315068493,CHIKV_RUN_S41b31_2025,55.422173,-20.877883
4078,1447,REU.4.5_1,REU.4.5_1,0.111057079422223,0.709379512635103,0.598322433212881,2025.18209360551,2025.29315068493,CHIKV_RUN_S41b41_2025,55.640773,-21.308567
3363,264,REU.4.8_1,REU.4.2_1,0.095391441052505,0.709379512635103,0.613988071582598,2025.19775924388,2025.29315068493,CHIKV_RUN_S40b62_2025,55.471505,-21.247267
4485,528,REU.3.4_1,REU.3.4_1,0.0953469620948557,0.709379512635103,0.614032550540248,2025.19780372284,2025.29315068493,CHIKV_RUN_S40b63_2025,55.332702,-21.17301
3776,195,REU.4.5_1,REU.2.3_1,0.0940811799311876,0.709379512635103,0.615298332703916,2025.199069505,2025.29315068493,CHIKV_RUN_S41b57_2025,55.456567,-20.885699
3563,2406,REU.3.4_1,REU.3.4_1,0.0750020079568234,0.709379512635103,0.63437750467828,2025.21814867697,2025.29315068493,CHIKV_RUN_S40b70_2025,55.324467,-21.159459
5396,1021,REU.2.3_1,REU.2.3_1,0.0723829006188356,0.709379512635104,0.636996612016268,2025.22076778431,2025.29315068493,CHIKV_RUN_S40b54_2025,55.493236,-20.91037
4325,1037,REU.4.3_1,REU.2.3_1,0.0709449474902863,0.709379512635103,0.638434565144817,2025.22220573744,2025.29315068493,CHIKV_RUN_S40b52_2025,55.489045,-20.932198
4051,1582,REU.2.4_1,REU.2.4_1,0.0488124694890217,0.709379512635104,0.660567043146082,2025.24433821544,2025.29315068493,CHIKV_RUN_S41b30_2025,55.532011,-20.943623
4883,924,REU.4.4_1,REU.2.3_1,0.0453930677632722,0.709379512635103,0.663986444871831,2025.24775761717,2025.29315068493,CHIKV_RUN_S41b18_2025,55.463424,-20.891969
4656,1112,REU.4.3_1,REU.4.8_1,0.0441096849541402,0.709379512635103,0.665269827680963,2025.24904099998,2025.29315068493,CHIKV_RUN_S40b61_2025,55.496302,-21.32687
5423,993,REU.2.3_1,REU.2.3_1,0.0425650228807155,0.709379512635103,0.666814489754388,2025.25058566205,2025.29315068493,CHIKV_RUN_S41b23_2025,55.480315,-20.914897
4340,1590,REU.4.8_1,REU.4.8_1,0.0291814592580899,0.709379512635103,0.680198053377014,2025.26396922567,2025.29315068493,CHIKV_RUN_S41b93_2025,55.455261,-21.299657
3669,2893,REU.2.3_1,REU.2.3_1,0.00103908765281036,0.709379512635103,0.708340424982293,2025.29211159728,2025.29315068493,CHIKV_RUN_S40b64_2025,55.45723,-20.922458
5743,5744,REU.3.1_1,REU.4.3_1,0.0968889082533288,0.711605972747927,0.614717064494598,2025.19848823679,2025.29537714504,NA,NA,NA
5730,5731,REU.3.5_1,REU.2.2_1,0.0876761587031634,0.711747407774661,0.624071249071498,2025.20784242137,2025.29551858007,NA,NA,NA
3689,2655,REU.3.1_1,REU.1.3_1,0.238366885051614,0.712119238662461,0.473752353610847,2025.05752352591,2025.29589041096,CHIKV_RUN_S45b71_2025,55.653639,-20.963897
4813,1300,REU.2.3_1,REU.1.3_1,0.234508475541669,0.712119238662461,0.477610763120792,2025.06138193542,2025.29589041096,CHIKV_RUN_S41b39_2025,55.656622,-20.973549
4678,1056,REU.4.8_1,REU.4.8_1,0.190364187094551,0.712119238662461,0.52175505156791,2025.10552622386,2025.29589041096,CHIKV_RUN_S41b42_2025,55.469701,-21.289229
3587,2408,REU.3.4_1,REU.2.3_1,0.188702613497535,0.712119238662461,0.523416625164926,2025.10718779746,2025.29589041096,CHIKV_RUN_S41b15_2025,55.464831,-20.8845
5723,1865,REU.3.4_1,REU.1.3_1,0.186620045508434,0.712119238662461,0.525499193154026,2025.10927036545,2025.29589041096,CHIKV_RUN_S41b28_2025,55.675389,-20.9503
4476,523,REU.4.8_1,REU.2.3_1,0.170565407555357,0.712119238662461,0.541553831107104,2025.1253250034,2025.29589041096,CHIKV_RUN_S41b24_2025,55.463673,-20.88693
5858,2028,REU.3.5_1,REU.2.3_1,0.158354871936242,0.712119238662461,0.553764366726219,2025.13753553902,2025.29589041096,CHIKV_RUN_S41b25_2025,55.443521,-20.903046
4558,495,REU.2.3_1,REU.2.3_1,0.157240691687169,0.712119238662461,0.554878546975292,2025.13864971927,2025.29589041096,CHIKV_RUN_S41b40_2025,55.456081,-20.8831
5540,2107,REU.4.5_1,REU.4.5_1,0.143964358303274,0.712119238662461,0.568154880359187,2025.15192605266,2025.29589041096,CHIKV_RUN_S42b01_2025,55.649646,-21.379741
3594,2445,REU.3.5_1,REU.4.6_1,0.14347849444671,0.712119238662461,0.568640744215751,2025.15241191651,2025.29589041096,CHIKV_RUN_S41b65_2025,55.428434,-21.265036
3438,1828,REU.4.8_1,REU.4.8_1,0.127091725375735,0.712119238662461,0.585027513286726,2025.16879868558,2025.29589041096,CHIKV_RUN_S41b52_2025,55.471935,-21.336928
5718,1841,REU.3.4_1,REU.4.6_1,0.126509707054499,0.712119238662461,0.585609531607962,2025.1693807039,2025.29589041096,CHIKV_RUN_S41b73_2025,55.403202,-21.282202
4931,871,REU.4.3_1,REU.4.5_1,0.123786604475933,0.712119238662461,0.588332634186527,2025.17210380648,2025.29589041096,CHIKV_RUN_S41b81_2025,55.642354,-21.306947
5535,2037,REU.4.5_1,REU.2.3_1,0.114822124229219,0.712119238662461,0.597297114433242,2025.18106828673,2025.29589041096,CHIKV_RUN_S41b17_2025,55.409349,-20.887798
4349,877,REU.4.8_1,REU.2.3_1,0.108667881107825,0.712119238662461,0.603451357554636,2025.18722252985,2025.29589041096,CHIKV_RUN_S41b36_2025,55.453028,-20.875096
5618,2054,REU.4.8_1,REU.4.8_1,0.106872489567903,0.712119238662461,0.605246749094558,2025.18901792139,2025.29589041096,CHIKV_RUN_S41b76_2025,55.483178,-21.341399
5596,2131,REU.4.5_1,REU.4.5_1,0.103162587843593,0.712119238662461,0.608956650818868,2025.19272782312,2025.29589041096,CHIKV_RUN_S41b77_2025,55.628374,-21.37595
4915,1561,REU.3.5_1,REU.2.1_1,0.0844890969760113,0.712119238662461,0.62763014168645,2025.21140131398,2025.29589041096,CHIKV_RUN_S41b45_2025,55.334003,-20.933946
3659,2888,REU.4.8_1,REU.2.5_1,0.0799906103294064,0.712119238662461,0.632128628333054,2025.21589980063,2025.29589041096,CHIKV_RUN_S41b49_2025,55.638549,-20.936778
4357,1426,REU.4.8_1,REU.3.4_1,0.0760323076728471,0.712119238662461,0.636086930989614,2025.21985810329,2025.29589041096,CHIKV_RUN_S41b72_2025,55.32269,-21.158741
4357,1433,REU.4.8_1,REU.4.3_1,0.0760323076728471,0.712119238662461,0.636086930989614,2025.21985810329,2025.29589041096,CHIKV_RUN_S42b02_2025,55.495395,-21.245602
3806,217,REU.4.5_1,REU.2.3_1,0.0699392474417468,0.712119238662461,0.642179991220714,2025.22595116352,2025.29589041096,CHIKV_RUN_S41b21_2025,55.493119,-20.900371
5487,2565,REU.4.8_1,REU.4.6_1,0.0691196271353344,0.712119238662461,0.642999611527126,2025.22677078382,2025.29589041096,CHIKV_RUN_S41b34_2025,55.413323,-21.283104
3814,207,REU.4.5_1,REU.4.5_1,0.0589253718486801,0.712119238662461,0.653193866813781,2025.23696503911,2025.29589041096,CHIKV_RUN_S41b70_2025,55.641709,-21.380293
4932,1308,REU.4.3_1,REU.4.3_1,0.0467703114372779,0.712119238662461,0.665348927225183,2025.24912009952,2025.29589041096,CHIKV_RUN_S42b07_2025,55.520975,-21.283743
5113,750,REU.4.5_1,REU.4.5_1,0.0451312936119285,0.712119238662461,0.666987945050532,2025.25075911735,2025.29589041096,CHIKV_RUN_S41b74_2025,55.617493,-21.370243
4711,1047,REU.2.3_1,REU.1.3_1,0.0247571815560095,0.712119238662461,0.687362057106451,2025.2711332294,2025.29589041096,CHIKV_RUN_S45b69_2025,55.651409,-20.936077
3230,2778,REU.4.8_1,REU.4.8_1,0.0237815720363201,0.712119238662461,0.688337666626141,2025.27210883892,2025.29589041096,CHIKV_RUN_S42b03_2025,55.55965,-21.308647
5659,1862,REU.4.8_1,REU.4.8_1,0.0178412924857395,0.712119238662461,0.694277946176721,2025.27804911847,2025.29589041096,CHIKV_RUN_S41b51_2025,55.425412,-21.310795
5403,991,REU.2.3_1,REU.2.3_1,0.0165247066207743,0.712119238662461,0.695594532041687,2025.27936570434,2025.29589041096,CHIKV_RUN_S41b16_2025,55.428162,-20.892498
6160,6161,REU.3.1_1,REU.4.3_1,0.159888838970947,0.71253209390643,0.552643254935483,2025.13641442723,2025.2963032662,NA,NA,NA
5328,5329,REU.4.4_1,REU.4.4_1,0.0965307993382116,0.713240539017688,0.616709739679476,2025.20048091198,2025.29701171131,NA,NA,NA
4965,4966,REU.2.2_1,REU.2.2_1,0.107005273277237,0.713259087004134,0.606253813726896,2025.19002498602,2025.2970302593,NA,NA,NA
6141,6142,REU.3.1_1,REU.3.1_1,0.167192823420196,0.713774803699124,0.546581980278928,2025.13035315258,2025.297545976,NA,NA,NA
4527,492,REU.4.3_1,REU.2.3_1,0.232716255498452,0.714858964689818,0.482142709191367,2025.06591388149,2025.29863013699,CHIKV_RUN_S41b38_2025,55.481596,-20.888233
5371,1267,REU.4.8_1,REU.4.8_1,0.208744001441273,0.714858964689818,0.506114963248546,2025.08988613554,2025.29863013699,CHIKV_RUN_S42b51_2025,55.549534,-21.308479
3910,1397,REU.4.3_1,REU.4.6_1,0.205363608592263,0.714858964689818,0.509495356097556,2025.09326652839,2025.29863013699,CHIKV_RUN_S42b67_2025,55.408326,-21.208657
5683,1780,REU.4.8_1,REU.3.1_1,0.204464982226782,0.714858964689818,0.510393982463036,2025.09416515476,2025.29863013699,CHIKV_RUN_S42b38_2025,55.367875,-21.245034
3218,2789,REU.4.3_1,REU.4.3_1,0.192170728430251,0.714858964689818,0.522688236259567,2025.10645940856,2025.29863013699,CHIKV_RUN_S42b57_2025,55.538998,-21.259315
3221,2779,REU.4.3_1,REU.2.4_1,0.187055624559393,0.714858964689818,0.527803340130425,2025.11157451243,2025.29863013699,CHIKV_RUN_S41b33_2025,55.532431,-20.915553
3466,2987,REU.3.4_1,REU.4.8_1,0.177301396056013,0.714858964689818,0.537557568633806,2025.12132874093,2025.29863013699,CHIKV_RUN_S41b26_2025,55.458025,-21.307213
3567,2470,REU.4.6_1,REU.4.6_1,0.142548881097371,0.714858964689818,0.572310083592447,2025.15608125589,2025.29863013699,CHIKV_RUN_S42b05_2025,55.427497,-21.287308
4759,149,REU.4.8_1,REU.2.3_1,0.134094985064674,0.714858964689818,0.580763979625144,2025.16453515192,2025.29863013699,CHIKV_RUN_S41b35_2025,55.460488,-20.891133
3259,3051,REU.4.6_1,REU.4.8_1,0.128059636954633,0.714858964689818,0.586799327735185,2025.17057050003,2025.29863013699,CHIKV_RUN_S41b69_2025,55.47146,-21.33744
4710,1051,REU.2.3_1,REU.2.3_1,0.125948505759332,0.714858964689818,0.588910458930486,2025.17268163123,2025.29863013699,CHIKV_RUN_S41b27_2025,55.459148,-20.880311
5149,643,REU.4.3_1,REU.2.5_1,0.121930514937449,0.714858964689818,0.59292844975237,2025.17669962205,2025.29863013699,CHIKV_RUN_S45b78_2025,55.597457,-20.902143
5527,2068,REU.4.5_1,REU.4.1_1,0.107741620200956,0.714858964689818,0.607117344488862,2025.19088851679,2025.29863013699,CHIKV_RUN_S42b44_2025,55.469645,-21.138693
5561,2053,REU.4.8_1,REU.4.5_1,0.0974626793127802,0.714858964689818,0.617396285377038,2025.20116745767,2025.29863013699,CHIKV_RUN_S41b84_2025,55.615038,-21.375754
3378,3045,REU.4.5_1,REU.4.6_1,0.081791506709104,0.714858964689818,0.633067457980714,2025.21683863028,2025.29863013699,CHIKV_RUN_S42b59_2025,55.410198,-21.281834
3503,3002,REU.4.6_1,REU.4.2_1,0.0744252921155638,0.714858964689818,0.640433672574254,2025.22420484487,2025.29863013699,CHIKV_RUN_S42b34_2025,55.478681,-21.245561
4170,1346,REU.2.3_1,REU.4.5_1,0.0393273213180413,0.714858964689818,0.675531643371777,2025.25930281567,2025.29863013699,CHIKV_RUN_S42b30_2025,55.6065,-21.327549
3846,1655,REU.4.4_1,REU.4.6_1,0.0365038651520677,0.714858964689818,0.67835509953775,2025.26212627183,2025.29863013699,CHIKV_RUN_S42b47_2025,55.45081,-21.275619
5369,1222,REU.4.8_1,REU.4.6_1,0.0360307859556073,0.714858964689818,0.678828178734211,2025.26259935103,2025.29863013699,CHIKV_RUN_S42b19_2025,55.432739,-21.252887
4715,1054,REU.2.3_1,REU.2.5_1,0.0316993623839751,0.714858964689818,0.683159602305843,2025.2669307746,2025.29863013699,CHIKV_RUN_S45b79_2025,55.639802,-20.933908
5584,2080,REU.4.5_1,REU.2.3_1,0.0126283320124106,0.714858964689818,0.702230632677407,2025.28600180497,2025.29863013699,CHIKV_RUN_S41b50_2025,55.491871,-20.898602
4613,1343,REU.4.3_1,REU.4.1_1,0.312015279441026,0.717598690717176,0.40558341127615,2024.98935458357,2025.30136986301,CHIKV_RUN_S42b24_2025,55.467437,-21.141826
5511,2200,REU.3.1_1,REU.2.3_1,0.285189633558313,0.717598690717176,0.432409057158862,2025.01618022946,2025.30136986301,CHIKV_RUN_S41b53_2025,55.48204,-20.914114
3232,3090,REU.4.3_1,REU.4.6_1,0.280489841955651,0.717598690717176,0.437108848761525,2025.02088002106,2025.30136986301,CHIKV_RUN_S42b60_2025,55.438577,-21.271314
4243,1490,REU.4.6_1,REU.4.5_1,0.22115232089111,0.717598690717176,0.496446369826066,2025.08021754212,2025.30136986301,CHIKV_RUN_S42b32_2025,55.672474,-21.368331
3513,2952,REU.3.4_1,REU.4.8_1,0.197564021588833,0.717598690717176,0.520034669128343,2025.10380584142,2025.30136986301,CHIKV_RUN_S42b69_2025,55.468905,-21.341369
4529,394,REU.4.8_1,REU.4.5_1,0.190748253327423,0.717598690717176,0.526850437389753,2025.11062160969,2025.30136986301,CHIKV_RUN_S42b52_2025,55.629844,-21.334186
4298,1434,REU.4.3_1,REU.1.3_1,0.175967258674942,0.717598690717176,0.541631432042234,2025.12540260434,2025.30136986301,CHIKV_RUN_S41b55_2025,55.667219,-20.944035
6207,46,REU.2.3_1,REU.2.3_1,0.168524871496313,0.717598690717176,0.549073819220862,2025.13284499152,2025.30136986301,CHIKV_RUN_S41b60_2025,55.487447,-20.898073
6153,1972,REU.4.3_1,REU.2.3_1,0.158132557606535,0.717598690717176,0.55946613311064,2025.14323730541,2025.30136986301,CHIKV_RUN_S41b56_2025,55.468092,-20.886199
4342,1592,REU.4.8_1,REU.4.6_1,0.154380758402199,0.717598690717176,0.563217932314976,2025.14698910461,2025.30136986301,CHIKV_RUN_S42b46_2025,55.418635,-21.286778
5381,278,REU.4.3_1,REU.1.4_1,0.154165089853739,0.717598690717176,0.563433600863437,2025.14720477316,2025.30136986301,CHIKV_RUN_S45b70_2025,55.718993,-21.040178
5292,1251,REU.4.4_1,REU.4.3_1,0.147584651394294,0.717598690717176,0.570014039322882,2025.15378521162,2025.30136986301,CHIKV_RUN_S41b54_2025,55.515961,-21.260349
4041,1384,REU.1.4_1,REU.1.4_1,0.131749767790469,0.717598690717176,0.585848922926706,2025.16962009522,2025.30136986301,CHIKV_RUN_S45b72_2025,55.71933,-21.048889
3696,2647,REU.3.1_1,REU.4.6_1,0.126883697661217,0.717598690717176,0.590714993055958,2025.17448616535,2025.30136986301,CHIKV_RUN_S42b22_2025,55.41153,-21.202996
5126,853,REU.2.3_1,REU.2.3_1,0.0844721479099358,0.717598690717176,0.63312654280724,2025.2168977151,2025.30136986301,CHIKV_RUN_S41b43_2025,55.480779,-20.90572
3214,3074,REU.4.6_1,REU.4.6_1,0.0766131694500358,0.717598690717176,0.64098552126714,2025.22475669356,2025.30136986301,CHIKV_RUN_S42b31_2025,55.438962,-21.267631
4500,567,REU.4.8_1,REU.2.2_1,0.0730599831198746,0.717598690717176,0.644538707597301,2025.22830987989,2025.30136986301,CHIKV_RUN_S42b39_2025,55.296268,-20.945685
6103,1839,REU.2.3_1,REU.2.3_1,0.0337512315995689,0.717598690717176,0.683847459117607,2025.26761863141,2025.30136986301,CHIKV_RUN_S41b62_2025,55.485696,-20.915107
5694,2633,REU.2.3_1,REU.1.3_1,0.0300675330974609,0.717598690717176,0.687531157619715,2025.27130232992,2025.30136986301,CHIKV_RUN_S45b95_2025,55.644655,-20.96318
5075,661,REU.4.8_1,REU.4.5_1,0.0274158938523382,0.717598690717176,0.690182796864838,2025.27395396916,2025.30136986301,CHIKV_RUN_S42b28_2025,55.652715,-21.379973
5584,2067,REU.4.5_1,REU.4.5_1,0.015368058039768,0.717598690717176,0.702230632677407,2025.28600180497,2025.30136986301,CHIKV_RUN_S42b29_2025,55.616743,-21.375864
4053,1708,REU.4.8_1,REU.1.3_1,0.241711182012371,0.720338416744533,0.478627234732162,2025.06239840703,2025.30410958904,CHIKV_RUN_S42b27_2025,55.654162,-20.970374
5378,1387,REU.4.3_1,REU.4.3_1,0.22294317413574,0.720338416744533,0.497395242608793,2025.08116641491,2025.30410958904,CHIKV_RUN_S42b81_2025,55.518843,-21.227866
4253,1540,REU.4.3_1,REU.1.4_1,0.171988576900892,0.720338416744533,0.548349839843641,2025.13212101214,2025.30410958904,CHIKV_RUN_S44b84_2025,55.715118,-21.04335
5713,1869,REU.3.1_1,REU.3.2_1,0.156304857646657,0.720338416744533,0.564033559097876,2025.14780473139,2025.30410958904,CHIKV_RUN_S42b21_2025,55.353664,-21.218052
3660,2864,REU.2.3_1,REU.2.3_1,0.155798856158128,0.720338416744533,0.564539560586405,2025.14831073288,2025.30410958904,CHIKV_RUN_S42b65_2025,55.461845,-20.89769
3969,1136,REU.2.3_1,REU.1.2_1,0.154861202433624,0.720338416744533,0.565477214310909,2025.14924838661,2025.30410958904,CHIKV_RUN_S44b83_2025,55.642645,-21.12284
5819,1921,REU.3.5_1,REU.2.3_1,0.154192865112491,0.720338416744533,0.566145551632042,2025.14991672393,2025.30410958904,CHIKV_RUN_S42b74_2025,55.458226,-20.88853
4668,1101,REU.4.4_1,REU.4.4_1,0.148234774043951,0.720338416744533,0.572103642700582,2025.155874815,2025.30410958904,CHIKV_RUN_S42b72_2025,55.553722,-21.368863
4531,470,REU.2.3_1,REU.2.3_1,0.135780251987994,0.720338416744533,0.584558164756539,2025.16832933705,2025.30410958904,CHIKV_RUN_S42b37_2025,55.477939,-20.901451
3390,2031,REU.4.3_1,REU.4.2_1,0.130166082550785,0.720338416744533,0.590172334193748,2025.17394350649,2025.30410958904,CHIKV_RUN_S42b42_2025,55.468504,-21.24505
6101,1917,REU.4.8_1,REU.4.8_1,0.125098882975825,0.720338416744533,0.595239533768708,2025.17901070607,2025.30410958904,CHIKV_RUN_S42b90_2025,55.478179,-21.330232
4849,1363,REU.2.4_1,REU.2.5_1,0.122848625575046,0.720338416744533,0.597489791169487,2025.18126096347,2025.30410958904,CHIKV_RUN_S42b45_2025,55.588951,-20.909448
3918,1400,REU.4.3_1,REU.4.8_1,0.121623511484246,0.720338416744533,0.598714905260287,2025.18248607756,2025.30410958904,CHIKV_RUN_S42b40_2025,55.474821,-21.32618
4794,159,REU.3.5_1,REU.3.5_1,0.11319344707352,0.720338416744533,0.607144969671013,2025.19091614197,2025.30410958904,CHIKV_RUN_S42b63_2025,55.261747,-21.071325
4765,147,REU.4.8_1,REU.2.4_1,0.108890244514935,0.720338416744533,0.611448172229598,2025.19521934453,2025.30410958904,CHIKV_RUN_S42b58_2025,55.56448,-20.896393
4108,1711,REU.2.3_1,REU.1.3_1,0.106464742711667,0.720338416744533,0.613873674032866,2025.19764484633,2025.30410958904,CHIKV_RUN_S44b86_2025,55.64373,-20.928813
3529,1786,REU.2.3_1,REU.2.3_1,0.105596891736829,0.720338416744533,0.614741525007704,2025.1985126973,2025.30410958904,CHIKV_RUN_S42b73_2025,55.496071,-20.916317
6052,1836,REU.2.3_1,REU.2.3_1,0.105574086574818,0.720338416744533,0.614764330169715,2025.19853550247,2025.30410958904,CHIKV_RUN_S42b33_2025,55.448206,-20.904277
6052,2763,REU.2.3_1,REU.2.3_1,0.105574086574818,0.720338416744533,0.614764330169715,2025.19853550247,2025.30410958904,CHIKV_RUN_S42b61_2025,55.39834,-20.920783
3629,2932,REU.2.3_1,REU.2.3_1,0.10528158595479,0.720338416744533,0.615056830789743,2025.19882800309,2025.30410958904,CHIKV_RUN_S42b41_2025,55.462836,-20.888784
4735,312,REU.4.3_1,REU.4.4_1,0.0964781398773931,0.720338416744533,0.62386027686714,2025.20763144916,2025.30410958904,CHIKV_RUN_S42b92_2025,55.541731,-21.363656
5119,754,REU.4.3_1,REU.4.3_1,0.0958640239007071,0.720338416744533,0.624474392843826,2025.20824556514,2025.30410958904,CHIKV_RUN_S42b80_2025,55.555835,-21.22434
5393,1023,REU.2.3_1,REU.1.6_1,0.0924040761502052,0.720338416744533,0.627934340594328,2025.21170551289,2025.30410958904,CHIKV_RUN_S44b85_2025,55.522958,-21.063445
4786,129,REU.2.3_1,REU.2.3_1,0.0758627410969513,0.720338416744533,0.644475675647582,2025.22824684794,2025.30410958904,CHIKV_RUN_S41b58_2025,55.499586,-20.909236
4651,443,REU.2.3_1,REU.2.3_1,0.0708314528040956,0.720338416744533,0.649506963940437,2025.23327813624,2025.30410958904,CHIKV_RUN_S42b56_2025,55.445896,-20.887405
5594,2127,REU.4.5_1,REU.4.5_1,0.0650736861069224,0.720338416744533,0.655264730637611,2025.23903590293,2025.30410958904,CHIKV_RUN_S42b77_2025,55.608871,-21.337083
3728,2428,REU.2.3_1,REU.2.3_1,0.0618229004412698,0.720338416744533,0.658515516303263,2025.2422866886,2025.30410958904,CHIKV_RUN_S42b68_2025,55.471788,-20.922861
5343,1244,REU.4.6_1,REU.4.6_1,0.0603034100587302,0.720338416744533,0.660035006685803,2025.24380617898,2025.30410958904,CHIKV_RUN_S42b54_2025,55.40632,-21.20457
3636,2915,REU.2.3_1,REU.2.3_1,0.0565017007887849,0.720338416744533,0.663836715955748,2025.24760788825,2025.30410958904,CHIKV_RUN_S42b64_2025,55.480779,-20.90572
3439,1826,REU.2.3_1,REU.2.3_1,0.0533796957028834,0.720338416744533,0.66695872104165,2025.25072989334,2025.30410958904,CHIKV_RUN_S41b61_2025,55.455655,-20.893011
3684,2878,REU.2.4_1,REU.2.4_1,0.0502816626691709,0.720338416744533,0.670056754075362,2025.25382792637,2025.30410958904,CHIKV_RUN_S42b35_2025,55.529498,-20.93784
4742,936,REU.2.3_1,REU.2.3_1,0.0204049286647737,0.720338416744533,0.699933488079759,2025.28370466038,2025.30410958904,CHIKV_RUN_S42b50_2025,55.455655,-20.893011
5482,2570,REU.4.3_1,REU.1.3_1,0.254925280535436,0.723078142772118,0.468152862236682,2025.05192403453,2025.30684931507,CHIKV_RUN_S43b09_2025,55.691993,-20.963449
3590,2443,REU.4.8_1,REU.1.5_1,0.251906962581585,0.723078142772118,0.471171180190533,2025.05494235249,2025.30684931507,CHIKV_RUN_S45b94_2025,55.754403,-21.114225
4421,494,REU.2.5_1,REU.2.5_1,0.240925595969607,0.723078142772118,0.482152546802511,2025.0659237191,2025.30684931507,CHIKV_RUN_S42b79_2025,55.580248,-20.92783
3709,2643,REU.3.1_1,REU.2.4_1,0.240429004756448,0.723078142772118,0.48264913801567,2025.06642031031,2025.30684931507,CHIKV_RUN_S42b85_2025,55.555458,-20.899665
4949,1693,REU.4.8_1,REU.4.3_1,0.216202940107229,0.723078142772118,0.506875202664889,2025.09064637496,2025.30684931507,CHIKV_RUN_S52b20_2025,55.540081,-21.240846
3270,1844,REU.3.1_1,REU.2.3_1,0.208400625285765,0.723078142772118,0.514677517486353,2025.09844868978,2025.30684931507,CHIKV_RUN_S42b53_2025,55.487561,-20.90542
3627,2924,REU.2.3_1,REU.2.5_1,0.190926514487122,0.723078142772118,0.532151628284996,2025.11592280058,2025.30684931507,CHIKV_RUN_S50b75_2025,55.63222,-20.940286
5943,2593,REU.4.3_1,REU.4.5_1,0.183983918003621,0.723078142772118,0.539094224768497,2025.12286539706,2025.30684931507,CHIKV_RUN_S43b12_2025,55.632684,-21.345545
6073,2026,REU.4.3_1,REU.4.5_1,0.181259501168884,0.723078142772118,0.541818641603234,2025.1255898139,2025.30684931507,CHIKV_RUN_S42b82_2025,55.659285,-21.378574
3470,2986,REU.3.4_1,REU.2.5_1,0.181046152523191,0.723078142772118,0.542031990248927,2025.12580316255,2025.30684931507,CHIKV_RUN_S50b79_2025,55.606734,-20.93692
5116,747,REU.4.3_1,REU.4.5_1,0.176885367474048,0.723078142772118,0.546192775298069,2025.12996394759,2025.30684931507,CHIKV_RUN_S42b87_2025,55.667526,-21.378275
3651,2892,REU.2.4_1,REU.2.4_1,0.164306460832273,0.723078142772118,0.558771681939845,2025.14254285424,2025.30684931507,CHIKV_RUN_S43b06_2025,55.572363,-20.907932
3670,2885,REU.2.4_1,REU.2.3_1,0.159126404445353,0.723078142772118,0.563951738326765,2025.14772291062,2025.30684931507,CHIKV_RUN_S43b14_2025,55.475059,-20.893399
3386,2731,REU.4.8_1,REU.2.3_1,0.158960693211859,0.723078142772118,0.564117449560258,2025.14788862186,2025.30684931507,CHIKV_RUN_S42b95_2025,55.454106,-20.875879
4424,504,REU.2.3_1,REU.2.3_1,0.155127994632093,0.723078142772118,0.567950148140024,2025.15172132044,2025.30684931507,CHIKV_RUN_S42b89_2025,55.492069,-20.925129
3857,1671,REU.4.3_1,REU.4.3_1,0.149587019517441,0.723078142772118,0.573491123254677,2025.15726229555,2025.30684931507,CHIKV_RUN_S42b84_2025,55.506978,-21.234008
6136,2679,REU.3.1_1,REU.3.4_1,0.148843258126182,0.723078142772118,0.574234884645936,2025.15800605694,2025.30684931507,CHIKV_RUN_S52b15_2025,55.330731,-21.231704
5945,2602,REU.4.3_1,REU.1.2_1,0.147660092679964,0.723078142772118,0.575418050092154,2025.15918922239,2025.30684931507,CHIKV_RUN_S50b83_2025,55.63814,-21.124493
3976,1143,REU.2.3_1,REU.1.3_1,0.145491187457955,0.723078142772118,0.577586955314163,2025.16135812761,2025.30684931507,CHIKV_RUN_S42b36_2025,55.672325,-20.936321
5203,838,REU.4.3_1,REU.4.5_1,0.140450018742751,0.723078142772118,0.582628124029367,2025.16639929633,2025.30684931507,CHIKV_RUN_S43b04_2025,55.62546,-21.291986
4131,1766,REU.3.4_1,REU.3.4_1,0.138768375225168,0.723078142772118,0.584309767546949,2025.16808093984,2025.30684931507,CHIKV_RUN_S43b17_2025,55.328071,-21.164531
5886,2255,REU.4.8_1,REU.4.8_1,0.135951848102898,0.723078142772118,0.58712629466922,2025.17089746697,2025.30684931507,CHIKV_RUN_S50b78_2025,55.465102,-21.292476
3191,2173,REU.4.8_1,REU.2.2_1,0.130157920139936,0.723078142772118,0.592920222632182,2025.17669139493,2025.30684931507,CHIKV_RUN_S52b07_2025,55.288486,-20.942095
5936,2592,REU.4.5_1,REU.2.3_1,0.129700376136336,0.723078142772118,0.593377766635782,2025.17714893893,2025.30684931507,CHIKV_RUN_S42b75_2025,55.456027,-20.877565
4663,1108,REU.4.3_1,REU.4.3_1,0.127883919261989,0.723078142772118,0.595194223510129,2025.17896539581,2025.30684931507,CHIKV_RUN_S43b39_2025,55.511764,-21.25098
4415,371,REU.4.5_1,REU.4.5_1,0.119535531541625,0.723078142772118,0.603542611230492,2025.18731378353,2025.30684931507,CHIKV_RUN_S43b23_2025,55.665316,-21.335168
3565,2460,REU.2.3_1,REU.2.3_1,0.111841786367011,0.723078142772118,0.611236356405107,2025.1950075287,2025.30684931507,CHIKV_RUN_S42b94_2025,55.483768,-20.909138
4000,949,REU.3.5_1,REU.4.8_1,0.109565238722712,0.723078142772118,0.613512904049406,2025.19728407635,2025.30684931507,CHIKV_RUN_S52b08_2025,55.512078,-21.298447
5326,1249,REU.4.5_1,REU.4.7_1,0.107368799647256,0.723078142772118,0.615709343124862,2025.19948051542,2025.30684931507,CHIKV_RUN_S43b47_2025,55.715877,-21.371038
5309,1183,REU.4.4_1,REU.2.3_1,0.0960508987444846,0.723078142772118,0.627027244027633,2025.21079841632,2025.30684931507,CHIKV_RUN_S43b10_2025,55.491997,-20.936205
4738,1610,REU.4.8_1,REU.4.8_1,0.0932349783396922,0.723078142772118,0.629843164432426,2025.21361433673,2025.30684931507,CHIKV_RUN_S43b31_2025,55.540325,-21.316388
4214,1607,REU.3.5_1,REU.2.4_1,0.091625948654194,0.723078142772118,0.631452194117924,2025.21522336641,2025.30684931507,CHIKV_RUN_S42b71_2025,55.519605,-20.921157
3168,2817,REU.2.3_1,REU.1.1_1,0.0810808215051065,0.723078142772118,0.641997321267011,2025.22576849356,2025.30684931507,CHIKV_RUN_S50b80_2025,55.676734,-20.995195
4430,453,REU.2.3_1,REU.2.3_1,0.0753576022636906,0.723078142772118,0.647720540508427,2025.2314917128,2025.30684931507,CHIKV_RUN_S42b93_2025,55.463469,-20.892429
3814,206,REU.4.5_1,REU.2.3_1,0.069884275958337,0.723078142772118,0.653193866813781,2025.23696503911,2025.30684931507,CHIKV_RUN_S43b03_2025,55.452548,-20.874329
3984,1148,REU.2.3_1,REU.2.3_1,0.0642158943025354,0.723078142772118,0.658862248469582,2025.24263342077,2025.30684931507,CHIKV_RUN_S43b16_2025,55.432599,-20.925495
3637,2907,REU.2.3_1,REU.2.2_1,0.0499891171088785,0.723078142772118,0.673089025663239,2025.25686019796,2025.30684931507,CHIKV_RUN_S42b78_2025,55.295705,-20.942446
6209,33,REU.2.3_1,REU.2.3_1,0.0487516500783252,0.723078142772118,0.674326492693793,2025.25809766499,2025.30684931507,CHIKV_RUN_S42b88_2025,55.458226,-20.88853
5583,2087,REU.4.5_1,REU.4.6_1,0.0485612227614524,0.723078142772118,0.674516920010665,2025.25828809231,2025.30684931507,CHIKV_RUN_S43b02_2025,55.430936,-21.245486
5849,3068,REU.4.8_1,REU.4.8_1,0.0423741347142255,0.723078142772118,0.680704008057892,2025.26447518035,2025.30684931507,CHIKV_RUN_S43b22_2025,55.453322,-21.304666
5285,1266,REU.2.5_1,REU.2.5_1,0.036104232609425,0.723078142772118,0.686973910162693,2025.27074508246,2025.30684931507,CHIKV_RUN_S43b11_2025,55.606242,-20.904694
3969,3970,REU.2.3_1,REU.1.1_1,0.157967981027708,0.723445195338617,0.565477214310909,2025.14924838661,2025.30721636763,NA,NA,NA
4688,2264,REU.4.8_1,REU.4.5_1,0.192357894476467,0.725817868799475,0.533459974323009,2025.11723114662,2025.3095890411,CHIKV_RUN_S43b43_2025,55.664875,-21.375389
4511,515,REU.4.3_1,REU.4.8_1,0.181142393666307,0.725817868799475,0.544675475133169,2025.12844664743,2025.3095890411,CHIKV_RUN_S43b18_2025,55.523585,-21.355116
3546,2759,REU.4.3_1,REU.4.8_1,0.167583912483395,0.725817868799475,0.55823395631608,2025.14200512861,2025.3095890411,CHIKV_RUN_S43b35_2025,55.486825,-21.257066
3366,1858,REU.4.8_1,REU.4.6_1,0.129971547008963,0.725817868799475,0.595846321790512,2025.17961749409,2025.3095890411,CHIKV_RUN_S43b44_2025,55.402844,-21.214963
3642,2854,REU.2.3_1,REU.3.5_1,0.129249032565042,0.725817868799475,0.596568836234433,2025.18034000853,2025.3095890411,CHIKV_RUN_S43b45_2025,55.271736,-21.05334
3538,2767,REU.2.2_1,REU.2.2_1,0.122005634945083,0.725817868799475,0.603812233854392,2025.18758340615,2025.3095890411,CHIKV_RUN_S43b52_2025,55.307526,-20.939137
3944,1345,REU.4.3_1,REU.4.3_1,0.119091268066364,0.725817868799475,0.606726600733111,2025.19049777303,2025.3095890411,CHIKV_RUN_S43b36_2025,55.518558,-21.2827
4568,473,REU.2.4_1,REU.2.4_1,0.11823694826635,0.725817868799475,0.607580920533125,2025.19135209283,2025.3095890411,CHIKV_RUN_S43b30_2025,55.53116,-20.896205
4461,543,REU.4.3_1,REU.4.3_1,0.116570986215658,0.725817868799475,0.609246882583818,2025.19301805488,2025.3095890411,CHIKV_RUN_S43b40_2025,55.53781,-21.279869
4409,469,REU.2.3_1,REU.1.4_1,0.106292177173973,0.725817868799475,0.619525691625502,2025.20329686392,2025.3095890411,CHIKV_RUN_S43b29_2025,55.691303,-21.047669
3631,2910,REU.2.3_1,REU.3.5_1,0.104078673468767,0.725817868799475,0.621739195330708,2025.20551036763,2025.3095890411,CHIKV_RUN_S43b15_2025,55.293668,-20.985029
4094,1622,REU.3.5_1,REU.3.5_1,0.0982266285531105,0.725817868799475,0.627591240246365,2025.21136241254,2025.3095890411,CHIKV_RUN_S43b21_2025,55.322,-20.979051
6049,1957,REU.2.3_1,REU.1.3_1,0.0940888288243504,0.725817868799475,0.631729039975125,2025.21550021227,2025.3095890411,CHIKV_RUN_S43b34_2025,55.671916,-20.937037
5781,2191,REU.2.3_1,REU.2.3_1,0.0858832275407122,0.725817868799475,0.639934641258763,2025.22370581356,2025.3095890411,CHIKV_RUN_S43b46_2025,55.455493,-20.878646
4711,1046,REU.2.3_1,REU.2.5_1,0.0384558116930238,0.725817868799475,0.687362057106451,2025.2711332294,2025.3095890411,CHIKV_RUN_S43b32_2025,55.622448,-20.91444
3790,232,REU.4.5_1,REU.4.5_1,0.0294557607757668,0.725817868799475,0.696362108023708,2025.28013328032,2025.3095890411,CHIKV_RUN_S43b33_2025,55.618947,-21.374112
3416,2493,REU.4.8_1,REU.4.6_1,0.258565796253207,0.728557594826833,0.469991798573626,2025.05376297087,2025.31232876712,CHIKV_RUN_S43b55_2025,55.432788,-21.272683
4443,526,REU.4.3_1,REU.2.3_1,0.233243463104432,0.728557594826833,0.4953141317224,2025.07908530402,2025.31232876712,CHIKV_RUN_S43b83_2025,55.496885,-20.912528
3911,1411,REU.4.3_1,REU.2.4_1,0.206870490771043,0.728557594826833,0.52168710405579,2025.10545827635,2025.31232876712,CHIKV_RUN_S43b74_2025,55.518694,-20.951394
4820,1550,REU.4.3_1,REU.4.3_1,0.185741906556751,0.728557594826833,0.542815688270082,2025.12658686057,2025.31232876712,CHIKV_RUN_S43b92_2025,55.51119,-21.252464
3958,1441,REU.4.3_1,REU.2.3_1,0.18525659210527,0.728557594826833,0.543301002721562,2025.12707217502,2025.31232876712,CHIKV_RUN_S43b27_2025,55.461113,-20.893827
5983,2798,REU.3.1_1,REU.3.1_1,0.180349474761784,0.728557594826833,0.548208120065049,2025.13197929236,2025.31232876712,CHIKV_RUN_S43b91_2025,55.363118,-21.24073
3813,212,REU.4.5_1,REU.4.5_1,0.180117041746673,0.728557594826833,0.54844055308016,2025.13221172538,2025.31232876712,CHIKV_RUN_S43b62_2025,55.676816,-21.371135
3577,2412,REU.3.4_1,REU.4.5_1,0.167777296796446,0.728557594826833,0.560780298030387,2025.14455147033,2025.31232876712,CHIKV_RUN_S43b41_2025,55.592063,-21.37423
5173,733,REU.4.3_1,REU.2.3_1,0.158312220721256,0.728557594826833,0.570245374105577,2025.1540165464,2025.31232876712,CHIKV_RUN_S43b86_2025,55.435986,-20.920401
5397,1012,REU.2.3_1,REU.2.3_1,0.153575298850191,0.728557594826833,0.574982295976642,2025.15875346827,2025.31232876712,CHIKV_RUN_S43b53_2025,55.462846,-20.901711
3785,235,REU.4.5_1,REU.4.5_1,0.152481243240563,0.728557594826833,0.57607635158627,2025.15984752388,2025.31232876712,CHIKV_RUN_S44b24_2025,55.643,-21.333331
4940,622,REU.4.3_1,REU.4.8_1,0.148776868590977,0.728557594826833,0.579780726235856,2025.16355189853,2025.31232876712,CHIKV_RUN_S44b01_2025,55.464468,-21.335334
4940,1275,REU.4.3_1,REU.4.4_1,0.148776868590977,0.728557594826833,0.579780726235856,2025.16355189853,2025.31232876712,CHIKV_RUN_S44b36_2025,55.572416,-21.354753
4241,1528,REU.4.3_1,REU.4.3_1,0.140712173067078,0.728557594826833,0.587845421759755,2025.17161659406,2025.31232876712,CHIKV_RUN_S44b28_2025,55.492687,-21.257881
5427,1416,REU.2.3_1,REU.2.3_1,0.131001184164957,0.728557594826833,0.597556410661875,2025.18132758296,2025.31232876712,CHIKV_RUN_S43b58_2025,55.484763,-20.908604
5326,1246,REU.4.5_1,REU.4.5_1,0.11284825170197,0.728557594826833,0.615709343124862,2025.19948051542,2025.31232876712,CHIKV_RUN_S43b28_2025,55.637204,-21.370715
3822,246,REU.4.5_1,REU.1.4_1,0.107960623673452,0.728557594826833,0.62059697115338,2025.20436814345,2025.31232876712,CHIKV_RUN_S45b56_2025,55.697826,-21.022855
4993,918,REU.2.3_1,REU.2.3_1,0.104908131860465,0.728557594826833,0.623649462966368,2025.20742063526,2025.31232876712,CHIKV_RUN_S43b84_2025,55.465971,-20.896976
4843,1364,REU.2.3_1,REU.2.3_1,0.101088237678821,0.728557594826832,0.627469357148012,2025.21124052944,2025.31232876712,CHIKV_RUN_S43b25_2025,55.464564,-20.892562
5474,2539,REU.2.3_1,REU.2.4_1,0.0995415084793938,0.728557594826833,0.629016086347439,2025.21278725864,2025.31232876712,CHIKV_RUN_S43b77_2025,55.543627,-20.937879
5745,2171,REU.3.1_1,REU.4.6_1,0.0911467959227562,0.728557594826833,0.637410798904076,2025.2211819712,2025.31232876712,CHIKV_RUN_S43b56_2025,55.430714,-21.281664
3622,2920,REU.2.3_1,REU.2.3_1,0.0600109956055268,0.728557594826833,0.668546599221306,2025.25231777152,2025.31232876712,CHIKV_RUN_S43b59_2025,55.485524,-20.893173
4141,602,REU.4.8_1,REU.4.8_1,0.0446811950908316,0.728557594826833,0.683876399736001,2025.26764757203,2025.31232876712,CHIKV_RUN_S43b37_2025,55.475245,-21.327782
5315,1180,REU.4.8_1,REU.4.8_1,0.0418821575776287,0.728557594826832,0.686675437249204,2025.27044660955,2025.31232876712,CHIKV_RUN_S44b04_2025,55.491803,-21.307722
3575,2458,REU.4.8_1,REU.1.3_1,0.0316130453278722,0.728557594826833,0.69694454949896,2025.2807157218,2025.31232876712,CHIKV_RUN_S43b51_2025,55.652295,-20.962029
4264,1542,REU.2.3_1,REU.2.3_1,0.0199133774605653,0.728557594826833,0.708644217366267,2025.29241538966,2025.31232876712,CHIKV_RUN_S43b82_2025,55.463072,-20.893303
5141,667,REU.4.3_1,REU.2.3_1,0.293108135640247,0.73129732085419,0.438189185213943,2025.02196035751,2025.31506849315,CHIKV_RUN_S43b67_2025,55.462045,-20.883862
5210,695,REU.4.3_1,REU.4.6_1,0.221464587018455,0.73129732085419,0.509832733835735,2025.09360390613,2025.31506849315,CHIKV_RUN_S44b23_2025,55.392258,-21.241048
4942,1350,REU.4.3_1,REU.4.5_1,0.204992691603896,0.73129732085419,0.526304629250294,2025.11007580155,2025.31506849315,CHIKV_RUN_S44b11_2025,55.595486,-21.35952
4863,1160,REU.3.5_1,REU.3.5_1,0.19402115227561,0.73129732085419,0.53727616857858,2025.12104734088,2025.31506849315,CHIKV_RUN_S43b66_2025,55.284232,-20.993313
4329,821,REU.3.5_1,REU.2.3_1,0.188242559869253,0.73129732085419,0.543054760984937,2025.12682593328,2025.31506849315,CHIKV_RUN_S43b60_2025,55.498306,-20.927335
3142,2744,REU.4.8_1,REU.4.8_1,0.164326834226362,0.73129732085419,0.566970486627828,2025.15074165892,2025.31506849315,CHIKV_RUN_S44b02_2025,55.465106,-21.285957
3766,172,REU.2.3_1,REU.2.3_1,0.154881274888526,0.73129732085419,0.576416045965664,2025.16018721826,2025.31506849315,CHIKV_RUN_S43b79_2025,55.490131,-20.891287
4725,1547,REU.3.5_1,REU.2.3_1,0.1485745623847,0.73129732085419,0.58272275846949,2025.16649393077,2025.31506849315,CHIKV_RUN_S43b64_2025,55.410091,-20.899655
4191,311,REU.4.3_1,REU.4.8_1,0.148254558312299,0.73129732085419,0.583042762541891,2025.16681393484,2025.31506849315,CHIKV_RUN_S43b95_2025,55.478771,-21.329134
5776,2195,REU.4.8_1,REU.4.3_1,0.146362642912946,0.73129732085419,0.584934677941244,2025.16870585024,2025.31506849315,CHIKV_RUN_S44b05_2025,55.540435,-21.255486
4368,1095,REU.4.3_1,REU.4.6_1,0.140068940431888,0.73129732085419,0.591228380422302,2025.17499955272,2025.31506849315,CHIKV_RUN_S43b73_2025,55.447482,-21.267759
5120,742,REU.4.3_1,REU.4.3_1,0.134304436706271,0.73129732085419,0.596992884147919,2025.18076405644,2025.31506849315,CHIKV_RUN_S43b90_2025,55.528118,-21.289878
5667,2345,REU.4.5_1,REU.4.5_1,0.133249870942,0.73129732085419,0.598047449912189,2025.18181862221,2025.31506849315,CHIKV_RUN_S44b07_2025,55.629292,-21.345183
4429,448,REU.4.5_1,REU.4.5_1,0.111272058653173,0.73129732085419,0.620025262201017,2025.2037964345,2025.31506849315,CHIKV_RUN_S44b15_2025,55.623306,-21.375791
3773,190,REU.2.3_1,REU.2.3_1,0.0927104951399587,0.73129732085419,0.638586825714231,2025.22235799801,2025.31506849315,CHIKV_RUN_S43b61_2025,55.484786,-20.896085
4841,1370,REU.2.4_1,REU.2.3_1,0.0918051503762747,0.73129732085419,0.639492170477915,2025.22326334277,2025.31506849315,CHIKV_RUN_S43b69_2025,55.446658,-20.903307
3922,1409,REU.3.5_1,REU.3.5_1,0.08285275318247,0.73129732085419,0.64844456767172,2025.23221573997,2025.31506849315,CHIKV_RUN_S43b50_2025,55.308014,-21.033469
6046,1811,REU.3.4_1,REU.2.3_1,0.0592154364043331,0.73129732085419,0.672081884449857,2025.25585305675,2025.31506849315,CHIKV_RUN_S43b63_2025,55.442466,-20.911117
3442,2839,REU.4.3_1,REU.4.4_1,0.0549890682466903,0.73129732085419,0.6763082526075,2025.2600794249,2025.31506849315,CHIKV_RUN_S44b08_2025,55.561443,-21.348306
5028,83,REU.2.3_1,REU.2.3_1,0.0473900283617436,0.73129732085419,0.683907292492446,2025.26767846479,2025.31506849315,CHIKV_RUN_S43b65_2025,55.448262,-20.904018
5315,1182,REU.4.8_1,REU.4.8_1,0.0446218836049861,0.73129732085419,0.686675437249204,2025.27044660955,2025.31506849315,CHIKV_RUN_S44b21_2025,55.471103,-21.339643
5907,2277,REU.3.4_1,REU.2.3_1,0.0353328850475055,0.73129732085419,0.695964435806684,2025.2797356081,2025.31506849315,CHIKV_RUN_S43b71_2025,55.484731,-20.888907
4264,1543,REU.2.3_1,REU.2.3_1,0.0226531034879227,0.73129732085419,0.708644217366267,2025.29241538966,2025.31506849315,CHIKV_RUN_S43b85_2025,55.463241,-20.888788
6127,6128,REU.3.1_1,REU.2.3_1,0.33378277834156,0.732430966512032,0.398648188170472,2024.98241936047,2025.31620213881,NA,NA,NA
4962,1081,REU.4.8_1,REU.4.8_1,0.241745526478595,0.734037046881547,0.492291520402952,2025.0760626927,2025.31780821918,CHIKV_RUN_S44b03_2025,55.478749,-21.330553
4533,397,REU.4.3_1,REU.2.3_1,0.237680938206564,0.734037046881547,0.496356108674983,2025.08012728097,2025.31780821918,CHIKV_RUN_S43b80_2025,55.39983,-20.903139
5070,709,REU.4.3_1,REU.4.8_1,0.224020258990242,0.734037046881547,0.510016787891305,2025.09378796019,2025.31780821918,CHIKV_RUN_S44b58_2025,55.456949,-21.289824
6143,2313,REU.3.1_1,REU.4.8_1,0.201167423808231,0.734037046881547,0.532869623073316,2025.11664079537,2025.31780821918,CHIKV_RUN_S44b53_2025,55.472216,-21.338658
5971,3039,REU.4.3_1,REU.4.8_1,0.189800837354795,0.734037046881547,0.544236209526752,2025.12800738182,2025.31780821918,CHIKV_RUN_S44b10_2025,55.507747,-21.351413
5765,1968,REU.3.4_1,REU.2.3_1,0.183972331014496,0.734037046881547,0.550064715867051,2025.13383588816,2025.31780821918,CHIKV_RUN_S44b13_2025,55.448193,-20.886543
5267,921,REU.4.3_1,REU.2.3_1,0.176446914608007,0.734037046881547,0.557590132273541,2025.14136130457,2025.31780821918,CHIKV_RUN_S44b17_2025,55.482141,-20.886785
5819,1832,REU.3.5_1,REU.2.4_1,0.167891495249506,0.734037046881547,0.566145551632042,2025.14991672393,2025.31780821918,CHIKV_RUN_S44b37_2025,55.523806,-20.927211
4537,456,REU.2.3_1,REU.2.3_1,0.156561326870282,0.734037046881547,0.577475720011265,2025.16124689231,2025.31780821918,CHIKV_RUN_S44b16_2025,55.407267,-20.90192
5153,847,REU.4.8_1,REU.4.6_1,0.15152243526637,0.734037046881547,0.582514611615177,2025.16628578391,2025.31780821918,CHIKV_RUN_S44b56_2025,55.438978,-21.282538
5557,2094,REU.4.5_1,REU.4.3_1,0.151212626103548,0.734037046881547,0.582824420777999,2025.16659559307,2025.31780821918,CHIKV_RUN_S43b26_2025,55.524068,-21.232749
5766,3016,REU.3.4_1,REU.4.6_1,0.149421255786271,0.734037046881547,0.584615791095277,2025.16838696339,2025.31780821918,CHIKV_RUN_S43b89_2025,55.438431,-21.238295
6146,2142,REU.4.8_1,REU.2.4_1,0.149210587080776,0.734037046881547,0.584826459800772,2025.1685976321,2025.31780821918,CHIKV_RUN_S43b70_2025,55.516828,-20.953862
3644,2852,REU.2.3_1,REU.2.3_1,0.142390780633676,0.734037046881547,0.591646266247871,2025.17541743854,2025.31780821918,CHIKV_RUN_S43b57_2025,55.399823,-20.907076
5993,2325,REU.4.8_1,REU.4.6_1,0.142005967778178,0.734037046881547,0.59203107910337,2025.1758022514,2025.31780821918,CHIKV_RUN_S44b51_2025,55.407709,-21.289577
3737,2413,REU.4.3_1,REU.2.3_1,0.141520528489847,0.734037046881547,0.592516518391701,2025.17628769069,2025.31780821918,CHIKV_RUN_S44b18_2025,55.465618,-20.910961
5427,979,REU.2.3_1,REU.2.3_1,0.136480636219672,0.734037046881547,0.597556410661875,2025.18132758296,2025.31780821918,CHIKV_RUN_S44b12_2025,55.444744,-20.879371
4906,598,REU.2.4_1,REU.2.3_1,0.136308979132421,0.734037046881547,0.597728067749126,2025.18149924005,2025.31780821918,CHIKV_RUN_S44b32_2025,55.459891,-20.882291
4983,276,REU.4.5_1,REU.2.3_1,0.12888043401199,0.734037046881547,0.605156612869557,2025.18892778517,2025.31780821918,CHIKV_RUN_S44b19_2025,55.456559,-20.890627
4943,1319,REU.4.3_1,REU.4.3_1,0.124554108921001,0.734037046881547,0.609482937960546,2025.19325411026,2025.31780821918,CHIKV_RUN_S44b55_2025,55.524989,-21.237814
4589,436,REU.4.3_1,REU.4.8_1,0.120029561078668,0.734037046881547,0.61400748580288,2025.1977786581,2025.31780821918,CHIKV_RUN_S44b57_2025,55.503523,-21.294266
3211,1795,REU.4.8_1,REU.4.6_1,0.103255634180002,0.734037046881547,0.630781412701546,2025.214552585,2025.31780821918,CHIKV_RUN_S48b47_2025,55.414973,-21.284378
4484,556,REU.4.8_1,REU.4.3_1,0.0757281793035488,0.734037046881547,0.658308867577999,2025.24208003987,2025.31780821918,CHIKV_RUN_S44b61_2025,55.519866,-21.235969
5659,2734,REU.4.8_1,REU.3.2_1,0.039759100704826,0.734037046881547,0.694277946176721,2025.27804911847,2025.31780821918,CHIKV_RUN_S44b47_2025,55.332912,-21.238244
5744,3072,REU.4.3_1,REU.4.4_1,0.0224310741336202,0.734037046881547,0.711605972747927,2025.29537714504,2025.31780821918,CHIKV_RUN_S44b62_2025,55.577641,-21.33765
6161,2319,REU.4.3_1,REU.2.4_1,0.0215049529751169,0.734037046881547,0.71253209390643,2025.2963032662,2025.31780821918,CHIKV_RUN_S43b75_2025,55.529498,-20.93784
5360,5362,REU.4.8_1,REU.4.8_1,0.135770003000618,0.736005043306386,0.600235040305768,2025.1840062126,2025.3197762156,NA,NA,NA
4984,1744,REU.4.3_1,REU.1.4_1,0.183548528954589,0.736776772909132,0.553228243954543,2025.13699941625,2025.32054794521,CHIKV_RUN_S44b33_2025,55.74115,-21.075513
5644,1857,REU.3.5_1,REU.2.3_1,0.172539872694648,0.736776772909132,0.564236900214484,2025.14800807251,2025.32054794521,CHIKV_RUN_S44b31_2025,55.427048,-20.877814
5726,3011,REU.3.4_1,REU.1.6_1,0.169247149589869,0.736776772909132,0.567529623319263,2025.15130079562,2025.32054794521,CHIKV_RUN_S45b41_2025,55.519882,-21.066416
4623,259,REU.4.3_1,REU.4.5_1,0.165685542316323,0.736776772909132,0.571091230592809,2025.15486240289,2025.32054794521,CHIKV_RUN_S44b50_2025,55.599642,-21.335121
4213,634,REU.4.3_1,REU.2.4_1,0.165319222451356,0.736776772909132,0.571457550457776,2025.15522872275,2025.32054794521,CHIKV_RUN_S44b67_2025,55.521356,-20.907013
4876,101,REU.4.3_1,REU.4.3_1,0.163534840928034,0.736776772909132,0.573241931981099,2025.15701310428,2025.32054794521,CHIKV_RUN_S44b64_2025,55.498761,-21.245356
3875,351,REU.2.3_1,REU.2.3_1,0.163083532065569,0.736776772909132,0.573693240843564,2025.15746441314,2025.32054794521,CHIKV_RUN_S44b46_2025,55.439447,-20.91464
4377,383,REU.4.7_1,REU.2.4_1,0.153084127237635,0.736776772909132,0.583692645671497,2025.16746381797,2025.32054794521,CHIKV_RUN_S43b94_2025,55.5586,-20.897771
4419,382,REU.4.3_1,REU.4.3_1,0.151269258774855,0.736776772909132,0.585507514134278,2025.16927868643,2025.32054794521,CHIKV_RUN_S44b76_2025,55.519611,-21.242728
5808,1950,REU.2.3_1,REU.2.3_1,0.151172754781927,0.736776772909132,0.585604018127205,2025.16937519042,2025.32054794521,CHIKV_RUN_S44b43_2025,55.480881,-20.897793
4189,1700,REU.4.3_1,REU.4.3_1,0.137361632187077,0.736776772909132,0.599415140722055,2025.18318631302,2025.32054794521,CHIKV_RUN_S44b39_2025,55.494809,-21.246103
3887,343,REU.2.2_1,REU.2.2_1,0.133132928994713,0.736776772909132,0.603643843914419,2025.18741501621,2025.32054794521,CHIKV_RUN_S44b66_2025,55.294376,-20.943347
5219,827,REU.4.3_1,REU.2.3_1,0.130379550996888,0.736776772909132,0.606397221912244,2025.19016839421,2025.32054794521,CHIKV_RUN_S44b38_2025,55.402023,-20.911056
4568,472,REU.2.4_1,REU.2.3_1,0.129195852376007,0.736776772909132,0.607580920533125,2025.19135209283,2025.32054794521,CHIKV_RUN_S44b68_2025,55.486243,-20.907702
5553,2074,REU.4.5_1,REU.2.3_1,0.115495934210577,0.736776772909132,0.621280838698555,2025.205052011,2025.32054794521,CHIKV_RUN_S44b20_2025,55.411429,-20.889585
3913,1403,REU.2.3_1,REU.1.6_1,0.112379416361339,0.736776772909132,0.624397356547794,2025.20816852884,2025.32054794521,CHIKV_RUN_S45b39_2025,55.511993,-21.065407
3761,176,REU.4.5_1,REU.2.3_1,0.111468241114102,0.736776772909132,0.62530853179503,2025.20907970409,2025.32054794521,CHIKV_RUN_S44b44_2025,55.407448,-20.889144
4696,1718,REU.4.3_1,REU.2.3_1,0.10825615382889,0.736776772909132,0.628520619080242,2025.21229179138,2025.32054794521,CHIKV_RUN_S44b41_2025,55.399151,-20.903693
6208,35,REU.2.3_1,REU.1.3_1,0.104656841650166,0.736776772909132,0.632119931258967,2025.21589110356,2025.32054794521,CHIKV_RUN_S45b38_2025,55.650141,-20.967483
4505,583,REU.2.3_1,REU.2.3_1,0.0931107946306671,0.736776772909132,0.643665978278465,2025.22743715057,2025.32054794521,CHIKV_RUN_S44b45_2025,55.451558,-20.890875
4495,578,REU.2.3_1,REU.2.3_1,0.0865346937944782,0.736776772909132,0.650242079114654,2025.23401325141,2025.32054794521,CHIKV_RUN_S44b34_2025,55.477786,-20.919818
4451,561,REU.4.8_1,REU.4.8_1,0.0712925141331282,0.736776772909132,0.665484258776004,2025.24925543107,2025.32054794521,CHIKV_RUN_S44b52_2025,55.471826,-21.314619
4431,481,REU.2.3_1,REU.4.6_1,0.0586975653888013,0.736776772909132,0.678079207520331,2025.26185037982,2025.32054794521,CHIKV_RUN_S44b65_2025,55.441485,-21.275033
4631,912,REU.1.3_1,REU.1.3_1,0.0570690934148197,0.736776772909132,0.679707679494312,2025.26347885179,2025.32054794521,CHIKV_RUN_S44b42_2025,55.689479,-20.9713
5488,2569,REU.2.3_1,REU.1.3_1,0.0407509263021366,0.736776772909132,0.696025846606996,2025.2797970189,2025.32054794521,CHIKV_RUN_S45b33_2025,55.657514,-20.945141
5488,2566,REU.2.3_1,REU.1.6_1,0.0407509263021366,0.736776772909132,0.696025846606996,2025.2797970189,2025.32054794521,CHIKV_RUN_S45b40_2025,55.520108,-21.062986
5106,748,REU.4.3_1,REU.2.4_1,0.35920206931648,0.73951649893649,0.38031442962001,2024.96408560192,2025.32328767123,CHIKV_RUN_S44b26_2025,55.523203,-20.9284
5158,714,REU.4.8_1,REU.4.8_1,0.2897813057349,0.73951649893649,0.44973519320159,2025.0335063655,2025.32328767123,CHIKV_RUN_S45b02_2025,55.495455,-21.298404
5110,752,REU.2.3_1,REU.2.3_1,0.228508962999218,0.73951649893649,0.511007535937272,2025.09477870823,2025.32328767123,CHIKV_RUN_S44b70_2025,55.504931,-20.911832
3911,1410,REU.4.3_1,REU.4.3_1,0.2178293948807,0.73951649893649,0.52168710405579,2025.10545827635,2025.32328767123,CHIKV_RUN_S44b69_2025,55.509677,-21.248002
5169,731,REU.4.3_1,REU.1.4_1,0.211519708047585,0.73951649893649,0.527996790888904,2025.11176796319,2025.32328767123,CHIKV_RUN_S45b34_2025,55.718339,-21.039957
5923,2248,REU.4.3_1,REU.4.3_1,0.203878575574808,0.73951649893649,0.535637923361681,2025.11940909566,2025.32328767123,CHIKV_RUN_S45b23_2025,55.521032,-21.281443
4910,1560,REU.4.3_1,REU.4.8_1,0.200247908723765,0.73951649893649,0.539268590212724,2025.12303976251,2025.32328767123,CHIKV_RUN_S45b05_2025,55.447227,-21.29722
3354,2690,REU.3.5_1,REU.4.8_1,0.176908557712173,0.73951649893649,0.562607941224316,2025.14637911352,2025.32328767123,CHIKV_RUN_S45b24_2025,55.504356,-21.343072
5610,2097,REU.2.3_1,REU.4.8_1,0.158153877505715,0.73951649893649,0.581362621430774,2025.16513379373,2025.32328767123,CHIKV_RUN_S45b20_2025,55.459303,-21.338147
6013,2523,REU.4.1_1,REU.4.1_1,0.157673756822581,0.73951649893649,0.581842742113908,2025.16561391441,2025.32328767123,CHIKV_RUN_S44b79_2025,55.475002,-21.170039
5697,3107,REU.4.8_1,REU.1.4_1,0.139462688640037,0.73951649893649,0.600053810296453,2025.18382498259,2025.32328767123,CHIKV_RUN_S45b35_2025,55.703499,-21.072378
5395,1019,REU.2.3_1,REU.2.3_1,0.135484076791823,0.73951649893649,0.604032422144666,2025.18780359444,2025.32328767123,CHIKV_RUN_S44b71_2025,55.464623,-20.884003
4391,476,REU.2.3_1,REU.2.3_1,0.134515971445889,0.73951649893649,0.605000527490601,2025.18877169979,2025.32328767123,CHIKV_RUN_S44b30_2025,55.478949,-20.891822
3862,1661,REU.4.8_1,REU.4.8_1,0.131805320326634,0.73951649893649,0.607711178609856,2025.19148235091,2025.32328767123,CHIKV_RUN_S44b75_2025,55.498171,-21.304796
3467,2982,REU.3.4_1,REU.3.5_1,0.128148652311702,0.73951649893649,0.611367846624788,2025.19513901892,2025.32328767123,CHIKV_RUN_S44b80_2025,55.30314,-21.022636
6138,2198,REU.4.3_1,REU.2.3_1,0.127240371154167,0.73951649893649,0.612276127782323,2025.19604730008,2025.32328767123,CHIKV_RUN_S44b72_2025,55.457007,-20.888438
5920,1440,REU.4.3_1,REU.2.3_1,0.122373790831957,0.73951649893649,0.617142708104533,2025.2009138804,2025.32328767123,CHIKV_RUN_S44b29_2025,55.473512,-20.912882
5474,2546,REU.2.3_1,REU.1.5_1,0.110500412589051,0.73951649893649,0.629016086347439,2025.21278725864,2025.32328767123,CHIKV_RUN_S45b32_2025,55.776504,-21.128389
5797,2792,REU.4.6_1,REU.4.6_1,0.0968430223564215,0.73951649893649,0.642673476580068,2025.22644464888,2025.32328767123,CHIKV_RUN_S45b18_2025,55.402125,-21.286722
3905,323,REU.4.3_1,REU.4.5_1,0.0889031394997395,0.73951649893649,0.65061335943675,2025.23438453173,2025.32328767123,CHIKV_RUN_S44b77_2025,55.675107,-21.343496
4630,913,REU.2.3_1,REU.1.1_1,0.0775365810540518,0.73951649893649,0.661979917882438,2025.24575109018,2025.32328767123,CHIKV_RUN_S45b31_2025,55.692447,-21.002626
5285,1265,REU.2.5_1,REU.1.4_1,0.0525425887737967,0.73951649893649,0.686973910162693,2025.27074508246,2025.32328767123,CHIKV_RUN_S44b35_2025,55.746031,-21.089123
4052,927,REU.2.4_1,REU.2.4_1,0.0432537502359848,0.73951649893649,0.696262748700505,2025.280033921,2025.32328767123,CHIKV_RUN_S44b81_2025,55.523497,-20.951795
3790,237,REU.4.5_1,REU.2.3_1,0.0431543909127812,0.73951649893649,0.696362108023708,2025.28013328032,2025.32328767123,CHIKV_RUN_S45b08_2025,55.467548,-20.886781
4101,1616,REU.4.3_1,REU.4.8_1,0.278165635945474,0.742256224963847,0.464090589018373,2025.04786176131,2025.32602739726,CHIKV_RUN_S45b12_2025,55.488886,-21.275653
5795,1849,REU.3.1_1,REU.4.8_1,0.264917532706064,0.742256224963847,0.477338692257783,2025.06110986455,2025.32602739726,CHIKV_RUN_S52b11_2025,55.505999,-21.298362
3739,2433,REU.3.4_1,REU.2.4_1,0.258264932446373,0.742256224963847,0.483991292517474,2025.06776246481,2025.32602739726,CHIKV_RUN_S45b07_2025,55.541827,-20.932939
4318,1719,REU.3.5_1,REU.3.5_1,0.227969212553301,0.742256224963847,0.514287012410546,2025.09805818471,2025.32602739726,CHIKV_RUN_S45b22_2025,55.295169,-20.984617
4003,952,REU.3.5_1,REU.3.5_1,0.220773780376445,0.742256224963847,0.521482444587401,2025.10525361688,2025.32602739726,CHIKV_RUN_S45b26_2025,55.263877,-21.050301
4974,624,REU.4.3_1,REU.4.5_1,0.214393244322856,0.742256224963847,0.527862980640991,2025.11163415294,2025.32602739726,CHIKV_RUN_S46b05_2025,55.607186,-21.377177
3501,3005,REU.4.6_1,REU.4.6_1,0.204412936558555,0.742256224963847,0.537843288405292,2025.1216144607,2025.32602739726,CHIKV_RUN_S46b31_2025,55.405237,-21.273488
4899,1075,REU.2.3_1,REU.2.3_1,0.20012343473389,0.742256224963847,0.542132790229956,2025.12590396253,2025.32602739726,CHIKV_RUN_S52b13_2025,55.445273,-20.903065
5754,2712,REU.3.4_1,REU.1.4_1,0.189032601204275,0.742256224963847,0.553223623759572,2025.13699479606,2025.32602739726,CHIKV_RUN_S46b11_2025,55.708628,-21.03643
3199,3079,REU.4.6_1,REU.4.5_1,0.16909470560003,0.742256224963847,0.573161519363817,2025.15693269166,2025.32602739726,CHIKV_RUN_S45b16_2025,55.614446,-21.322777
4010,956,REU.3.5_1,REU.2.3_1,0.161843892795175,0.742256224963847,0.580412332168671,2025.16418350447,2025.32602739726,CHIKV_RUN_S44b73_2025,55.47622,-20.918317
6159,2320,REU.3.2_1,REU.4.7_1,0.158089999140061,0.742256224963847,0.584166225823786,2025.16793739812,2025.32602739726,CHIKV_RUN_S52b10_2025,55.767435,-21.360376
5472,2544,REU.2.3_1,REU.1.3_1,0.141667172769146,0.742256224963847,0.600589052194701,2025.18436022449,2025.32602739726,CHIKV_RUN_S52b12_2025,55.660391,-20.977486
5994,1731,REU.4.8_1,REU.2.3_1,0.139942210727295,0.742256224963847,0.602314014236552,2025.18608518653,2025.32602739726,CHIKV_RUN_S46b07_2025,55.486279,-20.908921
4013,940,REU.2.4_1,REU.2.4_1,0.139267296650759,0.742256224963847,0.602988928313088,2025.18676010061,2025.32602739726,CHIKV_RUN_S52b23_2025,55.516346,-20.913937
5791,2362,REU.4.5_1,REU.3.2_1,0.137346578983836,0.742256224963847,0.604909645980011,2025.18868081828,2025.32602739726,CHIKV_RUN_S45b28_2025,55.362151,-21.212749
3550,2637,REU.3.5_1,REU.3.5_1,0.133516407832964,0.742256224963847,0.608739817130883,2025.19251098943,2025.32602739726,CHIKV_RUN_S45b21_2025,55.298098,-21.039301
4485,555,REU.3.4_1,REU.2.3_1,0.128223674423599,0.742256224963847,0.614032550540248,2025.19780372284,2025.32602739726,CHIKV_RUN_S45b06_2025,55.485217,-20.894954
5405,987,REU.2.3_1,REU.1.5_1,0.12489813351672,0.742256224963847,0.617358091447127,2025.20112926374,2025.32602739726,CHIKV_RUN_S52b24_2025,55.776409,-21.126799
5553,2075,REU.4.5_1,REU.4.5_1,0.120975386265292,0.742256224963847,0.621280838698555,2025.205052011,2025.32602739726,CHIKV_RUN_S45b11_2025,55.623625,-21.379174
6218,43,REU.2.3_1,REU.2.3_1,0.12061224271394,0.742256224963847,0.621643982249907,2025.20541515455,2025.32602739726,CHIKV_RUN_S46b15_2025,55.432064,-20.924806
5330,1248,REU.4.8_1,REU.2.3_1,0.113096599160833,0.742256224963847,0.629159625803014,2025.2129307981,2025.32602739726,CHIKV_RUN_S45b29_2025,55.480162,-20.909965
4856,1330,REU.3.5_1,REU.3.5_1,0.10254892319442,0.742256224963847,0.639707301769427,2025.22347847407,2025.32602739726,CHIKV_RUN_S52b09_2025,55.265842,-21.023734
5061,716,REU.2.3_1,REU.2.3_1,0.101584141594403,0.742256224963847,0.640672083369444,2025.22444325567,2025.32602739726,CHIKV_RUN_S44b74_2025,55.49377,-20.915757
4500,551,REU.4.8_1,REU.3.4_1,0.0977175173665459,0.742256224963847,0.644538707597301,2025.22830987989,2025.32602739726,CHIKV_RUN_S52b14_2025,55.2906,-21.182918
5700,1880,REU.4.8_1,REU.4.5_1,0.0947078052838921,0.742256224963847,0.647548419679955,2025.23131959198,2025.32602739726,CHIKV_RUN_S52b22_2025,55.660554,-21.358985
4851,1366,REU.2.4_1,REU.1.4_1,0.0893780101874548,0.742256224963847,0.652878214776392,2025.23664938707,2025.32602739726,CHIKV_RUN_S46b16_2025,55.702635,-21.053707
3684,2887,REU.2.4_1,REU.2.4_1,0.0721994708884848,0.742256224963847,0.670056754075362,2025.25382792637,2025.32602739726,CHIKV_RUN_S46b08_2025,55.555652,-20.899051
5189,766,REU.4.6_1,REU.4.6_1,0.055136802374528,0.742256224963847,0.687119422589319,2025.27089059489,2025.32602739726,CHIKV_RUN_S46b42_2025,55.414846,-21.273036
5329,1208,REU.4.4_1,REU.4.4_1,0.0290156859461588,0.742256224963847,0.713240539017688,2025.29701171131,2025.32602739726,CHIKV_RUN_S52b16_2025,55.577699,-21.338229
5362,1192,REU.4.8_1,REU.4.8_1,0.00625118165746108,0.742256224963847,0.736005043306386,2025.3197762156,2025.32602739726,CHIKV_RUN_S46b04_2025,55.463909,-21.340889
6195,21,REU.2.3_1,REU.2.3_1,0.273762965119714,0.744995950991204,0.471232985871491,2025.05500415817,2025.32876712329,CHIKV_RUN_S46b02_2025,55.47541,-20.899806
3663,2871,REU.2.4_1,REU.2.4_1,0.263120901842896,0.744995950991204,0.481875049148309,2025.06564622144,2025.32876712329,CHIKV_RUN_S46b01_2025,55.518955,-20.92515
3531,2145,REU.4.6_1,REU.1.3_1,0.259979875487639,0.744995950991204,0.485016075503565,2025.0687872478,2025.32876712329,CHIKV_RUN_S46b55_2025,55.620824,-20.957573
5201,843,REU.4.3_1,REU.4.8_1,0.253540335565184,0.744995950991204,0.49145561542602,2025.07522678772,2025.32876712329,CHIKV_RUN_S46b28_2025,55.513461,-21.341591
5758,2175,REU.3.4_1,REU.1.3_1,0.223117134768603,0.744995950991204,0.521878816222601,2025.10564998852,2025.32876712329,CHIKV_RUN_S46b60_2025,55.667219,-20.944035
3547,2676,REU.4.8_1,REU.3.4_1,0.219301088541937,0.744995950991204,0.525694862449268,2025.10946603475,2025.32876712329,CHIKV_RUN_S46b56_2025,55.301903,-21.145266
3140,2745,REU.4.8_1,REU.3.2_1,0.197894539676094,0.744995950991204,0.547101411315111,2025.13087258361,2025.32876712329,CHIKV_RUN_S31b05_2025,55.347124,-21.241432
4637,1569,REU.4.3_1,REU.2.3_1,0.192603180900896,0.744995950991204,0.552392770090309,2025.13616394239,2025.32876712329,CHIKV_RUN_S46b13_2025,55.457295,-20.885927
4667,1100,REU.4.4_1,REU.4.4_1,0.179310590567328,0.744995950991204,0.565685360423876,2025.14945653272,2025.32876712329,CHIKV_RUN_S46b51_2025,55.548159,-21.32095
3500,3000,REU.4.6_1,REU.4.8_1,0.166523747350628,0.744995950991204,0.578472203640577,2025.16224337594,2025.32876712329,CHIKV_RUN_S46b32_2025,55.472123,-21.334047
3502,3004,REU.4.6_1,REU.4.5_1,0.163683909705916,0.744995950991204,0.581312041285289,2025.16508321358,2025.32876712329,CHIKV_RUN_S46b22_2025,55.64542,-21.383028
4781,167,REU.2.3_1,REU.2.3_1,0.159425556222699,0.744995950991204,0.585570394768505,2025.16934156706,2025.32876712329,CHIKV_RUN_S46b10_2025,55.49492,-20.923776
5906,2281,REU.3.4_1,REU.2.3_1,0.157977222829886,0.744995950991204,0.587018728161318,2025.17078990046,2025.32876712329,CHIKV_RUN_S46b03_2025,55.45772,-20.888454
3239,2794,REU.4.8_1,REU.4.6_1,0.156215627888775,0.744995950991204,0.588780323102429,2025.1725514954,2025.32876712329,CHIKV_RUN_S46b29_2025,55.405237,-21.273488
5450,1284,REU.4.5_1,REU.4.5_1,0.154615466910098,0.744995950991204,0.590380484081107,2025.17415165638,2025.32876712329,CHIKV_RUN_S46b43_2025,55.661586,-21.34821
4435,429,REU.4.3_1,REU.4.5_1,0.132327071413893,0.744995950991204,0.612668879577311,2025.19644005187,2025.32876712329,CHIKV_RUN_S46b33_2025,55.663895,-21.377773
4339,1593,REU.4.8_1,REU.4.8_1,0.123857523959976,0.744995950991204,0.621138427031228,2025.20490959933,2025.32876712329,CHIKV_RUN_S46b20_2025,55.472671,-21.334853
3312,1977,REU.2.3_1,REU.2.3_1,0.090862665649962,0.744995950991205,0.654133285341242,2025.23790445764,2025.32876712329,CHIKV_RUN_S45b27_2025,55.48074,-20.904086
3439,1827,REU.2.3_1,REU.4.8_1,0.0780372299495546,0.744995950991204,0.66695872104165,2025.25072989334,2025.32876712329,CHIKV_RUN_S46b19_2025,55.481425,-21.329833
5698,2029,REU.4.8_1,REU.4.6_1,0.0664074577966192,0.744995950991204,0.678588493194585,2025.26235966549,2025.32876712329,CHIKV_RUN_S46b41_2025,55.418581,-21.28615
3342,2584,REU.4.6_1,REU.2.3_1,0.0535509948188433,0.744995950991204,0.691444956172361,2025.27521612847,2025.32876712329,CHIKV_RUN_S46b61_2025,55.459891,-20.882291
4137,1606,REU.4.3_1,REU.2.3_1,0.229552565247451,0.747735677018562,0.518183111771111,2025.10195428407,2025.33150684932,CHIKV_RUN_S46b53_2025,55.489244,-20.893019
4746,1335,REU.4.8_1,REU.2.3_1,0.227446934847483,0.747735677018562,0.520288742171079,2025.10405991447,2025.33150684932,CHIKV_RUN_S46b25_2025,55.480311,-20.890322
4973,1640,REU.4.3_1,REU.2.3_1,0.224847514646593,0.747735677018562,0.522888162371968,2025.10665933467,2025.33150684932,CHIKV_RUN_S46b23_2025,55.502897,-20.901088
5554,2059,REU.4.5_1,REU.4.1_1,0.211060780659318,0.747735677018562,0.536674896359243,2025.12044606866,2025.33150684932,CHIKV_RUN_S46b35_2025,55.466392,-21.137632
6053,2331,REU.3.1_1,REU.2.5_1,0.207122946224182,0.747735677018562,0.54061273079438,2025.12438390309,2025.33150684932,CHIKV_RUN_S46b39_2025,55.63396,-20.942711
3265,2831,REU.4.8_1,REU.4.8_1,0.197076478298358,0.747735677018562,0.550659198720204,2025.13443037102,2025.33150684932,CHIKV_RUN_S46b44_2025,55.463867,-21.337096
4030,630,REU.4.8_1,REU.2.3_1,0.192003127533801,0.747735677018562,0.55573254948476,2025.13950372178,2025.33150684932,CHIKV_RUN_S46b45_2025,55.457436,-20.888307
3624,2928,REU.2.3_1,REU.2.3_1,0.157027272964379,0.747735677018562,0.590708404054183,2025.17447957635,2025.33150684932,CHIKV_RUN_S46b18_2025,55.410678,-20.886879
6205,27,REU.2.3_1,REU.2.3_1,0.146096360417312,0.747735677018562,0.60163931660125,2025.1854104889,2025.33150684932,CHIKV_RUN_S46b17_2025,55.461891,-20.899423
3341,2582,REU.4.8_1,REU.2.3_1,0.144964642553501,0.747735677018562,0.60277103446506,2025.18654220676,2025.33150684932,CHIKV_RUN_S46b30_2025,55.456567,-20.885699
3741,2431,REU.3.4_1,REU.4.6_1,0.13367045253147,0.747735677018562,0.614065224487091,2025.19783639678,2025.33150684932,CHIKV_RUN_S48b64_2025,55.408152,-21.286438
3457,2994,REU.4.6_1,REU.4.6_1,0.130419140165904,0.747735677018562,0.617316536852658,2025.20108770915,2025.33150684932,CHIKV_RUN_S48b86_2025,55.429575,-21.283692
5561,2060,REU.4.8_1,REU.4.1_1,0.130339391641524,0.747735677018562,0.617396285377038,2025.20116745767,2025.33150684932,CHIKV_RUN_S46b40_2025,55.467439,-21.133346
3652,2859,REU.2.3_1,REU.2.3_1,0.128103586167801,0.747735677018562,0.619632090850761,2025.20340326315,2025.33150684932,CHIKV_RUN_S46b57_2025,55.467671,-20.906133
3816,213,REU.4.5_1,REU.4.4_1,0.123869636083125,0.747735677018562,0.623866040935437,2025.20763721323,2025.33150684932,CHIKV_RUN_S46b65_2025,55.544666,-21.35309
5807,1952,REU.2.3_1,REU.2.3_1,0.123426334221997,0.747735677018562,0.624309342796564,2025.20808051509,2025.33150684932,CHIKV_RUN_S46b26_2025,55.43303,-20.88394
5021,88,REU.4.5_1,REU.2.3_1,0.121342531042427,0.747735677018562,0.626393145976134,2025.21016431827,2025.33150684932,CHIKV_RUN_S46b36_2025,55.44669,-20.903369
4763,117,REU.2.3_1,REU.2.3_1,0.118808947712729,0.747735677018562,0.628926729305833,2025.2126979016,2025.33150684932,CHIKV_RUN_S46b49_2025,55.471554,-20.910018
3254,2684,REU.4.8_1,REU.3.2_1,0.106808950730002,0.747735677018562,0.64092672628856,2025.22469789858,2025.33150684932,CHIKV_RUN_S46b54_2025,55.361057,-21.214202
3806,210,REU.4.5_1,REU.4.5_1,0.105555685797848,0.747735677018562,0.642179991220714,2025.22595116352,2025.33150684932,CHIKV_RUN_S46b46_2025,55.677205,-21.373066
5343,1243,REU.4.6_1,REU.4.6_1,0.0877006703327589,0.747735677018562,0.660035006685803,2025.24380617898,2025.33150684932,CHIKV_RUN_S46b71_2025,55.406057,-21.273203
4571,373,REU.2.5_1,REU.2.5_1,0.0863061858865102,0.747735677018562,0.661429491132052,2025.24520066343,2025.33150684932,CHIKV_RUN_S46b34_2025,55.606376,-20.905031
4766,133,REU.4.8_1,REU.2.3_1,0.086212310442263,0.747735677018562,0.661523366576299,2025.24529453887,2025.33150684932,CHIKV_RUN_S46b58_2025,55.470159,-20.901542
4140,922,REU.4.8_1,REU.2.3_1,0.0849651763263917,0.747735677018562,0.66277050069217,2025.24654167299,2025.33150684932,CHIKV_RUN_S46b37_2025,55.45897,-20.894212
4767,128,REU.4.8_1,REU.4.8_1,0.0795912789882934,0.747735677018562,0.668144398030268,2025.25191557033,2025.33150684932,CHIKV_RUN_S46b38_2025,55.475804,-21.327807
5403,1003,REU.2.3_1,REU.2.5_1,0.0521411449768752,0.747735677018562,0.695594532041687,2025.27936570434,2025.33150684932,CHIKV_RUN_S46b21_2025,55.629583,-20.936142
5329,1207,REU.4.4_1,REU.4.4_1,0.0344951380008736,0.747735677018561,0.713240539017688,2025.29701171131,2025.33150684932,CHIKV_RUN_S46b52_2025,55.578756,-21.33845
5249,689,REU.4.3_1,REU.2.3_1,0.246730857318508,0.750475403045919,0.503744545727411,2025.08751571802,2025.33424657534,CHIKV_RUN_S46b68_2025,55.485717,-20.895541
4646,1127,REU.4.3_1,REU.2.4_1,0.227938475586341,0.750475403045919,0.522536927459578,2025.10630809976,2025.33424657534,CHIKV_RUN_S46b59_2025,55.556227,-20.898491
6133,3047,REU.4.6_1,REU.4.6_1,0.214837356547728,0.750475403045919,0.535638046498191,2025.11940921879,2025.33424657534,CHIKV_RUN_S49b29_2025,55.418187,-21.285398
5671,2349,REU.4.6_1,REU.4.6_1,0.17210091262807,0.750475403045919,0.578374490417849,2025.16214566271,2025.33424657534,CHIKV_RUN_S46b64_2025,55.419454,-21.277604
4740,1035,REU.4.3_1,REU.4.8_1,0.160573723383826,0.750475403045919,0.589901679662093,2025.17367285196,2025.33424657534,CHIKV_RUN_S49b30_2025,55.466833,-21.284527
4294,1579,REU.4.8_1,REU.1.3_1,0.139005525553668,0.750475403045919,0.611469877492251,2025.19524104979,2025.33424657534,CHIKV_RUN_S48b66_2025,55.647533,-20.932677
3421,1924,REU.4.5_1,REU.4.5_1,0.108626845855964,0.750475403045919,0.641848557189955,2025.22561972949,2025.33424657534,CHIKV_RUN_S49b11_2025,55.657541,-21.336291
5080,814,REU.4.3_1,REU.1.1_1,0.107780608231059,0.750475403045919,0.64269479481486,2025.22646596711,2025.33424657534,CHIKV_RUN_S49b94_2025,55.678687,-20.997433
4505,581,REU.2.3_1,REU.1.4_1,0.106809424767454,0.750475403045919,0.643665978278465,2025.22743715057,2025.33424657534,CHIKV_RUN_S49b95_2025,55.700612,-21.033578
5243,866,REU.4.3_1,REU.4.2_1,0.194411718326148,0.753215129073504,0.558803410747355,2025.14257458304,2025.33698630137,CHIKV_RUN_S48b55_2025,55.478262,-21.248038
3581,2411,REU.3.4_1,REU.2.3_1,0.177951752852054,0.753215129073504,0.57526337622145,2025.15903454852,2025.33698630137,CHIKV_RUN_S46b69_2025,55.465751,-20.904131
3183,2822,REU.4.8_1,REU.2.3_1,0.167560992057713,0.753215129073504,0.58565413701579,2025.16942530931,2025.33698630137,CHIKV_RUN_S49b07_2025,55.399736,-20.908226
5368,1221,REU.4.3_1,REU.1.4_1,0.14611235755505,0.753215129073504,0.607102771518454,2025.19087394381,2025.33698630137,CHIKV_RUN_S48b74_2025,55.703498,-21.053052
4618,263,REU.2.3_1,REU.1.1_1,0.13437209186903,0.753215129073504,0.618843037204474,2025.2026142095,2025.33698630137,CHIKV_RUN_S48b61_2025,55.642996,-20.979927
3192,2210,REU.4.8_1,REU.4.6_1,0.118944826044365,0.753215129073504,0.634270303029139,2025.21804147533,2025.33698630137,CHIKV_RUN_S48b72_2025,55.402364,-21.215314
3914,1412,REU.4.3_1,REU.2.4_1,0.245564155014458,0.755954855100861,0.510390700086403,2025.09416187238,2025.3397260274,CHIKV_RUN_S48b84_2025,55.528289,-20.936442
4836,1374,REU.2.3_1,REU.1.3_1,0.232230646234331,0.755954855100861,0.52372420886653,2025.10749538116,2025.3397260274,CHIKV_RUN_S48b60_2025,55.653711,-20.964363
3738,2435,REU.3.4_1,REU.2.3_1,0.230893826298699,0.755954855100861,0.525061028802163,2025.1088322011,2025.3397260274,CHIKV_RUN_S48b79_2025,55.485524,-20.893173
5798,1874,REU.4.3_1,REU.4.3_1,0.211635252587445,0.755954855100861,0.544319602513416,2025.12809077481,2025.3397260274,CHIKV_RUN_S48b76_2025,55.539861,-21.241747
3385,1816,REU.4.8_1,REU.4.8_1,0.204882433002835,0.755954855100861,0.551072422098026,2025.13484359439,2025.3397260274,CHIKV_RUN_S48b83_2025,55.482231,-21.312792
3651,2863,REU.2.4_1,REU.3.3_1,0.197183173161016,0.755954855100861,0.558771681939845,2025.14254285424,2025.3397260274,CHIKV_RUN_S48b78_2025,55.260059,-21.115842
5580,2098,REU.4.5_1,REU.4.8_1,0.181666989846863,0.755954855100861,0.574287865253999,2025.15805903755,2025.3397260274,CHIKV_RUN_S49b21_2025,55.510941,-21.342221
4864,1158,REU.3.5_1,REU.3.1_1,0.155539009193395,0.755954855100861,0.600415845907466,2025.1841870182,2025.3397260274,CHIKV_RUN_S48b69_2025,55.39105,-21.255145
4923,633,REU.2.3_1,REU.2.3_1,0.140268694980316,0.755954855100861,0.615686160120546,2025.19945733242,2025.3397260274,CHIKV_RUN_S48b90_2025,55.478005,-20.896493
3378,3105,REU.4.5_1,REU.2.3_1,0.122887397120147,0.755954855100861,0.633067457980714,2025.21683863028,2025.3397260274,CHIKV_RUN_S48b91_2025,55.475821,-20.923253
3681,2890,REU.2.3_1,REU.1.4_1,0.119942466691355,0.755954855100861,0.636012388409506,2025.21978356071,2025.3397260274,CHIKV_RUN_S48b70_2025,55.704649,-21.05163
3421,1923,REU.4.5_1,REU.4.5_1,0.114106297910906,0.755954855100861,0.641848557189955,2025.22561972949,2025.3397260274,CHIKV_RUN_S48b89_2025,55.657541,-21.336291
3168,2809,REU.2.3_1,REU.1.4_1,0.11395753383385,0.755954855100861,0.641997321267011,2025.22576849356,2025.3397260274,CHIKV_RUN_S48b81_2025,55.739852,-21.0772
4290,1425,REU.4.5_1,REU.2.3_1,0.113440177521473,0.755954855100861,0.642514677579388,2025.22628584988,2025.3397260274,CHIKV_RUN_S49b19_2025,55.444835,-20.880299
4109,1715,REU.2.3_1,REU.1.2_1,0.101860300206066,0.755954855100861,0.654094554894795,2025.23786572719,2025.3397260274,CHIKV_RUN_S50b61_2025,55.611984,-21.140664
6025,2512,REU.4.1_1,REU.4.1_1,0.0972067873030918,0.755954855100861,0.65874806779777,2025.24251924009,2025.3397260274,CHIKV_RUN_S49b10_2025,55.480356,-21.130718
4052,1057,REU.2.4_1,REU.4.3_1,0.0596921064003565,0.755954855100861,0.696262748700505,2025.280033921,2025.3397260274,CHIKV_RUN_S49b28_2025,55.510599,-21.273324
6142,2491,REU.3.1_1,REU.4.6_1,0.042180051401737,0.755954855100861,0.713774803699124,2025.297545976,2025.3397260274,CHIKV_RUN_S48b63_2025,55.403736,-21.282235
5603,2126,REU.4.5_1,REU.4.5_1,0.234673453192366,0.758694581128219,0.524021127935853,2025.10779230023,2025.34246575342,CHIKV_RUN_S48b57_2025,55.632393,-21.331723
4820,1716,REU.4.3_1,REU.3.4_1,0.215878892858137,0.758694581128219,0.542815688270082,2025.12658686057,2025.34246575342,CHIKV_RUN_S49b20_2025,55.276741,-21.148361
4733,1420,REU.4.3_1,REU.2.4_1,0.210410257002872,0.758694581128219,0.548284324125346,2025.13205549642,2025.34246575342,CHIKV_RUN_S50b11_2025,55.577194,-20.928358
3559,2452,REU.3.4_1,REU.2.3_1,0.187300895235111,0.758694581128219,0.571393685893107,2025.15516485819,2025.34246575342,CHIKV_RUN_S49b04_2025,55.409798,-20.894944
5516,2733,REU.4.8_1,REU.4.6_1,0.14727450382097,0.758694581128219,0.611420077307249,2025.1951912496,2025.34246575342,CHIKV_RUN_S49b09_2025,55.404162,-21.276649
3305,1985,REU.2.3_1,REU.2.3_1,0.144021663537643,0.758694581128219,0.614672917590575,2025.19844408989,2025.34246575342,CHIKV_RUN_S48b62_2025,55.467935,-20.895237
3678,2857,REU.2.3_1,REU.2.3_1,0.143905170624838,0.758694581128219,0.614789410503381,2025.1985605828,2025.34246575342,CHIKV_RUN_S49b27_2025,55.489244,-20.893019
3558,2455,REU.3.4_1,REU.2.3_1,0.142149374289575,0.758694581128219,0.616545206838644,2025.20031637914,2025.34246575342,CHIKV_RUN_S49b16_2025,55.457204,-20.885385
5829,2201,REU.4.8_1,REU.2.5_1,0.135325015364526,0.758694581128219,0.623369565763692,2025.20714073806,2025.34246575342,CHIKV_RUN_S50b08_2025,55.613507,-20.908727
5422,1026,REU.2.3_1,REU.2.1_1,0.132880652627286,0.758694581128219,0.625813928500932,2025.2095851008,2025.34246575342,CHIKV_RUN_S49b18_2025,55.332299,-20.949834
4516,512,REU.4.8_1,REU.4.8_1,0.123038019194501,0.758694581128219,0.635656561933717,2025.21942773423,2025.34246575342,CHIKV_RUN_S49b77_2025,55.557789,-21.309666
5272,1338,REU.3.5_1,REU.3.5_1,0.0873081670411534,0.758694581128219,0.671386414087065,2025.25515758638,2025.34246575342,CHIKV_RUN_S50b21_2025,55.270959,-21.026086
6103,2375,REU.2.3_1,REU.2.1_1,0.074847122010612,0.758694581128219,0.683847459117607,2025.26761863141,2025.34246575342,CHIKV_RUN_S49b79_2025,55.318053,-20.957706
4559,446,REU.2.3_1,REU.3.5_1,0.0650050192870414,0.758694581128219,0.693689561841177,2025.27746073414,2025.34246575342,CHIKV_RUN_S50b15_2025,55.267825,-21.036111
3269,1893,REU.3.1_1,REU.4.5_1,0.294283450871157,0.761434307155576,0.467150856284419,2025.05092202858,2025.34520547945,CHIKV_RUN_S49b05_2025,55.632391,-21.296924
5096,789,REU.4.8_1,REU.4.6_1,0.245161301686566,0.761434307155576,0.51627300546901,2025.10004417777,2025.34520547945,CHIKV_RUN_S48b54_2025,55.433357,-21.258567
3701,2668,REU.3.1_1,REU.2.3_1,0.226587208478854,0.761434307155576,0.534847098676722,2025.11861827097,2025.34520547945,CHIKV_RUN_S48b82_2025,55.475376,-20.889346
3147,2332,REU.3.2_1,REU.3.2_1,0.219424779288068,0.761434307155576,0.542009527867508,2025.12578070016,2025.34520547945,CHIKV_RUN_S50b53_2025,55.342839,-21.224859
4876,1157,REU.4.3_1,REU.3.5_1,0.188192375174478,0.761434307155576,0.573241931981099,2025.15701310428,2025.34520547945,CHIKV_RUN_S49b24_2025,55.307677,-21.036376
3256,1861,REU.4.8_1,REU.2.3_1,0.18550879312265,0.761434307155576,0.575925514032926,2025.15969668633,2025.34520547945,CHIKV_RUN_S50b59_2025,55.485603,-20.893484
4757,146,REU.4.8_1,REU.2.4_1,0.184116479304935,0.761434307155576,0.577317827850641,2025.16108900015,2025.34520547945,CHIKV_RUN_S48b95_2025,55.519218,-20.957323
5900,2246,REU.4.8_1,REU.4.5_1,0.16228792102261,0.761434307155576,0.599146386132966,2025.18291755843,2025.34520547945,CHIKV_RUN_S50b57_2025,55.61417,-21.350315
4956,1692,REU.4.8_1,REU.3.5_1,0.158114028898842,0.761434307155576,0.603320278256734,2025.18709145055,2025.34520547945,CHIKV_RUN_S47b77_2025,55.273959,-21.10216
3678,2867,REU.2.3_1,REU.2.3_1,0.146644896652195,0.761434307155576,0.614789410503381,2025.1985605828,2025.34520547945,CHIKV_RUN_S48b77_2025,55.446709,-20.890196
4378,385,REU.4.3_1,REU.2.3_1,0.140012428010211,0.761434307155576,0.621421879145366,2025.20519305144,2025.34520547945,CHIKV_RUN_S49b06_2025,55.479358,-20.907661
3569,2471,REU.4.6_1,REU.4.6_1,0.131271139686864,0.761434307155576,0.630163167468712,2025.21393433977,2025.34520547945,CHIKV_RUN_S50b55_2025,55.401378,-21.287179
3982,1153,REU.1.3_1,REU.1.3_1,0.124031149016834,0.761434307155576,0.637403158138742,2025.22117433044,2025.34520547945,CHIKV_RUN_S49b15_2025,55.647471,-20.943439
4783,153,REU.4.8_1,REU.2.3_1,0.110124637877153,0.761434307155576,0.651309669278423,2025.23508084157,2025.34520547945,CHIKV_RUN_S48b75_2025,55.458056,-20.895514
3323,1995,REU.2.5_1,REU.1.3_1,0.0984850978711886,0.761434307155576,0.662949209284387,2025.24672038158,2025.34520547945,CHIKV_RUN_S49b26_2025,55.660734,-20.953315
4877,1442,REU.2.3_1,REU.1.5_1,0.0869093104651084,0.761434307155576,0.674524996690468,2025.25829616899,2025.34520547945,CHIKV_RUN_S50b52_2025,55.776737,-21.127743
6015,1843,REU.4.1_1,REU.2.3_1,0.0628904384533657,0.761434307155576,0.69854386870221,2025.282315041,2025.34520547945,CHIKV_RUN_S50b60_2025,55.485603,-20.893484
6063,1840,REU.4.8_1,REU.2.5_1,0.204592217536484,0.764174033182933,0.55958181564645,2025.14335298794,2025.34794520548,CHIKV_RUN_S49b03_2025,55.603885,-20.958892
5355,1201,REU.4.8_1,REU.4.8_1,0.161252954933321,0.764174033182933,0.602921078249612,2025.18669225055,2025.34794520548,CHIKV_RUN_S47b16_2025,55.474091,-21.342737
4461,540,REU.4.3_1,REU.2.3_1,0.154927150599116,0.764174033182934,0.609246882583818,2025.19301805488,2025.34794520548,CHIKV_RUN_S48b73_2025,55.485222,-20.918912
4168,289,REU.4.3_1,REU.3.5_1,0.12040787945577,0.764174033182933,0.643766153727163,2025.22753732602,2025.34794520548,CHIKV_RUN_S49b14_2025,55.343071,-20.979026
5301,1252,REU.4.4_1,REU.4.8_1,0.220309025321672,0.766913759210291,0.546604733888619,2025.13037590619,2025.35068493151,CHIKV_RUN_S47b34_2025,55.472216,-21.338658
4760,150,REU.4.8_1,REU.4.8_1,0.196355746447129,0.766913759210291,0.570558012763162,2025.15432918506,2025.35068493151,CHIKV_RUN_S46b72_2025,55.47316,-21.331994
3337,2575,REU.4.8_1,REU.2.4_1,0.180174579815764,0.766913759210291,0.586739179394527,2025.17051035169,2025.35068493151,CHIKV_RUN_S47b33_2025,55.55095,-20.898189
5742,3096,REU.3.1_1,REU.3.4_1,0.170597803503509,0.766913759210291,0.596315955706781,2025.180087128,2025.35068493151,CHIKV_RUN_S46b92_2025,55.335026,-21.222045
5101,796,REU.4.8_1,REU.4.3_1,0.143324069106356,0.766913759210291,0.623589690103934,2025.2073608624,2025.35068493151,CHIKV_RUN_S48b88_2025,55.543011,-21.25124
5904,2280,REU.4.8_1,REU.1.3_1,0.139254829648409,0.766913759210291,0.627658929561882,2025.21143010186,2025.35068493151,CHIKV_RUN_S48b67_2025,55.624718,-20.963069
5693,2146,REU.3.4_1,REU.3.2_1,0.131908180030837,0.766913759210291,0.635005579179454,2025.21877675148,2025.35068493151,CHIKV_RUN_S46b83_2025,55.352595,-21.215902
5063,642,REU.4.3_1,REU.4.8_1,0.107840005688022,0.766913759210291,0.659073753522269,2025.24284492582,2025.35068493151,CHIKV_RUN_S49b25_2025,55.476251,-21.332312
3193,1835,REU.4.3_1,REU.4.3_1,0.0730580455935751,0.766913759210291,0.693855713616716,2025.27762688591,2025.35068493151,CHIKV_RUN_S49b13_2025,55.539411,-21.238334
4595,433,REU.4.3_1,REU.4.3_1,0.0628077983927084,0.766913759210291,0.704105960817582,2025.28787713311,2025.35068493151,CHIKV_RUN_S47b29_2025,55.534709,-21.260523
6128,1895,REU.2.3_1,REU.2.4_1,0.0344827926982593,0.766913759210291,0.732430966512032,2025.31620213881,2025.35068493151,CHIKV_RUN_S50b62_2025,55.51499,-20.916225
3885,358,REU.2.3_1,REU.2.3_1,0.325321402031268,0.769653485237876,0.444332083206607,2025.0281032555,2025.35342465753,CHIKV_RUN_S47b22_2025,55.463357,-20.884354
4395,503,REU.4.3_1,REU.2.2_1,0.252432088309851,0.769653485237876,0.517221396928025,2025.10099256922,2025.35342465753,CHIKV_RUN_S48b53_2025,55.303736,-20.953125
3530,2024,REU.4.8_1,REU.4.8_1,0.197224583052398,0.769653485237876,0.572428902185478,2025.15620007448,2025.35342465753,CHIKV_RUN_S46b91_2025,55.453675,-21.299911
5539,2112,REU.4.5_1,REU.4.5_1,0.196148947269467,0.769653485237876,0.573504537968409,2025.15727571026,2025.35342465753,CHIKV_RUN_S47b15_2025,55.655034,-21.336033
4594,441,REU.4.3_1,REU.1.3_1,0.167619403686737,0.769653485237876,0.602034081551138,2025.18580525385,2025.35342465753,CHIKV_RUN_S47b20_2025,55.654465,-20.961128
5024,93,REU.3.3_1,REU.2.4_1,0.15517257595824,0.769653485237876,0.614480909279636,2025.19825208158,2025.35342465753,CHIKV_RUN_S49b02_2025,55.544449,-20.937051
5048,811,REU.4.3_1,REU.4.3_1,0.144936085525072,0.769653485237876,0.624717399712804,2025.20848857201,2025.35342465753,CHIKV_RUN_S47b11_2025,55.530898,-21.262583
5849,3069,REU.4.8_1,REU.2.3_1,0.0889494771799832,0.769653485237876,0.680704008057892,2025.26447518035,2025.35342465753,CHIKV_RUN_S48b94_2025,55.469891,-20.899035
5907,2278,REU.3.4_1,REU.3.4_1,0.0736890494311911,0.769653485237876,0.695964435806684,2025.2797356081,2025.35342465753,CHIKV_RUN_S46b80_2025,55.326002,-21.226865
5242,674,REU.4.3_1,REU.4.8_1,0.293647378751955,0.772393211265233,0.478745832513278,2025.06251700481,2025.35616438356,CHIKV_RUN_S46b73_2025,55.454721,-21.302751
4117,1090,REU.4.3_1,REU.4.3_1,0.293099981029057,0.772393211265233,0.479293230236176,2025.06306440253,2025.35616438356,CHIKV_RUN_S47b10_2025,55.518124,-21.241627
4962,1082,REU.4.8_1,REU.4.8_1,0.280101690862281,0.772393211265233,0.492291520402952,2025.0760626927,2025.35616438356,CHIKV_RUN_S47b05_2025,55.46773,-21.28387
4297,313,REU.4.4_1,REU.2.5_1,0.216268945919538,0.772393211265233,0.556124265345695,2025.13989543764,2025.35616438356,CHIKV_RUN_S46b74_2025,55.614384,-20.909928
5445,600,REU.2.3_1,REU.2.3_1,0.216113029328789,0.772393211265233,0.556280181936444,2025.14005135423,2025.35616438356,CHIKV_RUN_S47b36_2025,55.459694,-20.888721
3373,2726,REU.4.8_1,REU.1.3_1,0.199516513547333,0.772393211265233,0.5728766977179,2025.15664787001,2025.35616438356,CHIKV_RUN_S46b81_2025,55.668995,-20.967702
5542,2049,REU.4.5_1,REU.4.7_1,0.197454055568707,0.772393211265233,0.574939155696526,2025.15871032799,2025.35616438356,CHIKV_RUN_S46b95_2025,55.769749,-21.361922
4409,393,REU.2.3_1,REU.2.5_1,0.152867519639731,0.772393211265233,0.619525691625502,2025.20329686392,2025.35616438356,CHIKV_RUN_S47b31_2025,55.604424,-20.903172
4169,1313,REU.4.3_1,REU.2.3_1,0.147917957365202,0.772393211265233,0.624475253900031,2025.2082464262,2025.35616438356,CHIKV_RUN_S46b90_2025,55.446522,-20.881455
5006,1430,REU.2.3_1,REU.2.3_1,0.110268502112357,0.772393211265233,0.662124709152876,2025.24589588145,2025.35616438356,CHIKV_RUN_S47b35_2025,55.458913,-20.880306
3136,3109,REU.2.3_1,REU.2.3_1,0.0737418664363961,0.772393211265233,0.698651344828837,2025.28242251713,2025.35616438356,CHIKV_RUN_S47b30_2025,55.443947,-20.878838
6128,1894,REU.2.3_1,REU.1.4_1,0.0399622447532014,0.772393211265233,0.732430966512032,2025.31620213881,2025.35616438356,CHIKV_RUN_S47b23_2025,55.720041,-21.04402
3447,2936,REU.3.4_1,REU.1.4_1,0.311005310590501,0.77513293729259,0.46412762670209,2025.047898799,2025.35890410959,CHIKV_RUN_S52b36_2025,55.685876,-21.050445
3809,221,REU.4.5_1,REU.4.8_1,0.308951532097387,0.77513293729259,0.466181405195203,2025.04995257749,2025.35890410959,CHIKV_RUN_S47b64_2025,55.474303,-21.332315
4672,1119,REU.3.5_1,REU.2.3_1,0.273007936223331,0.77513293729259,0.50212500106926,2025.08589617337,2025.35890410959,CHIKV_RUN_S47b28_2025,55.457535,-20.921192
4175,895,REU.2.3_1,REU.1.3_1,0.265101235008828,0.77513293729259,0.510031702283762,2025.09380287458,2025.35890410959,CHIKV_RUN_S52b18_2025,55.667219,-20.944035
5304,1231,REU.4.4_1,REU.4.4_1,0.256415516008311,0.77513293729259,0.518717421284279,2025.10248859358,2025.35890410959,CHIKV_RUN_S47b27_2025,55.562062,-21.35078
3882,337,REU.2.3_1,REU.2.3_1,0.231108300112962,0.77513293729259,0.544024637179628,2025.12779580948,2025.35890410959,CHIKV_RUN_S52b50_2025,55.440639,-20.91336
3267,2341,REU.4.8_1,REU.2.2_1,0.229026504089807,0.77513293729259,0.546106433202783,2025.1298776055,2025.35890410959,CHIKV_RUN_S52b47_2025,55.295425,-20.941715
6151,3059,REU.4.3_1,REU.4.2_1,0.227657334300407,0.77513293729259,0.547475602992184,2025.13124677529,2025.35890410959,CHIKV_RUN_S52b35_2025,55.474517,-21.249044
3204,2500,REU.3.1_1,REU.1.6_1,0.215091867385867,0.77513293729259,0.560041069906724,2025.1438122422,2025.35890410959,CHIKV_RUN_S47b62_2025,55.506252,-21.027748
3474,2983,REU.3.4_1,REU.2.5_1,0.211776265490919,0.77513293729259,0.563356671801671,2025.1471278441,2025.35890410959,CHIKV_RUN_S52b46_2025,55.59501,-20.91233
3238,1793,REU.4.8_1,REU.4.3_1,0.210471217416293,0.77513293729259,0.564661719876297,2025.14843289217,2025.35890410959,CHIKV_RUN_S47b12_2025,55.50598,-21.242793
3285,2330,REU.4.3_1,REU.4.8_1,0.198877010263027,0.77513293729259,0.576255927029564,2025.16002709933,2025.35890410959,CHIKV_RUN_S46b86_2025,55.51635,-21.339097
3673,2862,REU.2.3_1,REU.2.4_1,0.19039417649023,0.77513293729259,0.58473876080236,2025.1685099331,2025.35890410959,CHIKV_RUN_S52b26_2025,55.543385,-20.942383
5392,1017,REU.2.3_1,REU.1.1_1,0.187587897283609,0.77513293729259,0.587545040008982,2025.17131621231,2025.35890410959,CHIKV_RUN_S47b63_2025,55.690945,-21.001511
5449,1381,REU.2.3_1,REU.1.1_1,0.180533206048775,0.77513293729259,0.594599731243816,2025.17837090354,2025.35890410959,CHIKV_RUN_S47b67_2025,55.654374,-21.006785
3693,2649,REU.1.4_1,REU.3.5_1,0.176859119646259,0.77513293729259,0.598273817646331,2025.18204498994,2025.35890410959,CHIKV_RUN_S52b52_2025,55.257114,-21.107114
3807,215,REU.4.5_1,REU.1.4_1,0.176630807788844,0.77513293729259,0.598502129503746,2025.1822733018,2025.35890410959,CHIKV_RUN_S47b66_2025,55.714139,-21.042258
4031,1291,REU.4.8_1,REU.4.3_1,0.164806482295677,0.77513293729259,0.610326454996914,2025.19409762729,2025.35890410959,CHIKV_RUN_S52b44_2025,55.525973,-21.237487
3686,2883,REU.2.4_1,REU.2.4_1,0.162222047409056,0.77513293729259,0.612910889883534,2025.19668206218,2025.35890410959,CHIKV_RUN_S47b37_2025,55.533877,-20.948495
5238,692,REU.4.3_1,REU.4.3_1,0.161352569463595,0.77513293729259,0.613780367828995,2025.19755154013,2025.35890410959,CHIKV_RUN_S47b13_2025,55.517356,-21.286397
5789,2084,REU.4.8_1,REU.3.4_1,0.149924764415266,0.77513293729259,0.625208172877324,2025.20897934517,2025.35890410959,CHIKV_RUN_S52b56_2025,55.278367,-21.145209
4851,1376,REU.2.4_1,REU.2.4_1,0.122254722516198,0.77513293729259,0.652878214776392,2025.23664938707,2025.35890410959,CHIKV_RUN_S47b38_2025,55.545779,-20.930942
3367,1931,REU.4.8_1,REU.4.6_1,0.0993763176216266,0.77513293729259,0.675756619670964,2025.25952779197,2025.35890410959,CHIKV_RUN_S47b26_2025,55.402986,-21.208086
4141,305,REU.4.8_1,REU.4.5_1,0.0912565375565894,0.77513293729259,0.683876399736001,2025.26764757203,2025.35890410959,CHIKV_RUN_S52b51_2025,55.622714,-21.368541
4966,1069,REU.2.2_1,REU.2.2_1,0.0618738502884566,0.77513293729259,0.713259087004134,2025.2970302593,2025.35890410959,CHIKV_RUN_S52b45_2025,55.303339,-20.937709
5182,771,REU.4.6_1,REU.4.8_1,0.294756497816357,0.777872663319948,0.483116165503591,2025.0668873378,2025.36164383562,CHIKV_RUN_S47b54_2025,55.463099,-21.290283
5152,779,REU.4.3_1,REU.1.4_1,0.247067560721673,0.777872663319948,0.530805102598275,2025.11457627489,2025.36164383562,CHIKV_RUN_S47b65_2025,55.738166,-21.090335
5738,2204,REU.3.1_1,REU.3.3_1,0.21511501541079,0.777872663319948,0.562757647909158,2025.14652882021,2025.36164383562,CHIKV_RUN_S47b40_2025,55.299717,-21.102325
3152,1900,REU.3.4_1,REU.4.8_1,0.214453682156854,0.777872663319948,0.563418981163094,2025.14719015346,2025.36164383562,CHIKV_RUN_S52b19_2025,55.456644,-21.296338
6112,2303,REU.3.1_1,REU.4.2_1,0.212680627028751,0.777872663319948,0.565192036291197,2025.14896320859,2025.36164383562,CHIKV_RUN_S52b31_2025,55.470239,-21.246889
4114,617,REU.4.3_1,REU.2.3_1,0.203271082943044,0.777872663319948,0.574601580376903,2025.15837275267,2025.36164383562,CHIKV_RUN_S46b89_2025,55.490213,-20.899952
3939,1479,REU.4.3_1,REU.4.6_1,0.192034376249539,0.777872663319948,0.585838287070409,2025.16960945937,2025.36164383562,CHIKV_RUN_S47b53_2025,55.407108,-21.271001
3191,2337,REU.4.8_1,REU.3.5_1,0.184952440687766,0.777872663319948,0.592920222632182,2025.17669139493,2025.36164383562,CHIKV_RUN_S47b01_2025,55.283562,-21.029574
3682,2898,REU.2.3_1,REU.2.4_1,0.173925317816839,0.777872663319948,0.603947345503109,2025.1877185178,2025.36164383562,CHIKV_RUN_S47b47_2025,55.526551,-20.921139
4043,1742,REU.4.8_1,REU.1.3_1,0.172590817197405,0.777872663319948,0.605281846122542,2025.18905301842,2025.36164383562,CHIKV_RUN_S47b39_2025,55.632622,-20.982068
5121,739,REU.4.8_1,REU.4.8_1,0.162453674679842,0.777872663319948,0.615418988640106,2025.19919016094,2025.36164383562,CHIKV_RUN_S47b42_2025,55.508249,-21.292707
3653,2896,REU.2.3_1,REU.2.3_1,0.157914747032195,0.777872663319948,0.619957916287753,2025.20372908858,2025.36164383562,CHIKV_RUN_S47b25_2025,55.499711,-20.900307
4094,1621,REU.3.5_1,REU.2.3_1,0.150281423073583,0.777872663319948,0.627591240246365,2025.21136241254,2025.36164383562,CHIKV_RUN_S46b94_2025,55.47374,-20.909245
3495,2958,REU.4.5_1,REU.4.5_1,0.10641410691465,0.777872663319948,0.671458556405298,2025.2552297287,2025.36164383562,CHIKV_RUN_S47b07_2025,55.610269,-21.333414
5322,1175,REU.4.5_1,REU.1.1_1,0.106102647533719,0.777872663319948,0.671770015786229,2025.25554118808,2025.36164383562,CHIKV_RUN_S48b10_2025,55.643544,-20.979662
5698,1940,REU.4.8_1,REU.1.4_1,0.0992841701253626,0.777872663319948,0.678588493194585,2025.26235966549,2025.36164383562,CHIKV_RUN_S48b12_2025,55.720073,-21.080948
4072,1453,REU.4.3_1,REU.4.8_1,0.276201625711236,0.780612389347305,0.504410763636069,2025.08818193593,2025.36438356164,CHIKV_RUN_S47b55_2025,55.433389,-21.287845
4814,1548,REU.2.3_1,REU.2.3_1,0.266294399707764,0.780612389347305,0.514317989639541,2025.09808916194,2025.36438356164,CHIKV_RUN_S46b79_2025,55.500998,-20.907777
4221,1424,REU.4.3_1,REU.1.4_1,0.227481140728715,0.780612389347305,0.55313124861859,2025.13690242092,2025.36438356164,CHIKV_RUN_S48b26_2025,55.744322,-21.08959
3779,202,REU.4.5_1,REU.2.3_1,0.226641499236615,0.780612389347305,0.553970890110691,2025.13774206241,2025.36438356164,CHIKV_RUN_S47b41_2025,55.459188,-20.883245
4731,1553,REU.4.8_1,REU.1.4_1,0.187144390512091,0.780612389347305,0.593467998835215,2025.17723917113,2025.36438356164,CHIKV_RUN_S48b11_2025,55.721519,-21.118339
4189,1645,REU.4.3_1,REU.3.5_1,0.18119724862525,0.780612389347305,0.599415140722055,2025.18318631302,2025.36438356164,CHIKV_RUN_S52b25_2025,55.282331,-21.032172
4251,1493,REU.4.3_1,REU.4.6_1,0.180328580630352,0.780612389347305,0.600283808716953,2025.18405498101,2025.36438356164,CHIKV_RUN_S47b44_2025,55.406605,-21.202573
5399,996,REU.2.3_1,REU.2.3_1,0.129850849568947,0.780612389347305,0.650761539778358,2025.23453271207,2025.36438356164,CHIKV_RUN_S47b51_2025,55.486874,-20.916265
5651,1796,REU.4.8_1,REU.4.1_1,0.095051797481695,0.780612389347305,0.68556059186561,2025.26933176416,2025.36438356164,CHIKV_RUN_S47b50_2025,55.479222,-21.133967
3970,1152,REU.1.1_1,REU.1.1_1,0.0571671940086879,0.780612389347305,0.723445195338617,2025.30721636763,2025.36438356164,CHIKV_RUN_S48b09_2025,55.640548,-20.98183
3635,2908,REU.2.3_1,REU.2.4_1,0.165233741566429,0.783352115374663,0.618118373808233,2025.2018895461,2025.36712328767,CHIKV_RUN_S47b45_2025,55.570605,-20.902969
5208,842,REU.4.3_1,REU.4.4_1,0.13904852337391,0.783352115374663,0.644303592000752,2025.2280747643,2025.36712328767,CHIKV_RUN_S48b25_2025,55.560499,-21.346699
4451,563,REU.4.8_1,REU.4.3_1,0.117867856598659,0.783352115374663,0.665484258776004,2025.24925543107,2025.36712328767,CHIKV_RUN_S47b43_2025,55.514792,-21.279418
4716,1045,REU.2.3_1,REU.2.3_1,0.266921626225506,0.786091841402247,0.519170215176742,2025.10294138747,2025.3698630137,CHIKV_RUN_S47b61_2025,55.480087,-20.913939
3712,2646,REU.3.1_1,REU.4.6_1,0.227780052319543,0.786091841402247,0.558311789082704,2025.14208296138,2025.3698630137,CHIKV_RUN_S48b46_2025,55.438414,-21.28331
5916,2249,REU.4.3_1,REU.2.3_1,0.224931001946875,0.786091841402247,0.561160839455372,2025.14493201175,2025.3698630137,CHIKV_RUN_S48b33_2025,55.481397,-20.898042
5660,3010,REU.4.8_1,REU.1.3_1,0.219971255890938,0.786091841402247,0.566120585511309,2025.14989175781,2025.3698630137,CHIKV_RUN_S48b42_2025,55.647471,-20.943439
4347,876,REU.4.8_1,REU.2.4_1,0.21803335876051,0.786091841402247,0.568058482641737,2025.15182965494,2025.3698630137,CHIKV_RUN_S47b60_2025,55.527055,-20.898568
4757,151,REU.4.8_1,REU.2.2_1,0.208774013551606,0.786091841402247,0.577317827850641,2025.16108900015,2025.3698630137,CHIKV_RUN_S49b75_2025,55.295457,-20.937496
3450,2990,REU.3.4_1,REU.2.3_1,0.208083007393415,0.786091841402247,0.578008834008832,2025.16178000631,2025.3698630137,CHIKV_RUN_S48b40_2025,55.476207,-20.889687
6068,2215,REU.3.2_1,REU.2.3_1,0.19508898209712,0.786091841402247,0.591002859305127,2025.1747740316,2025.3698630137,CHIKV_RUN_S48b39_2025,55.48753,-20.916189
5789,2083,REU.4.8_1,REU.4.8_1,0.160883668524923,0.786091841402247,0.625208172877324,2025.20897934517,2025.3698630137,CHIKV_RUN_S48b37_2025,55.528773,-21.361784
4358,315,REU.4.8_1,REU.3.5_1,0.156637951807195,0.786091841402247,0.629453889595052,2025.21322506189,2025.3698630137,CHIKV_RUN_S48b41_2025,55.284344,-21.027984
3132,2694,REU.3.4_1,REU.3.4_1,0.154588138624815,0.786091841402247,0.631503702777433,2025.21527487507,2025.3698630137,CHIKV_RUN_S49b76_2025,55.326576,-21.166496
3212,1937,REU.4.8_1,REU.3.5_1,0.148761895178214,0.786091841402247,0.637329946224033,2025.22110111852,2025.3698630137,CHIKV_RUN_S50b06_2025,55.30303,-21.044177
3708,2659,REU.4.8_1,REU.2.2_1,0.118226341263524,0.786091841402247,0.667865500138724,2025.25163667244,2025.3698630137,CHIKV_RUN_S50b18_2025,55.308364,-20.934647
5362,1191,REU.4.8_1,REU.4.8_1,0.0500867980958615,0.786091841402247,0.736005043306386,2025.3197762156,2025.3698630137,CHIKV_RUN_S48b35_2025,55.478056,-21.339525
5073,819,REU.2.3_1,REU.2.3_1,0.238766683416574,0.788831567429605,0.55006488401303,2025.13383605631,2025.37260273973,CHIKV_RUN_S48b43_2025,55.484194,-20.895845
5268,100,REU.3.5_1,REU.1.4_1,0.235673855858254,0.788831567429605,0.55315771157135,2025.13692888387,2025.37260273973,CHIKV_RUN_S49b92_2025,55.745242,-21.083996
4564,462,REU.4.8_1,REU.4.3_1,0.17881153522336,0.788831567429605,0.610020032206245,2025.1937912045,2025.37260273973,CHIKV_RUN_S48b38_2025,55.513249,-21.278521
5704,2022,REU.4.3_1,REU.4.8_1,0.157844067594848,0.788831567429605,0.630987499834756,2025.21475867213,2025.37260273973,CHIKV_RUN_S48b30_2025,55.469273,-21.285393
3468,2988,REU.3.4_1,REU.3.4_1,0.101696599220228,0.788831567429605,0.687134968209377,2025.27090614051,2025.37260273973,CHIKV_RUN_S48b36_2025,55.327673,-21.176501
3496,2954,REU.4.5_1,REU.2.3_1,0.100054628986921,0.788831567429605,0.688776938442684,2025.27254811074,2025.37260273973,CHIKV_RUN_S41b06_2025,55.399225,-20.917746
3514,2949,REU.3.4_1,REU.2.3_1,0.274742874445347,0.791571293456962,0.516828419011615,2025.10059959131,2025.37534246575,CHIKV_RUN_S48b27_2025,55.458323,-20.882487
4457,553,REU.4.3_1,REU.4.3_1,0.249556593172477,0.791571293456962,0.542014700284485,2025.12578587258,2025.37534246575,CHIKV_RUN_S48b18_2025,55.534597,-21.269296
5688,2727,REU.4.3_1,REU.1.3_1,0.217396733145709,0.791571293456962,0.574174560311253,2025.15794573261,2025.37534246575,CHIKV_RUN_S48b29_2025,55.647702,-20.962536
6116,2306,REU.4.8_1,REU.2.5_1,0.21625360098938,0.791571293456962,0.575317692467582,2025.15908886476,2025.37534246575,CHIKV_RUN_S48b20_2025,55.583002,-20.936276
4002,960,REU.2.3_1,REU.4.6_1,0.208522681958935,0.791571293456962,0.583048611498027,2025.16681978379,2025.37534246575,CHIKV_RUN_S48b17_2025,55.427837,-21.251552
3136,3110,REU.2.3_1,REU.1.4_1,0.0929199486281252,0.791571293456962,0.698651344828837,2025.28242251713,2025.37534246575,CHIKV_RUN_S49b93_2025,55.734761,-21.094209
5638,1883,REU.3.1_1,REU.1.3_1,0.383073684418673,0.79431101948432,0.411237335065646,2024.99500850736,2025.37808219178,CHIKV_RUN_S52b34_2025,55.644021,-20.963012
5952,2612,REU.3.1_1,REU.4.4_1,0.299880477108449,0.79431101948432,0.49443054237587,2025.07820171467,2025.37808219178,CHIKV_RUN_S48b05_2025,55.5613,-21.34565
3220,2776,REU.4.3_1,REU.3.5_1,0.26841952174742,0.79431101948432,0.525891497736899,2025.10966267003,2025.37808219178,CHIKV_RUN_S50b01_2025,55.31066,-21.052333
3588,2466,REU.3.4_1,REU.1.4_1,0.254761310512202,0.794311019484319,0.539549708972117,2025.12332088127,2025.37808219178,CHIKV_RUN_S49b87_2025,55.747032,-21.088069
3276,1971,REU.3.1_1,REU.3.4_1,0.244479549262959,0.79431101948432,0.549831470221361,2025.13360264252,2025.37808219178,CHIKV_RUN_S52b30_2025,55.329649,-21.200971
3608,2902,REU.2.3_1,REU.2.4_1,0.217646596943991,0.79431101948432,0.576664422540329,2025.16043559484,2025.37808219178,CHIKV_RUN_S52b37_2025,55.53645,-20.950015
3538,2768,REU.2.2_1,REU.2.2_1,0.190498785629928,0.79431101948432,0.603812233854392,2025.18758340615,2025.37808219178,CHIKV_RUN_S52b41_2025,55.29596,-20.938744
5618,2085,REU.4.8_1,REU.4.3_1,0.189064270389761,0.79431101948432,0.605246749094558,2025.18901792139,2025.37808219178,CHIKV_RUN_S48b22_2025,55.528908,-21.255459
3926,1398,REU.4.3_1,REU.3.5_1,0.187831001030561,0.79431101948432,0.606480018453758,2025.19025119075,2025.37808219178,CHIKV_RUN_S49b82_2025,55.309647,-21.077068
3633,2906,REU.2.3_1,REU.3.5_1,0.185703330338555,0.79431101948432,0.608607689145765,2025.19237886144,2025.37808219178,CHIKV_RUN_S48b13_2025,55.307555,-21.067372
3931,1597,REU.2.3_1,REU.4.8_1,0.18567848283284,0.79431101948432,0.608632536651479,2025.19240370895,2025.37808219178,CHIKV_RUN_S52b42_2025,55.500196,-21.276363
4616,1747,REU.3.5_1,REU.4.1_1,0.151571059045615,0.79431101948432,0.642739960438704,2025.22651113274,2025.37808219178,CHIKV_RUN_S48b23_2025,55.46974,-21.139651
5146,845,REU.4.4_1,REU.1.1_1,0.130650750579113,0.79431101948432,0.663660268905206,2025.2474314412,2025.37808219178,CHIKV_RUN_S49b90_2025,55.690736,-21.000927
4595,431,REU.4.3_1,REU.4.5_1,0.0902050586667371,0.79431101948432,0.704105960817582,2025.28787713311,2025.37808219178,CHIKV_RUN_S52b29_2025,55.625387,-21.372977
4215,314,REU.4.3_1,REU.4.4_1,0.29953718363812,0.797050745511677,0.497513561873557,2025.08128473417,2025.38082191781,CHIKV_RUN_S52b38_2025,55.566076,-21.367788
5319,1173,REU.4.4_1,REU.1.1_1,0.242246802745127,0.797050745511677,0.55480394276655,2025.13857511506,2025.38082191781,CHIKV_RUN_S52b40_2025,55.694196,-20.999109
5601,2130,REU.4.5_1,REU.4.5_1,0.228444619353833,0.797050745511677,0.568606126157844,2025.15237729845,2025.38082191781,CHIKV_RUN_S48b03_2025,55.63063,-21.350217
5074,826,REU.2.3_1,REU.4.3_1,0.219167253265925,0.797050745511677,0.577883492245752,2025.16165466454,2025.38082191781,CHIKV_RUN_S49b34_2025,55.52532,-21.245804
5011,69,REU.4.8_1,REU.3.5_1,0.212271094195544,0.797050745511677,0.584779651316133,2025.16855082361,2025.38082191781,CHIKV_RUN_S52b33_2025,55.293737,-21.072393
4345,878,REU.4.8_1,REU.4.3_1,0.210471418000231,0.797050745511677,0.586579327511445,2025.17035049981,2025.38082191781,CHIKV_RUN_S48b14_2025,55.558252,-21.220444
6040,3058,REU.3.2_1,REU.3.2_1,0.20703584882535,0.797050745511677,0.590014896686327,2025.17378606898,2025.38082191781,CHIKV_RUN_S48b04_2025,55.346993,-21.247794
4398,491,REU.4.3_1,REU.1.2_1,0.201875610279297,0.797050745511677,0.59517513523238,2025.17894630753,2025.38082191781,CHIKV_RUN_S49b88_2025,55.619488,-21.138177
5356,1193,REU.4.8_1,REU.4.8_1,0.192177493192709,0.797050745511677,0.604873252318968,2025.18864442462,2025.38082191781,CHIKV_RUN_S52b39_2025,55.461478,-21.339447
4294,597,REU.4.8_1,REU.1.5_1,0.185580868019425,0.797050745511677,0.611469877492251,2025.19524104979,2025.38082191781,CHIKV_RUN_S49b86_2025,55.792678,-21.127829
5541,2105,REU.4.5_1,REU.3.5_1,0.182260301045826,0.797050745511677,0.614790444465851,2025.19856161676,2025.38082191781,CHIKV_RUN_S50b12_2025,55.274209,-21.082443
4923,1033,REU.2.3_1,REU.1.5_1,0.181364585391131,0.797050745511677,0.615686160120546,2025.19945733242,2025.38082191781,CHIKV_RUN_S49b85_2025,55.802298,-21.131387
4941,1615,REU.4.3_1,REU.1.4_1,0.152897985340011,0.797050745511677,0.644152760171666,2025.22792393247,2025.38082191781,CHIKV_RUN_S49b91_2025,55.720678,-21.044949
6000,2495,REU.4.6_1,REU.4.6_1,0.151455804580143,0.797050745511677,0.645594940931534,2025.22936611323,2025.38082191781,CHIKV_RUN_S49b31_2025,55.43084,-21.276654
3922,1404,REU.3.5_1,REU.3.5_1,0.148606177839957,0.797050745511677,0.64844456767172,2025.23221573997,2025.38082191781,CHIKV_RUN_S50b09_2025,55.284238,-21.053788
5062,862,REU.2.3_1,REU.1.6_1,0.14026626058353,0.797050745511677,0.656784484928147,2025.24055565722,2025.38082191781,CHIKV_RUN_S49b89_2025,55.530264,-21.035182
3229,2786,REU.4.8_1,REU.2.1_1,0.110424150985457,0.797050745511677,0.68662659452622,2025.27039776682,2025.38082191781,CHIKV_RUN_S49b84_2025,55.318626,-20.96267
3496,2948,REU.4.5_1,REU.4.6_1,0.108273807068993,0.797050745511677,0.688776938442684,2025.27254811074,2025.38082191781,CHIKV_RUN_S49b40_2025,55.397826,-21.292583
5744,3073,REU.4.3_1,REU.3.5_1,0.0854447727637497,0.797050745511677,0.711605972747927,2025.29537714504,2025.38082191781,CHIKV_RUN_S50b14_2025,55.30736,-21.065368
3970,1151,REU.1.1_1,REU.1.1_1,0.0736055501730596,0.797050745511677,0.723445195338617,2025.30721636763,2025.38082191781,CHIKV_RUN_S49b83_2025,55.64213,-20.982587
3310,1976,REU.2.5_1,REU.2.3_1,0.206567291643018,0.799790471539262,0.593223179896243,2025.17699435219,2025.38356164384,CHIKV_RUN_S49b32_2025,55.487122,-20.911792
5291,1216,REU.4.8_1,REU.4.7_1,0.206383059417351,0.799790471539262,0.59340741212191,2025.17717858442,2025.38356164384,CHIKV_RUN_S49b46_2025,55.788637,-21.352903
5975,3036,REU.4.3_1,REU.4.3_1,0.191518301559028,0.799790471539262,0.608272169980233,2025.19204334228,2025.38356164384,CHIKV_RUN_S49b36_2025,55.500752,-21.239421
4252,1537,REU.4.3_1,REU.4.5_1,0.19012483399938,0.799790471539262,0.609665637539881,2025.19343680984,2025.38356164384,CHIKV_RUN_S49b38_2025,55.658044,-21.357004
4074,1450,REU.4.8_1,REU.2.2_1,0.152868649805175,0.799790471539262,0.646921821734087,2025.23069299403,2025.38356164384,CHIKV_RUN_S49b81_2025,55.292477,-20.94354
6110,2296,REU.3.1_1,REU.4.6_1,0.196059374588721,0.802530197566619,0.606470822977898,2025.19024199527,2025.38630136986,CHIKV_RUN_S49b47_2025,55.410629,-21.206406
3631,2913,REU.2.3_1,REU.2.3_1,0.180791002235911,0.802530197566619,0.621739195330708,2025.20551036763,2025.38630136986,CHIKV_RUN_S49b49_2025,55.458913,-20.880306
4777,1123,REU.3.5_1,REU.2.3_1,0.165959537797804,0.802530197566619,0.636570659768815,2025.22034183207,2025.38630136986,CHIKV_RUN_S49b43_2025,55.416913,-20.897763
5651,1794,REU.4.8_1,REU.2.2_1,0.116969605701009,0.802530197566619,0.68556059186561,2025.26933176416,2025.38630136986,CHIKV_RUN_S49b80_2025,55.287605,-20.942448
6161,2316,REU.4.3_1,REU.4.3_1,0.0899981036601886,0.802530197566619,0.71253209390643,2025.2963032662,2025.38630136986,CHIKV_RUN_S49b45_2025,55.524611,-21.235575
4648,1117,REU.4.3_1,REU.2.4_1,0.236492606803158,0.808009649621334,0.571517042818176,2025.15528821511,2025.39178082192,CHIKV_RUN_S49b54_2025,55.546058,-20.898264
3977,1135,REU.2.3_1,REU.1.3_1,0.188476967539019,0.808009649621334,0.619532682082314,2025.20330385438,2025.39178082192,CHIKV_RUN_S49b58_2025,55.622499,-20.952803
3132,2693,REU.3.4_1,REU.3.4_1,0.176505946843901,0.808009649621334,0.631503702777433,2025.21527487507,2025.39178082192,CHIKV_RUN_S50b49_2025,55.325581,-21.15502
4926,298,REU.4.3_1,REU.4.3_1,0.25538156267671,0.810749375648691,0.555367812971981,2025.13913898527,2025.39452054795,CHIKV_RUN_S49b53_2025,55.518578,-21.28155
3785,236,REU.4.5_1,REU.1.5_1,0.234673024062422,0.810749375648691,0.57607635158627,2025.15984752388,2025.39452054795,CHIKV_RUN_S50b17_2025,55.82185,-21.157829
4198,1646,REU.4.3_1,REU.1.1_1,0.227492722246686,0.810749375648691,0.583256653402005,2025.1670278257,2025.39452054795,CHIKV_RUN_S50b19_2025,55.687116,-21.002327
5323,1176,REU.4.8_1,REU.1.1_1,0.21306553977341,0.810749375648691,0.597683835875282,2025.18145500817,2025.39452054795,CHIKV_RUN_S49b73_2025,55.643351,-20.978925
4276,1511,REU.3.5_1,REU.2.2_1,0.154179251410381,0.810749375648691,0.65657012423831,2025.24034129653,2025.39452054795,CHIKV_RUN_S50b54_2025,55.314825,-20.959487
5839,1806,REU.4.6_1,REU.4.6_1,0.319204509333514,0.813489101676049,0.494284592342535,2025.07805576464,2025.39726027397,CHIKV_RUN_S49b70_2025,55.418761,-21.285063
4871,277,REU.4.3_1,REU.1.5_1,0.296097096985678,0.813489101676049,0.517392004690371,2025.10116317699,2025.39726027397,CHIKV_RUN_S49b74_2025,55.766447,-21.125331
3584,2462,REU.3.4_1,REU.4.1_1,0.267455000265388,0.813489101676049,0.546034101410661,2025.12980527371,2025.39726027397,CHIKV_RUN_S49b63_2025,55.471215,-21.137154
6160,2318,REU.3.1_1,REU.4.8_1,0.260845846740566,0.813489101676048,0.552643254935483,2025.13641442723,2025.39726027397,CHIKV_RUN_S49b64_2025,55.46001,-21.300896
5713,1868,REU.3.1_1,REU.4.3_1,0.249455542578173,0.813489101676049,0.564033559097876,2025.14780473139,2025.39726027397,CHIKV_RUN_S49b65_2025,55.539287,-21.256112
4915,1565,REU.3.5_1,REU.4.8_1,0.185858959989599,0.813489101676049,0.62763014168645,2025.21140131398,2025.39726027397,CHIKV_RUN_S49b71_2025,55.472488,-21.333883
4016,942,REU.2.3_1,REU.2.3_1,0.121427366818557,0.813489101676049,0.692061734857492,2025.27583290715,2025.39726027397,CHIKV_RUN_S49b61_2025,55.459403,-20.8827
4016,943,REU.2.3_1,REU.2.3_1,0.121427366818557,0.813489101676049,0.692061734857492,2025.27583290715,2025.39726027397,CHIKV_RUN_S49b59_2025,55.457295,-20.885927
5058,825,REU.2.3_1,REU.2.3_1,0.267254457237201,0.816228827703633,0.548974370466432,2025.13274554276,2025.4,CHIKV_RUN_S49b62_2025,55.476964,-20.906636
6055,2504,REU.3.4_1,REU.3.5_1,0.227874549352151,0.816228827703633,0.588354278351482,2025.17212545065,2025.4,CHIKV_RUN_S50b87_2025,55.312584,-21.044144
5746,1922,REU.3.1_1,REU.3.5_1,0.166546672385774,0.816228827703633,0.64968215531786,2025.23345332761,2025.4,CHIKV_RUN_S52b28_2025,55.304019,-21.061157
4405,458,REU.4.3_1,REU.2.5_1,0.220914059817478,0.818968553730991,0.598054493913513,2025.18182566621,2025.40273972603,CHIKV_RUN_S49b69_2025,55.639905,-20.938812
4772,138,REU.3.5_1,REU.2.3_1,0.201274070639705,0.818968553730991,0.617694483091286,2025.20146565539,2025.40273972603,CHIKV_RUN_S50b07_2025,55.462846,-20.901711
5964,3034,REU.3.4_1,REU.3.4_1,0.2746735184057,0.821708279758348,0.547034761352648,2025.13080593365,2025.40547945205,CHIKV_RUN_S50b24_2025,55.335026,-21.222045
3441,2681,REU.3.1_1,REU.2.4_1,0.262296109475397,0.821708279758348,0.559412170282951,2025.14318334258,2025.40547945205,CHIKV_RUN_S50b22_2025,55.5589,-20.899424
3926,1407,REU.4.3_1,REU.2.3_1,0.21522826130459,0.821708279758348,0.606480018453758,2025.19025119075,2025.40547945205,CHIKV_RUN_S50b32_2025,55.485036,-20.893624
5396,1018,REU.2.3_1,REU.2.4_1,0.18471166774208,0.821708279758348,0.636996612016268,2025.22076778431,2025.40547945205,CHIKV_RUN_S50b23_2025,55.569605,-20.907787
5314,1181,REU.4.8_1,REU.4.8_1,0.168057090334333,0.821708279758348,0.653651189424015,2025.23742236172,2025.40547945205,CHIKV_RUN_S50b26_2025,55.473769,-21.339783
3758,181,REU.4.8_1,REU.2.3_1,0.166350773022529,0.821708279758348,0.655357506735819,2025.23912867903,2025.40547945205,CHIKV_RUN_S50b02_2025,55.482141,-20.886785
5579,2071,REU.4.8_1,REU.4.6_1,0.146751616826522,0.821708279758348,0.674956662931826,2025.25872783523,2025.40547945205,CHIKV_RUN_S50b28_2025,55.390862,-21.238667
3859,1668,REU.4.3_1,REU.4.8_1,0.253915557644563,0.824448005785706,0.570532448141142,2025.15430362044,2025.40821917808,CHIKV_RUN_S50b31_2025,55.456711,-21.306219
5009,91,REU.2.3_1,REU.2.4_1,0.190669944365685,0.824448005785705,0.633778061420021,2025.21754923372,2025.40821917808,CHIKV_RUN_S50b13_2025,55.532041,-20.938463
3513,2955,REU.3.4_1,REU.1.4_1,0.309892788712077,0.82992745784042,0.520034669128343,2025.10380584142,2025.41369863014,CHIKV_RUN_S50b88_2025,55.740408,-21.108704
4045,1743,REU.4.8_1,REU.1.4_1,0.146583081833974,0.832667183868005,0.686084102034031,2025.26985527433,2025.41643835616,CHIKV_RUN_S50b92_2025,55.712927,-21.048536
5968,3035,REU.4.3_1,REU.1.6_1,0.328815909685496,0.835406909895362,0.506591000209866,2025.09036217251,2025.41917808219,CHIKV_RUN_S50b95_2025,55.505737,-21.029322
4704,1044,REU.2.3_1,REU.1.3_1,0.276201856683561,0.835406909895362,0.559205053211802,2025.14297622551,2025.41917808219,CHIKV_RUN_S52b55_2025,55.652404,-20.963707
3624,2929,REU.2.3_1,REU.3.5_1,0.24469850584118,0.835406909895362,0.590708404054183,2025.17447957635,2025.41917808219,CHIKV_RUN_S50b36_2025,55.312983,-21.039052
3674,2870,REU.4.8_1,REU.1.4_1,0.169020340961612,0.835406909895362,0.66638656893375,2025.25015774123,2025.41917808219,CHIKV_RUN_S50b91_2025,55.704526,-21.068496
5738,3086,REU.3.1_1,REU.3.2_1,0.275388988013562,0.83814663592272,0.562757647909158,2025.14652882021,2025.42191780822,CHIKV_RUN_S50b35_2025,55.354855,-21.211461
4086,1627,REU.3.5_1,REU.1.6_1,0.202283174441233,0.83814663592272,0.635863461481487,2025.21963463378,2025.42191780822,CHIKV_RUN_S50b94_2025,55.532838,-21.028124
3430,2224,REU.3.1_1,REU.4.8_1,0.190735602672314,0.83814663592272,0.647411033250406,2025.23118220555,2025.42191780822,CHIKV_RUN_S50b33_2025,55.480629,-21.346253
4434,425,REU.2.3_1,REU.1.4_1,0.16709610708146,0.83814663592272,0.67105052884126,2025.25482170114,2025.42191780822,CHIKV_RUN_S50b93_2025,55.743861,-21.090455
3784,204,REU.4.5_1,REU.2.3_1,0.276405873866049,0.840886361950077,0.564480488084028,2025.14825166038,2025.42465753425,CHIKV_RUN_S50b37_2025,55.463037,-20.897941
5888,2253,REU.2.5_1,REU.2.3_1,0.196505943077029,0.840886361950077,0.644380418873048,2025.22815159117,2025.42465753425,CHIKV_RUN_S50b40_2025,55.456959,-20.881232
4496,576,REU.2.3_1,REU.1.3_1,0.150109286384017,0.840886361950077,0.69077707556606,2025.27454824786,2025.42465753425,CHIKV_RUN_S50b34_2025,55.667219,-20.944035
4368,1096,REU.4.3_1,REU.4.1_1,0.252397707555133,0.843626087977435,0.591228380422302,2025.17499955272,2025.42739726027,CHIKV_RUN_S50b71_2025,55.477603,-21.13326
4680,1470,REU.4.8_1,REU.3.5_1,0.201364366580989,0.843626087977435,0.642261721396446,2025.22603289369,2025.42739726027,CHIKV_RUN_S50b86_2025,55.299916,-20.976778
4714,1055,REU.2.3_1,REU.3.5_1,0.167662014527454,0.843626087977435,0.675964073449981,2025.25973524575,2025.42739726027,CHIKV_RUN_S50b89_2025,55.328243,-21.00007
3669,2875,REU.2.3_1,REU.2.3_1,0.135285662995142,0.843626087977435,0.708340424982293,2025.29211159728,2025.42739726027,CHIKV_RUN_S50b68_2025,55.461919,-20.894404
5409,1015,REU.2.3_1,REU.2.3_1,0.283730673582484,0.846365814005019,0.562635140422535,2025.14640631272,2025.4301369863,CHIKV_RUN_S52b82_2025,55.443586,-20.898292
3476,2996,REU.3.4_1,REU.2.3_1,0.198069993032786,0.849105540032377,0.651035546999591,2025.2348067193,2025.43287671233,CHIKV_RUN_S50b64_2025,55.48244,-20.91848
4116,103,REU.4.8_1,REU.3.5_1,0.364132285358907,0.851845266059734,0.487712980700828,2025.071484153,2025.43561643836,CHIKV_RUN_S50b84_2025,55.299916,-20.976778
5828,2202,REU.4.8_1,REU.2.3_1,0.246543493645504,0.851845266059734,0.60530177241423,2025.18907294471,2025.43561643836,CHIKV_RUN_S50b85_2025,55.445517,-20.877895
5435,980,REU.2.3_1,REU.1.4_1,0.211812623317798,0.851845266059734,0.640032642741936,2025.22380381504,2025.43561643836,CHIKV_RUN_S50b67_2025,55.697135,-21.034256
3468,2977,REU.3.4_1,REU.2.2_1,0.164710297850357,0.851845266059734,0.687134968209377,2025.27090614051,2025.43561643836,CHIKV_RUN_S52b88_2025,55.300268,-20.950214
5164,736,REU.4.8_1,REU.2.4_1,0.317813679483922,0.854584992087092,0.53677131260317,2025.1205424849,2025.43835616438,CHIKV_RUN_S50b70_2025,55.541941,-20.93172
4862,1316,REU.3.5_1,REU.2.4_1,0.317733274489649,0.854584992087092,0.536851717597443,2025.12062288989,2025.43835616438,CHIKV_RUN_S52b86_2025,55.529016,-20.92049
4612,1324,REU.2.3_1,REU.2.1_1,0.310350266593243,0.854584992087091,0.544234725493849,2025.12800589779,2025.43835616438,CHIKV_RUN_S53b18_2025,55.360185,-20.942008
3895,336,REU.2.3_1,REU.2.3_1,0.300580024475423,0.854584992087092,0.554004967611669,2025.13777613991,2025.43835616438,CHIKV_RUN_S52b89_2025,55.490787,-20.89794
4327,1032,REU.3.5_1,REU.3.5_1,0.297764922584194,0.854584992087092,0.556820069502898,2025.1405912418,2025.43835616438,CHIKV_RUN_S52b85_2025,55.294828,-21.083649
5831,1930,REU.4.8_1,REU.4.8_1,0.290198857656125,0.854584992087092,0.564386134430967,2025.14815730673,2025.43835616438,CHIKV_RUN_S52b87_2025,55.486715,-21.342842
5848,2312,REU.4.8_1,REU.3.5_1,0.263892135520653,0.854584992087092,0.590692856566439,2025.17446402886,2025.43835616438,CHIKV_RUN_S52b84_2025,55.331197,-21.044703
4700,1038,REU.4.5_1,REU.1.3_1,0.2426624032231,0.854584992087091,0.611922588863991,2025.19569376116,2025.43835616438,CHIKV_RUN_S53b19_2025,55.673705,-20.951418
5485,2568,REU.4.3_1,REU.1.2_1,0.233282317054086,0.854584992087092,0.621302675033006,2025.20507384733,2025.43835616438,CHIKV_RUN_S53b64_2025,55.642669,-21.122755
5977,3023,REU.4.8_1,REU.2.2_1,0.209762926252656,0.854584992087092,0.644822065834436,2025.22859323813,2025.43835616438,CHIKV_RUN_S52b83_2025,55.294525,-20.9386
5694,2678,REU.2.3_1,REU.4.8_1,0.167053834467377,0.854584992087092,0.687531157619715,2025.27130232992,2025.43835616438,CHIKV_RUN_S50b72_2025,55.455381,-21.297715
3165,2808,REU.4.8_1,REU.1.4_1,0.334877197225938,0.857324718114449,0.522447520888511,2025.10621869318,2025.44109589041,CHIKV_RUN_S52b57_2025,55.73921,-21.088822
4877,1643,REU.2.3_1,REU.1.4_1,0.182799721423981,0.857324718114449,0.674524996690468,2025.25829616899,2025.44109589041,CHIKV_RUN_S52b49_2025,55.702635,-21.053707
4966,1728,REU.2.2_1,REU.3.5_1,0.144065631110315,0.857324718114449,0.713259087004134,2025.2970302593,2025.44109589041,CHIKV_RUN_S50b74_2025,55.278733,-21.005674
3793,227,REU.3.1_1,REU.1.3_1,0.268067467572105,0.860064444141806,0.591996976569701,2025.17576814887,2025.44383561644,CHIKV_RUN_S52b21_2025,55.665572,-20.956543
3262,1848,REU.3.1_1,REU.3.3_1,0.262561057961137,0.860064444141806,0.597503386180669,2025.18127455848,2025.44383561644,CHIKV_RUN_S50b73_2025,55.301243,-21.122749
5516,3067,REU.4.8_1,REU.1.4_1,0.248644366834558,0.860064444141806,0.611420077307249,2025.1951912496,2025.44383561644,CHIKV_RUN_S52b17_2025,55.713829,-21.051072
5731,2233,REU.2.2_1,REU.2.2_1,0.148317036367145,0.860064444141807,0.711747407774661,2025.29551858007,2025.44383561644,CHIKV_RUN_S52b76_2025,55.304974,-20.946815
5731,2234,REU.2.2_1,REU.2.2_1,0.148317036367145,0.860064444141807,0.711747407774661,2025.29551858007,2025.44383561644,CHIKV_RUN_S52b77_2025,55.304974,-20.946815
5868,2385,REU.4.3_1,REU.4.3_1,0.474817789354475,0.862804170169391,0.387986380814916,2024.97175755311,2025.44657534247,CHIKV_RUN_S53b16_2025,55.513796,-21.261606
4692,1484,REU.3.5_1,REU.2.2_1,0.350159565782716,0.862804170169391,0.512644604386675,2025.09641577668,2025.44657534247,CHIKV_RUN_S54b29_2025,55.28886,-20.947653
5207,841,REU.4.3_1,REU.4.3_1,0.333825260906231,0.862804170169391,0.52897890926316,2025.11275008156,2025.44657534247,CHIKV_RUN_S53b22_2025,55.518798,-21.278363
6115,2299,REU.3.1_1,REU.4.8_1,0.320166847712616,0.862804170169391,0.542637322456775,2025.12640849475,2025.44657534247,CHIKV_RUN_S52b74_2025,55.476546,-21.336671
5461,2847,REU.4.3_1,REU.4.3_1,0.306167139896694,0.862804170169391,0.556637030272698,2025.14040820257,2025.44657534247,CHIKV_RUN_S52b66_2025,55.513218,-21.261521
5521,2231,REU.3.1_1,REU.2.3_1,0.292860288321356,0.862804170169391,0.569943881848035,2025.15371505414,2025.44657534247,CHIKV_RUN_S53b17_2025,55.44305,-20.8988
3897,328,REU.2.3_1,REU.2.2_1,0.252608943306176,0.862804170169391,0.610195226863215,2025.19396639916,2025.44657534247,CHIKV_RUN_S52b81_2025,55.304974,-20.946815
3317,1989,REU.2.5_1,REU.2.3_1,0.227592209446817,0.862804170169391,0.635211960722574,2025.21898313302,2025.44657534247,CHIKV_RUN_S53b21_2025,55.464094,-20.912149
5223,654,REU.4.5_1,REU.3.1_1,0.28882961041046,0.865543896196749,0.576714285786288,2025.16048545808,2025.44931506849,CHIKV_RUN_S53b11_2025,55.362398,-21.254601
3852,1660,REU.4.3_1,REU.4.8_1,0.288262719737546,0.865543896196749,0.577281176459202,2025.16105234876,2025.44931506849,CHIKV_RUN_S53b67_2025,55.470875,-21.306395
6137,2673,REU.3.1_1,REU.4.6_1,0.286936326598146,0.865543896196749,0.578607569598603,2025.1623787419,2025.44931506849,CHIKV_RUN_S52b60_2025,55.443343,-21.280298
5507,1890,REU.4.8_1,REU.3.4_1,0.221913317544539,0.865543896196749,0.64363057865221,2025.22740175095,2025.44931506849,CHIKV_RUN_S53b05_2025,55.296659,-21.215211
5066,817,REU.4.3_1,REU.1.4_1,0.415631793223797,0.871023348251463,0.455391555027666,2025.03916272732,2025.45479452055,CHIKV_RUN_S52b32_2025,55.703276,-21.072697
4804,250,REU.4.3_1,REU.3.5_1,0.36165470417809,0.871023348251463,0.509368644073374,2025.09313981637,2025.45479452055,CHIKV_RUN_S53b04_2025,55.284665,-20.984473
3147,1963,REU.3.2_1,REU.2.3_1,0.329013820383956,0.871023348251463,0.542009527867508,2025.12578070016,2025.45479452055,CHIKV_RUN_S53b24_2025,55.444853,-20.894799
4596,435,REU.4.8_1,REU.4.6_1,0.32597430510018,0.871023348251463,0.545049043151283,2025.12882021545,2025.45479452055,CHIKV_RUN_S53b63_2025,55.433699,-21.259772
4707,2266,REU.4.8_1,REU.2.2_1,0.325274856756011,0.871023348251463,0.545748491495453,2025.12951966379,2025.45479452055,CHIKV_RUN_S52b78_2025,55.297483,-20.94245
4657,1111,REU.4.3_1,REU.4.8_1,0.312798560163447,0.871023348251463,0.558224788088016,2025.14199596038,2025.45479452055,CHIKV_RUN_S53b09_2025,55.545844,-21.309253
6153,2685,REU.4.3_1,REU.2.1_1,0.311557215140823,0.871023348251463,0.55946613311064,2025.14323730541,2025.45479452055,CHIKV_RUN_S52b90_2025,55.338999,-20.951218
4764,139,REU.4.8_1,REU.3.4_1,0.286294885337126,0.871023348251463,0.584728462914338,2025.16849963521,2025.45479452055,CHIKV_RUN_S52b92_2025,55.307758,-21.136957
5760,2508,REU.3.4_1,REU.2.3_1,0.283332344373966,0.871023348251463,0.587691003877498,2025.17146217617,2025.45479452055,CHIKV_RUN_S53b10_2025,55.497815,-20.924368
3532,3044,REU.4.8_1,REU.2.2_1,0.271615738822705,0.871023348251463,0.599407609428758,2025.18317878173,2025.45479452055,CHIKV_RUN_S52b69_2025,55.305912,-20.938496
5728,2236,REU.3.5_1,REU.2.2_1,0.265707579360363,0.871023348251463,0.6053157688911,2025.18908694119,2025.45479452055,CHIKV_RUN_S52b79_2025,55.304974,-20.946815
5219,865,REU.4.3_1,REU.4.1_1,0.26462612633922,0.871023348251463,0.606397221912244,2025.19016839421,2025.45479452055,CHIKV_RUN_S53b69_2025,55.466952,-21.147761
5948,2597,REU.4.3_1,REU.4.8_1,0.259709863483219,0.871023348251463,0.611313484768244,2025.19508465706,2025.45479452055,CHIKV_RUN_S52b59_2025,55.45088,-21.298006
3457,2995,REU.4.6_1,REU.4.6_1,0.253706811398805,0.871023348251463,0.617316536852658,2025.20108770915,2025.45479452055,CHIKV_RUN_S53b65_2025,55.433699,-21.259772
3264,2804,REU.1.4_1,REU.3.5_1,0.247302411842104,0.871023348251463,0.62372093640936,2025.20749210871,2025.45479452055,CHIKV_RUN_S52b67_2025,55.325435,-20.978911
4799,116,REU.2.3_1,REU.1.3_1,0.21652732279941,0.871023348251463,0.654496025452053,2025.23826719775,2025.45479452055,CHIKV_RUN_S53b12_2025,55.673595,-20.951936
4110,1710,REU.2.3_1,REU.4.6_1,0.199012531069752,0.871023348251463,0.672010817181712,2025.25578198948,2025.45479452055,CHIKV_RUN_S52b65_2025,55.4064,-21.202185
4045,1740,REU.4.8_1,REU.3.5_1,0.184939246217432,0.871023348251463,0.686084102034031,2025.26985527433,2025.45479452055,CHIKV_RUN_S52b80_2025,55.286441,-20.982459
3188,2497,REU.4.8_1,REU.4.6_1,0.393226931928814,0.873763074278821,0.480536142350007,2025.06430731465,2025.45753424658,CHIKV_RUN_S53b07_2025,55.434474,-21.27351
3270,2343,REU.3.1_1,REU.3.1_1,0.359085556792467,0.873763074278821,0.514677517486353,2025.09844868978,2025.45753424658,CHIKV_RUN_S52b72_2025,55.375287,-21.257008
5519,3012,REU.3.1_1,REU.2.3_1,0.35779319424454,0.873763074278821,0.515969880034281,2025.09974105233,2025.45753424658,CHIKV_RUN_S53b02_2025,55.510912,-20.919807
4366,1094,REU.4.3_1,REU.4.6_1,0.300774159626658,0.873763074278821,0.572988914652163,2025.15676008695,2025.45753424658,CHIKV_RUN_S52b94_2025,55.450271,-21.278875
4446,569,REU.4.3_1,REU.4.8_1,0.299059127586354,0.873763074278821,0.574703946692467,2025.15847511899,2025.45753424658,CHIKV_RUN_S52b91_2025,55.558465,-21.309273
3371,2032,REU.4.3_1,REU.3.1_1,0.295111371038947,0.873763074278821,0.578651703239874,2025.16242287554,2025.45753424658,CHIKV_RUN_S53b70_2025,55.367615,-21.228519
4040,1385,REU.1.4_1,REU.1.4_1,0.29406407882714,0.873763074278821,0.579698995451681,2025.16347016775,2025.45753424658,CHIKV_RUN_S54b31_2025,55.727447,-21.114257
3595,2442,REU.4.8_1,REU.3.3_1,0.284831114300848,0.873763074278821,0.588931959977972,2025.17270313227,2025.45753424658,CHIKV_RUN_S53b71_2025,55.304623,-21.115611
5039,641,REU.4.3_1,REU.4.5_1,0.283482098487769,0.873763074278821,0.590280975791052,2025.17405214809,2025.45753424658,CHIKV_RUN_S53b13_2025,55.632465,-21.373177
4200,609,REU.4.3_1,REU.2.3_1,0.283428321700222,0.873763074278821,0.590334752578599,2025.17410592487,2025.45753424658,CHIKV_RUN_S52b75_2025,55.411435,-20.912094
5764,1966,REU.2.3_1,REU.2.1_1,0.275650795941877,0.873763074278821,0.598112278336944,2025.18188345063,2025.45753424658,CHIKV_RUN_S53b06_2025,55.389341,-20.985753
4867,1132,REU.4.3_1,REU.3.5_1,0.458459533185829,0.876502800306178,0.418043267120349,2025.00181443942,2025.4602739726,CHIKV_RUN_S53b23_2025,55.324997,-20.992186
6130,3106,REU.3.1_1,REU.3.4_1,0.436331768188705,0.876502800306178,0.440171032117473,2025.02394220441,2025.4602739726,CHIKV_RUN_S53b15_2025,55.303331,-21.196947
4890,297,REU.4.3_1,REU.3.5_1,0.353245372681322,0.876502800306178,0.523257427624856,2025.10702859992,2025.4602739726,CHIKV_RUN_S53b26_2025,55.32315,-21.009505
3753,177,REU.4.8_1,REU.1.1_1,0.328494472954493,0.876502800306178,0.548008327351685,2025.13177949965,2025.4602739726,CHIKV_RUN_S52b93_2025,55.689891,-20.973409
4297,1736,REU.4.4_1,REU.4.8_1,0.320378534960483,0.876502800306178,0.556124265345695,2025.13989543764,2025.4602739726,CHIKV_RUN_S52b62_2025,55.48438,-21.290362
5689,2309,REU.4.3_1,REU.3.5_1,0.305824315138927,0.876502800306178,0.570678485167251,2025.15444965746,2025.4602739726,CHIKV_RUN_S52b95_2025,55.27272,-21.007811
5018,67,REU.2.1_1,REU.2.1_1,0.281212689463656,0.876502800306178,0.595290110842523,2025.17906128314,2025.4602739726,CHIKV_RUN_S53b08_2025,55.340959,-20.954251
3356,1842,REU.3.5_1,REU.4.6_1,0.255247277862018,0.876502800306178,0.62125552244416,2025.20502669474,2025.4602739726,CHIKV_RUN_S53b66_2025,55.434496,-21.245111
5113,741,REU.4.5_1,REU.2.3_1,0.209514855255646,0.876502800306178,0.666987945050532,2025.25075911735,2025.4602739726,CHIKV_RUN_S53b14_2025,55.485603,-20.893484
4742,1468,REU.2.3_1,REU.2.3_1,0.176569312226419,0.876502800306178,0.699933488079759,2025.28370466038,2025.4602739726,CHIKV_RUN_S53b03_2025,55.457941,-20.886181
4338,1588,REU.4.8_1,REU.4.6_1,0.338972434198257,0.879242526333763,0.540270092135506,2025.12404126443,2025.46301369863,CHIKV_RUN_S53b68_2025,55.433699,-21.259772
4007,972,REU.3.5_1,REU.2.3_1,0.323217756575957,0.879242526333763,0.556024769757806,2025.13979594205,2025.46301369863,CHIKV_RUN_S52b64_2025,55.495601,-20.899736
4958,1694,REU.4.8_1,REU.4.5_1,0.342533429359102,0.884721978388478,0.542188549029376,2025.12595972133,2025.46849315068,CHIKV_RUN_S53b20_2025,55.615647,-21.372166
4826,1730,REU.4.8_1,REU.2.1_1,0.323143799872131,0.890201430443192,0.567057630571062,2025.15082880287,2025.47397260274,CHIKV_RUN_S52b58_2025,55.356121,-20.932601
5496,2369,REU.4.3_1,REU.4.3_1,0.340616425235003,0.892941156470777,0.552324731235774,2025.13609590353,2025.47671232877,CHIKV_RUN_S52b68_2025,55.510699,-21.264852
3975,1146,REU.2.3_1,REU.3.4_1,0.30073236618519,0.892941156470777,0.592208790285587,2025.17597996258,2025.47671232877,CHIKV_RUN_S53b34_2025,55.310615,-21.219586
4848,1373,REU.2.4_1,REU.2.4_1,0.267143469123204,0.892941156470777,0.625797687347573,2025.20956885964,2025.47671232877,CHIKV_RUN_S53b33_2025,55.554335,-20.898786
6142,2226,REU.3.1_1,REU.3.4_1,0.179166352771653,0.892941156470777,0.713774803699124,2025.297545976,2025.47671232877,CHIKV_RUN_S53b32_2025,55.288421,-21.184104
4489,558,REU.4.3_1,REU.4.3_1,0.308605085717803,0.898420608525492,0.589815522807689,2025.1735866951,2025.48219178082,CHIKV_RUN_S53b25_2025,55.528093,-21.266688
5600,2129,REU.4.5_1,REU.2.4_1,0.273375695070675,0.898420608525492,0.625044913454817,2025.20881608575,2025.48219178082,CHIKV_RUN_S53b36_2025,55.54609,-20.895585
3558,2454,REU.3.4_1,REU.4.3_1,0.284615127714206,0.901160334552849,0.616545206838644,2025.20031637914,2025.48493150685,CHIKV_RUN_S53b29_2025,55.527546,-21.236426
3816,216,REU.4.5_1,REU.2.3_1,0.277294293617413,0.901160334552849,0.623866040935437,2025.20763721323,2025.48493150685,CHIKV_RUN_S53b39_2025,55.395366,-20.907296
3294,1802,REU.3.4_1,REU.3.2_1,0.36735765230253,0.903900060580207,0.536542408277677,2025.12031358057,2025.48767123288,CHIKV_RUN_S52b71_2025,55.345057,-21.217678
4411,370,REU.4.3_1,REU.4.3_1,0.392341902010358,0.909379512635149,0.517037610624791,2025.10080878292,2025.49315068493,CHIKV_RUN_S54b37_2025,55.519635,-21.284749
3235,2721,REU.3.1_1,REU.2.3_1,0.389106672801494,0.909379512635149,0.520272839833655,2025.10404401213,2025.49315068493,CHIKV_RUN_S54b34_2025,55.500579,-20.907042
4186,605,REU.4.3_1,REU.4.6_1,0.349208882880893,0.909379512635149,0.560170629754256,2025.14394180205,2025.49315068493,CHIKV_RUN_S54b39_2025,55.432855,-21.25574
6101,1916,REU.4.8_1,REU.1.5_1,0.314139978866441,0.909379512635149,0.595239533768708,2025.17901070607,2025.49315068493,CHIKV_RUN_S52b73_2025,55.792295,-21.130409
5934,2598,REU.2.3_1,REU.1.3_1,0.293769752488527,0.909379512635149,0.615609760146622,2025.19938093244,2025.49315068493,CHIKV_RUN_S54b36_2025,55.647533,-20.932677
5805,1954,REU.2.3_1,REU.2.3_1,0.372666508763216,0.912119238662506,0.53945272989929,2025.1232239022,2025.49589041096,CHIKV_RUN_S54b40_2025,55.457211,-20.889417
6037,2538,REU.3.1_1,REU.1.4_1,0.40417531635304,0.917598690717221,0.513423374364181,2025.09719454666,2025.50136986301,CHIKV_RUN_S54b35_2025,55.7161,-21.111304
6078,2394,REU.3.1_1,REU.3.5_1,0.360228009754517,0.917598690717221,0.557370680962705,2025.14114185326,2025.50136986301,CHIKV_RUN_S54b42_2025,55.230438,-21.027807
5449,928,REU.2.3_1,REU.2.3_1,0.322998959473405,0.917598690717221,0.594599731243816,2025.17837090354,2025.50136986301,CHIKV_RUN_S54b41_2025,55.437121,-20.923859
4050,1283,REU.4.8_1,REU.3.5_1,0.308043447739797,0.917598690717221,0.609555242977424,2025.19332641527,2025.50136986301,CHIKV_RUN_S54b38_2025,55.328107,-20.97611
3442,2770,REU.4.3_1,REU.1.4_1,0.257728794274093,0.934037046881593,0.6763082526075,2025.2600794249,2025.51780821918,CHIKV_RUN_S54b43_2025,55.683352,-21.051656
3888,344,REU.2.2_1,REU.2.1_1,0.318498128709712,0.961434307155622,0.642936178445909,2025.22670735074,2025.54520547945,CHIKV_RUN_S54b44_2025,55.325934,-20.963165
5894,2245,REU.4.6_1,REU.3.5_1,0.404398206727807,0.972393211265278,0.567995004537472,2025.15176617683,2025.55616438356,CHIKV_RUN_S54b47_2025,55.301159,-21.03638
3572,2457,REU.3.5_1,REU.4.4_1,0.352205963490829,0.972393211265278,0.62018724777445,2025.20395842007,2025.55616438356,CHIKV_RUN_S54b46_2025,55.566737,-21.368159
6188,61,REU.3.1_1,REU.4.8_1,0.521501988005521,1.01074937564874,0.489247387643215,2025.07301855994,2025.59452054795,CHIKV_RUN_S54b48_2025,55.526603,-21.356887
